% Model,Patient_2_Saccular(4).mph
% Version,COMSOL 6.4.0.429
% Date,"Aug 16 2026, 16:15"
% Dimension,3
% Nodes,6800
% Expressions,3
% Description,"Apparent_Viscosity, Carreau_Shear_Stress_Proxy, TAWSS_Carreau"
% Length unit,m
% x,y,z,spf.mu_app (Pa*s) @ t=0,spf.mu_app*spf.sr (Pa) @ t=0,timeavg(0[s];1[s];spf.mu_app*spf.sr) (Pa) @ t=0
-0.02648337696935911,-0.21277404193220295,-0.20848476960376514,0.055999999999999286,3.4932536789591966E-9,0.5243584554914181
-0.02598931470859654,-0.21390664273683782,-0.20846596113118285,0.055999999999999266,3.5298044277767656E-9,0.5340049201287989
-0.025421195317829937,-0.21256700957894226,-0.2089594171650402,0.05599999999999874,4.6166447649172976E-9,0.5979016015708255
-0.02639051387472577,-0.21118768653156997,-0.2086751793806291,0.055999999999998974,4.173822885994824E-9,0.5643820920488262
-0.024852648042199988,-0.21131887864100002,-0.209354638055,0.055999999999998114,5.650389094021486E-9,0.6583514322948414
-0.027394504982061155,-0.21232119009333694,-0.20813632391680326,0.05599999999999945,3.064980318144603E-9,0.47934430926086546
-0.028126175976385188,-0.21113220882532188,-0.2078419612735107,0.0559999999999995,2.8805370916540425E-9,0.4665029966598999
-0.027231736591690852,-0.21377338858858894,-0.20799093929929496,0.055999999999999515,2.841855582617929E-9,0.4865321097437496
-0.026564691382758243,-0.2153461600505074,-0.20788038457283203,0.05599999999999953,2.8317931574190056E-9,0.4883644278156687
-0.028265007715528707,-0.21508052071382516,-0.20726292546295585,0.05599999999999972,2.2051708102303775E-9,0.4368193812641746
-0.027146678427942005,-0.21690173750167197,-0.20719470191265482,0.05599999999999971,2.2354033187860023E-9,0.4380275279826151
-0.028858657720006602,-0.21285845036215825,-0.20738372494542587,0.0559999999999997,2.307233068849288E-9,0.43732523431057624
-0.029786361674549913,-0.2147151144041859,-0.20664329990547106,0.055999999999999814,1.78141409963234E-9,0.4107697755881259
-0.0294984736674741,-0.21895703703145847,-0.20556856544595856,0.055999999999999876,1.4678700119494596E-9,0.3756418199124037
-0.028331507844214197,-0.22047350150841993,-0.2054351024680544,0.05599999999999987,1.495564517709492E-9,0.35794242922814207
-0.027738597613451738,-0.21860727814511874,-0.2063872050895348,0.055999999999999814,1.8341733066406908E-9,0.3986405369948628
-0.030220259157622928,-0.22081453114313246,-0.2045438167805244,0.05599999999999989,1.3259085387338615E-9,0.3439159642004552
-0.02886789172699998,-0.22235293953899998,-0.20439260229299994,0.05599999999999989,1.3616677758522254E-9,0.3243136884105443
-0.03101496740204548,-0.2221527184936784,-0.20361674502623833,0.05599999999999992,1.1978874700409421E-9,0.3089883178532115
-0.031168240243675788,-0.21931572837511631,-0.20469465589215458,0.055999999999999904,1.3110668388421784E-9,0.3650126186393017
-0.02951176763016493,-0.2166216762734951,-0.20631213750228353,0.05599999999999983,1.7148092323887037E-9,0.40766833848689643
-0.03008284996817291,-0.21112833164127037,-0.2068368910367707,0.05599999999999975,2.067894293487803E-9,0.43062429825620746
-0.03225360839848948,-0.22043960865612608,-0.2037557434827602,0.05599999999999993,1.1309822820311068E-9,0.32845271335069964
-0.03313079171926032,-0.2222096508327029,-0.20258620329087296,0.05599999999999993,1.0706793095499363E-9,0.288363642433477
-0.030959948717170966,-0.21768472398331445,-0.2053303236712889,0.0559999999999999,1.3691834187594238E-9,0.3902664448193559
-0.036750530363001924,-0.22090515270563998,-0.201086561317223,0.055999999999999946,9.603897243803453E-10,0.2606131202274153
-0.03530370860215277,-0.22242954978979387,-0.20131943647116443,0.055999999999999946,9.905773140744077E-10,0.2557709043253755
-0.03227372292267639,-0.21115328804934536,-0.2056319485826849,0.055999999999999876,1.512066745057984E-9,0.4145241746674582
-0.030997556356501737,-0.21329696247359026,-0.20624752396103016,0.055999999999999835,1.6943220928605219E-9,0.4257019860212506
-0.03329391550516283,-0.21323689067748938,-0.20498076630934287,0.05599999999999992,1.2649160201167086E-9,0.41439260932748373
-0.03323544696379466,-0.2179645580117197,-0.204091711133326,0.055999999999999925,1.143086771702671E-9,0.36422679956444287
-0.03451823915405416,-0.22039140581117445,-0.2025876135470126,0.05599999999999994,1.0312714726914478E-9,0.30029478559850836
-0.031822772096548296,-0.21561981777030634,-0.20543313264567228,0.05599999999999989,1.3832863883068123E-9,0.41661252751291505
-0.034580124237993594,-0.21556211236039335,-0.2039102460396565,0.05599999999999993,1.0961520661342282E-9,0.3804367420719908
-0.03565423279568736,-0.21337033525754026,-0.20354308125610543,0.05599999999999993,1.0585382289618022E-9,0.3859454975140389
-0.03457212854008304,-0.21116821935832206,-0.2042700910550252,0.05599999999999992,1.1571001437201758E-9,0.3910061919809313
-0.03634231861959362,-0.21813024958046096,-0.20225541623555873,0.055999999999999946,9.817636501541239E-10,0.31412549864462375
-0.03892104905938731,-0.21676459952932767,-0.20087832034023378,0.055999999999999946,9.147440119197469E-10,0.2817420607443637
-0.03692117658408759,-0.21111315384885015,-0.2027442830499151,0.055999999999999946,9.957140116832862E-10,0.35884217484057107
-0.03927824294964131,-0.2141182326348193,-0.2009970310861365,0.055999999999999946,9.107977412144405E-10,0.2944367316100254
-0.03925548122921327,-0.2109119889253588,-0.20103480791284326,0.055999999999999946,9.121307670890887E-10,0.3155926602028964
-0.03718230912286199,-0.21530242095355842,-0.2023307389404125,0.055999999999999946,9.686712443499462E-10,0.34014612729489047
-0.037600851505042686,-0.21310864986208805,-0.20227159764434494,0.05599999999999995,9.57297112599529E-10,0.3320551209613464
-0.025373924891374387,-0.20983675205529206,-0.20910905835877958,0.055999999999998475,5.093296465002009E-9,0.6445785025579552
-0.027156803552389478,-0.20962880978380694,-0.20822562298556344,0.05599999999999916,3.767959347566594E-9,0.5381090106628101
-0.02588338830900575,-0.20829957793270848,-0.20861178529629726,0.05599999999999863,4.812501190698265E-9,0.644915256098531
-0.02906813927477285,-0.20929556861555615,-0.20720903017865727,0.05599999999999959,2.6883747881752854E-9,0.45390371184682404
-0.027433641399795598,-0.20794473959209356,-0.20775924525772788,0.05599999999999922,3.6368800608873777E-9,0.5557306599250665
-0.02860839913703986,-0.20764410407202127,-0.20708181595283365,0.05599999999999944,3.0856900686150507E-9,0.4856380807649589
-0.029946984998908157,-0.20731690023182453,-0.20629072616264243,0.05599999999999962,2.506104452472631E-9,0.44341488787127314
-0.029481131029262066,-0.20545857142463136,-0.20583350176715215,0.05599999999999954,2.8122900601396404E-9,0.4652914681498416
-0.028130911618939762,-0.20626272199812645,-0.20684816605065368,0.055999999999999335,3.3429203474107013E-9,0.5362937909394967
-0.026341047661522118,-0.20664230941506398,-0.2078787881758345,0.05599999999999878,4.5323584287201325E-9,0.6567305198979961
-0.03073896404365726,-0.20595309747736415,-0.20539906773920225,0.05599999999999971,2.2042779459723128E-9,0.4202899123024661
-0.03040614889466657,-0.20476251645784377,-0.20504997412532971,0.05599999999999965,2.453060381796638E-9,0.44780237644934917
-0.031608040608329946,-0.2049562598492694,-0.20452828988933458,0.055999999999999765,2.004744303417686E-9,0.41244957718086284
-0.03185066821880598,-0.20622878722052784,-0.204912046654528,0.05599999999999981,1.872285845082852E-9,0.403258060601989
-0.03139788139344227,-0.20702053363652917,-0.20542389611980816,0.05599999999999976,2.032544668312313E-9,0.40649332932793836
-0.03150996751677091,-0.20881887208464966,-0.2058106386378415,0.055999999999999814,1.866482575326076E-9,0.41121142274699446
-0.03066912687190796,-0.20374478590114453,-0.20440668898368963,0.05599999999999964,2.475429397632935E-9,0.4535541150474581
-0.031843329888520656,-0.20357918935160899,-0.20374502215051019,0.055999999999999765,1.986377864046292E-9,0.40138775183847747
-0.029440708813529278,-0.20404785947518309,-0.20515881644452802,0.0559999999999995,2.9144832801708333E-9,0.5087051532988859
-0.028117060711006257,-0.20423665592073326,-0.2058942390797282,0.05599999999999927,3.518024970897847E-9,0.5781255975892492
-0.02662218477400967,-0.2049849274599562,-0.20701010241267864,0.05599999999999883,4.4465243527341154E-9,0.6504189599042712
-0.032651322917763466,-0.20743811663726325,-0.20484817897962967,0.05599999999999985,1.5786961263390199E-9,0.3966761347990681
-0.03362802420122181,-0.2090864251153235,-0.20463600578776392,0.05599999999999989,1.3390501787289146E-9,0.3944680770939574
-0.03381085998789295,-0.2027146806191102,-0.20228498610819876,0.05599999999999987,1.422296512664636E-9,0.3719634508139857
-0.03417589211237941,-0.20396775706372547,-0.2027002326725633,0.05599999999999989,1.3231170090296005E-9,0.37879787991463054
-0.0329289986336674,-0.2031534274623502,-0.202976373009994,0.055999999999999835,1.6826031120378187E-9,0.38689926606337627
-0.032876673267073955,-0.2044631619727019,-0.2036390550841937,0.055999999999999835,1.6442508116679198E-9,0.38185059283102835
-0.03378376987011668,-0.20529761133121702,-0.20348810866651149,0.05599999999999987,1.4252385137549944E-9,0.3722452776219661
-0.034821728521978505,-0.20542824961956413,-0.20292808052822975,0.05599999999999992,1.1897082513775277E-9,0.3657539557586782
-0.03288162990390082,-0.20593167088651218,-0.2042373798370545,0.05599999999999985,1.5762886843660405E-9,0.394808908912259
-0.03506109648805073,-0.20298697735085314,-0.2017224293345272,0.05599999999999992,1.1942163044297003E-9,0.37108770688381615
-0.03591570804403352,-0.20458729559985758,-0.20192247367112243,0.05599999999999993,1.0993865923182336E-9,0.37422837579973783
-0.03438410995745301,-0.20690848360397718,-0.20368346097910545,0.055999999999999925,1.2537983152077044E-9,0.39176674407621614
-0.036373180704220465,-0.20681765954034637,-0.20239524196908112,0.05599999999999994,1.044417939118772E-9,0.37303222995120494
-0.03567809201682327,-0.2089812299311968,-0.20334395719165205,0.05599999999999993,1.069373999537891E-9,0.3834720203401472
-0.03657193282843234,-0.20336801239850014,-0.2009619841439508,0.05599999999999994,1.0388081448163952E-9,0.3602057828682175
-0.03292575411219285,-0.20190441990582658,-0.2022943517530678,0.055999999999999835,1.6468049267781404E-9,0.38231409732176425
-0.03561525414906284,-0.20184143114856407,-0.2007877167288885,0.05599999999999992,1.1406874906072464E-9,0.3635212239775251
-0.03417715396364886,-0.20149093519045516,-0.20140905044734245,0.05599999999999989,1.3585045550798427E-9,0.3716186612999028
-0.03187004131821548,-0.20230146485803546,-0.2030336131516962,0.055999999999999765,2.030332433078646E-9,0.41225850292676386
-0.03078885152188082,-0.2025678437978564,-0.20369175392264474,0.05599999999999964,2.4862942122695235E-9,0.4486234640328545
-0.030816724670100014,-0.201495046775,-0.20302782283500004,0.05599999999999965,2.4710841743966758E-9,0.45155342082214905
-0.028546073295451682,-0.2029793572188664,-0.20496380710871354,0.05599999999999929,3.441088367438302E-9,0.5665308490154767
-0.029682801411519754,-0.20284939763674398,-0.20436437418528527,0.055999999999999474,2.992223246435752E-9,0.49946989827479227
-0.02976172566300295,-0.2017358983824544,-0.20363963470954582,0.055999999999999474,2.984532858780865E-9,0.4982339323071662
-0.027453099746774248,-0.20287114022248426,-0.20540547298928089,0.055999999999999085,3.934577540555844E-9,0.6232794873133545
-0.026655732623923293,-0.2034835455981432,-0.2061671581468711,0.05599999999999878,4.524655689777831E-9,0.668388309882951
-0.02872015158318203,-0.20190696167169414,-0.20420445193163272,0.05599999999999929,3.4540343155789505E-9,0.5530962235298359
-0.027609595778663492,-0.20204750638747723,-0.20479632916919366,0.05599999999999907,3.944222101868238E-9,0.6120763108819713
-0.026443827552300007,-0.202179780676,-0.205442210379,0.055999999999998766,4.583553585074055E-9,0.6668887727115633
-0.03744011567697862,-0.20518218526252988,-0.20112368532930017,0.055999999999999946,9.765083765916265E-10,0.3541417385726422
-0.03782600640940474,-0.2091627738177633,-0.2019018112482703,0.055999999999999946,9.617775519493049E-10,0.35155100111842136
-0.0385327896085855,-0.20725011153941228,-0.20096593370572435,0.055999999999999946,9.336774438139433E-10,0.3442046005140167
-0.03182471547151362,-0.20116609769433308,-0.20237167390134167,0.055999999999999765,2.0291327870343166E-9,0.41218236432335575
-0.03274476611170424,-0.20074021032244835,-0.20167323759365188,0.055999999999999835,1.645079888623037E-9,0.39077224186398324
-0.03363513692946469,-0.20015420450827145,-0.20085242597852837,0.05599999999999988,1.3967210823681186E-9,0.3695857879493401
-0.03149507712917828,-0.22572431700200193,-0.20152628314384333,0.05599999999999993,1.0563767575531812E-9,0.23474213173353006
-0.02990996425328043,-0.22689241831060386,-0.20139275771918613,0.05599999999999993,1.0798469062714406E-9,0.2305225920634749
-0.029414090779703916,-0.2245600874338206,-0.20303396100822008,0.055999999999999925,1.2072825017012702E-9,0.2741972452584742
-0.03160965310900802,-0.22387418100771847,-0.20251645883274472,0.05599999999999993,1.0987213681359562E-9,0.2669536053811857
-0.030366358444853844,-0.22328071867132157,-0.2033526137273427,0.05599999999999991,1.206102824665317E-9,0.28416972978386895
-0.0336999249581914,-0.2243245197374459,-0.20128223241344945,0.055999999999999946,1.0133540047699021E-9,0.2406722296135504
-0.023877716631067393,-0.19594413577595907,-0.20084147284661608,0.05599999999999916,3.776641103850061E-9,0.546607276773567
-0.022373528809379976,-0.19588406593952815,-0.2011964470630067,0.05599999999999893,4.260877821551812E-9,0.5838149326972207
-0.020918481316800006,-0.19592812928499997,-0.201712510511,0.055999999999998586,4.881549430382724E-9,0.659048597910827
-0.030981638171858856,-0.2003745281602005,-0.20222504870933825,0.05599999999999968,2.3176738908630634E-9,0.4286281490294883
-0.03181697953620261,-0.2003377182268507,-0.201835696607366,0.05599999999999977,1.972070198661937E-9,0.4071850147592405
-0.03245221810615789,-0.1998644976244059,-0.20122297846684992,0.05599999999999982,1.7536040884908553E-9,0.3963408125494969
-0.030025974412406148,-0.20054232007712472,-0.20274110953374272,0.05599999999999956,2.725751380745584E-9,0.47952377864675816
-0.030271959703933704,-0.1995789564171451,-0.20195443165480004,0.0559999999999996,2.6204168485359765E-9,0.4510603955429601
-0.03140768125708739,-0.19966329678386668,-0.201543200241203,0.055999999999999724,2.1155584331876723E-9,0.41427855481427334
-0.03192663872491465,-0.19880907069599332,-0.20068064822438683,0.055999999999999814,1.8142836123477735E-9,0.40879886198627835
-0.029192627125236608,-0.19977878848558228,-0.2025327030530799,0.05599999999999944,3.0931308311587876E-9,0.5087771147943948
-0.029134966243095882,-0.19906880743434677,-0.20201072355453267,0.05599999999999945,3.061885927405755E-9,0.4897990129630241
-0.028321489384600013,-0.19913895014099997,-0.20237434225700002,0.055999999999999266,3.5282976275150786E-9,0.5350837680629129
-0.03080243812856889,-0.19897295088057898,-0.20127812018361096,0.0559999999999997,2.2426706639831837E-9,0.43488400960921664
-0.029681026712712534,-0.19848602546824656,-0.20133097601164276,0.05599999999999959,2.6437569617393264E-9,0.4692559834584178
-0.028540953208964777,-0.1983764352724146,-0.20166574738529672,0.055999999999999404,3.167363217131702E-9,0.49921485353909617
-0.02874722770951374,-0.1976080161192556,-0.2009196911950122,0.05599999999999955,2.755687406183286E-9,0.491108114444267
-0.029662396411704012,-0.2010595766753147,-0.2032405292434024,0.05599999999999945,3.0537473487071855E-9,0.5014080302006908
-0.02884032116785534,-0.2012017286035828,-0.20368213408024058,0.055999999999999266,3.523319027730297E-9,0.5487510502740146
-0.029027769407595518,-0.2004515051910262,-0.20308420148788425,0.055999999999999335,3.3512439672676655E-9,0.5290340008837296
-0.026853696557633706,-0.2013708638265964,-0.2046817073440177,0.05599999999999885,4.4044288049680686E-9,0.6549738290395133
-0.027615708106528993,-0.2011334047059309,-0.20416347979424807,0.05599999999999907,3.972417928781825E-9,0.6183146298697902
-0.026020672594098834,-0.2010989385693348,-0.20489071125064298,0.0559999999999986,4.871695301533585E-9,0.6716892454730997
-0.027809298385009704,-0.20041371990012907,-0.2035546431766606,0.0559999999999991,3.9292324368369885E-9,0.591466920940399
-0.028079530854491913,-0.19974274824815372,-0.20293676150221182,0.05599999999999922,3.647473974816059E-9,0.5666314133492135
-0.026511443843271074,-0.2002162286249993,-0.20396743887137414,0.055999999999998815,4.509745429251831E-9,0.6470995752749648
-0.02543093331629387,-0.20016255200592364,-0.20444729783624194,0.05599999999999845,5.121788773453495E-9,0.661171439376563
-0.02562732548596505,-0.19972138480546867,-0.2039680394233984,0.0559999999999986,4.8707427540754E-9,0.639983847100113
-0.027165487407453386,-0.19972331867655352,-0.20328754611512576,0.05599999999999904,4.024015978793614E-9,0.614796615875895
-0.02466436595880001,-0.19925618034599998,-0.20402485829300002,0.05599999999999832,5.346941219488776E-9,0.6505674342216713
-0.0271745726574315,-0.19913127841142117,-0.20280067716507263,0.05599999999999907,3.9471217312244895E-9,0.6041151674559667
-0.02591208800380055,-0.19916358396935555,-0.2033464198896527,0.05599999999999879,4.524767000619193E-9,0.6292811469815326
-0.023324094256952747,-0.22699835835562135,-0.20263368786371683,0.05599999999999987,1.4197637778398546E-9,0.27394479857614285
-0.022277936325932887,-0.22837615619347654,-0.2014719175727071,0.055999999999999876,1.4574743072413079E-9,0.26509985084532467
-0.02146120679740001,-0.22638281653899994,-0.20289071442199996,0.055999999999999835,1.6886569348112807E-9,0.3012290455281799
-0.02312421472850015,-0.22519395929399105,-0.20388465970083533,0.05599999999999983,1.7030742243005841E-9,0.3175243131873238
-0.025518358968036853,-0.2262342381052943,-0.20302817153688846,0.05599999999999989,1.3483695085298693E-9,0.2733941792655637
-0.024813553760100592,-0.22401406178218883,-0.20453363717469533,0.05599999999999985,1.57934294181E-9,0.3201797205257565
-0.0273031725484007,-0.2245021792265089,-0.20374421642453952,0.05599999999999989,1.3306382984039727E-9,0.2897481697057591
-0.02545592223819673,-0.22885086874612587,-0.2010510495842518,0.055999999999999925,1.2298971516923298E-9,0.23877742953028303
-0.027829753852352007,-0.22680564935895353,-0.20212612696238125,0.05599999999999992,1.186216198203388E-9,0.2501027939121151
-0.026696216195998244,-0.2230067677983652,-0.20473866795831636,0.05599999999999987,1.4990839809986224E-9,0.3173082614643571
-0.027367635641839638,-0.1984331827825502,-0.20212894696977582,0.05599999999999917,3.7486429508226656E-9,0.5725307093440106
-0.02765411579161488,-0.19774172370666895,-0.20141617686290444,0.05599999999999933,3.3639861253790097E-9,0.5380674092715647
-0.02487528840732614,-0.19860771875380798,-0.20328464559975903,0.05599999999999863,4.8082498330034346E-9,0.6334946525670118
-0.023821863424783766,-0.19842618662385367,-0.20359987982175806,0.05599999999999822,5.490485764512629E-9,0.6706620143710652
-0.025882898742833286,-0.19824030926031108,-0.2025050934011386,0.05599999999999895,4.182194377969047E-9,0.6144590151074982
-0.026784079729848517,-0.1977224611747043,-0.20169457807626034,0.05599999999999915,3.795940460267936E-9,0.5711163133581127
-0.02778901092251029,-0.19706470443001725,-0.2007487663552799,0.05599999999999946,3.0315207791633445E-9,0.5244246511160231
-0.0269440676327542,-0.19724357185271632,-0.20119429080744655,0.05599999999999929,3.4741250654419826E-9,0.5450699666579419
-0.024296832767706496,-0.1977286268766252,-0.20263223002690517,0.05599999999999866,4.769823969606767E-9,0.6178802282877404
-0.022937483452988936,-0.19763088127515896,-0.20312774050115084,0.05599999999999838,5.2476121072834035E-9,0.6874997278448741
-0.024743572686235237,-0.19703774241591163,-0.2017348063165636,0.055999999999999044,4.052338543617867E-9,0.5986831109683223
-0.02592111759511412,-0.1971029830904609,-0.2013997220701783,0.05599999999999922,3.6488257151663098E-9,0.5644037259149521
-0.02196513262801051,-0.19677839568129482,-0.2025493562503315,0.055999999999998586,4.893331062982912E-9,0.6431696791128548
-0.023338783285827218,-0.19683592070100617,-0.2020197354899593,0.05599999999999877,4.558484895542479E-9,0.6273105475884402
-0.018315617283971318,-0.21673233599471328,-0.20851929221315862,0.055999999999992854,1.0997841497981717E-8,1.069343470098319
-0.019139452318753906,-0.2160945849565031,-0.20897965643459201,0.05599999999999261,1.1184405533132342E-8,1.059792029102327
-0.019457663974066168,-0.21721108048048077,-0.20831705411861023,0.055999999999996206,8.02209675439594E-9,0.8511591766841471
-0.021035437446478008,-0.21564482233499263,-0.20912902296962632,0.05599999999999581,8.420862064947128E-9,0.8571644843646417
-0.019950261835891075,-0.21539685531839256,-0.2093586672483111,0.05599999999999262,1.1171604249113581E-8,1.0420674012400142
-0.0207747062230892,-0.21465569346392396,-0.2096405434906685,0.05599999999999312,1.078834915302487E-8,1.0082541985183158
-0.021730776982033347,-0.2149682696714611,-0.20933647516192858,0.05599999999999614,8.08214415609186E-9,0.8327628586623593
-0.022624283508250013,-0.21422926090074149,-0.2094344480907853,0.05599999999999692,7.212635714627472E-9,0.7873538947702823
-0.021653978941145614,-0.2138682252927053,-0.20980882181092403,0.05599999999999402,1.0057615132928007E-8,0.9421457928791254
-0.02261700395893269,-0.21303995821975646,-0.20983707077332306,0.055999999999995644,8.591135255176691E-9,0.854490677661755
-0.023644208048898913,-0.21336759082514428,-0.20941798008641058,0.05599999999999778,6.13029921865927E-9,0.7240778291957962
-0.023680297358535128,-0.2121847285750017,-0.20969933543485136,0.05599999999999711,6.997459482343456E-9,0.7442411832435627
-0.024479756123801197,-0.21268455597790115,-0.20929905084582687,0.055999999999998294,5.36473834902402E-9,0.6645478449914679
-0.022648895608228862,-0.21514299597371445,-0.20908569454950898,0.055999999999997864,6.0111635863582185E-9,0.7217552059009316
-0.01839863347640518,-0.21754663951649886,-0.2079842981192362,0.05599999999999554,8.689739690930042E-9,0.9091010783539991
-0.017452663643800003,-0.21728236757099997,-0.20800558814199993,0.05599999999999308,1.082374782693252E-8,1.0446260638028306
-0.0179460083603074,-0.2181693985404268,-0.20748002174512947,0.05599999999999596,8.26719880175334E-9,0.8664397827937278
-0.01909941010399903,-0.21828685628400882,-0.2076201906248346,0.05599999999999739,6.64712194054943E-9,0.7581024680341001
-0.020224075719715743,-0.2164043923252997,-0.20879476387301077,0.05599999999999567,8.556581520943688E-9,0.8686314722150232
-0.02121395225881481,-0.21644846542285334,-0.20872133647281044,0.055999999999997316,6.7311137281153254E-9,0.7604218404156351
-0.020894912515411722,-0.2172763419947196,-0.2083185141839431,0.05599999999999777,6.169211858921413E-9,0.7290411994573532
-0.0221062057218595,-0.2159948079604164,-0.20883016147975175,0.055999999999997656,6.296967986283105E-9,0.709163001420535
-0.020315952600430186,-0.21827473624324584,-0.20776288084998268,0.05599999999999816,5.583405499068511E-9,0.6887593604798683
-0.01843909842538141,-0.21915855337717077,-0.20693380495071279,0.055999999999998,5.814480084388026E-9,0.7109817018122925
-0.021950446791188967,-0.2183208995916301,-0.20775495685939965,0.05599999999999881,4.508825330544623E-9,0.5836353388669786
-0.022235146059267304,-0.2171329918381641,-0.20830214964659044,0.05599999999999849,5.0662606306279256E-9,0.6369334820322573
-0.024769448981478644,-0.21367975056662047,-0.2089628729868687,0.05599999999999875,4.5958123873976974E-9,0.622423011435151
-0.02376839837676979,-0.21464431334173947,-0.20899122328722505,0.05599999999999844,5.144390823793114E-9,0.6614690092447438
-0.02348565831813949,-0.21610540747004772,-0.2085350302566702,0.055999999999998815,4.509802945769403E-9,0.6089293192012493
-0.024902587402802046,-0.21519432279922154,-0.20848647905336803,0.05599999999999917,3.7418801796721344E-9,0.5621509335106483
-0.025167825597707954,-0.2166810159745998,-0.20790751264693935,0.055999999999999404,3.1698498887573037E-9,0.5077132191129018
-0.023687591138419513,-0.2179453606965909,-0.2077405644666483,0.05599999999999927,3.5152205475133313E-9,0.523620648093262
-0.02273412581414464,-0.21949189358082064,-0.2071303762159779,0.05599999999999936,3.3045406370734158E-9,0.49351498432223445
-0.023147040606034563,-0.22065725354649,-0.20651392098615187,0.055999999999999585,2.6442083337651414E-9,0.43209154022241114
-0.02260011694520892,-0.2219915749425423,-0.20580719077678794,0.05599999999999964,2.480128375200163E-9,0.40977185278161116
-0.02180428206315775,-0.22062518363272612,-0.20654544341958353,0.05599999999999944,3.0808084307851756E-9,0.4754408826926391
-0.01968779360771432,-0.21930430414154814,-0.20709058029245586,0.055999999999998586,4.9022814640897034E-9,0.6393690412070335
-0.021117068076505877,-0.21942441442073532,-0.207173341793887,0.05599999999999899,4.146956587467525E-9,0.5583597926926106
-0.020336705278367406,-0.2205290068018945,-0.20645917815547832,0.05599999999999921,3.6661589875886717E-9,0.5227617455553374
-0.01895987689387686,-0.22028954008289295,-0.20633100711107855,0.05599999999999894,4.235514351917762E-9,0.5957491913367692
-0.021049732414820697,-0.22186101872584077,-0.20576866717765951,0.05599999999999954,2.780849647333487E-9,0.4523625395598212
-0.02164854035894358,-0.22348298771663833,-0.20485958912751562,0.055999999999999724,2.1547194886736074E-9,0.37940008721486795
-0.020757554224254092,-0.22461366762680002,-0.2039776253750139,0.055999999999999765,2.018020364456021E-9,0.35943923122700866
-0.020113032079847604,-0.22301222476703478,-0.2048793902496011,0.055999999999999626,2.523814195061467E-9,0.4338861737991809
-0.019515509801509578,-0.2215710819311818,-0.20565391419411044,0.05599999999999938,3.2510251280915067E-9,0.49726149846372997
-0.02331582220463806,-0.2231885285709069,-0.20512199844284018,0.055999999999999786,1.9367560361426368E-9,0.3518118344538456
-0.024851476513241412,-0.22165900414298828,-0.20581599790851796,0.05599999999999977,1.971774032414856E-9,0.382616008140471
-0.02551161293926793,-0.21819957551725938,-0.20724114179063968,0.05599999999999964,2.476507086452348E-9,0.445106797660064
-0.02441482514800709,-0.21969727001260994,-0.20683642849050327,0.0559999999999996,2.606850513595502E-9,0.4429827936617701
-0.025761125183828802,-0.21972847369786888,-0.20654178643292714,0.05599999999999973,2.1485318287051496E-9,0.39909684252787475
-0.026749623204141967,-0.22107042921312012,-0.2056814489764614,0.055999999999999835,1.6310158579682308E-9,0.35940346001810647
-0.01851887653717114,-0.2111849944973221,-0.21240228509350084,0.05599999999987263,4.642730531889204E-8,2.163451437896775
-0.018666317024496438,-0.21133549591572443,-0.21218863876618493,0.05599999999988744,4.364371989677006E-8,2.1997108840080766
-0.018268954053699975,-0.211701707824,-0.21244320103899997,0.055999999999866795,4.747678737135081E-8,2.0073869320378748
-0.018889871355129106,-0.21085137122477243,-0.21214934377860364,0.05599999999989452,4.224862496798782E-8,2.277080940182508
-0.01876479888588875,-0.21062733903146688,-0.21233709602783976,0.05599999999988978,4.318931006269294E-8,2.281910720855834
-0.019155525604035557,-0.21098017494930527,-0.2119071533361695,0.05599999999992461,3.571769607584284E-8,2.1565136354936016
-0.019141520659614202,-0.21055027185836522,-0.21201455600254895,0.05599999999991848,3.7140402276410054E-8,2.295212405972412
-0.019016889782382498,-0.20999636476903932,-0.21224785833795728,0.05599999999990881,3.92824544278536E-8,2.2419394256334866
-0.01977239812077811,-0.2106706421929043,-0.2115898821053325,0.055999999999951165,2.874536393126879E-8,1.88473721504854
-0.01956068918062171,-0.20986675892095444,-0.21180591266009627,0.05599999999993949,3.200187132984569E-8,2.1235475748566195
-0.020146633966200665,-0.20993708563210223,-0.21145537842943127,0.055999999999961324,2.5583359909739074E-8,1.7769476467037666
-0.020535020471714054,-0.21046413676987932,-0.21123594159989068,0.055999999999973266,2.127049980736587E-8,1.5141470607406646
-0.019274500418394697,-0.20927304130863408,-0.21213554408737878,0.05599999999993149,3.404865722091364E-8,2.14704241850826
-0.02089080016569051,-0.2096023179964955,-0.21109101942490238,0.05599999999997901,1.8851774006989236E-8,1.4453023275011352
-0.021438087403357394,-0.21041210258870696,-0.21084634171767216,0.055999999999987,1.4835704072119973E-8,1.1818518308278634
-0.020036858907090883,-0.20910015738515714,-0.21152112501326234,0.055999999999958194,2.6597951216753106E-8,1.9546556373651864
-0.019530672202842658,-0.2084428475085516,-0.2120040251019988,0.05599999999994879,2.9437581274630492E-8,2.0046325812303682
-0.020777500499552036,-0.2086669849836765,-0.211070687503818,0.055999999999975826,2.0227283917960456E-8,1.5372888247047798
-0.021990115049365846,-0.2096295595098478,-0.21060878724800852,0.05599999999998978,1.3153699348508343E-8,1.0938880402244227
-0.022465133206438774,-0.2105390784991698,-0.21041216061679316,0.055999999999992854,1.099819387112583E-8,0.9401530109359578
-0.021390844580186506,-0.20884718371281397,-0.21079344604958686,0.05599999999998673,1.4988935391011398E-8,1.2802322929493626
-0.022973977163135876,-0.2096761742686399,-0.21018519706912414,0.05599999999999442,9.716268911726912E-9,0.8863809962499136
-0.023603893431692564,-0.21083858119574056,-0.20992015231467753,0.05599999999999661,7.578720574941208E-9,0.7622045230587896
-0.024258827207986965,-0.20995209574487073,-0.20963110150523548,0.055999999999996906,7.238599235598404E-9,0.7288176784748671
-0.020310533301610253,-0.2080348595528525,-0.21131088232893042,0.055999999999969595,2.268179797010365E-8,1.8503836779375842
-0.019772827360916796,-0.20748836304241064,-0.21186200470147937,0.05599999999996199,2.5362456521736067E-8,1.853725847287729
-0.021267752223729453,-0.20782690498669157,-0.21069347398946872,0.055999999999985624,1.559734017311855E-8,1.3946222391055367
-0.022433568107293966,-0.2083709352938439,-0.21023957732653673,0.05599999999999194,1.1687969631486511E-8,1.0272567422396721
-0.023556007104799565,-0.20881289825496213,-0.20981586752549522,0.05599999999999565,8.5797844299496E-9,0.8311493159807297
-0.022177447363455144,-0.20720059776074892,-0.21008396181688027,0.05599999999999248,1.1280237147774012E-8,1.1447135835570204
-0.024626645630509664,-0.20850303842982507,-0.20925879827178548,0.05599999999999739,6.640877544835773E-9,0.7404954578708782
-0.020499252218547242,-0.20707155635738095,-0.21112245216744482,0.05599999999997857,1.904297399723747E-8,1.6578505691296244
-0.019974227755898386,-0.20638840115329504,-0.21173621519108388,0.055999999999970934,2.2178009744760093E-8,1.6632775929047436
-0.02153164703639504,-0.2065363479493604,-0.21029233824066965,0.05599999999998922,1.3506015630579028E-8,1.2983060753554831
-0.02252614253877928,-0.20640609824997078,-0.2096760404422861,0.0559999999999937,1.0318767380977835E-8,1.0632373681716383
-0.023499588431372512,-0.20742348851413633,-0.2095094642921016,0.055999999999995706,8.530250764170339E-9,0.9099891798028495
-0.024869836552477084,-0.20697687832257924,-0.20871344187850716,0.05599999999999777,6.149868419585095E-9,0.7635577890926685
-0.02064378785640884,-0.20584529254592637,-0.21092297959330697,0.05599999999998346,1.6727489513136135E-8,1.4857984935823412
-0.02008263030479032,-0.2051293324875682,-0.21168644787228807,0.05599999999997699,1.97308810748332E-8,1.4706006748415519
-0.02122590962031002,-0.20529695005521825,-0.21029015411455523,0.05599999999998919,1.3526474534855646E-8,1.3209401853642073
-0.022108118316464736,-0.2053742987154809,-0.20961896116247306,0.05599999999999369,1.0340940281609795E-8,1.1627388699491472
-0.020642861118730683,-0.20460974152600708,-0.21082531787267994,0.055999999999985374,1.572862697466552E-8,1.3352385491951149
-0.019970517843399982,-0.203792118794,-0.21187508219600001,0.05599999999997913,1.879358150888733E-8,1.343823365361637
-0.023498213750189127,-0.20568480100484804,-0.20890339955865503,0.055999999999996386,7.82943760792489E-9,0.9300066765655677
-0.02507069205620061,-0.205270526192056,-0.20791618306406162,0.055999999999998044,5.7594554515247454E-9,0.7633601975142136
-0.021420187682214913,-0.20430841268584163,-0.20989193537167014,0.05599999999999148,1.2005287083249731E-8,1.1801329680831754
-0.022526958393969086,-0.20411226162163632,-0.20888689245600456,0.055999999999995144,9.056838990184698E-9,0.9904397194609688
-0.02378128323214281,-0.20395493603673726,-0.20797848704815314,0.05599999999999722,6.870230138505892E-9,0.8665831931515492
-0.020580595522536296,-0.20344459231649106,-0.21067372276937063,0.05599999999998635,1.5197222152528043E-8,1.2891043355031184
-0.021409893296257216,-0.20312507305850044,-0.20950587223517733,0.05599999999999295,1.0929406221953001E-8,1.1180359453865727
-0.0225017936886412,-0.2028212246829807,-0.20831781419927559,0.055999999999995886,8.349907500519425E-9,0.9409242926761036
-0.025380076782626076,-0.2036361759406772,-0.2069054913291593,0.05599999999999822,5.483998604560923E-9,0.7369230975102861
-0.02592308854417791,-0.2029054942391438,-0.20618059393057608,0.05599999999999852,5.0009955498140265E-9,0.6886841073150645
-0.02382275839231365,-0.20255205403521298,-0.20718109734719858,0.05599999999999738,6.668484681062525E-9,0.8094485384390242
-0.02518480917088198,-0.20233954111695385,-0.2062142415197436,0.05599999999999799,5.8438882003816066E-9,0.7329542189387057
-0.01982857917448272,-0.2024590721153871,-0.2115449548823174,0.05599999999998323,1.684724596841838E-8,1.1583207099933088
-0.01666229726103705,-0.1988125849510743,-0.21155017513727997,0.055999999999983376,1.6770607953788386E-8,0.9597074866176892
-0.017296520120074266,-0.1993056817422883,-0.21213070155504904,0.0559999999999812,1.784154066107277E-8,0.9146858814984439
-0.016274901595899994,-0.198814497146,-0.212678498242,0.05599999999998134,1.776757840187897E-8,0.8708538976006978
-0.017512361393441398,-0.19922599021704315,-0.21127328394991496,0.05599999999998566,1.5578503039563162E-8,0.9818325579595125
-0.01832868344587393,-0.2000394089374367,-0.2116762296105375,0.05599999999998402,1.6444802705852466E-8,1.0042921936393352
-0.019271609665823978,-0.20114187160938063,-0.2114412197254609,0.05599999999998513,1.5863078809511253E-8,1.1334567214948217
-0.020201499453373073,-0.20170558674820208,-0.21028497129779133,0.05599999999998947,1.3357208694458827E-8,1.149380435782586
-0.0209257710044308,-0.20216406149903793,-0.20957963383646364,0.0559999999999923,1.1415028831038724E-8,1.0725528433214837
-0.022707280655432083,-0.20157223145192488,-0.20736311955607328,0.05599999999999671,7.452295505711643E-9,0.7998611257674474
-0.02171867936256703,-0.20201066149879932,-0.20857240445398184,0.055999999999995186,9.031218430509928E-9,0.9683931337299141
-0.0170820935299793,-0.19873923325340687,-0.21044057873498342,0.055999999999987476,1.4561748448976996E-8,1.0131978469652132
-0.019798157428707948,-0.2007024974171544,-0.20990539497133565,0.05599999999999048,1.2692668119177349E-8,1.0680852993874672
-0.01901323198220029,-0.2000066858205341,-0.21019175539996474,0.05599999999998937,1.3417612744715837E-8,1.0262721928509466
-0.018209037770375296,-0.19933366610252648,-0.21020014007529086,0.055999999999989204,1.3515532002075947E-8,1.0093352115709744
-0.023812195826413172,-0.2014523570143692,-0.20645001571165308,0.05599999999999749,6.517935921148172E-9,0.7380014840285608
-0.025578872258080688,-0.2017240400800267,-0.20557738046587815,0.0559999999999984,5.201217263219791E-9,0.6945598697372514
-0.024684014528365102,-0.20108599197663957,-0.20561677869011966,0.055999999999998,5.804819891100474E-9,0.7023397324780468
-0.020719354264853,-0.20094652264880758,-0.20886594010940257,0.055999999999993784,1.0255123083245488E-8,0.9985708630556523
-0.02269710360262941,-0.2004256350503369,-0.20642593729262815,0.0559999999999972,6.885249858013475E-9,0.7625276898366443
-0.02172687486755503,-0.2005806428029644,-0.20741241547939177,0.0559999999999961,8.12379356834781E-9,0.8596323348299769
-0.01756759927243488,-0.19857538161188798,-0.20925912086029044,0.055999999999991085,1.2285486273056785E-8,0.976776346218132
-0.019733330178677896,-0.20008455893423222,-0.20917266129078427,0.05599999999999313,1.0784249991984996E-8,1.0006371196669115
-0.0189657752344811,-0.1991889401543092,-0.2087482199394248,0.05599999999999317,1.074584313321761E-8,0.9604251621360721
-0.023593590347568298,-0.2001932167044898,-0.2055589058417335,0.055999999999997635,6.3219436500583374E-9,0.7033860360320477
-0.024365214451888578,-0.200000077825971,-0.20489451349162152,0.05599999999999811,5.6540336259809825E-9,0.6754272120389354
-0.022661183814146238,-0.199348416756615,-0.205357125263025,0.055999999999997586,6.3914669981373985E-9,0.7170374678236441
-0.0180973545501,-0.19831733151,-0.208045688398,0.0559999999999936,1.0414647643013247E-8,0.9329049770906767
-0.020432061453243562,-0.19938948038358226,-0.20734389615626536,0.05599999999999572,8.516960063416397E-9,0.8868846758636881
-0.021634461956509636,-0.19931052801089383,-0.2061133049729611,0.05599999999999702,7.1102484833589304E-9,0.7933790424539536
-0.019045161449517803,-0.1985484261655907,-0.20748622572215242,0.05599999999999503,9.15971368202311E-9,0.8862931152145492
-0.01860035421332208,-0.19800744180356827,-0.20693521779251048,0.05599999999999546,8.765433878778434E-9,0.8707752358300554
-0.019542534265225342,-0.19836192114770612,-0.20667028553300865,0.05599999999999637,7.831221529545304E-9,0.8520626664856481
-0.020470596735746815,-0.19830705890766975,-0.2057524517905063,0.05599999999999701,7.10805324471823E-9,0.7908494617078521
-0.021842295027238556,-0.19843133156352788,-0.20484884790605862,0.05599999999999757,6.411684410496539E-9,0.7139126191801114
-0.023581002695993808,-0.19930888323616883,-0.204698728100449,0.055999999999997906,5.952782404111426E-9,0.6749237749289619
-0.022811372169731954,-0.19850458197012572,-0.20428398131250114,0.05599999999999788,5.99870430282907E-9,0.6856484681311578
-0.01916186842743168,-0.19759414619561796,-0.20571032449228957,0.05599999999999669,7.487195437457058E-9,0.7622915022819217
-0.02100139072161373,-0.19769989987027958,-0.20444097337146117,0.05599999999999757,6.416964346936167E-9,0.7139580379838875
-0.019759605016743495,-0.19710051520910965,-0.2043671087942041,0.05599999999999757,6.405589355833643E-9,0.7125037192552397
-0.021905492389739864,-0.1975622171416086,-0.2036413829464276,0.055999999999998024,5.7850081012431005E-9,0.7170988176587195
-0.02034934391641542,-0.1965516768896991,-0.20301301533595642,0.055999999999998176,5.543351947813122E-9,0.7038776276436882
-0.018479152699716984,-0.22794657557616188,-0.20071922166497386,0.05599999999999981,1.7951807360079358E-9,0.29359067441936976
-0.019967309858460642,-0.22726469748306927,-0.20184683956314498,0.055999999999999835,1.6810826355960651E-9,0.299944603255392
-0.015661207276627873,-0.21468073003002314,-0.21188216954990016,0.05599999999980324,5.770268904949617E-8,0.9906230363258449
-0.01600824368491448,-0.21446417432864986,-0.21198556704904453,0.05599999999979765,5.8516475205333176E-8,0.9296965373278202
-0.015888643889806132,-0.21452764361873705,-0.21155621957441212,0.055999999999806205,5.7267347749850734E-8,1.1958789259196019
-0.015492927991359408,-0.21474337204154437,-0.21145957638344098,0.05599999999980667,5.719782300946541E-8,1.2034869208924863
-0.015290229839801196,-0.21488074200768112,-0.21177746290816946,0.05599999999981394,5.611190524551556E-8,0.993019854212683
-0.016274044078077945,-0.21428423510602046,-0.21166657589941784,0.05599999999980302,5.773520840414176E-8,1.2372239509221774
-0.01634001331200134,-0.21422368568454347,-0.21208727881408473,0.05599999999979491,5.8911821504116196E-8,0.923300122513992
-0.01667660329529998,-0.21393809485499998,-0.21219014198299999,0.055999999999808765,5.688608351207705E-8,0.9657590361582441
-0.016654679399621015,-0.21399920105751116,-0.21180633012934164,0.05599999999980074,5.806882836292247E-8,1.332197279459507
-0.018290284578463076,-0.2121273962623004,-0.21213703831210126,0.05599999999987333,4.629810277076414E-8,2.1007268077946226
-0.018007225378979752,-0.21219275772569748,-0.21245538638391048,0.05599999999986612,4.759662362604347E-8,1.835154659389571
-0.017347678887591367,-0.2133780293818265,-0.21194506806804564,0.05599999999983934,5.214175790417428E-8,1.757446282851972
-0.017027497495250236,-0.21358504596072878,-0.21229158524028835,0.05599999999982184,5.490750153977675E-8,1.1096163123987393
-0.0173852820445011,-0.21315333025603386,-0.21237946316880899,0.05599999999984201,5.1705358644439945E-8,1.2645326920697586
-0.016991757572545424,-0.21371371572878498,-0.21188751211836898,0.05599999999981644,5.573326840757222E-8,1.5452670310051193
-0.016617422847936703,-0.21414224886579628,-0.21135338443549864,0.05599999999983365,5.305737218929859E-8,1.8549572335849345
-0.018086065370876203,-0.21250411130172023,-0.21205699431212838,0.05599999999986774,4.730924146218641E-8,2.0522915737771252
-0.017719691458595054,-0.21267236893513614,-0.21243596442861148,0.05599999999985366,4.9763062487354713E-8,1.5533799926703946
-0.017729176875750152,-0.21295210747224871,-0.2120206289937355,0.055999999999855686,4.94170204468428E-8,1.899934826353995
-0.016190189121718726,-0.2144142218029852,-0.21122906136596703,0.05599999999983409,5.298536157062699E-8,1.7884730342389945
-0.015775053634559565,-0.21463751792447025,-0.21113263692795078,0.055999999999826494,5.418667676097092E-8,1.7108507945661058
-0.015402756660050303,-0.2147994646122664,-0.2111679071328199,0.05599999999981631,5.575332210180384E-8,1.4964024964533915
-0.015100680309248762,-0.2149313054404482,-0.2113924155151821,0.05599999999981056,5.661941485980028E-8,1.1924095423600642
-0.014885103698515919,-0.21507002373522438,-0.21167176048628977,0.05599999999983433,5.294808204672626E-8,0.9695811272225465
-0.015150448865711213,-0.2149160175085123,-0.211054696950082,0.05599999999982006,5.518263406923482E-8,1.5157498023842595
-0.015471284878852297,-0.21485319262179817,-0.2107450535919523,0.05599999999985097,5.021745980264557E-8,1.9971132969561824
-0.018176848650464622,-0.21277351700317396,-0.21169030660614188,0.055999999999886696,4.3786960654649485E-8,2.176792669788922
-0.018613557572486478,-0.2118391269407746,-0.21199730496224134,0.0559999999998921,4.273099091169286E-8,2.2119930274953963
-0.018495084605021878,-0.21232236079343128,-0.21178804445851535,0.05599999999989539,4.2074735957475994E-8,2.2387282188195563
-0.01775354367060122,-0.21326802586716476,-0.21154639343179774,0.05599999999987199,4.654231255910319E-8,2.2587251335287664
-0.016929334372132523,-0.21386814771559376,-0.21156336878604357,0.05599999999983413,5.2980185006453344E-8,1.9018761160293103
-0.019028320896961035,-0.2116044815133716,-0.21178357464068082,0.05599999999991942,3.6925975473063975E-8,2.1759176921522774
-0.016052632031181638,-0.21464736733774759,-0.21073387166205026,0.055999999999867656,4.732362889983688E-8,2.1623735807801965
-0.01729992792915335,-0.2136255904798784,-0.21152182667863262,0.05599999999985245,4.9966756830833206E-8,2.1472729348411135
-0.017665644051923685,-0.21367454926557852,-0.21110714780595113,0.055999999999900484,4.1037757515903904E-8,2.329045961470524
-0.01662749116194632,-0.21435006787822355,-0.21087276705257504,0.05599999999987607,4.5793137681544566E-8,2.2445809618003865
-0.017131024099260716,-0.21397650704126278,-0.21109913731092952,0.05599999999988022,4.5019918116366553E-8,2.267760705293743
-0.017146083290027845,-0.21436306936935903,-0.21055446322301688,0.05599999999992359,3.5958366576718285E-8,2.163601703954097
-0.014658890872227987,-0.21510704964167868,-0.2111514780471748,0.05599999999982454,5.4491715475313525E-8,1.195511292312655
-0.01442606639379999,-0.21525622013999998,-0.211564088094,0.05599999999984823,5.0679241306837137E-8,0.9859956448929909
-0.014945807530492912,-0.2150354270751964,-0.21072707989982278,0.05599999999985009,5.036522648104488E-8,1.7629271256894332
-0.015912570799787615,-0.21491050073254717,-0.21029154218103913,0.05599999999990248,4.062303104302931E-8,2.209627425390208
-0.015290778377436923,-0.2150690669511707,-0.2102858358511519,0.05599999999988869,4.340168791693086E-8,2.154568435784079
-0.015684958165026144,-0.2152359392812309,-0.20983405644843237,0.05599999999993053,3.428630058069035E-8,2.08439280542089
-0.01889451738857135,-0.2121698742750541,-0.2115850845840244,0.0559999999999194,3.693015431045069E-8,2.159612944768901
-0.01651882900217997,-0.21468088186982154,-0.21039618957237927,0.055999999999918254,3.719325829739283E-8,2.2240706141428217
-0.016417016560517042,-0.21508038554496248,-0.2098956098626109,0.05599999999994016,3.182232431866281E-8,2.0027307079376198
-0.016813322471202416,-0.21539775220356555,-0.20950627428893917,0.05599999999996394,2.4700951785631054E-8,1.714903838887768
-0.0161046091439642,-0.2155434252274034,-0.2093868232939182,0.05599999999995795,2.6675744996376282E-8,1.815293524072686
-0.01724582420537274,-0.2148354897390944,-0.21001150986655384,0.055999999999953684,2.7997187506545928E-8,1.9132176071636349
-0.018185648894343417,-0.21330140198458444,-0.21116796249163042,0.055999999999914486,3.8038526410716954E-8,2.2179344713841966
-0.01916146003277472,-0.21239028303262905,-0.2112959017834451,0.05599999999994132,3.151316503413897E-8,1.9688162746906237
-0.018722120627444043,-0.2126903355289153,-0.21134991341669213,0.05599999999992483,3.566474774605277E-8,2.1549309083607677
-0.017566654033989562,-0.2140081348831765,-0.21077728719231728,0.055999999999922154,3.6294480399052496E-8,2.204133237910705
-0.019383205567192405,-0.21196875216281075,-0.2113985208275881,0.055999999999943595,3.089606437853272E-8,1.9214556488036585
-0.019485136579785987,-0.21237470364134572,-0.2111458746924204,0.05599999999995531,2.750197000434086E-8,1.8119380552474866
-0.01963865396845502,-0.21140526943084573,-0.21148514456559556,0.0559999999999464,3.011693491260485E-8,1.8783196935508055
-0.018149694176923338,-0.21380709332838518,-0.21072207909995216,0.05599999999994245,3.1208175504090155E-8,2.1171045982928183
-0.017812858028712526,-0.2143436159462466,-0.21035112711199633,0.05599999999995304,2.8188274288624758E-8,1.9154721384521043
-0.018731931656318528,-0.21338814917980786,-0.21083122161582254,0.0559999999999517,2.8590543751393757E-8,1.908164555599338
-0.01813002081240374,-0.21495880825363436,-0.20978553103808056,0.0559999999999738,2.1057405378224243E-8,1.5466131040784754
-0.01751827004970923,-0.21532149685547067,-0.2095401348734675,0.05599999999997353,2.1163265074620308E-8,1.6103278795542972
-0.01727108830677708,-0.215692405878071,-0.20923025816089053,0.05599999999997858,1.9039128285363806E-8,1.5099445516737435
-0.01654172210456245,-0.21598903659527363,-0.2089384513522639,0.055999999999977436,1.9542025837767845E-8,1.5161214829640035
-0.017623056752693864,-0.2163290447925935,-0.20874049809265713,0.055999999999986956,1.48580502527082E-8,1.2381171729271478
-0.01699174293719661,-0.21656899987815784,-0.20848100701277814,0.055999999999988184,1.414535688259516E-8,1.2435260671832071
-0.0192525482624881,-0.21280370227146903,-0.21100804152931155,0.05599999999995523,2.7523564678058552E-8,1.857413683585852
-0.019997275499909536,-0.2119339217808006,-0.21111872990744304,0.05599999999996653,2.3802803324746964E-8,1.6299115183791983
-0.01988663752767458,-0.21265889578539918,-0.21083930954998323,0.05599999999997335,2.1235805015553275E-8,1.585113088450421
-0.020241976811984714,-0.21122384842030964,-0.2112392436256375,0.05599999999996769,2.3383080400501193E-8,1.5969243202387322
-0.020538703320952704,-0.21171659575404517,-0.210970359048839,0.05599999999997761,1.9463549285552535E-8,1.4098946878502445
-0.02052861573322831,-0.212403125093132,-0.2107249948652983,0.0559999999999814,1.7742135607442092E-8,1.3487059914650192
-0.020986100034321113,-0.2118650493293247,-0.21075098549375962,0.05599999999998553,1.5645274934908433E-8,1.247931429361161
-0.018729780839310647,-0.21414651912339625,-0.2102863928267709,0.0559999999999714,2.2000991779523032E-8,1.6859779367889345
-0.019503617217870105,-0.21343776441557846,-0.21054377897349055,0.05599999999997482,2.0642625090909725E-8,1.5452255685470444
-0.021018788481326985,-0.21115890871812215,-0.21092067044370144,0.055999999999982716,1.7101562353271988E-8,1.275769189599265
-0.018933492457761818,-0.21510113563102148,-0.20961395938610886,0.05599999999998569,1.5562006495376128E-8,1.3043416189023196
-0.018150022085576086,-0.21582292332511463,-0.20914405029772684,0.055999999999985735,1.5538646228200097E-8,1.2896810619022554
-0.020458557475754008,-0.21336935619062794,-0.21032046990486855,0.05599999999998765,1.4459706856997607E-8,1.25101789766998
-0.019724598472982708,-0.21437290046421845,-0.20995714147501188,0.05599999999998658,1.5068446161000985E-8,1.2886866749252246
-0.02152545565844277,-0.21164580323559212,-0.21061133333812213,0.05599999999998877,1.378264612023124E-8,1.0974099784839644
-0.02180463704909303,-0.21109237408133408,-0.21061861123984885,0.05599999999998974,1.3182208353115306E-8,1.026881091476032
-0.02146892670174442,-0.2125321572396927,-0.2103635536096693,0.055999999999991154,1.2233893906726679E-8,1.0774191015347885
-0.02242845012280026,-0.21174930969914219,-0.21025299486581925,0.05599999999999406,1.0027242582790223E-8,0.9255792210446413
-0.016557617381918514,-0.21770581658903157,-0.20748772546189762,0.05599999999999319,1.0740367061539402E-8,1.0386765627432835
-0.01717383858391734,-0.21813961426605769,-0.20731829238091137,0.05599999999999562,8.606721400017514E-9,0.906738671031303
-0.016487976677512572,-0.2184594689583653,-0.20688539297836445,0.05599999999999598,8.258898645314576E-9,0.8891817114387032
-0.01745254611433916,-0.21888612593697784,-0.20686189869137686,0.0559999999999972,6.8914043944668145E-9,0.7884241631586236
-0.016553866535917148,-0.21950455514212658,-0.20612745458974147,0.05599999999999767,6.272781955209192E-9,0.7491052898802976
-0.017723630183246623,-0.2199465387876154,-0.2062121876360605,0.05599999999999845,5.115964344366023E-9,0.6636118457509018
-0.015603094979922162,-0.21892812801172504,-0.20620433827003082,0.05599999999999641,7.808395589419313E-9,0.8450638341432531
-0.015611292851208105,-0.21801558073488966,-0.2069562621570749,0.05599999999999366,1.0358831028892397E-8,1.000757826771603
-0.014568822992501805,-0.21822481306614577,-0.20637549785832288,0.055999999999994145,9.954413599873664E-9,0.9790545852794733
-0.014439656771111965,-0.21914363034195417,-0.20550325838644778,0.05599999999999663,7.558112458709331E-9,0.8190062089799531
-0.01553592009129632,-0.21999884725785723,-0.20533363242725847,0.055999999999998024,5.783966637567186E-9,0.7109847922807151
-0.016735744859317253,-0.22068084200572194,-0.20534481663654067,0.05599999999999878,4.547664107423822E-9,0.6320364380697242
-0.018083994457448824,-0.2212219875619332,-0.20546727318441008,0.055999999999999155,3.7846504042253385E-9,0.5552279295602525
-0.018996371339528115,-0.22403819907228534,-0.20387360558509943,0.05599999999999968,2.324248039053066E-9,0.405659111547878
-0.01954193458671494,-0.22565090558940973,-0.2029220711441564,0.055999999999999765,2.0016333073319185E-9,0.3413963919816501
-0.01854961217883213,-0.2226396832803645,-0.20467211119645984,0.0559999999999995,2.8981483800890044E-9,0.4681599216989554
-0.016965488585459747,-0.22210763658241303,-0.2044229937693573,0.05599999999999932,3.3978628718968214E-9,0.5237374202179179
-0.015589679044519602,-0.22128267933286244,-0.20437737678362594,0.05599999999999896,4.192620015164959E-9,0.5973841715788777
-0.013453770977480848,-0.2183248982316917,-0.2057448816242958,0.05599999999999424,9.872168433454069E-9,0.9538980783216195
-0.013184120791109626,-0.21908598423410686,-0.2048653488621798,0.05599999999999655,7.639741429070594E-9,0.8192809205766362
-0.01425187717794898,-0.22033733166723332,-0.20440099683734264,0.05599999999999817,5.564978370710047E-9,0.675937054124953
-0.01448746088481219,-0.22146675235555618,-0.20362546323588976,0.05599999999999904,4.035387752318721E-9,0.5791413393236329
-0.015602014060856876,-0.22271979107577183,-0.20329609197117432,0.05599999999999944,3.0883422107477504E-9,0.4977333753433281
-0.015365592148312275,-0.22570061651314866,-0.20083177394167637,0.05599999999999971,2.2325685553368475E-9,0.37548117502413
-0.017322369016702113,-0.22350492163585228,-0.2035838367826754,0.055999999999999585,2.6488717137735245E-9,0.45105305032457294
-0.01642235068108393,-0.2245753635964433,-0.20234587015020047,0.05599999999999967,2.371153032921145E-9,0.40649571080921887
-0.01795461775795357,-0.22469264338834508,-0.20300751634688183,0.055999999999999696,2.262636186436904E-9,0.39454010615103635
-0.017591829782576333,-0.22616469411933968,-0.2017372246540629,0.055999999999999765,2.0025234894496443E-9,0.3623379151693974
-0.012326860228863316,-0.21832289596059615,-0.20508858048695164,0.055999999999993944,1.0122227349992584E-8,0.9438096217290343
-0.012259593098797384,-0.21893944113220629,-0.20441908532024838,0.055999999999996164,8.057231680267663E-9,0.819697850079228
-0.011252266930100025,-0.21824508205199994,-0.20443746450899997,0.05599999999999416,9.9522337866661E-9,0.8805094444776211
-0.012702802012188576,-0.21980125148509047,-0.20390489414007415,0.05599999999999772,6.2146301725389885E-9,0.7223231314569073
-0.013341444403298522,-0.22100142794337513,-0.20328409533776934,0.05599999999999888,4.3617096823263835E-9,0.5977400448651353
-0.013898508897624803,-0.22235888469255577,-0.20253498344367682,0.055999999999999335,3.327591610286672E-9,0.5093904195016318
-0.014575106345400528,-0.2238284615369448,-0.20180776147486723,0.0559999999999996,2.6215763111441768E-9,0.4312916963078805
-0.012878630362455581,-0.22291617912636158,-0.2013373667528144,0.05599999999999944,3.0719287982787523E-9,0.4589699791048671
-0.0124386793895556,-0.22150456014294867,-0.2022125851508475,0.055999999999999134,3.8402506795919055E-9,0.5320975651707677
-0.011646281410849205,-0.21919378285238053,-0.20373984096830597,0.055999999999996546,7.647888879951777E-9,0.7480787904631806
-0.012032879665764462,-0.2202679686835856,-0.20300936006944875,0.05599999999999845,5.128815129908602E-9,0.6342592650321003
-0.0152933675774,-0.198024049939,-0.210011880072,0.05599999999998721,1.471247029900273E-8,0.9094322649605188
-0.015040599955803691,-0.19779144862083847,-0.2092217668595133,0.05599999999998904,1.3620176657499942E-8,0.8950716508056283
-0.016085062787005795,-0.1980440350934522,-0.20936920975045306,0.055999999999988774,1.3790715350342857E-8,0.9342992620440175
-0.01479230517351678,-0.1975529403248523,-0.20832611716465899,0.0559999999999923,1.1415120860499742E-8,0.8418235469143817
-0.015960407875256932,-0.1977339190181682,-0.20845954467269415,0.0559999999999917,1.1844252320383824E-8,0.8839120790712226
-0.01700923827470657,-0.19811907207101925,-0.20869486952755856,0.05599999999999192,1.1696183845986224E-8,0.9141793707289878
-0.014521362188900001,-0.19731578197299998,-0.20731679873699999,0.05599999999999387,1.0188196531279754E-8,0.8057414012489027
-0.015768311952633923,-0.19739432624882752,-0.20738313927284563,0.05599999999999377,1.0274416839859288E-8,0.8194793162196857
-0.016904030721322946,-0.19767140152866114,-0.20760903452555934,0.05599999999999384,1.0209089824481483E-8,0.8696231426229296
-0.01684481404565517,-0.19720352794794882,-0.20630288303724426,0.05599999999999529,8.925274891295734E-9,0.8012421215644219
-0.01775422033562182,-0.19768094480272164,-0.20697623893930372,0.05599999999999509,9.124749004442594E-9,0.8290132821572455
-0.015245470396912274,-0.1971005725327627,-0.20638412618386115,0.055999999999995186,9.02558178539275E-9,0.7845739329723243
-0.01609821336991184,-0.19686437006456692,-0.2053891041417763,0.055999999999996386,7.821026610740948E-9,0.7633334224704438
-0.018171618526564372,-0.19735716614578663,-0.20593775826361344,0.055999999999996296,7.924825955785458E-9,0.7788245092548993
-0.01736028391225573,-0.19695278579494577,-0.20534536065723397,0.05599999999999644,7.758689579992877E-9,0.759245358961598
-0.017109316546539077,-0.19660564189493504,-0.2043613069783654,0.05599999999999708,7.033438760016464E-9,0.7581759461187744
-0.018541403460101944,-0.19686115712034769,-0.20458819306577478,0.055999999999997184,6.898676577522685E-9,0.7441625083425624
-0.018265241024360238,-0.1963345202712561,-0.2033534497042892,0.05599999999999777,6.1550122593723634E-9,0.7218031591106384
-0.019357627340410088,-0.1965363127923015,-0.20346692409292366,0.055999999999997815,6.078673637031891E-9,0.7154999525925141
-0.019553514542068853,-0.19608553411232973,-0.20243232927561763,0.05599999999999827,5.413604130517173E-9,0.6897520428142889
-0.01050226103206633,-0.19850126779464866,-0.21422458526057347,0.05599999999998175,1.7577809766788317E-8,0.7826474542648467
-0.010146411949400002,-0.19858424538799999,-0.21499520585499998,0.055999999999981974,1.7462825876890918E-8,0.7897465255411088
-0.009987332848561844,-0.19863675176482296,-0.2140857598318506,0.05599999999998371,1.659974791794637E-8,0.7786146296105357
-0.01089427609649339,-0.1984015777290296,-0.21341116730946474,0.055999999999984805,1.603484392156801E-8,0.8036923185910317
-0.009842567907009315,-0.1986587775085839,-0.2130609391906416,0.05599999999998722,1.4711208546317833E-8,0.7668329734109848
-0.011351832083590863,-0.1982765943987193,-0.21250392270995072,0.05599999999998625,1.5261527805979255E-8,0.7902613598951561
-0.010621130606741132,-0.19840616284994358,-0.21231879997024125,0.055999999999988254,1.4100494984758772E-8,0.7606079249691668
-0.009702720018332866,-0.19865924381402558,-0.21189303055701306,0.055999999999990495,1.2684199495483932E-8,0.7346385587208403
-0.011059598488569031,-0.19826375240183813,-0.21165067679914865,0.05599999999998904,1.362387672860789E-8,0.7671529700846342
-0.011891503543866916,-0.1981206658201628,-0.21148707882822423,0.05599999999998787,1.4327566650404487E-8,0.7810030592644336
-0.010417077727214497,-0.19840107971964493,-0.21135163802321308,0.055999999999990974,1.2358081060575239E-8,0.7509759613411555
-0.009562250406553197,-0.19864430337158087,-0.21056351296029868,0.05599999999999269,1.1126990708678666E-8,0.7095422195167286
-0.01123612056892338,-0.198155454795664,-0.21078900468859724,0.0559999999999908,1.2477584012283747E-8,0.7656467955035806
-0.012506923038527734,-0.19793579645862047,-0.2103946917559633,0.05599999999998955,1.330418708336091E-8,0.7910168232782898
-0.01052028952005051,-0.1982820781705478,-0.21009191929305954,0.05599999999999269,1.112357948353283E-8,0.7361567226835847
-0.011794963014216401,-0.19792001322326813,-0.2095468162364578,0.05599999999999227,1.1439572442872453E-8,0.7445994592739537
-0.013137041853798949,-0.197742069541349,-0.20935078201193877,0.05599999999999114,1.2247544998733263E-8,0.8084241019218602
-0.009418503545720814,-0.1986177356956677,-0.20905112524038616,0.055999999999994214,9.898911348244788E-9,0.6759669752578299
-0.010844349123047312,-0.1980326656509836,-0.2083543013948586,0.05599999999999448,9.6738944292588E-9,0.7125685771889224
-0.009268439733537222,-0.1985870055175564,-0.20733413188743322,0.05599999999999541,8.810516510028162E-9,0.6528157228629089
-0.01380289346719505,-0.19753596684534053,-0.2083291851202873,0.05599999999999267,1.1146393703408043E-8,0.8054404843322317
-0.013170501602863432,-0.197391703750176,-0.20729677919394113,0.0559999999999947,9.47109855881636E-9,0.7659235460268657
-0.012453209199296413,-0.19764759037088525,-0.20829574302668402,0.05599999999999366,1.036741489242878E-8,0.7666810707998609
-0.01392099071013182,-0.1971016644487696,-0.20617961126392811,0.055999999999995755,8.483006945279234E-9,0.7534053793842274
-0.011808552818056406,-0.1975947512457936,-0.20695255660170403,0.05599999999999534,8.881466450799906E-9,0.7191519101201771
-0.010473632605519272,-0.19799834955088594,-0.20650253031348953,0.055999999999995914,8.31374429921212E-9,0.6639078654431658
-0.009116801372785362,-0.19856600800286137,-0.20551096658097984,0.055999999999996115,8.105690603210403E-9,0.6242689291732876
-0.01276146035266299,-0.1972683235564186,-0.20620987023444812,0.05599999999999579,8.451510956519893E-9,0.7153299689103187
-0.008969444785511597,-0.1985670243551771,-0.20371957908270713,0.05599999999999666,7.535735006077425E-9,0.5954553485662976
-0.010465221936312724,-0.19783997838734563,-0.2046662574281295,0.055999999999996664,7.520716983891699E-9,0.6404497126578702
-0.015552526174941036,-0.19644404544658903,-0.2039046557746284,0.055999999999997184,6.909957698096172E-9,0.7273779824194632
-0.008828305539938646,-0.19859917804067015,-0.20205921170296273,0.055999999999996795,7.359883563236147E-9,0.5784664155654956
-0.010165412319948655,-0.19784758911215766,-0.202906365129346,0.05599999999999705,7.074787985140118E-9,0.6247488179706729
-0.009949376149099841,-0.1978670362990929,-0.20139500592712234,0.05599999999999709,7.018934469673603E-9,0.606450499900144
-0.014605348951125034,-0.19680069422823543,-0.20507021006256795,0.05599999999999659,7.596614739929092E-9,0.7446068875365967
-0.013065891137252586,-0.19701199158097177,-0.20508569541985766,0.05599999999999657,7.612801198790154E-9,0.7079680650808546
-0.011760063287805883,-0.19741651377659658,-0.20550052353549123,0.05599999999999638,7.824300633974433E-9,0.6849169224132053
-0.011915633021976516,-0.1971129489149659,-0.20371200888236668,0.05599999999999702,7.100164308791762E-9,0.6819186347825539
-0.013799600509623715,-0.19659378446025025,-0.20370080962975307,0.055999999999997184,6.902676647419025E-9,0.7190534821905742
-0.015083702306264074,-0.1960922036322482,-0.20247792684994276,0.05599999999999772,6.209220965003465E-9,0.7203837003715906
-0.01687271234269212,-0.19607852251143149,-0.2028233385857784,0.055999999999997836,6.040053460668891E-9,0.706315711123125
-0.011552164307344806,-0.19700732838713333,-0.20185723184820883,0.0559999999999973,6.751960690044933E-9,0.6360319691840407
-0.01315914200206682,-0.19644315676342794,-0.2022651000883373,0.055999999999997496,6.51569971960954E-9,0.6920396952171659
-0.014499279230739834,-0.19581228990683228,-0.2010767222216599,0.05599999999999791,5.945842177762895E-9,0.6799374126199451
-0.016343473845568796,-0.19551880286313109,-0.20109656167353582,0.05599999999999833,5.3234029915717204E-9,0.7069833038055947
-0.01824258168353179,-0.1956979266423453,-0.20177166924386936,0.05599999999999845,5.130433118146819E-9,0.7107952468482992
-0.019137365011010536,-0.2080717872946008,-0.2167044623445268,0.055999999999940715,3.167387508764798E-8,0.5697279761809747
-0.018929510473851108,-0.20832172578158795,-0.21598963336279473,0.05599999999996393,2.4707124862729617E-8,0.6020875003532015
-0.0188486172248,-0.20907985069600002,-0.21673157630200002,0.055999999999949236,2.9308961991971348E-8,0.6536461632356656
-0.019172830203960593,-0.20746374049050947,-0.21604818344602028,0.05599999999997137,2.2009788845793323E-8,0.5805433066074268
-0.019387191344138372,-0.20698108579201968,-0.21668423738975567,0.055999999999945614,3.0337463053305816E-8,0.5823956380280175
-0.019058112940487485,-0.207508715717191,-0.2152265990342186,0.05599999999996071,2.5784790547964683E-8,0.6234693561708893
-0.019530843473285407,-0.2058560452307467,-0.21667998689870355,0.05599999999994479,3.056591056933213E-8,0.5952255366140171
-0.019318669116564366,-0.2065702063271842,-0.2156903925865462,0.055999999999971344,2.202288686867195E-8,0.6053461852098484
-0.019315546497773128,-0.2039534419609317,-0.216739558163998,0.05599999999990862,3.9322930453268484E-8,0.5925336564141586
-0.018993493304400002,-0.203164257658,-0.216798175045,0.055999999999913126,3.834143765050335E-8,0.6419930448296953
-0.01924819661792733,-0.20374213538870423,-0.21604417029080294,0.05599999999996612,2.3941951526216507E-8,0.5498460621248039
-0.01950628861328003,-0.20483879657825196,-0.21669864788987997,0.055999999999929224,3.460758043442946E-8,0.5834507553964482
-0.01946397810480678,-0.20538736030245078,-0.2158233124381215,0.05599999999997004,2.251703201214801E-8,0.5785281848018818
-0.01941547522449886,-0.20446312748114098,-0.21591695041999243,0.055999999999967104,2.3594932998743055E-8,0.5459402085638795
-0.01939148512693004,-0.20573146707261425,-0.2147377726525423,0.05599999999996543,2.4187939167811572E-8,0.5987420181019014
-0.019232186351774948,-0.20663109188491363,-0.21442926174653662,0.05599999999996339,2.489026674008892E-8,0.6523781243301704
-0.01906933535641494,-0.2032120986413292,-0.21582431718674006,0.055999999999961005,2.5689964347377465E-8,0.5718249398081287
-0.01867013365,-0.202565649689,-0.216854154263,0.05599999999990307,4.050069325762333E-8,0.7015695045646612
-0.01881770069139213,-0.20269123816306062,-0.21601317407226164,0.05599999999996395,2.4698009729044583E-8,0.6604106738761942
-0.019282580077572883,-0.20371896865013225,-0.21518467968057653,0.055999999999962954,2.5039362062094615E-8,0.5946402093478355
-0.019439527332157966,-0.20472950362410644,-0.21492753698600173,0.05599999999996414,2.463373764946366E-8,0.6120330355085384
-0.01943311742904341,-0.20415478542091148,-0.2143367300666661,0.05599999999996619,2.3922237287998223E-8,0.6975749559225919
-0.019492795952396575,-0.20494808695218422,-0.2139363432749425,0.055999999999967465,2.3465892835409056E-8,0.7599845545615884
-0.019445639927465244,-0.20570756818386707,-0.2136060388196577,0.05599999999996522,2.4255119334471982E-8,0.821506457443849
-0.01899656033486648,-0.2028476642627251,-0.21511758155728739,0.05599999999996389,2.4717619757134116E-8,0.6712314669909257
-0.019227861512313225,-0.20305777446854087,-0.2141234596664548,0.05599999999996923,2.2818411669134497E-8,0.7842492363186734
-0.01969078836660856,-0.2047596165212331,-0.2127650932316617,0.0559999999999726,2.1533106521327245E-8,1.1745688862342778
-0.019584979435688647,-0.20414057412224418,-0.21327094051148054,0.05599999999997176,2.185939301902291E-8,0.9925644577508517
-0.01953455271978434,-0.20335096909369563,-0.2130310704235311,0.05599999999997614,2.009480440331222E-8,0.9973883715353585
-0.014990656298399999,-0.198467965064,-0.21745089876600002,0.0559999999999533,2.811084755019507E-8,0.7545647578277841
-0.015160020474678999,-0.19852182264791213,-0.2167082001173759,0.05599999999997384,2.1043610594318852E-8,0.6159035006851227
-0.0154817625774,-0.198746736359,-0.217375226133,0.05599999999993525,3.310088801893356E-8,0.8370641995763277
-0.01569469176209974,-0.19882663663504502,-0.2166357894939582,0.05599999999996832,2.3155502266893996E-8,0.6318894179986502
-0.01605629625358134,-0.19916451107088634,-0.21728534472421646,0.05599999999992289,3.6123100322244616E-8,0.8695120860969001
-0.0153636927512926,-0.19859138006138763,-0.21586971577486072,0.055999999999971795,2.1846842224480685E-8,0.6243419817834602
-0.01632418355042114,-0.19929987739519242,-0.21655969380192325,0.05599999999996677,2.3712434580692642E-8,0.6623477815781683
-0.01661232593391512,-0.19968095563850707,-0.2171967042381467,0.0559999999999152,3.788049371550745E-8,0.8863143640976667
-0.016004364598012535,-0.19899033416835393,-0.2160971528307833,0.0559999999999657,2.4093890754162066E-8,0.6333334501100508
-0.016902327673221938,-0.1998422741207589,-0.21636362682775565,0.05599999999996739,2.3492039476716885E-8,0.6888384755750158
-0.017171955989164368,-0.20032509106047539,-0.21710561695979433,0.055999999999908505,3.9349365324752575E-8,0.8844430901995967
-0.017724352475433466,-0.20107630124409587,-0.21701401854549712,0.055999999999901,4.0929790344234225E-8,0.844587015357804
-0.017966543479290515,-0.20123437858247548,-0.21617383364873755,0.055999999999964106,2.4647478000967003E-8,0.7210070443637792
-0.018225466723416225,-0.20183554359871836,-0.21692976021960741,0.055999999999900914,4.0949426437263966E-8,0.7936304130103241
-0.018397127480793717,-0.201919244926824,-0.21606478599724616,0.0559999999999633,2.4921122024284892E-8,0.7218646603054584
-0.01867013365,-0.202565649689,-0.216854154263,0.05599999999990227,4.0667355658343044E-8,0.7036864793511697
-0.016526402918771055,-0.1993600167904152,-0.2157469356511207,0.05599999999996794,2.3295109562894878E-8,0.6426666921634993
-0.01600538556273035,-0.1989373640137458,-0.21553006654717394,0.055999999999972225,2.1680824160630135E-8,0.612271755301871
-0.015611213523032354,-0.1986731426027725,-0.21491913693958287,0.05599999999997598,2.0163666248450993E-8,0.6556188471538927
-0.01746177840007213,-0.20050723911323737,-0.21623503777300587,0.05599999999996668,2.3747246586565975E-8,0.7161554391166551
-0.01716917961880169,-0.19993809391624862,-0.21540941686050308,0.05599999999996826,2.3176486917290804E-8,0.6997836968388089
-0.017780887586635385,-0.2006979836560861,-0.2153095896295163,0.05599999999996661,2.376830768353345E-8,0.7495345557761269
-0.018645634761425414,-0.20217643102933205,-0.21537564965189604,0.055999999999961206,2.562127633700625E-8,0.7548229101231592
-0.018752273581724665,-0.2020337123280429,-0.2144332857470891,0.05599999999996925,2.2812701093791357E-8,0.8480190818370689
-0.018285342046830293,-0.2014630854621034,-0.21521315222199863,0.05599999999996425,2.459713832578327E-8,0.7625120351557956
-0.016518074028717907,-0.19921140638835388,-0.21475807966054894,0.05599999999997456,2.074871574748724E-8,0.6933011668179734
-0.018187902991108458,-0.20101919568808796,-0.2144508736819474,0.055999999999972246,2.1670907153173236E-8,0.863333343202016
-0.015914622140780363,-0.19875645829758043,-0.21384284707882567,0.055999999999978976,1.886401876576404E-8,0.7473898178147392
-0.01748199561743039,-0.20004776754474662,-0.21442609600568557,0.05599999999997394,2.1000406448163157E-8,0.7798934144351107
-0.01856131961526863,-0.2013129818545774,-0.21369045355505814,0.055999999999973925,2.100743866933285E-8,0.9236698882497263
-0.019084326601822445,-0.20216004652506964,-0.21330658444615044,0.05599999999997438,2.081776052419914E-8,0.9515993691199619
-0.017159946334214252,-0.19949417349377332,-0.21344863235727152,0.05599999999997894,1.88791672915163E-8,0.843738641985449
-0.01806561146113858,-0.2004541791932761,-0.21346957150747242,0.05599999999997612,2.0105062650940674E-8,0.8592683745290585
-0.01943727597678272,-0.20233876021411196,-0.21240149599549543,0.05599999999997834,1.9144799610938067E-8,1.1004357799913602
-0.01880904210857239,-0.2010614006824708,-0.21245789579045604,0.05599999999997862,1.9022024639956626E-8,1.0483882939014932
-0.017932556268269055,-0.19999617044912754,-0.21264608151295755,0.055999999999979864,1.845821299653154E-8,0.9051861515770453
-0.01593641173477476,-0.21487150675903355,-0.2132385390709858,0.05599999999984897,5.0555395289790606E-8,0.5720370568022461
-0.015922382039256548,-0.21495696936930683,-0.21346802663117737,0.055999999999867295,4.7389923546066426E-8,0.5447848381741504
-0.01611404006847206,-0.2147079063678757,-0.2133850888832661,0.05599999999985294,4.98873276503388E-8,0.5544061725625924
-0.016126585157473415,-0.2147438111676439,-0.2136586665706445,0.055999999999868134,4.723794089633575E-8,0.5374602702692536
-0.01602710609292647,-0.21474569767664287,-0.21314043182238654,0.05599999999984383,5.1407809819666386E-8,0.5801044743434787
-0.01628153864150232,-0.21450578143724866,-0.21348477039796965,0.05599999999985797,4.902408745895986E-8,0.5481166751714213
-0.016340661127964187,-0.21444949927058252,-0.2138235011253465,0.05599999999987332,4.6300382462258854E-8,0.5362572745108083
-0.01644331534779465,-0.21427671475145102,-0.21357519550976295,0.05599999999986216,4.82975656500493E-8,0.5469741898402294
-0.016561609272099983,-0.214079413926,-0.21395011094799998,0.05599999999987059,4.679843017950359E-8,0.5338840941314235
-0.01661125533815724,-0.2140145583908747,-0.21350861519497702,0.05599999999986215,4.8297458887793304E-8,0.5774260589375232
-0.015865099248565377,-0.21489176440360805,-0.21307532062489362,0.055999999999847914,5.073181461467727E-8,0.5836563925528202
-0.015730722834499986,-0.21508759199299995,-0.213257540151,0.05599999999986404,4.796773534989903E-8,0.559385840109155
-0.016444772838940903,-0.21426203726086931,-0.2132660361100226,0.055999999999852036,5.003860119420988E-8,0.5893990877719183
-0.016016756233289006,-0.2146840242854036,-0.21288614066986528,0.05599999999983705,5.251158947016854E-8,0.6221337000626924
-0.016223353691980785,-0.2145188496657439,-0.21311348681333786,0.05599999999984328,5.149906778688938E-8,0.599991001739812
-0.01659524981784441,-0.21405104481526732,-0.21310241557478632,0.05599999999985271,4.99251883211709E-8,0.6296696549394005
-0.016773206936799265,-0.21371346149414694,-0.21371457119196086,0.05599999999986737,4.737641522017159E-8,0.6056722929831766
-0.016833533821672044,-0.21370699410236788,-0.21313975733620877,0.05599999999985823,4.898082944304539E-8,0.7157101444380591
-0.017011138211180304,-0.2133253098565334,-0.21346920466609268,0.05599999999986785,4.729002007990735E-8,0.7605629261263308
-0.01642490186507291,-0.21424842176453981,-0.2128982054282679,0.05599999999983781,5.2388564441311915E-8,0.661340867837759
-0.016197084946493762,-0.21445404576451021,-0.21267812214184245,0.05599999999983011,5.3618722843299824E-8,0.6852315558282154
-0.016672340043066013,-0.21394760800572238,-0.21282629015434074,0.05599999999983226,5.327776222472977E-8,0.7181795434403915
-0.016925602198423106,-0.21363836492097252,-0.21271242851747468,0.055999999999840254,5.1993456904369124E-8,0.842651333018199
-0.017114176044465402,-0.2132901492498854,-0.21303780416339857,0.05599999999985613,4.9341743811527934E-8,0.8343897663927783
-0.01729168648270422,-0.21290052152623895,-0.21320399398050235,0.05599999999986332,4.809407215784341E-8,0.9392442925832075
-0.017159030398818498,-0.2133479746219566,-0.21264977581295857,0.0559999999998443,5.133064462767804E-8,0.9576692777358277
-0.017462498764786512,-0.21285328280922736,-0.21275787366283436,0.055999999999848296,5.066582333856876E-8,1.100621178942759
-0.017602232062412678,-0.2124725251114043,-0.2129373972973636,0.055999999999854305,4.9653419569527384E-8,1.1917925866833678
-0.017685099950934025,-0.21253437380287085,-0.2126791862809639,0.05599999999984827,5.067159320022215E-8,1.3547546634212893
-0.01792385730728037,-0.21207584981788788,-0.2126871057527776,0.05599999999985658,4.926456807877598E-8,1.6542112751006732
-0.01640851750997509,-0.2141997755361503,-0.21244784713566078,0.05599999999981703,5.564415004088864E-8,0.8028192966099789
-0.014510544779529025,-0.1983062848081446,-0.21300980652445153,0.055999999999980066,1.8366301405145805E-8,0.863336347930057
-0.015314431313617902,-0.1984943023345886,-0.21324130970402966,0.055999999999980156,1.832347341474207E-8,0.7800952174805156
-0.014395891629211496,-0.19830018740175992,-0.2137730707836244,0.05599999999997892,1.8888387404529672E-8,0.7916627363470541
-0.015075842822606803,-0.19836498470582392,-0.21229020828804984,0.05599999999998173,1.7578665603681874E-8,0.924276781612327
-0.013773429226194059,-0.19823500745509193,-0.21340126782774704,0.055999999999979795,1.8489072848395692E-8,0.8424653181434493
-0.013459411557099997,-0.19820546188000002,-0.214260348056,0.05599999999997881,1.893754229419272E-8,0.7703958881784766
-0.014130423006349951,-0.1982259318429882,-0.21251825242361672,0.05599999999998137,1.7759409690973663E-8,0.8845876901565686
-0.015220741047271759,-0.198286063903695,-0.21140565378782428,0.055999999999983216,1.684826559351305E-8,0.9414412183119799
-0.015849982686124555,-0.19850190605057566,-0.21166875844315358,0.05599999999998344,1.6738671695400444E-8,0.8949983377294057
-0.014522504254171922,-0.1981838220987371,-0.21161815263273254,0.055999999999983265,1.6824465873651346E-8,0.9153329831028083
-0.014917584934151705,-0.19811174722428343,-0.21077150045598927,0.055999999999985506,1.56591175141424E-8,0.9354921972652227
-0.015965491030455508,-0.19831714685923843,-0.21054748728487485,0.055999999999986,1.5393125722076203E-8,0.9689306849595778
-0.01673765971718055,-0.19833006713829426,-0.2096163513330177,0.055999999999989246,1.3492396794862765E-8,0.9388826215618234
-0.014107275875014721,-0.21530179965461993,-0.21105813611178065,0.05599999999984908,5.05356209075656E-8,1.2575307498540862
-0.0136451772718207,-0.2154419178171453,-0.21097514201249162,0.05599999999987707,4.560800451008404E-8,1.1938741514713713
-0.013391180584496842,-0.21559510386017514,-0.21136202093274098,0.05599999999989456,4.224027880452622E-8,1.0046545237002642
-0.013926740510467871,-0.2154324073889667,-0.21146103573724234,0.055999999999864325,4.7915894581816876E-8,1.0162877231737093
-0.013937518148909513,-0.21534573723328163,-0.2106577521480067,0.05599999999987161,4.661345701582888E-8,1.5519789067485947
-0.013520028213911838,-0.21545899956047748,-0.21044712037063287,0.05599999999989438,4.227715320685349E-8,1.5377946431083611
-0.01432027064271333,-0.2152436579370108,-0.21060440629907745,0.055999999999858614,4.891235922301849E-8,1.7002349693135403
-0.014021263323606608,-0.2153773630056612,-0.21022393825555952,0.055999999999891754,4.2796633788464267E-8,1.8541348267854119
-0.014602272216128242,-0.21530260815852584,-0.21007179586175934,0.05599999999989149,4.284915191069112E-8,2.07136785259318
-0.015049385347056587,-0.21537803563904348,-0.20974500046563418,0.055999999999921515,3.644380880938576E-8,2.087262004239936
-0.015322389554625842,-0.21566828847119882,-0.20926549902301292,0.055999999999950825,2.884526613497082E-8,1.8678654617830441
-0.013129281269239453,-0.21556793917300823,-0.21082418164462308,0.055999999999906534,3.9771335808965206E-8,1.2444585694676953
-0.012784919137516504,-0.21574916403360395,-0.2112589423538981,0.05599999999992015,3.675988323776904E-8,1.015667442047223
-0.012986102474843261,-0.2155777886829401,-0.21019074379602554,0.05599999999991915,3.6989331809378816E-8,1.6460002077266935
-0.013458951526308754,-0.2155493975711202,-0.20986518529706344,0.055999999999914285,3.8085402281443607E-8,1.8560883787478926
-0.01403888385196386,-0.21554267641744773,-0.2096513662763622,0.05599999999992039,3.67040235045729E-8,2.0043259378784684
-0.012504183673761965,-0.21568512457269148,-0.2106228938833265,0.05599999999992974,3.44833488462233E-8,1.2785012161948677
-0.012093589545916557,-0.21588771814015437,-0.21114779272859865,0.055999999999942866,3.10937765288407E-8,0.9809247753031224
-0.01581131186966744,-0.2159535430615088,-0.20893112466226152,0.055999999999969644,2.26660024186542E-8,1.6487598714346816
-0.01455851076960902,-0.2156203417588702,-0.20939184769099095,0.055999999999933575,3.352632811407259E-8,1.9827354223510847
-0.0159501310995126,-0.21655546214910695,-0.20834094814518453,0.05599999999998306,1.6930525857224893E-8,1.3856895138312206
-0.015307359319521497,-0.21611093333593462,-0.20871753976138646,0.05599999999997134,2.2023384486936872E-8,1.6178129393651246
-0.014626615641886014,-0.21598538631050415,-0.20881857567427717,0.05599999999996422,2.4607004989204702E-8,1.754162484460152
-0.012341436117890911,-0.215685498635875,-0.2098658740857768,0.05599999999994016,3.1822220965788365E-8,1.599046299597766
-0.01180261885822891,-0.21577498911108264,-0.21039330444146714,0.055999999999948376,2.9556859145952862E-8,1.2619852404187673
-0.011306102956881134,-0.2159980786730223,-0.21102386477155766,0.05599999999995886,2.638648615975095E-8,0.9386028043592702
-0.012913681303200232,-0.2156854791085028,-0.20951506328919928,0.05599999999993632,3.282443705725546E-8,1.8150989755404232
-0.013501733814545674,-0.21568964868561377,-0.20937639645593137,0.055999999999935456,3.305077720050377E-8,1.8902778832877973
-0.013909286527982524,-0.21586420542961907,-0.2089740821588107,0.055999999999951776,2.8567753131500037E-8,1.873141186591696
-0.012254316638821814,-0.21580977268950247,-0.2090878101158149,0.055999999999952255,2.842420078972842E-8,1.6810068046753273
-0.013099226574806472,-0.21594953278967371,-0.2087472463428929,0.0559999999999588,2.6405368212825054E-8,1.7619181651308116
-0.010912727615285498,-0.21583217037945948,-0.21012327569469397,0.05599999999996196,2.5372154194188484E-8,1.2089491169914115
-0.011578706324871858,-0.21575993070125288,-0.20953318983993208,0.05599999999995486,2.7637788570521206E-8,1.523381608082798
-0.010412191135572636,-0.21606046758233163,-0.21087922638118292,0.05599999999996866,2.3031192441569784E-8,0.8907567592927738
-0.016534607897193115,-0.21705820431997824,-0.2080040513643794,0.055999999999989225,1.3506230261887365E-8,1.1732028793688556
-0.015727625060561398,-0.21724455177927113,-0.2076612299643796,0.05599999999998933,1.344027540561076E-8,1.1844361389756248
-0.0148192523523676,-0.21662500131932452,-0.20805775174212074,0.05599999999998121,1.7834231251834602E-8,1.4173247273447036
-0.013920380552961388,-0.2163070634594089,-0.2082642920419918,0.05599999999997255,2.1552666480379675E-8,1.6119633493045213
-0.011464589917488117,-0.21588170821777153,-0.2086520325658336,0.05599999999996343,2.4876989114400774E-8,1.587533171905877
-0.012237717770200973,-0.2160479617595775,-0.20834593752239156,0.05599999999996672,2.3730803385810424E-8,1.6173167273294888
-0.012989873593115936,-0.21639808985746953,-0.20788114571603758,0.0559999999999761,2.0112439559110993E-8,1.5306439649085304
-0.010587963369684275,-0.21578219512978777,-0.2090783206901333,0.05599999999996545,2.4179492360493267E-8,1.442935546695797
-0.010025139565107373,-0.2158394798676789,-0.2099310203902277,0.0559999999999705,2.2341949229643026E-8,1.1325658331900088
-0.010001699059593323,-0.21577469226773804,-0.20848860207693298,0.05599999999996973,2.262872229954526E-8,1.3768900544037115
-0.010747639047628014,-0.21592907540160206,-0.2081031603616557,0.0559999999999694,2.2753466023500282E-8,1.5197800638192014
-0.009820455565974176,-0.21584665853084792,-0.20771397364153832,0.055999999999971434,2.198638525624691E-8,1.4028068658525503
-0.009296313961700973,-0.21569328097972146,-0.20834749916372036,0.055999999999971996,2.1768669839921002E-8,1.2723278405175962
-0.009404440786785085,-0.21604320413956626,-0.2106933029638415,0.05599999999997546,2.037581670862255E-8,0.8813555890829418
-0.009751958621942017,-0.21574155942625176,-0.20904559841250195,0.055999999999971,2.2151157332093046E-8,1.2499798764936914
-0.009219538661246203,-0.2158057001893011,-0.20981422261998184,0.05599999999997556,2.0336332802419246E-8,1.0125713369251395
-0.00907166335267512,-0.2156796352582016,-0.20894307097650724,0.055999999999973814,2.1050962458370578E-8,1.151698524118172
-0.0138894097829568,-0.21692635151065756,-0.20744992831072318,0.05599999999998443,1.623340703263953E-8,1.3288151826505255
-0.014666536680985543,-0.21741483280383517,-0.2071850654201275,0.05599999999998979,1.3141483380790377E-8,1.16148848657741
-0.011582375519248423,-0.21608760886884637,-0.20800337859227314,0.05599999999997039,2.2385624234535193E-8,1.5549261605272764
-0.012082253371208442,-0.2163846479588903,-0.20755579216649422,0.055999999999977755,1.9401418518377504E-8,1.4850052990827696
-0.010349577668663342,-0.2161183401967059,-0.20714736363615155,0.05599999999997557,2.0334261338932047E-8,1.4055694832618169
-0.01121792236637958,-0.21628386596723448,-0.20731889529925865,0.05599999999997717,1.9657818409021713E-8,1.4693616250862773
-0.013680410063196306,-0.21760009058468932,-0.20660299929022677,0.055999999999991,1.234550578156585E-8,1.1270594514737493
-0.012786432091855022,-0.21690536074408562,-0.2070380640176987,0.05599999999998569,1.5564082925916367E-8,1.3230846421717493
-0.010846304888447683,-0.2165401691271222,-0.20652893980715192,0.05599999999998339,1.676706960716953E-8,1.3236287554899941
-0.009442740330740015,-0.21589478851099994,-0.20701845776699998,0.05599999999997396,2.0995554694221932E-8,1.3448065066515795
-0.008906271653966735,-0.21565367616445874,-0.20768630992114356,0.055999999999972815,2.1452643367555163E-8,1.2439732983331766
-0.008377509866480646,-0.21554330286705983,-0.20836556121298375,0.05599999999997564,2.0300497769253372E-8,1.0989130009497383
-0.00831450087081488,-0.2159041895518217,-0.21043636143469258,0.05599999999998084,1.8003569011540356E-8,0.8502751600778237
-0.008433715231706775,-0.2156904340892822,-0.20952817486583553,0.055999999999978727,1.897460824332116E-8,0.9974570973646726
-0.011797429266666402,-0.21678670961979365,-0.20670468640313241,0.05599999999998558,1.5622789935054433E-8,1.331568202506028
-0.009950259476582953,-0.21627800338716271,-0.20636708795885175,0.05599999999997993,1.8429939469636042E-8,1.322162056728107
-0.012417376611596065,-0.2175339183486123,-0.2060319118192764,0.055999999999990994,1.2344468599683891E-8,1.124696297272374
-0.011325309940269533,-0.21709401043863885,-0.20593561563258556,0.05599999999998815,1.415594139324606E-8,1.1793108868818365
-0.010402459882693895,-0.21677983336756654,-0.20574992722204066,0.05599999999998639,1.5174457981865916E-8,1.208260618543566
-0.007830361666180804,-0.2155268816410837,-0.2091331325892818,0.05599999999998097,1.7947981755904074E-8,0.9383268946344261
-0.007288952560190013,-0.21559238943799997,-0.21003388987600002,0.05599999999998292,1.7004144607168537E-8,0.860990706504013
-0.011592889511679217,-0.2177044900575017,-0.20530587053522076,0.05599999999999189,1.1715876086956279E-8,1.03292581574235
-0.010835117612957688,-0.21743148894280778,-0.20511156348368142,0.055999999999991286,1.2148476578056229E-8,1.0458276077698652
-0.015606704116143202,-0.21511009507334486,-0.21304247618499217,0.05599999999985302,4.9871067718653115E-8,0.5996372636599484
-0.015525416666328559,-0.21529788376681586,-0.21330684026443048,0.05599999999987809,4.541894865436743E-8,0.5597362996805779
-0.01532754700627572,-0.21535682214984173,-0.21308811817088189,0.0559999999998716,4.6615144602738544E-8,0.5902573882530769
-0.015300421837746802,-0.21551442473986174,-0.21335936754862916,0.05599999999989542,4.20677651405252E-8,0.5652443287711593
-0.015753494484614522,-0.21488972446418808,-0.21281073825300406,0.055999999999835244,5.28025293110046E-8,0.6527146671922993
-0.015912237215397217,-0.2146728584690309,-0.21257707486531305,0.05599999999981853,5.541529022141036E-8,0.7138194194753269
-0.015476713011817547,-0.21506578292147294,-0.21271335098106317,0.055999999999840046,5.202724901796805E-8,0.6825153849464577
-0.015335068802008408,-0.21523520452004893,-0.21285395078325658,0.055999999999852834,4.990429526590913E-8,0.6433006909563588
-0.016107017857443947,-0.21444561784429803,-0.21234315149400518,0.05599999999980234,5.783482039802988E-8,0.8068060465965644
-0.015791584072043303,-0.21466678291289398,-0.2122459730520282,0.05599999999980306,5.7728460593428345E-8,0.8402663743040493
-0.015037955925602422,-0.21574612115950167,-0.21341734314298838,0.05599999999991142,3.8718989598965886E-8,0.5559106241044475
-0.01476016587535715,-0.21577381601996262,-0.2131402509857006,0.05599999999990473,4.015075444748209E-8,0.5840067058898033
-0.014730527279323186,-0.21599139062439957,-0.21348200197336276,0.05599999999992544,3.5518374302225234E-8,0.5493080727750579
-0.015035425243078519,-0.2155770570698811,-0.21310572961871754,0.055999999999887314,4.366794125274716E-8,0.589662534131417
-0.015096464096150264,-0.21539279952265453,-0.21283654474194877,0.055999999999863596,4.8044967245425094E-8,0.6346005076421228
-0.014796992389535467,-0.21555707832265394,-0.21279152354041875,0.05599999999988065,4.4940592880189126E-8,0.6394322415241064
-0.014965618535499126,-0.21529989661172827,-0.2124773385321938,0.05599999999984886,5.0572307627720903E-8,0.7197407494745857
-0.015248684219348357,-0.21521213790590438,-0.2126777159791165,0.05599999999984593,5.106121301515678E-8,0.6810079246523207
-0.015598139124019408,-0.2148860066195403,-0.2124919498118053,0.055999999999820894,5.505436446823485E-8,0.7516158839294124
-0.015289089876358616,-0.21507245373042141,-0.21241951571417605,0.05599999999982688,5.412526587967914E-8,0.7574574092689255
-0.01544409480956869,-0.21487827129851908,-0.21215181464172483,0.05599999999981228,5.636206837041185E-8,0.8758165290022354
-0.015086308638691637,-0.21508376967804219,-0.21211426811034625,0.05599999999982979,5.3669166674942576E-8,0.8529364879259785
-0.0144626878803759,-0.21575169075753928,-0.2128035962870438,0.0559999999998971,4.1729631665754425E-8,0.6320740775410443
-0.01454964046159165,-0.21550212281653722,-0.21241253569995383,0.055999999999872686,4.6414391136784985E-8,0.7217530421013153
-0.01394766682179999,-0.21651565409399998,-0.2136222659,0.055999999999942325,3.1240806122086736E-8,0.566883829244455
-0.014371727140265073,-0.21624886697738613,-0.2135529948017473,0.055999999999935574,3.30190575458331E-8,0.5683895150576207
-0.013957722110529043,-0.21623830939655436,-0.21319458304611413,0.05599999999992869,3.4738320491573644E-8,0.5825444941299661
-0.014393754431112925,-0.21599834204761298,-0.21316378284643409,0.05599999999991811,3.7227616425041236E-8,0.5902899564852415
-0.014008219482118462,-0.2159719636045017,-0.21279172042631567,0.05599999999991129,3.8746420264240004E-8,0.6203711318795565
-0.014686979930231861,-0.21528113073494873,-0.21205980838534577,0.055999999999848706,5.0598415825177576E-8,0.8365051137226703
-0.014234965677268348,-0.2154718885057798,-0.21198937601482562,0.055999999999872145,4.6515730120325316E-8,0.8214903062958653
-0.01410005300478993,-0.21571245684725635,-0.21239058594489862,0.055999999999891914,4.276740456822926E-8,0.7085388183491608
-0.0150299454168,-0.21751799146599998,-0.21667963377000002,0.05599999999996941,2.275384523893536E-8,0.405496924043844
-0.01508793747769529,-0.21732086863722636,-0.21648082798573157,0.05599999999996238,2.52314552579514E-8,0.4264761856005166
-0.014875834594169851,-0.21753311036023476,-0.21643578885493756,0.055999999999964814,2.439979396736156E-8,0.4504030550377265
-0.015253465061813114,-0.21683507179766517,-0.21601967223014384,0.05599999999995509,2.7565658072429043E-8,0.4995419983715355
-0.015014189160961616,-0.21707262300117283,-0.2159197577147068,0.055999999999957334,2.6869424422983485E-8,0.5045533525813716
-0.015161089462610997,-0.21709454370700534,-0.21626081737378663,0.055999999999959506,2.6177542444798366E-8,0.4521628975752365
-0.01602812750762589,-0.21508720451318575,-0.21463090896288334,0.055999999999913404,3.8281131628231204E-8,0.5254475196044367
-0.0161995032849379,-0.21474954510533117,-0.21439618875841784,0.05599999999989538,4.207459334194378E-8,0.5081119739939838
-0.015943635718047435,-0.21512255476254538,-0.21422872174142932,0.05599999999989822,4.1500111113335556E-8,0.5253140554788196
-0.01576273435818521,-0.21545629339418512,-0.21448689994648815,0.055999999999920703,3.663032146753209E-8,0.5346212655227215
-0.01557334831301405,-0.21580840653951286,-0.2147410679518945,0.05599999999993779,3.244696477483045E-8,0.5559867728759799
-0.01585521443562418,-0.21544404871941536,-0.21488962046769283,0.05599999999992982,3.4462266788244864E-8,0.5402761352878861
-0.015650806464522694,-0.2154687134181428,-0.21406854300024225,0.05599999999990926,3.9186635544806885E-8,0.5287367396504362
-0.015680344070413195,-0.21582215670211696,-0.21517661359695409,0.055999999999940875,3.163058249498514E-8,0.570123288662772
-0.01538735084488311,-0.21616335614965235,-0.2150055948570812,0.055999999999947446,2.982070687739607E-8,0.561823611569045
-0.015513091643331343,-0.21619781374722105,-0.2154741885647457,0.055999999999947016,2.9946429658274795E-8,0.5629214663690943
-0.01495157346796711,-0.21730323061053278,-0.21619636201853085,0.05599999999996023,2.5938674693123934E-8,0.4765059486686713
-0.014708553726022764,-0.2175292280840188,-0.21615213042552753,0.05599999999996367,2.4796892120481426E-8,0.49124172308244707
-0.01480130091769863,-0.21727075874038743,-0.2158698485304822,0.05599999999995983,2.6072225426039377E-8,0.5188464294622249
-0.01453309250953825,-0.2174918395874727,-0.21582197221215021,0.055999999999963766,2.47622917764617E-8,0.5428078017560053
-0.015713730110537213,-0.21518664825535425,-0.21347308135350945,0.05599999999987635,4.5743337793230393E-8,0.5409289590676967
-0.015867201373385473,-0.21512815081797224,-0.21383775706090155,0.0559999999998843,4.424864886593202E-8,0.5371352109175226
-0.01615129088135889,-0.21476970512176558,-0.21402933909923313,0.055999999999877086,4.5605910257057826E-8,0.5257658253714421
-0.016373028174951485,-0.21442145945377622,-0.2141750708064058,0.05599999999988173,4.473785942951803E-8,0.5102459355196076
-0.01548381877338249,-0.21574675025745665,-0.2142864630802671,0.055999999999929134,3.4628711446978574E-8,0.5366530248844461
-0.015121765997690575,-0.21680142354498527,-0.21564913339196634,0.0559999999999543,2.7810131900277773E-8,0.5290678179386084
-0.015369582589559613,-0.21653774757404626,-0.2157575241676859,0.055999999999951644,2.8604126031702875E-8,0.5380752127530651
-0.014859183061450511,-0.2170570203660367,-0.2155911307326272,0.055999999999957306,2.6878574649902498E-8,0.5260606749722307
-0.014640812916954921,-0.21727188020118662,-0.21560977816680585,0.05599999999995988,2.6057166376153346E-8,0.5415628394062443
-0.015539127917678716,-0.2154437091498542,-0.21367350335483898,0.05599999999989781,4.1585035586969215E-8,0.5455867520221498
-0.015430445622006688,-0.2156727569472828,-0.2139576684018859,0.05599999999991887,3.7053296033856724E-8,0.5301924191611653
-0.015223325190575291,-0.21613954103993951,-0.21452867359464922,0.05599999999994399,3.078652740731942E-8,0.5418722598626601
-0.015232543969186703,-0.21650157531617448,-0.2153166530103951,0.05599999999995153,2.863689029819576E-8,0.5510580162100376
-0.01503208176495346,-0.21648087066167165,-0.21482825210667245,0.055999999999952164,2.8450909396473847E-8,0.5519262851567859
-0.014940875900000624,-0.2167868454594808,-0.2152406875488353,0.05599999999995481,2.7654408262756957E-8,0.5462987408167601
-0.014360989058757191,-0.21740391657349373,-0.21544422357692922,0.055999999999961726,2.5447941380838677E-8,0.5525495017275303
-0.015236420160375155,-0.21573531197457377,-0.21369643760150092,0.05599999999991676,3.752984868621578E-8,0.5367193150973079
-0.01521636431908799,-0.21592076337575747,-0.2140433170314574,0.05599999999993416,3.337742295910239E-8,0.5375477228417637
-0.014976467539575123,-0.21597380751225323,-0.21375254520662773,0.05599999999993138,3.4077486422810965E-8,0.531489235337851
-0.014614127934476084,-0.21708810786087646,-0.21524807309512756,0.05599999999995775,2.6739922425373453E-8,0.5504150468757336
-0.014951837100824643,-0.21620316593878836,-0.2141456496533139,0.055999999999943616,3.0890943468125934E-8,0.5394087667342746
-0.014756592955983588,-0.2165883183254916,-0.21456561370494412,0.055999999999954184,2.7842028987223982E-8,0.537398395185223
-0.014920797750876355,-0.21639351086083874,-0.21445837327498582,0.05599999999995048,2.8951394383440154E-8,0.5375337016893688
-0.014676010349409198,-0.2164743847181243,-0.2142521144013022,0.05599999999995104,2.8784725040145535E-8,0.5330127049867665
-0.014707796941754468,-0.21678910229516352,-0.21485508259202427,0.05599999999995615,2.7243609115955343E-8,0.5488842860111269
-0.01420305748795493,-0.2172557132895303,-0.2150182865705861,0.0559999999999602,2.5952159333046818E-8,0.5569279760286031
-0.014421277133114052,-0.21699199856647597,-0.2148272101345139,0.055999999999958604,2.6469251838032277E-8,0.540863995297553
-0.014678027698757179,-0.21624113922487348,-0.21384996509525958,0.05599999999994104,3.158763506092635E-8,0.534268100587114
-0.014425224500322093,-0.21677705171349923,-0.21447045556665695,0.05599999999995601,2.728616908283445E-8,0.5371733398414537
-0.014319771971628883,-0.21654611997241746,-0.2139827849231438,0.05599999999994782,2.9714990247707667E-8,0.5374433247347238
-0.0139847001851245,-0.21679650135051268,-0.21408367901074768,0.055999999999952615,2.831626289415332E-8,0.5667914817885634
-0.014071392591485763,-0.21704920281950485,-0.2145541249914326,0.05599999999995811,2.6624308048713655E-8,0.5616163550537213
-0.014277463072284516,-0.19816756471960434,-0.2175592482093119,0.05599999999996625,2.389834455628384E-8,0.7111643094098189
-0.01446926854814684,-0.19823272791963842,-0.2168369589482959,0.055999999999979004,1.885264116838333E-8,0.6044285272838915
-0.014990656298399999,-0.198467965064,-0.21745089876600002,0.055999999999953566,2.803289035393395E-8,0.7502113365982518
-0.013424623083735565,-0.19794319549260375,-0.21768681057878797,0.055999999999976346,2.0007193425690586E-8,0.7290857356492128
-0.01363671269321418,-0.19801751857623143,-0.21692471630451526,0.05599999999998284,1.7044394422598972E-8,0.5917325297276493
-0.0140285127922943,-0.1981252386671862,-0.21629039986665952,0.0559999999999779,1.933742328005386E-8,0.587677008648553
-0.014654886481059745,-0.19830193796067025,-0.2160261622521267,0.055999999999974986,2.0574785034523456E-8,0.5995360907802482
-0.012749683094269257,-0.19793486138376706,-0.21702884849030782,0.055999999999985006,1.5928102315726543E-8,0.5716557883231628
-0.012427139556728226,-0.19784976080296848,-0.21783348941493075,0.05599999999998392,1.649670423300098E-8,0.6795374565620119
-0.010011312502084915,-0.19834886734068458,-0.2177496171300303,0.05599999999999051,1.2672087849719273E-8,0.5330900347366194
-0.00955373548634,-0.198448081334,-0.21824319526,0.055999999999989364,1.3421132241922573E-8,0.6129816057159636
-0.009694297239790426,-0.1985198462854729,-0.2174484703119859,0.05599999999998739,1.460530923800511E-8,0.6054983109696326
-0.010383295901893947,-0.1981565721526653,-0.21812667392636795,0.05599999999998894,1.3683519208031476E-8,0.5980959974228097
-0.010348441497323776,-0.19829550794984757,-0.21736926379940724,0.05599999999998736,1.4628187753698687E-8,0.57452493081567
-0.010931856519413025,-0.19812537971416558,-0.21740152269515844,0.055999999999988115,1.418153646922449E-8,0.5656854625694494
-0.011362428835382632,-0.19793464852785525,-0.21798732873614785,0.05599999999998784,1.4346839091422049E-8,0.659177695875596
-0.011794701284133962,-0.19799185174381478,-0.21715477347323126,0.05599999999998689,1.4903571461471323E-8,0.5744801411435856
-0.013168056445599013,-0.1980426462387479,-0.2160853289220323,0.05599999999997999,1.8403654225103988E-8,0.6087468526709323
-0.013969521708558951,-0.19815992856946332,-0.21550952515275806,0.05599999999997832,1.915718921399524E-8,0.6104228829469412
-0.014795373796814216,-0.19835631970053863,-0.2152821044933076,0.0559999999999769,1.9772110901998932E-8,0.6064274059025065
-0.009839016566345346,-0.1985704129786023,-0.2166345361451173,0.05599999999998395,1.64805171183178E-8,0.7016127415993475
-0.012163798436593343,-0.1980659156023457,-0.216301154739883,0.05599999999998142,1.773252808428331E-8,0.6189381570486011
-0.012400350574119073,-0.19814674274759475,-0.2154440075788266,0.05599999999997896,1.8868390430313333E-8,0.6871401691713777
-0.009988520090504998,-0.19859236910928463,-0.21581984544565153,0.055999999999981856,1.7524078876100557E-8,0.7461854549880753
-0.010584297513696965,-0.19834111557666093,-0.21656211535022657,0.055999999999983084,1.691757071289353E-8,0.6552417525674794
-0.01126714588424605,-0.19819210440110732,-0.21645526736897314,0.055999999999982564,1.717865513187061E-8,0.6316085794537568
-0.01071447489253371,-0.1983992011426176,-0.21569259829876464,0.055999999999979726,1.8527088833017493E-8,0.7216985599823391
-0.01151914232389987,-0.198248258598689,-0.21559105496538042,0.055999999999979365,1.869058541722615E-8,0.703964712682516
-0.01412141489436245,-0.19822660989147822,-0.21476199233075463,0.05599999999997832,1.9153833472126828E-8,0.6782505230597642
-0.013283778425258167,-0.19814390885010422,-0.21508492957913422,0.055999999999978685,1.8995643876522752E-8,0.6766125893252443
-0.01255779818037319,-0.19820395835065685,-0.2146383331031873,0.05599999999997863,1.9016512938045798E-8,0.7700164043003564
-0.015031151238357892,-0.19843411902410968,-0.2142778288542474,0.05599999999997829,1.9169874091854677E-8,0.6867123876404296
-0.010932789322699745,-0.19839734565099532,-0.21499858980550682,0.05599999999997974,1.8514520822029884E-8,0.7731762277238595
-0.011716477189979691,-0.19827478370717208,-0.21488230228700553,0.055999999999978956,1.8873452652678294E-8,0.7647537415004332
-0.015076309642520352,-0.2176909709627781,-0.2170119252316383,0.05599999999998445,1.622187400250523E-8,0.43597049840650215
-0.015061788301189108,-0.2178093797042318,-0.2171537854274702,0.05599999999999177,1.1797788318073039E-8,0.6930063094716917
-0.01519893896186073,-0.21763391846316446,-0.21713640793844755,0.05599999999998997,1.3034134497463013E-8,0.6824344046706226
-0.014948983847417503,-0.2178314615732252,-0.2170056325042649,0.055999999999984916,1.5975231192542007E-8,0.4234978412961526
-0.014913992655399999,-0.21798810162899998,-0.217172665281,0.055999999999992986,1.089512836126188E-8,0.6987720929514488
-0.015181411046993231,-0.21748770330258194,-0.21690260587178134,0.05599999999997744,1.9541674380986045E-8,0.3735422643131949
-0.0153402869802,-0.217441135157,-0.21711867576100002,0.05599999999998865,1.3859858182646041E-8,0.6569542621300859
-0.01498615165708252,-0.21768063350616917,-0.21684754227724778,0.055999999999976145,2.0095543812967906E-8,0.39930112613414387
-0.01210317967292049,-0.19825666350061447,-0.21418213191550706,0.05599999999997921,1.8755379440974498E-8,0.810202608976024
-0.011350136542576442,-0.19834589103300856,-0.2140826595352221,0.05599999999998023,1.829523540845425E-8,0.8057585841464884
-0.012891686425550067,-0.19821672590219,-0.21383030917488433,0.05599999999997956,1.8599438754857254E-8,0.8339281793051384
-0.013079740811330374,-0.19819040344348204,-0.2128603983041048,0.055999999999981544,1.767347603990789E-8,0.8754966566057236
-0.011934368483939023,-0.19825869828997222,-0.21331249215668752,0.05599999999998228,1.731886335122921E-8,0.8492172836550228
-0.013542348754980192,-0.19812316273637673,-0.21189338824266873,0.05599999999998318,1.68704680964733E-8,0.8983105757887668
-0.01245836392948135,-0.19814831380684628,-0.21219465793046352,0.055999999999984534,1.6179510629408613E-8,0.836955874016073
-0.014074825937369787,-0.19803200105629432,-0.210961533715892,0.05599999999998508,1.588798183762281E-8,0.9107514960971935
-0.013037293080565665,-0.19802152075464793,-0.2111959513657027,0.055999999999986304,1.5225802633325317E-8,0.8517255118763787
-0.014567741766480945,-0.19791835027427127,-0.21006396757754103,0.055999999999986616,1.5049032067819445E-8,0.9167786055445273
-0.013617157545077398,-0.19786852006902406,-0.21015333358305766,0.05599999999998787,1.4321792706713382E-8,0.8511960039796674
-0.014242933543323184,-0.19771871273510006,-0.20922856640559484,0.05599999999998962,1.325059711106158E-8,0.855092265889657
-0.014745968597772389,-0.21807952046709853,-0.21705087080218582,0.05599999999998885,1.3738454689136579E-8,0.45401926992222263
-0.014753076001868017,-0.21817241086439576,-0.21719337407950248,0.05599999999999444,9.697495199411989E-9,0.6812843002485982
-0.014913992655399999,-0.21798810162899998,-0.217172665281,0.05599999999999292,1.0951120519347121E-8,0.6983440967462777
-0.014828577311053415,-0.21795250125474216,-0.21699189429829963,0.05599999999998488,1.5999069471195272E-8,0.42951701140274456
-0.014590229072101016,-0.21823084279936691,-0.21704709332711333,0.055999999999989704,1.319917615393631E-8,0.44906525355309973
-0.014585464738800001,-0.218352524335,-0.21721511962300002,0.055999999999995644,8.590737974776771E-9,0.6555178964734889
-0.014659953736780999,-0.21804770864154313,-0.21687966923187824,0.05599999999998147,1.7712534568574044E-8,0.4148871321173305
-0.014812189806982807,-0.21786580574921188,-0.2168403770392668,0.05599999999997755,1.9491497501391662E-8,0.40919149539329713
-0.014674515801314413,-0.21789952492762488,-0.2166833715917443,0.05599999999997548,2.0371778631115425E-8,0.43226961289716814
-0.014466822131056774,-0.21809590156930675,-0.21668697518535893,0.05599999999997888,1.8907907175371968E-8,0.4485436743186622
-0.014858791577626661,-0.21770947076829317,-0.2166811942361676,0.05599999999997212,2.1722313160366923E-8,0.41679735990968175
-0.011572490364611375,-0.2200925834617272,-0.21747351890362857,0.055999999999998884,4.342234442537452E-9,0.44650847585690673
-0.011388797999660964,-0.2200926120805826,-0.21744056140288742,0.05599999999999827,5.40668040816371E-9,0.4048788037284475
-0.0114471216291,-0.22022819286099998,-0.217644476768,0.055999999999999675,2.3415197728587023E-9,0.613544824972007
-0.011523948400133752,-0.21999745076328892,-0.21732839101886384,0.05599999999999725,6.828323119179118E-9,0.3718379755124797
-0.011731100203921405,-0.22015932372073654,-0.21760412992163944,0.05599999999999966,2.3698089717463365E-9,0.5800610446478524
-0.014427639377391561,-0.21825785542366768,-0.21686976886950735,0.055999999999984694,1.6094429195304876E-8,0.42628607180134886
-0.014391018622772055,-0.21842324325444126,-0.21706280735500008,0.05599999999999164,1.1890963576926423E-8,0.45045070596955394
-0.014385877407052957,-0.21855106467933283,-0.21724125001565825,0.0559999999999967,7.46917524344437E-9,0.6129722399416436
-0.01421764858902341,-0.21858063681468978,-0.2170813136779957,0.055999999999993375,1.0587833438287656E-8,0.44844956928071983
-0.014148731927770952,-0.21876668091193216,-0.21727260002446003,0.05599999999999752,6.4910584276479524E-9,0.611960117504153
-0.014236724350748887,-0.21829437462653806,-0.21669317637736024,0.055999999999982335,1.729330711993493E-8,0.45886745112848204
-0.0113325538246,-0.219956013379,-0.217236238649,0.055999999999996136,8.089902942836544E-9,0.3653939874039179
-0.011586078405935528,-0.21986126593092842,-0.2171492861281848,0.05599999999999566,8.58486188716555E-9,0.36721479319685063
-0.011790712716616929,-0.2199769616446183,-0.21736356825124514,0.0559999999999979,5.95607820213987E-9,0.39585732143544916
-0.012034240295696223,-0.2200626412571523,-0.21756140313509315,0.05599999999999961,2.554731165349246E-9,0.5715061936674825
-0.012127283510545133,-0.21983476617299608,-0.2172788005488925,0.0559999999999975,6.490635861905635E-9,0.39821036648231406
-0.01236994062013504,-0.21992806975194307,-0.2175144961692123,0.05599999999999955,2.7691455047193048E-9,0.557689642781092
-0.011862390848378587,-0.2197468507263488,-0.2170638623114729,0.0559999999999953,8.924174971555087E-9,0.3779608149583316
-0.0121709956262792,-0.21960472054383215,-0.21697886353539186,0.05599999999999463,9.524750545314864E-9,0.39422898296414327
-0.01248213754197472,-0.21967883265505891,-0.21722359307901018,0.055999999999997226,6.852119779558144E-9,0.4056349212955619
-0.012740402928567573,-0.21974728546794461,-0.2174632128395105,0.055999999999999404,3.165828700895162E-9,0.554666733192788
-0.014176088343371935,-0.2184748745805491,-0.2168804919891819,0.055999999999987414,1.4598620897306194E-8,0.43295159371995595
-0.013969915860322608,-0.21870431879694058,-0.21698841772904362,0.05599999999999168,1.1863155628072186E-8,0.4340227069393731
-0.013867677560697898,-0.2189994070624707,-0.21731009196424034,0.05599999999999822,5.485024457644231E-9,0.6490459120571226
-0.013615132686272766,-0.21897912760796437,-0.21704215773637162,0.05599999999999391,1.0156591769436062E-8,0.43995114415050174
-0.013536037577210825,-0.2192493289775992,-0.21735468968805463,0.05599999999999883,4.4614909115175184E-9,0.5983611866214879
-0.013971588477462965,-0.2185025756537456,-0.2167044561813049,0.05599999999998558,1.562087121473466E-8,0.4669599042522527
-0.013228049364189082,-0.21923745331483077,-0.21708695643757292,0.05599999999999541,8.818320778649184E-9,0.4335213211438595
-0.013146661523880585,-0.2195113807228398,-0.21740752186898638,0.05599999999999917,3.745145196725977E-9,0.5817202119440558
-0.012836773812621875,-0.21947477015409408,-0.21714428290585397,0.05599999999999645,7.757973909139441E-9,0.41832248557911283
-0.012516796418533892,-0.21942786840882691,-0.21689662163157375,0.05599999999999398,1.009722312796804E-8,0.4107122666903788
-0.012900345270706161,-0.21921151690619178,-0.2168224842150168,0.05599999999999273,1.1093013810235427E-8,0.44090622015654657
-0.013661354793216215,-0.2187250355006254,-0.21672532193796373,0.05599999999998869,1.3833648615167768E-8,0.47248122012589594
-0.013302189429752793,-0.2189632491167353,-0.21676264589541902,0.05599999999999102,1.2327881348652482E-8,0.46249637116324677
-0.014257553900660873,-0.21812236652049632,-0.21646818713665866,0.05599999999997573,2.026849219348636E-8,0.5029802172168872
-0.01451820545497201,-0.21792471476338993,-0.21650109313918067,0.05599999999997221,2.1688755701320223E-8,0.47375212031249575
-0.014711887085201021,-0.21776481517491275,-0.21653512507456998,0.055999999999969706,2.263920447443229E-8,0.4462945512450543
-0.014621526869644498,-0.21771746832712047,-0.21632326161151846,0.05599999999996674,2.3725207593754488E-8,0.4810240217310238
-0.01432326158194623,-0.21791858712001363,-0.21623345155359616,0.055999999999970136,2.247955622042978E-8,0.5268103636621819
-0.014400217156950215,-0.2177139887773034,-0.21600295975656547,0.05599999999996625,2.389842224697277E-8,0.5429654940920791
-0.010478904466416535,-0.22010761817580138,-0.217443162365712,0.05599999999999674,7.42897107016281E-9,0.36861987571670474
-0.01021963320068981,-0.22009936219073423,-0.21746871667933376,0.055999999999996726,7.441722869590164E-9,0.3691629358846109
-0.010403413277649388,-0.22022400865642244,-0.2176336091163445,0.05599999999999867,4.735612592332755E-9,0.4433761960452691
-0.010621242900103876,-0.22017231699505577,-0.21752893470187534,0.05599999999999811,5.666590899198424E-9,0.3849918822892959
-0.010653688104432301,-0.22004526919968953,-0.21733446704161227,0.05599999999999603,8.194240003956606E-9,0.3616403227781609
-0.010858771408233962,-0.2201081767963884,-0.2174229656836978,0.055999999999997156,6.950019259134586E-9,0.37331046936605383
-0.010881860381860554,-0.21993059172386878,-0.21716170867449444,0.05599999999999463,9.532820518688904E-9,0.3722884777803537
-0.011099355562900596,-0.22003494121774392,-0.21732411395174617,0.055999999999996615,7.57450332104438E-9,0.3603441979338062
-0.011406697874725718,-0.2198069316809792,-0.2170370540240761,0.05599999999999437,9.765540104438243E-9,0.3806223019351478
-0.011117127101520205,-0.21983297437664845,-0.21703484128265463,0.055999999999993874,1.0186741380597004E-8,0.3884690335319753
-0.011594772593897773,-0.21970382387430723,-0.2169314745520683,0.05599999999999378,1.0263178277948946E-8,0.39326547678044843
-0.013681681822407605,-0.21850923265989608,-0.21644021549019962,0.0559999999999829,1.701209599293794E-8,0.5210870831005633
-0.013947791009764196,-0.21832104168397926,-0.2164224033511478,0.05599999999997932,1.870941773816694E-8,0.5309837773238715
-0.014061033507031438,-0.2181196497715005,-0.21623940686046067,0.05599999999997426,2.0869411751900194E-8,0.5396457737486042
-0.013297760193084105,-0.21873310558958134,-0.21643820243842266,0.055999999999986026,1.5376262625590734E-8,0.5010760472531992
-0.013716986623688506,-0.21825628934125735,-0.21610209026745458,0.055999999999976895,1.977810323386647E-8,0.5601748915539165
-0.013319345600468043,-0.2184898953259534,-0.2161093835084993,0.05599999999998096,1.7951365984194664E-8,0.5597982710072511
-0.013396376103293356,-0.218273216238161,-0.2158550871982829,0.05599999999997709,1.9690235673908686E-8,0.5879670337462721
-0.014023030394580563,-0.21794825972053897,-0.21593185080072955,0.055999999999970365,2.239126121863149E-8,0.568559492420192
-0.013623153712342325,-0.21809405145392963,-0.21577560813891802,0.05599999999997374,2.1080448690195772E-8,0.5940053946856299
-0.014198826530131305,-0.21765378897523688,-0.21565627069013915,0.05599999999996588,2.4029242133479344E-8,0.5623891731643691
-0.011319782123738341,-0.21964280084650736,-0.21679248317743494,0.05599999999999195,1.1665357767784247E-8,0.4155768123091675
-0.010790250822830775,-0.21974004653813833,-0.2168840961423329,0.05599999999999184,1.1742688895664682E-8,0.40832177554613663
-0.011107632558998147,-0.21953270634494398,-0.21660981161918105,0.05599999999999006,1.2974727566189743E-8,0.435854393994403
-0.01134397312147966,-0.21942995298019918,-0.2165008363327129,0.055999999999989745,1.3172492518776115E-8,0.44954482721551153
-0.011039221065097115,-0.21965598357871607,-0.21677656146903643,0.05599999999999132,1.2116233691573866E-8,0.41694690006359847
-0.010405531990863718,-0.21994634341394714,-0.21720618445553566,0.055999999999994554,9.598657764642405E-9,0.3745529335831398
-0.010628888879430216,-0.2198858046980738,-0.21709871203350017,0.05599999999999393,1.0134651068762602E-8,0.3803178116853069
-0.009815992847123842,-0.22015026514866778,-0.217651951542212,0.05599999999999794,5.912986198294681E-9,0.4021648044663659
-0.009567186956209905,-0.22011700235496745,-0.21768553163727805,0.05599999999999794,5.907022704090409E-9,0.4154207802507135
-0.009710432015941515,-0.220274139147382,-0.21789678089043446,0.055999999999999606,2.5720307919213953E-9,0.6558526496552616
-0.01019542527567502,-0.22026700602018312,-0.21774040012078727,0.05599999999999915,3.794554480850064E-9,0.5238949804406539
-0.010021796958031475,-0.22017006621902885,-0.21762492106073048,0.055999999999997996,5.82183148490982E-9,0.4049135411933776
-0.00998275834819,-0.22030455857700001,-0.21785665985400002,0.055999999999999654,2.4263932805009005E-9,0.6618293297182509
-0.009943056147570125,-0.22001731996683307,-0.21740064124834207,0.05599999999999576,8.4764739611343E-9,0.3769055473399789
-0.01014341187433622,-0.2199457204271863,-0.21724431562785018,0.0559999999999947,9.48138996818343E-9,0.37920627975923393
-0.010191075622809322,-0.21983328829485566,-0.2170643405475353,0.055999999999993146,1.0766677120291858E-8,0.39833135557643123
-0.009666091248327704,-0.21999175348319233,-0.21744214328044142,0.05599999999999584,8.382695141432956E-9,0.3832876152315187
-0.009967228996352199,-0.2198472448094399,-0.21712856995083069,0.05599999999999341,1.0564035435326383E-8,0.39766057113144077
-0.00976509288523711,-0.219878458859417,-0.21722936212647853,0.05599999999999415,9.951097871338814E-9,0.394852619511133
-0.00975751453526828,-0.21973340864555557,-0.21700398260432396,0.0559999999999923,1.1411328534823603E-8,0.4145041839827717
-0.009424313732802503,-0.22022850531945,-0.21793913661720313,0.055999999999999585,2.6429394118462452E-9,0.6443376513515959
-0.00910717359220193,-0.2201620467907056,-0.21798632012291175,0.055999999999999585,2.623679389955084E-9,0.6310218258378341
-0.008961321426426729,-0.21995897634452577,-0.21770864139168553,0.05599999999999756,6.427997823850184E-9,0.42101866141285305
-0.008756760250022668,-0.22006961658606028,-0.2180387356076166,0.055999999999999515,2.877589569200336E-9,0.66707651271216
-0.009251336788683364,-0.22003845544463485,-0.2176916980460739,0.05599999999999764,6.313119217109595E-9,0.4082328347167669
-0.009443012625209088,-0.21997254052419118,-0.21749411459740198,0.055999999999996206,8.011829534508696E-9,0.39035761313926753
-0.010400369154246828,-0.2197478933033723,-0.21691053011379668,0.05599999999999178,1.17938597441498E-8,0.4101946846483248
-0.01004928704314311,-0.21967309149227393,-0.21684620672025262,0.05599999999999134,1.2105506256193778E-8,0.42596252756610803
-0.012081727675821167,-0.2193690985733792,-0.2166213444788917,0.055999999999991404,1.2057982844582653E-8,0.44337086515934204
-0.011559744272858821,-0.2195545933541266,-0.2167167193965644,0.05599999999999182,1.1757414983815198E-8,0.42728544060194007
-0.011672966387190009,-0.21939753811629853,-0.2165286701655161,0.055999999999990134,1.2918571681782453E-8,0.45508002442797985
-0.011851861054630914,-0.21955012596879114,-0.21678938771114953,0.055999999999992826,1.1020547644076304E-8,0.41379591553959827
-0.012921292109335944,-0.2189555633651281,-0.21648320042032662,0.05599999999998868,1.384420162297356E-8,0.48723566226905274
-0.012545337163613687,-0.2191651901203689,-0.21655228953561678,0.055999999999990495,1.2689593082000514E-8,0.4666055312485291
-0.012544742993257443,-0.21885242027639557,-0.21612307615188192,0.05599999999998615,1.5308565837125132E-8,0.5299694256889848
-0.012971954599836608,-0.21866671148860858,-0.21611389892147406,0.055999999999983785,1.656553637917175E-8,0.5450434884871794
-0.01304383899880491,-0.2183889385882043,-0.21576812036604848,0.05599999999997957,1.8586471200821777E-8,0.5890409283503564
-0.013750697143099067,-0.21785133035067078,-0.2155186563992303,0.05599999999996877,2.2992989361779262E-8,0.6082479506758155
-0.013313994421941026,-0.21806902241659704,-0.2154925005803911,0.055999999999973245,2.127578730607288E-8,0.6320633922001705
-0.013519162552939055,-0.217687320039734,-0.2150768234780892,0.05599999999996728,2.3529024619534317E-8,0.6077024969744517
-0.013966139162248188,-0.2175626930025235,-0.2152697117310195,0.055999999999964106,2.464230909719604E-8,0.5809559342521046
-0.013810859896458208,-0.2173616678631565,-0.2148139158645513,0.05599999999996238,2.5231793145474703E-8,0.5713908135214604
-0.0121338507202962,-0.21907943808034847,-0.21624683454648458,0.055999999999987816,1.436452783285731E-8,0.5024774000287414
-0.01181475992294603,-0.21922730845762417,-0.21633647449704604,0.05599999999998889,1.3710979853744143E-8,0.4826960790031324
-0.011419754175009834,-0.21922995167312437,-0.21623970506218937,0.05599999999998763,1.4465970770036649E-8,0.483998447652068
-0.010851436239512492,-0.21954601848863808,-0.21660863989042062,0.05599999999998978,1.3154891969956747E-8,0.4380828323925328
-0.011008126910702593,-0.2193535906291932,-0.21634897231947614,0.05599999999998789,1.4315255725677898E-8,0.4706947126408994
-0.011437754997628388,-0.21903267726959727,-0.21597292922476907,0.05599999999998563,1.559429263413244E-8,0.5220286307815342
-0.011116261282220775,-0.2191030996506434,-0.2160134338429118,0.05599999999998593,1.5430744895809583E-8,0.5185702492892089
-0.00977029282228178,-0.21957899321036828,-0.21676242347183128,0.05599999999999106,1.230434535961626E-8,0.4311610610228117
-0.009514258445803883,-0.2196129743193242,-0.21688825405714032,0.05599999999999152,1.1978541311667614E-8,0.4335083211262243
-0.01061497970036204,-0.21957856817432836,-0.2166520058161439,0.05599999999999007,1.2965611760405679E-8,0.4356280535327188
-0.01026990523271492,-0.219486307307572,-0.2165383432984852,0.0559999999999895,1.3329307560332537E-8,0.44930357472593446
-0.01063975880531958,-0.21940885759436646,-0.2164087383699492,0.055999999999988115,1.4178861717821952E-8,0.4627716422521772
-0.009533303345125897,-0.21982188025963484,-0.21721365913441915,0.05599999999999376,1.0283554010245262E-8,0.4060512069813548
-0.009178451751873649,-0.21984011484633792,-0.21739024219854636,0.05599999999999511,9.099817986375416E-9,0.4083607533747103
-0.00929353595375972,-0.21967269342520834,-0.2170641379483476,0.055999999999992923,1.09504967110238E-8,0.42819054464961936
-0.00837109321241433,-0.21994486372813393,-0.2180967656161152,0.055999999999999474,2.971635628235666E-9,0.612160368704504
-0.00854098907993871,-0.21979543519579897,-0.21768871086829547,0.05599999999999715,6.956384470290344E-9,0.42117383894781435
-0.008183646809347404,-0.21972617658862886,-0.21784107476615194,0.0559999999999979,5.965358906382988E-9,0.44016576768213334
-0.008867982469893112,-0.2197759814262254,-0.21744425748024837,0.05599999999999552,8.701503682295684E-9,0.41569189041749544
-0.009915750981830715,-0.21947186903424515,-0.2165682800788454,0.055999999999989794,1.3144339213203707E-8,0.4488115308486793
-0.011763698134176059,-0.21905509290892514,-0.21608636002446224,0.055999999999986595,1.5064467096009185E-8,0.5112854357408217
-0.01204122150459123,-0.2187779202918966,-0.21580029048903154,0.05599999999998403,1.643854835073172E-8,0.5549524193050187
-0.012603418518963537,-0.21856604536089685,-0.21575747737064044,0.05599999999998164,1.762492596123282E-8,0.5695583047345919
-0.01269575756553293,-0.21821322328693932,-0.21531235416155486,0.05599999999997681,1.980989795116332E-8,0.6338644119199515
-0.013628971133693957,-0.21714654172030037,-0.21434442954964517,0.055999999999959554,2.6162807726930986E-8,0.6051364492160676
-0.012946111721533414,-0.21784101419104723,-0.2149219086026652,0.055999999999971704,2.1880597442386945E-8,0.661501130730167
-0.013281662728151363,-0.2174624158352314,-0.21457692092237973,0.05599999999996582,2.405227102879647E-8,0.6342499063661945
-0.013510704050446902,-0.21653179695474417,-0.2133401394639759,0.05599999999994221,3.1273468907557185E-8,0.6017802147025785
-0.013736023846717474,-0.21594878037090573,-0.21253274847319029,0.05599999999990985,3.9058798225002604E-8,0.663474877183684
-0.01359806172031976,-0.2162493104669867,-0.2129505643925807,0.055999999999925214,3.5576277735254264E-8,0.6136115658588109
-0.0135357260723778,-0.21684586162083536,-0.2138317119703645,0.0559999999999527,2.829472544313692E-8,0.615474262761743
-0.013113075888004352,-0.21719936090603917,-0.2140927346068871,0.05599999999996142,2.555206503247737E-8,0.6341531723209587
-0.009257174172048915,-0.219529337222127,-0.2168481765757302,0.055999999999991945,1.1675538699259978E-8,0.44638649708724853
-0.008964288223660216,-0.21958828004677264,-0.21707522449144895,0.05599999999999335,1.0604476751315415E-8,0.434079618148339
-0.009021141593622474,-0.21936169437244935,-0.21667775254511173,0.055999999999991355,1.2093496128238764E-8,0.4647662765578087
-0.007945185679260001,-0.219778345561,-0.218161276622,0.0559999999999994,3.216355099758798E-9,0.6116528167275732
-0.007822521333663167,-0.2195098287601856,-0.21776327085815345,0.05599999999999731,6.7549748790072275E-9,0.4337671991956326
-0.011595631160795754,-0.218898571605052,-0.21582664324022774,0.05599999999998463,1.6131082741965062E-8,0.5383380620987958
-0.011273830880238237,-0.2188655959508442,-0.2157110399545326,0.05599999999998392,1.649892995710718E-8,0.5511603926299241
-0.010775550210453634,-0.21890951170520523,-0.21570912783715934,0.05599999999998423,1.633342608385195E-8,0.5463483085379943
-0.010704918990419164,-0.2191650011353763,-0.21606442114951652,0.05599999999998664,1.5035281191437194E-8,0.5001364688047634
-0.010379287332069713,-0.2192931809007186,-0.21624970211447775,0.055999999999987615,1.4481544182782044E-8,0.47539147981919766
-0.009506747936574139,-0.2193697749015787,-0.21651209479660302,0.05599999999998961,1.326530940984507E-8,0.47263121372430555
-0.009959189743484574,-0.2192585983561874,-0.21624303777903708,0.055999999999987886,1.4316686659137107E-8,0.48332944000631484
-0.010218777918188149,-0.21900247839781709,-0.21584018986509657,0.055999999999985686,1.5560522635064103E-8,0.528034723141429
-0.008232150133001426,-0.2195057330824728,-0.21739739870242167,0.05599999999999555,8.67286423665305E-9,0.43115740722826523
-0.00864103936399766,-0.21962951661938956,-0.21732823376464708,0.055999999999995255,8.971227700559385E-9,0.41989500780226924
-0.011108697405962327,-0.21863020643819409,-0.2153580146844291,0.055999999999982175,1.7367289732404804E-8,0.579044419003187
-0.011619626907594872,-0.21866206805842947,-0.21550953626099612,0.05599999999998272,1.7099709760236503E-8,0.5693046899683939
-0.012999563674425379,-0.21646732119027953,-0.21292434447223435,0.055999999999941284,3.152225533186739E-8,0.6333537661240498
-0.013032829181740861,-0.21684197901675947,-0.2135229847007933,0.055999999999954204,2.7836354859851162E-8,0.6262519671310818
-0.012565489763446474,-0.217221388520373,-0.21384337432814132,0.05599999999996493,2.4359831910524668E-8,0.6438173164347237
-0.01263024509889958,-0.2175822470053508,-0.21438990360642474,0.055999999999970185,2.246445380545926E-8,0.6545108573180195
-0.012102722187346237,-0.2184339767414647,-0.2153519740413291,0.05599999999998014,1.8334013997066108E-8,0.5941010995999754
-0.0121845052443113,-0.21798115461602374,-0.21475737428285213,0.05599999999997558,2.0323128329815496E-8,0.6457755820333383
-0.011540863125006408,-0.21834045120550938,-0.21504708008728085,0.05599999999998052,1.815713320729218E-8,0.6064419630828587
-0.01330570715450222,-0.21615122485044602,-0.21258295952682152,0.05599999999992359,3.595692715694056E-8,0.658490696583342
-0.013375660634300256,-0.21591530389263916,-0.2121861024949354,0.05599999999991131,3.874036181839626E-8,0.7303613657611274
-0.013837320091819084,-0.21573085045395735,-0.21218731805655944,0.05599999999989479,4.219557425626641E-8,0.7647788094017434
-0.013701225511329464,-0.2156360635762917,-0.21183294335169595,0.05599999999989028,4.308877085362656E-8,0.8798051391452999
-0.008542376636253258,-0.21940160176626397,-0.21699842110111026,0.0559999999999933,1.0646604643608033E-8,0.4431122029414383
-0.009082539790693228,-0.2190798791247029,-0.2162031016222497,0.05599999999998969,1.3208990924588382E-8,0.4994179940036538
-0.008556191548319448,-0.21912665780488025,-0.21652710832374206,0.055999999999991536,1.1965928474481035E-8,0.47787597724362
-0.008122984384736857,-0.21919242524258942,-0.2169250419430615,0.055999999999993444,1.0534392072237234E-8,0.4615002205963468
-0.007705864046907651,-0.2192158685036238,-0.2173244721049764,0.055999999999995186,9.02345494300203E-9,0.4571405887478426
-0.012489808414457139,-0.21683180495077273,-0.2132298852964541,0.05599999999995991,2.6048232209319553E-8,0.6471878752986245
-0.010452783291172885,-0.21864627895929714,-0.2153236353452111,0.05599999999998323,1.6846271740630347E-8,0.5734833190347814
-0.009614474951278816,-0.2190461943910663,-0.2159913664813209,0.055999999999987816,1.4357350377155568E-8,0.5207454856185274
-0.009798992070910686,-0.2187067204433269,-0.21545097864263887,0.05599999999998547,1.5684245976924585E-8,0.5589364268274816
-0.009162370011084692,-0.21876457451938813,-0.21568178344416344,0.05599999999998816,1.4153960904859987E-8,0.5277630548913765
-0.012828004664121132,-0.21618276976943374,-0.2123293089173584,0.05599999999993322,3.36164978422294E-8,0.6951039655976349
-0.013093487556114124,-0.21584550308327985,-0.21180643110733446,0.05599999999991471,3.7991190385146933E-8,0.8454283934220416
-0.01243634421294195,-0.21654604363275543,-0.21274963319770393,0.055999999999950846,2.8841698095499412E-8,0.658881774441465
-0.011867692388812679,-0.21756385242571674,-0.21405638788523867,0.05599999999997336,2.1226999534466668E-8,0.6587361694486916
-0.012036730191143586,-0.21713384916266693,-0.21349172284453793,0.055999999999968186,2.3205053594255296E-8,0.6456008173308332
-0.011356906528522807,-0.2172531841294636,-0.21344570570421262,0.055999999999973515,2.117102781549519E-8,0.6253078567522586
-0.010800075963309862,-0.2182227722826538,-0.21474488075003118,0.05599999999998092,1.7966574917485116E-8,0.6122117452085561
-0.011490087827887458,-0.21798464221533229,-0.21453916620143806,0.055999999999978255,1.9184462087074454E-8,0.6300497197158359
-0.011049504734988376,-0.21774160679621735,-0.21409432106733672,0.055999999999978976,1.886183632214503E-8,0.6293203341280439
-0.012426359395314687,-0.21602887035222382,-0.21175670963953058,0.05599999999993686,3.2689239436651356E-8,0.8557104892654889
-0.008586236333770932,-0.21881229783427691,-0.21599224937994116,0.055999999999990224,1.285677271544966E-8,0.5005158020944883
-0.008074361174328186,-0.2188625350233295,-0.21638646927792404,0.055999999999991834,1.1757657230258532E-8,0.49802913722348835
-0.007595750287114051,-0.21889288771997623,-0.21683517163860364,0.055999999999993576,1.042574159401734E-8,0.48485018307183764
-0.007493898336601707,-0.2185382947628154,-0.21628516379096363,0.05599999999999213,1.1538193096591871E-8,0.5216276026985679
-0.008031969404797053,-0.21850918207350858,-0.21580717946183,0.0559999999999909,1.2407609654488328E-8,0.5217541516462503
-0.012079900392721983,-0.21639315447204885,-0.21230826518315468,0.05599999999995256,2.8335484512197138E-8,0.7218932947574709
-0.011777045408557025,-0.21682341561783727,-0.21291471349872437,0.05599999999996482,2.439724981079188E-8,0.641282108779733
-0.010018428953309745,-0.2183231653141947,-0.21486347257602828,0.05599999999998286,1.703071599934082E-8,0.602508013675076
-0.009300585819284822,-0.21840248091309866,-0.21508318250211245,0.055999999999985846,1.5476412244487492E-8,0.5571185020592783
-0.00863066597869646,-0.21845909915601947,-0.21539487791511275,0.055999999999988836,1.3747321679902093E-8,0.5250714037434908
-0.010239619249788279,-0.21790869034687615,-0.2142473587468183,0.05599999999998192,1.749661879137246E-8,0.6198494163357093
-0.008700417269126015,-0.21808405111791973,-0.21475420723532354,0.05599999999998653,1.5096982113964012E-8,0.5529969609153157
-0.009451258213802856,-0.218013045097248,-0.2144507064283377,0.05599999999998382,1.6547250808452002E-8,0.5736678337568785
-0.011656063638206164,-0.2161981106721548,-0.21171184097578707,0.05599999999995529,2.750827778863262E-8,0.8288121359613961
-0.010529307269351841,-0.21744637813553516,-0.21357164867155193,0.0559999999999792,1.8761931542580802E-8,0.6010778528534789
-0.010917976034755035,-0.21697727440341746,-0.2129002758973042,0.055999999999973925,2.1007665207610036E-8,0.6361177829457351
-0.0074045070830175115,-0.21815714107292547,-0.21567366632065738,0.055999999999990835,1.2450567481070082E-8,0.5335114870181428
-0.008018773153887472,-0.21813381684511857,-0.21516854682185232,0.05599999999998922,1.3507676721457456E-8,0.5406889359440968
-0.011253764176423512,-0.21656305847606638,-0.21228163713046208,0.05599999999996639,2.3850689915436628E-8,0.7083088294590064
-0.010788387506630864,-0.21630874597461067,-0.21161966383975211,0.05599999999996808,2.324130739629514E-8,0.7778945910920694
-0.008042287223935116,-0.21772064171780448,-0.21443207893500532,0.05599999999998729,1.466851369995899E-8,0.5659719755688472
-0.009698842003100226,-0.2176002448167317,-0.213777038596414,0.05599999999998279,1.7061156699566857E-8,0.6019099295168905
-0.008863392283816647,-0.21768068681442407,-0.2140351199583871,0.055999999999984895,1.5993441529585848E-8,0.5846718942440567
-0.00994291386816631,-0.2171397081148045,-0.2130260955001233,0.055999999999979955,1.8416186334673567E-8,0.6113146341540688
-0.010317596457662559,-0.2166969352882115,-0.21228914574215402,0.05599999999997543,2.039223218867182E-8,0.6914267479158406
-0.007330057030558297,-0.21774607634687448,-0.2149830382803585,0.055999999999989364,1.3414612392820595E-8,0.5565018993352292
-0.007274144171319013,-0.21730481240647803,-0.21419363309519363,0.055999999999987726,1.4409352715407119E-8,0.5824337862630928
-0.009853391649055016,-0.21634215570370766,-0.21149641385862372,0.05599999999997668,1.9869824476262908E-8,0.7425653580494532
-0.00809831401664833,-0.21729186317857943,-0.21362756792072451,0.055999999999985374,1.573494565383857E-8,0.5863257070687149
-0.009005677732178103,-0.21726833497261033,-0.21329945667206412,0.05599999999998301,1.6954207853827866E-8,0.6085293557937739
-0.009057407469455114,-0.2167032909389883,-0.21224534224978858,0.05599999999998136,1.7756809574068993E-8,0.6547470017733146
-0.008971762295164323,-0.2162726917479072,-0.2113186236666128,0.0559999999999807,1.807493289977436E-8,0.7445195371580485
-0.007240560530330849,-0.21684250277942912,-0.21329343051202312,0.055999999999986005,1.5388579117110843E-8,0.611903490494532
-0.008160740005271885,-0.21683318409304925,-0.21271658184070882,0.055999999999984194,1.6352167532703795E-8,0.5986847691632352
-0.00808470281130547,-0.21632302077859888,-0.21164043377953864,0.055999999999982945,1.699472999291245E-8,0.6635020082893803
-0.007232317203259117,-0.21636794171493376,-0.21225807818285572,0.05599999999998526,1.5788282880498864E-8,0.6318284433622584
-0.007251205084956345,-0.21592603246902237,-0.21112868148003244,0.05599999999998442,1.6236049396697147E-8,0.7434665381929931
-0.010762369301627163,-0.21873430109397438,-0.20353340651503893,0.05599999999999592,8.313838862096623E-9,0.7504951603910618
-0.01026708210856105,-0.21811782857536574,-0.20380798157863084,0.055999999999994395,9.736758217448E-9,0.8334936601813366
-0.010892743119251735,-0.21969340106830706,-0.20266361743597208,0.05599999999999779,6.103969928103494E-9,0.625116196413516
-0.011172146019286958,-0.2208882169594774,-0.20175362187690407,0.055999999999998946,4.224825213962527E-9,0.5226496023441928
-0.011527207995803385,-0.22220081347402937,-0.20085154078678033,0.05599999999999938,3.2507267612702016E-9,0.44928004552590645
-0.010028896203767373,-0.21871592905389667,-0.20292409136870926,0.05599999999999594,8.285039318522543E-9,0.6950306718306299
-0.00935987172717918,-0.21793732857079326,-0.20318141338189957,0.05599999999999412,9.976930192459322E-9,0.7800861856593349
-0.009762218421309506,-0.21920489895148543,-0.20213511061471667,0.05599999999999733,6.726796464993256E-9,0.611659231999619
-0.010060103607483504,-0.2201004262958242,-0.20149334884525158,0.055999999999998544,4.971752909420366E-9,0.536448838715889
-0.008518160966480035,-0.21769081276399999,-0.20253573403899996,0.05599999999999423,9.883280112160081E-9,0.7127033179096889
-0.009147696673666939,-0.21853718223754923,-0.20223218914403748,0.055999999999996226,7.987591252350898E-9,0.6473412693216051
-0.008327315590731393,-0.21820571689447602,-0.20160056118974293,0.055999999999996476,7.719416511864657E-9,0.597355105408632
-0.008969751728888815,-0.21922875367009625,-0.20121641123954853,0.05599999999999783,6.065415784014276E-9,0.5462464140648675
-0.007751513336218351,-0.2173703036698175,-0.20186319196422778,0.05599999999999497,9.224795775950593E-9,0.6516781926018457
-0.007553133542749945,-0.21784052416110702,-0.20081816765034233,0.055999999999997,7.133914942972688E-9,0.5463223792228556
-0.008101480592205076,-0.21862759567760612,-0.20071234069825622,0.05599999999999772,6.210944708519206E-9,0.5235400942117765
-0.007043273138356438,-0.21695283921778807,-0.2011225206775257,0.05599999999999622,8.004468822734165E-9,0.5961038408435632
-0.011251877040517385,-0.2202639172392124,-0.21767238839947178,0.055999999999999654,2.40100532832784E-9,0.6436300893791007
-0.0114471216291,-0.22022819286099998,-0.217644476768,0.055999999999999675,2.351453325046998E-9,0.6182655132587461
-0.011215176167976692,-0.22016670350734197,-0.2175264537584622,0.05599999999999882,4.4625533812895095E-9,0.44884441010660153
-0.01101468456847134,-0.2201682231022099,-0.21751525587009957,0.05599999999999848,5.070605522497742E-9,0.4200058298049488
-0.0110487257634,-0.220292063728,-0.217701564055,0.0559999999999997,2.239251504302654E-9,0.6569217387622078
-0.01087548772549471,-0.22020860075038953,-0.21757350851845497,0.055999999999998815,4.473052966303919E-9,0.43993514336693007
-0.010757066310141412,-0.22031738714080074,-0.21774367571528747,0.05599999999999966,2.377063889103854E-9,0.6662914654415107
-0.010492644387222319,-0.22032567371502287,-0.21778207164640656,0.05599999999999964,2.4649394084589274E-9,0.6831518238731838
-0.010243620348626433,-0.22032135077847642,-0.2178184110024615,0.055999999999999724,2.176704473912102E-9,0.6741030633291519
-0.00998275834819,-0.22030455857700001,-0.21785665985400002,0.055999999999999654,2.416083148785343E-9,0.6883769332353091
-0.009245148869421552,-0.21604697505274664,-0.20622234531157047,0.055999999999977935,1.932663638905087E-8,1.3072907656952433
-0.00875803582661211,-0.21602032467053073,-0.20565641156662173,0.05599999999997931,1.871249730089965E-8,1.2230361861420083
-0.008746831116689679,-0.21576608678804993,-0.2064672666953229,0.05599999999997629,2.003423059162688E-8,1.327992157998312
-0.009450687095514018,-0.21644217040824826,-0.20550888558535974,0.05599999999998364,1.6636969216938858E-8,1.2037226248944821
-0.00820030577785178,-0.21565903552060972,-0.2058919296036859,0.055999999999977366,1.9571799912526872E-8,1.2749374848063872
-0.008223302343539888,-0.21588778372945797,-0.2052373749312325,0.05599999999998083,1.8009641558059645E-8,1.175898984728413
-0.008608629498305554,-0.2163125767095375,-0.20480808286444066,0.05599999999998521,1.582312642696737E-8,1.092301385807773
-0.009973154502592129,-0.21706263733199857,-0.20493455616177217,0.055999999999988594,1.3890409277515572E-8,1.0534596761078985
-0.010320313044706141,-0.2175942896046238,-0.20449209595108878,0.05599999999999202,1.1620809974693742E-8,0.9543827904250947
-0.00931946738994816,-0.21680897765169227,-0.20471527342240517,0.05599999999998775,1.4405231671706999E-8,1.0402700806282028
-0.008740967842129918,-0.2168879766618184,-0.20396518994886562,0.055999999999988746,1.3802023639091438E-8,0.9183812918440862
-0.009558410135605669,-0.21738990200473116,-0.20408814524288707,0.05599999999999134,1.2104697433303515E-8,0.9057156466366998
-0.007746307786870026,-0.215609338756,-0.205231972658,0.0559999999999807,1.8070133846870643E-8,1.1551245809391077
-0.0079137530371171,-0.21598604004115793,-0.20454249073621886,0.05599999999998447,1.6211726970629863E-8,1.0339334188536693
-0.008093413661594927,-0.21644336569051043,-0.20390044655024225,0.05599999999998841,1.4003969253834212E-8,0.9102866885784744
-0.008878748411354503,-0.21734645203193173,-0.20344266517988915,0.05599999999999208,1.1577897417628435E-8,0.8327236405876963
-0.008298593814752363,-0.21700541327448292,-0.20323644596602994,0.05599999999999166,1.189173803643979E-8,0.8203981758404115
-0.008837642638350091,-0.19878205864558673,-0.21834255642492495,0.05599999999998837,1.4025450669825761E-8,0.7592184114362822
-0.008109799861953605,-0.19916695428299108,-0.21844287479404828,0.05599999999998933,1.3439620399409919E-8,0.7818500053260863
-0.008654222924962561,-0.19896681401271676,-0.2177129564060073,0.05599999999998967,1.3219436908014198E-8,0.6945234503219425
-0.00915835156289073,-0.19870607539681326,-0.21779341462815555,0.05599999999999008,1.296279937612153E-8,0.6274470638221389
-0.00955373548634,-0.198448081334,-0.21824319526,0.05599999999998924,1.3492615949708832E-8,0.6139575830658623
-0.007876266813035954,-0.19936090133235648,-0.21781274620224683,0.05599999999999081,1.2475667174786349E-8,0.7243968121057361
-0.00732245287946,-0.199601963083,-0.21855112124099998,0.05599999999998985,1.3109847808848193E-8,0.8691026244311146
-0.008446854944127747,-0.19913167352261568,-0.2170651130159148,0.055999999999987206,1.4715439165112714E-8,0.7332574898336569
-0.009111959331000367,-0.1988113837558103,-0.21716078927251836,0.05599999999998584,1.548470936363459E-8,0.6832060849212104
-0.00902300008024343,-0.1989209388912526,-0.21633122639758323,0.05599999999998504,1.591190177244171E-8,0.7525899519835506
-0.00958417601718229,-0.1987394700687044,-0.21564601938815525,0.05599999999998297,1.6976764597882776E-8,0.7527807701882393
-0.0022169696950830563,-0.20230655458518484,-0.21849636319784083,0.055999999999997364,6.672486149841556E-9,0.7011939506798244
-0.00168644949088,-0.202615101248,-0.219327451393,0.05599999999999571,8.519758477716036E-9,0.8370786590207335
-0.001520682748087958,-0.20269583050698015,-0.21815590655670586,0.055999999999996726,7.434773986919659E-9,0.6509772989224281
-0.0025652756445300002,-0.202140575465,-0.219206464868,0.05599999999999458,9.575827256857509E-9,0.8311157119657745
-0.0022437482277470728,-0.20227352817370703,-0.21757442300125845,0.05599999999999598,8.251240143133999E-9,0.6558439122514178
-0.0014134006622629886,-0.20277914935346567,-0.2170248011771771,0.05599999999999548,8.745606354478032E-9,0.6162454997566108
-0.0021145606055767417,-0.20233748140060356,-0.21646914156472175,0.05599999999999472,9.45217216762173E-9,0.6548484222051302
-0.0029292751476877863,-0.20192873761331484,-0.2182947409742767,0.05599999999999694,7.1936048162000895E-9,0.7155102357019282
-0.00361181746247184,-0.20159601675158417,-0.2190620704697735,0.055999999999994436,9.70481607334226E-9,0.8545768135399499
-0.003935164047875445,-0.20141033342490203,-0.2180229555493366,0.055999999999996476,7.730553070451161E-9,0.7306401309436804
-0.00466187156416885,-0.20104619321161277,-0.2189172572021552,0.05599999999999364,1.0378618060102247E-8,0.8885947018846259
-0.0013589066633984805,-0.20287203883309757,-0.215982957364487,0.05599999999999392,1.0134164628785824E-8,0.6158070334643031
-0.0019900175317645215,-0.20242721188371682,-0.21557111382360708,0.055999999999992695,1.1116826583169456E-8,0.683441070223444
-0.0013460187228523622,-0.2029752511570566,-0.2150518938066062,0.055999999999991806,1.1771010438194097E-8,0.6213393509149251
-0.0018478127842344121,-0.20257058795216917,-0.2146749683831452,0.05599999999999004,1.2987222044793874E-8,0.6786964920081706
-0.004984714700858365,-0.2008728948678059,-0.2178737310433309,0.05599999999999571,8.520784620297017E-9,0.7500281501316809
-0.005633510733901148,-0.20052637451436278,-0.21878343519728743,0.0559999999999928,1.1041979798862452E-8,0.8675387394960022
-0.00732245287946,-0.199601963083,-0.21855112124099998,0.0559999999999901,1.2944957854031913E-8,0.8648574140229959
-0.006503867381338295,-0.20005239960984483,-0.21866368543429474,0.05599999999999165,1.188508923958242E-8,0.8885983003006501
-0.007003411337251298,-0.19982835252048,-0.21760969986907325,0.05599999999999234,1.1384563610083805E-8,0.7678544927389827
-0.005981142454033124,-0.200357100867386,-0.2177941038363399,0.0559999999999946,9.56080421704996E-9,0.764848768191174
-0.002632196808538029,-0.2020368941147729,-0.2149785956396602,0.05599999999999155,1.196159266548313E-8,0.6833384802301902
-0.0023447000067539927,-0.20223290396601334,-0.21418240771821606,0.05599999999998908,1.359418652001401E-8,0.68061048553785
-0.002920403643092613,-0.20187264884631823,-0.2142939494306308,0.05599999999999054,1.2651373831919014E-8,0.6704812811028182
-0.0028166173718266237,-0.20193861990760495,-0.21381654763053246,0.055999999999989156,1.3544039990849764E-8,0.6610405037654472
-0.002905175530671782,-0.20188882276683853,-0.21576185114829569,0.05599999999999369,1.032979513209482E-8,0.667567399916576
-0.003170593725685674,-0.20177378110562447,-0.21698743856668803,0.055999999999995324,8.901897652177178E-9,0.6697153921303167
-0.0044069939229018544,-0.20115067587610513,-0.21685874619548262,0.05599999999999455,9.611190330292426E-9,0.6896976596694903
-0.0013661749874113833,-0.20308828444664936,-0.21422766239760072,0.05599999999998956,1.3293178615080595E-8,0.5835258469190648
-0.001778663132383266,-0.20270289861156596,-0.21387100669922238,0.05599999999998754,1.4518027296188976E-8,0.633675526209022
-0.001413313241625007,-0.20321134270405608,-0.21348348883747462,0.05599999999998794,1.4283779347010722E-8,0.5933519022673608
-0.0017412615827167091,-0.20282971664928262,-0.2132583815291348,0.05599999999998655,1.5086137446379168E-8,0.6215065277237175
-0.0023142551584275236,-0.20229874938153136,-0.21331687826918488,0.05599999999998722,1.4708755137829816E-8,0.655031013255344
-0.007660752428570116,-0.19952187351037418,-0.21692023294859256,0.05599999999998872,1.3821573762372531E-8,0.7404014574675953
-0.007025334171060986,-0.19984211735144347,-0.21666925367820744,0.0559999999999905,1.2678778332244908E-8,0.737717518714774
-0.0024388910172333154,-0.20224449956275214,-0.21270162454396996,0.05599999999998656,1.508393059649506E-8,0.6501604550209609
-0.0030595600409176974,-0.2018007678411602,-0.2132241855771176,0.05599999999998883,1.3753577598710475E-8,0.6692281745953678
-0.0034024779029624493,-0.20160479064320336,-0.21394831126443684,0.05599999999999069,1.2552636420217594E-8,0.6588609383118592
-0.008121419010976448,-0.19933134265244512,-0.21608827520998586,0.05599999999998711,1.4771130920235712E-8,0.7592308038092351
-0.0054176882924058525,-0.2006458153001234,-0.21688145112627139,0.055999999999993805,1.0239382847845544E-8,0.7099653884381852
-0.0062957051466085495,-0.20020443600881815,-0.21687473106045363,0.055999999999992243,1.1456156010433906E-8,0.7337094036262247
-0.0035238268876807122,-0.20155188719846082,-0.21487381065944705,0.055999999999992375,1.1372040400810146E-8,0.6694039245964083
-0.0038972339149970308,-0.2013825332751086,-0.21584448392827735,0.055999999999994006,1.0073117402556069E-8,0.6729694231441979
-0.005044535375404248,-0.20081612477309552,-0.21579095110413976,0.055999999999993555,1.0443543172365964E-8,0.6876448190367922
-0.0036793514430508456,-0.2014539331635386,-0.21345359820260235,0.05599999999999054,1.2654830673437661E-8,0.6759182297358188
-0.0046746549010466395,-0.20097840031928232,-0.214832549547247,0.055999999999992715,1.110469608849522E-8,0.6852673808309996
-0.0019201109793359652,-0.20271092126589563,-0.21277990756066095,0.055999999999985665,1.5576667947117163E-8,0.6259207431082275
-0.0014878926343100116,-0.203352391895,-0.212756735874,0.055999999999987345,1.4634797456307549E-8,0.6410914569240549
-0.001799286243074904,-0.20301773710069715,-0.21215848430639417,0.05599999999998678,1.4955198479028436E-8,0.6137470813923686
-0.002135205656271843,-0.20255488819263173,-0.21231209845531318,0.05599999999998593,1.5432986707498257E-8,0.6155316524623928
-0.0024825435794366604,-0.20225834658180522,-0.2121019943973081,0.05599999999998686,1.491055185708337E-8,0.6442364450104006
-0.002125822884283739,-0.202709643125409,-0.21156836047812527,0.05599999999998688,1.490135310312054E-8,0.6271843570055153
-0.0027665331780559834,-0.2020728290193013,-0.21156292464239157,0.05599999999998775,1.4404962157548299E-8,0.6418280025687674
-0.0024882714641981793,-0.2024059409002224,-0.21094448006980854,0.0559999999999883,1.407040834317494E-8,0.6021647203413357
-0.0031021917816749225,-0.20179357557262884,-0.2123505012310941,0.05599999999998851,1.394319756989273E-8,0.6616430444563076
-0.003599066973849681,-0.20149464620453789,-0.2129240763924397,0.05599999999999,1.3009726709720144E-8,0.6726120132165931
-0.007434283643415301,-0.19965349800775012,-0.21600729727888976,0.0559999999999895,1.3327925976484216E-8,0.7298627316451897
-0.006718093095773123,-0.1999983345977726,-0.21617188089145406,0.05599999999999141,1.2059935040938066E-8,0.7274772758382662
-0.005938061546945696,-0.20037934260272314,-0.21586953166567507,0.05599999999999276,1.1075444955828522E-8,0.7047284511001995
-0.004091952993015782,-0.20124965360295205,-0.21400375604666488,0.05599999999999166,1.1881995984626948E-8,0.6747405248627759
-0.008659033320712826,-0.19911064253592942,-0.21540050792314852,0.05599999999998559,1.562030344883838E-8,0.7621432983949717
-0.007781248558325358,-0.199498457414313,-0.21523424077684467,0.05599999999998844,1.3988869702214442E-8,0.7398210441093127
-0.006783637416545201,-0.1999654177521379,-0.21522193537479417,0.05599999999999107,1.2291152252989365E-8,0.7251320816769657
-0.0057213158911309375,-0.20047399079543693,-0.21503132870125988,0.055999999999992604,1.1189301368991626E-8,0.7017676285084713
-0.004206513280250688,-0.20117916685049286,-0.2131614175436672,0.05599999999999123,1.2183763263950846E-8,0.6784204810368482
-0.004869254997411485,-0.2008604092116536,-0.21366579774129635,0.05599999999999205,1.1602060011618947E-8,0.684473175950624
-0.005522731001359255,-0.20055501508373902,-0.21419942224411076,0.05599999999999219,1.1492190139352546E-8,0.697228458377458
-0.008336285831305457,-0.19925349592427694,-0.21447415653722748,0.055999999999987594,1.4485169322529008E-8,0.7551284997003225
-0.00926394174574939,-0.19887829050851513,-0.21472754803321115,0.05599999999998439,1.6258911627756825E-8,0.7515648074154323
-0.0033235387126456678,-0.20167426227370439,-0.2116270790476721,0.055999999999989024,1.3628211982843076E-8,0.6565925469836401
-0.0031979055865342153,-0.20179258401111266,-0.21090491340338707,0.055999999999989336,1.3435664489721125E-8,0.6600991565339774
-0.0029130616711478636,-0.2020864806172582,-0.21023954166316142,0.055999999999989995,1.3014159906102225E-8,0.6270796372608252
-0.003992822590669468,-0.2012812772559027,-0.21224648418790526,0.055999999999990425,1.2732510111819536E-8,0.6779337467408167
-0.003911914042992889,-0.20132945171907757,-0.21120344073267183,0.05599999999999066,1.257699474631592E-8,0.6716213867179294
-0.007332766706516626,-0.19969958412960717,-0.21427625372763512,0.055999999999990245,1.2850417127146172E-8,0.7276649384236212
-0.0063483537582535035,-0.20016114275189878,-0.21424427494688025,0.05599999999999167,1.187832295754252E-8,0.7022460560756417
-0.005025089536044368,-0.20076535380865715,-0.21263384097514335,0.05599999999999155,1.1958459910348267E-8,0.6840014834044857
-0.005819061878396707,-0.20039528733330195,-0.21328457908588802,0.05599999999999176,1.1810517374415468E-8,0.6969071255017211
-0.004836106458474337,-0.20084305168784047,-0.21161045073745188,0.055999999999991786,1.1785977541218995E-8,0.6751135921568959
-0.007950508721241693,-0.1994077652422668,-0.2134045444330497,0.05599999999998995,1.3043000556353552E-8,0.7217321327211236
-0.006841349582809594,-0.19990898899768206,-0.21312785582603203,0.05599999999999138,1.2074479564231804E-8,0.6996175596741958
-0.008991614291852405,-0.1989785188262729,-0.21374955591848416,0.055999999999987615,1.447914664474879E-8,0.7531908133992498
-0.003642196464148611,-0.2015191447345383,-0.2102608214424405,0.05599999999999097,1.2360752702521546E-8,0.6457715583988384
-0.003404625235768677,-0.20174990437993073,-0.20944250546661297,0.05599999999999162,1.1906545268949652E-8,0.630702723440348
-0.004455954023297453,-0.2010341332783981,-0.21045744470647607,0.05599999999999195,1.1667662310871546E-8,0.6477413376115361
-0.0042370265781766095,-0.20117323230530298,-0.20947333295925136,0.055999999999992445,1.1303489791119837E-8,0.6313419750188005
-0.003969566219803081,-0.2013940655627093,-0.2085391649224718,0.05599999999999322,1.0713239227734294E-8,0.611592643908964
-0.005340273042801117,-0.20058112879233206,-0.21072305979955383,0.0559999999999925,1.1269483412087797E-8,0.6574194236494354
-0.005299431545433099,-0.20059223767941464,-0.20972317962760761,0.05599999999999305,1.0849974529361869E-8,0.6453276583465618
-0.006268211280271433,-0.20012139217660466,-0.2103610065749711,0.055999999999993326,1.063441464331482E-8,0.6520225870523405
-0.008723673087560446,-0.19905775275153476,-0.21254856862738286,0.05599999999999017,1.2903570756045936E-8,0.7216584312693756
-0.006135730403993939,-0.2002147327366493,-0.21183519031100134,0.055999999999992264,1.1444436850534098E-8,0.6810156702716215
-0.0074977061363747525,-0.19958306779660206,-0.2121261846080016,0.05599999999999163,1.1898086096878777E-8,0.6937858574334159
-0.00852777756834945,-0.1990998624526591,-0.21131524257821044,0.05599999999999248,1.1278305783563915E-8,0.6975922423681138
-0.007248672275004562,-0.1996660673664337,-0.21089452476770787,0.05599999999999319,1.073307598764194E-8,0.6721100002182686
-0.004969805215298683,-0.20076955407240804,-0.20864924354386225,0.05599999999999373,1.0299962220701306E-8,0.6213440256969671
-0.0046019438145639595,-0.2010245336847152,-0.20753436723316843,0.055999999999994554,9.595435366807752E-9,0.5838373817007341
-0.005659689212908529,-0.2004041361223443,-0.20767946367569876,0.055999999999994776,9.396886264155546E-9,0.6016446231535635
-0.005305310201260012,-0.20063508414400003,-0.206410591669,0.05599999999999518,9.028173321910809E-9,0.5770401756554552
-0.006026892728912132,-0.20021933088876917,-0.20905878129071753,0.05599999999999413,9.967961027260445E-9,0.6353444242027432
-0.0071217610376724605,-0.1996882774694704,-0.20940723589258192,0.05599999999999433,9.79893459359094E-9,0.6440154452059802
-0.008272373061836168,-0.19915724802665954,-0.2098017491079613,0.0559999999999942,9.909259769659672E-9,0.6673659458309679
-0.006377353188466923,-0.20002475264119599,-0.2065409389656675,0.05599999999999549,8.740545224125676E-9,0.5729336349775757
-0.006005634115241017,-0.20025503272892478,-0.20527053637019615,0.05599999999999561,8.617300868322689E-9,0.5556731268247804
-0.006904154306758716,-0.1997616865321903,-0.20778087032995368,0.0559999999999951,9.111053350525477E-9,0.6104659240025
-0.006803230219153183,-0.19979727372542044,-0.20537509767085146,0.055999999999995866,8.360038509514947E-9,0.5602637822235785
-0.006676446786424184,-0.19988867621081166,-0.2041516516479532,0.05599999999999599,8.245600178004101E-9,0.5412607010531995
-0.008090857552567957,-0.19918268298054645,-0.20812907929358695,0.05599999999999521,9.002893585169289E-9,0.6374852536500034
-0.007863719364157829,-0.19923990369231678,-0.20619938850370567,0.055999999999995845,8.373438468796938E-9,0.5940163056093015
-0.0076985552108225505,-0.19929812657139356,-0.20433237992109904,0.055999999999996275,7.940383189963364E-9,0.5608143564911002
-0.007368951119558367,-0.19949835865171797,-0.2029623070743677,0.05599999999999645,7.751425355885789E-9,0.538245933012027
-0.008135971800137531,-0.19903538937673948,-0.2030323802570701,0.05599999999999681,7.355051783591776E-9,0.5571763019822242
-0.008048542828604082,-0.19909131392436444,-0.20175224940559572,0.05599999999999678,7.3708886955742714E-9,0.5441671434016602
-0.008589197852202699,-0.2156167196514595,-0.2070953723394332,0.055999999999972586,2.1538623364589362E-8,1.2499354507062732
-0.008094090340340282,-0.21544778325793676,-0.20756211941355368,0.05599999999997471,2.0687332560057012E-8,1.1398583559434219
-0.00754625143168803,-0.21533540481748434,-0.20823904324793696,0.0559999999999789,1.889801980713839E-8,0.9603958062801281
-0.00793138285361682,-0.2154290720053921,-0.2066488785605195,0.05599999999997498,2.0576028401703725E-8,1.1855203872133342
-0.0072177692353731495,-0.21515184828620462,-0.20735622963765743,0.05599999999997801,1.928973048084114E-8,0.9931785848075366
-0.006921036236546827,-0.2152393654161877,-0.20903278990335067,0.05599999999998282,1.7052286318768473E-8,0.899189424781725
-0.006651204000423834,-0.21496089215581135,-0.20802682638811448,0.055999999999982564,1.7178429622970615E-8,0.9350859553834071
-0.007395291629022323,-0.21528838178033802,-0.20583659479728422,0.05599999999997768,1.943278542728308E-8,1.127542248275913
-0.006936993813224827,-0.2150149665611604,-0.20649283045189087,0.05599999999997852,1.9067862955380592E-8,1.03274920987827
-0.0064554320934893305,-0.21476628142977003,-0.20705566964197275,0.055999999999982085,1.7418474631088233E-8,0.9708750408363183
-0.007005105344601172,-0.21516307045943298,-0.2052703589953964,0.05599999999998137,1.7757932552035255E-8,1.0964815824189698
-0.006780737824972763,-0.2149657157594096,-0.2057975335211744,0.05599999999997951,1.8624277864414878E-8,1.0242281214947138
-0.006317299443763925,-0.21465820187648346,-0.2061043945747833,0.05599999999998237,1.7269581102698825E-8,0.951041671066459
-0.00622617223447003,-0.21464457405499998,-0.20512987934000002,0.05599999999998393,1.649538842212136E-8,0.935331493788478
-0.005389655577572737,-0.20066930376193468,-0.2049469453073815,0.055999999999995664,8.570763302457982E-9,0.5460497471239657
-0.006012016559348508,-0.2003078672286824,-0.20409816054888524,0.055999999999995755,8.480712460131942E-9,0.5368818580422156
-0.005510970501959346,-0.20071403060159007,-0.20355120376183763,0.05599999999999595,8.280784638266663E-9,0.5209401492738254
-0.006320742327094955,-0.20018427522438884,-0.20286022381360616,0.05599999999999621,8.009491530240403E-9,0.5248225547982968
-0.007149294467206984,-0.19968292955963207,-0.20181979918488224,0.05599999999999664,7.536692937540571E-9,0.5135313944224377
-0.00566786764874374,-0.2007744668841009,-0.2021988382677875,0.05599999999999618,8.035343998317666E-9,0.5105428745777918
-0.006437670097173311,-0.20026925885844143,-0.20113496202487807,0.05599999999999645,7.74291188890445E-9,0.49982294630498264
-0.005856786960980015,-0.200843645247,-0.200877067962,0.05599999999999642,7.788654147470658E-9,0.4789323949309847
-0.0075130895473632265,-0.19948458632260968,-0.20082791336897984,0.05599999999999681,7.35925569795642E-9,0.5096943113015097
-0.007258024138831508,-0.21553610341212967,-0.20453311104335298,0.055999999999983834,1.654300636146108E-8,1.0027726692017307
-0.006689864344467519,-0.21510155045557836,-0.20458419626819146,0.05599999999998469,1.6098209333456523E-8,0.9487324619038733
-0.00738955865780756,-0.21593247730787152,-0.2037855046291855,0.055999999999987705,1.442341939063106E-8,0.9056178700386056
-0.007855052186332607,-0.217020058277297,-0.20256989082559076,0.055999999999992556,1.1230311277357354E-8,0.7376150403922047
-0.0075467957266238846,-0.21645720754198708,-0.20301519049243893,0.05599999999999044,1.2718273378077052E-8,0.8009202361556845
-0.006736828093563744,-0.2153504361505339,-0.2038350193799724,0.0559999999999879,1.4309238396657056E-8,0.8887379964643487
-0.006181552111003541,-0.2147343729108934,-0.2041899581028952,0.05599999999998745,1.4571798179838816E-8,0.8790406368462352
-0.00686008287383473,-0.2158626408520629,-0.20280552602432106,0.05599999999999119,1.220679841707633E-8,0.7790593918512545
-0.007225814565182593,-0.21663288489649604,-0.20208467082955256,0.05599999999999346,1.0519527134328107E-8,0.6864688680051726
-0.0066407056400061065,-0.2160084930107668,-0.20188632601351647,0.05599999999999363,1.0381328445183782E-8,0.6588746150472804
-0.006210673572719752,-0.21528992091190344,-0.20222092058264968,0.055999999999993416,1.0556630494784111E-8,0.7099162601370721
-0.006176436161559373,-0.2149452266602137,-0.2032113231649929,0.055999999999990786,1.2486246434448786E-8,0.7970838743630001
-0.006684497567793567,-0.21633072192604805,-0.20134052838922567,0.0559999999999952,9.016777308903392E-9,0.6156523458630463
-0.00628095518943768,-0.21577497168736745,-0.20123048201123228,0.055999999999995616,8.605880134938527E-9,0.6205180452395159
-0.0050925348573506645,-0.20170210423048307,-0.20124349491789317,0.055999999999996476,7.72290371411117E-9,0.4814349075764035
-0.004513155570940023,-0.202684113625,-0.201637888918,0.055999999999996476,7.7302481178828E-9,0.5097465536771312
-0.007945185679260001,-0.219778345561,-0.218161276622,0.0559999999999994,3.190772134275421E-9,0.6060763712582594
-0.00741637336573,-0.21952799126800002,-0.21824202242000001,0.05599999999999928,3.5001980408943207E-9,0.7129427172958213
-0.007262034731391045,-0.2192056859647718,-0.21778480172252224,0.05599999999999695,7.1773620068811384E-9,0.4975824082616849
-0.006906286279734939,-0.2192396536075616,-0.2183206064296228,0.055999999999999224,3.6212571970614834E-9,0.7657123556914153
-0.007131736858762135,-0.2188828371519906,-0.21731258125789962,0.0559999999999952,9.01731827437753E-9,0.509566997696938
-0.006706028900689515,-0.21885781869340856,-0.21782456955577817,0.055999999999997004,7.117770404802503E-9,0.5434105050685931
-0.0063521153170756,-0.21887281154516142,-0.21840677635646635,0.055999999999999196,3.6980571599899437E-9,0.8021915819240153
-0.00610802301796946,-0.21843613785681087,-0.217902436200622,0.05599999999999714,6.9583739607862584E-9,0.5985560797299345
-0.005754876050732702,-0.21841280505278177,-0.2185005991401317,0.055999999999998995,4.122973447534243E-9,0.8375825489870019
-0.005533386003276404,-0.21793615764059265,-0.2179187448122562,0.05599999999999714,6.947856341150522E-9,0.6425609749287999
-0.005118725112724236,-0.21784530679642955,-0.2186016800188515,0.05599999999999889,4.345975595425578E-9,0.9246032953600481
-0.006543527629400057,-0.21848736367801397,-0.21731529051704251,0.055999999999995276,8.936558949861595E-9,0.5409839553213519
-0.006991997843672801,-0.21852966129896906,-0.21680215118966467,0.055999999999993715,1.0317233177689325E-8,0.5283948693789959
-0.002124012133276197,-0.21372911781647297,-0.21882447871652647,0.055999999999996455,7.758378032765301E-9,0.7468704218412227
-0.0019288211883299999,-0.213561097118,-0.21912986199200002,0.05599999999999841,5.1810247472905424E-9,0.955789367146791
-0.002151818736577871,-0.21393984837841373,-0.21909176244520678,0.05599999999999849,5.073463925190667E-9,0.9495895969037246
-0.0023488370920294135,-0.21406089187225108,-0.2187060346082462,0.05599999999999609,8.130324464042254E-9,0.7483245728056721
-0.0024021582363408698,-0.2143541581374334,-0.21904915279447507,0.05599999999999842,5.173095065701079E-9,1.01960519155163
-0.0026343743976537178,-0.21448763568456564,-0.21858611792538918,0.05599999999999563,8.592783389474974E-9,0.7846448142687189
-0.00269178573153404,-0.21481634096832652,-0.21900011022282703,0.05599999999999839,5.217632696332358E-9,1.0422817296231903
-0.0019658168013966747,-0.21337159063704475,-0.2187138647534441,0.055999999999995595,8.638713032539475E-9,0.6933350862680451
-0.004936504147533479,-0.21735604257891178,-0.2179654616226451,0.05599999999999694,7.2002510629854805E-9,0.712125609572123
-0.004470598210274092,-0.2171786212220014,-0.2187059727162814,0.055999999999998884,4.3489186849791655E-9,0.9768640924718176
-0.004332430553117846,-0.21672337231005018,-0.21809766861817545,0.055999999999996775,7.39108806781025E-9,0.7471097359352689
-0.0039033504242139507,-0.21651467521156567,-0.21879844339669746,0.05599999999999872,4.66239427236701E-9,0.9890257827564747
-0.0030298900346804134,-0.21532959740568813,-0.21894324872066429,0.05599999999999845,5.12465783557523E-9,1.0194630573865293
-0.0029744621377925267,-0.21498283008027827,-0.21846169089352865,0.05599999999999567,8.555682164286072E-9,0.7472887344712884
-0.0028707066071039186,-0.214596081544578,-0.21806885730287356,0.05599999999999374,1.029073345482585E-8,0.749812774402522
-0.003371283137772697,-0.21552074118153025,-0.21831091301928376,0.05599999999999588,8.352317659444881E-9,0.731967947402119
-0.0034285395074708036,-0.21589581882213396,-0.21887678262978336,0.055999999999998586,4.900604687351616E-9,1.0124277678553053
-0.0032680806612907444,-0.21510207087613742,-0.21781551816231692,0.05599999999999352,1.0470669044919703E-8,0.709701065184321
-0.006397113046263059,-0.21809342875407411,-0.21674551169894266,0.05599999999999372,1.0307551126759466E-8,0.5630518791082612
-0.005932960984618244,-0.21802240682197474,-0.21735074368368276,0.05599999999999549,8.740201725752027E-9,0.5828569897726443
-0.00538045995691029,-0.2174780740089927,-0.2172658357916299,0.05599999999999499,9.209571704642753E-9,0.6145140400514374
-0.005866452847039686,-0.21770363776374232,-0.21681401315037768,0.055999999999994055,1.0032309258831695E-8,0.5764528798040217
-0.004785960662631452,-0.21684540677416128,-0.21724271627227132,0.055999999999994825,9.363213145355929E-9,0.6656760218013643
-0.006819928943026707,-0.218101907171069,-0.2161916407883745,0.05599999999999217,1.1516000428587763E-8,0.5646999100874668
-0.0061262049004444695,-0.2175927257971548,-0.21615718086233277,0.05599999999999211,1.1556163473372835E-8,0.6150658272908331
-0.0022392562512270676,-0.21366105510670969,-0.21836626459501007,0.05599999999999366,1.0364964763993626E-8,0.7354717822669272
-0.0025521545139301884,-0.2141525292436288,-0.21824992836003104,0.05599999999999372,1.0302027673335387E-8,0.7571240907542819
-0.002762458104331953,-0.214223739901658,-0.2177354410616515,0.055999999999992334,1.1387652743836055E-8,0.7591992236749848
-0.0024974607014947854,-0.21385256229511046,-0.2179033931044788,0.05599999999999263,1.1163304454489454E-8,0.7480961768812546
-0.0025900785252729805,-0.2137705677198717,-0.21748015425891978,0.05599999999999145,1.20251512714005E-8,0.7421725299381947
-0.0029403742397996497,-0.21418435810116657,-0.2171209071844794,0.05599999999999109,1.2277970688981956E-8,0.7205959023023571
-0.0023083034449152017,-0.21344399302764394,-0.21779915923162727,0.05599999999999205,1.1597309360994785E-8,0.7229532054462081
-0.0020126714248647768,-0.21316858578551362,-0.2182490341349193,0.05599999999999316,1.076486246224716E-8,0.681644628822124
-0.0020719286538153775,-0.21294775711206967,-0.21771930328713615,0.05599999999999173,1.1823694203694596E-8,0.6904676774870371
-0.003808054022105663,-0.21609713253468327,-0.21821054456384592,0.05599999999999645,7.745183199015061E-9,0.7426545491296587
-0.0036979745564032214,-0.21563679929173046,-0.21760421550020592,0.05599999999999377,1.027775643752823E-8,0.6980387718064095
-0.004170101505744029,-0.216198041399312,-0.21743951635391037,0.05599999999999434,9.777136242024528E-9,0.6870956782448427
-0.003101211881006953,-0.2146695506379307,-0.21750888074605826,0.05599999999999217,1.1513132045552037E-8,0.7337732193660491
-0.0035271681350702356,-0.2151242319250937,-0.21709847781851258,0.055999999999991994,1.1645451765599705E-8,0.6933808094894856
-0.003942958584508147,-0.2155861214124331,-0.2168200734371818,0.05599999999999274,1.108194366797372E-8,0.6851392407533217
-0.00539209740890808,-0.21708934306709787,-0.21643608359729766,0.055999999999992785,1.1047462232842764E-8,0.6166939269764409
-0.004579971716635731,-0.2162441143906354,-0.21649055821716562,0.05599999999999261,1.1178685782907164E-8,0.6804152768078798
-0.00665160769528049,-0.21765472587036272,-0.21553501626206045,0.0559999999999908,1.2477550868392507E-8,0.5900374154795248
-0.005880705722392246,-0.2170777579739145,-0.2155098632082277,0.055999999999990835,1.2458186601391584E-8,0.6279106914289502
-0.006544889724573912,-0.2172197714864486,-0.2148084946030841,0.05599999999998936,1.3422552774306409E-8,0.6012791504454768
-0.0032664606694103623,-0.2146157449948564,-0.21691111217337927,0.055999999999991355,1.2094778125813885E-8,0.6971211061642693
-0.002394249831933065,-0.21326699587994835,-0.21724339381242866,0.0559999999999912,1.2199175009602682E-8,0.7285924438023236
-0.002776752893125566,-0.2137122097336456,-0.2167989400784621,0.05599999999999067,1.2564437619296755E-8,0.7433027871270476
-0.0031860723992724205,-0.21424115832289883,-0.21646368579385003,0.0559999999999904,1.2741191377181751E-8,0.7240242324213467
-0.0021455560681836695,-0.21270881993802843,-0.21711550758070403,0.05599999999999119,1.2210586853037176E-8,0.7141766204496506
-0.0025113510112673818,-0.21309838147273763,-0.21659672852314182,0.05599999999999067,1.2567048289364527E-8,0.7648423764133878
-0.002235516520861119,-0.21245191992024035,-0.21642715090834164,0.05599999999999109,1.2277157634823242E-8,0.7437990523126191
-0.0036398433815086023,-0.21488720175323633,-0.2163091480012245,0.05599999999999073,1.252601831877903E-8,0.7023991300044479
-0.004125439204725128,-0.21550158409186887,-0.21614748294823138,0.05599999999999102,1.2327915610531527E-8,0.7119792177378067
-0.005189459300010965,-0.2164513884966206,-0.21552096649442404,0.05599999999999075,1.2511618051037729E-8,0.6194164260161213
-0.004520584500430786,-0.21577765965915918,-0.21567006627002586,0.055999999999990814,1.2471604802726431E-8,0.7062420675201116
-0.005692104581639614,-0.2165095481971607,-0.2146476347201842,0.05599999999998934,1.3432493024145553E-8,0.6522179033620569
-0.006432142310625363,-0.21671797507678317,-0.21391713320888295,0.055999999999987955,1.4277025603393442E-8,0.6332231405087835
-0.0026492255258493977,-0.21291761001091378,-0.2158486315476566,0.05599999999999044,1.2718881115149626E-8,0.7902226845036036
-0.0029301930821729275,-0.21359311282183413,-0.21610217647847446,0.05599999999999008,1.2951738851173837E-8,0.7971134693811887
-0.0034096898663666846,-0.21424029178825854,-0.21576339340115344,0.05599999999998994,1.3050498931377506E-8,0.7483263830963905
-0.003083423728025204,-0.21349658299676555,-0.2154288776442334,0.055999999999989857,1.3103169652394455E-8,0.826138843746887
-0.0023436148212311785,-0.21217781856501555,-0.21564220396016515,0.05599999999999113,1.2247405018530469E-8,0.7674927765603737
-0.002773673555309889,-0.21272823205536562,-0.2151092610504533,0.05599999999999045,1.270392646360061E-8,0.8245313134299823
-0.004072818066853719,-0.21501587505730083,-0.21530013141625928,0.05599999999998967,1.322386283494398E-8,0.7162056038277316
-0.004788705884690119,-0.21562739791699204,-0.2146729876489964,0.055999999999989565,1.328601772218466E-8,0.7239282161344062
-0.0036177599008436457,-0.21413158668576762,-0.21488980029450822,0.05599999999998947,1.3348668980813173E-8,0.7694724590504912
-0.006369806940289977,-0.2162389867432588,-0.2129392434199422,0.055999999999987095,1.4782483031387843E-8,0.6627064340346109
-0.0055825694592359885,-0.21601746109865205,-0.21377004522611803,0.05599999999998873,1.3804693505766672E-8,0.6982740810718294
-0.004249038000509162,-0.21459534219242798,-0.21387958789192912,0.05599999999998947,1.334802906658307E-8,0.7466151448945588
-0.0049318913429101125,-0.21522644896318413,-0.21340325318850334,0.05599999999998906,1.3612918885328014E-8,0.7823589157427305
-0.005556078858009641,-0.2156326074664005,-0.2129211377636714,0.055999999999987934,1.4289849506279741E-8,0.7051700097431663
-0.006059723118714692,-0.2155734229685723,-0.2117817792853685,0.05599999999998702,1.4821469215572232E-8,0.7738727083154436
-0.0031952164562431924,-0.21329050274657696,-0.21467135942873722,0.05599999999998994,1.305401091681251E-8,0.8504252334196236
-0.0035911001622967852,-0.21370303973919186,-0.2141147623025728,0.055999999999989655,1.3231774596452095E-8,0.8286979191550804
-0.0033265775378645487,-0.21314769836956254,-0.2139369754917523,0.055999999999990294,1.2814555366197833E-8,0.8093048373323427
-0.002471262784905715,-0.21188814538719486,-0.21474685291955983,0.05599999999999139,1.2072930874209314E-8,0.7940798866783103
-0.0029240202902810863,-0.2125415490387633,-0.21425672475937008,0.05599999999999059,1.2621159218753005E-8,0.8365024671572437
-0.0037712128094233173,-0.21355227918063407,-0.2131639629483667,0.055999999999989704,1.3203981716775786E-8,0.8508889250243248
-0.004466692239584497,-0.21450187855256878,-0.21299405672849114,0.0559999999999891,1.3579420365932147E-8,0.7700835550155409
-0.005037413077359857,-0.21486291464119625,-0.21221978468412717,0.05599999999998867,1.3851631153268878E-8,0.8235004405961508
-0.006212739583764952,-0.21525539841460375,-0.2105521139979376,0.05599999999998582,1.5488286755506076E-8,0.8410573002106888
-0.005132383121053134,-0.21459190937693667,-0.21118940733982078,0.05599999999998812,1.4177761270403936E-8,0.858737240366696
-0.003156517634906992,-0.21247388621337346,-0.21327057330052185,0.05599999999999084,1.244501882049608E-8,0.8520394728971391
-0.002619119173411714,-0.21158575879444258,-0.2137252201558574,0.05599999999999216,1.1520859144922765E-8,0.8011417110057418
-0.003404567291599053,-0.21247135944614864,-0.21227743739890576,0.055999999999990994,1.2347511604162423E-8,0.8563597187456632
-0.0027870028647200206,-0.211274447244,-0.21255580767600002,0.05599999999999186,1.1735899476637492E-8,0.8232491648707191
-0.004170982615254411,-0.21361255419532074,-0.21181292924895573,0.055999999999989655,1.3227921499832419E-8,0.873509181014833
-0.0016783500156801279,-0.20330083127243873,-0.21202126729087406,0.05599999999998665,1.502780356571018E-8,0.62475723867575
-0.0014695536818039694,-0.20385229114943912,-0.21210671464187475,0.055999999999987504,1.4543157533212235E-8,0.60512542175682
-0.001257506659263998,-0.20413788974354824,-0.21268962550607817,0.05599999999998812,1.4179457188937137E-8,0.6404768575590578
-0.001628427104096277,-0.2038663091537959,-0.21148431964357267,0.05599999999998694,1.4865850836873858E-8,0.6087364539673477
-0.0018772447297063174,-0.20325131907987337,-0.21125724594928383,0.05599999999998714,1.4751084746924662E-8,0.6106263388160645
-0.0014139712474752475,-0.20463923932418154,-0.21190216363278142,0.05599999999998847,1.397133636980084E-8,0.669106281013869
-0.0016543993099236531,-0.20442506792718593,-0.2110867281284125,0.055999999999987636,1.4460423526558236E-8,0.6509872689658368
-0.0011838172935166617,-0.2050724848262718,-0.21266900276569084,0.05599999999999039,1.2750369369196933E-8,0.6607333848658458
-0.0016209440407960775,-0.20520940481647332,-0.21111556907119738,0.05599999999998895,1.3668203496804193E-8,0.6637673251805867
-0.00182499997553377,-0.20390539297874824,-0.2107107589196147,0.05599999999998758,1.4496750194272961E-8,0.6356666861477531
-0.002095170268887951,-0.20320153431104532,-0.21042566629581708,0.05599999999998839,1.4014762462220554E-8,0.6186935326516664
-0.0018437641554978536,-0.2046782818827762,-0.2103315365847293,0.055999999999988725,1.381593251147694E-8,0.6618512479237443
-0.0014546072964134924,-0.20576434386286135,-0.2118036527222995,0.05599999999999028,1.2822726303222819E-8,0.6875393321408656
-0.0012410501746308894,-0.20614120094177352,-0.21267651018018785,0.05599999999999191,1.169897552347943E-8,0.6775938526883646
-0.0015771241361499455,-0.20673735500092494,-0.21179232569851647,0.0559999999999919,1.1707966663225088E-8,0.6746598304467529
-0.0014372320337082925,-0.20734625552425578,-0.21269979928080426,0.05599999999999274,1.1088889879081776E-8,0.6768911786328929
-0.0018616233666541165,-0.20788174672183754,-0.21162139271086708,0.05599999999999277,1.1062767164885008E-8,0.7006205132085072
-0.0017882940784301926,-0.20869446008574655,-0.21271540034284742,0.055999999999993076,1.0821375858860704E-8,0.6994259993864325
-0.0022262815162288835,-0.20921909094682073,-0.21169203906760767,0.055999999999992923,1.0947940796474327E-8,0.7176630377142104
-0.0022587870767065135,-0.21004243748976428,-0.21268126719955752,0.05599999999999273,1.1090649448350302E-8,0.7715955268643054
-0.0017800445566024832,-0.20619366670688072,-0.21077881303175938,0.05599999999999066,1.2575372711709567E-8,0.6749485234431177
-0.0019248230156135024,-0.20558225825936166,-0.2100537325411591,0.05599999999999019,1.2881667194610702E-8,0.6740003596116741
-0.0019145990548176122,-0.2071589696736504,-0.21082881922923563,0.05599999999999209,1.1573541178919637E-8,0.6754331517000577
-0.0020465387867786397,-0.20395736878852538,-0.20984400172271284,0.055999999999989225,1.350437759918395E-8,0.6415026869976723
-0.0023413605153817622,-0.2031499168853812,-0.2094942322044135,0.055999999999990294,1.2820321409574629E-8,0.6209871343253778
-0.0023016647586854896,-0.2040256563409008,-0.2088470499880709,0.055999999999990946,1.2377664953504915E-8,0.6210759079879627
-0.002624717317880094,-0.2030948716456839,-0.20843381057811394,0.05599999999999213,1.1543410127847321E-8,0.5947113706707057
-0.002572921283065469,-0.21025802995330745,-0.21176231869755563,0.05599999999999267,1.1133961787036268E-8,0.7834750504058537
-0.0029588606765963525,-0.2109836894266882,-0.21132153058138775,0.05599999999999183,1.1759393189777925E-8,0.8106094775260706
-0.002100345134743217,-0.20484428557547674,-0.20936039763422648,0.05599999999999055,1.2652571290815415E-8,0.6500027316408864
-0.002172981935560237,-0.2057034351583908,-0.2091475016369424,0.055999999999991466,1.2018689332779285E-8,0.6570335656569397
-0.0027223940508792873,-0.20993565709558007,-0.21062823469990147,0.05599999999999284,1.1005284183272398E-8,0.7638509270652644
-0.002269309390538839,-0.2081705898758504,-0.21031360801297533,0.05599999999999274,1.1082765913799406E-8,0.7059553188916393
-0.0021624488135437857,-0.20678702348326952,-0.20963134386601365,0.05599999999999187,1.1729316889701193E-8,0.6837886452730715
-0.002371143662917354,-0.20503835887658456,-0.2083292614241263,0.055999999999992,1.163734915628282E-8,0.6410380038797779
-0.0025962394258593337,-0.20409327016000184,-0.20770389986634757,0.05599999999999294,1.0941454223563273E-8,0.6097279684397433
-0.0029504026234614396,-0.20303448297849394,-0.20723078206602405,0.055999999999993784,1.0252924096933228E-8,0.5796154532607524
-0.0029305123837159836,-0.2041538134608433,-0.2064070895237406,0.055999999999994554,9.598850313246155E-9,0.5824505664668406
-0.0033233664924045957,-0.20296474940555048,-0.20587150536991966,0.05599999999999503,9.166087563015134E-9,0.5594360521192624
-0.0031441582697617288,-0.21069879114766524,-0.2099388682474151,0.05599999999999228,1.1434072236578128E-8,0.7936226289092295
-0.0028588204468340352,-0.20943624323300492,-0.2092628302582813,0.05599999999999283,1.1015015701961908E-8,0.7268251085840974
-0.0033396628024988254,-0.21042835668075174,-0.20841548539924715,0.055999999999992466,1.1293327138741966E-8,0.7750708176704025
-0.002473025711052562,-0.2064320816546517,-0.2082118961382689,0.05599999999999288,1.0977745666805193E-8,0.6674999776045107
-0.002673257514634956,-0.20524562551362405,-0.2071592470470943,0.05599999999999372,1.0307951605754743E-8,0.6183876655189318
-0.00259319934811045,-0.2079057348812498,-0.20869195082202177,0.05599999999999295,1.0917049426760024E-8,0.694288571736411
-0.00305449761845939,-0.20902861097684652,-0.20774563432216933,0.055999999999993194,1.0729411792788519E-8,0.6968541184206902
-0.002883227675151894,-0.2074902440515919,-0.20705065281008767,0.055999999999993916,1.0150299290728987E-8,0.6451877768257199
-0.002821849458811954,-0.20630192568636974,-0.20671714276241548,0.05599999999999428,9.845034977955178E-9,0.6183586838180307
-0.003030635192728168,-0.2053822760602902,-0.20572346283646467,0.05599999999999516,9.061836818738491E-9,0.5954080432022072
-0.003295212529863443,-0.2042243609658458,-0.20496629337357522,0.05599999999999563,8.59902838760509E-9,0.5555807213823422
-0.003731450066094209,-0.20288233674289657,-0.2044033149557799,0.05599999999999585,8.38265447273775E-9,0.5416510988713554
-0.0035334995890959247,-0.21018913124792338,-0.2068310760121836,0.05599999999999322,1.0707441457088315E-8,0.7321919448043861
-0.0037187316842626655,-0.209986264969877,-0.20523748701510564,0.05599999999999444,9.702663754323402E-9,0.6792094053428711
-0.0032922408006269984,-0.20871052489794067,-0.2061006879528029,0.05599999999999436,9.772801795560133E-9,0.6539895978412477
-0.0031535121128802033,-0.20706111802640154,-0.20552995029080068,0.05599999999999527,8.957635964734324E-9,0.6111038939657512
-0.003418897275247441,-0.20567338257841616,-0.20405416917079838,0.05599999999999621,8.015937213143497E-9,0.5517650195023877
-0.003657598982286969,-0.20407362713412755,-0.20362078953595167,0.05599999999999642,7.78705695758154E-9,0.5314347258681823
-0.004138042125326567,-0.2027878263982162,-0.20295802098312354,0.055999999999996275,7.93940509275256E-9,0.5307220736154246
-0.004056126446564522,-0.20387344693793802,-0.20215848503382797,0.055999999999996775,7.389354974993204E-9,0.5114125342422132
-0.0035397514267863682,-0.20854913180275547,-0.20450821860170992,0.05599999999999575,8.488032556747677E-9,0.5983936477036084
-0.0038954886714276794,-0.209815474898005,-0.2036315933408227,0.05599999999999586,8.373130981632681E-9,0.6070807081709234
-0.003516125165467453,-0.20729599004558938,-0.20381444184719233,0.05599999999999641,7.80309719527806E-9,0.5565147142289523
-0.0037686601629661693,-0.20501317680452358,-0.2026792641225858,0.055999999999996886,7.254915587600554E-9,0.5122328499975564
-0.0037567340254239935,-0.20661453772838062,-0.2024004703661189,0.055999999999997156,6.945217530357863E-9,0.5168087797885229
-0.003768260023545443,-0.2083120478980912,-0.20288578090944565,0.055999999999996886,7.26542657586216E-9,0.5453042134096727
-0.0044087487670231495,-0.2037823141724842,-0.20077197910699904,0.055999999999996906,7.235992410068192E-9,0.5033728804621368
-0.004051889159277195,-0.2051786120273948,-0.2013173534663973,0.05599999999999725,6.819966929521285E-9,0.49949356083033275
-0.004068189235383295,-0.20966980329931995,-0.20196528511274067,0.05599999999999697,7.164509418407347E-9,0.5408987878161556
-0.00401461307891243,-0.20810785950837674,-0.2011086338823893,0.05599999999999763,6.3353287391750355E-9,0.49488382193004954
-0.006346734457924624,-0.21507360664885897,-0.20958808884750985,0.055999999999985485,1.56703919226934E-8,0.8999401077327767
-0.00602167569754296,-0.21469461608491464,-0.20876949536642742,0.05599999999998601,1.538581746994876E-8,0.9162352003617945
-0.003302859638019346,-0.2118813057924457,-0.2114975933421344,0.055999999999991654,1.1883023445031437E-8,0.8242809338159578
-0.0037909890199239776,-0.21270184081290058,-0.21112056686702368,0.055999999999990675,1.2563874199093953E-8,0.8557884704039384
-0.004507814014887147,-0.21359838202819112,-0.21040337579445823,0.05599999999998969,1.3212594150973402E-8,0.8661459015064058
-0.0053845670357159856,-0.21444128925473102,-0.20988340633797878,0.05599999999998772,1.4416760828432893E-8,0.888256779493757
-0.004699409252085138,-0.21355594022482924,-0.20938947646892167,0.05599999999998936,1.3418597522000587E-8,0.8446581594188688
-0.005891838485339194,-0.21443098923002343,-0.20768553028424314,0.055999999999985416,1.571319209318014E-8,0.9358098893666572
-0.005251147565430334,-0.21400171950820332,-0.20856700993920993,0.05599999999998787,1.4327158784936013E-8,0.9017243440683451
-0.0034528224818984035,-0.21170006113240325,-0.21040961298443284,0.05599999999999161,1.1913479871394258E-8,0.8297518637370956
-0.004097042085186245,-0.21270330269454016,-0.20963380118062153,0.055999999999990585,1.2624334237438166E-8,0.8655586837289483
-0.0036987663410230167,-0.21164342948906575,-0.20897178728998822,0.05599999999999158,1.1937028090174129E-8,0.827757770917656
-0.0044161530502862785,-0.21283372659051977,-0.20823964007968698,0.05599999999999006,1.2972082151332223E-8,0.8792002649299928
-0.005724130835134807,-0.2141882645663667,-0.20663847050352402,0.05599999999998515,1.5852655257413126E-8,0.9195249038128831
-0.005111782843026998,-0.21361433363373775,-0.2072658337602843,0.05599999999998817,1.4146379238556862E-8,0.8851894232808591
-0.005672742682054108,-0.21409998782143227,-0.20557422677342818,0.055999999999985804,1.549884182745455E-8,0.9014366599695033
-0.005666512289319882,-0.21412443899798653,-0.20456108822035501,0.05599999999998825,1.4099194423256928E-8,0.8722758917891369
-0.0038858626007196462,-0.2114964012079714,-0.2074303271686648,0.055999999999991716,1.1841604868918565E-8,0.8058018088703681
-0.004487173565684619,-0.21256313089469872,-0.20658187830583102,0.05599999999999053,1.2659632763725664E-8,0.8339793758291041
-0.005054454430610834,-0.21338439113216967,-0.2060551909361274,0.055999999999988385,1.4017016828779608E-8,0.8560920889487139
-0.0052039981940696775,-0.21352026406083505,-0.20507623066219094,0.05599999999998915,1.355577842703233E-8,0.8373410828979454
-0.005638598991932614,-0.21418553753876618,-0.2035540120854083,0.05599999999999114,1.2247073312556553E-8,0.7945337813890738
-0.005638127885426778,-0.21436396708366093,-0.2024536988355909,0.055999999999993055,1.083916428401791E-8,0.7075477248546204
-0.004038922726552989,-0.2113468795129632,-0.2058749875301888,0.055999999999992646,1.1153642186570576E-8,0.756799215722284
-0.005696641289770912,-0.21472360807695653,-0.20136730425200156,0.055999999999995144,9.062673131108499E-9,0.6338696140405237
-0.005097042464231941,-0.21333035819314344,-0.20406718514156877,0.05599999999999144,1.203740366017993E-8,0.7800699333811821
-0.00462925591699515,-0.21256158400072503,-0.20508798390504474,0.055999999999991605,1.1922780081411673E-8,0.7776013042968034
-0.0041774515967299836,-0.21120737928867453,-0.20421123853323167,0.05599999999999427,9.852715544500612E-9,0.6835951808765238
-0.004619543924488486,-0.2123062147487308,-0.2034553008719061,0.055999999999994075,1.0017310994334347E-8,0.6778364842792661
-0.005127568926791703,-0.21340493763524102,-0.20283566220917632,0.05599999999999366,1.0365399676852584E-8,0.7036639366523755
-0.0051746371274199714,-0.21360476311166365,-0.20156358701399896,0.055999999999995186,9.027066329601105E-9,0.623633549934356
-0.004292920791212389,-0.21109484101463902,-0.2026029083383639,0.05599999999999603,8.195775581539071E-9,0.6044000893145354
-0.004719549769534497,-0.2123949508701518,-0.2016903669157507,0.05599999999999588,8.350320587279539E-9,0.6068667208072036
-0.004970551013559718,-0.21314440254566563,-0.20073877548319513,0.055999999999996566,7.633050525966631E-9,0.5707376632218119
-0.004403560323952683,-0.21104248399319184,-0.20096752720189504,0.05599999999999722,6.852442669513475E-9,0.5350267597196037
-0.0019423674461777449,-0.2029936267574144,-0.21154167444700758,0.0559999999999863,1.5229753750073875E-8,0.6066313925657972
-0.0021493279200740342,-0.2028358155125991,-0.21101142931538402,0.05599999999998706,1.4801831630708607E-8,0.6093819675687325
-0.0024157898500354403,-0.20264646328043076,-0.21031938288405427,0.05599999999998872,1.3818430569784899E-8,0.6006205789522882
-0.002731000001586509,-0.20238594913451474,-0.209692963396406,0.05599999999999026,1.28440479637676E-8,0.6069198742663631
-0.0028243391913698903,-0.2024657200436975,-0.2089342084840755,0.055999999999991536,1.196118238646668E-8,0.6045842154337137
-0.003329743396638578,-0.20194532666957016,-0.20851429238097774,0.05599999999999265,1.1146785215826137E-8,0.5733215834290994
-0.0030815661512165853,-0.20237096977523292,-0.2080304388147864,0.05599999999999319,1.0732363624136644E-8,0.5849967709109368
-0.0037037540037314423,-0.20170386985994448,-0.207736196227312,0.05599999999999391,1.0159413929248243E-8,0.5803074825287127
-0.004193609627503943,-0.2013975119335616,-0.20678141034155248,0.055999999999994894,9.2906675214209E-9,0.5696325435444524
-0.004615112740312081,-0.20117149425264094,-0.2057663766206767,0.05599999999999553,8.695704107508728E-9,0.5540782748140447
-0.0047112075089112805,-0.20125981111579094,-0.20459364817874667,0.055999999999995914,8.306510592673143E-9,0.5251158030964475
-0.0034581244738081792,-0.2021845405802381,-0.20688339366361835,0.055999999999994554,9.594054797477586E-9,0.5619435763299604
-0.004779741187741429,-0.20145358155598148,-0.20335917964651526,0.05599999999999616,8.072592567070522E-9,0.5103138518800194
-0.0039023524310771076,-0.2019763029875792,-0.20552674231958087,0.05599999999999553,8.697416359865052E-9,0.5397233797439414
-0.004194752375085407,-0.20200150254946378,-0.2041930767398331,0.055999999999996074,8.14473998263066E-9,0.4938031380914934
-0.004734090677665426,-0.20188813922929508,-0.20224897340058146,0.05599999999999629,7.936508664624072E-9,0.4803351000669114
-0.00169543630199396,-0.21298579017771185,-0.21890234963084299,0.055999999999996455,7.744652050339869E-9,0.6663674595450925
-0.0015283868893487312,-0.21286134799059514,-0.2191985680027575,0.05599999999999861,4.838212851323459E-9,0.857521410287649
-0.0017534299714099999,-0.213257852587,-0.219159907209,0.05599999999999849,5.059652591855151E-9,0.9059975464218056
-0.0015109157740558546,-0.21259650285562853,-0.21884537636431023,0.05599999999999594,8.2931056883596E-9,0.659449555257492
-0.0019288211883299999,-0.213561097118,-0.21912986199200002,0.05599999999999841,5.190855730535991E-9,0.9530068646107519
-0.0017761685078844015,-0.21288446431755575,-0.21850664872909686,0.05599999999999394,1.0140258677007926E-8,0.6758636803409478
-0.0015179849376712026,-0.21233729385065436,-0.21843564716240532,0.05599999999999369,1.0331823603483553E-8,0.7046579492793508
-0.001283882218399477,-0.21241933725380657,-0.21924073911829534,0.0559999999999987,4.68596541920696E-9,0.8935176370127821
-0.0012623598437880728,-0.2120733145151592,-0.2187952092123981,0.05599999999999573,8.493809360338963E-9,0.6702475297874947
-0.0010141480367455882,-0.21191503123485325,-0.21928750983458564,0.055999999999998884,4.348520020290417E-9,0.8982543677747126
-0.001313201254103305,-0.2117711215167052,-0.21821254018002434,0.055999999999993784,1.0254671210700945E-8,0.6835427442884522
-0.0010054631475600064,-0.21153204151662766,-0.21877518407193197,0.05599999999999616,8.06913367913142E-9,0.658986036577791
-7.194725435990339E-4,-0.21133841413817347,-0.21933898579645184,0.05599999999999896,4.2060949683769665E-9,0.8373452258415828
-0.0016078395972133027,-0.2122001551908495,-0.2179661785449809,0.055999999999992243,1.1461606890421901E-8,0.6979173783542093
-4.0246177673583495E-4,-0.21067725276832971,-0.21939496690646923,0.05599999999999908,3.952493270888726E-9,0.8270302440096776
-7.131715024316479E-4,-0.2108762356207244,-0.21874597817219682,0.05599999999999678,7.3697254188787085E-9,0.6579033378619825
-7.008304126694654E-5,-0.20991638549243885,-0.21945466241418973,0.05599999999999919,3.6934515473354324E-9,0.8001643971825735
-4.1414062061706763E-4,-0.21016063755308,-0.21872835458544834,0.05599999999999732,6.740932368620621E-9,0.6557999147739032
-1.3279495476019583E-4,-0.20938937953187509,-0.21868842513479889,0.0559999999999977,6.2511736973988735E-9,0.6487369287512923
2.627174957280616E-4,-0.20903695183700438,-0.21951616902688992,0.05599999999999931,3.4226525167475163E-9,0.7810231553818611
-0.0018161459463726876,-0.2126830326161871,-0.218076203609957,0.05599999999999226,1.1443272812525407E-8,0.6863545253734813
-0.0010109328189410773,-0.21108962117338753,-0.21815852238135525,0.055999999999994776,9.402886324195513E-9,0.6633738938191633
-0.0012848564357468388,-0.21134893016216258,-0.2177038489603296,0.05599999999999326,1.0688862843605345E-8,0.6730289339055455
-0.0015479202537592932,-0.21180220685412637,-0.2175614383896206,0.05599999999999201,1.1628753157850342E-8,0.6908886006145994
-0.0018225075153400962,-0.21236063016687826,-0.217564010639565,0.05599999999999128,1.2148199166074704E-8,0.7107904468294279
5.704505501030117E-4,-0.20801744862486124,-0.2195761120572741,0.05599999999999931,3.4171289836001963E-9,0.7713094166991837
1.721125016118858E-4,-0.20832385562128655,-0.21858527326488125,0.05599999999999793,5.924507789437771E-9,0.6421666832161318
-2.252711973224543E-4,-0.2088349675510489,-0.21785107308436868,0.0559999999999966,7.592336749324137E-9,0.6216338363226938
8.030996895263812E-4,-0.20683462160655935,-0.2196275543709003,0.05599999999999929,3.4678940471883897E-9,0.7120363650595798
4.241006655242372E-4,-0.2072024725830113,-0.21856520390908446,0.05599999999999816,5.5731348544744065E-9,0.5926317222082634
4.3988297732249567E-4,-0.20505610147720726,-0.21839632802216336,0.05599999999999782,6.078122427773363E-9,0.5903150386865313
2.7380539093720693E-4,-0.2061752576105619,-0.21765932853707518,0.05599999999999685,7.293551847855986E-9,0.5713339448344593
4.6173291024244356E-5,-0.2046531844993419,-0.217196440583813,0.055999999999996226,7.991447361128856E-9,0.5666820245421661
6.139739781176195E-4,-0.206118796764242,-0.21878604951211833,0.055999999999998384,5.230909584617986E-9,0.5753271952878369
8.26108109826E-4,-0.205500677069,-0.219650677278,0.05599999999999903,4.053008428503472E-9,0.776920621926906
2.3680967848486495E-6,-0.2076260706983439,-0.2175214626433828,0.0559999999999966,7.589164615794746E-9,0.5896652364416226
-7.538992511148091E-4,-0.2104691704168168,-0.21811039324980924,0.0559999999999955,8.735207655646013E-9,0.6566477338331652
-0.0010953167092999684,-0.21077701777759072,-0.2174969622773345,0.055999999999993964,1.0110319627141125E-8,0.6752696293066774
-5.032026070454589E-4,-0.2097491190253234,-0.217989421254376,0.055999999999996115,8.105205280598407E-9,0.6354475264128127
-8.542397042522186E-4,-0.2101193229102039,-0.2173850516501849,0.05599999999999492,9.278034800377749E-9,0.664225293681955
-0.0011986538242352472,-0.21052246949109682,-0.21685688376106416,0.05599999999999369,1.0337782761895506E-8,0.6935816560679408
-0.0014833733464042673,-0.21130124008101048,-0.21704281668481742,0.055999999999992396,1.133848112009024E-8,0.7064670724839254
-0.0018470949301925322,-0.2120288919826599,-0.21698852846453243,0.05599999999999138,1.2084931144497681E-8,0.7359388201126414
-6.968142660241582E-4,-0.20454132450337592,-0.21451796418874475,0.055999999999992646,1.1158724773920184E-8,0.5709904121437234
-9.731381329111954E-4,-0.20375091029554757,-0.21423425430123194,0.05599999999999095,1.2371623352506911E-8,0.602155912496222
-6.709111714561689E-4,-0.20400126939557392,-0.21510272023926272,0.055999999999993076,1.0826476880094309E-8,0.5800168280152465
-9.705351427203734E-4,-0.20415036574281029,-0.21376855152014207,0.055999999999990724,1.2534302963038193E-8,0.605393260225468
-6.249122133548405E-4,-0.20936523947435337,-0.21720248112744733,0.055999999999995546,8.682179859757725E-9,0.6370630614136782
-9.853836543518115E-4,-0.20979863589360387,-0.21660849325399578,0.05599999999999438,9.753114448555862E-9,0.6873377263329773
-4.3267724604933614E-4,-0.20849305768749427,-0.21690392804212486,0.05599999999999563,8.601475780585978E-9,0.610641291577804
-7.925673821842868E-4,-0.2091801709172569,-0.21649782816563984,0.05599999999999492,9.27147740360629E-9,0.6554526762756238
-1.1739083653354935E-4,-0.2054448183976138,-0.21629088508768327,0.055999999999995644,8.583454231625346E-9,0.5472878440153791
-3.3005534209751524E-4,-0.2043000272151848,-0.21608895273395498,0.05599999999999488,9.31132202958844E-9,0.5748678945343462
-1.570889735042204E-4,-0.20677927521838324,-0.21650945776245167,0.05599999999999578,8.448541738881427E-9,0.5680885793096047
-3.851517415372307E-4,-0.2077876154858646,-0.21644959693034171,0.05599999999999562,8.610296579437666E-9,0.6146097949082575
-5.553576154404572E-4,-0.207440314866285,-0.21566201033875917,0.05599999999999521,9.004805658989695E-9,0.6270317475442312
-3.973948766785787E-4,-0.20498251322558514,-0.21540455634163624,0.055999999999994284,9.838065279090111E-9,0.5694340242928186
-4.4783336831074716E-4,-0.2061073301484907,-0.2153048048946584,0.05599999999999482,9.374480438342918E-9,0.5984105976515596
-0.001239778460682464,-0.20354031285689436,-0.21346927229553694,0.05599999999998834,1.4053118098918509E-8,0.6031305378167378
-0.001163257762157513,-0.203981516950368,-0.2131796511356643,0.05599999999998926,1.3487093586755035E-8,0.6095591648059393
-0.0012938463606843385,-0.2102617113928286,-0.2162322828076576,0.05599999999999359,1.0423215107961752E-8,0.7053941040182836
-0.0015722088149678218,-0.21091989157469293,-0.2162410261000959,0.05599999999999276,1.1074992771654791E-8,0.7242306007582421
-0.0018833013044828983,-0.2116612236508147,-0.21632801601509521,0.05599999999999181,1.1775626328706303E-8,0.746540338086168
-0.001986060636262673,-0.2113198752478347,-0.21549453515216566,0.05599999999999211,1.154970114000132E-8,0.7557853343154597
-6.018916593921609E-4,-0.20536081640636478,-0.21466603613837854,0.05599999999999361,1.0403316802330987E-8,0.5843427647388733
-8.083638181926709E-4,-0.20514470823157643,-0.21396799443554176,0.05599999999999231,1.1411211227793118E-8,0.6132219446556456
-0.0010471834998306716,-0.20470882343346292,-0.21320182812827104,0.055999999999990724,1.2534116584358158E-8,0.6231379295940478
-0.0011676248659617167,-0.20953857359434994,-0.2157433947935995,0.055999999999993944,1.0122333642419971E-8,0.6902001686522892
-7.728310870757053E-4,-0.20852713871789239,-0.21589547232884593,0.05599999999999489,9.296164377924229E-9,0.6377494231005952
-7.448819986353077E-4,-0.20601424406198532,-0.2143032638288903,0.055999999999993534,1.0468186857671674E-8,0.6210476800905357
-8.899026510157588E-4,-0.20801477381496655,-0.2150606676817284,0.05599999999999463,9.524803210254248E-9,0.6422602563187914
-0.0012125916551576242,-0.20889468906124434,-0.21488257590437038,0.055999999999994214,9.903541696047711E-9,0.6647409701612064
-8.024441407967611E-4,-0.20707350937905175,-0.2146276292732378,0.05599999999999433,9.797759334259985E-9,0.6307934667778513
-0.0015955124644968612,-0.21042998229608634,-0.215504095618284,0.05599999999999298,1.0901070529338446E-8,0.7343854150389557
-0.0015611556342529052,-0.2098931813680597,-0.21491851373531873,0.0559999999999935,1.0484022002497348E-8,0.720332719403594
-0.002041118730392787,-0.21077379089131754,-0.21451246536324847,0.05599999999999271,1.1108600733955296E-8,0.7684611992368099
-9.84209530234536E-4,-0.2056094301607118,-0.21340073922942168,0.05599999999999217,1.1515724951730648E-8,0.651119379934432
-0.0017605174882962629,-0.20959321374087775,-0.21387448914819646,0.05599999999999343,1.0552071854020721E-8,0.7323705819876128
-0.0010579174060891738,-0.20674431363673554,-0.2135897760639624,0.05599999999999322,1.0713974213619194E-8,0.654099253404926
-0.001272388257650949,-0.2080959049890109,-0.21389184206684766,0.05599999999999383,1.0215310239880257E-8,0.6795170665559563
-0.002284786450027254,-0.21065996022722117,-0.21348786649635487,0.05599999999999261,1.1180906447507167E-8,0.7778535726307129
-0.00168644949088,-0.202615101248,-0.219327451393,0.05599999999999569,8.537070598365068E-9,0.8378262016887634
-8.922677301697253E-4,-0.2031078566264523,-0.21849101995310657,0.05599999999999762,6.348416482512127E-9,0.6533774450000731
-5.850956261784156E-4,-0.20330528895683528,-0.21947765947874648,0.055999999999997,7.137407622598561E-9,0.8428192065837318
-8.056559021961439E-4,-0.20322456850601472,-0.21754460387323452,0.055999999999996074,8.1519376432316E-9,0.583253107913423
3.519951788389947E-4,-0.20422423559908714,-0.21960053961423545,0.05599999999999836,5.277343217256049E-9,0.822656533893162
-3.206791517003536E-5,-0.20395721673005507,-0.21833620420533317,0.05599999999999748,6.529415493662108E-9,0.6219289772705119
-3.3448397890985856E-4,-0.20383903678527066,-0.2170413837683734,0.05599999999999613,8.085062785522186E-9,0.5332116565670716
-7.484299227675686E-4,-0.2033998294728558,-0.21651905060517318,0.05599999999999499,9.208564240011773E-9,0.5824189843318276
-8.270269321967455E-4,-0.20349098610836283,-0.21559069306633416,0.05599999999999306,1.083784501024787E-8,0.569603854149887
-0.001054250862857239,-0.20341731328885043,-0.21463998472713205,0.05599999999999109,1.2280389136402918E-8,0.5854673140995549
8.26108109826E-4,-0.205500677069,-0.219650677278,0.055999999999999106,3.903284180813715E-9,0.7625089822492775
-0.0011751983792948045,-0.20337929782929337,-0.21415118921724924,0.05599999999998897,1.3660922516196151E-8,0.5784387503547261
-0.016044412795871304,-0.2160500314026757,-0.21673281282392545,0.0559999999999693,2.279558823519951E-8,0.3766603814045785
-0.016064804233330943,-0.2162398617811565,-0.21703094445816978,0.05599999999997999,1.8403732042164782E-8,0.5244701389402785
-0.01627830727650201,-0.21582546956130502,-0.21700598617295533,0.05599999999997731,1.9597373400249656E-8,0.45384394610487044
-0.015777847270640775,-0.21650681340239442,-0.21672663065320033,0.05599999999996956,2.269896867599944E-8,0.3575983387493838
-0.015684387146546165,-0.21677065591612812,-0.21688903848668267,0.0559999999999771,1.9686963872468785E-8,0.37849178585506693
-0.01568078596759643,-0.21691878490227523,-0.21707682029382624,0.05599999999998484,1.601667887682619E-8,0.5262820591806857
-0.015866087233408974,-0.21660240351559404,-0.21705451747798,0.05599999999998161,1.763779897222214E-8,0.5275582791827419
-0.015812968470204698,-0.2162560663706182,-0.21644246183474908,0.05599999999996017,2.5962774403101944E-8,0.41848722528112786
-0.01562572428427971,-0.21657390611572858,-0.21646224649492177,0.05599999999996149,2.552777992822061E-8,0.4061988869059992
-0.015353468679963211,-0.21725987468456642,-0.21689567616922484,0.0559999999999767,1.9858159642206083E-8,0.3709755027837121
-0.0153402869802,-0.217441135157,-0.21711867576100002,0.05599999999998871,1.3824014517304931E-8,0.6568218677133303
-0.015506377751899999,-0.217196410901,-0.217098110187,0.05599999999998722,1.4710318833037314E-8,0.5798152144176566
-0.015534891643076025,-0.2169990860317978,-0.21688993826454558,0.05599999999997684,1.979845484771322E-8,0.37306280669948855
-0.015400833959231591,-0.21705123830635262,-0.21668658568710783,0.05599999999996771,2.337993417651652E-8,0.3676109764763738
-0.015222804143315845,-0.21728776759377635,-0.21668598836380182,0.05599999999996826,2.3177851624122873E-8,0.3886357475727659
-0.0162660232483201,-0.2156107868044797,-0.21670174350704932,0.055999999999969734,2.2635924849175084E-8,0.396461456006739
-0.016010502101606355,-0.21586218990522105,-0.2163749221254961,0.05599999999995861,2.6464485587880842E-8,0.4489531911863802
-0.01624766511836712,-0.21542090338638722,-0.21638187143492632,0.05599999999995867,2.6447506049353626E-8,0.470297918631367
-0.01601235243784953,-0.21559533811025716,-0.21593411858588285,0.05599999999994988,2.912261358711784E-8,0.5391745228528615
-0.016254818653356148,-0.2151987425628416,-0.21603792834359592,0.05599999999995203,2.849195672476867E-8,0.5423609219181538
-0.016167162636401444,-0.21519596856649864,-0.21570258816234356,0.0559999999999428,3.111253159000691E-8,0.5612716929684993
-0.01650880031132604,-0.21535310202926183,-0.21697941490890127,0.05599999999997379,2.105866446427107E-8,0.4601231493220131
-0.01565872537180163,-0.21636019725493483,-0.2162094649131185,0.05599999999995584,2.733623374492081E-8,0.4668478858678576
-0.015992707131911282,-0.21539632564938627,-0.2154207614004421,0.05599999999993876,3.219327478511428E-8,0.5520836961217083
-0.015743863571550935,-0.21592956063612068,-0.21567054345657874,0.055999999999946114,3.019876145749141E-8,0.5675090780074302
-0.015783649968164278,-0.21608158033590197,-0.21608729593456197,0.0559999999999539,2.7930218896986615E-8,0.5033423345949353
-0.015565517395471712,-0.21632651290425697,-0.21589713586907988,0.05599999999995087,2.883677867717111E-8,0.5332794010785514
-0.015460843490282577,-0.21663770953587222,-0.216170706079227,0.05599999999995525,2.7517123926428836E-8,0.47325007582958617
-0.015468509899713604,-0.21682392744792844,-0.21648495583697033,0.05599999999996195,2.5376871781778986E-8,0.40051627630008885
-0.015580924765417163,-0.21679576160560923,-0.21669464007472716,0.05599999999996716,2.3576398336549943E-8,0.36328430205894713
-0.015324824896399136,-0.2168983617107751,-0.2162870880853569,0.05599999999995829,2.6566565285187807E-8,0.4492040593512881
-0.015275069947470694,-0.21708269515851608,-0.21647481798089452,0.05599999999996263,2.5149350815867235E-8,0.4128078038686002
-0.016189521927717193,-0.21485110237460694,-0.2148162507439345,0.05599999999991076,3.886257527855663E-8,0.5241380896258646
-0.016060638238722235,-0.2151289300830023,-0.21499168188900308,0.05599999999992537,3.5537391335377664E-8,0.531505314097415
-0.01622657635336932,-0.21491548245535355,-0.21527734830812872,0.055999999999929766,3.447747241958304E-8,0.5565041760812902
-0.016339243690546904,-0.21453362388470637,-0.21460839344833577,0.05599999999989674,4.180198734332967E-8,0.49848518794123514
-0.0163881652829807,-0.21481203606516142,-0.2157918532772819,0.055999999999942436,3.121174273573504E-8,0.5910959349677578
-0.016487430047488986,-0.21514370664040375,-0.2166606551273029,0.05599999999996772,2.3368723924810027E-8,0.4576489902104753
-0.0167587754070541,-0.21481581634816016,-0.21695096638680747,0.055999999999970775,2.223690254584536E-8,0.48371414360824944
-0.016688594454063694,-0.2147079686111974,-0.21662645329771174,0.05599999999996326,2.493428763961531E-8,0.4818692028045811
-0.01645621353910875,-0.21495920399225726,-0.21629978260695026,0.05599999999995536,2.7485697824550484E-8,0.527377289705606
-0.016471404492500452,-0.21444672031749215,-0.2153031115353436,0.05599999999992678,3.51983537915307E-8,0.5644145841161973
-0.016343666674278362,-0.2145963152520423,-0.2149527291999673,0.05599999999991314,3.833922515165923E-8,0.5280038455261525
-0.016499684370793348,-0.2142679506364326,-0.21485086997257685,0.05599999999990521,4.0052282413046515E-8,0.5389100151106766
-0.016526579921781047,-0.21415260560108113,-0.21438549266331466,0.05599999999988978,4.3187950811867395E-8,0.5022102890887777
-0.016657553061827,-0.21391372487149474,-0.2146265841737467,0.05599999999990081,4.097106019134696E-8,0.5313079720992633
-0.016726798908235772,-0.21375508187444647,-0.2142611896666749,0.055999999999888334,4.347058519369988E-8,0.5241368863242284
-0.016716377940973245,-0.21440119915930142,-0.21626067261296184,0.05599999999995118,2.8746134350238414E-8,0.5641134944563239
-0.01663647586251049,-0.21426201139338805,-0.21569310065844655,0.055999999999936365,3.2815566788895387E-8,0.6046947662832908
-0.01690364035260796,-0.21378685117988644,-0.21589425620876004,0.0559999999999375,3.251959767524833E-8,0.6352209927628085
-0.0170188900883,-0.214227392689,-0.216921798188,0.055999999999964925,2.4361434550210148E-8,0.5225228415726704
-0.01702666338698587,-0.21387339880258996,-0.21648414693217954,0.05599999999995438,2.7788256807195316E-8,0.550546584402248
-0.017247025267143258,-0.21368343451830096,-0.21689663002378545,0.055999999999957965,2.6670678204929706E-8,0.5937470779047277
-0.016751745190186178,-0.21383354393412737,-0.21520143108051787,0.05599999999992013,3.676489871915443E-8,0.5817476833299724
-0.0170158647180999,-0.21330003366568012,-0.21534629828750762,0.05599999999992772,3.497565736948828E-8,0.6068018976648815
-0.0168958070441681,-0.21341646145551074,-0.21466841332158354,0.055999999999907644,3.9533639419537175E-8,0.5366490314628239
-0.016954768188794492,-0.21330151315367069,-0.2140609410350227,0.055999999999888604,4.3418439358819485E-8,0.5951151696593203
-0.017189644820080726,-0.21285404087924614,-0.21380809886311963,0.05599999999988383,4.434031925779207E-8,0.7420812829557201
-0.01713870975900454,-0.21287161591721387,-0.2143681746628171,0.055999999999903266,4.045836166821708E-8,0.5503158461140488
-0.017201304164742602,-0.21338681308293111,-0.2163592009134005,0.05599999999995092,2.8822075301349847E-8,0.6049658041897074
-0.017464945608860808,-0.21313784824249754,-0.2168729745263555,0.05599999999995505,2.7582144853685906E-8,0.6439735095620138
-0.017166534213234583,-0.21318894064333627,-0.2158894248299889,0.05599999999993603,3.289950030643157E-8,0.6498660636508398
-0.01712484011136574,-0.21293760456227154,-0.2149013714081231,0.055999999999920516,3.6675168524108025E-8,0.571932851297494
-0.017439680286763345,-0.2127670686865355,-0.21628658486517036,0.05599999999994757,2.978680759973959E-8,0.6022903087421373
-0.017329132028050212,-0.21262797763376057,-0.21549990668039296,0.0559999999999326,3.377268809088407E-8,0.612716188304164
-0.017446858189327192,-0.21240851278273187,-0.21350719988965655,0.05599999999987352,4.6261570995048053E-8,0.9179697401826998
-0.01771729318804838,-0.21198898581357237,-0.21321034438832706,0.05599999999986222,4.828543428121489E-8,1.2350687093029722
-0.0176984962563,-0.21252523276600002,-0.216848035114,0.055999999999952366,2.8392350393807884E-8,0.6602912581472471
-0.017367640258610085,-0.21237481382916698,-0.2141172840126037,0.05599999999989797,4.155077808445796E-8,0.6495995992433689
-0.017353886631570177,-0.21238396649920135,-0.2147694660639774,0.055999999999920856,3.659666795835699E-8,0.5536837186811523
-0.01766480201863813,-0.2121154124111991,-0.21614870928133895,0.055999999999946544,3.0073790559987114E-8,0.5978005785727363
-0.01760362781704274,-0.2119067158845429,-0.21378828788958457,0.05599999999988908,4.332439257466639E-8,0.8359166406967439
-0.01763050067468156,-0.21181001022346915,-0.21528272833149528,0.055999999999932645,3.3762382435390596E-8,0.6087817345894199
-0.017824201082095547,-0.2115843071767757,-0.21339138620175857,0.05599999999987486,4.601741610872016E-8,1.1076902651962273
-0.017991893843886084,-0.2115829236088711,-0.212958445196545,0.05599999999985885,4.8873827325353567E-8,1.5683884755577573
-0.018234398330245604,-0.21125887209824612,-0.21274763356051107,0.055999999999860925,4.851255075357416E-8,1.8888275860082497
-0.01797650776377513,-0.21175971279428932,-0.21681889088948164,0.05599999999994661,3.005774138702599E-8,0.6643161431245997
-0.017565085660704402,-0.21185895892372011,-0.21446093837873276,0.05599999999991459,3.801955376090745E-8,0.5939489925143907
-0.018053868173644832,-0.21106312566801852,-0.21329567068759916,0.055999999999880166,4.503042560888032E-8,1.2340433238315753
-0.017935613080615306,-0.211362840050037,-0.21608497130401821,0.055999999999949375,2.9269617957057402E-8,0.6122323792333482
-0.01783913170797401,-0.21123071710251373,-0.21401642912005758,0.055999999999904675,4.0164995973059225E-8,0.6776924764563992
-0.017785157503202503,-0.2113046260278861,-0.2147309171426447,0.05599999999992654,3.525807278101905E-8,0.5885319832921996
-0.017955428452250184,-0.21098596279876375,-0.21537619403066893,0.05599999999993813,3.235833361518435E-8,0.6306980904847466
-0.01840226988812607,-0.21072922922209614,-0.21278089945440426,0.055999999999874706,4.60469798282988E-8,1.8798485026949436
-0.018327053691757616,-0.21029068926536548,-0.21329136358901657,0.055999999999897306,4.1686606540504444E-8,1.2608139727991825
-0.018272217759222983,-0.2108984045471412,-0.21678858981637852,0.055999999999941354,3.150312924691663E-8,0.6393651935472776
-0.018139469675238884,-0.21046612320850666,-0.2138609878907666,0.05599999999991156,3.868572588006741E-8,0.7690142132438322
-0.018244229618311028,-0.21045950692915094,-0.2160137146871977,0.05599999999995353,2.8041406216535655E-8,0.6208392413705667
-0.018583653104,-0.209936332812,-0.21675747593300002,0.05599999999994326,3.098756960155616E-8,0.6620859801172141
-0.01806810370481347,-0.21053456684833027,-0.2145901073384977,0.055999999999931646,3.401118864104103E-8,0.6166834884421196
-0.01819690260778748,-0.21029467365006066,-0.21531863380486393,0.05599999999994408,3.0761596289303625E-8,0.6439985800399486
-0.01826274469006957,-0.210014446452585,-0.21417737779837126,0.05599999999992837,3.4816628972170935E-8,0.6759587977538459
-0.018364203419107047,-0.20988861745487108,-0.2136875055250012,0.05599999999991784,3.72894204829894E-8,0.8405547344138123
-0.018658051188172164,-0.21007385700399878,-0.21269746453163574,0.055999999999892434,4.266594420591458E-8,1.9338137089549663
-0.018585288883784867,-0.20964609058269137,-0.21313471179442808,0.055999999999910066,3.9011706863029546E-8,1.3251834081973435
-0.0188486172248,-0.20907985069600002,-0.21673157630200002,0.055999999999949146,2.933471350754577E-8,0.6536934202520182
-0.018525473828557355,-0.20952496249430905,-0.21581709763818482,0.055999999999956536,2.7119493379151543E-8,0.629587787296381
-0.018345050328486042,-0.20976172366409104,-0.21487835634543564,0.0559999999999441,3.075528142837513E-8,0.6401485135105147
-0.018465370803963214,-0.20940643367608391,-0.2141582543490697,0.05599999999993826,3.232227739876725E-8,0.6720141791961218
-0.018550876807204828,-0.20935812775716828,-0.21359358068295145,0.055999999999924645,3.5711896476934344E-8,0.8791141090496202
-0.018865062815851194,-0.20936756855899608,-0.2126814388292682,0.0559999999999082,3.9413832800503115E-8,1.8176579277352065
-0.018745176721944323,-0.20899919543093465,-0.2132292518416625,0.05599999999992322,3.6044104917895024E-8,1.1305437912691523
-0.018700171707319933,-0.20866846843842898,-0.2149081557044978,0.05599999999995265,2.8306780868436023E-8,0.6433797364620802
-0.01869654190449066,-0.20873514233815654,-0.213890156768679,0.055999999999940465,3.17405065599833E-8,0.7822544360002586
-0.018900338700249073,-0.20835586889608385,-0.21331800693895453,0.055999999999937114,3.262034822321391E-8,1.0674795822041427
-0.019109036146402903,-0.20848353540248096,-0.21263452105369945,0.05599999999992906,3.464801529290569E-8,1.6582475175101397
-0.01896618580048811,-0.20774815552419404,-0.21403579686307175,0.055999999999954704,2.7686821296742847E-8,0.7375523830964147
-0.0190953856335534,-0.2078058438762748,-0.2131057400715766,0.055999999999945184,3.0457373011294095E-8,1.2258116059401452
-0.019355520074712747,-0.2075867410551329,-0.21252209308555414,0.05599999999994693,2.9965229558449855E-8,1.5838309792479086
-0.019270190817508994,-0.2069165535084759,-0.2132366671732593,0.055999999999957514,2.6814968811549346E-8,1.0563732708807818
-0.019535018951409033,-0.20686201007269556,-0.21241800803532712,0.05599999999995936,2.6225003444685586E-8,1.5174156827609344
-0.019570679879330966,-0.2059742767177239,-0.21271276140507328,0.05599999999996707,2.3605066624809218E-8,1.3266391976569736
-0.0486078535227001,-0.21739007971600002,-0.179202219137,0.055999999999999946,8.540417410975629E-10,0.14279236359883565
-0.04891038850540598,-0.214527941334828,-0.17898958736969883,0.055999999999999946,8.547609721554742E-10,0.15656476320926452
-0.04902649060640064,-0.21155665565214737,-0.1787943569650597,0.055999999999999946,8.636046025995134E-10,0.17524336260176035
-0.04858590205729479,-0.2026317367749558,-0.17772622367572527,0.05599999999999995,9.433721561673756E-10,0.3042772072285217
-0.0486394538164421,-0.20367284852149994,-0.17890334313051082,0.055999999999999946,9.223014951532499E-10,0.3041300207923668
-0.04838264920750018,-0.20166288696699997,-0.179239292472,0.055999999999999946,9.507734116653302E-10,0.343857258603256
-0.04884967582331441,-0.2059995131407462,-0.17872343569824614,0.055999999999999946,8.918727402499736E-10,0.2618063252331093
-0.04899222692874567,-0.2086538559243207,-0.17869003910915512,0.055999999999999946,8.73977598114593E-10,0.21440063450568883
-0.045688482716800004,-0.22293037596499998,-0.189964251319,0.055999999999999946,8.984939063301109E-10,0.14676194284556404
-0.046305740273065804,-0.22064523816136639,-0.19025562763827972,0.055999999999999946,8.839015735365714E-10,0.15585753702080818
-0.04654299165478207,-0.2220185368633621,-0.18788972775042545,0.055999999999999946,8.862933819298017E-10,0.1478766623641716
-0.047113757254855455,-0.21956259044840015,-0.18804172960201165,0.055999999999999946,8.693470750313308E-10,0.16061140984420078
-0.04673160547494932,-0.21835238894199288,-0.19043884513968085,0.055999999999999946,8.643070159108855E-10,0.17121554128678892
-0.04723008271046054,-0.2209782059117684,-0.1859171018822761,0.055999999999999946,8.72810485238249E-10,0.1496785873943313
-0.047820467153940345,-0.21981555110511936,-0.18383883641798554,0.055999999999999946,8.616325507811393E-10,0.14488965355927558
-0.04773547132096714,-0.21848990701459475,-0.18585352705384856,0.055999999999999946,8.605895114540084E-10,0.16012941162484076
-0.04825469563844711,-0.21725241182688493,-0.18361977146074948,0.05599999999999996,8.534887941796918E-10,0.15962120335998856
-0.04829776700043355,-0.21858069495289045,-0.18159227873479106,0.055999999999999946,8.538842657407232E-10,0.14383584084012677
-0.048675685079055724,-0.21572592565564772,-0.18128401810193764,0.05599999999999996,8.510262373872355E-10,0.16077445082071337
-0.04751903051056759,-0.21707472935292155,-0.1879738368727973,0.055999999999999946,8.58048164529388E-10,0.17829834230588984
-0.0470178650607837,-0.21584550974736766,-0.19050615448887065,0.05599999999999996,8.540199329933387E-10,0.18761459020608937
-0.04806752478587033,-0.21587711044751817,-0.18573376950252704,0.055999999999999946,8.55015031734708E-10,0.18394947371924072
-0.047160525353900064,-0.213069869505,-0.19042075749400003,0.05599999999999996,8.517269320845147E-10,0.2090666752056558
-0.04763002717944228,-0.21105882142764712,-0.18857570251859693,0.05599999999999996,8.529417447477736E-10,0.23316642697800585
-0.04781808909597259,-0.21399856155070643,-0.1876902142560046,0.05599999999999995,8.529746077241761E-10,0.2080045086011599
-0.04814367604470915,-0.21171594444139405,-0.18624597108052945,0.055999999999999946,8.568865884808807E-10,0.22754446085773128
-0.04797295363998131,-0.20910672652638668,-0.18671627792486414,0.055999999999999946,8.61063269432135E-10,0.2593714051102563
-0.048585121998390025,-0.20583610487811893,-0.18157585425272413,0.05599999999999995,8.77493490750213E-10,0.29288110232499653
-0.04833295883810496,-0.205709187196717,-0.1833638159054485,0.055999999999999946,8.778764097258565E-10,0.3088612466780149
-0.048403538779015036,-0.2042658853448304,-0.18190342159958106,0.055999999999999946,8.918680661443462E-10,0.3252713063300443
-0.04862019704289938,-0.20790720699628032,-0.18242980975608358,0.055999999999999946,8.660504811952071E-10,0.26828907155451726
-0.04879753004477944,-0.20708798722077099,-0.18037031138825915,0.055999999999999946,8.767926208266928E-10,0.25455021455977817
-0.04819936215929294,-0.20730466974712625,-0.18495430695483334,0.055999999999999946,8.660441294709598E-10,0.2903767263024641
-0.04886352921460012,-0.21242152049393506,-0.18099581593546096,0.05599999999999995,8.531594763373154E-10,0.19013694479832427
-0.04888929391664288,-0.2097396261817872,-0.1805986075540506,0.055999999999999946,8.617245567579571E-10,0.21337822469456647
-0.04826163857932457,-0.21371976748079377,-0.18536742998662326,0.05599999999999995,8.547042557361016E-10,0.20203412843215
-0.04850355500735979,-0.21462749440525636,-0.18345223698161728,0.05599999999999996,8.522151243815971E-10,0.1880066294932878
-0.04852760875701826,-0.21209107998819454,-0.18387345463911337,0.05599999999999996,8.537935470525731E-10,0.21837727739386356
-0.04869947692974089,-0.21030271054061772,-0.18249704966936658,0.05599999999999995,8.554939621667444E-10,0.23248576335048524
-0.04843636332739219,-0.20964238920704506,-0.1842899523370347,0.055999999999999946,8.619078179058552E-10,0.25632243739464283
-0.04842229727471043,-0.20293485707157258,-0.18054184876923127,0.055999999999999946,9.203742622782645E-10,0.34481051854302003
-0.04866392404007345,-0.20513818649786633,-0.18028870720344714,0.055999999999999946,8.958204884254276E-10,0.2954179623040781
-0.04488270651860003,-0.22709161547700002,-0.179424628148,0.055999999999999946,9.898617031688777E-10,0.12788574339332465
-0.04584734835020998,-0.22561747990794528,-0.17944602831347012,0.055999999999999946,9.56021395172229E-10,0.12690554074854427
-0.045072160073487647,-0.2264963667417388,-0.17779648319981198,0.055999999999999946,9.708945011261046E-10,0.1285415079035123
-0.04613618104351009,-0.2248649246815799,-0.17812108603409266,0.055999999999999946,9.250142961756679E-10,0.12648399149915437
-0.046702479513188414,-0.22399292894084946,-0.1794573157691401,0.055999999999999946,9.051445115407682E-10,0.12839965562996988
-0.04691010437884701,-0.22324484401028252,-0.17788078398277862,0.055999999999999946,8.911086696546636E-10,0.1272470306080523
-0.04747373235451262,-0.22209742191957135,-0.1794325116297691,0.055999999999999946,8.769763394950134E-10,0.1317701088410247
-0.04811973378657157,-0.21990867337846934,-0.17935142820576516,0.055999999999999946,8.601424817044167E-10,0.13434048450508315
-0.04295371704261868,-0.22877053696593203,-0.186910789164697,0.05599999999999994,1.0231933551077788E-9,0.14385947218552186
-0.042566429412341074,-0.22938657723675193,-0.18599881121259665,0.05599999999999994,1.034375748194913E-9,0.14188952413216802
-0.04183244887909998,-0.22970503416899998,-0.187361856243,0.055999999999999946,1.0001858636842474E-9,0.14728868488380822
-0.04279758262434205,-0.22852410007142854,-0.18827775515279438,0.055999999999999946,9.905667791373203E-10,0.14367792544755154
-0.043178896753880466,-0.2290285098567552,-0.18477980019974016,0.05599999999999993,1.0837115382906842E-9,0.13745154238681626
-0.044076996824212546,-0.22797096413101808,-0.184811126940204,0.05599999999999994,1.0438826039084554E-9,0.13809869674592787
-0.04370735086360001,-0.228631420132,-0.183592779083,0.05599999999999993,1.0824251037418663E-9,0.1334602957736438
-0.04349245241515469,-0.22841313539181923,-0.18600118345386227,0.05599999999999994,1.0438217372799364E-9,0.14097382047239884
-0.04422308656730137,-0.2275423198203828,-0.18585005112523847,0.05599999999999995,1.018850835429163E-9,0.13953330821795865
-0.04389681670296294,-0.22756784437029454,-0.18725959989076968,0.055999999999999946,9.901795749301089E-10,0.14244375234843892
-0.04489331458094263,-0.22677458442624826,-0.1850793930767215,0.055999999999999946,9.916716008085364E-10,0.13834433851282082
-0.04463944079300787,-0.22741128300345675,-0.1837244614592568,0.055999999999999946,1.0174397702687882E-9,0.13521323891356085
-0.04417175172197822,-0.22818277655528973,-0.1823444565039801,0.05599999999999993,1.061556406980148E-9,0.1290875779241029
-0.04471454817815091,-0.22670901396478815,-0.18632755839847268,0.05599999999999995,9.755456558067734E-10,0.1398145731514266
-0.04556214825016851,-0.22539710760766257,-0.18595006773596262,0.055999999999999946,9.368457589823533E-10,0.13908709510375644
-0.04562223451668932,-0.2258377728430382,-0.18390058780517463,0.055999999999999946,9.532344740136851E-10,0.13458420257265497
-0.04485673193596677,-0.22598599404194675,-0.1877283247506634,0.055999999999999946,9.462673588399304E-10,0.14159371071637564
-0.04381936542166493,-0.22702773938404425,-0.188994864914666,0.055999999999999946,9.525213033824606E-10,0.13891630290183588
-0.04509005340264252,-0.22690521184952134,-0.1824464810742575,0.055999999999999946,9.997918214493867E-10,0.13142121036828325
-0.04456797043608961,-0.22767387327190958,-0.18097830206522403,0.05599999999999994,1.026017714896745E-9,0.12763501868814872
-0.045512078674503444,-0.2262908923981034,-0.1809363760252862,0.055999999999999946,9.774960271193024E-10,0.1284479188561074
-0.04481495603983497,-0.2251667827243084,-0.1895455080867165,0.055999999999999946,9.16042938438585E-10,0.13933668660143428
-0.04579932467635476,-0.22409934295368644,-0.18781274520250435,0.055999999999999946,9.119423160064263E-10,0.14277908642426781
-0.04629959772189681,-0.22435482857141026,-0.1844976031270531,0.05599999999999995,9.098362727645542E-10,0.1339408788224695
-0.04650673761802855,-0.22321683915884089,-0.18611103035754029,0.055999999999999946,8.962656438181641E-10,0.14100821474496864
-0.04584300335593843,-0.2256952056533155,-0.18216007447074187,0.05599999999999995,9.472467501506598E-10,0.13034513065784864
-0.046483359236147714,-0.22435215267121758,-0.18282096286864966,0.055999999999999946,9.091576689296246E-10,0.1306253772922438
-0.046354129273267555,-0.22478918632216885,-0.18104396459845865,0.055999999999999946,9.216575524045354E-10,0.12973184331851764
-0.04711719532263396,-0.2230445009605771,-0.18135853271465963,0.055999999999999946,8.876856048538247E-10,0.1312909501715508
-0.04716135506830327,-0.22235393520620228,-0.18378815541249702,0.055999999999999946,8.806492186116048E-10,0.13796755585561227
-0.04775760818641154,-0.22104108750908405,-0.1816201853439013,0.055999999999999946,8.662964990459946E-10,0.13206855662773662
-0.047679795399732834,-0.19754914092415363,-0.17820149375102284,0.05599999999999992,1.2213739803768259E-9,0.3848578540831462
-0.04796328009229688,-0.19884435791655408,-0.1784311549683229,0.05599999999999993,1.098722869043883E-9,0.381358866445987
-0.04735473726034408,-0.19635445770028592,-0.17808137657342277,0.05599999999999988,1.3990661239845454E-9,0.40673975586406463
-0.04699975391510019,-0.19528645659299992,-0.178059148012,0.05599999999999984,1.5674407302819562E-9,0.4109856857939716
-0.04657889665350846,-0.1942269507770727,-0.1781163393927174,0.05599999999999982,1.7408510470585037E-9,0.4157509396614103
-0.04614579869466284,-0.19329538055896395,-0.17822661476186719,0.05599999999999978,1.9213691008060533E-9,0.4072268476866683
-0.04819789340773888,-0.200212006676842,-0.17877297855690244,0.05599999999999995,1.0018365501466935E-9,0.3484274574374575
-0.0457084844765331,-0.19246640941495063,-0.17835978125611648,0.05599999999999975,2.0616730465753318E-9,0.40354618364351275
-0.04550319303521594,-0.19199900416059185,-0.17770881099850722,0.05599999999999973,2.1623530013508854E-9,0.37304618333348405
-0.04524489270870018,-0.19166825021799988,-0.17849781900100004,0.05599999999999972,2.1988283263253603E-9,0.39250518659013045
-0.04681745091298342,-0.19868051937982806,-0.18535000344072566,0.055999999999999946,9.631960584700233E-10,0.34315493233184363
-0.04723068800590016,-0.19926755456599998,-0.18437007054800003,0.055999999999999946,9.643069277198424E-10,0.35741111910449447
-0.047074856411575744,-0.19990483777912516,-0.1854412975924115,0.055999999999999946,9.305507414632715E-10,0.3550975678973655
-0.046629121335062515,-0.19938065763108934,-0.18644585859180463,0.055999999999999946,9.293635240971021E-10,0.3440312958293487
-0.047496911190874916,-0.20055438715752144,-0.18427924208677013,0.055999999999999946,9.34093658221756E-10,0.36140269743227865
-0.04628573879828088,-0.1979125137571601,-0.1862069988333819,0.055999999999999946,9.771466077524993E-10,0.32718399954928806
-0.04587053626691147,-0.1984447820340215,-0.18758839522236606,0.055999999999999946,9.476173229288587E-10,0.3379202234659238
-0.04574118714872053,-0.20115133231785945,-0.18970871913034523,0.055999999999999946,8.902414112585373E-10,0.3262661349386383
-0.045635267486063225,-0.20259951027315012,-0.1907455673991417,0.055999999999999946,8.761529977653455E-10,0.3155639623375462
-0.04478193124901514,-0.20088484113922797,-0.19126521472688746,0.055999999999999946,8.939088093592963E-10,0.31997236703300697
-0.04635562554912329,-0.2010480601430765,-0.188285239242044,0.055999999999999946,8.943129778014798E-10,0.33964881011800513
-0.04576855132427387,-0.19966911836381088,-0.1886911028756149,0.055999999999999946,9.174558641831358E-10,0.3332573834946095
-0.04632321478343207,-0.19983443877253113,-0.18756842446163072,0.05599999999999995,9.162956324169286E-10,0.3417873205849614
-0.04692878570496198,-0.20106135130133768,-0.18671720823961319,0.055999999999999946,9.086078436664466E-10,0.345430642004321
-0.04737347523177764,-0.20112315641426323,-0.18520662651247868,0.05599999999999995,9.129320180278593E-10,0.3537453834143022
-0.046911492853701366,-0.20229821549000757,-0.18753036504400034,0.05599999999999995,8.830710495933733E-10,0.3285717291459689
-0.04783327241573835,-0.20115819230295034,-0.18309806217929966,0.055999999999999946,9.36442877357756E-10,0.37105811216196344
-0.04774959897501421,-0.20198287411135138,-0.18417097531789733,0.055999999999999946,9.101701526298068E-10,0.3622311504418221
-0.047482734229177655,-0.20276155531174325,-0.1858487630967153,0.055999999999999946,8.895733936639795E-10,0.34008112868578155
-0.04806540478351865,-0.20142497806459644,-0.181891442103624,0.05599999999999995,9.326864094465996E-10,0.38264234046098256
-0.04812367842782317,-0.20270313163678097,-0.1826304939785015,0.055999999999999946,9.096304622130619E-10,0.36011479018671366
-0.048038756730572084,-0.20377385705084858,-0.18391494267310102,0.055999999999999946,8.92003514167197E-10,0.33807135866457055
-0.04758945256643859,-0.19980304878260927,-0.18322089225227073,0.055999999999999946,9.626761198411872E-10,0.36775341734794637
-0.048149796662232514,-0.2009134804917644,-0.1806547343792965,0.055999999999999946,9.481835056436556E-10,0.3829969170703899
-0.04788964921390336,-0.20032758646678564,-0.18198001799126604,0.055999999999999946,9.592261801614666E-10,0.394233532402059
-0.044943016346410125,-0.19944036641831128,-0.1900462180795351,0.055999999999999946,9.181377312214793E-10,0.3223617662248262
-0.04566719284872971,-0.19697062627122658,-0.18679447902260232,0.055999999999999946,1.0146704723893426E-9,0.3290104262762399
-0.04505490871800239,-0.19701835916719748,-0.1879755297938574,0.055999999999999946,1.0156700829074317E-9,0.345221386866384
-0.04502780286218875,-0.1981562197165872,-0.1889547409818861,0.055999999999999946,9.54952767916157E-10,0.33026628426987575
-0.045042631513400135,-0.19597606516799992,-0.18704007590600005,0.05599999999999993,1.0936121845045035E-9,0.33882677830162145
-0.04451730427667709,-0.20250812475514013,-0.1926213879591587,0.055999999999999946,8.833622848936943E-10,0.3178539168661832
-0.047174649304215915,-0.20824626467388094,-0.18949912091887464,0.055999999999999946,8.5461854566419E-10,0.264236029017809
-0.04764890805068341,-0.20685452893554204,-0.18733616087869612,0.055999999999999946,8.62724398129465E-10,0.28346207859304956
-0.04698910415717583,-0.2060212510702277,-0.18919276183815878,0.05599999999999995,8.640180629939486E-10,0.2886805789921011
-0.04720455815817184,-0.20414035931161092,-0.1876296500100476,0.055999999999999946,8.717715136151829E-10,0.32086690487432584
-0.04650097453584635,-0.20274555452353424,-0.18891155960458614,0.055999999999999946,8.783367823190657E-10,0.32605306565813824
-0.04645440002292125,-0.204431060874636,-0.18988438861218881,0.055999999999999946,8.672823189299715E-10,0.30977690581330725
-0.046290236721032135,-0.20636104793490315,-0.19110456187799327,0.055999999999999946,8.585335324366806E-10,0.2846780454481311
-0.044112893151730365,-0.20430797175978516,-0.19411290885362303,0.055999999999999946,8.701698837049067E-10,0.31168915620344234
-0.04499063568585504,-0.20614163744077124,-0.19351354881627536,0.055999999999999946,8.609136748151062E-10,0.29350664767618445
-0.04350306239327439,-0.20629969579487642,-0.19575090327938133,0.055999999999999946,8.650468768262166E-10,0.2988147147403908
-0.04542269216958963,-0.2042802508071423,-0.19198156697322558,0.055999999999999946,8.676402618672635E-10,0.3070355791762805
-0.04677842772020299,-0.21072105985603695,-0.19129067412536607,0.05599999999999996,8.523395133830436E-10,0.2334294751404584
-0.046206098382423726,-0.21267872880996538,-0.19293972409125873,0.05599999999999996,8.539239429580488E-10,0.2095656244716868
-0.04605152040909259,-0.20847367914994694,-0.19236447191538855,0.055999999999999946,8.547614103451758E-10,0.26647164994782707
-0.04563152930095667,-0.21029778697651824,-0.19367180496423514,0.05599999999999996,8.532705262156655E-10,0.24111614798472467
-0.04487769936729051,-0.21209038985752027,-0.19524145780569743,0.055999999999999946,8.580422002795532E-10,0.22314966315527718
-0.04450712520845203,-0.2081055847042785,-0.19493476270859258,0.055999999999999946,8.579453268418566E-10,0.27875142573582956
-0.04263409207389504,-0.20839132083268963,-0.19745686793713754,0.055999999999999946,8.637140971957795E-10,0.2849711180254541
-0.0443405991862158,-0.21013923108050508,-0.19569429285355833,0.05599999999999995,8.567997925336263E-10,0.24715814556761076
-0.04326099832750442,-0.21132874428440993,-0.1972965125677367,0.055999999999999946,8.646096234319538E-10,0.2536057760121759
-0.04143974968870002,-0.21043577391,-0.19911396114000002,0.055999999999999946,8.792310363308502E-10,0.29280669570839557
-0.04788223378401711,-0.20506397638100635,-0.18548115043504693,0.055999999999999946,8.729849691454244E-10,0.3168880115698676
-0.04741550869233271,-0.19820555524587036,-0.18252748157281148,0.05599999999999994,1.0384054711704232E-9,0.37019937254267626
-0.0472047633906952,-0.19822926477545155,-0.18356544883828557,0.055999999999999946,1.0024696759814842E-9,0.35863500223601835
-0.04714550819415241,-0.19729181777019647,-0.18287071610981231,0.05599999999999993,1.0708610723112667E-9,0.3517210863135279
-0.04744998529699304,-0.19894275844175174,-0.1831178601727422,0.05599999999999995,9.998187722927508E-10,0.36458824820218066
-0.04767206431616379,-0.19926157070337736,-0.1822198420193064,0.055999999999999946,1.005018166336312E-9,0.3793837752318335
-0.04759330079968165,-0.1982099588580244,-0.1813710644380313,0.05599999999999993,1.0778626415048758E-9,0.37844263835800124
-0.046872051122500175,-0.19565316138899994,-0.18165391932700004,0.055999999999999904,1.3046367526238789E-9,0.3585321309481648
-0.04721001587469172,-0.19647965162171882,-0.18109051960933578,0.05599999999999992,1.2527685727119034E-9,0.3800353169846029
-0.047035158409321404,-0.19645371360813763,-0.18224850540021684,0.05599999999999992,1.1771199369049647E-9,0.34975130972702084
-0.04735210435888031,-0.1973218392519783,-0.18170254727276738,0.05599999999999993,1.1219474235274703E-9,0.37193847480904974
-0.0475041981365581,-0.19737212623834086,-0.180483316513533,0.055999999999999925,1.1994074761454647E-9,0.38984187909493684
-0.046961889046831615,-0.19550761395853658,-0.18053847903283732,0.055999999999999876,1.4226859159258114E-9,0.3766406294226738
-0.047247026276012453,-0.19625921897770912,-0.17997332815389133,0.05599999999999989,1.3507113782142212E-9,0.39083187952047577
-0.047719707229228525,-0.19831235965392585,-0.18042527276815798,0.055999999999999925,1.1154892822053174E-9,0.38695946458026
-0.04772087360181746,-0.19795824821955874,-0.1794206336248313,0.05599999999999992,1.1828198335599433E-9,0.3853821793410824
-0.047474791993307876,-0.19688914041677458,-0.17905267915039522,0.055999999999999904,1.2930807445241351E-9,0.3986661757837746
-0.04724743339667418,-0.19610269691262655,-0.17898578651427183,0.05599999999999987,1.4274544577987496E-9,0.4054465180796095
-0.04699834758531395,-0.1953933963683556,-0.17932728189952216,0.055999999999999876,1.4971498343340546E-9,0.39771437009962085
-0.04786399895370374,-0.19932002005296628,-0.18089839903561475,0.05599999999999994,1.0279676389648134E-9,0.3951444343182121
-0.04785201140092475,-0.19875825530407432,-0.1799457315618673,0.055999999999999925,1.0933801345973641E-9,0.3865031381908871
-0.048071315006823864,-0.19993648833009262,-0.17989750614805095,0.05599999999999994,1.0236143336081682E-9,0.3730420167940905
-0.04681846483165671,-0.19649383851647162,-0.18322550496484985,0.05599999999999993,1.1168231366809446E-9,0.34840621095749436
-0.04666039174779878,-0.19561606001545762,-0.18259711340337545,0.05599999999999992,1.2470175215580476E-9,0.35050275853768964
-0.04620275711402587,-0.1946981258029273,-0.1828044495825593,0.05599999999999989,1.3870638234415993E-9,0.35625171637953296
-0.04605087424615293,-0.1940973927029389,-0.18224286592108957,0.05599999999999985,1.5925246789655653E-9,0.362692477983451
-0.04646674766098958,-0.19483191747364215,-0.18201186832342484,0.05599999999999988,1.413759463866045E-9,0.35686401564563036
-0.04562460232913776,-0.19380345445016875,-0.18314543449739573,0.05599999999999984,1.5742473192694197E-9,0.3581967195558379
-0.046371959641943156,-0.19546319689988118,-0.18341201185929445,0.05599999999999992,1.217966567808816E-9,0.34721029329613123
-0.045972957835768234,-0.19471047978312497,-0.18355656305672818,0.0559999999999999,1.358928088536471E-9,0.34928936177258174
-0.045613340711800156,-0.19336674545499993,-0.18235814763200006,0.05599999999999982,1.7399440036920627E-9,0.3728038958291657
-0.04686819393148422,-0.1974003664248487,-0.1840477820843196,0.05599999999999994,1.0316527291511832E-9,0.35043517432116794
-0.04694393679735362,-0.1982149697369867,-0.18454084542315274,0.05599999999999995,9.89258626261522E-10,0.35340215971181765
-0.046428743631513794,-0.19643667869700693,-0.18443682256989383,0.05599999999999993,1.0896075253345478E-9,0.3476029444021141
-0.046582590317071744,-0.19758398924651513,-0.1851238296614171,0.055999999999999946,1.005776916725034E-9,0.34471838050907344
-0.04611502775699183,-0.19685531977788095,-0.18568993911252413,0.05599999999999994,1.040373270507334E-9,0.334154588451105
-0.04559240892186845,-0.194277433378549,-0.18397727137420009,0.05599999999999988,1.401040116645371E-9,0.3442476609273226
-0.04593045334045581,-0.19513976344288314,-0.18427269660071466,0.05599999999999992,1.2332095938919493E-9,0.34326655002746564
-0.045888382171931856,-0.19586231102287635,-0.18523133550788995,0.05599999999999993,1.139311446200824E-9,0.3302214878891749
-0.04550004459390987,-0.19480585997331065,-0.18490047365602505,0.055999999999999904,1.2795107654615881E-9,0.34124469377191763
-0.04567681985040481,-0.19621360488011974,-0.18606371239688202,0.055999999999999925,1.0826070364124152E-9,0.3234237450847611
-0.045326142121556334,-0.19537732942647662,-0.1859145404783637,0.05599999999999992,1.163826705565421E-9,0.328470126035097
-0.04453688618125338,-0.22194600711674273,-0.19355292288235998,0.055999999999999946,8.846843184566017E-10,0.1420126281016184
-0.04467137443957621,-0.22350767161342625,-0.1920482972825357,0.055999999999999946,9.020071857233619E-10,0.14127053368520714
-0.043411570308230285,-0.22369373877079504,-0.19409681014344884,0.055999999999999946,8.982841202994456E-10,0.1378931157012682
-0.04544492097771179,-0.22185208468651113,-0.19173588641284495,0.05599999999999995,8.890163059372754E-10,0.14524218095831282
-0.041453818662174444,-0.2217097854001891,-0.19735980950216567,0.05599999999999995,8.962406141433469E-10,0.17450839148251485
-0.04174870248059979,-0.22353471405814676,-0.19615546041762286,0.055999999999999946,9.027886050896274E-10,0.15349676694515202
-0.03971356013859999,-0.22316463279899998,-0.19810246185199995,0.055999999999999946,9.135656520877245E-10,0.187587545988429
-0.043150714134334286,-0.22148798213951526,-0.19575346159139387,0.055999999999999946,8.834931291993384E-10,0.1568431778153759
-0.04453905874570039,-0.22010089314786313,-0.1945604439934311,0.05599999999999995,8.708514465996679E-10,0.15146402702514988
-0.04016602497674429,-0.2206975760649261,-0.19883031336803011,0.055999999999999946,9.058917811021116E-10,0.20942477757563005
-0.04210704192457752,-0.21972652628635103,-0.1975452713486876,0.055999999999999946,8.880257471453081E-10,0.1928097328686921
-0.043590844234381636,-0.21893067735434307,-0.1962586029089108,0.055999999999999946,8.737942212321416E-10,0.17308602614480995
-0.04564900681491714,-0.21982148945239827,-0.19264751405893898,0.055999999999999946,8.69913088039577E-10,0.15665984505959493
-0.04511047876414688,-0.21807264359358575,-0.19441670691649793,0.055999999999999946,8.62126757364944E-10,0.16626974035249262
-0.04408447717334037,-0.2165447949626517,-0.1962338453466282,0.055999999999999946,8.649447965080346E-10,0.19435951475769886
-0.045328401434272414,-0.2151786494390248,-0.19460791174508302,0.055999999999999946,8.567266923696099E-10,0.18999064852179298
-0.04615043944605776,-0.2171511045296377,-0.19263484563910954,0.055999999999999946,8.585465801639442E-10,0.1708311997446655
-0.043953420731060636,-0.21388929819499708,-0.19661801776012194,0.055999999999999946,8.622623200984173E-10,0.21932862539302575
-0.040519313761154904,-0.2181648326485966,-0.1993616238676223,0.055999999999999946,8.95448249226078E-10,0.23607763755036593
-0.042329258507486006,-0.21752743307493963,-0.19795434554123448,0.055999999999999946,8.788322856590104E-10,0.20960418467777944
-0.0408418252841672,-0.21558675250813666,-0.19961248234254717,0.055999999999999946,8.8785375246757E-10,0.2517003024193371
-0.04289976301660706,-0.21553448291310717,-0.19772160737985522,0.05599999999999995,8.709670381251145E-10,0.21534744678936532
-0.04646010017182125,-0.21504789919648581,-0.19233268341203275,0.05599999999999996,8.531640058644738E-10,0.18298264050805804
-0.04258231290878292,-0.21335951074783976,-0.19817214598990965,0.055999999999999946,8.686400241380173E-10,0.24725734968312574
-0.041152621180732804,-0.21299572993446905,-0.19953539502699275,0.05599999999999995,8.8564175260948E-10,0.2644549315246497
-0.046350094039985634,-0.19431396672926,-0.18129155852522205,0.05599999999999985,1.621846416925242E-9,0.38556012806477313
-0.046656044064133075,-0.19493995969145303,-0.181177776898669,0.05599999999999987,1.4972760159577773E-9,0.3796684186869713
-0.04615171039856588,-0.19379951024060169,-0.1808877076585769,0.055999999999999814,1.7842245430039608E-9,0.3945628174754777
-0.045930764806225474,-0.1936142880264148,-0.18159282669963758,0.05599999999999982,1.7693349226550905E-9,0.38166656112802144
-0.04556593999890122,-0.19298053657047287,-0.18161590911566103,0.05599999999999979,1.893960700771276E-9,0.38858679950171604
-0.04657023687794652,-0.1945161238819141,-0.18032499988048914,0.055999999999999835,1.652962373416913E-9,0.40951197622139757
-0.04613097106072916,-0.19359063427438528,-0.18023232419300167,0.05599999999999981,1.8366773898430535E-9,0.4023138837884585
-0.0467095074500933,-0.19461811577981472,-0.17894126080170614,0.05599999999999984,1.6919179306359676E-9,0.4156970451991836
-0.04633661811696811,-0.19381551411923656,-0.17920501840643394,0.055999999999999814,1.8277240193526425E-9,0.41525459293889655
-0.0458526686611195,-0.19323627585817793,-0.18085857318853626,0.05599999999999978,1.8996609840875774E-9,0.4031582347266413
-0.04550165843360139,-0.1926356027252559,-0.18090716880052124,0.055999999999999765,2.029836091990386E-9,0.40611618753535
-0.04575002301602454,-0.19288861359102424,-0.18024252077667338,0.055999999999999765,1.9974811802394836E-9,0.4108046494946438
-0.04593382136567842,-0.1930969351332051,-0.17965952086250705,0.05599999999999977,1.9709253009692887E-9,0.4114512805309407
-0.04542451083956321,-0.19230571071079613,-0.18017275170729097,0.05599999999999974,2.1098759997747204E-9,0.4163888835753689
-0.045921977588610455,-0.19295500411330144,-0.17896280083519348,0.055999999999999765,2.0108277494622266E-9,0.41609945400294857
-0.045669094947994086,-0.19260270664775642,-0.17959220994244182,0.05599999999999974,2.075615065923589E-9,0.4170923372129515
-0.045337499707736754,-0.19198640373008882,-0.17938549761320263,0.055999999999999724,2.1169578148982175E-9,0.41563073400136546
-0.045614645976302486,-0.19239555321880608,-0.17899015177448568,0.05599999999999973,2.1200289164109054E-9,0.41373025695613813
-0.04113920278953114,-0.229184705941738,-0.1906664384989481,0.055999999999999946,9.442873570377664E-10,0.1386439547372358
-0.040937702166802835,-0.22995721503910038,-0.18897113068975693,0.055999999999999946,9.868731858987914E-10,0.14572028909070278
-0.03985696897291987,-0.23010502235730504,-0.19079504715555537,0.055999999999999946,9.423352752621069E-10,0.14342488165552805
-0.041932902484681865,-0.22911225721815956,-0.18904400950354272,0.05599999999999995,9.62948475764074E-10,0.14175407813617885
-0.042668982241193726,-0.22802980841859494,-0.18993655111976387,0.055999999999999946,9.466624378031252E-10,0.13609686626670012
-0.04365743218420462,-0.2263683840725187,-0.19073593345602607,0.055999999999999946,9.252472678523318E-10,0.13691729092637556
-0.044468449021630656,-0.2247929225400328,-0.1910750414088706,0.05599999999999995,9.150503307102176E-10,0.136445932087005
-0.0401841574773055,-0.22893323624929643,-0.19274895349326465,0.055999999999999946,9.32773502521203E-10,0.13922769190284492
-0.03850087366606839,-0.23012210468375574,-0.19281114337261088,0.055999999999999946,9.187106830099408E-10,0.1423744536121309
-0.04185594219892641,-0.22746500017133933,-0.1925590413983908,0.055999999999999946,9.259006375856156E-10,0.13678209465537283
-0.04350602942094989,-0.22520854849799646,-0.19259757240929115,0.055999999999999946,9.102438513939514E-10,0.13652137685020402
-0.0387114471083614,-0.2289166579141908,-0.19452610031750894,0.05599999999999995,9.296256725211959E-10,0.14018168619532564
-0.036740490458499975,-0.23000373389799994,-0.194897034506,0.055999999999999946,9.271398922428991E-10,0.15156318384009193
-0.03798445694939373,-0.2280219825729054,-0.19618653078142628,0.055999999999999946,9.374767917153655E-10,0.14728995001581202
-0.0401154218082603,-0.2272236308268006,-0.19503148928578187,0.055999999999999946,9.248364298612562E-10,0.14471053235190726
-0.04201006680547523,-0.22532204505925038,-0.1946516047330755,0.055999999999999946,9.096129623217419E-10,0.13742889153041143
-0.03897834281417195,-0.22575278377977734,-0.19720258896113757,0.055999999999999946,9.255939445926263E-10,0.16176163169011926
-0.04064434555357613,-0.22505784565551887,-0.1962618969043974,0.05599999999999995,9.158758833777644E-10,0.1512842013290056
-0.045188173622612265,-0.19262765233678297,-0.18234388702360083,0.05599999999999978,1.9032514115645086E-9,0.3590808442788223
-0.04480297058535702,-0.1919678939112357,-0.18224103175820835,0.055999999999999724,2.137464015556995E-9,0.35681071800613334
-0.04514015941450981,-0.19226163954277037,-0.18162385292988512,0.05599999999999974,2.108207500179204E-9,0.3841713259366904
-0.04445460064173255,-0.191389332578829,-0.18208448956097945,0.055999999999999654,2.397538179143335E-9,0.3553579436988228
-0.044761778882530634,-0.1916385130884763,-0.18156524244142833,0.055999999999999696,2.312379989579172E-9,0.3796527107034835
-0.04508670145224777,-0.1919296060465509,-0.18086847123994457,0.05599999999999971,2.2284365228463153E-9,0.4058320835363895
-0.044105267164300146,-0.1908292510019999,-0.18188538227300005,0.0559999999999996,2.6111745719654284E-9,0.3503509079917925
-0.044365798982769836,-0.19100891731425734,-0.18143785817718316,0.055999999999999626,2.519700610264125E-9,0.3699993012510838
-0.044676774559491185,-0.1912722099577348,-0.18083231232988212,0.05599999999999966,2.383845790169217E-9,0.3934938504393802
-0.044995722494495204,-0.1915823533352965,-0.18012442393126132,0.055999999999999696,2.2833645670986927E-9,0.41393782848515587
-0.04393222393080853,-0.1903725118525716,-0.18129885006978222,0.05599999999999956,2.74324665237994E-9,0.36189102209922347
-0.04422671606029558,-0.19057562738581998,-0.18070378987843444,0.05599999999999961,2.547515889431079E-9,0.3851297459609671
-0.044521873382029536,-0.19084364988547567,-0.18011294249199564,0.055999999999999654,2.411720267099099E-9,0.39833316712048245
-0.044870594885442754,-0.19122177517338948,-0.1794107962482879,0.055999999999999696,2.310971399903881E-9,0.40676689174403347
-0.04373359694800928,-0.1898900113923882,-0.1806163632006301,0.055999999999999585,2.663795674427918E-9,0.365097908893199
-0.044003551448511403,-0.19005982808361427,-0.1799302702649673,0.055999999999999626,2.4960660386903764E-9,0.38381686157101463
-0.04446277922932641,-0.19059852738284322,-0.17943669750778468,0.055999999999999675,2.3744956632433877E-9,0.3945129137148796
-0.04465982200322848,-0.19073836854956833,-0.17863910759223356,0.055999999999999675,2.33005909912215E-9,0.38223266842295484
-0.0440055652777969,-0.18979931796451222,-0.17875750320991202,0.05599999999999967,2.3750033374581093E-9,0.3596853993621278
-0.04350736309800728,-0.1893895510879136,-0.17980883808803663,0.055999999999999626,2.49366333397688E-9,0.3640016446923254
-0.04326539235070014,-0.18886705143199992,-0.17885874228100004,0.055999999999999626,2.5127175969302207E-9,0.34374005205364594
-0.045245899482134894,-0.19315161148962448,-0.1831448848915087,0.05599999999999982,1.7573015598904578E-9,0.35383437730080597
-0.04525255897344872,-0.19365410535983804,-0.18392066847694655,0.05599999999999985,1.58629477616156E-9,0.35005549923669416
-0.045139938031031314,-0.19401933061466795,-0.18467762483656674,0.055999999999999876,1.4525202006478703E-9,0.3470099696831757
-0.04482103495651775,-0.1924129468626255,-0.1830224026909792,0.05599999999999977,1.9716543053519785E-9,0.35349215997385947
-0.044848767477328036,-0.19289761835679484,-0.18373169367990005,0.05599999999999982,1.773753283707383E-9,0.3548626543039199
-0.044505928511825256,-0.19240289675474395,-0.18371539029406217,0.055999999999999786,1.929191872941936E-9,0.3556996781793308
-0.04436261166563755,-0.19201373933243931,-0.18341156093853644,0.05599999999999974,2.097274239173925E-9,0.3545796198136862
-0.0443664109067671,-0.1916615627651913,-0.18282832640120367,0.0559999999999997,2.2580121312258816E-9,0.35278307379072543
-0.04486948707947237,-0.1934162272464748,-0.18442810040542318,0.05599999999999984,1.6249307889435645E-9,0.34498125664247226
-0.04456827774141872,-0.19348123186733354,-0.1850748524467945,0.05599999999999986,1.5566169305584463E-9,0.35219904158662696
-0.04437308584600454,-0.1927695700092021,-0.18448448358786798,0.055999999999999814,1.7909179265574421E-9,0.35985378417022956
-0.0449660533623443,-0.19440086837748718,-0.18549058664389445,0.05599999999999989,1.342707783861316E-9,0.3480372991406484
-0.043933634497678474,-0.19283439778773193,-0.185299957922594,0.055999999999999835,1.669843232191454E-9,0.37221487468918085
-0.04429061026444734,-0.193745899300014,-0.1858663287184378,0.055999999999999876,1.4442876728809126E-9,0.3667458091315338
-0.04466938502806508,-0.19479712647068323,-0.1864553174159084,0.05599999999999992,1.223951774743945E-9,0.3475115456274031
-0.04398119335232907,-0.1919415479537739,-0.1840078426870387,0.05599999999999973,2.070907754829285E-9,0.36668449123725866
-0.04408045069824321,-0.19162941411634876,-0.1833680895041752,0.055999999999999696,2.2661298437146494E-9,0.3527206694668436
-0.04351788052545357,-0.191182310360774,-0.1836609442052024,0.05599999999999967,2.362153906921499E-9,0.3767983555760954
-0.04378934422166006,-0.19103622512371043,-0.18297826886443863,0.05599999999999962,2.513690089962137E-9,0.35629747351166
-0.04410310158190587,-0.19109772132916902,-0.1824323580138385,0.05599999999999962,2.5367332485512035E-9,0.3491930790733624
-0.043599607568710175,-0.19203192431404048,-0.1847575498824827,0.05599999999999978,1.9073218111315744E-9,0.38287044435665374
-0.04329026773890581,-0.19132785525435925,-0.1842440347972056,0.05599999999999972,2.198666333119943E-9,0.39209346759003316
-0.043742951660080756,-0.1906656234147042,-0.18243439036307765,0.055999999999999585,2.680981054174479E-9,0.34995851040998555
-0.04300203097973539,-0.1907013609025635,-0.18375299166828987,0.055999999999999654,2.457815687699009E-9,0.3997194126096198
-0.043274002683051344,-0.19070566318290186,-0.183321040215634,0.05599999999999962,2.5637182632863377E-9,0.38295467836827557
-0.04328827961594569,-0.1904423689288368,-0.18287790307052662,0.055999999999999585,2.6809785972676607E-9,0.36902205300100804
-0.04272252054870013,-0.1901173850759999,-0.18326238883300006,0.05599999999999959,2.691882670146792E-9,0.40505799795468495
-0.044175751214779437,-0.18989226426883515,-0.17799395291458056,0.0559999999999997,2.2120931024084055E-9,0.32914419597778144
-0.04361513161478967,-0.18913355784124497,-0.17805388368404249,0.055999999999999696,2.2867298627269632E-9,0.3162398911374236
-0.04287355272739756,-0.18823005137665408,-0.17805255260959127,0.055999999999999654,2.3988159769002557E-9,0.30113006670508446
-0.042511613232664634,-0.18804839159181236,-0.17894372815014264,0.0559999999999996,2.602893588846097E-9,0.32653152899702703
-0.0421522465513847,-0.18750270003943323,-0.1782359647313996,0.055999999999999626,2.5125716405287727E-9,0.29911332730368706
-0.04170707708313564,-0.18729231299328314,-0.17902895345712042,0.055999999999999606,2.5993625120990724E-9,0.324624442291845
-0.04134247302850589,-0.18672107002039842,-0.1781546729767308,0.05599999999999961,2.558548681467937E-9,0.29535617143904774
-0.04075783585400011,-0.18651424074899986,-0.17913471440900006,0.0559999999999996,2.6192596764943748E-9,0.3227178390077359
-0.040390634463035986,-0.18592290038398349,-0.17813437309800154,0.0559999999999996,2.611508290264509E-9,0.3005065797179119
-0.04302785339942254,-0.1916383606433678,-0.18509790642898374,0.055999999999999765,1.98756925701579E-9,0.4029001111643264
-0.04332265362647917,-0.19235529680904526,-0.18562257718885128,0.05599999999999983,1.7315608180549895E-9,0.3910678947936786
-0.04360192224149819,-0.1931682750625531,-0.1862335975943583,0.05599999999999986,1.5256089592376767E-9,0.3906944354651924
-0.043922737692406205,-0.1940035105913189,-0.18673941754664902,0.05599999999999989,1.3536563256460226E-9,0.3762778027911535
-0.04425256640383122,-0.19490046392396398,-0.187228285051448,0.05599999999999992,1.2184078828596901E-9,0.35553104883405273
-0.04416863703887541,-0.19546150356563322,-0.18793098751513207,0.05599999999999992,1.1509672349148784E-9,0.35043515336735037
-0.043616271948685066,-0.19445121602036367,-0.18769093656367236,0.05599999999999992,1.2522127472074757E-9,0.36668946357166926
-0.043180836680733733,-0.19340702171787555,-0.18713987030933296,0.055999999999999876,1.416817113304247E-9,0.39660546288915705
-0.042882564680842006,-0.1925085763307879,-0.18647320562734362,0.05599999999999985,1.6117425558217646E-9,0.40055036721147763
-0.043182581032647764,-0.19469903078188502,-0.18856008674749647,0.05599999999999992,1.1978105198535682E-9,0.37385233075086055
-0.042620999711764855,-0.19177395134088335,-0.18589253744118261,0.05599999999999981,1.8344208422601449E-9,0.4090690825219765
-0.04273724524232828,-0.19097486381439543,-0.18458605945588955,0.05599999999999971,2.226750084530524E-9,0.41332892764184076
-0.0424095132861092,-0.19031534663209645,-0.1840824929117571,0.055999999999999654,2.44849966778939E-9,0.41681097109023496
-0.04249973253908425,-0.1912172612028012,-0.18529880255251296,0.05599999999999976,2.0393743918952454E-9,0.4127434095473001
-0.04200351543843991,-0.1905574129489287,-0.18507154182825566,0.05599999999999972,2.201671077035337E-9,0.43023103581618194
-0.04265912091811834,-0.1935602857053757,-0.18804249883808843,0.055999999999999904,1.3191775532631841E-9,0.3933752688969216
-0.04207805838296307,-0.19378734638893055,-0.18904828199035592,0.05599999999999992,1.2381792623816221E-9,0.39241740598167363
-0.04223658012677354,-0.1924726645098456,-0.18733581853002432,0.055999999999999876,1.5113604909293024E-9,0.4034466735611535
-0.04225451792553354,-0.19191224315538194,-0.18660165517350855,0.05599999999999983,1.7074573577657966E-9,0.4096208908543072
-0.04176244495193762,-0.18981786077809815,-0.18428460384381642,0.055999999999999654,2.4469130359786388E-9,0.4317973881868376
-0.04213994262965468,-0.18971268192434013,-0.18352396151697448,0.055999999999999585,2.6923398397096753E-9,0.43267684326895356
-0.042449059310124895,-0.18956549822846655,-0.18276583570516886,0.0559999999999995,2.8711756389138048E-9,0.4031542769142553
-0.0415967401257754,-0.19255449181256984,-0.1882734367185974,0.05599999999999988,1.4115833661196287E-9,0.406685399835319
-0.04087562983037863,-0.19278245426944882,-0.18940001396872277,0.055999999999999904,1.3026098022522298E-9,0.4044545420348444
-0.041805655366935375,-0.1910414191366599,-0.18605725138059587,0.05599999999999978,1.9268839091152635E-9,0.43438758168381486
-0.04127355455274833,-0.18979798925099628,-0.1849799610144803,0.055999999999999696,2.260361525889796E-9,0.4360783192202224
-0.04134937630636174,-0.19033184241906814,-0.1856822334849592,0.05599999999999976,2.053172866048858E-9,0.4403851427379751
-0.04093902237462513,-0.19050785462800426,-0.18649861341187754,0.05599999999999979,1.8797147045080427E-9,0.4406941696038622
-0.04139887532376356,-0.19154677257663624,-0.18728899146573647,0.055999999999999835,1.6587198118330014E-9,0.4276189847051931
-0.040345461215736914,-0.19149066564987377,-0.188517630668293,0.055999999999999876,1.502457771552737E-9,0.4257483762827314
-0.041088018607373475,-0.1892412676783079,-0.18435554098941334,0.055999999999999626,2.489697257876075E-9,0.44408415462059286
-0.04074082440782283,-0.1893151629281129,-0.18498148381743051,0.055999999999999696,2.298143455369392E-9,0.44232362102891026
-0.04177756646213549,-0.18908407078380773,-0.18301471206536055,0.05599999999999953,2.8316331830444227E-9,0.4169415675286761
-0.04216712313638017,-0.1890151912954742,-0.18223415144844446,0.0559999999999995,2.9002757322982465E-9,0.3967902392540872
-0.041590338986449864,-0.18933538162941355,-0.18375024555116848,0.055999999999999585,2.6728056058610944E-9,0.43862826596673676
-0.041015345400946666,-0.18871261254406468,-0.18355865668854202,0.055999999999999564,2.7001275921993633E-9,0.4307174294964004
-0.041369486043515154,-0.1884778068468183,-0.18256270619282844,0.055999999999999515,2.8500209079552E-9,0.4130620242992362
-0.04185513235461298,-0.18842711598297326,-0.18161878437192452,0.055999999999999515,2.8551591042912033E-9,0.39230094484490646
-0.039570130324733055,-0.1917368518735614,-0.18964832619254865,0.05599999999999989,1.3739253083889055E-9,0.41409773053714005
-0.04073056381232532,-0.1898021848879668,-0.18575324301599092,0.05599999999999974,2.102489288681115E-9,0.4417122303822725
-0.04014669541207529,-0.1905504065170342,-0.18756157605534332,0.05599999999999982,1.7504939510821709E-9,0.4354359478921334
-0.040236257839995175,-0.18981998564965685,-0.18643737525886156,0.055999999999999786,1.935701279532544E-9,0.44106704317877804
-0.03909652460632365,-0.19048820332298128,-0.1886587147864557,0.05599999999999985,1.6013298727544177E-9,0.42368736221653175
-0.03900524872315825,-0.18926922829512857,-0.1871410498842738,0.055999999999999814,1.8698761124481676E-9,0.43630580036108707
-0.03981823532572855,-0.1889316646415971,-0.18563744913247976,0.055999999999999724,2.1697707590224674E-9,0.4467517843239346
-0.040308505073990065,-0.18863712640248603,-0.18447960660769078,0.055999999999999654,2.4368976737175477E-9,0.44400185613942256
-0.040235321176363976,-0.18812118294530794,-0.18367878847574007,0.05599999999999962,2.5321222972532815E-9,0.43381483159687073
-0.04059765142305172,-0.18794973979891275,-0.18280111459786458,0.05599999999999956,2.707737534729159E-9,0.42325771526942396
-0.04102781385618463,-0.18784243074969678,-0.18187716981889768,0.05599999999999954,2.7958517149521343E-9,0.4039800732974424
-0.04151284850504713,-0.18780568147366725,-0.18090492045561424,0.05599999999999955,2.763929108104752E-9,0.37725963405340357
-0.038169700975196307,-0.19071380835067978,-0.18981598753772563,0.055999999999999876,1.424302382517227E-9,0.4130225006145312
-0.03781224575406394,-0.1894520851608581,-0.18861125664411177,0.055999999999999835,1.663688366804103E-9,0.4208823830409232
-0.03658912774590006,-0.18972445119799988,-0.18993673361300006,0.055999999999999876,1.473410056116503E-9,0.4043711460503053
-0.03749329673913992,-0.18825162493556993,-0.1872852551592352,0.05599999999999979,1.888754374809368E-9,0.41679763696926453
-0.038454480637230844,-0.18806045628356138,-0.1859567781135621,0.05599999999999974,2.102202816980198E-9,0.4325425109267081
-0.03926656720464178,-0.18782369933780282,-0.18452673392279514,0.05599999999999967,2.349315335123618E-9,0.4415050710613612
-0.039659990462617055,-0.18743507091332826,-0.1832492019360378,0.05599999999999961,2.5511361855022155E-9,0.4284656403073244
-0.04019366221188979,-0.18730182097051767,-0.18215340667819263,0.055999999999999585,2.6700121171584227E-9,0.41784035337446124
-0.039386414403749084,-0.18683149202605598,-0.182450719795969,0.055999999999999626,2.5209535472722958E-9,0.41636921654771414
-0.04062114023329462,-0.18716637229752653,-0.18112653561265016,0.05599999999999955,2.7610051834087176E-9,0.38873326253928125
-0.04114740082953835,-0.18716772549412494,-0.18008755588287026,0.0559999999999996,2.610545819934231E-9,0.3564938266920008
-0.03635417254206869,-0.1884754618457865,-0.1885799753713355,0.05599999999999985,1.6207075831120897E-9,0.4140427970987574
-0.03602583792380954,-0.1873529315390513,-0.18729338616403635,0.05599999999999981,1.8577087801007756E-9,0.39786766002487245
-0.037002570113067006,-0.18709248697446856,-0.18599161196420463,0.05599999999999974,2.090450979983624E-9,0.41274813418720124
-0.03859866497403535,-0.18677857235593204,-0.1834937299778444,0.055999999999999654,2.3988984191532794E-9,0.42914551646004706
-0.03788516779329879,-0.18694339142752048,-0.1847375367100938,0.05599999999999971,2.2556652365470067E-9,0.4295017775283492
-0.03956349070295463,-0.1864737027392204,-0.1813861627144775,0.055999999999999606,2.5992658236913322E-9,0.39672647759862123
-0.037385893904499624,-0.18600827703759226,-0.18355937910384296,0.055999999999999696,2.3091767889555005E-9,0.4265733018305719
-0.038340214172372,-0.185946087064407,-0.1821155037579178,0.055999999999999654,2.4252499945866357E-9,0.41463295932946026
-0.040093095856376916,-0.18639471485871192,-0.18024654082309693,0.055999999999999585,2.659315761683611E-9,0.3640993572155417
-0.03887205409103275,-0.18567593231038873,-0.18063321433891388,0.055999999999999626,2.504258083515887E-9,0.3729666326800681
-0.0396393601497712,-0.18570732130085607,-0.1792699181484587,0.0559999999999996,2.6336984703843256E-9,0.3315121585722873
-0.035596633159126985,-0.18628341669563356,-0.18597949099826097,0.055999999999999765,1.9886030417785196E-9,0.4023144328909321
-0.0364574628361824,-0.18606291130374494,-0.18475614806891769,0.05599999999999971,2.2058506726129962E-9,0.4144584216349834
-0.035067915365473705,-0.1852655847125223,-0.18461227371315683,0.05599999999999974,2.0739211455081638E-9,0.4026852180693843
-0.03595884943740932,-0.1850653066460871,-0.18328782714394365,0.05599999999999971,2.229471079492043E-9,0.41481728052902594
-0.03705872741582089,-0.18523751496242447,-0.18231228396769544,0.05599999999999968,2.3193987885148583E-9,0.4115063337130179
-0.03832355111525251,-0.18487520602566765,-0.17942066333685944,0.055999999999999654,2.4344447129056748E-9,0.34207694215071677
-0.03748372857417417,-0.18495068168976286,-0.1810150132716879,0.05599999999999967,2.37279693825297E-9,0.3940531776229581
-0.03443588734013338,-0.18429347961143488,-0.18314989516452695,0.055999999999999724,2.119212223289159E-9,0.40512679920003736
-0.035871082771333655,-0.18429095265601875,-0.18155786943579916,0.05599999999999971,2.2425067306940704E-9,0.40773402605449255
-0.036775277274943084,-0.1840322203683201,-0.17956097472166524,0.055999999999999696,2.271322200740155E-9,0.36103342943479516
-0.033693470130531394,-0.18336399887568058,-0.18153647654509034,0.055999999999999765,2.0170006977786927E-9,0.3968174752396638
-0.03495511430102946,-0.18321075745397306,-0.17965974738863477,0.055999999999999765,2.034346472123092E-9,0.3730110741283652
-0.03282760228340003,-0.1824751191629999,-0.179685066533,0.055999999999999765,2.0145034948902484E-9,0.384167943367107
-0.040291320733780764,-0.20791484647261144,-0.19968608262771995,0.05599999999999995,8.9345751921579E-10,0.3109074590815062
-0.03917794555955069,-0.20562623068317554,-0.19995166992924876,0.055999999999999946,9.077641869304372E-10,0.33818032254322744
-0.0413080378027254,-0.2071258025033751,-0.19851384829314211,0.055999999999999946,8.796091009981494E-10,0.30792994542210933
-0.04210504574221426,-0.20579535946048258,-0.1972342120164289,0.055999999999999946,8.715958154790371E-10,0.3070881259950244
-0.03807019381966094,-0.20363570090602257,-0.20002393093982185,0.055999999999999946,9.50078077973481E-10,0.34895688055595403
-0.03963352565293264,-0.2036719696219275,-0.1987701005049395,0.055999999999999946,9.013828189319594E-10,0.33022403250522175
-0.040583491970703045,-0.20484335264752843,-0.19841331694035258,0.05599999999999995,8.854299600125511E-10,0.31430965527913357
-0.04112025420298349,-0.20358413714910542,-0.19733661478915618,0.055999999999999946,8.86243044739811E-10,0.3233607376263126
-0.04389505415392833,-0.1993931386921362,-0.1916012136295978,0.055999999999999946,9.252791051691273E-10,0.3303015064458877
-0.043559229598458635,-0.20083449460173647,-0.19301458590732187,0.055999999999999946,8.996273740858609E-10,0.3260521805186572
-0.03691877544425946,-0.20192669214764888,-0.1999954106669599,0.055999999999999946,1.0136608234476209E-9,0.3522123778280628
-0.03841619922384438,-0.20192834346377472,-0.19889878514410142,0.055999999999999946,9.403956205793187E-10,0.3495465161207814
-0.04005632716255329,-0.20187315780746734,-0.19747690703541854,0.055999999999999946,9.044564214751832E-10,0.34479382474931985
-0.03713831613060277,-0.2004954763124656,-0.19899901256389235,0.055999999999999946,1.0076212992729346E-9,0.3472615257780971
-0.035710438013161434,-0.2005020493651178,-0.19993145878928814,0.05599999999999993,1.1292486519213826E-9,0.36209283033964673
-0.035817475348505844,-0.19946141331860193,-0.1991742924298723,0.055999999999999925,1.1083794086306551E-9,0.3609958035178461
-0.03445963974630003,-0.19936333457899996,-0.19987867583000005,0.0559999999999999,1.288723435235293E-9,0.36232306289232585
-0.044117314476766555,-0.19820786258589507,-0.19040876001365353,0.055999999999999946,9.566083657085227E-10,0.3327081793745147
-0.044458337470382976,-0.19632273909644202,-0.1883144373367173,0.05599999999999994,1.0532710842826026E-9,0.3406522278868915
-0.04438679539467009,-0.19711541308945663,-0.189123440847189,0.055999999999999946,1.003467253307845E-9,0.3409311189121543
-0.043117257797741636,-0.20244910162590427,-0.19452381957038453,0.055999999999999946,8.831037606666481E-10,0.31816088940526704
-0.04208796109235006,-0.20066398787596432,-0.1947015108738902,0.055999999999999946,9.065652745330023E-10,0.3307210338389904
-0.041542321042925816,-0.20203026011291972,-0.19610277507603713,0.055999999999999946,8.866078670181478E-10,0.33706559714615497
-0.042597103631388515,-0.20401113687024489,-0.19593575145230518,0.055999999999999946,8.711955610505231E-10,0.3190819404309786
-0.042834414415726545,-0.1977851953669502,-0.19178974424320264,0.055999999999999946,9.647182637388672E-10,0.3482075804756438
-0.04248789790331269,-0.19923635509475324,-0.19329205404908475,0.055999999999999946,9.305151077560691E-10,0.3415165965827096
-0.041282282800802914,-0.198995203043713,-0.19445871648166232,0.05599999999999995,9.438322967486392E-10,0.3405094040975377
-0.04032484942617157,-0.19991857729527998,-0.19603972277294948,0.055999999999999946,9.249706289796158E-10,0.36338813735061287
-0.03870756124153695,-0.2002825656734144,-0.19768800509137785,0.055999999999999946,9.391621627652522E-10,0.355634916549426
-0.03873669686668409,-0.19874689155082204,-0.19662537754977782,0.05599999999999995,9.793733317094372E-10,0.3660182217266014
-0.0368403928718839,-0.19871520905667886,-0.1979951490395764,0.05599999999999994,1.034954147128701E-9,0.3602362600852527
-0.03518722197775922,-0.19832058943869008,-0.19871512384251175,0.05599999999999992,1.2262512626767044E-9,0.3657871535330805
-0.04368975387458208,-0.19590865867021642,-0.1890507405962624,0.05599999999999993,1.0831984786385877E-9,0.34853128061073296
-0.043376720693834324,-0.19689968271588273,-0.19036482486926656,0.055999999999999946,1.0137929256501E-9,0.35228488133122976
-0.042469490896353254,-0.19644055713769745,-0.19112103026229896,0.05599999999999995,1.0125873464248767E-9,0.354929173927267
-0.04188008881111525,-0.19657734653918643,-0.19193083586151502,0.05599999999999995,1.012411211003126E-9,0.35798582002736606
-0.041354709686314536,-0.19750915312767123,-0.1932704702697748,0.055999999999999946,9.808407850978162E-10,0.36254837750012586
-0.03972925556786232,-0.1976966459131323,-0.19500514320436416,0.055999999999999946,9.882195742070438E-10,0.3671464100264438
-0.03775225000833557,-0.197228975786561,-0.19624155644191324,0.05599999999999993,1.0613333776938102E-9,0.37261173339326875
-0.03578290875443606,-0.19706441141789408,-0.19739543007780502,0.05599999999999992,1.1491482281027424E-9,0.3649516758461824
-0.04259707846318331,-0.19544962460456744,-0.1900662552989096,0.05599999999999993,1.1075509796145673E-9,0.368596574894776
-0.041009160320770476,-0.1960524595234179,-0.19243133581850844,0.05599999999999995,1.0153636308924422E-9,0.360313161790219
-0.0415234052689663,-0.1954991611155325,-0.19138479190142985,0.05599999999999993,1.0578755103241116E-9,0.3639179333299714
-0.03977123907935495,-0.19602125177704383,-0.19361672279048814,0.05599999999999994,1.0498046021570842E-9,0.3678075138440553
-0.03807656010865719,-0.19583904998192056,-0.19487153100319407,0.05599999999999993,1.0808419762250106E-9,0.3704417080716569
-0.036233766860353116,-0.19565635764699105,-0.1959639996590831,0.05599999999999992,1.1499286575356445E-9,0.37660091402412615
-0.04114891188184113,-0.19415930801067147,-0.19052948753366797,0.05599999999999992,1.159703526063651E-9,0.37922509412270283
-0.040177517118496646,-0.19479155487706099,-0.1921476547025393,0.05599999999999993,1.0875930905564693E-9,0.36858686259596496
-0.039652086463680625,-0.19319961377397263,-0.1911238422769753,0.055999999999999925,1.2066427237647999E-9,0.3852171664288502
-0.03846502833424047,-0.19406075210779256,-0.1929988742319154,0.05599999999999993,1.1270605202349667E-9,0.3760591630760448
-0.03654643153595061,-0.19409856511973161,-0.1944021315953606,0.05599999999999992,1.1675060418985964E-9,0.38538628522245016
-0.03810301430048649,-0.19250440286139464,-0.191787559783363,0.05599999999999992,1.2272388640189365E-9,0.3844553783910403
-0.0384991760746394,-0.19179853238519837,-0.19072732782763646,0.055999999999999904,1.2901045615212492E-9,0.39560932213566236
-0.03670096763925425,-0.19251976636679644,-0.1928173457122402,0.05599999999999992,1.2329051196468816E-9,0.39013794805146396
-0.03670797152716827,-0.1910857596585285,-0.19135804381900606,0.05599999999999989,1.3598452056254191E-9,0.39932950510254817
-0.04218398216119655,-0.23024146138099738,-0.18171355398845257,0.05599999999999992,1.1470035871338396E-9,0.12359640887703362
-0.04295375263622343,-0.22955203022656062,-0.18147553239520142,0.05599999999999993,1.1399693325620646E-9,0.12599223050580013
-0.04227334384328985,-0.23007599168383563,-0.1807264578402551,0.05599999999999992,1.1473848964019868E-9,0.12839240998143836
-0.042105718476799996,-0.230314030216,-0.182617262047,0.05599999999999992,1.140527250530514E-9,0.12323708695978479
-0.04273522873544739,-0.22978176823060859,-0.18219261250514168,0.055999999999999925,1.1385702870239592E-9,0.12318012955927637
-0.043365039103996667,-0.22914078473882357,-0.18231626456532965,0.05599999999999993,1.1153290126303697E-9,0.1260313976576925
-0.04289360417030756,-0.2295919071768268,-0.183125312448257,0.05599999999999993,1.125232407727144E-9,0.12563152967117333
-0.04388644714019711,-0.22853665908382836,-0.1811350067553325,0.05599999999999993,1.0997922919075216E-9,0.12689750453430584
-0.04324829951204991,-0.22917428649776422,-0.18049600224658954,0.05599999999999993,1.121348851625543E-9,0.12932684721070278
-0.04237243422670002,-0.229833877887,-0.17964709794699998,0.05599999999999993,1.1385133568554964E-9,0.13203414640586347
-0.04406421919077854,-0.228137244981183,-0.17942566688089265,0.05599999999999994,1.0413119009033199E-9,0.12718698404710652
-0.043224412782893976,-0.229049317071617,-0.17948605659793299,0.055999999999999925,1.0921948951211283E-9,0.12851964561696388
-0.040484816785402174,-0.23119062452217876,-0.18047912226117702,0.05599999999999992,1.1594060165566288E-9,0.13896836910675173
-0.03953314145704937,-0.23164336609714475,-0.17982881367039305,0.05599999999999993,1.1332333777543885E-9,0.14029273100577613
-0.039564611326,-0.231715875849,-0.181144609156,0.05599999999999993,1.1243322241431158E-9,0.14342634007087343
-0.041433005173927666,-0.23056491959064318,-0.17997403258552522,0.05599999999999992,1.14836299043531E-9,0.13484334057156114
-0.041555826317677215,-0.2302968864531377,-0.1787097726279789,0.05599999999999993,1.1269086826333178E-9,0.13384140473110354
-0.040571582008740135,-0.23101039604526782,-0.179249715837974,0.05599999999999992,1.1456909570805598E-9,0.13743294653851085
-0.039557740459765164,-0.23148911532591554,-0.17846236612316618,0.05599999999999993,1.1123071452832817E-9,0.13394711983041924
-0.040669770408390316,-0.23075933760008013,-0.1778764582579007,0.05599999999999993,1.1205766302932876E-9,0.13209791951960922
-0.042604018742505474,-0.2293903369760438,-0.17824644048744395,0.05599999999999993,1.0938756901172204E-9,0.13330779568072126
-0.04390353988831441,-0.22804893784161248,-0.17803398755601235,0.05599999999999994,1.0305258425059447E-9,0.13017203777552394
-0.04369098799613845,-0.19032499915830212,-0.18186235035928303,0.055999999999999515,2.866147781400443E-9,0.3510212532250801
-0.043408878866552446,-0.1902664617322043,-0.18236148661182006,0.05599999999999951,2.9136373953364714E-9,0.3537963634622506
-0.04327502361811212,-0.189993064564923,-0.18209489277874957,0.055999999999999474,2.991146732894411E-9,0.3587092216592487
-0.042992244058741434,-0.18997058709452164,-0.18256665411290185,0.05599999999999949,2.94317868035172E-9,0.3736788159536832
-0.04284290543623402,-0.18953686942509704,-0.18202885895928647,0.055999999999999474,2.9750119543127707E-9,0.3763614864063188
-0.04334574285205341,-0.18975910230970455,-0.18143118302933153,0.0559999999999995,2.891424176839912E-9,0.3675052861891534
-0.042685288340105335,-0.18910075008804433,-0.18144031220681836,0.0559999999999995,2.9062362940280444E-9,0.37823780997916884
-0.043074377343074434,-0.18917469242746526,-0.18068151935145518,0.05599999999999955,2.765330672730603E-9,0.3635609249954406
-0.04234651975665584,-0.18848885682856334,-0.18076618600260166,0.055999999999999515,2.8478537164770807E-9,0.3699948915059352
-0.042789268318142115,-0.18860348208046865,-0.1798716298543851,0.055999999999999585,2.67699157819975E-9,0.35476942555340557
-0.04201595226616428,-0.18787988503384337,-0.17996800875222924,0.05599999999999955,2.746958786575004E-9,0.35290993280936983
-0.0415449838502827,-0.23068155839216337,-0.18320672697326076,0.05599999999999992,1.155638230171803E-9,0.1262125019116072
-0.040930793955629464,-0.23099841026089324,-0.18390650515679335,0.05599999999999993,1.1292571259733622E-9,0.13500364211097346
-0.042047762239949264,-0.2302397920037259,-0.1839015991321849,0.05599999999999993,1.1370186562997662E-9,0.13096761736532678
-0.0414111483095404,-0.23052032312208606,-0.18513011048905326,0.05599999999999993,1.107982787440688E-9,0.14198778933556613
-0.040692118514445944,-0.23089786249419844,-0.1856763807950068,0.05599999999999993,1.0661120153445002E-9,0.14228913985553115
-0.0402746490977,-0.231273144899,-0.184725397799,0.05599999999999993,1.0821205255777397E-9,0.14451245347675412
-0.041215514245372425,-0.2303773224740754,-0.1865655047821933,0.05599999999999994,1.0234970297380098E-9,0.14640158662364766
-0.0424695169558752,-0.22974730726822884,-0.18470776234284836,0.055999999999999925,1.1099243207329168E-9,0.1345900585522129
-0.04281652709953988,-0.2295228467885581,-0.1841141635823882,0.055999999999999925,1.1135675052794603E-9,0.1322857682308921
-0.04142192611472346,-0.23076833326574603,-0.1821867238512118,0.05599999999999992,1.186873925049838E-9,0.13095679206506802
-0.04063443147359275,-0.2312135576754135,-0.1828168910631226,0.05599999999999992,1.1820968020400874E-9,0.13696740864761758
-0.040533513771432085,-0.23124665720941306,-0.18165647159807802,0.05599999999999992,1.1955064177933682E-9,0.138762664714606
-0.041412611716152646,-0.2307068963362024,-0.18110244036553524,0.05599999999999992,1.180048237923007E-9,0.13361342357418707
-0.039923759127063106,-0.23154801568385772,-0.18358631771849473,0.05599999999999993,1.1060384746374113E-9,0.14344094520491107
-0.03968911494582958,-0.23168950378614384,-0.1823827154106334,0.05599999999999993,1.115600628595964E-9,0.14501603593383205
-0.039774918921331615,-0.23132167590245387,-0.1863446260928981,0.05599999999999994,1.0316875374216336E-9,0.15173723541928058
-0.039171280874120466,-0.23175610852144438,-0.18551803624316976,0.05599999999999994,1.0375678459909243E-9,0.1515112887459586
-0.039186187651889984,-0.2318501124262967,-0.18449596415426117,0.055999999999999925,1.0644857365341978E-9,0.14947808520557465
-0.039971126578478997,-0.23101745328359066,-0.1873666200811399,0.05599999999999995,1.0087310548455024E-9,0.14871544470205295
-0.04059247186350595,-0.23049009000560278,-0.1879414531625998,0.05599999999999995,9.958612083001537E-10,0.14706276193582193
-0.03946957464685255,-0.23098496064153748,-0.1887916655826231,0.055999999999999946,9.608647330919454E-10,0.15080530240613418
-0.0378776139170445,-0.2323951003472413,-0.18529324229974659,0.055999999999999946,9.890853774669226E-10,0.15468416476269425
-0.0389155390106215,-0.23158337182222222,-0.18749928901447283,0.055999999999999946,9.710168846786169E-10,0.15320097643388716
-0.03748375893459456,-0.2320598571046282,-0.18875398306421967,0.055999999999999946,9.359415961647488E-10,0.15805922093045882
-0.037917216885959046,-0.23217267389732607,-0.1869801349247092,0.05599999999999995,9.573038091447997E-10,0.1549530795314064
-0.03878026068344366,-0.23184061697236374,-0.18636921326445574,0.05599999999999995,9.960666241864433E-10,0.15316823437902932
-0.036398999242839694,-0.23286514790478596,-0.18689438462757363,0.055999999999999946,9.302879209967435E-10,0.16196585133239405
-0.038484579406444466,-0.23223238725212855,-0.18358138596793544,0.05599999999999993,1.062446606720572E-9,0.1520426019135132
-0.03725693666132792,-0.23277374437070594,-0.18344352948058026,0.055999999999999946,9.884306133891793E-10,0.1552809755578801
-0.03845013063036043,-0.2322697597930488,-0.18216777443588456,0.05599999999999993,1.080692573064495E-9,0.14941223752618496
-0.038197743772305094,-0.2311212804729494,-0.1908349347858033,0.055999999999999946,9.280121299911869E-10,0.1491021134943022
-0.03615148589102591,-0.23214029326260593,-0.19096139948877852,0.055999999999999946,9.149742152208139E-10,0.1584298577650117
-0.03703814181266967,-0.2311619983620343,-0.19244299009712787,0.05599999999999995,9.203986128426268E-10,0.14922798909158236
-0.03527819608861158,-0.23177174183088453,-0.19312753527804707,0.055999999999999946,9.207133754272215E-10,0.15772442705866377
-0.035222589814995854,-0.23305759259513237,-0.18878431655727118,0.055999999999999946,9.138000420580894E-10,0.16542419967338504
-0.03392359719802361,-0.23308221401158818,-0.1909879267155885,0.055999999999999946,9.227996322036969E-10,0.16690065598016007
-0.032829720962799985,-0.23392863787299994,-0.18856541037600003,0.055999999999999946,9.117989803543502E-10,0.17263303360946156
-0.03595732537093184,-0.23322422166256987,-0.18494619125013528,0.055999999999999946,9.345336562099987E-10,0.16160864716152182
-0.03450906424637664,-0.23361278858606863,-0.18665625280739984,0.055999999999999946,9.081058224160605E-10,0.16649573058812017
-0.03750863322278723,-0.22276316162907636,-0.19983194394314066,0.055999999999999946,9.439840502895464E-10,0.21782789793625512
-0.03868871182154534,-0.22130001572620855,-0.19966843171285759,0.05599999999999995,9.176515374918453E-10,0.21797086434605126
-0.038761620674949496,-0.2194097440029641,-0.20029686202660077,0.055999999999999946,9.189565234984844E-10,0.2502895276513202
-0.03945788680543228,-0.2091153126531689,-0.20064547213518638,0.05599999999999995,9.009197799276384E-10,0.32057806742158557
-0.03471686232245598,-0.20067818198171591,-0.20062004661037788,0.05599999999999992,1.2612795166147472E-9,0.37187625504566324
-0.039164015984402854,-0.18502736873464962,-0.1781476167176217,0.055999999999999654,2.4534720145757715E-9,0.3028417697929288
-0.03771947873624732,-0.1841210905251109,-0.17815771434341401,0.05599999999999968,2.312743585170912E-9,0.3122449569544246
-0.036024964004448254,-0.18321052152712136,-0.1780533467495099,0.055999999999999724,2.159604132201771E-9,0.3203391739896995
-0.0340810798206721,-0.18239138685691458,-0.17793879549545769,0.055999999999999765,2.021259993192662E-9,0.3301905977416914
-0.0319074783560712,-0.18169869087049476,-0.17766408972803546,0.055999999999999765,2.0424310236896167E-9,0.3462584670195457
-0.036351601780230586,-0.22854836225346323,-0.19689561643528808,0.05599999999999995,9.355140033345773E-10,0.15106983719304928
-0.03482293735026513,-0.22981626431276395,-0.1965935526809762,0.055999999999999946,9.480035323960033E-10,0.15789498581024208
-0.03477107390984223,-0.22791357308785357,-0.19843014004923265,0.055999999999999946,9.661472626305735E-10,0.1762670032265316
-0.03208047953292535,-0.22773607168105348,-0.19992000037401614,0.055999999999999946,1.00582901368605E-9,0.1992331374400148
-0.037050052000789174,-0.2267316828195423,-0.19791729072857392,0.055999999999999946,9.461532062746074E-10,0.16631821288815923
-0.03356718194609323,-0.2260991381074294,-0.20033715063953195,0.05599999999999995,9.986172333656433E-10,0.20833670490277473
-0.035761288732387216,-0.22506992151876806,-0.19975398088338636,0.055999999999999946,9.674144446388663E-10,0.20900911864792363
-0.03780825447468809,-0.2247578888927491,-0.1986411243055643,0.05599999999999995,9.358327100795195E-10,0.18548528963310162
-0.03038355259089998,-0.22920761024099995,-0.19943065767899995,0.05599999999999994,1.0326509049107544E-9,0.19039193104426208
-0.03275931813869679,-0.2295678355875875,-0.19804665258859047,0.055999999999999946,9.826987551016763E-10,0.170683582879437
-0.03835072863123351,-0.23227444746106052,-0.18072858704347985,0.05599999999999993,1.0814523792767049E-9,0.14535995766424933
-0.03835735089891158,-0.2321783104652338,-0.17935810603898067,0.05599999999999993,1.0853487056123998E-9,0.1400533894258312
-0.037136437808489554,-0.23265655926933654,-0.1789324140472863,0.05599999999999995,1.021430630869263E-9,0.136732087825891
-0.03636082597540173,-0.2328131966482155,-0.17792403926439307,0.055999999999999946,9.960928309018988E-10,0.13341935773622493
-0.03720760621617163,-0.23280313652013226,-0.18187357679758084,0.055999999999999946,9.959563561463736E-10,0.15167714662592846
-0.03717207896039239,-0.23275053213266245,-0.1802122821952334,0.055999999999999946,1.0101810152527394E-9,0.14279815845590269
-0.03590880100772233,-0.23315058411108142,-0.1794535170811391,0.055999999999999946,9.68412528066138E-10,0.13957051869575343
-0.03568608374061473,-0.23335500496164496,-0.18133720808061182,0.055999999999999946,9.501170395307006E-10,0.14934003228891782
-0.03557017720174511,-0.23342712353238712,-0.18302026603104182,0.055999999999999946,9.394639902747052E-10,0.15809500966257187
-0.03391479623395084,-0.23393633554125254,-0.18435311708262653,0.055999999999999946,9.138995421832737E-10,0.1608788896923122
-0.03202815861526461,-0.23437550066889,-0.18603648746406223,0.055999999999999946,9.039200715149299E-10,0.16933843795043058
-0.03139015001269837,-0.2345541092909056,-0.18358868895353872,0.055999999999999946,9.141297288182074E-10,0.16422278360391918
-0.03353414181165525,-0.23401484856957686,-0.1819128603677756,0.055999999999999946,9.215924434985333E-10,0.1559080874247774
-0.03440922649865641,-0.23346951677069044,-0.1783699259532673,0.055999999999999946,9.522244877257378E-10,0.14056615573715456
-0.03450855510919177,-0.2336393457135114,-0.1801307969410062,0.05599999999999995,9.396486969606495E-10,0.1457494730253007
-0.03243486889399448,-0.23409420295266173,-0.17956638318067952,0.055999999999999946,9.359623209212111E-10,0.14852879783203563
-0.030787587493492925,-0.2345609621485741,-0.1812281583679607,0.055999999999999946,9.269882598134882E-10,0.1568081959334512
-0.030114681889764103,-0.2344324752082154,-0.17889085716539088,0.055999999999999946,9.536166696424569E-10,0.14643311695286612
-0.03138156987678701,-0.23406245766782435,-0.17779563981286312,0.05599999999999995,9.537547800119297E-10,0.14105847971687174
-0.027760303451378615,-0.2329171955442543,-0.19593409571792886,0.05599999999999995,1.0083946309267765E-9,0.17179474036653644
-0.025610553580299997,-0.23309693786799993,-0.19613671018399995,0.05599999999999994,1.0454277278137052E-9,0.18052167832140145
-0.027080596609133086,-0.23203498786057677,-0.1974639235514977,0.05599999999999993,1.08628755776119E-9,0.18493739052370797
-0.029177642508556225,-0.23211015004267743,-0.19669465662695768,0.055999999999999946,1.0092271736138508E-9,0.17219261776686837
-0.02859974737642678,-0.23076488738457335,-0.19855039175621175,0.05599999999999994,1.0554405999932558E-9,0.18774248066174234
-0.03413431654834199,-0.23130368937742085,-0.19506717113488806,0.055999999999999946,9.290705290974042E-10,0.15470424405476954
-0.033370618488126114,-0.23236265257964503,-0.19369209388798206,0.05599999999999995,9.238290338740305E-10,0.16181719015616322
-0.031734900592515866,-0.23211968668599176,-0.19539131361149123,0.055999999999999946,9.582548376018267E-10,0.1636891195526293
-0.027282481240742926,-0.23381119879703557,-0.1942319371207864,0.055999999999999946,9.983851622460066E-10,0.1796706365349218
-0.030985501542699665,-0.2341204982345559,-0.19049235631452607,0.055999999999999946,9.223558986623676E-10,0.17597387709885526
-0.029424451760069338,-0.2331876305096351,-0.19470827696362938,0.055999999999999946,9.703497198631031E-10,0.17345273184118817
-0.031416293045988766,-0.2333873488501983,-0.1928352979968071,0.055999999999999946,9.384808875049988E-10,0.17088941811907
-0.029118412469282404,-0.2341118495720896,-0.19235723665480525,0.055999999999999946,9.565628391927283E-10,0.17616965937765403
-0.030845602245111268,-0.2309256787048203,-0.1975247386468827,0.055999999999999946,9.993631869138287E-10,0.1687939804455685
-0.03281778482711133,-0.2308361184458476,-0.19661429944857334,0.05599999999999995,9.575401152389849E-10,0.15767915607878036
-0.0339922188505164,-0.19807142022944813,-0.19915468844264783,0.0559999999999999,1.3326072561582699E-9,0.3679417980088303
-0.03309965114081768,-0.19842976573119966,-0.19986258717052074,0.055999999999999876,1.4860084340979137E-9,0.3854130957869322
-0.034267675105900605,-0.19710654589638366,-0.19824669429212022,0.055999999999999904,1.2988634252041857E-9,0.3700110918620095
-0.03285016703217402,-0.19727688423192127,-0.19904985656529856,0.055999999999999876,1.5035039145090247E-9,0.38965789670543666
-0.031673231552277865,-0.197693427305219,-0.19989262531828036,0.05599999999999982,1.7436668556698686E-9,0.4179336718878539
-0.0344651378754164,-0.19569976559859933,-0.19696852700625517,0.05599999999999992,1.2468098444988828E-9,0.37143184901167
-0.03030661060478124,-0.19715659450434114,-0.1999632741719188,0.055999999999999765,2.032964480952672E-9,0.4478640069445079
-0.0314165932252135,-0.19661383451620898,-0.19907524862480122,0.055999999999999835,1.6621018271751898E-9,0.40850739063580455
-0.032684796031945705,-0.19579692171170035,-0.19785739736290076,0.055999999999999876,1.4195254458373196E-9,0.3788899431885143
-0.03087223235725935,-0.19545966799429793,-0.19824377503786814,0.055999999999999835,1.6238137241795518E-9,0.4119820017776368
-0.03160595721489476,-0.1946271260479447,-0.19721896140509682,0.05599999999999987,1.4464905140728186E-9,0.39162661509492985
-0.03288472594129604,-0.19445118308983428,-0.19657030802171754,0.055999999999999904,1.3191105146465231E-9,0.37261764090334887
-0.03470955391883819,-0.1942558577494996,-0.19557239998246556,0.05599999999999992,1.2150920039068834E-9,0.38169689397670065
-0.029914705758845486,-0.19612943273840078,-0.19918414434483173,0.05599999999999978,1.9411864804494213E-9,0.4425875196207418
-0.029003096585000016,-0.19676082829599997,-0.20006648094100007,0.05599999999999965,2.4739564684318626E-9,0.4812844382130082
-0.028671891582734494,-0.19581339614253374,-0.19929281425810144,0.05599999999999971,2.2232876316060784E-9,0.46621742994544274
-0.027856232438463482,-0.19648650898907224,-0.20018766364190735,0.05599999999999955,2.7496752057647016E-9,0.5050930288083327
-0.02935519152531992,-0.19503416974266652,-0.19834092481500717,0.05599999999999979,1.8842529004267756E-9,0.439908283269459
-0.028169149542791795,-0.19505543311270723,-0.19870891343222413,0.05599999999999973,2.1821788622823703E-9,0.4650317965105558
-0.027379590519213563,-0.19548396384942984,-0.1993577224663826,0.055999999999999626,2.513013764700149E-9,0.48847878277468154
-0.026643673316263772,-0.19625698596429964,-0.2003564424449052,0.05599999999999944,3.0863557356680577E-9,0.5096432234998768
-0.034948818082903496,-0.19280631444357918,-0.19410520128700534,0.05599999999999992,1.2383733820338048E-9,0.39384198003125626
-0.030088975473494886,-0.19423868037609818,-0.19735398073042298,0.05599999999999985,1.614983875856665E-9,0.4180018973184001
-0.031430069876750844,-0.193538308010768,-0.19625447869065651,0.05599999999999988,1.4045164591126308E-9,0.39196856958146814
-0.03310400315371083,-0.19297263137366136,-0.19510099970055148,0.055999999999999904,1.2991970351965662E-9,0.39038356810549485
-0.033339455735045626,-0.1916336234069785,-0.19369887705807387,0.055999999999999904,1.3141225768726573E-9,0.39803312724047624
-0.027261566419814344,-0.19465828651356018,-0.19855087390673914,0.055999999999999696,2.3126943789102854E-9,0.47342219833656146
-0.028173452000033128,-0.19402460041526493,-0.19767366219991828,0.055999999999999786,1.890874889324798E-9,0.45455625211092443
-0.02583067916238281,-0.19494848088702574,-0.19921091687017128,0.055999999999999564,2.7087640044404334E-9,0.4930957373069922
-0.02532986902879997,-0.1960764920310564,-0.2005714776389057,0.05599999999999933,3.369710086223239E-9,0.5215388464214376
-0.02443762606520666,-0.19525489914539415,-0.19989400175047975,0.05599999999999937,3.2478419939733337E-9,0.5057695944608248
-0.02310954536759128,-0.19502983127750986,-0.19989688615720483,0.05599999999999928,3.491106080216625E-9,0.5219661493860899
-0.021599151743891955,-0.1950592658738182,-0.20018870862533472,0.05599999999999908,3.938602933859157E-9,0.5816779643483355
-0.03509268591818982,-0.19137853781457598,-0.19262777447056623,0.055999999999999904,1.2979034077231706E-9,0.38995437235107233
-0.03504228733518649,-0.19012848813680513,-0.1913481551754261,0.05599999999999988,1.398401106541249E-9,0.395637967731153
-0.03346866899465339,-0.19026432473242275,-0.19224104318182691,0.05599999999999989,1.3781988740446419E-9,0.39058843995492715
-0.02936267661798624,-0.1928841689443576,-0.19621497824562373,0.05599999999999986,1.5596562995254531E-9,0.4128154371676829
-0.031168413983627113,-0.19173430617285428,-0.1945598267555812,0.05599999999999988,1.4105967704288914E-9,0.40351251172051555
-0.03207723432368042,-0.19048838487041123,-0.19299510510347934,0.05599999999999988,1.4023287528015824E-9,0.3908172131248562
-0.026386166829220795,-0.1937672879586744,-0.1977970043844443,0.05599999999999971,2.236802079542959E-9,0.46285451533038086
-0.02733795887485332,-0.19258225148359442,-0.19632637375335188,0.05599999999999981,1.8097281830952516E-9,0.429893403707883
-0.02412765291676196,-0.19412494592278187,-0.19859510468187766,0.05599999999999954,2.776670886770644E-9,0.47845181724356695
-0.022336624071064414,-0.19400268111643507,-0.19857979942452228,0.05599999999999943,3.1230844028139064E-9,0.5118694425580874
-0.03486738597322984,-0.18886598656041265,-0.19002604353398309,0.05599999999999984,1.5784321406991596E-9,0.4029440145803708
-0.033798419021898576,-0.18932199430961597,-0.19107878452094715,0.05599999999999987,1.439765831461381E-9,0.38843942859483016
-0.03301850238831835,-0.18814278292209655,-0.19005840543973387,0.05599999999999985,1.5793759733036121E-9,0.3919160159584079
-0.03179293018699283,-0.1891542794992909,-0.19165034892140484,0.055999999999999876,1.475883535315496E-9,0.3956253746815337
-0.02863617460314557,-0.19126788407235876,-0.19467562104874897,0.055999999999999835,1.6263633012428033E-9,0.4066236769380776
-0.03016530146131308,-0.19005691582838852,-0.19306704730300156,0.055999999999999876,1.5082444243616115E-9,0.3920750736345356
-0.02503940565061239,-0.19272509293502407,-0.19678356247381643,0.05599999999999971,2.2139921462621714E-9,0.44286924312114734
-0.02622988443872048,-0.19120861023037153,-0.19490560053060754,0.05599999999999979,1.8805314977808634E-9,0.4040089579788689
-0.023900452425766338,-0.19144926506432694,-0.19520718205669688,0.05599999999999971,2.2187813128149253E-9,0.42832167977784713
-0.02310166666034583,-0.1928148231860141,-0.19693849828895732,0.055999999999999606,2.5754441853404815E-9,0.46902235708441453
-0.030922599328553804,-0.1875008483968161,-0.18997933082028268,0.05599999999999985,1.5880456341637822E-9,0.38820459658060447
-0.029415047996803372,-0.18840713365291098,-0.19136546223332115,0.05599999999999985,1.5687448909366122E-9,0.3869849253826731
-0.027280255925991592,-0.18938863819251645,-0.1927316606125533,0.055999999999999835,1.6782789023279455E-9,0.3990712817385046
-0.024692051370035144,-0.18991426325312447,-0.1933346411957976,0.05599999999999977,1.9751077543335698E-9,0.40722899725891515
-0.028560544604626526,-0.1869326527145753,-0.18968628540498664,0.055999999999999835,1.6712443561035846E-9,0.3813041561771684
-0.027401478084585103,-0.18782530854901885,-0.19086748493519545,0.05599999999999984,1.6926282128631247E-9,0.38283843690998565
-0.0254175356235754,-0.1882085215214366,-0.19127943524744367,0.05599999999999981,1.8196472545604566E-9,0.38680111606545414
-0.025944097485,-0.18641564613899994,-0.18900539425200003,0.055999999999999814,1.830898489879027E-9,0.3790275892479857
-0.03519001026931659,-0.18780080565539892,-0.18851653095555745,0.055999999999999814,1.7415505971871597E-9,0.4003918578326813
-0.034076672546765524,-0.18759427581993718,-0.18889558683472915,0.05599999999999984,1.6547824824262223E-9,0.3942441963944251
-0.034537321295758934,-0.1868706928200904,-0.18765866788267002,0.05599999999999981,1.8154607529315937E-9,0.40194968968552275
-0.03361644826022032,-0.18572844549456552,-0.18649288830079364,0.05599999999999978,1.8966648537593355E-9,0.39970462784266486
-0.032716361100935315,-0.18678182781679323,-0.18847197104365185,0.055999999999999835,1.688385055934163E-9,0.4036470009085234
-0.031823312484349484,-0.18560174416403727,-0.18715249093534878,0.055999999999999814,1.7706357263926842E-9,0.3868214479545168
-0.03208507027024277,-0.1849277784024209,-0.18596381935828613,0.05599999999999981,1.870258595304475E-9,0.3804852712344851
-0.03320626069601026,-0.18460193927680998,-0.18476402097818806,0.055999999999999765,2.023835753393671E-9,0.39285391904205635
-0.030427922919132343,-0.18611365889947443,-0.1883082513895962,0.055999999999999835,1.6938896196065023E-9,0.38896509266075946
-0.03033774283932197,-0.18490226745285337,-0.18652791186311943,0.05599999999999981,1.8054837471799167E-9,0.3807465460490574
-0.03123504681348989,-0.18409116818439797,-0.1848047606882257,0.05599999999999978,1.9074071200793404E-9,0.3837686038909702
-0.03222128712307646,-0.18360805137973338,-0.1832879946013002,0.055999999999999765,2.0314696223662215E-9,0.40135844718792985
-0.028112560116744637,-0.18544038614460132,-0.1876790573868032,0.05599999999999982,1.754267002643857E-9,0.3820548652467231
-0.02857427524118686,-0.183961819550113,-0.1852117023472526,0.055999999999999814,1.851279004399826E-9,0.3893644010237072
-0.029983981729119688,-0.1831478527968893,-0.18325668128316838,0.05599999999999977,1.9515255572885907E-9,0.39666720754147294
-0.03133012131085202,-0.18271015805158655,-0.18154280598509961,0.055999999999999765,1.9950795817266273E-9,0.40378086164011856
-0.0260588110429248,-0.18484685018248928,-0.18667788955370743,0.05599999999999981,1.8658654972094066E-9,0.3845240520903475
-0.025685795106488676,-0.18362533745253848,-0.18439489261144623,0.05599999999999978,1.9310770755634165E-9,0.39155337499544646
-0.027458102613865547,-0.18283141366340547,-0.18290792247392781,0.05599999999999978,1.93249857842876E-9,0.39632217118820084
-0.028828672497535103,-0.18226878067296245,-0.18131518821433343,0.055999999999999765,1.9996613384774557E-9,0.40487365685559046
-0.030413985721866793,-0.18191749633689422,-0.17959768422159483,0.05599999999999975,2.0710650356403005E-9,0.3986862524841937
-0.024937965657726116,-0.18274543405108712,-0.18227566026675746,0.05599999999999976,2.0536359638922303E-9,0.4003248404097313
-0.02639036426938024,-0.1820640694912095,-0.18088748666699397,0.055999999999999765,2.053280154588742E-9,0.40435711622101517
-0.027845957673433487,-0.18158565962986697,-0.17937026752020246,0.05599999999999974,2.0779646512132717E-9,0.4096351288523685
-0.02399395920468746,-0.18211164016953363,-0.1803555769021076,0.055999999999999696,2.2595297139432545E-9,0.4104433917821135
-0.02531956698686036,-0.18148454410118003,-0.17899684923985873,0.05599999999999971,2.214760337112938E-9,0.4267185663261157
-0.02287816936340002,-0.18159470521700008,-0.17845916469899997,0.055999999999999654,2.4278799480170517E-9,0.4487946914021363
-0.03309248920088838,-0.1993419694901676,-0.20055137058271394,0.05599999999999986,1.5317326886597348E-9,0.3752528956031237
-0.030712375441575294,-0.1981081372147567,-0.20061939646610166,0.055999999999999724,2.173629856470076E-9,0.44121604632677913
-0.02978594206947713,-0.19766337631887937,-0.20059412503811028,0.05599999999999965,2.4499476255219773E-9,0.4557985068427789
-0.021605930961289724,-0.23515395104737782,-0.1876834193526159,0.05599999999999994,1.0486765337510254E-9,0.17973527859760816
-0.022918111091498387,-0.23520661980833252,-0.18815318316172724,0.05599999999999994,1.0323534966155034E-9,0.18248549351167417
-0.022577219530328724,-0.23526019183481187,-0.18667107672655167,0.05599999999999994,1.040482502815562E-9,0.17326884494012815
-0.02403110405260383,-0.23527815237277597,-0.18712272270935912,0.055999999999999946,1.018097004810912E-9,0.17869534463582762
-0.023452941502333794,-0.2353034606456348,-0.18565863644469457,0.05599999999999994,1.0250674327065864E-9,0.16810910219302436
-0.021842434701054805,-0.23507479065076156,-0.18905146676758083,0.05599999999999994,1.0503384918216217E-9,0.18598426012833028
-0.02050961048883116,-0.2349635178755853,-0.18869596678451503,0.05599999999999993,1.0648259359935433E-9,0.1808274674675233
-0.019276939045000017,-0.23465941187199993,-0.18967241470200003,0.055999999999999925,1.0941349047686734E-9,0.18699017252024547
-0.02087429406949529,-0.23490953853672872,-0.18972443995130694,0.055999999999999925,1.0629516160333579E-9,0.18625708541298866
-0.02040842341626712,-0.2347056433108003,-0.19071295280203965,0.05599999999999993,1.0977000034074037E-9,0.19146654770133498
-0.023194306853511117,-0.23507074625077728,-0.18970256888925757,0.055999999999999946,1.0219668285502602E-9,0.18883115366438163
-0.02179563184510378,-0.23489158000170285,-0.19048591434806653,0.05599999999999993,1.054238213781348E-9,0.19383478424548964
-0.021585536681501444,-0.2346127092159715,-0.19184419197105276,0.05599999999999993,1.0698845729242108E-9,0.19435354259134585
-0.02322778556546357,-0.23480878390181242,-0.1913792028420507,0.05599999999999994,1.0327802316482267E-9,0.1931960658808941
-0.022845520006219585,-0.23435770498703876,-0.19314594969295656,0.05599999999999993,1.0598719474087591E-9,0.18997221281145027
-0.024531717197137218,-0.23517253798635399,-0.18874623457403678,0.055999999999999946,9.96962134035979E-10,0.18488876665054157
-0.025521488250404113,-0.23521755282559503,-0.18763604653308247,0.055999999999999946,9.758356314229386E-10,0.18098004149745697
-0.024806915887978658,-0.23495737625071814,-0.1905081700738617,0.055999999999999946,9.967854739988162E-10,0.1898062596882335
-0.026263089579517507,-0.23504131411615542,-0.18929126961548104,0.055999999999999946,9.713997790290567E-10,0.18501459532294875
-0.024320800317500002,-0.23529547596799996,-0.184556343943,0.055999999999999946,1.0160259424438557E-9,0.16604041316067453
-0.025041445384756528,-0.23528890323392276,-0.1860111247518153,0.055999999999999946,9.975227145089021E-10,0.1752532915804953
-0.02669978282063581,-0.23519694247413103,-0.18625030479714993,0.055999999999999946,9.591360754847945E-10,0.17666220593655643
-0.02602252571997711,-0.23524576841539357,-0.18474074085705566,0.055999999999999946,9.779114247239978E-10,0.17053973957717297
-0.02496974737027461,-0.2345471962312174,-0.19252079575396433,0.055999999999999946,1.0145281695253962E-9,0.18859265437998562
-0.024169590465180652,-0.23388370420628407,-0.1946009565051843,0.05599999999999994,1.035177676341983E-9,0.18447016751682907
-0.025233072825616227,-0.23523167226453673,-0.18329425379809042,0.055999999999999946,9.903940173575598E-10,0.1623050664357407
-0.026864447048984223,-0.2351597597740927,-0.18350884424839128,0.055999999999999946,9.626992364084179E-10,0.16530260124897259
-0.027850788431932495,-0.235105304891583,-0.18510127573922275,0.055999999999999946,9.479926388701541E-10,0.17660746455106935
-0.02855669750670859,-0.2349780818666536,-0.18699352284379234,0.055999999999999946,9.300222892571013E-10,0.17785954274200588
-0.028396374545140317,-0.23502111646272122,-0.18355956079412517,0.05599999999999995,9.371497971653957E-10,0.16804492305501934
-0.026961894139097966,-0.23510988502979088,-0.187822354883954,0.05599999999999995,9.501198431771066E-10,0.18215835585404944
-0.026811183046591885,-0.2346705755255301,-0.19142287356941765,0.055999999999999946,9.75949705030778E-10,0.18561513991244494
-0.028424815064552286,-0.2347973419066344,-0.18937402388484936,0.055999999999999946,9.36856899638408E-10,0.18526393778922629
-0.02615820037791365,-0.2351050844294977,-0.18191757326450417,0.055999999999999946,9.725542264511461E-10,0.15691100094467436
-0.030487316913567493,-0.23461266825212504,-0.1876397431293564,0.055999999999999946,9.107641240031501E-10,0.1781559653645914
-0.030070838472992894,-0.23480439553232063,-0.18488077198061675,0.055999999999999946,9.161531110046949E-10,0.17110305541259038
-0.027950718503682307,-0.2349909986509201,-0.18202878861564464,0.055999999999999946,9.456402423161286E-10,0.15981458485224165
-0.027115657339423067,-0.2349030602782016,-0.1803644289182128,0.055999999999999946,9.633787116317023E-10,0.15059605731980272
-0.029641488782576837,-0.23483176036323444,-0.18277298603698783,0.055999999999999946,9.229412989020621E-10,0.16388584009136295
-0.028988306126891353,-0.23478442145283104,-0.18077909788124996,0.055999999999999946,9.42087821341692E-10,0.1547178134939132
-0.028127684696686854,-0.2346052925470472,-0.17860626868256918,0.055999999999999946,9.530052782093224E-10,0.14218329612301162
-0.024262350225390406,-0.2318967289742868,-0.19802305501343798,0.05599999999999992,1.1492400481619402E-9,0.20309757324049482
-0.023198981547151245,-0.23030053812965767,-0.19980263327748504,0.05599999999999992,1.2656862293593145E-9,0.21824585814205888
-0.028287639252400385,-0.2289401126520431,-0.2003638847046013,0.05599999999999993,1.0843305410228705E-9,0.2109754650584977
-0.026917690407813933,-0.23026511283786133,-0.1995080950710917,0.055999999999999925,1.1250242824100159E-9,0.19953322131248577
-0.025188675669439792,-0.2308499655123331,-0.1991897845259073,0.05599999999999992,1.1523689594590906E-9,0.20567339009527014
-0.02314395454548183,-0.23525249467773746,-0.18356654117898116,0.05599999999999994,1.0229188709157586E-9,0.1528289226371256
-0.023317428317019006,-0.23513062903389687,-0.182260175105464,0.05599999999999994,1.0345531992867034E-9,0.1523606937465877
-0.022004293011900006,-0.23508588556799995,-0.182869659299,0.05599999999999994,1.021905580541734E-9,0.15142217906797065
-0.02411051033695715,-0.23523864079115667,-0.18312654653393912,0.05599999999999995,1.0185985045192844E-9,0.15663863813850473
-0.022243432883869832,-0.23494516880434735,-0.18167720100918153,0.05599999999999994,1.0382126758284192E-9,0.1532355283282383
-0.023433523994543466,-0.23497150886670365,-0.18111416099425642,0.05599999999999994,1.0403837097667382E-9,0.15388648385908277
-0.024809943583705765,-0.2351224858367007,-0.1818069095384287,0.055999999999999946,1.0082907442430648E-9,0.1557399740675014
-0.02559225028303833,-0.2349587910513235,-0.18049327220028347,0.055999999999999946,9.938533383551299E-10,0.15182774300562127
-0.024428086371771757,-0.234920910973935,-0.18043050896143273,0.05599999999999995,1.0187363369001375E-9,0.15147276445880659
-0.022327777695189267,-0.23470678221260893,-0.18033262910550785,0.05599999999999994,1.0507453240449671E-9,0.15609383154520426
-0.02354755548202392,-0.2347333381540306,-0.17976797223869379,0.05599999999999994,1.0464764453538028E-9,0.1534730240139427
-0.022171976708700004,-0.234393062883,-0.178951094192,0.05599999999999993,1.0655300538272E-9,0.1572479575215495
-0.023583963402028518,-0.2344555431241637,-0.17842828991095155,0.05599999999999994,1.0427652461068447E-9,0.15314876776168837
-0.024856552855007905,-0.23473724019277195,-0.17929577098681182,0.055999999999999946,1.0170565062873288E-9,0.1514215226984917
-0.026214294626291424,-0.23472358050006933,-0.17901154806566866,0.055999999999999946,9.80848237513984E-10,0.14773692343979042
-0.025209269919007585,-0.2344615018826101,-0.17785925572412328,0.055999999999999946,1.0081159219144775E-9,0.1486799529078156
-0.018816203851744547,-0.2338061055821594,-0.17917800927828248,0.055999999999999925,1.0855181384825795E-9,0.15168856744020995
-0.018648952314500013,-0.23397522463799994,-0.180313066766,0.05599999999999993,1.0789234408978372E-9,0.1561925235021724
-0.01985065920049946,-0.234165727432783,-0.179836440376884,0.05599999999999993,1.0780443352304818E-9,0.1562814533688812
-0.02097522528501316,-0.23429663852719937,-0.17940206544341636,0.05599999999999993,1.084869747883436E-9,0.1569949591105713
-0.019812582965829058,-0.23383159359653408,-0.17823424019142114,0.05599999999999993,1.0842959002757603E-9,0.1515527035398642
-0.02128515676520454,-0.23405395478107546,-0.17802124489668655,0.05599999999999993,1.075210064030879E-9,0.1534639102829766
-0.022626064118745556,-0.23416662799808505,-0.1776469227595284,0.05599999999999993,1.0547530616481078E-9,0.15310577796241628
-0.017748606047524824,-0.23357959814473928,-0.17943993443844977,0.05599999999999993,1.0867502681092882E-9,0.15087452098986795
-0.018274381510872253,-0.23345532491222773,-0.1781062583519834,0.05599999999999993,1.085404673597069E-9,0.14686886050177753
-0.016810063910327164,-0.2331025836075673,-0.17840676243085274,0.05599999999999993,1.0831273577536752E-9,0.146647115311289
-0.023620462745392305,-0.18600737947985047,-0.187982827426393,0.05599999999999977,1.963326460077645E-9,0.3744547793049528
-0.023875599699923318,-0.1846015208163946,-0.1857488210495145,0.05599999999999977,1.944282292936265E-9,0.3829954062531545
-0.021651290481654897,-0.1857434128154461,-0.18682250402981557,0.05599999999999974,2.1060892591795317E-9,0.373369790302005
-0.02365686198722676,-0.18372436488427507,-0.18392548458294594,0.055999999999999765,1.9796565218736203E-9,0.39797182023460326
-0.022963692900952803,-0.18325430045994195,-0.182526448878733,0.05599999999999973,2.1406476388734324E-9,0.3955374833812687
-0.021974928533580424,-0.18380150295287564,-0.18317922368024775,0.05599999999999973,2.1543511512800546E-9,0.38668277808763296
-0.02309458777503512,-0.1827000258707363,-0.18131591521548934,0.0559999999999997,2.211604233723658E-9,0.403826413726765
-0.021690833225774468,-0.18465454967441144,-0.1848694745393778,0.055999999999999724,2.1283972992729576E-9,0.3813450596577786
-0.019901070354446576,-0.18565077217391532,-0.18559115660480918,0.05599999999999967,2.3590646023462235E-9,0.35604412585854334
-0.019958144106210506,-0.18443316938717802,-0.18308795081902274,0.055999999999999654,2.4355770271249905E-9,0.3943604336974702
-0.01815480930300003,-0.18577083915300005,-0.18422457205299997,0.055999999999999585,2.6354967959633996E-9,0.37675092362472884
-0.02137932188090899,-0.18324706601646562,-0.18142046792440178,0.055999999999999654,2.4080542887929487E-9,0.42222999429533065
-0.02204113873923439,-0.1822706815405378,-0.17963565795104466,0.05599999999999964,2.4729920332650046E-9,0.4398096728755434
-0.017609747049413572,-0.1850556194000448,-0.18195106814046527,0.05599999999999952,2.8380618953641496E-9,0.42348041182532326
-0.018836617506943053,-0.18391058797716234,-0.18060453330146523,0.05599999999999955,2.7512133030216576E-9,0.45536992115465363
-0.019877342552094723,-0.1828094526145794,-0.17910137394235492,0.05599999999999956,2.716049086693212E-9,0.4700168705642813
-0.020649111508525213,-0.18189397436411,-0.17778217814429736,0.055999999999999585,2.6429086272689005E-9,0.4775612241595357
-0.016864243118588522,-0.1845508231806231,-0.17975127159200605,0.05599999999999939,3.205155322210201E-9,0.48916956932812594
-0.017810164038138173,-0.18346820474476502,-0.17844189285382392,0.05599999999999944,3.0945370039832256E-9,0.5301709681398722
-0.0159352109439259,-0.18413765309815072,-0.17775754835673682,0.055999999999999224,3.6225441486769067E-9,0.5843588334707477
-0.019851384697800747,-0.1951684427445319,-0.2005737384303316,0.05599999999999876,4.587596966088226E-9,0.6444523679678884
-0.020580293760447392,-0.19418104464880767,-0.19884880809489094,0.055999999999999266,3.5418043298291284E-9,0.5600761009919685
-0.018764231260950594,-0.194480135095411,-0.19916888327499135,0.05599999999999903,4.0665222060799835E-9,0.6223559812407513
-0.021215667944834322,-0.19305634037959882,-0.19713947182074842,0.05599999999999949,2.965927027042528E-9,0.5029654414603442
-0.019487091198314405,-0.19343195036455188,-0.19737643883638656,0.05599999999999927,3.5041357987735436E-9,0.5483477743375348
-0.01774558943098761,-0.193894046649443,-0.19766645575892333,0.05599999999999896,4.194811972284404E-9,0.6112526765941992
-0.018193976055008224,-0.19316291708308783,-0.1964107210164722,0.05599999999999918,3.7134917142848247E-9,0.5714429743668366
-0.016876206204495075,-0.19344850216427575,-0.1962381813740754,0.05599999999999893,4.249321453188272E-9,0.6121698016363663
-0.021838885376713243,-0.19173159567247142,-0.19531317328247902,0.055999999999999606,2.5861741978951865E-9,0.45778499936254985
-0.02251092037829164,-0.19024343013658745,-0.19341358058258123,0.055999999999999696,2.294199008239931E-9,0.4250253653393745
-0.01976647054976789,-0.19231734101237458,-0.19560223936755344,0.055999999999999425,3.135739243061876E-9,0.5036118247142471
-0.020425967008864107,-0.19102890356914387,-0.19386624880625716,0.05599999999999954,2.786642649281706E-9,0.4517433319418552
-0.017694707884414077,-0.19251122006939814,-0.1949120970934911,0.055999999999999155,3.790310805198654E-9,0.5674942350356137
-0.01611068393557759,-0.19309622332169538,-0.19488584507707152,0.055999999999998766,4.572379519017404E-9,0.5921689351409415
-0.01879187601746959,-0.1916127706788384,-0.19400397593441537,0.05599999999999937,3.2625362975289462E-9,0.48643120166234455
-0.016529358485251402,-0.19242379614112634,-0.19386893142333425,0.055999999999998926,4.2775589391571705E-9,0.5589621494093565
-0.015420483782166056,-0.19282310412217962,-0.1935955250355358,0.05599999999999863,4.810662787942693E-9,0.5780821337056365
-0.01478475968941396,-0.19261920738474858,-0.19236040118315198,0.055999999999998516,4.99784045833398E-9,0.5736148595452851
-0.016165614800826608,-0.1919043911950606,-0.19251996087648315,0.055999999999998905,4.295221898702705E-9,0.5589286508768602
-0.023018863311066114,-0.18886073129006467,-0.1917037518197852,0.05599999999999975,2.0660414194696847E-9,0.40864787714690193
-0.020303101806580962,-0.189668688855027,-0.19182876316795358,0.05599999999999962,2.4995237636343573E-9,0.43166809464212347
-0.018825572088257903,-0.19074733261756788,-0.192634852930163,0.05599999999999944,3.067939540857399E-9,0.47366357621718747
-0.017617717382578977,-0.19168482176153095,-0.1933729957617987,0.05599999999999918,3.714340942602087E-9,0.5318872521828725
-0.01518397313161576,-0.1919501759208757,-0.19149393233342227,0.05599999999999876,4.580452139633144E-9,0.5465480478669058
-0.014169959225916628,-0.19247408377314085,-0.19113929527016943,0.055999999999998495,5.035720926128751E-9,0.5589439457862936
-0.01732000335076239,-0.19080990053885377,-0.1916424986043857,0.05599999999999925,3.583678747615937E-9,0.48757573054620407
-0.015987384018535777,-0.19129171397644743,-0.1911946403351755,0.05599999999999905,4.013680870103404E-9,0.5102014369675996
-0.01490203745316341,-0.1914593346495243,-0.19017189126477235,0.05599999999999893,4.277832639119136E-9,0.5185640417080036
-0.013555532934438915,-0.19239322832265676,-0.18991672570164114,0.05599999999999849,5.07015303598637E-9,0.5618964191130217
-0.023523828982492296,-0.18736701069683268,-0.18985929324198506,0.055999999999999765,1.977014775921566E-9,0.3788542347951134
-0.021289950978529724,-0.18813699418714042,-0.19013649233481908,0.05599999999999971,2.217060153611498E-9,0.39374480413807067
-0.018417877116547167,-0.18977828379691414,-0.19086115457398073,0.055999999999999495,2.9393307739484085E-9,0.4414263902399513
-0.019399195138927582,-0.18884327739057413,-0.19013495487612395,0.05599999999999962,2.523911372989931E-9,0.41425228093044686
-0.016437173778543434,-0.19031707224387281,-0.1899874336553569,0.05599999999999929,3.4329054036725108E-9,0.46579503069291206
-0.01292973121520003,-0.19240533546600003,-0.188712301823,0.05599999999999848,5.0900276021065545E-9,0.5589019449466337
-0.014038416607212919,-0.19156420612580866,-0.189087334046027,0.05599999999999886,4.3878771062138435E-9,0.5293964087005298
-0.014883347644809463,-0.1906616046391093,-0.18870193980241806,0.05599999999999917,3.742995608919697E-9,0.49683493412932056
-0.013666309255841821,-0.19130356883767333,-0.1879847988232527,0.05599999999999875,4.593035039627946E-9,0.5330020469376578
-0.021544639165855393,-0.18692663934864695,-0.18855719984009972,0.05599999999999974,2.1035980370320487E-9,0.37681847324031414
-0.019565346462594686,-0.18786050470386922,-0.18881495071246857,0.05599999999999966,2.391149364893599E-9,0.3916425895252993
-0.01805969428449053,-0.18892089911999235,-0.18928265666210395,0.05599999999999954,2.785787596908184E-9,0.41891595713656926
-0.016204540867707347,-0.18938244140157187,-0.18820968866753895,0.055999999999999404,3.158538853470572E-9,0.4422837412462867
-0.014508907206106205,-0.19008973945701463,-0.18718266260390554,0.05599999999999922,3.6403611641849448E-9,0.48662888595607895
-0.019732731223227502,-0.18679076586743593,-0.18733852813078455,0.055999999999999696,2.2885959771841697E-9,0.37547686386586415
-0.017734278495106136,-0.18785122618248637,-0.187364925861789,0.05599999999999959,2.65778959785314E-9,0.39124432427437467
-0.015488133184520024,-0.1887439329543807,-0.18629479857204614,0.055999999999999404,3.1800628361736876E-9,0.4374219558794697
-0.018506447724090765,-0.18656782954538628,-0.18602023178460558,0.055999999999999626,2.4905493719658627E-9,0.3569608098968356
-0.01666089959977227,-0.18728607106988937,-0.18530953117470197,0.05599999999999954,2.8095974260857183E-9,0.3806743796318384
-0.01801461478575919,-0.23313036027971917,-0.19423250884329255,0.055999999999999904,1.2841203419530017E-9,0.19741203049593228
-0.01743203676364822,-0.23334181779097837,-0.19336129810403105,0.055999999999999904,1.2956363580772571E-9,0.18977469837289962
-0.016805228110900027,-0.23260711839899992,-0.194460771112,0.05599999999999988,1.3933922192648575E-9,0.199038318515025
-0.017856802284736524,-0.2324329301223781,-0.19541663433293593,0.05599999999999989,1.3563097194318862E-9,0.2166271324881282
-0.019048544970720116,-0.23317140787849813,-0.19473335735816177,0.05599999999999992,1.230993739611893E-9,0.2018515104539782
-0.019254095928473186,-0.23265981888153206,-0.19576847751387555,0.05599999999999992,1.251658817420863E-9,0.20913349509441542
-0.018704193622362874,-0.23189216822505443,-0.19667860322792702,0.05599999999999989,1.369687321280326E-9,0.22861838478892457
-0.01627203996922823,-0.23182826648495372,-0.1953456574896515,0.05599999999999987,1.5357699007896634E-9,0.2160086362575189
-0.01717033079770257,-0.2314583373462887,-0.1964317551221559,0.055999999999999876,1.5104891325730835E-9,0.23398127181664416
-0.01575398534571367,-0.23091413502035574,-0.19618202622269842,0.05599999999999983,1.6994203263133275E-9,0.2331958044128828
-0.016362558479065446,-0.23041954994319044,-0.19717414049600146,0.055999999999999835,1.6970655598983441E-9,0.24987106932698724
-0.01784746500022736,-0.23091989866106744,-0.19748526489647594,0.05599999999999986,1.5393997357866627E-9,0.24230842481888762
-0.019106867221692275,-0.2341532094758937,-0.19218963292309799,0.05599999999999992,1.16430016613953E-9,0.18975909511855563
-0.018634783813464846,-0.234318082144306,-0.19103283654495654,0.05599999999999993,1.1355156196151699E-9,0.18982802207926563
-0.01802967845123709,-0.2338877499586639,-0.1922410344066523,0.05599999999999992,1.2070515840320817E-9,0.18750537538525228
-0.019577147249282948,-0.23448503040349836,-0.19117244583257673,0.055999999999999925,1.1133279889631302E-9,0.18934227789117924
-0.018659405012629048,-0.2336251430371636,-0.19348955065431642,0.05599999999999992,1.220461546988468E-9,0.19361795421037095
-0.020415519204901453,-0.23441959690578043,-0.19206032060172246,0.05599999999999993,1.1045158532048376E-9,0.19231869739024174
-0.01977722426615534,-0.2338404225499347,-0.1935699855263865,0.05599999999999992,1.161447306579109E-9,0.1960438265850396
-0.01682182276997515,-0.22975517915666327,-0.198171895943896,0.05599999999999982,1.7753221746643757E-9,0.26125501400571316
-0.015277286149269253,-0.22991898474593359,-0.196953455038002,0.055999999999999814,1.8556051877662664E-9,0.2551278372173175
-0.015865816423477414,-0.22964217478494836,-0.19766695289269448,0.05599999999999979,1.8851306925254987E-9,0.26248987302694876
-0.014852402902800042,-0.22889782530099995,-0.19766131231099995,0.055999999999999765,2.04514673265409E-9,0.27132709065227717
-0.021340489641429608,-0.23414089620673487,-0.19341929344801154,0.05599999999999993,1.1040150918569015E-9,0.1942686152477411
-0.02061371166517843,-0.2332904430636264,-0.19519000731985917,0.055999999999999925,1.1648147970451581E-9,0.2054676785549178
-0.022381428512588418,-0.23365218677537755,-0.1949437291944867,0.05599999999999993,1.0931816235950261E-9,0.19450439638658934
-0.02021867909942841,-0.23235178328576453,-0.19666143123749122,0.05599999999999992,1.26129804513561E-9,0.21604906950443178
-0.021625641942392575,-0.23293276675696978,-0.19616829683686504,0.05599999999999992,1.1608585502334223E-9,0.20224294878823765
-0.018072705227114794,-0.22997852797299462,-0.1986388384317737,0.05599999999999985,1.6188278811522468E-9,0.2600361240584538
-0.017127588238055456,-0.2284098847032073,-0.1996326743900374,0.055999999999999814,1.8290474282668053E-9,0.29394390769432627
-0.023401306381726134,-0.23290030164890166,-0.19652890778208632,0.05599999999999993,1.1168589657805064E-9,0.19769378653685296
-0.01971509018305863,-0.2310353208740033,-0.1982123422867948,0.05599999999999988,1.4011432736223404E-9,0.24698617294413458
-0.021870445074836677,-0.23178375910903368,-0.19793271583824246,0.055999999999999925,1.2360931874791464E-9,0.2175687206149345
-0.01592079397076594,-0.22871187324548017,-0.19861206078501184,0.055999999999999765,1.9860642920422535E-9,0.29031489684918155
-0.021148981950852484,-0.23001418865703985,-0.19976717709655809,0.05599999999999989,1.362466953894762E-9,0.24243089653666142
-0.01921962511024722,-0.22941626456557826,-0.19971936094647266,0.05599999999999986,1.5428466052225879E-9,0.27046792316705764
-0.02006425838628966,-0.2287236511255215,-0.20066399201732027,0.05599999999999986,1.5339479548870065E-9,0.26810644668993244
-0.019068948975056784,-0.23472170834339465,-0.18814271253577064,0.05599999999999993,1.0660409012891881E-9,0.1790248657454426
-0.020100814106477627,-0.23495938313863754,-0.1874127525805646,0.05599999999999993,1.0559260164852562E-9,0.17659162316007437
-0.01887623830507807,-0.23468893107094999,-0.18676258911721172,0.05599999999999994,1.052986374149624E-9,0.17578519887119548
-0.019902548138176983,-0.23492583387089894,-0.18622647579862933,0.05599999999999994,1.0502628820447763E-9,0.17028080544326715
-0.02104999907586198,-0.23512578580324836,-0.18652103073079837,0.05599999999999994,1.0430955578064073E-9,0.1711395015923274
-0.02066634548287654,-0.23506058521611145,-0.1856034571102172,0.05599999999999994,1.0370190172507922E-9,0.16510443006255593
-0.02287757347749995,-0.23527917040166574,-0.18464143095884794,0.05599999999999994,1.0313169375243321E-9,0.15843788692090816
-0.021944762812633793,-0.23518444378276976,-0.18411687285062356,0.05599999999999994,1.0274062149850395E-9,0.15676737156014178
-0.021950612180192088,-0.23522801525547438,-0.18552609439579548,0.05599999999999994,1.0350969607004437E-9,0.16551476103023943
-0.020942412321632627,-0.23507024204917543,-0.18461536571510057,0.05599999999999994,1.02819465651771E-9,0.1605564130878844
-0.021024317900781277,-0.23500017218141017,-0.18347520177118964,0.055999999999999946,1.0181750787773306E-9,0.15489995847985297
-0.019706170007155525,-0.23483469129129447,-0.18494390403426297,0.05599999999999994,1.0384566507121646E-9,0.1652435969058
-0.018720372198969455,-0.2346084154088306,-0.1854810520354201,0.05599999999999994,1.0413684533831375E-9,0.16995078837487543
-0.018607770671200015,-0.23448614426799996,-0.18417215582299998,0.05599999999999994,1.0446872101177113E-9,0.16580840829895488
-0.019900876723210136,-0.23480862774338737,-0.18394337315131906,0.05599999999999994,1.0266988900209196E-9,0.1600970812269997
-0.019398488451769898,-0.23460933975371537,-0.18327558078320866,0.05599999999999994,1.0349430865042974E-9,0.16210011312192693
-0.020199577243166046,-0.23477710769083468,-0.18305101381076605,0.05599999999999994,1.0346378640299092E-9,0.15843888881345572
-0.021080291978818468,-0.23487086989597006,-0.18242428559534724,0.05599999999999994,1.0356036284938253E-9,0.15742994411916814
-0.021181016561744048,-0.23468336639794476,-0.18118257011736857,0.05599999999999993,1.070696352454278E-9,0.16014726980005037
-0.01978776556219798,-0.23455371652136406,-0.1821450818108536,0.05599999999999994,1.0507845173390618E-9,0.16148475940865398
-0.018562791090797733,-0.23433636754278692,-0.1828736106795045,0.05599999999999993,1.054823704335005E-9,0.1620467459681882
-0.020676988409582077,-0.23441900579094793,-0.18028351000588114,0.055999999999999925,1.0898524438980357E-9,0.15821342150519677
-0.021453729013290807,-0.23450443350488134,-0.18001375367433672,0.055999999999999925,1.0919383604583743E-9,0.15771379686655265
-0.018578541226606477,-0.23417160175136456,-0.18163212167476372,0.05599999999999993,1.0635422570270508E-9,0.15858774181860388
-0.01975209353767095,-0.2343663486983214,-0.18103980321458196,0.05599999999999993,1.081622045188325E-9,0.1589399928584273
-0.016665652189962077,-0.22718656364143125,-0.20042082078071793,0.055999999999999765,2.029963275655204E-9,0.33711581780411026
-0.01585072115269965,-0.22776048751882866,-0.19942517252197717,0.05599999999999976,2.0390129244562512E-9,0.31725255321670065
-0.015273013108218674,-0.2268882447760278,-0.19978592920575808,0.05599999999999972,2.1936105655551227E-9,0.33756853106059465
-0.014365001182090255,-0.2275721424447888,-0.19851369881722836,0.05599999999999971,2.220149544488463E-9,0.3106587955646053
-0.01386782563623413,-0.22608662568163237,-0.19942515990880347,0.055999999999999696,2.30921351567365E-9,0.3568294051330982
-0.013360881720083765,-0.22448123654719004,-0.2003910000667976,0.055999999999999626,2.5257011875418655E-9,0.3967946456429671
-0.008689903100760009,-0.19867062936100002,-0.2005595612,0.05599999999999694,7.187322043413668E-9,0.5612125396397203
-0.009216326256501876,-0.1982853756560099,-0.19953224622625626,0.055999999999996934,7.212707110916392E-9,0.5713539209384256
-0.009785731565560925,-0.19790133552114797,-0.20016654541902534,0.055999999999997,7.133706631085746E-9,0.581842912209178
-0.010103910236469947,-0.1976267749809352,-0.19933924473365983,0.05599999999999683,7.3324938490888905E-9,0.5933533302381476
-0.009710264974840413,-0.19787996972419827,-0.19851693181823202,0.055999999999996386,7.821453043483414E-9,0.5625393676783467
-0.010986039916743462,-0.1971131044761917,-0.2002113075395155,0.055999999999997156,6.940672973693164E-9,0.6123443934479272
-0.010172351760926714,-0.19745082036878786,-0.1975093931229851,0.055999999999996254,7.970858463490481E-9,0.572476785135266
-0.010798391114691025,-0.19705740659153664,-0.1985974478836116,0.05599999999999666,7.521871866626444E-9,0.6105665937937398
-0.012823648775478959,-0.1961994395707609,-0.20049585788671767,0.05599999999999755,6.437839280279456E-9,0.6768965825835113
-0.011813505309735474,-0.19625437009307253,-0.19794763379279923,0.05599999999999689,7.239870825042852E-9,0.591764965629838
-0.012065583985449359,-0.19629332277383169,-0.19904190851149492,0.05599999999999721,6.874731947163053E-9,0.6166312989077225
-0.010983635231370166,-0.19677710390037878,-0.19740665298134535,0.0559999999999965,7.707328892351587E-9,0.5949967224268005
-0.010571927038804357,-0.19702952396775,-0.1965806384810878,0.055999999999996164,8.049819766060094E-9,0.5823281990374207
-0.015319765206297542,-0.19528703233801806,-0.19991435204082722,0.05599999999999827,5.402058135239962E-9,0.6594709017878579
-0.011569188468731445,-0.19619567927215328,-0.19661021390248334,0.0559999999999967,7.480268417233715E-9,0.6008870301310525
-0.012602227155262831,-0.19557129235681775,-0.19709738267084426,0.05599999999999725,6.81135232642108E-9,0.6350962447750603
-0.012797212692810155,-0.19571392022299056,-0.19819544454064744,0.05599999999999734,6.71282058556483E-9,0.6413707005937624
-0.014172266276752202,-0.19552663798808645,-0.19971614646330504,0.05599999999999792,5.928041670548423E-9,0.6576777219671955
-0.01313635810753578,-0.19574484762032993,-0.19904340647618773,0.055999999999997566,6.418923985120401E-9,0.6619744488275838
-0.013939510601451172,-0.19522212869849273,-0.19833804101918265,0.05599999999999786,6.020499084016779E-9,0.656965590634789
-0.013359718536836589,-0.19524627208763,-0.19748762414309481,0.05599999999999765,6.308308892877638E-9,0.6284818332035412
-0.010910379016830105,-0.19662607951049876,-0.19574097974255986,0.05599999999999611,8.115777179713475E-9,0.5851320813891316
-0.011575466921939165,-0.19599156633324397,-0.19552131038891518,0.05599999999999653,7.665980455927242E-9,0.5953206133890129
-0.011196431366100008,-0.19624313971500001,-0.19498390149699998,0.05599999999999611,8.121703310584106E-9,0.5891903879418674
-0.011898247586671932,-0.19557055480763041,-0.19484871344646104,0.05599999999999663,7.544557818176105E-9,0.608304365096785
-0.015105200476819266,-0.19490831735853817,-0.19859879264783192,0.05599999999999827,5.399404365740048E-9,0.6620221021445637
-0.016910892818883173,-0.19473696164366242,-0.19920867451277455,0.05599999999999868,4.713462847802944E-9,0.6722040398601347
-0.018043793443401367,-0.19507893094424292,-0.2003092202517467,0.05599999999999873,4.63839637044835E-9,0.6685289712583617
-0.012547594753754,-0.19531367394915217,-0.1958900886000131,0.05599999999999717,6.9184228849019085E-9,0.6133886004238612
-0.013306341065962514,-0.19504592745052754,-0.1966567475899936,0.055999999999997684,6.2688481844440176E-9,0.6318894913836295
-0.014437411515505929,-0.19464877035138967,-0.19712153736470434,0.05599999999999816,5.5822084010852455E-9,0.6457796334667422
-0.01147689522700951,-0.1958210823069087,-0.1941892341771006,0.055999999999996164,8.0545403595949E-9,0.5952210224255523
-0.012844610047140298,-0.19480850471938338,-0.1948067317408252,0.055999999999997226,6.8505982428065336E-9,0.6151831168968609
-0.012192141744075352,-0.1951098318803965,-0.194029050487042,0.05599999999999663,7.550522256727786E-9,0.6035745381870058
-0.012790250343260475,-0.19456840441585724,-0.19387742688602833,0.05599999999999716,6.935808175574207E-9,0.5886883807930928
-0.01173058604934565,-0.19539067684473688,-0.19341607344908318,0.05599999999999628,7.925998750552752E-9,0.5875649104680202
-0.01612812088467784,-0.19423035906220787,-0.19753431389875284,0.05599999999999868,4.725917289808341E-9,0.6389181403821691
-0.015344244871065603,-0.19389195807903092,-0.19602940090446835,0.055999999999998516,5.004597645879731E-9,0.6249890632160404
-0.013776730803550654,-0.1944846583884403,-0.19565526403734312,0.0559999999999979,5.962954559014801E-9,0.624050852737766
-0.01362854045485421,-0.19409699812186237,-0.19424182629519596,0.05599999999999772,6.226119732560239E-9,0.6137634274756479
-0.014793391175380883,-0.19360113971031118,-0.19467418436839323,0.055999999999998266,5.4278802563001175E-9,0.5957059288755211
-0.013166926747107163,-0.19409041666716037,-0.19330647114644636,0.0559999999999975,6.492010044008115E-9,0.5887650569000125
-0.012420857860234762,-0.19467436738414445,-0.19321961672024918,0.055999999999996906,7.239008293094666E-9,0.5884964299525605
-0.011972876915526197,-0.19492799918553247,-0.19262030695080215,0.05599999999999672,7.457894074728328E-9,0.5913558064829499
-0.012667355516130546,-0.19420949524710168,-0.19246711351623574,0.05599999999999732,6.742859586573802E-9,0.5858625571772323
-0.013315613301176196,-0.19368099986992116,-0.1924925577735279,0.05599999999999776,6.1640432708661665E-9,0.5841109594439416
-0.014182169532218049,-0.19336081759764245,-0.19321260779425575,0.055999999999998065,5.71444256363382E-9,0.5991051849276
-0.01384230161279002,-0.19310103111343435,-0.19202235231023188,0.055999999999998114,5.638174558168745E-9,0.5832663782048338
-0.012212460159732508,-0.19441274679625153,-0.19176962490972135,0.05599999999999724,6.839601776156585E-9,0.5906230314309434
-0.012996611707947801,-0.19363972747716074,-0.19169989948370603,0.05599999999999771,6.237461457105254E-9,0.5782988988551542
-0.013304800641721909,-0.19309787877922638,-0.19101355568708567,0.05599999999999814,5.61703190476974E-9,0.579566661254893
-0.012453682497296743,-0.19382832193399976,-0.19084109628736945,0.05599999999999774,6.186080504296615E-9,0.5745514700982178
-0.012694673285253017,-0.19316366806646654,-0.18982491336923754,0.055999999999998294,5.3731437795175455E-9,0.5701793168311096
-0.01716415107862601,-0.23415276905090704,-0.1884732495372925,0.05599999999999993,1.0920938657823599E-9,0.18709808081826892
-0.016412852697515315,-0.23383624361337432,-0.18942033024846439,0.05599999999999993,1.122560677748106E-9,0.1870237725737136
-0.01776014912978405,-0.23428166031660907,-0.18960069028717874,0.05599999999999993,1.1133713073056216E-9,0.18648022352971627
-0.0181633792735284,-0.23446353041810022,-0.18861957714513805,0.055999999999999925,1.0870519183361239E-9,0.18476955584921234
-0.01798834370777737,-0.23443860972683928,-0.18754070108705015,0.05599999999999993,1.0693979084928594E-9,0.18137555802905655
-0.012924975760917086,-0.23204706749813564,-0.18878263486365304,0.05599999999999992,1.2408230683957426E-9,0.1874451479981393
-0.012527930122233908,-0.23183335786772225,-0.18746822186350853,0.05599999999999992,1.2048688038789388E-9,0.18159890544340376
-0.011833913141553286,-0.2312406884440385,-0.18859355603146644,0.055999999999999904,1.2957598870017395E-9,0.1861158403921738
-0.01400660898090004,-0.23271789104699994,-0.188986911639,0.055999999999999925,1.1920474109688623E-9,0.19036760870428537
-0.013675129118857725,-0.2325689139723893,-0.18766596133182084,0.05599999999999992,1.1692342963772335E-9,0.1854283887682986
-0.01597709845029101,-0.23370998624322928,-0.18815193992983767,0.05599999999999993,1.1054534570223238E-9,0.18683360835569815
-0.015201861933510114,-0.23333279696992232,-0.18921078104820338,0.05599999999999992,1.14152442129957E-9,0.1894435925596231
-0.0113779890017727,-0.23094815547479183,-0.18743091131771228,0.055999999999999904,1.2735656821829583E-9,0.18219583349050913
-0.010778642034960513,-0.23030149351074305,-0.1885042142897005,0.05599999999999989,1.381768145450606E-9,0.1877978308704001
-0.0103676512710153,-0.23001497266441928,-0.18762840508840067,0.05599999999999989,1.3811611172594016E-9,0.18053999895416287
-0.010934630596047818,-0.2306140304711743,-0.18652416202041353,0.055999999999999904,1.2934041653768004E-9,0.17706076222573844
-0.010089411379181306,-0.2298302013801181,-0.18656690928632683,0.0559999999999999,1.3765116509834798E-9,0.17789684445065995
-0.012053312176032374,-0.23151685791295254,-0.18628913523717683,0.05599999999999992,1.1901009668821849E-9,0.1760674648690558
-0.013322868865747487,-0.23236545360729244,-0.18627929972186197,0.05599999999999993,1.1382654201548562E-9,0.17683956288737113
-0.01685324800499611,-0.2340573336404903,-0.18718311813988897,0.05599999999999993,1.078592526853463E-9,0.18028736300450585
-0.015660299420121208,-0.23357635458062315,-0.18677729505698332,0.05599999999999993,1.0912536631224394E-9,0.1798882281993169
-0.01447139049795263,-0.2330099510345159,-0.1864850396037791,0.05599999999999993,1.1153814587150364E-9,0.1800842354534009
-0.017762913381070347,-0.23435245828729873,-0.18625783550020863,0.05599999999999993,1.0549842733370997E-9,0.1763722223955114
-0.016575543950294785,-0.2339208922712558,-0.18579582336425132,0.05599999999999993,1.0622064922341866E-9,0.17425074264496768
-0.01757653237215056,-0.23422772329460145,-0.18491238994161383,0.05599999999999994,1.05091697111455E-9,0.17037913786019768
-0.014832113763811435,-0.23319303213249673,-0.18789037163233152,0.05599999999999993,1.1316047072167378E-9,0.1896638310405053
-0.00932221617643859,-0.2289600670053104,-0.18729107706598597,0.055999999999999876,1.5123828021700905E-9,0.18089007837608576
-0.009869546985221475,-0.2293527456457432,-0.18848871440965376,0.05599999999999987,1.544116289023061E-9,0.18670502842319378
-0.00909148852199005,-0.22842129956999993,-0.188477958975,0.055999999999999835,1.6596844911426046E-9,0.18664820406584087
-0.009512477165236479,-0.2292859870402849,-0.18608174234724378,0.055999999999999876,1.4427809809755287E-9,0.1748180533143772
-0.010245354019397756,-0.2300233063905242,-0.18555218724671682,0.05599999999999989,1.3245848030602486E-9,0.17407901327826025
-0.011430303745301334,-0.23104680352147203,-0.1851763266859916,0.05599999999999992,1.2272253673418751E-9,0.16841147708848067
-0.012732980528924234,-0.23196365260387264,-0.1847306776766422,0.05599999999999993,1.1345147207356043E-9,0.1672831990218723
-0.014103755991349049,-0.23277843219852853,-0.18504081118496354,0.05599999999999993,1.1018581270956331E-9,0.169324796673341
-0.015394133440761171,-0.2334185514851027,-0.18537354876480466,0.05599999999999993,1.0782570836613992E-9,0.17119129729096919
-0.01641807726617029,-0.23378129067879377,-0.18436621487229138,0.05599999999999993,1.066500524249149E-9,0.1681580386011082
-0.017527198931503642,-0.23409224771627266,-0.18347088726628563,0.05599999999999993,1.060033110613895E-9,0.16425727411618155
-0.015210040666044953,-0.2332543118951591,-0.1839330145441666,0.05599999999999993,1.0792558182541452E-9,0.16567903454478614
-0.00967497830965114,-0.22948066017116067,-0.18487756989540932,0.05599999999999988,1.3940445809118527E-9,0.173403626111812
-0.010539557857195235,-0.23029429423503917,-0.18428395383026036,0.055999999999999904,1.2729238470581069E-9,0.16642602723629799
-0.009828026588086639,-0.22961347480622366,-0.18365684445710134,0.05599999999999989,1.3514392004355069E-9,0.16909105394697202
-0.011619760291799983,-0.2311615239072187,-0.18392848588013194,0.05599999999999992,1.170372551505212E-9,0.16153158174238436
-0.012547195161331605,-0.23177680854320531,-0.18336758000856468,0.055999999999999925,1.118280155461058E-9,0.15941630929002384
-0.011820928800486507,-0.23122809814588446,-0.18257165626703423,0.05599999999999992,1.1428744336226556E-9,0.15763811333474148
-0.01375578387162125,-0.23250388416902293,-0.18346096670824072,0.05599999999999993,1.0914358340624597E-9,0.161439544581061
-0.016270955626758694,-0.23358571318276436,-0.18277872053253133,0.05599999999999993,1.0701943754159237E-9,0.159571297800722
-0.01751263533568625,-0.23392531647152856,-0.18206402153440876,0.05599999999999993,1.0647949170916524E-9,0.15818564230210777
-0.017701016370272667,-0.23378108391770897,-0.1806831198857858,0.05599999999999993,1.0725981939067856E-9,0.15419260259725495
-0.015099572601754556,-0.2330639157013279,-0.1823289165177998,0.05599999999999993,1.0691020469529797E-9,0.1591400201592482
-0.012938350576470088,-0.23192964294834403,-0.18217872173487165,0.05599999999999993,1.0991257158884678E-9,0.1547397038625372
-0.010740223547038786,-0.23042527290526787,-0.18309638891343788,0.05599999999999992,1.224359203525036E-9,0.15984552580450498
-0.009982251486107152,-0.2297011428331314,-0.18237357218780118,0.055999999999999904,1.310183250592386E-9,0.1624677860358593
-0.011038714732648312,-0.23057769968156835,-0.18180619393435254,0.05599999999999992,1.19882396621448E-9,0.154986078475521
-0.016923654827672,-0.23340612566905397,-0.17984876045001455,0.055999999999999925,1.0761737722753613E-9,0.14882454426029962
-0.012139951845268273,-0.23132788451569236,-0.18125740681325697,0.05599999999999993,1.126576844147849E-9,0.1528483217892033
-0.013932492393202135,-0.23245355091553682,-0.1818297884616116,0.055999999999999925,1.0800607849383672E-9,0.15082866317693308
-0.01631535523839839,-0.2333714605727405,-0.18092969012300092,0.05599999999999993,1.0678707294155548E-9,0.15280356311131404
-0.016035455076802936,-0.2330721196411174,-0.17966234909038678,0.055999999999999925,1.0678242255401058E-9,0.14716672595601007
-0.014887281534616383,-0.23274528003730557,-0.18050943037933978,0.05599999999999993,1.0691236680741572E-9,0.14903644208499028
-0.013345202853142628,-0.2320111758006784,-0.18075739419885664,0.05599999999999993,1.0854608665078155E-9,0.14910136663770016
-0.010143780691976741,-0.2297429564857573,-0.18103761235215646,0.055999999999999904,1.287733537972732E-9,0.15675386554589932
-0.012587316215937954,-0.23143618753193948,-0.17981354671439664,0.05599999999999993,1.1260313155744646E-9,0.1484951865403376
-0.011353460199782024,-0.2306675464977931,-0.18038615128875668,0.05599999999999992,1.1815196169541837E-9,0.1509210620128274
-0.010326801676814167,-0.22973502573730717,-0.17965247619851993,0.05599999999999992,1.262853074798327E-9,0.1523277087676839
-0.015148561801720329,-0.2325727638720981,-0.17876333636117997,0.05599999999999993,1.0893130835541166E-9,0.14351088024419068
-0.013903836263249985,-0.23209046047690696,-0.179253416109321,0.05599999999999993,1.0914859170582502E-9,0.14267872233130488
-0.012945708876472528,-0.23145455315815713,-0.17856586196288032,0.055999999999999925,1.1286613656245523E-9,0.14316927325266654
-0.011665935070297987,-0.23064569937959373,-0.17867159954397144,0.055999999999999925,1.176388143129036E-9,0.14631744012416123
-0.010547453023949582,-0.2296868685578897,-0.1781764026358415,0.05599999999999992,1.2505432940896458E-9,0.1468559050274009
-0.014800345991621373,-0.23308682030504213,-0.19002755629829549,0.05599999999999992,1.2007917408527569E-9,0.18369885171622324
-0.014030410499072547,-0.23264298371322406,-0.19034470221756838,0.05599999999999992,1.2377338339191105E-9,0.18193812156839337
-0.014911432961970767,-0.23304453671476974,-0.19099365259479356,0.05599999999999992,1.2502921742874216E-9,0.17734564366916938
-0.014069982078739697,-0.23249476270937192,-0.19154479309255537,0.055999999999999904,1.309575376104009E-9,0.17080165733324207
-0.015254951221835181,-0.2329589047818441,-0.19219533219668983,0.0559999999999999,1.3206368012633477E-9,0.17474448186762828
-0.015745212781531133,-0.23350781231048812,-0.19021663024982224,0.05599999999999992,1.1739747043436543E-9,0.18503894114171568
-0.016267719004265116,-0.23303949171481356,-0.19317152661469986,0.05599999999999989,1.3478807709926666E-9,0.17880051183154735
-0.015867331249413565,-0.2325893245871922,-0.19382929866653084,0.055999999999999876,1.4255571874279072E-9,0.18022731268777925
-0.01675418321143076,-0.23351972412324204,-0.19224081944607838,0.05599999999999992,1.265306235186148E-9,0.17944953556616958
-0.016196948378905653,-0.23355999935445756,-0.19120605699658058,0.05599999999999992,1.2301639176583459E-9,0.1813922893853556
-0.014963377678690847,-0.2324529498825317,-0.1932539471313839,0.05599999999999988,1.4038204851974985E-9,0.16672532697263573
-0.014141231475400041,-0.23218295404799993,-0.192728330756,0.05599999999999988,1.4124258227665033E-9,0.1696620336130437
-0.01749781961599022,-0.2339484187959425,-0.19140494932343086,0.05599999999999992,1.2007012417038828E-9,0.18669154714748867
-0.01693992266694263,-0.23393764197539138,-0.19040883623719806,0.05599999999999992,1.1598630405912185E-9,0.18500463490893818
-0.018005630051612008,-0.23425696778860242,-0.19044423684706832,0.05599999999999992,1.1446641787844979E-9,0.1880066315061824
-0.012733305867137673,-0.1919566962785637,-0.1874312820119559,0.0559999999999986,4.891342706958395E-9,0.5500533852479514
-0.01346557892985688,-0.1907055269200861,-0.18657186379920854,0.055999999999999,4.103660644998707E-9,0.5156317254601513
-0.01248210038226797,-0.1914713645108392,-0.18605549630279644,0.05599999999999883,4.4419445674191365E-9,0.5511101379594268
-0.013038897899448286,-0.19042992620333377,-0.18533955909338126,0.05599999999999901,4.099269309930709E-9,0.510550287443776
-0.012161705318285285,-0.19092553026332792,-0.1845305123255798,0.05599999999999888,4.3628760136701275E-9,0.56091238280816
-0.014031591597956257,-0.18956129307970312,-0.1855445877744024,0.05599999999999918,3.7150153112825223E-9,0.46797233655114007
-0.0131196233631323,-0.1895450258709728,-0.18399598239614232,0.055999999999999064,3.9613428217983374E-9,0.5098477708593021
-0.014854797152466796,-0.18819434922994208,-0.18445763104521726,0.05599999999999933,3.377855956582646E-9,0.4458441301850679
-0.01175405538138722,-0.190324879510032,-0.18289691045454573,0.05599999999999882,4.4810444575331204E-9,0.5858192008605855
-0.012602742866480436,-0.18890611946611482,-0.1821191070526984,0.055999999999998884,4.340636714491304E-9,0.5610380868068306
-0.014103679986901207,-0.18795371925460838,-0.18286205916324796,0.055999999999999155,3.7919464756726815E-9,0.4875026873776766
-0.015795418001075208,-0.1866569883647789,-0.18297195658746193,0.05599999999999939,3.184439757534865E-9,0.43152540683056584
-0.011271526527079197,-0.18971984200689967,-0.18131240128625528,0.05599999999999856,4.928908066546346E-9,0.6322590920234145
-0.010766595409325399,-0.189174102294318,-0.17993105144630742,0.05599999999999825,5.4513302650271525E-9,0.6728894932524488
-0.011948651994311917,-0.18848298094671978,-0.1805402376127109,0.0559999999999986,4.881498254098559E-9,0.6217384777693192
-0.01449550476711316,-0.18693650406719198,-0.18157975627767695,0.05599999999999918,3.733397204509743E-9,0.47888919919674144
-0.013317974133683614,-0.18770079594392391,-0.18122070954581862,0.05599999999999893,4.264582725797872E-9,0.5493961943202029
-0.01567068809320439,-0.18580291443818875,-0.18098851752233447,0.05599999999999929,3.459778473783475E-9,0.4563151240149175
-0.012653570683621778,-0.18731513761217974,-0.17968650172050646,0.05599999999999868,4.725459636055988E-9,0.589497408281371
-0.011351884977377961,-0.18804741075459494,-0.1791840608444287,0.055999999999998266,5.423332667809621E-9,0.6363304843469008
-0.010254651173498558,-0.18868739262121353,-0.17872816776292458,0.05599999999999771,6.232120716614993E-9,0.7056992501642939
-0.01064571948117896,-0.18777921073045176,-0.1780506456836391,0.05599999999999781,6.094955112133224E-9,0.6944867428465429
-0.011890410562259294,-0.18704237056522952,-0.17837973169828034,0.05599999999999835,5.288460298903171E-9,0.6506703441479031
-0.014072071395952528,-0.18651116224643058,-0.18016369731165244,0.055999999999999,4.104611327164342E-9,0.5411853413980895
-0.014967691015558707,-0.1853627800228509,-0.1790967250393185,0.05599999999999913,3.843260246181571E-9,0.538693986892548
-0.013174492972478778,-0.18617763098027876,-0.17845251561368977,0.05599999999999878,4.547765703976951E-9,0.615210862445951
-0.009729574600735633,-0.1882396997268952,-0.17763981810016263,0.05599999999999696,7.165321370991072E-9,0.741705289763018
-0.014635957426531307,-0.23190205994528523,-0.19389868850586706,0.05599999999999985,1.5763774522632498E-9,0.18422138433021276
-0.015155321384961139,-0.23166970102541534,-0.19473298115709248,0.05599999999999985,1.5861446630758485E-9,0.1980628650682361
-0.014989858705974864,-0.2309289095514423,-0.19557759597978977,0.05599999999999982,1.772017828640165E-9,0.21815735958016103
-0.013323126856094247,-0.23128652663121751,-0.1932667968539913,0.05599999999999985,1.6003024242938368E-9,0.17876245156457582
-0.01386851112145454,-0.2307649963389021,-0.19472061659587855,0.05599999999999982,1.7733857380783108E-9,0.20846395442376991
-0.014336798645258773,-0.23033178256060827,-0.19571979561991684,0.05599999999999979,1.8874189995810837E-9,0.2253932164510882
-0.013571066631209805,-0.2297266507292,-0.19565409391873206,0.055999999999999765,1.9940453148996225E-9,0.23247441259566712
-0.014287235620108574,-0.22958931191821186,-0.19649517858732918,0.05599999999999976,2.0228699428263076E-9,0.24646406626581213
-0.01261594723651053,-0.2302077852770482,-0.19385049095607654,0.05599999999999982,1.7799300983975126E-9,0.21447298674632878
-0.012994658298181817,-0.22975703732540287,-0.1949563088825246,0.055999999999999786,1.9408473759498994E-9,0.2281766790277319
-0.01285647223935914,-0.22903517043496807,-0.19563030521781002,0.05599999999999974,2.1028425371882686E-9,0.24492135465191664
-0.012000634785400054,-0.22900827958699996,-0.19452020089399996,0.055999999999999765,1.987402419564044E-9,0.24076642024912012
-0.01377371455916103,-0.2290070289409039,-0.19663052329170694,0.05599999999999975,2.0643273516304404E-9,0.25434477354141466
-0.013736015071975857,-0.22816645516920356,-0.19742943881156744,0.05599999999999973,2.1821378505295513E-9,0.2746956639224182
-0.010424652536241853,-0.2281260595615033,-0.1929433703564525,0.05599999999999977,1.95972132106486E-9,0.2249704853429785
-0.011251686914791833,-0.22893555287476974,-0.193367369364616,0.05599999999999978,1.9128700486978492E-9,0.22874203896721348
-0.010555608870894297,-0.22882448113495857,-0.1920817874080107,0.05599999999999982,1.7886323675196312E-9,0.2172575872381929
-0.010818474454102908,-0.22772522483176133,-0.19426033739300705,0.05599999999999973,2.089005034656303E-9,0.24947514780606414
-0.01276288477053188,-0.2279922503120822,-0.19663703630486984,0.05599999999999971,2.2412364563299907E-9,0.26834996749742906
-0.011904372708393566,-0.22803790103200372,-0.19554632077560957,0.05599999999999972,2.198882274348511E-9,0.2612469578766599
-0.012901095599592842,-0.22688281159472737,-0.1978647486299191,0.0559999999999997,2.310435633736862E-9,0.31021619679812573
-0.01180676021765942,-0.22692654956158775,-0.1966293433317375,0.05599999999999971,2.2562528420376777E-9,0.2893626559568703
-0.012303480418390118,-0.2251541487430309,-0.19888837151145006,0.055999999999999654,2.39575999594521E-9,0.35038522769669905
-0.009975989830179454,-0.22870770512348904,-0.1908014752261015,0.05599999999999982,1.761550819363061E-9,0.2071607630017376
-0.009839344756924223,-0.22787533453753783,-0.19201748782229447,0.05599999999999978,1.9015462331180547E-9,0.22145978443198933
-0.009500646875875292,-0.22857799840127857,-0.189606562837885,0.05599999999999983,1.7016930010435645E-9,0.19606393637289346
-0.009269203679414556,-0.2277964868670704,-0.1906564047065026,0.05599999999999981,1.8652595892473147E-9,0.20573788434833862
-0.00883570276643581,-0.22768203905442846,-0.18954303124275687,0.05599999999999981,1.8388806714412086E-9,0.19632676032479815
-0.011923053330827865,-0.2236656511555355,-0.1998817853955332,0.055999999999999585,2.683091961853728E-9,0.3926913423092717
-0.009856132455884683,-0.227157980410746,-0.19318576874608648,0.05599999999999976,2.0643314858248707E-9,0.2359470472210563
-0.010942860545231591,-0.22689381525871816,-0.19548717297549553,0.05599999999999971,2.2170856881519568E-9,0.2738703198823121
-0.010088112749112343,-0.22649584001951342,-0.19455567724017403,0.055999999999999724,2.169351941504387E-9,0.2623443437308734
-0.011478772338029587,-0.22569869953355526,-0.19749328798180174,0.05599999999999967,2.3622860957181663E-9,0.3105876915720109
-0.010917080370484895,-0.22609735065501385,-0.19635240938084153,0.055999999999999696,2.261263874685699E-9,0.28947150213921347
-0.010219917378062202,-0.22581201321081637,-0.1956280989477012,0.055999999999999696,2.273419954820738E-9,0.2886058777903695
-0.010331961968588713,-0.22500828237323875,-0.19672211345041687,0.05599999999999968,2.3195086604440254E-9,0.30487277214231373
-0.010626413435012123,-0.22403750149602722,-0.19815048244851732,0.05599999999999961,2.5397235152740293E-9,0.34266638349084355
-0.009108775301575516,-0.22688556202798946,-0.1918506675299495,0.055999999999999765,1.9966963709412444E-9,0.2250931232340672
-0.008573456109600126,-0.22680845311898565,-0.1904883489100951,0.055999999999999765,2.0093401858270527E-9,0.20937784592809416
-0.010289179463803992,-0.22245123319294666,-0.19935972836896565,0.05599999999999949,2.956650657148036E-9,0.3920898178355279
-0.010146263374025776,-0.22120721131377952,-0.2004569072364525,0.05599999999999918,3.712064818454E-9,0.4536701434301778
-0.009230653717341058,-0.22015309822504506,-0.20050303433650224,0.055999999999998794,4.517809475150857E-9,0.47820563571201474
-0.008881712762651062,-0.22602507700722121,-0.19264425861877146,0.05599999999999974,2.0976608130758137E-9,0.23543971265419117
-0.008306636604000658,-0.2258217918342158,-0.19140616999218063,0.055999999999999724,2.1194427659664986E-9,0.22144628811460507
-0.009352169990168363,-0.22597218470676939,-0.1938087454948055,0.05599999999999973,2.121420888905419E-9,0.24844379573318248
-0.009378280456290541,-0.2253702341826084,-0.19467585552367053,0.05599999999999971,2.236995490983105E-9,0.26826693724378203
-0.008645599688732797,-0.22495416185972142,-0.19365793149685728,0.05599999999999971,2.2419215131013395E-9,0.25235319675513246
-0.008041390406338231,-0.2247565748936582,-0.19234907208090304,0.05599999999999971,2.2235410277672797E-9,0.239632069916351
-0.009634328780985656,-0.22488459147290718,-0.1957591107838726,0.055999999999999696,2.295875733506577E-9,0.2915970154862342
-0.009361197557773752,-0.22377305235364967,-0.19662080357064343,0.05599999999999964,2.473599634735722E-9,0.3098554263019679
-0.009251737880037553,-0.22252030939226078,-0.19789511554770953,0.05599999999999952,2.8354281593287517E-9,0.34921052990574325
-0.008910888045598288,-0.2209065253775293,-0.199217611546429,0.055999999999999266,3.542838387935842E-9,0.4156510611772089
-0.008348327925709803,-0.21956134220062481,-0.1999392419198868,0.05599999999999863,4.8053830030292085E-9,0.46093579006249313
-0.008632851681255535,-0.22394631159199183,-0.19501798401037876,0.05599999999999966,2.3893153143296794E-9,0.28211799214134264
-0.007772285966288849,-0.22359001492471572,-0.19336183971374357,0.055999999999999654,2.423201420168755E-9,0.2641719321878773
-0.008269602987561523,-0.22244664228312408,-0.19619963858177844,0.055999999999999585,2.6423398828209503E-9,0.3131602196582218
-0.007993238087687256,-0.22102235142082038,-0.1974554586386756,0.05599999999999943,3.1085404773372433E-9,0.3548822844715267
-0.00769188750562004,-0.21974379646255823,-0.19849299880167798,0.05599999999999905,4.0089958993570284E-9,0.406979140206764
-0.006945463790186058,-0.21732705458155918,-0.20026356171995757,0.055999999999997316,6.743508856886194E-9,0.5208786116961807
-0.0073629703245521125,-0.21840501712322333,-0.19961775807705426,0.05599999999999827,5.417769376051644E-9,0.4732700111734806
-0.006524216505660686,-0.21723661887957266,-0.19919145544705685,0.05599999999999799,5.835065393716309E-9,0.4806620213840119
-0.006382059483200043,-0.21639736555599998,-0.200253890315,0.055999999999997024,7.104255860562501E-9,0.5481585163868831
-0.0074876634489168805,-0.22227475300855457,-0.19448207216004892,0.055999999999999585,2.648404396077678E-9,0.2936036134786706
-0.007194707838251272,-0.22084927119904457,-0.195692866831095,0.0559999999999995,2.9132665922787797E-9,0.31964902179287663
-0.006926932350933073,-0.21946871975632623,-0.1969224416049856,0.05599999999999928,3.4844508982056585E-9,0.3565067743167916
-0.006703423542326789,-0.21825469840094405,-0.19809245224988967,0.055999999999998835,4.4243949833791975E-9,0.4163086797565109
-0.013284428092964037,-0.23174046040258162,-0.19214306634675163,0.05599999999999988,1.4045578494692847E-9,0.18096357475128733
-0.013076487055850286,-0.23191938689760921,-0.19081829854523205,0.05599999999999989,1.3308501647321215E-9,0.18580170526679035
-0.013248183191626637,-0.23219137214850913,-0.18971751393253533,0.05599999999999992,1.2608579627432888E-9,0.18746335546361403
-0.012356034109101077,-0.2315227599093675,-0.1897257515492245,0.05599999999999989,1.3230931273383287E-9,0.1903528107732767
-0.012540354620285105,-0.2312693844603806,-0.1915787994057013,0.05599999999999987,1.4171890334449487E-9,0.19103621427149153
-0.01254566360566177,-0.230913306135616,-0.19250495022326586,0.05599999999999986,1.563363743963029E-9,0.19403070841518164
-0.011465529688035062,-0.2307511135142765,-0.18965732263475993,0.05599999999999988,1.4105926381769867E-9,0.19915501778945388
-0.011952285231367587,-0.23066643315404983,-0.1916443866892024,0.05599999999999987,1.4929273559463933E-9,0.19754257085124155
-0.012003084939029745,-0.23105147064621467,-0.1905737400607678,0.05599999999999988,1.3923870187376903E-9,0.19640586042054917
-0.010651854900958053,-0.2299623262265421,-0.18952206424426798,0.05599999999999987,1.485001314303172E-9,0.19526387511068313
-0.011585069191917477,-0.2299465669477188,-0.19234032891661826,0.055999999999999835,1.6824483850698555E-9,0.21288615677844377
-0.010977340619296751,-0.22987228663203954,-0.19094360027029336,0.05599999999999984,1.5649402260297603E-9,0.20847183334837618
-0.010127946821864025,-0.22925345043421108,-0.18992411581628374,0.05599999999999985,1.5770390475511676E-9,0.19662355911390372
-0.010612580551228195,-0.1966712958352554,-0.19342577782448686,0.055999999999995255,8.963683040009535E-9,0.5973401069540936
-0.011094897906700136,-0.1960875980317151,-0.19342480077815655,0.05599999999999563,8.593179633608142E-9,0.587697933004663
-0.010900173095674535,-0.19642308840291522,-0.1941406395716517,0.05599999999999588,8.351391641880545E-9,0.5858370218902027
-0.01029832292125394,-0.19697675217713007,-0.19284640792254432,0.05599999999999477,9.421228891539349E-9,0.6012536967760047
-0.010754683418173422,-0.19638672204727683,-0.19274151689569718,0.055999999999995255,8.9681165245578E-9,0.6108529519637251
-0.010386829648026702,-0.196749135743548,-0.1921306339666663,0.055999999999995005,9.191342183462745E-9,0.6147962622941331
-0.00992847991700002,-0.19737224942700005,-0.192378402302,0.05599999999999489,9.30149776703677E-9,0.6030351757695426
-0.009974747882896064,-0.19718926708759388,-0.19158537629060585,0.055999999999995304,8.914333883054461E-9,0.6202304253426575
-0.010912829038852287,-0.1960120430572891,-0.19193118005208612,0.05599999999999571,8.528804410027284E-9,0.6049002523628011
-0.011327908295098684,-0.19564914448707724,-0.19262409105459752,0.05599999999999598,8.25683389296328E-9,0.5920201833689236
-0.010451967085044252,-0.19647672987874762,-0.19125557961412595,0.055999999999995886,8.342041190587597E-9,0.6275708789883548
-0.010004226497933725,-0.19695069172067856,-0.1906871464447927,0.05599999999999638,7.837152150799582E-9,0.6333763188834899
-0.011455313884803604,-0.19523661705862747,-0.19161908111440398,0.05599999999999655,7.643965209576474E-9,0.6152964740511482
-0.010937549972664901,-0.19578817934540893,-0.1911732307565631,0.055999999999996344,7.873039569954034E-9,0.6238856277232765
-0.010619107407247178,-0.19595579340554892,-0.19024595256673296,0.05599999999999676,7.411286469635237E-9,0.6520790009623374
-0.01000567674670481,-0.19662452553215112,-0.1896761330373487,0.05599999999999733,6.7250990882407375E-9,0.6418843638962469
-0.011190051528364352,-0.1953253153679188,-0.19075979497505433,0.05599999999999674,7.4312774235360475E-9,0.629102385023383
-0.011731136971196458,-0.1946358259920494,-0.1907904546632444,0.055999999999997045,7.080574098453037E-9,0.6012178016283795
-0.010566291682731136,-0.1956865008872233,-0.18931016756768365,0.055999999999997475,6.545060275105877E-9,0.6500642944796395
-0.009975854829730044,-0.19620687378000004,-0.188537269672,0.055999999999997725,6.198391658810591E-9,0.6377739935324888
-0.011240365180347642,-0.19494029670695073,-0.18983996783582058,0.05599999999999717,6.914627632153458E-9,0.6222119182496059
-0.012013333282717422,-0.1939854056463868,-0.18995946463718788,0.055999999999997496,6.504240298104237E-9,0.5977004394692413
-0.01099611140196978,-0.1949402645936665,-0.18899254692723694,0.055999999999997586,6.393477926832539E-9,0.6314985603724302
-0.01059250607076678,-0.1952117377246255,-0.18831240553663442,0.055999999999997864,6.018645784402295E-9,0.6289756704157116
-0.011246498490555005,-0.19425966460765795,-0.18826672453319454,0.055999999999998,5.815029887388967E-9,0.6160400819547722
-0.012201697267338557,-0.1934455103051306,-0.1892035752885776,0.05599999999999792,5.945633403842837E-9,0.5835414121828867
-0.011611257667857049,-0.19412066260193292,-0.18904865088612682,0.05599999999999772,6.2144365349787066E-9,0.6105134818698152
-0.012002639636067434,-0.19331437978186838,-0.18839662188398004,0.055999999999998266,5.426445964132914E-9,0.588208419581758
-0.007963159544243993,-0.19947781986841076,-0.18974483901014155,0.05599999999999765,6.300360244424223E-9,0.6243160563427514
-0.008325915420208475,-0.19903307531122327,-0.19011973074881444,0.05599999999999725,6.826324672907836E-9,0.6221655014275131
-0.00783568865770811,-0.19984893669125334,-0.19086155839174904,0.05599999999999728,6.773262991049914E-9,0.6092784160227521
-0.00749587662538058,-0.20032404503173776,-0.1904599404984202,0.05599999999999764,6.31781294476397E-9,0.6113553375720008
-0.0073604897511000324,-0.200606809377,-0.19169804512,0.055999999999997226,6.84680923764197E-9,0.6029762498317568
-0.008244364956049566,-0.19886337285941183,-0.18899771690406325,0.05599999999999805,5.737171667018796E-9,0.6313970105054645
-0.008837239048634413,-0.19815693953918595,-0.1894783597562631,0.055999999999997434,6.598946478514164E-9,0.6220194923897908
-0.008874435917609518,-0.1977930241631329,-0.18855626783410348,0.055999999999998065,5.728782535350423E-9,0.6184919036951023
-0.009379648614385958,-0.19722004727830825,-0.1889434294818923,0.055999999999997614,6.340193192015446E-9,0.6215545729340142
-0.009266285997253465,-0.19695601369529006,-0.1879030396471645,0.05599999999999818,5.540741564353524E-9,0.6119652493563765
-0.007611517862523084,-0.19992392075965212,-0.18916868331730236,0.05599999999999828,5.384502287336917E-9,0.6267146923197305
-0.0076943964425639265,-0.1994133063430727,-0.18780095146121625,0.05599999999999866,4.7578456065466266E-9,0.6222330317055549
-0.008419380475213607,-0.19810385523329796,-0.18758493335901533,0.055999999999998544,4.968438613504744E-9,0.6157809551322678
-0.009844488184195595,-0.19578794892528176,-0.18725263409537599,0.05599999999999828,5.3914685099116285E-9,0.6384835768142576
-0.010673334271138105,-0.19462490118034123,-0.1873682788857797,0.05599999999999818,5.542721098720388E-9,0.6239996456396779
-0.009036338446289278,-0.19680868104971197,-0.18686005661388663,0.05599999999999854,4.960060700602657E-9,0.6257345936631699
-0.011399235234114142,-0.1936267691506858,-0.18742745838096464,0.05599999999999825,5.4366358819038705E-9,0.6080277220733865
-0.010788257320873258,-0.19385654725224202,-0.18629400308534166,0.05599999999999846,5.100677107112842E-9,0.6183530667197984
-0.01019853102075834,-0.19480587160980942,-0.18642856234229768,0.055999999999998475,5.089181694590403E-9,0.6466403789328645
-0.007727865776276357,-0.19879328201462648,-0.1863382581278394,0.055999999999998884,4.3459827114076825E-9,0.6195425425135165
-0.008396019929023144,-0.1974160137359369,-0.1860174009193507,0.05599999999999882,4.483170618687589E-9,0.6219878367570746
-0.009174273530443732,-0.19592185961144387,-0.185658287709876,0.05599999999999862,4.833541787060122E-9,0.6536808183136326
-0.012139721103686302,-0.19279464429916032,-0.18770380234784656,0.0559999999999984,5.2070935866633736E-9,0.5777834928992405
-0.011809942318912808,-0.19257911175815262,-0.18652787019708486,0.05599999999999857,4.909485217781425E-9,0.5931975398507302
-0.01087806120665004,-0.19312846984732368,-0.1853298580242306,0.05599999999999863,4.8131963638075945E-9,0.6165403319902474
-0.009997254494011345,-0.19422614392556412,-0.18502223385642347,0.05599999999999859,4.9056604237074136E-9,0.6437232636174475
-0.008344698473185223,-0.19651349207425353,-0.18438325407018896,0.05599999999999885,4.411375948432608E-9,0.6597207558467374
-0.007689267004298098,-0.1980525722188107,-0.18477832915934628,0.055999999999998995,4.133537671640615E-9,0.6309331210586685
-0.007555638051949836,-0.19721352254518884,-0.1831557782805765,0.055999999999998946,4.224642111028959E-9,0.6816847782414898
-0.009018649527038269,-0.19505362302619886,-0.1840011946154906,0.05599999999999863,4.811045582823766E-9,0.6795676960980163
-0.009575826163320445,-0.19371841330829376,-0.18344906183682178,0.0559999999999986,4.864749585524654E-9,0.6801829642519936
-0.008146608508563243,-0.19573710087473106,-0.18287805655013134,0.05599999999999872,4.664308482864035E-9,0.7113640623125396
-0.011469523892507905,-0.19205478282777746,-0.1849334680894556,0.05599999999999874,4.623557909253637E-9,0.5981727599565061
-0.010471860103943157,-0.19291560127858914,-0.18416792891599834,0.05599999999999867,4.741345349911588E-9,0.6411664137554065
-0.011076314730974677,-0.19158526451959196,-0.18349230385388463,0.05599999999999875,4.5892555176045435E-9,0.6313956460464848
-0.008694137923606848,-0.1944374215019273,-0.18256295616898735,0.055999999999998516,4.998624105882709E-9,0.733289272514388
-0.010082822932284711,-0.19235047151432852,-0.1827153901827285,0.05599999999999863,4.804247077874482E-9,0.6872120998766768
-0.009213622986359969,-0.19304461994912256,-0.18199901449458172,0.05599999999999849,5.0597472991736945E-9,0.7288239497392205
-0.007334965258079775,-0.19637400695874221,-0.18161515982802898,0.055999999999998724,4.640652834565713E-9,0.7044154962049763
-0.00831508568457331,-0.19378996632020976,-0.18116187540130413,0.05599999999999822,5.494554367136374E-9,0.7668830484812731
-0.007821207910702925,-0.19506777555813046,-0.181435277460485,0.05599999999999842,5.18201405064374E-9,0.7433288721208839
-0.0106427087376804,-0.1910554833400736,-0.18206776691276458,0.05599999999999863,4.823664333832255E-9,0.6765746782117463
-0.009617276563009636,-0.19175209535676482,-0.18127146578745276,0.05599999999999839,5.2058509390462486E-9,0.7126499398814373
-0.007964714484968383,-0.19328754428542114,-0.1800708251446591,0.05599999999999766,6.290936402272589E-9,0.7677514757540735
-0.008790491282532488,-0.19246545134968773,-0.18069930034770193,0.0559999999999981,5.681059846059125E-9,0.7387090625370831
-0.008265379061351052,-0.1922900113648977,-0.17970192329497392,0.05599999999999755,6.437979478618646E-9,0.7545338625480479
-0.007509439517949573,-0.1944256563689776,-0.18020270057438123,0.055999999999997906,5.950695886140869E-9,0.7957030172020314
-0.007067764131682114,-0.19562160392387687,-0.18027109843325137,0.05599999999999831,5.350632383975618E-9,0.7330451066579647
-0.006781957205948499,-0.1949610870748263,-0.17910291267547734,0.055999999999997496,6.50261796108805E-9,0.7668615089083589
-0.007164740066715208,-0.19383201661529972,-0.17905041047160306,0.055999999999997,7.138869551913138E-9,0.7959286660340661
-0.007525564523274299,-0.19278941439437014,-0.17890408722949044,0.055999999999996775,7.3928757052853695E-9,0.7721580050421104
-0.009027876315051666,-0.19127327067574254,-0.17990768335605867,0.05599999999999782,6.075609559400973E-9,0.7339668740029194
-0.010204221173257446,-0.19039935242331424,-0.1806377903045015,0.055999999999998294,5.370292438631808E-9,0.7100816174647866
-0.00972403880063775,-0.18984725940605718,-0.179391205998765,0.05599999999999777,6.15843814786305E-9,0.7199580211870419
-0.008103212758104283,-0.1916303099899769,-0.17889035271083986,0.05599999999999683,7.328686150111527E-9,0.7835978122437143
-0.008687576591043187,-0.1904201213308721,-0.17864049427001089,0.055999999999996865,7.284520986278419E-9,0.7653154247631365
-0.006495313330934804,-0.1943854651576773,-0.1780851943449682,0.05599999999999617,8.047583615740246E-9,0.783954887612893
-0.006729061940095864,-0.19325624371425024,-0.1778225799858686,0.05599999999999521,9.00854618119323E-9,0.8152907408732586
-0.007297888129862185,-0.19201366556899982,-0.1779537783101659,0.055999999999995,9.195827168748487E-9,0.825876831442052
-0.007822989719660924,-0.19111893511001748,-0.1780697282200035,0.055999999999995644,8.59136481182746E-9,0.8066396612220744
-0.009329970156262144,-0.18916000342966677,-0.1781945189917872,0.055999999999997045,7.077514309228191E-9,0.7474413682358673
-0.008688791399777206,-0.2282072182085855,-0.1872772399010213,0.05599999999999985,1.614724595838544E-9,0.17953187372781734
-0.008350907634545381,-0.22796203420808656,-0.18620795804189288,0.055999999999999835,1.693413999641039E-9,0.17577499014795725
-0.00890587358958816,-0.22862423229573817,-0.18617704880806088,0.05599999999999986,1.5535649097210686E-9,0.1745242552740617
-0.009109098223336979,-0.22889539493386155,-0.1854417663889048,0.05599999999999987,1.488524800429849E-9,0.17202959265939635
-0.008659687223566826,-0.22839741491484394,-0.18533598898637044,0.05599999999999985,1.5978490319574955E-9,0.1749887034556867
-0.00805737505450234,-0.22768425734717582,-0.1852590947513506,0.05599999999999982,1.7764193705435599E-9,0.17375111272281288
-0.008372219354918,-0.22808662812267297,-0.18460619741444353,0.055999999999999835,1.684653940309595E-9,0.17437915751950372
-0.007797943959302207,-0.22738293481237135,-0.1844307184556393,0.05599999999999979,1.8814611768107494E-9,0.17510386544937465
-0.00805069864389616,-0.22769662256277778,-0.18386192338680762,0.05599999999999982,1.7771822526584513E-9,0.17569698042528414
-0.007563196450612512,-0.22705786261152675,-0.18370679279568825,0.055999999999999765,1.996635804745781E-9,0.179157524115769
-0.007830327481961321,-0.22738445662246232,-0.18307969361698084,0.05599999999999978,1.8976687374997232E-9,0.1776745670301436
-0.007344779291494989,-0.22671207116496198,-0.18305525142149848,0.055999999999999724,2.1536907725877106E-9,0.18394387140892965
-0.009025525483354164,-0.22882246354332578,-0.18450756077829095,0.055999999999999876,1.5002588325377586E-9,0.17243152082056626
-0.007132963729770039,-0.226349926189,-0.182433669421,0.05599999999999971,2.2503201034061538E-9,0.18531804104379404
-0.007555848752927535,-0.2269596809782569,-0.18234271728059556,0.055999999999999765,1.9998899962072857E-9,0.1801003566755681
-0.006914476826743609,-0.22595034582768994,-0.18182544090532615,0.055999999999999696,2.2922819120785468E-9,0.18840957376211384
-0.007381780119263192,-0.22663840274941197,-0.1815916306882608,0.055999999999999765,2.0537743910019E-9,0.18230006418825143
-0.007756783695443934,-0.2271663688738502,-0.18159862898210172,0.05599999999999981,1.8359121329907738E-9,0.17636649788238837
-0.006678947311508327,-0.2254933498700343,-0.18120939027422647,0.055999999999999696,2.2902647194821376E-9,0.1930999860648205
-0.007148659326773757,-0.2262153803122096,-0.18095790270009507,0.05599999999999974,2.075728009737192E-9,0.18355335879799628
-0.008537499701561391,-0.22827633592641441,-0.1838956879860138,0.05599999999999985,1.610339622043138E-9,0.17300413951117674
-0.00837297998203004,-0.2280549806517803,-0.18302726641220132,0.055999999999999835,1.6765185599142813E-9,0.17458275620000052
-0.008037110910778716,-0.22759795703376906,-0.18231582713352862,0.05599999999999982,1.773425682292588E-9,0.17562708891994483
-0.00920856805463371,-0.22898767889477042,-0.18315550207245362,0.055999999999999876,1.4739915950916338E-9,0.16819417494083133
-0.008182499708973166,-0.22771902042866843,-0.1816132005970576,0.05599999999999984,1.665154678044507E-9,0.1703555235847703
-0.007617576059689383,-0.22688276926268444,-0.180792855500723,0.05599999999999981,1.8460600399260839E-9,0.17606694327156314
-0.008011164754750095,-0.22743881205392968,-0.18102328158200262,0.05599999999999984,1.6904370454612485E-9,0.17094193858690462
-0.006419437829664273,-0.22496429972213372,-0.18057134894645016,0.0559999999999997,2.279141114391636E-9,0.19363495870306519
-0.006899728818745516,-0.22573035016903525,-0.18026011128618713,0.05599999999999974,2.0941755501090622E-9,0.18602101400558416
-0.007380825660751567,-0.22644089006852416,-0.18004040440014352,0.05599999999999979,1.888719336053572E-9,0.17902193375997566
-0.00866036935617319,-0.2283280698512953,-0.18207091109584075,0.05599999999999985,1.564756497811475E-9,0.16933896662435688
-0.00936792515879729,-0.22905855171400674,-0.18169783989691002,0.055999999999999876,1.4159352397646544E-9,0.16234723948728402
-0.00946708610439133,-0.22900202659013472,-0.18023511095792255,0.05599999999999989,1.376490189480426E-9,0.1583689541142477
-0.008657499115544726,-0.22820571890204125,-0.18085821410633163,0.055999999999999876,1.518608136971065E-9,0.1680750315810449
-0.008077971706260144,-0.22739371466790886,-0.18002374474769228,0.055999999999999835,1.6478936537341246E-9,0.16852882749917855
-0.007068750620799001,-0.22583432754739133,-0.1791847810057684,0.05599999999999978,1.933991791343922E-9,0.17751923842968872
-0.006139977537070035,-0.22437487776299997,-0.179912808889,0.05599999999999968,2.3284605172101066E-9,0.19657473278115814
-0.006556114684016591,-0.2250240644391271,-0.17936466845687662,0.05599999999999973,2.1096214416457856E-9,0.18707579937764449
-0.007614009858999978,-0.22659463094086343,-0.1789210329096805,0.05599999999999983,1.732471702897392E-9,0.17030539662478864
-0.007233947148510628,-0.22594789589166106,-0.1784056129703387,0.05599999999999981,1.8286429767715906E-9,0.17156184113380268
-0.008844363664362732,-0.22820824599967923,-0.17933930393598851,0.055999999999999876,1.4606788059239873E-9,0.16285144904703489
-0.009670865729843742,-0.22897689052549544,-0.17872251039286974,0.05599999999999989,1.3443246258080825E-9,0.15371887855441055
-0.008196564240391111,-0.22730744310026943,-0.17858602734312276,0.05599999999999985,1.5743341047227506E-9,0.1623591272895182
-0.006842242078644801,-0.22536654129321332,-0.1785681409024272,0.055999999999999786,1.9199393947955546E-9,0.1774993874075741
-0.006073108652785179,-0.22410748793830876,-0.17893131019101888,0.05599999999999971,2.2194869814790613E-9,0.19335047504227185
-0.006449555654350642,-0.2246630729388238,-0.17831184961751503,0.055999999999999765,1.9887354630054246E-9,0.18316989470156264
-0.007661798973778373,-0.2264329464681644,-0.17774448544321933,0.055999999999999835,1.6601197266174708E-9,0.16594695378059746
-0.00891593398411354,-0.22801642365522737,-0.17783356420673205,0.055999999999999876,1.421553674462852E-9,0.15765191565603276
-0.006002872816710169,-0.22380129298531806,-0.1778692087251903,0.05599999999999974,2.0871704043594843E-9,0.1867515959227456
-0.00855276356774345,-0.1987862036132122,-0.19925470866693928,0.055999999999996865,7.281329180073E-9,0.5538860211156131
-0.009046951593251997,-0.1984109158155623,-0.19832206003951386,0.055999999999996254,7.959811582335243E-9,0.5625959313932285
-0.008409178508815148,-0.19894880213312016,-0.1980708216405991,0.055999999999996275,7.936269626239677E-9,0.5358263593221085
-0.008819380308197159,-0.19862193144177098,-0.19743431949739038,0.0559999999999959,8.330942224131704E-9,0.5439584740019312
-0.008256907330406816,-0.19915633644997208,-0.1969809589739671,0.055999999999995866,8.369230892269926E-9,0.5444304856803813
-0.008942107900786653,-0.19854692869320265,-0.19629409801206876,0.05599999999999569,8.53558992270936E-9,0.551207943260173
-0.009613740284626469,-0.19789507422046584,-0.195751173030137,0.055999999999995644,8.590318133113774E-9,0.5550842666764517
-0.009202062479614713,-0.19831529213420473,-0.1950781056324769,0.05599999999999541,8.817130439170224E-9,0.5560456815596123
-0.00945324968569114,-0.19806539742799237,-0.19733480945200196,0.05599999999999591,8.320313426350391E-9,0.5605817410124186
-0.009764911725863542,-0.1977661564708696,-0.19650004618949568,0.05599999999999589,8.327614670566427E-9,0.565994080093713
-0.00997711476537471,-0.1975381792197251,-0.19584858384473347,0.05599999999999581,8.419457164934657E-9,0.5684296536764327
-0.009454732258017465,-0.19804515932451144,-0.19438066957586586,0.05599999999999549,8.742248764350353E-9,0.5600401541807111
-0.009796148231553942,-0.1976946067699272,-0.1951432417697841,0.05599999999999566,8.586771801787826E-9,0.5612370994431406
-0.008085797020670017,-0.19941765119500002,-0.195906097009,0.05599999999999589,8.326152060528291E-9,0.5538094302332369
-0.008538972582388088,-0.19901444360151854,-0.19497698719677298,0.05599999999999571,8.523657500756469E-9,0.5563294863046674
-0.00894085496005164,-0.19860872086263323,-0.19417812529137018,0.055999999999995394,8.821880285862204E-9,0.5636140850715383
-0.009300879719844474,-0.19820104394375748,-0.19349128314641564,0.055999999999995255,8.972282893924215E-9,0.5674810908596605
-0.00972955048030927,-0.19772193557659712,-0.193827019075274,0.05599999999999531,8.907978657819142E-9,0.5623211787786128
-0.01006844051025424,-0.1973854210448827,-0.194654060371301,0.05599999999999567,8.555489129209256E-9,0.563110114044574
-0.01029899175194203,-0.19709892243481764,-0.19411274583210716,0.05599999999999548,8.748864996619665E-9,0.5765288420405613
-0.010408842114243443,-0.19708776658164667,-0.19550285284482816,0.05599999999999589,8.338319421245925E-9,0.5732550288929884
-0.010017284047327796,-0.1973665907577257,-0.19341543135402525,0.05599999999999488,9.308100695708923E-9,0.5757065920438309
-0.00997178077936433,-0.19737399931179478,-0.19286838397505385,0.05599999999999444,9.695670035218102E-9,0.5917307038418642
-0.00962308342247,-0.1977936851692116,-0.1929073103286998,0.05599999999999487,9.322884402701218E-9,0.5863201415265032
-0.010695869827371604,-0.19673396526898132,-0.19487488875318082,0.05599999999999584,8.385778287545759E-9,0.5762536092414468
-0.007893828095680821,-0.19973336448651421,-0.19484357749142023,0.05599999999999581,8.425616837558434E-9,0.554396963333654
-0.008320661723753247,-0.19930680502411238,-0.19404469336855346,0.05599999999999538,8.846518387286168E-9,0.5694974148695284
-0.008699763392748291,-0.19888569426813638,-0.1933117041396502,0.055999999999995324,8.898476532434044E-9,0.5760271878266016
-0.009118527204865516,-0.1983760383428317,-0.19271593907769208,0.055999999999995075,9.125842131085452E-9,0.5775806251668005
-0.009472589357397561,-0.19788151195791406,-0.1919984765875356,0.055999999999995005,9.189858631872599E-9,0.5947031890780969
-0.007707571901532307,-0.20004721261649427,-0.19383466773934746,0.05599999999999588,8.351970220675516E-9,0.5778703270670592
-0.008107068200664619,-0.19959572445445536,-0.19306695062968798,0.05599999999999578,8.441521956639601E-9,0.5854769438099635
-0.008543579226277949,-0.19904488100512704,-0.19231134141218517,0.05599999999999566,8.574279975630034E-9,0.6004051789156052
-0.008957265827840372,-0.1985029739203274,-0.1919157100678406,0.05599999999999533,8.893317447164835E-9,0.5878897755565309
-0.00908879875919831,-0.19826870798493632,-0.1913834075049042,0.055999999999995664,8.564141214865367E-9,0.5973519382770707
-0.009495939340658162,-0.19769610545791527,-0.19105948645478713,0.05599999999999583,8.39365611970669E-9,0.6191865748953571
-0.007526806088777383,-0.2003465204761087,-0.1928128724139575,0.05599999999999681,7.349051864592694E-9,0.5843669949007269
-0.00797746964423774,-0.1997458580625853,-0.19192237018742078,0.05599999999999631,7.903330005626379E-9,0.6006602253394909
-0.008544427810667285,-0.19895261752443133,-0.19131991884058086,0.0559999999999962,8.017976488821824E-9,0.6171504088382328
-0.008929707874563755,-0.19832884852227586,-0.19061716048462196,0.05599999999999655,7.639085808368982E-9,0.6062980795772486
-0.00942393806577583,-0.1975403471266395,-0.19007257877086464,0.05599999999999682,7.337693461468927E-9,0.6229701817836458
-0.008438071300128965,-0.22774820621875383,-0.18778773289251488,0.055999999999999814,1.7447890071774644E-9,0.1817667400399657
-0.008231795709213823,-0.227633130892235,-0.18714617347778784,0.055999999999999814,1.7414154332445703E-9,0.17931004412234483
-0.006956049791197141,-0.22613699283393604,-0.18307626159339363,0.05599999999999968,2.3396387113467425E-9,0.18522144498193524
-0.007176747207226399,-0.2264960340951448,-0.18363357372516254,0.055999999999999696,2.282460800655772E-9,0.1852002898856111
-0.008327356107345314,-0.22737507396948353,-0.18841983333272938,0.05599999999999981,1.8185451890174817E-9,0.18914370299093594
-0.00788995998314602,-0.2270003459497302,-0.18755130550227084,0.05599999999999978,1.9297764183308584E-9,0.18715624410890927
-0.007140369366108161,-0.22639229939883437,-0.1851085541604919,0.055999999999999696,2.290193386682161E-9,0.18104306821512836
-0.007563245272845448,-0.22701097351259633,-0.18521083715329453,0.055999999999999765,2.0110643554191853E-9,0.17876175327979216
-0.0073198971196057625,-0.226709778246331,-0.1843929843530005,0.055999999999999724,2.1627694536011624E-9,0.1818082555275571
-0.007763573344692551,-0.22719194711302618,-0.18603266966360424,0.0559999999999998,1.8765424147922626E-9,0.18081487237681834
-0.007390861904118906,-0.22621377498252973,-0.18740350763227495,0.05599999999999971,2.2084261909918104E-9,0.194345521782196
-0.007559271662487859,-0.22673486350893504,-0.18669903049631692,0.055999999999999765,2.037905477563879E-9,0.18523927053419512
-0.007909994157362476,-0.22727593784008157,-0.18669319802512127,0.05599999999999981,1.8323156972506996E-9,0.18106768637015774
-0.007290305109024256,-0.22649612926881374,-0.18591860608908245,0.05599999999999972,2.1976368604159167E-9,0.18667869440628268
-0.007148016319663736,-0.22604594044368226,-0.18667160304862163,0.05599999999999967,2.378830853883242E-9,0.19309646895239216
-0.006963985591432919,-0.226167012445277,-0.18457266690179863,0.05599999999999965,2.3998069498038127E-9,0.18184133768293692
-0.0069724849607159444,-0.22619939374807166,-0.18411470926845996,0.05599999999999965,2.412180870241722E-9,0.18316400583052653
-0.0067184413679269445,-0.2257894532687871,-0.18427767861317265,0.055999999999999606,2.5854832901713435E-9,0.184359695990751
-0.006726845914479492,-0.2258137778692493,-0.1835522262428251,0.05599999999999961,2.536878808861061E-9,0.18459109094037288
-0.006474716844155431,-0.22538773855336383,-0.18382042997456344,0.05599999999999956,2.7208956569150337E-9,0.18729886231093387
-0.007691521466170107,-0.2263908900611902,-0.18827061857958172,0.05599999999999974,2.0907075998042777E-9,0.19746991912333556
-0.007144774244326236,-0.22548083885643053,-0.18799931443937323,0.05599999999999967,2.3447713654328207E-9,0.20539352686850174
-0.006939589384059998,-0.22542320330580934,-0.18723440218578716,0.05599999999999961,2.564441101060731E-9,0.20427601470725354
-0.0067259901977382176,-0.22528973380432854,-0.1865193191062515,0.05599999999999956,2.7143293702709856E-9,0.20071900605585313
-0.006757750460677816,-0.2257902491879056,-0.18493090200835371,0.05599999999999961,2.553632663813576E-9,0.18496127787437372
-0.006900936074041434,-0.2258156537845091,-0.18598662224568285,0.05599999999999961,2.5578200619244155E-9,0.19037075985821753
-0.006926915828453666,-0.22598831549691017,-0.18547001152809153,0.05599999999999965,2.4479495835641444E-9,0.18413835601780576
-0.0066598300021344,-0.22552008118143171,-0.18542472583531983,0.055999999999999585,2.6565269798564907E-9,0.18853872091411772
-0.006456051399123492,-0.2253134834526386,-0.18444920196070147,0.05599999999999956,2.738572644144118E-9,0.1873607899562447
-0.006427989659494014,-0.22517721738539462,-0.18498417382556423,0.05599999999999954,2.778822048271943E-9,0.18823318226948302
-0.006380492356178334,-0.22496005632661212,-0.1854600677474024,0.0559999999999995,2.874790550741953E-9,0.19243738989194278
-0.006587604457401419,-0.22525861968689295,-0.1858466032945115,0.05599999999999955,2.745797510316414E-9,0.1945757451046368
-0.006214850754210042,-0.22489860139899998,-0.18391832027600002,0.05599999999999954,2.814901590666715E-9,0.18983751728413312
-0.006332287229094225,-0.22459235645126455,-0.18613248418143263,0.055999999999999495,2.9425265762061227E-9,0.20359092474557183
-0.006523872238921742,-0.22466882219161724,-0.18691855826348538,0.055999999999999515,2.8580848554646347E-9,0.2065941828676154
-0.006680146630855354,-0.22467180688776542,-0.187622037287419,0.055999999999999585,2.6457998472309687E-9,0.20935940689402857
-0.006177842826008163,-0.22476825816619267,-0.18446272978280467,0.055999999999999515,2.8396072478643613E-9,0.18915850641763146
-0.006134073408425845,-0.22456401738886564,-0.1849934675063682,0.0559999999999995,2.8792166260383748E-9,0.1911783246586787
-0.0060806178597621096,-0.22424870731952043,-0.18554233912199766,0.05599999999999949,2.9650350177995636E-9,0.19969762766521124
-0.006211182854337311,-0.22405911164044673,-0.18661724295054993,0.05599999999999946,3.030482457710988E-9,0.21391710882199333
-0.006289259456045606,-0.22395913571098244,-0.18717812776882825,0.05599999999999949,2.9687986952173694E-9,0.2184301280554343
-0.006020617628096936,-0.2238233489569267,-0.18610506614603772,0.055999999999999474,3.011822525805704E-9,0.21518941271034997
-0.005950451205210048,-0.22330526993899996,-0.18670734767299998,0.05599999999999943,3.1153590109443808E-9,0.22492076983863038
-0.008089014866034631,-0.2265964613537025,-0.18931316198391643,0.055999999999999765,2.0336240420471348E-9,0.20412831407116153
-0.0074654341929536955,-0.2255815622626088,-0.1890480083932651,0.05599999999999971,2.2476107638956674E-9,0.2068592681653483
-0.007842824367746217,-0.22568731284984359,-0.19017823462195357,0.05599999999999972,2.1967081330811784E-9,0.21181444304530617
-0.007521887094732086,-0.22457186905548088,-0.1910136602171288,0.055999999999999696,2.2678180669255463E-9,0.22647079780541268
-0.00721011330534957,-0.22463974746103924,-0.18978204128864998,0.05599999999999967,2.3740936560367897E-9,0.21714121198153116
-0.00692206260051109,-0.22467891102690343,-0.1886093209670757,0.055999999999999626,2.490080412660617E-9,0.21150769084029428
-0.007263666726587981,-0.2234861880244121,-0.19189657657253228,0.05599999999999966,2.393606251297745E-9,0.24172740715864494
-0.0064719286542257795,-0.22390990192656926,-0.1880791308646721,0.05599999999999955,2.7474933284307517E-9,0.22024270247834402
-0.006670970874906806,-0.22378271894510696,-0.18912748711575583,0.05599999999999961,2.5707818959013104E-9,0.22566355441870578
-0.006224313226322848,-0.22302271207720195,-0.18844890838511608,0.05599999999999954,2.803201333124395E-9,0.23183641284301382
-0.006817621516548764,-0.2233965771003846,-0.19035985845442363,0.055999999999999654,2.4615153124942717E-9,0.23281469662784882
-0.006373155842419057,-0.22289556772613475,-0.18931091623930563,0.05599999999999959,2.6032533965018353E-9,0.23283742474176056
-0.00655275195852471,-0.22210337451928963,-0.19136703393159743,0.05599999999999961,2.567995235194102E-9,0.24882083071745797
-0.006889882828309935,-0.22202580565822136,-0.19286008069027474,0.055999999999999606,2.5926292838907934E-9,0.2684327039981709
-0.006634845270011845,-0.2207111615869719,-0.1939549763293479,0.05599999999999954,2.797986192074425E-9,0.29688869281224556
-0.006363865371311877,-0.21929096614124857,-0.19513181175631977,0.05599999999999942,3.1370981689866634E-9,0.3263120452421934
-0.006210389317666837,-0.21803331283440078,-0.19659174068265245,0.05599999999999917,3.747418436874328E-9,0.3702566769630773
-0.006081141345600434,-0.22314473150579964,-0.18760079891832704,0.055999999999999474,2.991867573674933E-9,0.2299806549805741
-0.005803848467945019,-0.22209438932087572,-0.18792602859067803,0.05599999999999948,2.9860340326506943E-9,0.24182569364110984
-0.006021868108043886,-0.2220762271766585,-0.18899867558560207,0.05599999999999954,2.781759449600067E-9,0.23978136021924637
-0.006262622359714137,-0.22208679613042726,-0.19010337749152886,0.055999999999999585,2.6633405676382607E-9,0.24247574820112497
-0.005788198474093248,-0.2210187889883515,-0.18945564367215467,0.05599999999999954,2.8199785538815024E-9,0.2542876681783727
-0.005652925183599859,-0.2227095012701882,-0.18620709750478287,0.05599999999999942,3.1416625220215336E-9,0.22714945480345858
-0.005746146778096028,-0.2225013275719436,-0.1870210173953801,0.055999999999999404,3.1719260364690215E-9,0.23514349100543178
-0.005542605705495534,-0.22175852099805168,-0.18712507675562562,0.05599999999999942,3.1464346800660483E-9,0.24619393802797127
-0.006178342524459182,-0.21716858686843563,-0.19800071558159546,0.05599999999999874,4.603627591004496E-9,0.43492406313581294
-0.006082337918604448,-0.216495920894958,-0.19886805735607124,0.05599999999999809,5.680011916099418E-9,0.4697911814110946
-0.005789638506915163,-0.21566283696304836,-0.19921071012279257,0.055999999999997656,6.304156137855411E-9,0.5159607894057164
-0.005694096463831344,-0.21596629795159647,-0.19790692191542214,0.05599999999999867,4.752136486176189E-9,0.4446199928677945
-0.005984127059414277,-0.22089711224616543,-0.19064399061532725,0.05599999999999956,2.7332538880879456E-9,0.25994644170210063
-0.0061360513688918745,-0.2204536127353097,-0.19212563367690538,0.05599999999999955,2.7648590116002407E-9,0.2742575477482002
-0.005706337338041802,-0.21981195919774987,-0.1908586629065874,0.055999999999999536,2.781456850463178E-9,0.2693269755285696
-0.005921824047946141,-0.21903651165949312,-0.19336576630840474,0.05599999999999949,2.966253138242726E-9,0.3020511516446978
-0.00578173851263288,-0.2178065457889076,-0.19472433576584586,0.05599999999999936,3.3058753892565877E-9,0.34326071525395285
-0.005709308466331896,-0.216735423090313,-0.19634405878812444,0.05599999999999913,3.842145536710375E-9,0.38889898150783025
-0.005376401640332575,-0.2221386574279542,-0.1856554249721363,0.05599999999999944,3.0727466191433453E-9,0.23087922093240468
-0.005448268765038381,-0.2219100678718198,-0.18641112095552778,0.05599999999999939,3.184036863342441E-9,0.24197037113091782
-0.005187545833748232,-0.22133086257233145,-0.185860789892704,0.05599999999999944,3.0708790118111707E-9,0.2391077837779312
-0.005695034348855791,-0.22132273434093724,-0.18853077116516467,0.05599999999999951,2.884031623043268E-9,0.24816695824098378
-0.005289475168946823,-0.2210965859886616,-0.18674735263660333,0.05599999999999943,3.12144208397706E-9,0.2467844250130583
-0.005468771333867922,-0.2210655893570544,-0.1877359826867939,0.05599999999999944,3.091113682555676E-9,0.24963176432022718
-0.005028371686904631,-0.2204321009259113,-0.18620578329007142,0.055999999999999474,2.9929779501542104E-9,0.25033148468020244
-0.005382882356167317,-0.2201501946682346,-0.1885385081982503,0.055999999999999495,2.9338336992496855E-9,0.26198528578655156
-0.005567951407848274,-0.21997305422847055,-0.18982757238993792,0.05599999999999954,2.814489448894634E-9,0.2654975614317851
-0.005105003363760875,-0.2215618918644979,-0.18502149627832037,0.055999999999999495,2.9388543582201902E-9,0.23164075999400358
-0.005310501858205516,-0.21473566320885903,-0.19799454664613692,0.055999999999998544,4.976555877613896E-9,0.46190483239182
-0.005298832150383233,-0.21525101658593082,-0.19636488203442876,0.0559999999999991,3.916077010200105E-9,0.40044221004146463
-0.005632218446928232,-0.21891674657576352,-0.19184547484741177,0.055999999999999515,2.853150391903257E-9,0.2837061383316072
-0.00539280394710004,-0.2188549497036156,-0.19042313267988653,0.0559999999999995,2.8945700688957486E-9,0.2766353590245937
-0.00526375843802785,-0.2190799225836675,-0.18929505917370354,0.05599999999999951,2.869277606135202E-9,0.27049842068711827
-0.005275713372682717,-0.2179075308115737,-0.19102943701430622,0.05599999999999951,2.8892862695565884E-9,0.2927646925572273
-0.005357904495374902,-0.21734870865741812,-0.19254209350883492,0.05599999999999948,2.9890965540373438E-9,0.3106392155725652
-0.005304546918631491,-0.21605839311041417,-0.1945142284793468,0.05599999999999936,3.2964701427407737E-9,0.3540375390498905
-0.004834736907480639,-0.22097142495934935,-0.18428895563100123,0.055999999999999515,2.8390953284562803E-9,0.23328382716452756
-0.004943099242650325,-0.2207523378698517,-0.18529125478319172,0.055999999999999495,2.921210119840593E-9,0.24190504654172684
-0.004808197839767862,-0.22000724316224635,-0.18547983325719822,0.055999999999999515,2.8540869586115E-9,0.2496113333583588
-0.004680236839864756,-0.2201719014888907,-0.18449982617590266,0.05599999999999956,2.7317272203117272E-9,0.24244108179584434
-0.005145498389027164,-0.22015981014144093,-0.1872066624770468,0.055999999999999474,3.0019045629713897E-9,0.2544516630752892
-0.004810402713131815,-0.21931060618698875,-0.18630451644230003,0.055999999999999495,2.9227560159215533E-9,0.26052437302042714
-0.004933720389245736,-0.21859637178625557,-0.18784197540007255,0.0559999999999995,2.9047068198206642E-9,0.2723337634722043
-0.005009835839069526,-0.21763538942242372,-0.18946894304481615,0.05599999999999951,2.848111012306157E-9,0.29102261723897976
-0.004569818673696183,-0.22037760626611202,-0.18345785979038387,0.055999999999999585,2.687482568943922E-9,0.23367687651027494
-0.0049664412191694944,-0.2136147717359282,-0.19661522652496433,0.055999999999999,4.086933772709241E-9,0.42223849162889815
-0.00496840499785036,-0.21417096809265582,-0.19458608619511286,0.05599999999999936,3.3121035508708802E-9,0.3722403841907076
-0.0050091874392792935,-0.21648585822509042,-0.1909241985004234,0.05599999999999954,2.820479854576254E-9,0.3033185815171178
-0.0049499916721969135,-0.21507583876087227,-0.192377365500265,0.05599999999999948,2.9962055766080914E-9,0.3294555836542759
-0.004529863750136397,-0.21895332521903366,-0.1850126495836264,0.05599999999999956,2.733705033175883E-9,0.2558857125798409
-0.004391735669122738,-0.2194731754937555,-0.18355874463022753,0.055999999999999585,2.648955823619757E-9,0.2399440668752125
-0.0045833584935449125,-0.21799223535996776,-0.18625637525399696,0.05599999999999954,2.782003351463466E-9,0.2712996507395337
-0.004674006181346414,-0.21704347545388553,-0.18768954517082712,0.05599999999999954,2.8003529674741845E-9,0.28879675726907933
-0.004738892004499862,-0.21592869150159857,-0.18917132043015358,0.05599999999999956,2.725139120691442E-9,0.30593775366182707
-0.004316050222248432,-0.21979325836657893,-0.1825328365221173,0.05599999999999964,2.47147226244523E-9,0.22669101927206894
-0.004192033509686833,-0.21907419746727225,-0.18269828034767288,0.05599999999999964,2.4731379393567557E-9,0.23316511885774022
-0.0040699837464000434,-0.21920793592899998,-0.18148769142,0.055999999999999654,2.4408912311763726E-9,0.22465937605657393
-0.004764835884142598,-0.21231001460673612,-0.1950953571911577,0.055999999999999266,3.539398055174745E-9,0.4048413830136211
-0.00477235271013985,-0.2129049631532012,-0.19295924536202355,0.05599999999999946,3.022138108108329E-9,0.3672524391396485
-0.0047840220274183234,-0.21503897730765748,-0.19045188616050626,0.055999999999999536,2.7937113607942887E-9,0.3156199120615094
-0.004716615984956909,-0.21354688821793727,-0.1910034906288955,0.05599999999999954,2.7996275050178656E-9,0.3404837226714674
-0.004280300041630966,-0.21758548872884143,-0.18468890296221654,0.0559999999999996,2.6352514935620608E-9,0.26799105454030986
-0.004210184179562861,-0.21836167675277152,-0.18360613629326134,0.05599999999999961,2.555653609424992E-9,0.25080532970507813
-0.004027436470174458,-0.21830467317703411,-0.1824462613318856,0.05599999999999961,2.5375378194396936E-9,0.24007955777452286
-0.004382928726729546,-0.2165604197307316,-0.18604663423040857,0.05599999999999957,2.6959874600770793E-9,0.285507142071677
-0.0044597967345451385,-0.2153636149264354,-0.18726786568075612,0.05599999999999956,2.716564966757643E-9,0.30334099871790193
-0.004586901903806095,-0.21395947699234316,-0.18907062732609478,0.055999999999999564,2.702463161887826E-9,0.321813372863414
-0.004107042913695606,-0.21617126217341515,-0.18444013536544188,0.05599999999999961,2.5634307158086936E-9,0.2825544049434116
-0.004698408709857836,-0.21085546902983568,-0.19348507234587542,0.05599999999999936,3.2691285091467004E-9,0.3908482052746654
-0.004689989721955213,-0.2117426436244928,-0.19154141114420967,0.0559999999999995,2.903974483154186E-9,0.3661337348290555
-0.004622898654232819,-0.2123801591295845,-0.18997981269010186,0.05599999999999955,2.743656034019628E-9,0.3468481809044202
-0.004773795927970045,-0.209287952514,-0.191826494298,0.05599999999999939,3.1871595539298506E-9,0.4023330104566178
-0.0042057130325731705,-0.21492122823537124,-0.18553504673496435,0.055999999999999606,2.5902283586240258E-9,0.2992536388547466
-0.0040474522353677374,-0.2173017435357156,-0.1834232696851925,0.055999999999999626,2.5052584159950815E-9,0.26163523719018694
-0.004341188610951398,-0.21354752645315886,-0.1867590090454947,0.0559999999999996,2.6190219559595064E-9,0.3229712855476133
-0.00450500228041065,-0.2120611323779123,-0.1881934796577212,0.05599999999999956,2.721443216545516E-9,0.34597913863227475
-0.00467025522086091,-0.21056838677962209,-0.18988544396052615,0.055999999999999515,2.8373256002774645E-9,0.36694984940595976
-0.007828593869669135,-0.19931230352929563,-0.19980825698923027,0.05599999999999681,7.355535349641833E-9,0.521186152439715
-0.0069542622320493365,-0.19999442009641802,-0.19990550962834078,0.05599999999999667,7.500435243821917E-9,0.5001315978059176
-0.00630055177519627,-0.20060264378844356,-0.19982204379329113,0.05599999999999653,7.658945845617246E-9,0.47753972155508384
-0.007592889466896069,-0.19959298515420426,-0.19867274728675563,0.05599999999999651,7.676027557483321E-9,0.5145369559561898
-0.006778416293284314,-0.2003265815567551,-0.19871879321282365,0.05599999999999656,7.634491730481571E-9,0.4927913254528487
-0.007823943343419595,-0.19949562420213351,-0.1976292327390451,0.05599999999999622,7.99924451708574E-9,0.5287561861263539
-0.00724192935372837,-0.20003501809219357,-0.1976916498174835,0.05599999999999638,7.826471338239135E-9,0.4984411598509748
-0.007670679208656858,-0.19973856889451685,-0.19677306994410482,0.05599999999999598,8.255519115288194E-9,0.5301073689471021
-0.004870570849168289,-0.2025655283528619,-0.20038963800635176,0.05599999999999663,7.553373761907072E-9,0.49669511492156143
-0.005518831209846019,-0.2015254393910063,-0.19993046670646597,0.055999999999996435,7.774712441814067E-9,0.4822386331211707
-0.006005503393957948,-0.20131421401353064,-0.19841109808194865,0.055999999999996664,7.509506387432088E-9,0.48121735618544875
-0.005252440025461197,-0.20241115256218822,-0.19906317099631982,0.05599999999999677,7.3973115557344875E-9,0.48450204713503653
-0.006696932219392944,-0.20061839379609248,-0.19769748175248972,0.05599999999999663,7.544622323400757E-9,0.48026858130069067
-0.006272871355715088,-0.20128794574820288,-0.19721587968186757,0.05599999999999677,7.3976777873233365E-9,0.48375652168864725
-0.00565783042144941,-0.20220803640575302,-0.19765915722991353,0.055999999999997,7.134546119931427E-9,0.48162985761489874
-0.0069444533225415835,-0.2005112306465303,-0.19683130858365078,0.055999999999996476,7.723184535601905E-9,0.5012445759680754
-0.0072803289182491295,-0.20034504972243533,-0.19556784266541966,0.05599999999999601,8.210494344786319E-9,0.5415340480228779
-0.006623462771486813,-0.20110321077722149,-0.19599986929986016,0.05599999999999664,7.538176576863612E-9,0.49495762878263455
-0.00604726488850577,-0.20196662586795017,-0.19631043695522374,0.05599999999999716,6.928039403165517E-9,0.48888184794078576
-0.006921510252837562,-0.20093431681258855,-0.19480948994333647,0.05599999999999642,7.792816329848672E-9,0.5276427089032892
-0.0074165932554520015,-0.20032726206543808,-0.1945609313188082,0.05599999999999587,8.35538570182891E-9,0.5647729530779435
-0.006413003160760159,-0.2016901113274952,-0.19504266229996126,0.05599999999999714,6.958822675323072E-9,0.5000289528506424
-0.006752772350565372,-0.20137651926083833,-0.19386069011241625,0.05599999999999706,7.047215546118142E-9,0.5423480153800762
-0.007202169032198624,-0.20069486963809371,-0.19386247519552852,0.05599999999999624,7.974375227592149E-9,0.5671777709470033
-0.007062398901390213,-0.201025315464032,-0.19277086129273333,0.05599999999999709,7.014416653870158E-9,0.5763795080919928
-0.003963083708253691,-0.21922973624054354,-0.18016995070450942,0.05599999999999966,2.393136183830862E-9,0.21609068297697098
-0.003782243283549274,-0.21816369233399807,-0.18068866489407856,0.055999999999999654,2.4267174171114594E-9,0.22713405333715855
-0.003908888493596799,-0.21923296738118705,-0.17881868339068235,0.055999999999999696,2.3033220880961527E-9,0.20740567178173042
-0.0036434941884114797,-0.218089630647611,-0.17919253297930682,0.055999999999999696,2.2824956878534282E-9,0.21821166657441204
-0.0036209271783377815,-0.21819671473409497,-0.17789384431004063,0.05599999999999971,2.230132830994449E-9,0.2090050232250605
-0.0035045200685031247,-0.21705818703381585,-0.17971150449006004,0.05599999999999971,2.2060591573319956E-9,0.2268059767911017
-0.0033741250743384564,-0.2170070464396154,-0.17815694074060068,0.055999999999999724,2.1793656286095142E-9,0.21690862942905073
-0.0032341137824609483,-0.2158344253433624,-0.17856386352382872,0.05599999999999974,2.092483625555102E-9,0.2267708792353866
-0.005750662679678796,-0.20403662776296533,-0.1919604122071655,0.05599999999999874,4.607703744963E-9,0.5049536840596801
-0.00533182739741705,-0.2055580528939297,-0.1919864374112161,0.055999999999999106,3.889444760160859E-9,0.4700672111225473
-0.005682364606727363,-0.2044948283141496,-0.1903924528672857,0.05599999999999903,4.05877946840646E-9,0.4976154250964232
-0.006242142218991816,-0.20272577498466857,-0.19187552304837813,0.055999999999998266,5.429585520896619E-9,0.5233896926499495
-0.006044517630312009,-0.20336578778885975,-0.19036847841196863,0.055999999999998766,4.580929297083803E-9,0.5200459713620653
-0.006777586013487408,-0.2016045558723527,-0.1917623912267391,0.055999999999997545,6.448998605585758E-9,0.5812291246037753
-0.0069456020230908725,-0.20129673772446585,-0.19054496619515562,0.0559999999999981,5.67365841776029E-9,0.5984420474678759
-0.006529066200905457,-0.20215242069830094,-0.19077434802970145,0.055999999999998315,5.328036944331353E-9,0.5622562627377542
-0.005000974490635004,-0.20730428808350887,-0.19193703772256082,0.05599999999999929,3.461204261190032E-9,0.43621803674548876
-0.005068670050102543,-0.2071837339250821,-0.19067326940069626,0.05599999999999936,3.3038084617602037E-9,0.4369714095284138
-0.004871932963555907,-0.208493166886366,-0.18980817163568553,0.055999999999999474,2.9800867199387527E-9,0.41250208479061595
-0.005278937300742122,-0.20620297298361215,-0.1893568092699367,0.055999999999999286,3.4665617384578677E-9,0.46818861988894417
-0.00653046731770358,-0.20212806021235016,-0.1896859463545533,0.05599999999999867,4.737211216849397E-9,0.5753831668421338
-0.00576719178768224,-0.2042536067632048,-0.18904839313768804,0.055999999999999155,3.787232839898372E-9,0.5137426512544723
-0.006151470517847359,-0.20306077493907101,-0.18908238192435167,0.05599999999999898,4.136427214501184E-9,0.5400060319970504
-0.007051871701411196,-0.20097694695639,-0.18930071918491848,0.05599999999999849,5.074461702637442E-9,0.6098575116862982
-0.0071240806559542584,-0.2005708097716325,-0.18796572586907884,0.05599999999999881,4.505483184439747E-9,0.6325283417716955
-0.004972837406612922,-0.20759543516149356,-0.18784180043820842,0.055999999999999474,3.0101122245458335E-9,0.4329337532713547
-0.005434434097869748,-0.2053990211487414,-0.18752231119136245,0.05599999999999939,3.2239698315021466E-9,0.49263591242833354
-0.006494883479981658,-0.20207128305447727,-0.18831777609306832,0.05599999999999893,4.258663075681584E-9,0.5879618142531131
-0.005931073505633924,-0.20357498271152566,-0.18754705760466517,0.05599999999999926,3.562780525980378E-9,0.5470452959664476
-0.006491185683594397,-0.20174318548608197,-0.18674727595208507,0.05599999999999916,3.774701921782887E-9,0.6100367454127402
-0.007148040088480413,-0.20006070709294962,-0.18649756821159152,0.055999999999999016,4.074631702134718E-9,0.6377428875519829
-0.005067009576936514,-0.20661854800548038,-0.1859123263038621,0.055999999999999515,2.8580909108954252E-9,0.4526708758789734
-0.0055326826132499445,-0.2045909320962628,-0.18562863155783316,0.055999999999999446,3.0490481506037763E-9,0.5125265494495947
-0.005996528439250368,-0.20285409541385768,-0.1854564964781686,0.055999999999999335,3.3476451837294056E-9,0.5563183391991378
-0.006585431623897755,-0.20089612399767465,-0.18511349308062258,0.055999999999999224,3.6096603272603246E-9,0.625616057657465
-0.007109054070522477,-0.1994517178369328,-0.18495385390607605,0.05599999999999914,3.82974332173033E-9,0.634859991821366
-0.007039295026383155,-0.19867797875156454,-0.18341971068823823,0.05599999999999917,3.738065422669078E-9,0.6384109975709867
-0.005146272983073483,-0.20556502416120728,-0.18399473509253755,0.05599999999999954,2.7755378855168796E-9,0.47879522718381046
-0.005615155950181095,-0.20363584265530804,-0.18383919480828115,0.055999999999999474,2.9861907914790825E-9,0.5154552395491655
-0.005202071773488783,-0.20442774415587295,-0.18205431815299236,0.05599999999999954,2.7717807136830496E-9,0.48723693724837175
-0.006100498451586497,-0.20172847465537713,-0.1836222386636389,0.05599999999999936,3.2759182429827132E-9,0.569194038347942
-0.006560646008954756,-0.20013240254857667,-0.18353183455965993,0.055999999999999266,3.536854644986567E-9,0.6362615823211376
-0.006917286193589053,-0.19779073054639412,-0.18190824361134408,0.05599999999999905,4.007967192040053E-9,0.6738226362898935
-0.006459636148712719,-0.19927542101966852,-0.1818896736080631,0.055999999999999196,3.6827734269895877E-9,0.6352199375804107
-0.006749695253828149,-0.19705825892270085,-0.18067665542789582,0.055999999999998766,4.567274130786257E-9,0.6832062118555619
-0.005649196869076309,-0.20258478693118778,-0.18198081062305416,0.055999999999999446,3.0478103653214514E-9,0.5002547614602999
-0.005222667229177743,-0.2032930936077499,-0.18019869141321077,0.05599999999999949,2.95270100176165E-9,0.4794418524921608
-0.006024500999792914,-0.2008689284739115,-0.18173412033544278,0.05599999999999932,3.404063553257709E-9,0.5930585635648704
-0.006488347648101751,-0.19823305967382873,-0.18090099716015648,0.05599999999999903,4.05814336320485E-9,0.6641469034200898
-0.006151908464346006,-0.19787171452694785,-0.17937566956479153,0.05599999999999871,4.670152209365681E-9,0.6723493500982373
-0.006009092227263725,-0.19963074503363445,-0.1802127655398538,0.05599999999999911,3.868624442422941E-9,0.6485374091147588
-0.005609093284237885,-0.20164854516103162,-0.1802625930835053,0.055999999999999335,3.3580610148981074E-9,0.5373669952975392
-0.00650155370515886,-0.19636964591852843,-0.17941844674850488,0.05599999999999818,5.546612463714834E-9,0.7019863977956117
-0.006081369303739943,-0.19674902359253757,-0.17841744525056427,0.05599999999999792,5.937001677177508E-9,0.6815399144927919
-0.005822404241106543,-0.19777087836196786,-0.17806548148394946,0.05599999999999831,5.355630189917738E-9,0.6720534076579658
-0.0062785154357221165,-0.19555548820981453,-0.17829074224859384,0.05599999999999706,7.046957459728023E-9,0.7367727612959363
-0.0052061837623011,-0.20226412995740742,-0.17855056074992495,0.05599999999999931,3.4251341740425606E-9,0.4877976331625513
-0.0057482679743705144,-0.1989317801514595,-0.17840078815471305,0.05599999999999874,4.618457718631942E-9,0.6920926167063283
-0.005545262657146493,-0.20057338735874758,-0.17861721433052158,0.0559999999999991,3.921177891397864E-9,0.6200389591894817
-0.004778246998644189,-0.20355192057971833,-0.19941669340998913,0.05599999999999696,7.17113371170891E-9,0.4924277371375767
-0.005121596717795138,-0.20341547226147663,-0.19800676585341304,0.05599999999999721,6.875222703038758E-9,0.4875433864354804
-0.004131850601838816,-0.20649409134914454,-0.20034662644913923,0.05599999999999769,6.261250284022691E-9,0.48125376236810197
-0.004238484597686886,-0.20954619008220793,-0.20019372446588518,0.05599999999999786,6.028230086841719E-9,0.4894709046140697
-0.004398593256972122,-0.20496183111994576,-0.1997797884594072,0.055999999999997475,6.541592623158779E-9,0.490458854947413
-0.004728296034636625,-0.20446490777693824,-0.19858626979591876,0.055999999999997496,6.517591590696656E-9,0.47978353132701096
-0.004501166011765877,-0.20596829540765782,-0.19841828436092843,0.05599999999999809,5.6861652695633345E-9,0.47625671208328774
-0.004930271328709685,-0.20470487810562346,-0.19717582170497233,0.05599999999999789,5.975965254452914E-9,0.4800249038305875
-0.0054149038487028974,-0.20327590313038837,-0.19674223973787494,0.05599999999999755,6.43396819184167E-9,0.49262697275429956
-0.004268765253083889,-0.20788471105257408,-0.19918317632799787,0.05599999999999824,5.4658586462897405E-9,0.469336184526911
-0.004404813224047061,-0.20944440334462214,-0.1982796174098107,0.0559999999999985,5.020444575818365E-9,0.45795333696240487
-0.004790130950574722,-0.20605460744378779,-0.1963745170828488,0.05599999999999847,5.09585712121679E-9,0.47088834338278934
-0.004522347618689789,-0.20770688017067965,-0.19711221888010097,0.05599999999999867,4.736536056365237E-9,0.454522624340626
-0.00521214836922126,-0.20446692256926297,-0.19576361564526734,0.05599999999999816,5.570302867866401E-9,0.48503782599493994
-0.0057877033923796626,-0.20292013083787927,-0.1953475441173287,0.05599999999999771,6.23413506125005E-9,0.4992400415378737
-0.005567699433686694,-0.20390951435595767,-0.19436142516862176,0.055999999999998225,5.464891672956184E-9,0.4908509570913185
-0.006105361894591046,-0.20258505374491675,-0.1941040339455313,0.055999999999997635,6.324318691243515E-9,0.5121387222310644
-0.005085599835433126,-0.20554194964921502,-0.19476354880501348,0.05599999999999863,4.8108989384118805E-9,0.47347937602814866
-0.004561796900138592,-0.2093663084549914,-0.1962102857199398,0.05599999999999899,4.151260290841395E-9,0.4356906193527954
-0.004753399165836601,-0.2075222447238862,-0.19498247468503654,0.05599999999999895,4.1796421202675265E-9,0.45029505021856375
-0.005067724020858404,-0.2063177636611173,-0.1934158568697627,0.055999999999999044,4.043559341516986E-9,0.45076271928356443
-0.005428174262852978,-0.20478977299681755,-0.1932195335199881,0.0559999999999987,4.712807098673397E-9,0.47995536167707104
-0.005901923920744395,-0.20335465868459573,-0.1930744097966302,0.0559999999999982,5.5233098849078494E-9,0.5085895067197074
-0.006469010501144451,-0.20208124253618395,-0.19288252747726176,0.055999999999997614,6.342600799145044E-9,0.5320341990458924
-0.004695012019271832,-0.20931425912063703,-0.19402518959440307,0.055999999999999266,3.541761489867383E-9,0.41435182679381183
-0.004848470167863832,-0.20788112816999357,-0.19322803976541225,0.05599999999999925,3.5727393238250268E-9,0.43282896261845066
-0.005768488380778243,-0.215206755654078,-0.20028312407796872,0.05599999999999671,7.467821377973359E-9,0.5711296780974239
-0.00530190773348778,-0.21407634955124508,-0.2005009399058051,0.055999999999996546,7.644640042376998E-9,0.5744352689840838
-0.0049729867070564945,-0.2132277291377621,-0.1997146448809937,0.0559999999999975,6.492059740306906E-9,0.5286204454275033
-0.0052983107507406,-0.21432908514467602,-0.19932305594171035,0.055999999999997684,6.2631470165020465E-9,0.5198297178191615
-0.004967353172662448,-0.2133558933266043,-0.19829577774846927,0.05599999999999843,5.1478668628099205E-9,0.4719240238067113
-0.004686757665001478,-0.21216126249356698,-0.20032242299966727,0.055999999999997406,6.631224575833833E-9,0.5307021653202285
-0.00470512717553716,-0.21208815064576636,-0.1987011397589615,0.055999999999998294,5.367495873508051E-9,0.4789652472681758
-0.004481930465142689,-0.2109001876122488,-0.19930916341074467,0.055999999999998155,5.599731582461486E-9,0.48323632169080066
-0.004754368653327771,-0.21225796349103696,-0.19697200561252282,0.05599999999999894,4.232596330889178E-9,0.43404620957265255
-0.004558151351260208,-0.21076679360435666,-0.1975843246562854,0.055999999999998766,4.571931076192129E-9,0.4484376108058734
-0.004647739028138095,-0.21111540175653493,-0.19616449076393455,0.05599999999999915,3.811754979949459E-9,0.4241331682067676
-0.0046545714710844975,-0.21060800453604445,-0.19508000051833807,0.05599999999999925,3.569462895547454E-9,0.41116735434160995
-0.006756270623004583,-0.22577559165166122,-0.1825103394247094,0.05599999999999964,2.4774622776582257E-9,0.18945733481626473
-0.006623125167355528,-0.225610982577767,-0.18302638634864915,0.055999999999999585,2.649222786720715E-9,0.18851049211415102
-0.006493002019141114,-0.2254133131184011,-0.18340519210967307,0.05599999999999955,2.759331258778289E-9,0.1878146641731897
-0.006402496722169848,-0.22524056583978322,-0.18316218245899946,0.05599999999999955,2.750186516193237E-9,0.190677152609104
-0.00658658793404257,-0.2254408568913008,-0.18198959101536583,0.055999999999999626,2.4976141765895906E-9,0.1932158685660307
-0.006343227212270589,-0.22496170159150117,-0.181472935260403,0.055999999999999626,2.5099972683648263E-9,0.1954998171767515
-0.006297050861880224,-0.22506173159261095,-0.18350042463251973,0.055999999999999515,2.84153163739462E-9,0.1910413736275045
-0.006406845863612565,-0.22520988881725368,-0.18266386868496343,0.05599999999999959,2.645298644992689E-9,0.19402747140153956
-0.00618784797039528,-0.2248428914856407,-0.18305406142725278,0.05599999999999954,2.812274643042708E-9,0.19397947494247417
-0.006050248462719046,-0.22458474910195989,-0.18344921469998315,0.0559999999999995,2.8967358108270725E-9,0.19357709457160088
-0.006125291967735181,-0.22444757287432085,-0.18056638646543471,0.055999999999999654,2.4391268680375735E-9,0.19688454372531708
-0.006277210683507048,-0.22492614971244196,-0.18211597973265384,0.05599999999999959,2.6305729484605135E-9,0.19509635888120516
-0.006069713938991167,-0.22442849670951667,-0.1811201317212473,0.05599999999999961,2.55538379361607E-9,0.19834370889673777
-0.0058878745733798345,-0.22425482292630014,-0.18293787258069477,0.055999999999999515,2.8341977242010077E-9,0.1964317320972118
-0.006070496978049937,-0.2245883470131419,-0.18251766365573524,0.05599999999999955,2.7479535045706205E-9,0.197505696684296
-0.005924379171340853,-0.22424827304938807,-0.181833445263063,0.05599999999999959,2.683578276752612E-9,0.19958040495822718
-0.005770825082960222,-0.22379699513977636,-0.18048752105100213,0.05599999999999965,2.467499129966043E-9,0.20068666410361802
-0.005766837985706419,-0.2238844675529341,-0.18125491287588985,0.055999999999999585,2.6470602953090276E-9,0.19990500445776732
-0.005722056427305567,-0.22389387886368536,-0.18235138474450377,0.05599999999999955,2.7565823173537785E-9,0.19809626232332156
-0.005553542374315367,-0.22350408436969907,-0.18167753744995785,0.055999999999999585,2.654598222307751E-9,0.19900082785096218
-0.005383547562450038,-0.22309352959099998,-0.180893362321,0.055999999999999606,2.597878566225562E-9,0.203319382827352
-0.005933905850566789,-0.22405250170137503,-0.18508338059644586,0.055999999999999474,2.996182739456336E-9,0.19898398476466891
-0.005970549354045688,-0.22437572909485956,-0.18402032663088103,0.0559999999999995,2.91580924193432E-9,0.1964485605980958
-0.005953528060353688,-0.22425421424167968,-0.18452589829552457,0.055999999999999495,2.9249877672545495E-9,0.19553977173323503
-0.00578146868079789,-0.22399403073043347,-0.18358379083597295,0.0559999999999995,2.9117612144410844E-9,0.20055420804091798
-0.005850138716128874,-0.22362791603270998,-0.18555848506360634,0.05599999999999944,3.092405334827825E-9,0.21459193361763776
-0.005817863533959194,-0.22331816904760224,-0.18599557835975106,0.05599999999999942,3.1351087613982506E-9,0.2208363619267609
-0.005795054014084674,-0.22381924192494004,-0.18468603093511796,0.05599999999999948,2.954148046153269E-9,0.20105140696117396
-0.005746947581224066,-0.22356535507874747,-0.18504470324700428,0.05599999999999945,3.039466566635389E-9,0.20938968747818687
-0.005596491464348623,-0.22360810864616476,-0.18306040681444236,0.055999999999999515,2.8654603956472737E-9,0.20173352839242367
-0.005584903952993979,-0.2229708186816195,-0.18533365767258614,0.05599999999999944,3.097444904459632E-9,0.21995439056870442
-0.005738402630947386,-0.22379794620934498,-0.1841957233405104,0.05599999999999949,2.946907483939409E-9,0.20134227525695123
-0.005532289686094264,-0.22335746902038947,-0.1837872947659931,0.0559999999999995,2.9051265627624808E-9,0.20369046955242923
-0.0054163471295609915,-0.2232162255771709,-0.18243959930654136,0.05599999999999953,2.824675851393697E-9,0.20344668807578414
-0.005559560088232181,-0.22323089195526377,-0.1845317664513763,0.05599999999999948,2.981526279175333E-9,0.20987118190037665
-0.0053352909234203804,-0.222949060880655,-0.18320337906056264,0.055999999999999515,2.8520559721775242E-9,0.20613335778184338
-0.005321916819220761,-0.22242123905247102,-0.18478469257416616,0.055999999999999474,2.992348829965172E-9,0.22097878647648705
-0.005316831302057479,-0.22272544225612068,-0.18395649640375733,0.0559999999999995,2.8856648978006654E-9,0.2121303956448366
-0.005130524998969727,-0.22250349135692746,-0.18253311485028104,0.05599999999999954,2.8081086055057763E-9,0.2077933928760728
-0.005230035212265703,-0.22279260795966796,-0.18175196691282466,0.05599999999999955,2.7470280688131626E-9,0.20694845394201342
-0.00500825301690223,-0.22227344387609238,-0.18114993215942704,0.055999999999999585,2.6841997387934545E-9,0.20547496156854783
-0.004924568800683902,-0.22202898357763165,-0.18186682505411603,0.05599999999999955,2.7531519538629673E-9,0.20765512595784377
-0.005086565375238138,-0.22222663197679177,-0.18334370992060492,0.05599999999999954,2.803010721694422E-9,0.21612727827899958
-0.005065958471037882,-0.22188273736778666,-0.18413370971003779,0.0559999999999995,2.880483894656627E-9,0.22112421054863904
-0.00485408712989417,-0.22169263441392095,-0.1826964888135628,0.05599999999999955,2.752633248374181E-9,0.2145353523992981
-0.004670022252549787,-0.22138729007905442,-0.18132115754394157,0.0559999999999996,2.630460476916234E-9,0.21201915855299128
-0.004675963964233812,-0.2212981403333537,-0.1820150744943446,0.055999999999999564,2.7211649731024163E-9,0.2128535076230384
-0.004822567232032868,-0.22134391030796574,-0.18345294451239175,0.05599999999999954,2.7857797788433522E-9,0.22306444633661981
-0.00455171366796321,-0.22070117750972812,-0.18264007785303524,0.055999999999999585,2.688522697418053E-9,0.22074212668648283
-0.004352172101863914,-0.2203752445158907,-0.18143785582103714,0.055999999999999654,2.3988505838245307E-9,0.21504895532934754
-0.005786980534067539,-0.2237186288974367,-0.17969639151099717,0.05599999999999968,2.3416907524561998E-9,0.19679251950191926
-0.00554173765626387,-0.22332519509506968,-0.18011237466103613,0.05599999999999964,2.4704617499363947E-9,0.19827247032622033
-0.005707611814874055,-0.22345582865353383,-0.17886928234971144,0.05599999999999972,2.193683327294721E-9,0.1928770495370282
-0.005455211595725986,-0.22308624335200777,-0.17947032547797104,0.05599999999999968,2.319318006006301E-9,0.19479696334710375
-0.005235021645934531,-0.22272707063130917,-0.1800481638962761,0.05599999999999961,2.555973093800925E-9,0.19740910754098173
-0.005370337269639926,-0.222841162076461,-0.17880095308038774,0.0559999999999997,2.231980326836099E-9,0.1927423397333464
-0.0055759982861482565,-0.22309953219750606,-0.17810441025098353,0.05599999999999974,2.1066705840529966E-9,0.18910128002557433
-0.005109231548117515,-0.2223938253410162,-0.1791630165120414,0.05599999999999967,2.342938710241497E-9,0.19321741432232406
-0.00500901734212145,-0.22208430002960208,-0.17822170443152435,0.05599999999999971,2.253137714735814E-9,0.18895870174642754
-0.0050334665129354505,-0.22232251972320508,-0.1805061157435784,0.055999999999999606,2.5845990150905235E-9,0.20072969673543462
-0.004786061740078024,-0.22173829827121785,-0.18060400191440124,0.055999999999999606,2.597675500270388E-9,0.20498248406001685
-0.004913463337620866,-0.22202436699100905,-0.17979394124614256,0.055999999999999626,2.5051462851509287E-9,0.19919971674043901
-0.004611791730774947,-0.22130523301989954,-0.17989682335283935,0.05599999999999964,2.484471079647434E-9,0.20098730868405376
-0.004447479824456448,-0.22082458261610027,-0.18056355422943532,0.05599999999999961,2.5576306578139234E-9,0.2097167872512197
-0.004659399599286785,-0.2213970299302718,-0.17899208293239705,0.05599999999999967,2.3719109104341855E-9,0.1962938191976255
-0.004564128669439362,-0.2210588578630176,-0.17772137114698647,0.055999999999999696,2.2727605391252328E-9,0.1886711096497861
-0.004207733992261791,-0.2200466585710002,-0.18064997942871022,0.05599999999999965,2.4503963012985137E-9,0.21219510991792884
-0.004263568208530672,-0.22034878170770772,-0.17950316282362977,0.055999999999999654,2.422279441117215E-9,0.2078351714604693
-0.004220425234668274,-0.22021921249928286,-0.1783494055361478,0.055999999999999696,2.305855251823404E-9,0.1987145764444189
-0.0038537121364504165,-0.21793395857655276,-0.18158546145636875,0.055999999999999675,2.3793650343767824E-9,0.23452307851002052
-0.003841813932414497,-0.2170712300156124,-0.1822481004584262,0.05599999999999967,2.3681161248325004E-9,0.2528237871089343
-0.003904361175918405,-0.21617386406088138,-0.1831506047878294,0.05599999999999965,2.4226796035320757E-9,0.2717757098741587
-0.0036362837969384906,-0.21693970945387434,-0.18092840923278328,0.055999999999999696,2.276882768550836E-9,0.2410081266928826
-0.003909178112266235,-0.21462243600250053,-0.183591545443811,0.05599999999999965,2.4728801712179155E-9,0.2971647017390187
-0.004096147597856423,-0.2131580661802066,-0.18477088194890795,0.05599999999999961,2.5339432591703516E-9,0.3211065625912086
-0.00461801429446498,-0.20989080465874804,-0.1876145882537186,0.05599999999999954,2.7804325026070525E-9,0.37360997193444917
-0.0036455906534542115,-0.2153973739440081,-0.18179932468749868,0.055999999999999675,2.3403848116347044E-9,0.2659314629833662
-0.003399378199333873,-0.21553438831485255,-0.18013210034809496,0.055999999999999724,2.1775358568387916E-9,0.2454946144134094
-0.0036670197623667957,-0.21389884781800575,-0.18207740040275797,0.05599999999999968,2.3214349636802296E-9,0.2892610103675911
-0.004338493279134137,-0.21164968849898186,-0.1861468469637037,0.0559999999999996,2.6023041158623137E-9,0.348497990397669
-0.0034205377870235357,-0.21397899230674158,-0.18057649065952797,0.05599999999999972,2.1935202733492624E-9,0.2661095237243577
-0.003856298396619562,-0.21274408860839084,-0.18301054729613628,0.055999999999999654,2.4338420898894253E-9,0.31531251010095596
-0.004102673377490288,-0.21140143273194023,-0.1840149885618188,0.055999999999999654,2.4528538160022133E-9,0.34025177524057065
-0.0031688606562297102,-0.21401420433048518,-0.17893906281487337,0.05599999999999974,2.0799053244852375E-9,0.24913088291276908
-0.004433271115635096,-0.20986513287573605,-0.1853172640281398,0.0559999999999996,2.6191638379070958E-9,0.3681975650780345
-0.004743471215333594,-0.20834691584235604,-0.18618979278597492,0.055999999999999564,2.731497307732948E-9,0.40072286958047887
-0.003007612473783599,-0.21251786738007106,-0.17762336781230154,0.055999999999999765,2.017357104602038E-9,0.2552246379459188
-0.0036318738513403176,-0.2128602974478947,-0.18165151229926135,0.0559999999999997,2.237776481835384E-9,0.29513374284180527
-0.0033814903010043282,-0.21195016907651104,-0.1797756912206381,0.055999999999999724,2.133996155491129E-9,0.289638691684858
-0.0038289395154531406,-0.21114811514576365,-0.18197226934342078,0.0559999999999997,2.2633274322879884E-9,0.32802428364663705
-0.004215013991723479,-0.20986420571219797,-0.1834577166364445,0.05599999999999966,2.3889811557636337E-9,0.35666247460167155
-0.003251215736122653,-0.21056705937657266,-0.17805757988752063,0.05599999999999974,2.0729034725346982E-9,0.29105163048690647
-0.00462148539983682,-0.20792002874187157,-0.18400954273568712,0.05599999999999961,2.5283787395142064E-9,0.4063090184805079
-0.003678977542317844,-0.2097955563770871,-0.17989351450681812,0.055999999999999724,2.1591684818236185E-9,0.32940122432977903
-0.004164100478680123,-0.20880383525090593,-0.18181771548165532,0.055999999999999696,2.272112777611839E-9,0.36227759113514196
-0.004657569883420556,-0.20660711379523652,-0.18198345826139856,0.05599999999999964,2.4608642753430577E-9,0.42640865778375625
-0.0036046331852471933,-0.20858807262272688,-0.17810639478805812,0.05599999999999972,2.1941111303260815E-9,0.3320288476623443
-0.004143476719598531,-0.20756058637456828,-0.18001046757235395,0.055999999999999696,2.273466863833132E-9,0.3754383405752461
-0.004691386991965597,-0.2053447765011309,-0.18008697602628848,0.05599999999999961,2.555353971566016E-9,0.43914375939848416
-0.004149200067715352,-0.20622177427941715,-0.17805915104256756,0.05599999999999965,2.482189211045778E-9,0.39189504947912246
-0.004735639120744793,-0.2040752033806745,-0.17830791230386114,0.05599999999999949,2.95726962520519E-9,0.44810866848676856
-0.048694241860410915,-0.21632794396139343,-0.17658674608418848,0.055999999999999946,8.613971285400164E-10,0.14029164505607808
-0.04897059686876912,-0.21353335944607083,-0.17660393232126137,0.055999999999999946,8.663301264547491E-10,0.1505875599125563
-0.04848329761371894,-0.215513095279988,-0.1737915830128178,0.055999999999999946,8.758080658823762E-10,0.1380251055894319
-0.04882239880817915,-0.20477113789338075,-0.17687553256767596,0.055999999999999946,9.126547709209054E-10,0.25434424124311966
-0.04860499519361737,-0.2025544956230547,-0.17611797434552356,0.055999999999999946,9.543223038259157E-10,0.2799098313956921
-0.04841911157759762,-0.20128037624570652,-0.17747381849873628,0.055999999999999946,9.90976506155143E-10,0.3218781700933932
-0.048391645260138616,-0.2009902632037271,-0.1756002236133787,0.055999999999999946,1.0033312588889142E-9,0.2933336098320501
-0.048895699873238115,-0.212314016366944,-0.17448811910675277,0.05599999999999995,8.753073409320733E-10,0.14711745803250703
-0.04905926270886562,-0.21040867325085888,-0.1763147835192357,0.055999999999999946,8.75064386941721E-10,0.1747399565275167
-0.047814093607970315,-0.2132278246838751,-0.16964749223586995,0.05599999999999995,9.130726235359794E-10,0.1463138839026065
-0.046889986268500126,-0.21522548338100003,-0.16821952861799994,0.055999999999999946,9.29204221911622E-10,0.13964913876196475
-0.047905503901995494,-0.21509267032937007,-0.17095504399454334,0.055999999999999946,8.970704996011991E-10,0.14045040110649154
-0.04851092994750981,-0.21251858845853522,-0.17202091733858046,0.055999999999999946,8.907084201663361E-10,0.1516407030570901
-0.04888990576618472,-0.2105616967193695,-0.17375430144506143,0.05599999999999995,8.872234529543277E-10,0.16046128001233473
-0.04864273513463409,-0.20961306965892884,-0.17180402294087777,0.055999999999999946,9.033774508160586E-10,0.1647856219367171
-0.048999272419503075,-0.2074833765475001,-0.17655478264545998,0.055999999999999946,8.884991082677312E-10,0.2196265632354901
-0.04871392000891684,-0.20384206230899768,-0.17466219244191664,0.05599999999999995,9.337240250639105E-10,0.22948292110026064
-0.04853502741662195,-0.20239984185467622,-0.17406306257739326,0.055999999999999946,9.63646372947828E-10,0.24153852408880225
-0.04893930073591706,-0.2082872160807032,-0.17421190036578652,0.055999999999999946,8.906384333895658E-10,0.18626026992091652
-0.048847640406784645,-0.20579857470153176,-0.1743154955966202,0.055999999999999946,9.126839892452683E-10,0.20587650787905706
-0.04865631383687461,-0.20686267975405742,-0.17185874651220093,0.055999999999999946,9.149933842616529E-10,0.17382324273745456
-0.04829559065564106,-0.20081229707127227,-0.17359050110198382,0.055999999999999946,1.0060967056410869E-9,0.25093867315320173
-0.048571835657430756,-0.20400143266900958,-0.17241909081596232,0.055999999999999946,9.3776380004543E-10,0.20108214529497334
-0.0483699129789311,-0.2021027585275784,-0.1722821025968764,0.05599999999999995,9.665949071234815E-10,0.21341009953922313
-0.04811028145266295,-0.20079760010973202,-0.17144663947959216,0.055999999999999946,1.0044852141780461E-9,0.2083530219338313
-0.04820076583640183,-0.2027037570083113,-0.17040488122682992,0.055999999999999946,9.643427588094337E-10,0.18517264106274034
-0.048204302985715125,-0.2052354263086714,-0.16951152766796754,0.055999999999999946,9.376626000478744E-10,0.16948778657438648
-0.04786769556346256,-0.20293006194855875,-0.1685190260925415,0.05599999999999995,9.56437169777453E-10,0.1642191698788737
-0.04747256034144721,-0.20438029115839065,-0.1667253354960499,0.055999999999999946,9.61149068066956E-10,0.1572550436428883
-0.04779808536693454,-0.20102925725366202,-0.1691394074440296,0.055999999999999946,9.877386414123034E-10,0.17181148346467892
-0.04729436568760018,-0.20165494770599998,-0.16668884893499994,0.055999999999999946,9.908357239731801E-10,0.16300886688134067
-0.047242484355032234,-0.21254336215296873,-0.16774479197845382,0.055999999999999946,9.374666334830429E-10,0.1441668496117097
-0.04808295992689686,-0.21096531656557765,-0.16964697986642968,0.055999999999999946,9.13289485697511E-10,0.1535913149753445
-0.04821535737328176,-0.20830014647099174,-0.16954044915199865,0.055999999999999946,9.208407809699653E-10,0.1622361741867156
-0.04744536013518183,-0.209839235153175,-0.16730829696398897,0.055999999999999946,9.380950866695657E-10,0.151506152060159
-0.04752045704272205,-0.20711679031501112,-0.16695286600945342,0.055999999999999946,9.437257050971792E-10,0.15742207266916933
-0.045882059137964955,-0.22496028788268638,-0.17685580348631125,0.05599999999999995,9.292207696042477E-10,0.12548936280786216
-0.046445728066354976,-0.22393268827342253,-0.17688984763519036,0.05599999999999995,9.083667713614753E-10,0.12487828374970064
-0.045123707431943064,-0.2259135821586522,-0.17608564561054105,0.055999999999999946,9.494076830211983E-10,0.12530384914958523
-0.044983734220978594,-0.22536293499925467,-0.17420483556733665,0.055999999999999946,9.424190084366566E-10,0.12236654253412303
-0.04593750035669303,-0.2242290742321323,-0.17518443063966346,0.055999999999999946,9.218690437446233E-10,0.12617263515222293
-0.044969175037418006,-0.223591456072263,-0.17126162779827672,0.05599999999999995,9.339339063034756E-10,0.12035552012221999
-0.04460605293159119,-0.22296535870248912,-0.16979842851777915,0.055999999999999946,9.457501815021357E-10,0.12334712799329171
-0.04364959092460007,-0.22494521962900005,-0.17043187627899997,0.055999999999999946,9.49049190783591E-10,0.11988932321845192
-0.04455255838924351,-0.2249754384222962,-0.17229121114393522,0.055999999999999946,9.330380302719466E-10,0.11926355477937996
-0.0467766629741811,-0.22230199491214847,-0.17471671591877766,0.05599999999999995,8.98660902767609E-10,0.12640307329613082
-0.046948032553423925,-0.22259625402367839,-0.17617969618222817,0.055999999999999946,8.891510395851202E-10,0.12801477185650625
-0.04760691185022041,-0.22134368485965086,-0.17748069843883382,0.055999999999999946,8.729435187015793E-10,0.12886071753494735
-0.04752977294125444,-0.22077895097173147,-0.1755198608442077,0.055999999999999946,8.774383708874083E-10,0.12966911735369394
-0.04821874564617146,-0.21907650112175886,-0.17708116894017228,0.055999999999999946,8.628968716983439E-10,0.13314454912153104
-0.04575600123394457,-0.22328575125650232,-0.17281857621821578,0.055999999999999946,9.228197144551746E-10,0.12466544962365399
-0.045851369965107386,-0.22172948402597126,-0.1710236045905508,0.055999999999999946,9.201440923849269E-10,0.1248263582616204
-0.04706160819307126,-0.22047356624391742,-0.17299207574849793,0.055999999999999946,8.966355463033037E-10,0.13046328537380472
-0.045518138600442806,-0.22066070021600875,-0.16924192147398578,0.055999999999999946,9.323232323662445E-10,0.12585236179076034
-0.04671150536275809,-0.21926456467394817,-0.17064966891609615,0.055999999999999946,9.108485852408173E-10,0.12921000459968904
-0.04811295226367813,-0.21825216092598784,-0.17470542262710978,0.055999999999999946,8.731019292871277E-10,0.13556155834600928
-0.04775013083121485,-0.21749166543240675,-0.1722169608797721,0.055999999999999946,8.898731277351236E-10,0.13305781143860704
-0.04722933725269805,-0.21702799064802705,-0.17020228044273775,0.05599999999999995,9.100034197549318E-10,0.13132480943122798
-0.046307072668279964,-0.21803126489596794,-0.16872495014885774,0.055999999999999946,9.212061818501647E-10,0.1312830653180265
-0.0478435291943199,-0.198107349982752,-0.17690450137760944,0.055999999999999925,1.1719940174636266E-9,0.36595249699371074
-0.047520538191222345,-0.19686723120764518,-0.17736481633772408,0.055999999999999904,1.3192158167381335E-9,0.38062611828669585
-0.04682936839075319,-0.19477216277626758,-0.17720742625223992,0.055999999999999835,1.6416814976445159E-9,0.39828045149584157
-0.04641078906692253,-0.19378143803452416,-0.17744131237000982,0.05599999999999981,1.7977757216414116E-9,0.4035849518434131
-0.04657049528486997,-0.19409095759963177,-0.17656059911953903,0.05599999999999984,1.6922325460305931E-9,0.3760513070036796
-0.04627751721437439,-0.1934210268583104,-0.17661703340041174,0.05599999999999981,1.8037246426709685E-9,0.36970549511071915
-0.0459175083156328,-0.1927349823612887,-0.17734287850733102,0.055999999999999765,1.982339287392268E-9,0.3824874366609394
-0.04819004530490334,-0.1998331853239494,-0.17730650280686652,0.05599999999999994,1.0512676996911805E-9,0.3484241377399559
-0.04807657516095113,-0.19916904239178995,-0.17602956836356234,0.055999999999999925,1.0813077050623798E-9,0.323875843228144
-0.04721414059608316,-0.195843563452738,-0.1770779862682062,0.055999999999999876,1.4686074309924677E-9,0.3890831810957272
-0.04805718896716525,-0.19922021396055417,-0.1744397830744703,0.05599999999999993,1.0803578246485315E-9,0.28791454290279456
-0.04786093234710654,-0.19818164544489908,-0.17552472744990633,0.05599999999999992,1.1618620374293753E-9,0.3277679725951631
-0.04748502450309797,-0.1967085718484889,-0.17581280904082372,0.0559999999999999,1.3020230678209627E-9,0.3505542144204128
-0.0469117615735047,-0.19494427669064962,-0.17592070815895094,0.055999999999999876,1.518334627110288E-9,0.3670397557044101
-0.04712972936561908,-0.19561127822584637,-0.17459165516282593,0.05599999999999989,1.3900452185736885E-9,0.30590641981185035
-0.04643689550127504,-0.19373817467121207,-0.1756308845686435,0.055999999999999835,1.6734909229000373E-9,0.32837917019251367
-0.04598270155722951,-0.19276109211763262,-0.176152770258747,0.05599999999999981,1.862681466082368E-9,0.3317712906679214
-0.045162501736338345,-0.19138214414648053,-0.177579256736373,0.05599999999999971,2.2241570411607643E-9,0.3576931680514566
-0.045506254744274235,-0.19190586638871648,-0.1769325237349715,0.055999999999999765,2.035251219367104E-9,0.3425574236497813
-0.04759720599815087,-0.19730079787862387,-0.17383994183429563,0.055999999999999925,1.2068143508166645E-9,0.2846607962891677
-0.04675520102453026,-0.19453871691022775,-0.17474646776518377,0.05599999999999986,1.526153790368297E-9,0.30099100152543
-0.04783856406124716,-0.19885536404757231,-0.17209762793746516,0.05599999999999993,1.0860781973740476E-9,0.22762855429034165
-0.04734819082000196,-0.19673088228847105,-0.17226800189583213,0.05599999999999992,1.207628739777965E-9,0.22500916521279257
-0.047650465303697175,-0.19920354337544183,-0.16997014178692163,0.05599999999999994,1.0494865096462509E-9,0.18592672310940295
-0.047051494821646625,-0.1972769826357757,-0.16889590092191598,0.055999999999999925,1.1141374994897417E-9,0.18049246162648136
-0.046968764705153515,-0.19897868606620311,-0.16690693957370473,0.05599999999999994,1.0352644491956371E-9,0.1698196773572486
-0.047284832903337036,-0.19712350029234166,-0.1706372393088579,0.05599999999999992,1.145523234822485E-9,0.19228264781272264
-0.04704639805279481,-0.1955240214699045,-0.17315187012406622,0.055999999999999904,1.318405702651904E-9,0.245274729779235
-0.04645070430501323,-0.19378110606499782,-0.1743217324663619,0.05599999999999986,1.5599807390207348E-9,0.26547313545212964
-0.04680580292299319,-0.19472187227970236,-0.173978734958841,0.05599999999999987,1.4474669079030666E-9,0.26646260551859485
-0.04654048465490568,-0.1941251196160609,-0.17294491917809052,0.055999999999999876,1.426785703842226E-9,0.22698116079282135
-0.0468186422898156,-0.19524776680857456,-0.17135080885569123,0.0559999999999999,1.2939115862488976E-9,0.19988779700495765
-0.04599584467828,-0.19274102185136607,-0.17510386505092385,0.055999999999999835,1.6876941227206778E-9,0.2800926511442221
-0.04604223837667796,-0.19285956163719026,-0.17372414116987311,0.05599999999999986,1.5570137152120059E-9,0.243328934461715
-0.04555340652858612,-0.19188400643031117,-0.17575003933937208,0.05599999999999981,1.8364448655356466E-9,0.28802263731046973
-0.04508181025909717,-0.19110700737427008,-0.17653991685604195,0.055999999999999765,1.9983215911207855E-9,0.3046020817058137
-0.04666674808849486,-0.19569588086429546,-0.16920152947169556,0.05599999999999992,1.2163948854690326E-9,0.20353093046998616
-0.04653642642724103,-0.1966584420795371,-0.1672988649391231,0.05599999999999992,1.1511995621563002E-9,0.18406087606067353
-0.045539309968076924,-0.19180423483901318,-0.17450804365218622,0.055999999999999835,1.6841525438668243E-9,0.2555820505717235
-0.044999841225019516,-0.19085629163818088,-0.17536670682024946,0.05599999999999981,1.8404448500957813E-9,0.2638133417054402
-0.04593624196499065,-0.1927177710147567,-0.1726193606813156,0.05599999999999987,1.482223493297562E-9,0.24475149018529718
-0.04599508614233214,-0.19456538160220227,-0.1677934932032462,0.055999999999999904,1.2767351050507187E-9,0.20068709724392095
-0.04611451386501766,-0.19335008290073913,-0.17134824014154432,0.05599999999999988,1.4138909376052453E-9,0.23576603836545593
-0.04617780671708432,-0.19403992510220947,-0.16968723717388742,0.05599999999999989,1.340341721483628E-9,0.22231815736815566
-0.04546588560539039,-0.19168784425875388,-0.17321316023848898,0.05599999999999985,1.5853057701087734E-9,0.2572566005148617
-0.04491109643197849,-0.19065016688823472,-0.17403478305089892,0.05599999999999983,1.716448792717514E-9,0.26688339768374525
-0.045510072039816045,-0.19193516250226858,-0.17174109393209422,0.055999999999999876,1.5161412560356008E-9,0.24866902574412372
-0.045324854553154145,-0.19261843514728674,-0.16834731786404847,0.05599999999999988,1.4090426568762984E-9,0.2124778549291898
-0.04545228906332639,-0.1922002341795522,-0.1700827715080668,0.055999999999999876,1.4486854414438364E-9,0.23385930455209739
-0.0448067376505118,-0.19052483323742953,-0.1725265313446436,0.055999999999999835,1.6294381119910402E-9,0.261665293728069
-0.04466850802935332,-0.190528557695446,-0.17082724439092276,0.055999999999999876,1.5080242583993686E-9,0.24078513367530785
-0.044464956894300155,-0.19072383706599993,-0.16893270535899998,0.055999999999999876,1.5048912325516895E-9,0.21797709663529732
-0.04391650981075901,-0.21689602946761802,-0.16406704127656324,0.055999999999999946,9.681305187789566E-10,0.13168503669127624
-0.04555405824007114,-0.21591004689565055,-0.16597733716582283,0.055999999999999946,9.53040399379986E-10,0.1385473298068853
-0.04432116733861624,-0.2149696233757814,-0.16352279627569943,0.055999999999999946,9.796918815106182E-10,0.13229259818701536
-0.044656622078285066,-0.21282278239810326,-0.16293094776880745,0.055999999999999946,9.881186878991098E-10,0.13283571757050938
-0.04286802965242055,-0.21440537615419952,-0.1613348281347959,0.055999999999999946,1.011043363434155E-9,0.12442785910069233
-0.04603974010043463,-0.2137121421066493,-0.16568397637102905,0.055999999999999946,9.507150640377716E-10,0.1408391052130296
-0.046341453931692804,-0.2115504783568228,-0.16531026299308318,0.055999999999999946,9.540451866902271E-10,0.14359200645651932
-0.04296019773923436,-0.21265144362297556,-0.16061345484923165,0.05599999999999994,1.0229784971020915E-9,0.12101414965236154
-0.045361030060224364,-0.210489105952193,-0.1630835880122832,0.05599999999999995,9.80834800744966E-10,0.13232717044462297
-0.04642078820282063,-0.20846943589401826,-0.16445304985159978,0.055999999999999946,9.590491259735887E-10,0.14386187000242767
-0.04508244997937202,-0.20877095879126328,-0.16207817650283632,0.05599999999999995,9.971790759708404E-10,0.12878444727548866
-0.04662711222179036,-0.2055653617578132,-0.16441383025457176,0.055999999999999946,9.689126419600827E-10,0.14504582685741987
-0.045496623311368195,-0.20656268128414354,-0.1622888117610324,0.055999999999999946,9.96977269661018E-10,0.13167675921172647
-0.04380596329099551,-0.21044389687771578,-0.1607871100771514,0.05599999999999994,1.0289539655947073E-9,0.12425211440008221
-0.044082171434719604,-0.20777501086075292,-0.16043706884535283,0.05599999999999994,1.0546117176779137E-9,0.12427364698647099
-0.0417578340906506,-0.21161404047274232,-0.15897353904606135,0.05599999999999993,1.0626065804581813E-9,0.11679568585976959
-0.04125478661084038,-0.21405062187098373,-0.15949052947407433,0.05599999999999994,1.0373026640931926E-9,0.11613648266367028
-0.040629952179630585,-0.216424546333044,-0.16014798672375344,0.055999999999999946,1.0165759715543657E-9,0.1196924352247314
-0.039924502358800074,-0.21873497558500005,-0.1609374462529999,0.055999999999999946,9.971268414653304E-10,0.12012925571278224
-0.042032555678988746,-0.21791248435352403,-0.16241560819911458,0.055999999999999946,9.831055710398955E-10,0.12371323600882067
-0.04287149596786978,-0.216175537717613,-0.1623096025850292,0.05599999999999995,9.895809467143384E-10,0.12521334147671156
-0.04407494620763986,-0.20547739169965473,-0.16015613086827635,0.05599999999999993,1.071080415780548E-9,0.1281001287594971
-0.04549123475968017,-0.20412329828406972,-0.1621122909111737,0.05599999999999994,1.0272395734146709E-9,0.13615060411323254
-0.0465420144417987,-0.20276278705753542,-0.16428328689399468,0.055999999999999946,1.0079159857220652E-9,0.14862236168729157
-0.04210407393011831,-0.20912405603983536,-0.15860405614826276,0.05599999999999993,1.0887933745019622E-9,0.12039722635726038
-0.042266992401600104,-0.206597875055,-0.1583855758569999,0.05599999999999993,1.1094975822178504E-9,0.12484258757116407
-0.04637849041933218,-0.20013276765241794,-0.16456016930780845,0.05599999999999994,1.038833006030916E-9,0.15602431311625034
-0.046053171290028165,-0.1976361843509391,-0.16500299993563322,0.05599999999999993,1.1205897129638881E-9,0.16453987671265421
-0.04553005639252336,-0.1953197938445666,-0.1654364929602825,0.05599999999999992,1.2588677606334785E-9,0.17762549473208622
-0.045359078267378936,-0.20120670086590062,-0.16222816102541024,0.05599999999999994,1.0564106160415633E-9,0.14351239145371705
-0.043956183992740684,-0.20236689458302912,-0.16013318607199498,0.05599999999999993,1.0887795936808537E-9,0.1347699397999916
-0.045310386487692776,-0.19855196208248166,-0.1629680388904176,0.05599999999999993,1.1144579227946935E-9,0.15344257414307347
-0.042230012087539764,-0.20385336871827614,-0.15831326112608246,0.05599999999999992,1.1441022365452538E-9,0.13227083420599925
-0.04515937104700382,-0.19659380492852857,-0.16367747010646205,0.05599999999999992,1.2051727510211048E-9,0.16161009982580699
-0.044806301096167706,-0.19322416089723085,-0.16575310538153623,0.05599999999999989,1.3851346285280885E-9,0.18613044042191088
-0.044101089801234575,-0.19437090675498542,-0.16327134391349402,0.05599999999999989,1.3408845351362198E-9,0.1675423260869222
-0.04405685787197799,-0.19672303676963745,-0.16182045211781756,0.05599999999999992,1.2141928333924506E-9,0.15324408059350794
-0.043407085691199145,-0.19192717738683795,-0.16424439415101122,0.055999999999999876,1.4543801797769895E-9,0.1769593771995376
-0.04370342515484671,-0.19919069084288457,-0.16047046842138915,0.055999999999999925,1.1474556190743386E-9,0.14447594459412175
-0.04266186825841092,-0.1968395339101619,-0.16009295958824954,0.05599999999999992,1.2450505073715486E-9,0.14777927912286803
-0.0420063264366751,-0.2011176378134751,-0.15839169692091049,0.05599999999999992,1.1711485833753536E-9,0.13872905268048744
-0.04409387028238133,-0.1912208546583732,-0.16664807124923195,0.055999999999999876,1.5070177854096686E-9,0.1989184952482259
-0.04218672644009591,-0.19265607062104462,-0.16179864859440776,0.05599999999999989,1.3676408307408168E-9,0.1651262850476474
-0.0425688135946982,-0.19486730828671123,-0.16086957697451723,0.05599999999999989,1.3267901206552758E-9,0.15728392629292967
-0.041080220192299385,-0.1957416782482108,-0.15898654427457698,0.055999999999999904,1.3092499375606495E-9,0.15181972923513004
-0.04162089883145378,-0.1984078032106575,-0.1586130513023495,0.05599999999999992,1.2195238901186867E-9,0.14563868532765056
-0.04037057591120008,-0.19314924210399995,-0.15954581670299992,0.05599999999999988,1.4057480648134586E-9,0.16129763302636577
-0.04329018666708086,-0.22370605620642994,-0.16848164948929248,0.055999999999999946,9.54715480828254E-10,0.12239542893993266
-0.042209910876016304,-0.22546631179275095,-0.16896801235108078,0.055999999999999946,9.726358598982603E-10,0.12091063561401126
-0.04148944777082738,-0.22456377047191395,-0.16710791355882237,0.055999999999999946,9.644940568216356E-10,0.12100053321261524
-0.04266283218155248,-0.22258874211315988,-0.16659176575317727,0.055999999999999946,9.553681633634519E-10,0.1223688655824365
-0.040485354989272034,-0.22627114808022963,-0.16793594393627853,0.055999999999999946,9.725472631098024E-10,0.12139875699599317
-0.04088056204975849,-0.22369249268151153,-0.1655922043289984,0.055999999999999946,9.618157767874587E-10,0.12010501643140581
-0.04011660726114579,-0.2224102600474685,-0.16373701412260203,0.055999999999999946,9.688691056103059E-10,0.11885289067105459
-0.04188255453742426,-0.2214676949291659,-0.16474662328825707,0.055999999999999946,9.588620689611164E-10,0.12258127975993538
-0.04415741317746727,-0.2217088572356638,-0.16784851900309355,0.055999999999999946,9.431227787412128E-10,0.12465537693708584
-0.0449635156041757,-0.2195344153802184,-0.1673521372571229,0.055999999999999946,9.457368414709214E-10,0.1274795914701403
-0.0395318167888484,-0.2255013335903438,-0.1660966202414375,0.055999999999999946,9.65061599740857E-10,0.11914696685647364
-0.03840370263051984,-0.22717239123771218,-0.16705276433329896,0.055999999999999946,9.637390649926721E-10,0.11684679974016965
-0.03933075462342479,-0.22420956043594686,-0.16461389386680508,0.05599999999999995,9.644514626127418E-10,0.11782751751480947
-0.03603952101240002,-0.22788246535300005,-0.16617361165799993,0.055999999999999946,9.711239146903412E-10,0.11257735284884929
-0.03711694621799926,-0.22595637343147876,-0.16464453239098797,0.055999999999999946,9.797611661738103E-10,0.11432229623341912
-0.03813254832992611,-0.22372426421483715,-0.16323141139356478,0.055999999999999946,9.763758508697887E-10,0.1170651323033075
-0.039065981813213586,-0.22128596562124048,-0.16199174881946057,0.055999999999999946,9.853036705957604E-10,0.1186266175569091
-0.04112103773840783,-0.22016715764706898,-0.16298367397839744,0.055999999999999946,9.724848426410392E-10,0.12128879748156211
-0.043603550680182755,-0.22030415249425692,-0.16593231160871497,0.055999999999999946,9.512487366541284E-10,0.12571499737370678
-0.044516472753880335,-0.21798968965803955,-0.165597034595024,0.055999999999999946,9.534237603487398E-10,0.13287984704795655
-0.042850680917238745,-0.2191319432062131,-0.1641459041540742,0.055999999999999946,9.646740544570266E-10,0.12691986194988866
-0.045638167148815835,-0.2174091509446982,-0.16702644490522028,0.05599999999999995,9.395946847252736E-10,0.13498845684495347
-0.04460881263773578,-0.19045047563135248,-0.17743117087837626,0.055999999999999724,2.1205277927647393E-9,0.3260909701123313
-0.04442242306422302,-0.19000041927784742,-0.17626875226647618,0.055999999999999765,1.9955229144765796E-9,0.27288237650131886
-0.04403472077393212,-0.18953881025803698,-0.17709612424430882,0.055999999999999724,2.1208308094165218E-9,0.28944522879219886
-0.04416169310285556,-0.1894820648872711,-0.1749368363365209,0.05599999999999979,1.8821105719413425E-9,0.2770849126894273
-0.04316858725222236,-0.18837599956698425,-0.17697515869006222,0.05599999999999971,2.2140714589179012E-9,0.28403778690099
-0.042532325291813416,-0.18773339457295193,-0.17747818482315533,0.05599999999999966,2.386257891041623E-9,0.2850115858911847
-0.04368811920758167,-0.18890069281473848,-0.17594391628317138,0.055999999999999765,2.0313812122489737E-9,0.2810272780059297
-0.04286325983473401,-0.18785902418966494,-0.17592543701174346,0.055999999999999724,2.120883540809047E-9,0.2863576714033877
-0.04252780480487454,-0.18759881510583967,-0.17676069861410068,0.055999999999999696,2.267809784511606E-9,0.28608229610517083
-0.041933016383287405,-0.1870684952811881,-0.17725328601232407,0.055999999999999654,2.4189273296124158E-9,0.29150649417062685
-0.04318148927602536,-0.18812122021186867,-0.1745446810394966,0.05599999999999977,1.951018940172581E-9,0.27927432525861307
-0.04394134591538064,-0.18911828571858982,-0.17347631248231335,0.05599999999999982,1.7777183013150021E-9,0.26634045387798483
-0.04380601029542375,-0.18901784636519714,-0.17191690005543142,0.055999999999999835,1.6552199384619937E-9,0.25298942129065516
-0.042406559472699945,-0.18726180314730886,-0.1751831472521614,0.05599999999999974,2.0978420173981677E-9,0.28188999624922323
-0.042354498362531495,-0.18714318296919125,-0.17425733924988893,0.05599999999999976,2.0127676086563098E-9,0.27438867526171806
-0.042016430797293516,-0.18694608202075827,-0.17602426598988505,0.0559999999999997,2.2607688234142127E-9,0.2913975066847868
-0.04113045963873255,-0.1862607554481984,-0.17695532445819076,0.055999999999999626,2.494070561386762E-9,0.29746074101189457
-0.041694856880464655,-0.18650630834896886,-0.17496420994659725,0.055999999999999724,2.1741108389260396E-9,0.28293510229698077
-0.040914773549622196,-0.1858916286304091,-0.1758912598805186,0.05599999999999967,2.3495563990665945E-9,0.2940848821498516
-0.04333119658508069,-0.18885142318428327,-0.16949379826452557,0.05599999999999984,1.5935140892211419E-9,0.22848623430698667
-0.04272781450543019,-0.18755766073056546,-0.17304110179996063,0.055999999999999814,1.8400299628840603E-9,0.26480583899479304
-0.042698050286695634,-0.18767428213665688,-0.17133457394600368,0.05599999999999983,1.6975589100024354E-9,0.24321912427637898
-0.041690858518923964,-0.18644168197111644,-0.17353804578920395,0.055999999999999765,2.0129570653397736E-9,0.26959561873893484
-0.04000795500484506,-0.18534371357566193,-0.1769634226015796,0.055999999999999654,2.4386816311025066E-9,0.297904282400211
-0.040633151852298294,-0.1855137644262497,-0.17460399103201202,0.05599999999999971,2.216574466288118E-9,0.28548080046341956
-0.03961611209968306,-0.18481379264125625,-0.17560126437647114,0.055999999999999696,2.2647733531219493E-9,0.29174224051999115
-0.04195336532521034,-0.1871389930550869,-0.1699269363340021,0.055999999999999835,1.6302520969020327E-9,0.22907774475834522
-0.041504306441711915,-0.18634449242754744,-0.17192172098267072,0.055999999999999814,1.8147049423084769E-9,0.25281870947902557
-0.04058518682300218,-0.1854350305237201,-0.173416236294128,0.05599999999999976,2.013842110787336E-9,0.26868091753509804
-0.03921941759754403,-0.18438542302746075,-0.17401651148429176,0.055999999999999765,2.0392086166486683E-9,0.2806303546719659
-0.04033853567898034,-0.18559666418085444,-0.17016585406044135,0.05599999999999985,1.6254258666726828E-9,0.23522061342686693
-0.039972552050691695,-0.18501642542239924,-0.17190179495628058,0.05599999999999981,1.8451419300929993E-9,0.25669253266237874
-0.03882494727129519,-0.18413800744874115,-0.1721957300099482,0.05599999999999983,1.740213024586506E-9,0.25707746190074
-0.038432763598400074,-0.18416148516099992,-0.17014392661599997,0.055999999999999835,1.6511383115758162E-9,0.24562110311588325
-0.039589859185984136,-0.2312582214442577,-0.17701676254254936,0.05599999999999993,1.0958257401800886E-9,0.12679725100200878
-0.04172617424179686,-0.22993670705990027,-0.1773771815358599,0.05599999999999993,1.0983396649819898E-9,0.1303494612130893
-0.040706161369045875,-0.2304772143767142,-0.1764460651781014,0.05599999999999993,1.0933894667667427E-9,0.1239429519176332
-0.039567216607097354,-0.23097150166061597,-0.1755899073531455,0.05599999999999993,1.0588212561672573E-9,0.12135016037502354
-0.04100363101296836,-0.22990024898838532,-0.17494414733637825,0.05599999999999994,1.0534248748037785E-9,0.11923874765902387
-0.042738289856062796,-0.22894604879613714,-0.176750093935136,0.05599999999999994,1.048593872698352E-9,0.12668128109828175
-0.04353167973278393,-0.22795963886804016,-0.17606812335640926,0.055999999999999946,9.996079952921264E-10,0.12283800493879998
-0.04444812877717569,-0.22699300344919587,-0.17651534814244332,0.05599999999999995,9.865884479802641E-10,0.12526778807527444
-0.03945344435260002,-0.23066648410900004,-0.174299408731,0.05599999999999994,1.0452378673388338E-9,0.11567135532397195
-0.04168635333414568,-0.22970761422193883,-0.17615491559609328,0.055999999999999925,1.0646386051646483E-9,0.12320927950237778
-0.04020831470684793,-0.2299271781366549,-0.1734812323176522,0.05599999999999994,1.025804066326534E-9,0.1136559808341802
-0.04238146506091596,-0.22876960656979492,-0.17488707873275725,0.055999999999999946,1.0181446613030837E-9,0.11874426740557896
-0.041476006712650164,-0.2291466238593783,-0.17375118147070387,0.05599999999999995,1.015926244200738E-9,0.11250806297003035
-0.04103747383361742,-0.2290023962653797,-0.17265142006684767,0.055999999999999946,1.0011179704624674E-9,0.11204996653252436
-0.042272290831101345,-0.22824509184464223,-0.17322811646252914,0.055999999999999946,9.882721570136115E-10,0.11322779538748894
-0.041917890487487584,-0.2278483174663054,-0.17183274662691034,0.055999999999999946,9.798926940021027E-10,0.11182340149882113
-0.0430388232712595,-0.22710760461210658,-0.17252929682405074,0.055999999999999946,9.632331898251836E-10,0.11423871884459164
-0.04338033120426049,-0.22755087531920773,-0.17433554267704418,0.055999999999999946,9.742891255916133E-10,0.11793391063449454
-0.044049162995927774,-0.2262989155326243,-0.17336932364819232,0.055999999999999946,9.531630613908532E-10,0.11881504496692336
-0.04427632929557012,-0.22673169847089117,-0.17506781240430283,0.055999999999999946,9.689953946303128E-10,0.12224628457736074
-0.042793623199288325,-0.22648495527179446,-0.1710849486075126,0.055999999999999946,9.58298068072539E-10,0.11564974457683432
-0.04362798355842963,-0.22605488976914495,-0.1719478157432786,0.05599999999999995,9.508099172572476E-10,0.1156859404264549
-0.04295114705704499,-0.19022082758765654,-0.16553197858305418,0.05599999999999987,1.5137993576146859E-9,0.19026269649524713
-0.042950854318133676,-0.1893672947388211,-0.1669762575447285,0.05599999999999986,1.55997908908522E-9,0.20413431592168307
-0.042132005133457155,-0.19068478777338355,-0.16353440320538626,0.055999999999999876,1.5029045692656854E-9,0.1782749216029589
-0.04182394788679689,-0.18899994758241287,-0.16527871185064963,0.05599999999999986,1.5513239889442834E-9,0.1952215359850403
-0.0417554240805572,-0.1877854107341434,-0.16743715795679306,0.05599999999999984,1.5720178177537552E-9,0.21473676178898873
-0.04107561589256473,-0.19121148925200798,-0.1616343071757245,0.05599999999999987,1.4705694425129683E-9,0.16856260329400524
-0.04043222247003545,-0.18761420498204756,-0.16525425784859998,0.05599999999999986,1.5208898474593899E-9,0.19981747283320211
-0.04031232578817763,-0.1891724918005456,-0.16281304265313995,0.055999999999999876,1.5167697852330953E-9,0.1836550886508954
-0.04067096892513647,-0.18630365311295216,-0.16864529296111738,0.05599999999999985,1.5851536078084183E-9,0.2217152616635647
-0.03963715131837611,-0.186235146147278,-0.16663728372747572,0.05599999999999987,1.5484190267728164E-9,0.213985426409609
-0.03941268725353256,-0.1905944337546974,-0.16038467967702058,0.055999999999999876,1.4621369621881409E-9,0.16988254767677272
-0.03872880165984926,-0.18681434642829334,-0.16414374305114118,0.055999999999999876,1.5201198859491181E-9,0.20252328739656175
-0.03822695152548018,-0.1883066283660122,-0.1614328695724684,0.055999999999999876,1.4830056359278193E-9,0.18362735588008797
-0.039482390939640614,-0.1853188250135416,-0.16869315802365306,0.05599999999999985,1.5888979642275656E-9,0.2271745765872489
-0.037980531753498935,-0.18458669040892708,-0.16764276431361735,0.05599999999999985,1.6192370702472264E-9,0.23051248220560583
-0.03746913016153973,-0.18534606931189773,-0.16510908410186206,0.05599999999999986,1.5281053131896407E-9,0.21396032970645643
-0.03677173307700004,-0.18628985368299994,-0.16257521948799997,0.05599999999999986,1.5271166266882119E-9,0.2009966047166449
-0.03898839712608851,-0.23054152666584962,-0.17331440599316314,0.055999999999999946,1.0208711723882713E-9,0.11592342821576214
-0.03819338886241272,-0.23132608798633697,-0.1744433009181688,0.05599999999999994,1.046626258559287E-9,0.11952540353233387
-0.039936784842586184,-0.2295992589367856,-0.1723773583187692,0.055999999999999946,9.983699022220897E-10,0.11517310566638554
-0.04058541108573855,-0.22870883149793753,-0.17149908487447205,0.055999999999999946,9.876198465373637E-10,0.1153375638985298
-0.03857721818407081,-0.2300741060872273,-0.17184149417494124,0.055999999999999946,9.9315847588004E-10,0.11852586383874475
-0.03957982104667504,-0.2292133983176364,-0.17124980295129671,0.05599999999999995,9.870391011590834E-10,0.11742159996299524
-0.031212527194113854,-0.23377952415886277,-0.17617449728525952,0.055999999999999946,9.66917283882021E-10,0.13409180504456283
-0.03024152494807966,-0.23360741407678998,-0.17491578498142837,0.055999999999999946,9.788712190125223E-10,0.12950589317136582
-0.0292065491737,-0.234164673858,-0.176695795963,0.055999999999999946,9.659745440955942E-10,0.1359726868201197
-0.035096396206004875,-0.23262887511249294,-0.17514900909011227,0.055999999999999946,9.879263096070326E-10,0.12809785310127522
-0.036749485710576076,-0.23198301995690063,-0.17473893244634453,0.055999999999999946,1.0175762593949995E-9,0.1241132374182961
-0.0353134686507837,-0.23198538339731256,-0.17332723808388434,0.055999999999999946,9.81786141245737E-10,0.1258931833718842
-0.033800970132172016,-0.23273258080449374,-0.17430564507220908,0.05599999999999995,9.750686830859593E-10,0.12770608084487772
-0.033203824869791974,-0.23324960182854318,-0.1756564139002869,0.055999999999999946,9.721455557782474E-10,0.13128225953488606
-0.03233423802263941,-0.23310256798427353,-0.1744159470345531,0.055999999999999946,9.701802197985265E-10,0.12920687990200283
-0.03134984831136186,-0.232874483565015,-0.1731031037967565,0.055999999999999946,9.760498973225215E-10,0.12543112781656732
-0.033339419276106556,-0.23243741801838363,-0.17305180340173634,0.055999999999999946,9.6856922557907E-10,0.12591409314708396
-0.03741895076010596,-0.23112072426995636,-0.17301248942416128,0.055999999999999946,9.986510179451476E-10,0.1215996210722329
-0.03616517207159703,-0.23108666250346258,-0.17179616550252189,0.05599999999999995,9.77662036831046E-10,0.12159712398773075
-0.03984651600293721,-0.22851967523557218,-0.17037504822800179,0.05599999999999995,9.768093019586157E-10,0.11883403336905285
-0.04098280755887568,-0.2276472219190773,-0.17030597512849543,0.055999999999999946,9.775286155988117E-10,0.11981854637398694
-0.03449338460943478,-0.2314444788996188,-0.17130059800216854,0.055999999999999946,9.711148049196024E-10,0.12069826785508551
-0.03609553750988569,-0.23025092476777625,-0.16997382764324817,0.055999999999999946,9.746636847143276E-10,0.12056304032333728
-0.03379531609913272,-0.2307768588099404,-0.16940750209013192,0.055999999999999946,9.689549187674974E-10,0.11683901525368012
-0.037308805989019554,-0.2304300519747898,-0.17136754078039773,0.05599999999999995,9.854900253979542E-10,0.1206321614585029
-0.0383854336107556,-0.22920628119456993,-0.17006076385732752,0.055999999999999946,9.81028508607635E-10,0.12138347824521782
-0.03743578488058604,-0.22871759309268236,-0.16840660507569918,0.055999999999999946,9.714047844184104E-10,0.11779788966756687
-0.032580798533810844,-0.23192017288341346,-0.17121110271021808,0.055999999999999946,9.733102959037161E-10,0.12090054628048041
-0.03495177647106542,-0.22944095024817035,-0.16772734648369378,0.055999999999999946,9.641607123912079E-10,0.1151232148488112
-0.03953705704895449,-0.2278484524067228,-0.16904985953671992,0.055999999999999946,9.758262592661068E-10,0.1220591309161384
-0.04131278281881266,-0.22667597952662483,-0.1693644990730829,0.05599999999999995,9.665584812774225E-10,0.12111009581914767
-0.04080588152896392,-0.20523405529522865,-0.1571676890117692,0.05599999999999992,1.1541516348466392E-9,0.1276966499701947
-0.040233125068625045,-0.2073266962533177,-0.15686254728603533,0.05599999999999992,1.1482054577368921E-9,0.12347782823334767
-0.03888224329576478,-0.20525872486736724,-0.15588594680896503,0.05599999999999992,1.1872382128901354E-9,0.12930312220094123
-0.038011479500173674,-0.20778378381371812,-0.1555024008539275,0.05599999999999992,1.1728079261011658E-9,0.12282186091932677
-0.04012099718353717,-0.20288936411494013,-0.1567646226975053,0.055999999999999925,1.1806848874386319E-9,0.13577704612519856
-0.039919656147305124,-0.1998240923116158,-0.15699885970418984,0.05599999999999992,1.192150007884595E-9,0.14262471434073684
-0.03943505260418144,-0.197022220643681,-0.1572708549651124,0.055999999999999925,1.2581355836858923E-9,0.14941556434125083
-0.0380484115952402,-0.20092078685329112,-0.1556327312177809,0.05599999999999992,1.2081613070825966E-9,0.1411191740228282
-0.038159160922434494,-0.19889252833303314,-0.15600346505686918,0.05599999999999992,1.225030699583405E-9,0.1443608022911225
-0.03941676146021962,-0.19488464232454475,-0.1579447196439839,0.0559999999999999,1.3299502283800418E-9,0.1529787084998997
-0.03710341843779277,-0.19706856434285847,-0.15573335593198728,0.055999999999999904,1.2871523884649426E-9,0.1490275773241588
-0.037662727890533716,-0.195170860673567,-0.15659939780785645,0.05599999999999989,1.3383073041079887E-9,0.15297442247352067
-0.03830998339513516,-0.19329936959287666,-0.1577654377052746,0.05599999999999988,1.4124144636669178E-9,0.15718879310517125
-0.036046794246438155,-0.1932409546066679,-0.15624144997734984,0.055999999999999876,1.4388539204147801E-9,0.16153665565569839
-0.04019532330803037,-0.21300615730621741,-0.15816107724781459,0.05599999999999993,1.0760295378368643E-9,0.1143881069460449
-0.038891867234031804,-0.21741797257269857,-0.1593393557308375,0.05599999999999994,1.0226694363032162E-9,0.11547032883112232
-0.037537930830569013,-0.21920388521286277,-0.15953007060652405,0.055999999999999946,1.0178603107595902E-9,0.117891807930784
-0.03918612009230108,-0.2154135581949729,-0.15846816418168885,0.05599999999999994,1.050813945925712E-9,0.11506910668627789
-0.039699787013841144,-0.20941259929870445,-0.15678457901381884,0.05599999999999993,1.1303784647260689E-9,0.1194101418392673
-0.040530229122754564,-0.21111863784146065,-0.15778619606912375,0.055999999999999925,1.1033354949206896E-9,0.11540775316540834
-0.03872191877992069,-0.2117909525118517,-0.15671347971329844,0.05599999999999993,1.1102927363351448E-9,0.11410713449501375
-0.03693933038085571,-0.2169736661954205,-0.15784590720239194,0.05599999999999993,1.0573838107379867E-9,0.11508740362214055
-0.037855035927695076,-0.21427835670760587,-0.15706785514464294,0.05599999999999993,1.083611925984293E-9,0.11335326413902182
-0.035035772776023155,-0.21929007067414852,-0.15825210469522924,0.05599999999999994,1.0429750535335914E-9,0.11628685703561144
-0.03651313271023633,-0.2127694246264052,-0.15573979445453104,0.05599999999999993,1.1184687890702278E-9,0.11339081405426821
-0.03731306211286167,-0.21024654787648459,-0.15548806234922793,0.05599999999999992,1.1467150233299852E-9,0.11714384656727604
-0.03423552000787713,-0.21706530389832487,-0.15657507559131487,0.05599999999999993,1.0811841734432406E-9,0.11311472891352757
-0.0354842009971325,-0.2150213643688931,-0.15610632173041555,0.05599999999999993,1.0987875086315386E-9,0.1119373933370993
-0.032481712045803315,-0.21904014550870982,-0.15710391655038589,0.05599999999999993,1.0700205534250114E-9,0.11500004803618454
-0.03204391302484499,-0.21721108235871095,-0.1558656036910156,0.055999999999999925,1.1012210001739662E-9,0.11185712979634133
-0.029921533656200018,-0.21847797113000003,-0.15608708543799993,0.05599999999999993,1.1074031474329137E-9,0.11477957976584562
-0.03866301360092979,-0.18436265226480536,-0.17680164203939033,0.05599999999999968,2.3272530745858265E-9,0.30356019485699265
-0.038171907939093676,-0.1837920718377668,-0.17527105483903294,0.05599999999999972,2.187023385499212E-9,0.2982420975180665
-0.03703913389202024,-0.18336898670463864,-0.17661277338664108,0.05599999999999972,2.2024079426269655E-9,0.3166834393972753
-0.037770382627626456,-0.18341445214643506,-0.17357352437187812,0.05599999999999978,1.9357332618411472E-9,0.27796364110385174
-0.03648243923686395,-0.18280928513837152,-0.17495062789043464,0.055999999999999765,2.022173928270992E-9,0.30442104500627293
-0.03524948392970716,-0.1824712632090681,-0.1763278405536105,0.055999999999999765,2.0316638458024993E-9,0.3144546325319109
-0.03693253201879085,-0.18297661073789673,-0.17164728659925843,0.05599999999999982,1.7466465155934453E-9,0.2598538803122517
-0.03627729418295948,-0.18258173671924346,-0.173372600810495,0.05599999999999981,1.847360732482752E-9,0.28204226846283936
-0.034691401645441704,-0.18194517664533577,-0.17431375518452125,0.05599999999999979,1.8751337969857554E-9,0.30539923802180985
-0.03315281462253069,-0.18166396867906678,-0.17596201404985928,0.05599999999999978,1.9167272166342235E-9,0.31583141876503024
-0.036227239909708386,-0.18283698234154117,-0.16979668399236,0.055999999999999835,1.6935793270694047E-9,0.2513342780717789
-0.03469846963589285,-0.1818543136912858,-0.17177809033052394,0.05599999999999983,1.7375155850467724E-9,0.2804898020013515
-0.032589390999708645,-0.18116903139562682,-0.1735029802512845,0.05599999999999981,1.8061924910951829E-9,0.31069751004265106
-0.030977613909627787,-0.18106223093163293,-0.1755116628012383,0.05599999999999978,1.918817310879285E-9,0.3276988635940241
-0.0337747115919098,-0.1817347912697339,-0.16919641817519884,0.055999999999999835,1.6757964084932124E-9,0.26120301957319075
-0.03198691976495707,-0.18092258873212422,-0.17101705405168996,0.05599999999999982,1.7420269192294818E-9,0.2975129852945332
-0.03003202306383445,-0.1805693041137959,-0.17313412571005565,0.05599999999999978,1.89822908453034E-9,0.3320740255506897
-0.0311408819546558,-0.18090570055521688,-0.16847034749136444,0.05599999999999982,1.7608402863146737E-9,0.2843737010454197
-0.029121052146809014,-0.18028567026942519,-0.17050054210720006,0.05599999999999981,1.8499406176623611E-9,0.32994747418950193
-0.028384241439199997,-0.18033352588600007,-0.167715339487,0.05599999999999981,1.875906388925634E-9,0.31774798789771125
-0.0377686070495227,-0.19129348520706693,-0.15842525648060085,0.055999999999999876,1.4431440494523708E-9,0.16619542070686924
-0.037016365013044554,-0.1892076219638318,-0.15935312793282747,0.055999999999999876,1.490910516135412E-9,0.17495275837258983
-0.03407428051503885,-0.19111302047042455,-0.15597303712168112,0.05599999999999987,1.5214433038609977E-9,0.16659797566868528
-0.03577412276829452,-0.19022186173134434,-0.15760037635184024,0.055999999999999876,1.5163619039732189E-9,0.17123580328090748
-0.03636924962300456,-0.18732995487854076,-0.16070309783519438,0.05599999999999987,1.5089396312653812E-9,0.1847684837069929
-0.03451594993988526,-0.18752998329489876,-0.15885622969432006,0.05599999999999987,1.561971103053562E-9,0.18574897855380676
-0.03333542211159026,-0.18915032768754056,-0.15667221253945735,0.05599999999999985,1.5919020424946517E-9,0.1778749954658486
-0.03470988303937365,-0.1856972211906807,-0.16128757261482096,0.05599999999999985,1.570745478252858E-9,0.203009621257353
-0.03114102976404685,-0.18884122126184302,-0.15561408976070693,0.055999999999999835,1.673458765964834E-9,0.18677012074797958
-0.03160233164024936,-0.18658393471690182,-0.15772946865402226,0.055999999999999835,1.6517713771006336E-9,0.19931381223192707
-0.03251100143571273,-0.185125887371265,-0.16013805493957098,0.05599999999999984,1.621433096669778E-9,0.21104987187819063
-0.02939202546853092,-0.18711938881237844,-0.1560097774152814,0.05599999999999982,1.7803722172833237E-9,0.2027892583733554
-0.02931036855937706,-0.18551048821781985,-0.1575170281752467,0.055999999999999814,1.7492375572715525E-9,0.21648836764249343
-0.030209836396685705,-0.18457874732425403,-0.15919656270220503,0.055999999999999814,1.7485426813878858E-9,0.2227676244891613
-0.027559835171624695,-0.1857469748065521,-0.15644993037142924,0.05599999999999978,1.8991665957049787E-9,0.23034984717218876
-0.02781305830669998,-0.18404950537700007,-0.15852256891400004,0.055999999999999786,1.8883078545406386E-9,0.2515079212837052
-0.03521099207125662,-0.22674360855037995,-0.16436194302932242,0.05599999999999995,9.785187082895233E-10,0.11186504898688998
-0.033849293549582014,-0.22810061876923657,-0.16530209392412712,0.055999999999999946,9.831596387043456E-10,0.11173655621938546
-0.0334075364859779,-0.2264967666548899,-0.16331883462330243,0.055999999999999946,9.913171696309253E-10,0.11423935398363196
-0.032904045253693705,-0.2251424620536402,-0.16182952430645808,0.05599999999999995,1.0049250521919544E-9,0.11308352526479237
-0.03124264160855396,-0.22617004304642807,-0.16233866698197258,0.055999999999999946,1.0102421078941073E-9,0.11386080290079333
-0.03160768660919555,-0.22793068253196846,-0.16434259811872048,0.055999999999999946,9.900341236762803E-10,0.11374037478419391
-0.0355485067913692,-0.22477306133476577,-0.16259004093767113,0.055999999999999946,9.913988133368468E-10,0.11510880074517879
-0.03790181903312518,-0.22058047128879069,-0.16066958658522074,0.05599999999999995,9.90923208396767E-10,0.11788111365849507
-0.029240677489727765,-0.22740845893512449,-0.16328359306693846,0.055999999999999946,1.0027655115043277E-9,0.11424791202408442
-0.02925530935009557,-0.22595810182243692,-0.16175185768603334,0.05599999999999995,1.0111844764603855E-9,0.11291267793648034
-0.0358520544361043,-0.2208640825197115,-0.1596844880205918,0.055999999999999946,1.0130218830249455E-9,0.11759576931881587
-0.03374105534281966,-0.22306544554798954,-0.16036840980298495,0.055999999999999946,1.0073746355462081E-9,0.11652418298605391
-0.030696714652196554,-0.22422962108416067,-0.1604195768293734,0.055999999999999946,1.0208593477459468E-9,0.11457803839007706
-0.03691804783393458,-0.22248435217162343,-0.16143941071976126,0.055999999999999946,9.90943515567911E-10,0.11838799933994935
-0.02790539638113266,-0.22482847649384205,-0.16051638022918185,0.05599999999999994,1.0332304643024223E-9,0.11356713766514513
-0.026903605654200004,-0.22662538897600004,-0.16222057964499997,0.055999999999999946,1.0132360577709366E-9,0.11458765597467424
-0.03332197257917241,-0.2207671774509431,-0.1585276337437879,0.05599999999999994,1.032260553983094E-9,0.11530866104240106
-0.030958352198972954,-0.2219800109143344,-0.15868545487821298,0.05599999999999994,1.03182321867843E-9,0.11423778187936495
-0.02871084740349801,-0.2228397467026773,-0.15892395882626148,0.05599999999999994,1.0441600002770878E-9,0.11306002457325807
-0.031190938580487278,-0.22032149926471556,-0.15756897035841408,0.055999999999999925,1.0676235961577465E-9,0.112973164172847
-0.029365031045605713,-0.2207095284528571,-0.15744874834782685,0.05599999999999993,1.0693017887985966E-9,0.11329892053591094
-0.037953332731650906,-0.23213889520076747,-0.1775121060162016,0.05599999999999993,1.061918487866152E-9,0.13257410605979023
-0.038643042345357044,-0.23156410996378554,-0.17609192857963052,0.055999999999999925,1.076411988741536E-9,0.12219192157101581
-0.0364381001228365,-0.23251781589256781,-0.17641558347110925,0.055999999999999946,1.0156699028960936E-9,0.1279011036474185
-0.03758691824944874,-0.2319806119130763,-0.17589474598274607,0.055999999999999925,1.0558004023594884E-9,0.12354926677655395
-0.03484168905441883,-0.23308579196862572,-0.1767910371439843,0.055999999999999946,9.752438421183924E-10,0.1326757662938991
-0.033001523365533435,-0.23364888588018595,-0.17732059602779587,0.055999999999999946,9.604287472166055E-10,0.13873537043692055
-0.0367860509905804,-0.18356081178197708,-0.16829109236044712,0.05599999999999986,1.5509963324799256E-9,0.23389073619541265
-0.03626365499803723,-0.1840122128872144,-0.16618078775080894,0.055999999999999876,1.5107586129399522E-9,0.22573935244808518
-0.03553613767138888,-0.18482493579733553,-0.16357818238876795,0.055999999999999876,1.5128089365761906E-9,0.2131183578071667
-0.03368066594710019,-0.1844034696439309,-0.16228573729034115,0.05599999999999986,1.5503892042169225E-9,0.21605059576333197
-0.03511407406411876,-0.18272230220243682,-0.16780223970780772,0.05599999999999986,1.5538205954118511E-9,0.23890764172318044
-0.034039365289154515,-0.1832282637046712,-0.1649117864867628,0.05599999999999987,1.5388295832206407E-9,0.23195725843825588
-0.03202945383196178,-0.18379389596162415,-0.16175978081540907,0.05599999999999985,1.6096416516463286E-9,0.22143091955069782
-0.032158382761195786,-0.18296465697226638,-0.16339963869097116,0.05599999999999985,1.6016726460838655E-9,0.2320883875104812
-0.03289640056949414,-0.18188090803375073,-0.166993013366798,0.05599999999999985,1.5966240258140126E-9,0.25201392752542223
-0.031930590053839206,-0.1821211405823503,-0.1650713030693084,0.05599999999999985,1.5983329119862448E-9,0.24247898857596556
-0.02992336992117368,-0.18254407164795744,-0.16226876713382313,0.055999999999999835,1.6781190048386131E-9,0.24695833504909112
-0.030014478837101975,-0.1835508428210022,-0.16056762415445514,0.05599999999999983,1.706489828567107E-9,0.2348132679740145
-0.03012141759710213,-0.18182146384047,-0.16401231441459527,0.05599999999999983,1.7025846547798679E-9,0.2553120971261109
-0.030736761488725218,-0.18127637318071152,-0.1662152796378102,0.05599999999999983,1.700610345487594E-9,0.26910863838203947
-0.02786755994200588,-0.18154748783627844,-0.16288095402164768,0.05599999999999981,1.8575967602776975E-9,0.28285451516086857
-0.027856220356420512,-0.18267021876026976,-0.16062818112493243,0.05599999999999979,1.884853294007222E-9,0.2671567366440986
-0.02800778788327021,-0.18075326949278506,-0.16526409705736955,0.05599999999999981,1.8661410444856996E-9,0.3004126840374612
-0.02802354989084827,-0.23380174565780282,-0.17498357372589488,0.055999999999999946,9.822217051827806E-10,0.1341550490865482
-0.029674366532707913,-0.2330781159824512,-0.17304254515225015,0.055999999999999946,9.798334694328015E-10,0.12646129546148335
-0.026722284551330196,-0.23336888803794187,-0.1735237313645917,0.055999999999999946,9.9991313840258E-10,0.13206338542348858
-0.02785405804297265,-0.23315496283864728,-0.17292065867371198,0.05599999999999995,9.90188420121791E-10,0.12823201051460859
-0.028090313008605015,-0.23094980561164,-0.16806848721506845,0.05599999999999995,9.910497696924822E-10,0.11694666150310669
-0.0261804493371562,-0.23112062660585297,-0.16829899393598527,0.055999999999999946,1.0099466095289128E-9,0.11830630661814416
-0.028030908061941025,-0.23174960753516793,-0.1695603983637368,0.055999999999999946,9.85974661097478E-10,0.12004820671508931
-0.026981172868244363,-0.23286970901381046,-0.17208212133559697,0.05599999999999995,1.0035060558410246E-9,0.12698572415469575
-0.025329844933355942,-0.2328410922333809,-0.1720828887508317,0.055999999999999946,1.0111585298820938E-9,0.1278681895998959
-0.02824361726196663,-0.23252728510507079,-0.17130464229784825,0.055999999999999946,9.887743083264129E-10,0.12395461767758169
-0.030429242935802316,-0.2321098618156321,-0.17077710731831866,0.055999999999999946,9.744744719004132E-10,0.12123759021379761
-0.03168280304545386,-0.23133960941373022,-0.169540597195771,0.05599999999999995,9.685276372037052E-10,0.1171607810297823
-0.026234492327915422,-0.23217456684700868,-0.17038978328000448,0.055999999999999946,1.0038336451340283E-9,0.12520145452260312
-0.02984753879810241,-0.23117463815927058,-0.16871452012704996,0.055999999999999946,9.75608081658556E-10,0.11698966006614386
-0.03189211596727105,-0.23041450530084112,-0.16790943182290896,0.055999999999999946,9.746017973375445E-10,0.11571824829047161
-0.03215156942627107,-0.22921846803122387,-0.16615515268356446,0.055999999999999946,9.766089030248527E-10,0.11339720089831674
-0.02917159849943017,-0.22999140267622326,-0.16663542312373478,0.055999999999999946,9.877240433663277E-10,0.11688066035171321
-0.029487274769238736,-0.22875519903474423,-0.16494930198968427,0.055999999999999946,9.90479325195297E-10,0.11392854674321001
-0.023846316588818167,-0.2321607630811654,-0.17057739049475001,0.055999999999999946,1.016663267320714E-9,0.12258389856298468
-0.02448142361208114,-0.23158520117801093,-0.16925633569745738,0.05599999999999995,1.0153091767453443E-9,0.11985448230462865
-0.026429361599984817,-0.23018638373146114,-0.16675808051135843,0.055999999999999946,1.0004243185014601E-9,0.11599968404153423
-0.0271635964318049,-0.22914801055481843,-0.16527420892731767,0.055999999999999946,1.0022275482571817E-9,0.11473333837106776
-0.023418643130390968,-0.2303782566315894,-0.16722925338555963,0.055999999999999946,1.0203750032736008E-9,0.11694888567675202
-0.027627933476233678,-0.22816739884296364,-0.16402837724257952,0.05599999999999995,1.0096395551598303E-9,0.113676612088681
-0.0223039153216,-0.23123550829800002,-0.168895004643,0.055999999999999946,1.0192920836585157E-9,0.11753694758904538
-0.025737322994300354,-0.22814705010756245,-0.1639602154078199,0.055999999999999946,9.987991613898637E-10,0.11411678992564141
-0.02453407479564621,-0.22939609815601933,-0.16565463582113762,0.055999999999999946,1.0079707671748026E-9,0.115069190154731
-0.02930504364321201,-0.1812313407878294,-0.17754316175906534,0.055999999999999765,1.9792562321288837E-9,0.3802859434365035
-0.02815466337989256,-0.18063350322337493,-0.1751996469298699,0.055999999999999765,2.0101862328426848E-9,0.3626839843854009
-0.026669729597485446,-0.18095372943267116,-0.1771223552167252,0.05599999999999974,2.095570267441023E-9,0.4233019778948086
-0.026846302185362696,-0.18013334345778503,-0.17243394213525207,0.055999999999999765,2.0335560873600373E-9,0.35750263037498753
-0.02523841645247298,-0.18038551334108033,-0.17454452055618236,0.055999999999999724,2.159640895047629E-9,0.4269836336778146
-0.02391899360991341,-0.18090582059223737,-0.17667986044167416,0.055999999999999696,2.300896366205683E-9,0.46753659780470574
-0.026221066747895545,-0.1799120987020884,-0.16975764524109635,0.055999999999999765,2.023934211928467E-9,0.3658869982302211
-0.0214814678629225,-0.18110397323452604,-0.17633752560396468,0.0559999999999996,2.605114252030856E-9,0.487473826602183
-0.023520235191617084,-0.17992616391552643,-0.17170640766636508,0.05599999999999971,2.2441036946515553E-9,0.4103747717130418
-0.022395349340308377,-0.18041765555904532,-0.17427868797545645,0.055999999999999654,2.4323135221229493E-9,0.48720799285817207
-0.025565210879886616,-0.17996723324138256,-0.16697666259186128,0.05599999999999976,2.059024488882E-9,0.36313459885448257
-0.02336038085158695,-0.17969364656750927,-0.1689077220935884,0.055999999999999696,2.3053193181327576E-9,0.3809375259262924
-0.019953962084798483,-0.18066699906512157,-0.1741641915239609,0.05599999999999954,2.8067283952802917E-9,0.5123863250342392
-0.020616688860963264,-0.18007727635001183,-0.1721068386878086,0.055999999999999585,2.6489150434987666E-9,0.5019955654821034
-0.021543626815369813,-0.17972438183505227,-0.17001017753348083,0.055999999999999626,2.5020439411879794E-9,0.4182677121422317
-0.02103323115934136,-0.1795733013627482,-0.16807625607935742,0.0559999999999996,2.627798427753719E-9,0.38465836713764645
-0.02279617754330882,-0.17972694111311432,-0.16624679416472596,0.055999999999999654,2.4538797785250634E-9,0.39618046569948
-0.018352886395233605,-0.1802732538975267,-0.17196263083403024,0.05599999999999946,3.036134992049841E-9,0.539063885905229
-0.019098063941937762,-0.17972920955496952,-0.1696440298265164,0.0559999999999995,2.875758387012415E-9,0.5079291502379847
-0.018535676399993564,-0.17947278905269387,-0.16716289878790627,0.055999999999999446,3.030846861252393E-9,0.4405625438507719
-0.017217083619779795,-0.17959633942410308,-0.1682306194217045,0.0559999999999994,3.183186655543263E-9,0.5303193598735321
-0.02025843957529403,-0.1795599038235535,-0.16554564324267773,0.0559999999999995,2.895280779460553E-9,0.4147940060482886
-0.018041882286088332,-0.1794293502518881,-0.16488957874307314,0.05599999999999928,3.472998256748843E-9,0.42295438933312796
-0.016822985616478416,-0.17993632727540018,-0.1698874801845722,0.05599999999999936,3.277770630119369E-9,0.5526340523143638
-0.016184825389543335,-0.17939609750003893,-0.16642597375852203,0.05599999999999926,3.5746714730709934E-9,0.529476281374191
-0.015480049197793727,-0.1796610208819025,-0.1680632193965958,0.05599999999999921,3.667122343850899E-9,0.5526979461362364
-0.016109236464358898,-0.17930885040041572,-0.16426883629255848,0.05599999999999896,4.200556329648782E-9,0.4803340362364395
-0.01453216569118176,-0.17924429571063966,-0.16493503742331175,0.05599999999999886,4.379020453717751E-9,0.5418854649414356
-0.014310340587896176,-0.1794304516954642,-0.16645537724082246,0.05599999999999899,4.1425444481455006E-9,0.545457798393697
-0.014428772262264633,-0.17918764181809216,-0.16368229192907638,0.055999999999998364,5.252756094648939E-9,0.5328439168469877
-0.013299466448130043,-0.179234132499055,-0.16503865864444273,0.055999999999998495,5.040863129588611E-9,0.5308529985139353
-0.013789100065823333,-0.17917243030463595,-0.1643169921591227,0.05599999999999829,5.386040731032123E-9,0.5402022907678635
-0.012948296488940417,-0.1790545253683607,-0.1631129899967594,0.0559999999999973,6.759815617387699E-9,0.5415595528692941
-0.012411226950289993,-0.1790602038001422,-0.16375907606538254,0.05599999999999741,6.619708786834896E-9,0.5215322563705612
-0.01158309945519998,-0.17889314349300006,-0.16252014212999993,0.05599999999999627,7.951021491645242E-9,0.5266578814408897
-0.026303489405776558,-0.2231693630179619,-0.15897317818230564,0.05599999999999994,1.0431138928030499E-9,0.11257389964525759
-0.025615461783411727,-0.22459383459515056,-0.1601761660511292,0.05599999999999994,1.0257307004614358E-9,0.1118583172903987
-0.02468785445117895,-0.22569459706459108,-0.1612338291891057,0.05599999999999995,1.0213688954605623E-9,0.10930980031645103
-0.02406303398567826,-0.22330106478314463,-0.1590842102031604,0.05599999999999994,1.0504698884424354E-9,0.11004319280680572
-0.02669352571960485,-0.22147174759934643,-0.15769038645714026,0.05599999999999993,1.0725004061812317E-9,0.11297200570213002
-0.02438957078091436,-0.22189527210079013,-0.1579694686803677,0.05599999999999993,1.0865430901844079E-9,0.1114690861790333
-0.022580225880047426,-0.22465107624142064,-0.16038111504892946,0.05599999999999994,1.0418621406091509E-9,0.10981395081826283
-0.022437910621992293,-0.22269395107296855,-0.1587301665830957,0.05599999999999993,1.0873666752646586E-9,0.10972215105781626
-0.027059304908791937,-0.21965709817483983,-0.1564621529615993,0.05599999999999993,1.1141598534091595E-9,0.1138464748021331
-0.02458435747180226,-0.22033263294946187,-0.1568496154122624,0.05599999999999993,1.1315374972384023E-9,0.11343900421402282
-0.022173780309034868,-0.22097222657503615,-0.15747769208325177,0.055999999999999925,1.173103601590738E-9,0.11318637058687954
-0.020671930861223597,-0.22358044720148476,-0.159749085298814,0.055999999999999925,1.0930641699205486E-9,0.10764396168537674
-0.020856709429857248,-0.2221593734761428,-0.1585713930003142,0.055999999999999925,1.1396149373647267E-9,0.10957034314556387
-0.01989057827241124,-0.22071582888395044,-0.15774348150955883,0.05599999999999992,1.2049936928814664E-9,0.11289865633495355
-0.024795599619424076,-0.21859739429210864,-0.15571202621122904,0.05599999999999992,1.189392787478692E-9,0.11437450617535695
-0.02267455900926561,-0.219022144454089,-0.1561006323668336,0.05599999999999992,1.2454887445630219E-9,0.11459510591385429
-0.020773698691198505,-0.21908452116517838,-0.15643654399083698,0.055999999999999904,1.277105482779326E-9,0.11504046893588538
-0.018757769266599996,-0.22239984630000004,-0.15931471206699996,0.05599999999999993,1.1287094144423962E-9,0.11101131822764979
-0.027088000562014613,-0.23438969084653033,-0.17727785629744824,0.055999999999999946,9.706505307708284E-10,0.1407399951212708
-0.027226294883828182,-0.2340747050764212,-0.17595637704450096,0.05599999999999995,9.855223476419654E-10,0.13760253210221032
-0.02407693074194999,-0.23417563470658287,-0.17699241055031734,0.05599999999999994,1.0326942196393907E-9,0.14740727863934577
-0.025541452193002172,-0.23414918672337703,-0.17644244552056532,0.055999999999999946,1.0061470923335244E-9,0.1429663667261347
-0.026326538341660568,-0.23377806679460267,-0.17490225727447153,0.055999999999999946,1.0091328062728457E-9,0.1372589190798461
-0.01904442635280534,-0.23330115448053848,-0.1766052697106679,0.05599999999999993,1.0682798381840563E-9,0.1429090985232569
-0.02168028946833668,-0.23387173402876527,-0.17695253547187584,0.055999999999999925,1.0626075591790609E-9,0.14815480886934784
-0.020548784595439056,-0.23368117633180582,-0.17693880064138887,0.05599999999999993,1.0667696654943623E-9,0.14667528329877694
-0.024461414985724593,-0.2338096998832212,-0.17539710036518036,0.05599999999999994,1.0340240995059378E-9,0.1419710866580449
-0.02277814206787417,-0.23384118702001752,-0.17619832849691358,0.05599999999999994,1.0524680756671758E-9,0.14699063491321285
-0.021354413179514677,-0.233534193544597,-0.17577512052829442,0.05599999999999993,1.0554361130547762E-9,0.14222250536279948
-0.020156348508210003,-0.23333717929826067,-0.175816629957527,0.05599999999999994,1.0490348856828692E-9,0.14078801746509778
-0.024774275109982383,-0.23336231959573817,-0.1737352562318099,0.05599999999999994,1.023762726888401E-9,0.13412209045918455
-0.022533069988392045,-0.23331407115714456,-0.1743162285396786,0.05599999999999994,1.03758732812952E-9,0.13828950480793287
-0.019387484044757954,-0.23305174725778977,-0.17529923739885733,0.055999999999999925,1.0559956909531326E-9,0.13740891050106452
-0.017473023947380373,-0.23293480332061403,-0.17671911737169688,0.05599999999999993,1.0830713698289928E-9,0.14076919718439285
-0.015854159808084713,-0.2325269283788069,-0.17718470094931876,0.05599999999999993,1.090000180789012E-9,0.13954460587548365
-0.018124064668581196,-0.23276919677651395,-0.1753388631150714,0.05599999999999993,1.0626662306990373E-9,0.13519701355522667
-0.020544766387236787,-0.2330748949065804,-0.17454169641341105,0.05599999999999994,1.0399584687548012E-9,0.13516793731412027
-0.021418335476766564,-0.23281190554388048,-0.17313702121154706,0.05599999999999994,1.0313442597681051E-9,0.12977664387401333
-0.023102793212777792,-0.23277476101870265,-0.1723571322612778,0.05599999999999994,1.0308872594531632E-9,0.12733499849766222
-0.01915384100148702,-0.23275643782014996,-0.1743840139570874,0.05599999999999994,1.042532800254402E-9,0.13187075552001445
-0.016600892837972357,-0.23230500364285847,-0.17521215378776597,0.05599999999999993,1.0759513010335959E-9,0.132541477154978
-0.014915319492704224,-0.2318360235735112,-0.17575736005298515,0.05599999999999993,1.0909068206146155E-9,0.13234706380137237
-0.015864063894261718,-0.2317236558295647,-0.17399518811342535,0.05599999999999993,1.0740459896704946E-9,0.12743271336327663
-0.017853310012433,-0.2322073404847576,-0.17356440582373917,0.05599999999999993,1.0561530065187166E-9,0.12779519379674606
-0.019749307695980878,-0.23245269934145557,-0.1729260433186946,0.05599999999999994,1.0400399489094644E-9,0.12669702716648534
-0.021125120315689486,-0.2320577192574214,-0.17107430435230345,0.05599999999999994,1.0340705677382373E-9,0.12146402726973941
-0.016521632333157517,-0.23147040828543092,-0.1724706445491612,0.05599999999999994,1.0507511518354818E-9,0.12127321488106721
-0.014047346895683198,-0.23103120015023215,-0.17418494389715233,0.05599999999999993,1.0944891504376753E-9,0.12846780078011444
-0.014918901385624432,-0.23093419518727915,-0.17263526199061152,0.05599999999999993,1.0698124096709648E-9,0.12175184306231256
-0.01963842549471996,-0.23090874276356615,-0.16905974821314812,0.055999999999999946,1.0212921822800107E-9,0.11330421312525453
-0.018275212124473198,-0.23154657839636264,-0.17125521673769814,0.05599999999999994,1.0408784233969452E-9,0.11938624552386791
-0.016173598073340362,-0.23084005065475222,-0.17106470795899112,0.05599999999999994,1.0506286542279866E-9,0.11558844128789973
-0.013292014080511191,-0.23012605428487204,-0.17255156055333087,0.05599999999999993,1.0833724030728245E-9,0.12142789274176018
-0.014358929294766334,-0.23027005050079333,-0.17148760736065766,0.055999999999999925,1.075100725203804E-9,0.11554666367367654
-0.017032856682179267,-0.23038809121374954,-0.16938167896438433,0.05599999999999994,1.0276387210117456E-9,0.11096362497948142
-0.01471171368669519,-0.22977086926757942,-0.1699633425969001,0.05599999999999993,1.070331948387184E-9,0.11315171987877484
-0.012680795403300004,-0.229099181206,-0.17089763388600002,0.05599999999999993,1.0947561831567386E-9,0.1172420348121835
-0.026217515466314064,-0.18273026298542497,-0.15966440496306256,0.05599999999999976,2.0417292523265934E-9,0.2864961308551686
-0.025356337613549697,-0.18353900908853715,-0.15813649806198254,0.05599999999999974,2.112698111725911E-9,0.2879372731167478
-0.026118620276422987,-0.18072333347895825,-0.1639032230869406,0.05599999999999974,2.0923770397726637E-9,0.3302603734140447
-0.025957437859026107,-0.18172216734767388,-0.161330271144355,0.05599999999999974,2.0733478479310747E-9,0.3032658759733297
-0.024429064470484818,-0.1821961979420515,-0.15972309134432955,0.05599999999999968,2.3297023541184436E-9,0.327832769413894
-0.023071723040208054,-0.1830785524030527,-0.15794708850813172,0.05599999999999958,2.6905986120406215E-9,0.3509144741461045
-0.023901313686400315,-0.18015446174908437,-0.1644615533983412,0.05599999999999968,2.3331737166146646E-9,0.363930493474449
-0.023847226689953947,-0.1808694613958702,-0.16211575368387543,0.055999999999999654,2.4415678689569965E-9,0.36018412254002746
-0.02207860309309712,-0.1815278162893853,-0.1598724978839796,0.055999999999999495,2.9300529001490004E-9,0.3940149137071372
-0.021030081729153428,-0.1826691734367417,-0.15784599112434586,0.05599999999999929,3.4538395278146355E-9,0.41777441445134916
-0.021868281706494096,-0.17998606775683976,-0.1638370916674051,0.05599999999999956,2.715453524112143E-9,0.4087706483273876
-0.021073354995107638,-0.1804223188324648,-0.16182583313105403,0.05599999999999946,3.043328347545021E-9,0.42349747564474843
-0.020097934725255936,-0.18082363023684683,-0.16035250495333972,0.05599999999999922,3.6308075550278584E-9,0.43430352076528395
-0.019211984604115107,-0.18229990842069024,-0.15776808224755098,0.05599999999999877,4.562553839921394E-9,0.4727024917514606
-0.02003989609455481,-0.18156229239893232,-0.159009263344486,0.05599999999999911,3.86789215528974E-9,0.44132363161556304
-0.01759545734261804,-0.1819623639684008,-0.15767572907829608,0.05599999999999781,6.077746675277583E-9,0.5041519066800546
-0.01830777310230627,-0.18123160142483544,-0.15884823530477898,0.05599999999999849,5.063180872834275E-9,0.47322857177185457
-0.01890710001993577,-0.1807782152945795,-0.15988950993237447,0.05599999999999885,4.4034602114530246E-9,0.4589925170624114
-0.015360626139417891,-0.18092593252559142,-0.15804099325026705,0.055999999999995796,8.430649778594025E-9,0.47123672715865633
-0.01482056663110004,-0.1813395765629999,-0.15733975310099993,0.055999999999993666,1.0351821414413807E-8,0.48111735033499614
-0.01615840544718678,-0.1816493296240661,-0.15754387371998166,0.05599999999999592,8.312240719671023E-9,0.5139151606877824
-0.019623818783469568,-0.17975145956884073,-0.16347117603599132,0.05599999999999938,3.2537194488090237E-9,0.43900363010367077
-0.01659912062227062,-0.18071761519808666,-0.1589186377306881,0.05599999999999737,6.683463805610362E-9,0.4812334751647082
-0.0188586872160451,-0.1801235135881409,-0.16148144913229395,0.05599999999999906,4.005627894743111E-9,0.465058846402476
-0.01755157480014773,-0.17955885728947082,-0.16303733476695784,0.055999999999999016,4.062982482694756E-9,0.43409064824668003
-0.017509641684607564,-0.18036479929072488,-0.160072877550862,0.05599999999999841,5.190985822924744E-9,0.47884203890433374
-0.015945625778988313,-0.17994953712993222,-0.160198852262277,0.05599999999999746,6.555229227262956E-9,0.45104941156361117
-0.014158322524139113,-0.18036891864704216,-0.15816961537129975,0.05599999999999339,1.0582541722562303E-8,0.449771999904028
-0.01474688574123299,-0.18004148441349913,-0.1591557531842985,0.05599999999999596,8.268465108482229E-9,0.4501758177482244
-0.01679476798997349,-0.17975462174605245,-0.1614549955147457,0.05599999999999845,5.127960150230503E-9,0.4481434886383722
-0.015630976002071046,-0.17935507560061126,-0.16275646798595475,0.05599999999999847,5.097389323585189E-9,0.47593551187704625
-0.014970233446851163,-0.17944099392084312,-0.16141229444833427,0.055999999999997524,6.481529785391446E-9,0.47907119683123695
-0.014570951208799188,-0.17961178585365575,-0.1602510553110469,0.05599999999999661,7.571291522881423E-9,0.47201170024551986
-0.013328427548620243,-0.17965820379382744,-0.15898989476600978,0.055999999999993576,1.043528692124705E-8,0.48198986975046454
-0.013742337957623555,-0.1795145348264509,-0.15984765639142412,0.055999999999995276,8.942297126153575E-9,0.4949326211503558
-0.014129456377364945,-0.17920134365110893,-0.16233268799959666,0.05599999999999758,6.401021603693152E-9,0.52822016124896
-0.01350876742889064,-0.17925621805629702,-0.16087208274238204,0.05599999999999623,7.976157228496104E-9,0.5179363994571313
-0.012491120547635421,-0.17916774893686763,-0.15996360766892148,0.055999999999993534,1.0467657652011813E-8,0.5178200021628884
-0.012942664962654192,-0.1790554360273785,-0.16203851404470246,0.05599999999999659,7.597398205038284E-9,0.5202000400597449
-0.0118614278049442,-0.17891634263968254,-0.16114530655725146,0.055999999999995304,8.912610287170258E-9,0.5056580224422614
-0.025971284688553177,-0.1847230352590428,-0.15693263239077343,0.05599999999999974,2.110641494442649E-9,0.26156160679915363
-0.024116225996405016,-0.18450266882124103,-0.15660278989842036,0.05599999999999964,2.4874443456754844E-9,0.30439127512629105
-0.020811535460059365,-0.18493211792974598,-0.15551704019513718,0.05599999999999918,3.708397151900938E-9,0.4083497033071184
-0.021994393392183988,-0.18394066728842648,-0.15667054302405364,0.05599999999999944,3.10674784017181E-9,0.37449189496327756
-0.018914917915592997,-0.18438441617268733,-0.1557096185907153,0.055999999999998495,5.046733039865172E-9,0.4849279840563243
-0.017390184533887174,-0.1837974011189583,-0.15595390871565648,0.055999999999997246,6.8320112229535786E-9,0.5287264729257036
-0.020076090316377797,-0.18345495445729593,-0.15675046433022022,0.055999999999999016,4.0759607336570885E-9,0.4441080775391013
-0.015056185416525557,-0.18351261270940095,-0.1556945416671512,0.055999999999992355,1.1371557621404655E-8,0.5230364226983998
-0.018448388911519332,-0.18301204102244104,-0.15683636261875641,0.05599999999999824,5.461227944460948E-9,0.5002078001669829
-0.01617965843137651,-0.18294586590768963,-0.15638702495343174,0.055999999999995526,8.700410953604722E-9,0.5398421786946145
-0.017248096144891572,-0.18278222343940487,-0.15677825777233825,0.05599999999999723,6.841070836728434E-9,0.5175774743270216
-0.015090814914778435,-0.1824443399868365,-0.15647741241423355,0.0559999999999937,1.0327310949230442E-8,0.5164186735403308
-0.021105968722003605,-0.2301656860615513,-0.16727689203927998,0.055999999999999946,1.008093889962221E-9,0.11308493034945376
-0.022060451003414642,-0.22935561434542343,-0.1658615924260912,0.055999999999999946,1.003981103050677E-9,0.11309876708596561
-0.024413311260687843,-0.22694966127363955,-0.16257968188199873,0.05599999999999995,1.0047832530617639E-9,0.10988829554195152
-0.018584182473808972,-0.22985310438053222,-0.167586954641672,0.055999999999999946,1.0098184553758839E-9,0.10941686352476003
-0.02303012304795343,-0.22795468318652132,-0.1638716408265151,0.055999999999999946,1.0025610407745607E-9,0.11110408790459962
-0.01986487136256179,-0.22902997595183708,-0.1658854148733504,0.055999999999999946,1.0010553028430115E-9,0.10997255563467052
-0.020832331177092402,-0.22830498870417892,-0.16466336026325837,0.05599999999999995,9.970251715863684E-10,0.109274548112351
-0.02274038704981574,-0.22642629403250783,-0.16213643115011708,0.055999999999999946,1.0080206234995452E-9,0.1084373357226186
-0.016330286688190934,-0.22938942481923663,-0.16800015228629891,0.055999999999999946,1.0060155446237899E-9,0.10849229287894174
-0.01309206221648861,-0.22831475351928293,-0.16890177241578536,0.05599999999999993,1.07728982609554E-9,0.11348892833527206
-0.01764742943537286,-0.22861929787174884,-0.16612310335517222,0.055999999999999946,1.0008997853035233E-9,0.10830828672205596
-0.02082595013943542,-0.2271946596984518,-0.16330479451791657,0.055999999999999946,1.003230194450714E-9,0.10843209793325354
-0.019140320110409777,-0.22775838470665008,-0.16442285417974428,0.055999999999999946,1.0039292733694147E-9,0.10863869343855459
-0.020788158696474834,-0.22595341371983757,-0.1619490492479255,0.05599999999999995,1.020484726821562E-9,0.1070293551664699
-0.014661821824282911,-0.22856437077654923,-0.16785900212452243,0.05599999999999995,1.0092551535187887E-9,0.10797220220184674
-0.015692857758430247,-0.2280142978444204,-0.1663305321296552,0.055999999999999946,1.0060833165337067E-9,0.10788589955211435
-0.013760142905406949,-0.22747181529394972,-0.16700021426221917,0.05599999999999993,1.0584117440127799E-9,0.11051895925346795
-0.016837897160199653,-0.227076516082836,-0.1645124164908332,0.055999999999999946,1.019301179260134E-9,0.1076805266659604
-0.018757180461010412,-0.2261391648899355,-0.1626892857810646,0.05599999999999994,1.0289906469009424E-9,0.10761904277205502
-0.019744165812955475,-0.22461860482779464,-0.16088986993310436,0.05599999999999993,1.057997135245284E-9,0.10751468667196125
-0.017351569193947692,-0.22398316474277338,-0.16113977876044464,0.05599999999999993,1.0822757965424473E-9,0.10848907780202784
-0.014700327300134685,-0.22650238867031441,-0.1650687705813325,0.05599999999999994,1.0519622862280041E-9,0.1092277584577875
-0.01591566652294305,-0.22536195127159,-0.16311255653321263,0.05599999999999993,1.0686773165712683E-9,0.10846440814835963
-0.018592426089886482,-0.1823592802928039,-0.17706006376014455,0.055999999999999474,3.008407803269615E-9,0.5235240788207537
-0.01670570701342964,-0.18295856308664704,-0.1764219365276383,0.05599999999999927,3.5137944201433628E-9,0.5885858599900234
-0.014862629207600113,-0.1837083426270002,-0.1759640188679999,0.05599999999999907,3.948707201950495E-9,0.6354712120293958
-0.019268010025618548,-0.18144364298927793,-0.17578654458477033,0.055999999999999495,2.930341110622312E-9,0.5274817178388292
-0.017876691965162207,-0.18115469680974505,-0.1741658383351,0.055999999999999404,3.169732274774044E-9,0.5503192729479197
-0.01762126409218721,-0.18199649557716296,-0.17560684309716854,0.05599999999999936,3.2938677211688357E-9,0.5420925690850447
-0.015827624396361598,-0.18220809104570537,-0.17452352354078982,0.05599999999999921,3.6693713264228103E-9,0.5894909866026329
-0.016275579307354876,-0.1808137468206886,-0.17231801864806245,0.0559999999999993,3.4361182633344478E-9,0.5628051079948654
-0.013596288018988798,-0.18319566680149363,-0.1742008517267323,0.05599999999999896,4.1851968557378084E-9,0.6471411777439391
-0.0142534698759343,-0.18159123353368176,-0.17241372212646286,0.055999999999999085,3.928324765184675E-9,0.5789433355092188
-0.01472352323603411,-0.1803626429696115,-0.17025228308536572,0.05599999999999917,3.741390447406604E-9,0.5602659278911067
-0.012240264864647186,-0.18263599605096442,-0.17249089026831005,0.05599999999999879,4.516371531920534E-9,0.6328172765691488
-0.012810025577617448,-0.18101313754960843,-0.17050667616388793,0.05599999999999896,4.200862759365713E-9,0.5633127441563079
-0.013142515928511418,-0.179959667376535,-0.16828512427673914,0.055999999999999,4.108316161981221E-9,0.5463530392398528
-0.012440922396015743,-0.17954241024329765,-0.16654929888500272,0.05599999999999874,4.615881210360206E-9,0.5104766116724693
-0.010837281223977138,-0.1820470630282919,-0.17079592577862918,0.05599999999999863,4.8114580755455364E-9,0.5970473401934702
-0.009451887418462233,-0.1814557697006586,-0.1691350150247194,0.055999999999998384,5.2172083291115015E-9,0.573263408862431
-0.011286569554610288,-0.18068758789060804,-0.1690241798471865,0.055999999999998794,4.52376199708545E-9,0.5521353045462464
-0.011537013701151611,-0.17995312801771188,-0.16755645283047368,0.05599999999999874,4.612631870630711E-9,0.5183382948936652
-0.011195032855993407,-0.17967562116424213,-0.16662705905993502,0.05599999999999846,5.09819270691738E-9,0.5054332590543973
-0.011458167578901932,-0.17929301438530745,-0.16527127117918003,0.05599999999999801,5.791875633004028E-9,0.5104610799469544
-0.010028545547180358,-0.18023174824561447,-0.16748515684428403,0.05599999999999842,5.1798289432204616E-9,0.543054836534645
-0.008128335570601577,-0.18088108012982884,-0.16752068536312759,0.05599999999999791,5.933878079244282E-9,0.5576818770884246
-0.010327373935749338,-0.17959761673435537,-0.166097412800431,0.05599999999999804,5.7689385323080606E-9,0.5094474405999498
-0.010057970361206975,-0.17929549578718124,-0.1650588246078055,0.055999999999997385,6.647961743203321E-9,0.49903132166561076
-0.010612669290711411,-0.17901256888829822,-0.1638845452459561,0.0559999999999968,7.362965766799075E-9,0.4899691261986045
-0.009981722208236067,-0.17878579621237575,-0.16276388757140822,0.05599999999999541,8.812391195271998E-9,0.5167711443930161
-0.008855721559594089,-0.1797863235057961,-0.1660003978084392,0.05599999999999763,6.330527275081014E-9,0.533604928149033
-0.008989414839627527,-0.17912509267874926,-0.16427903373905264,0.05599999999999653,7.649282874446586E-9,0.4969738963438364
-0.006926796659272452,-0.18034985246594898,-0.1660024627463498,0.05599999999999732,6.732847229708E-9,0.5401170978069615
-0.00823860670842922,-0.17880794178002177,-0.16309713705003526,0.055999999999995026,9.176837508361019E-9,0.5320649922986243
-0.0074844750895402615,-0.17940990579675997,-0.16458045323301507,0.055999999999996795,7.36237839730297E-9,0.5279083736578657
-0.005889352418600264,-0.17988248699110523,-0.1646278902032334,0.05599999999999628,7.9218936792977E-9,0.5441604221866756
-0.0065477425583814215,-0.1790452283444898,-0.16336507333272235,0.05599999999999498,9.216888094149778E-9,0.5664516124498776
-0.004969469857699916,-0.1794598583729998,-0.163338933404,0.055999999999994686,9.482633442703729E-9,0.5736164937911782
-0.01889574841917038,-0.2189249148323668,-0.15682531861113858,0.055999999999999904,1.3181723571857843E-9,0.11647199698010828
-0.018236911752389003,-0.22026013999449787,-0.1579438189407317,0.05599999999999992,1.2444491803434688E-9,0.11413034847660468
-0.019550047316656886,-0.21723463529667403,-0.15556324942305713,0.05599999999999988,1.3916038973592683E-9,0.11387515835348377
-0.01668356434033471,-0.22101100666401335,-0.15910998810237248,0.05599999999999992,1.1901323774185314E-9,0.11383153854863727
-0.017948056845397572,-0.21725185649701967,-0.15609539791567123,0.0559999999999999,1.3421544736404833E-9,0.11286056924850323
-0.016538986066576822,-0.2186564959210856,-0.15757137955599482,0.0559999999999999,1.2749557867966961E-9,0.11453759651228874
-0.014612035324503714,-0.21945893305564002,-0.15911747461810444,0.05599999999999992,1.2274465183178914E-9,0.11692678878668661
-0.01594706555278057,-0.21607080686794672,-0.1562721502017505,0.0559999999999999,1.3101556482495973E-9,0.11285778154712751
-0.014610228835237373,-0.21741935411844793,-0.15779960843480328,0.05599999999999992,1.24887584116911E-9,0.11217899807660485
-0.012623552615000018,-0.21771992321300002,-0.15929879229400004,0.05599999999999992,1.265336584521189E-9,0.11617614758574325
-0.014603322674793992,-0.21341471408440355,-0.1557273949076227,0.05599999999999989,1.3381343119157701E-9,0.11231025498780868
-0.013455735172115494,-0.2155846692761986,-0.1574968210705179,0.055999999999999904,1.3039356737517293E-9,0.11320813595156048
-0.014007789410306245,-0.23182503240119312,-0.1775191051883449,0.05599999999999993,1.1135798101899814E-9,0.13915420010221344
-0.012649567987237752,-0.23109405756668092,-0.17757198639555719,0.05599999999999992,1.1464330932028854E-9,0.13934809810173163
-0.011778530815856801,-0.23040442807575254,-0.1769789917588643,0.05599999999999992,1.1826904484874667E-9,0.1395610493333948
-0.01307785759763891,-0.23097926661951565,-0.1758985607358781,0.05599999999999993,1.129750293606853E-9,0.13354674949048148
-0.010835361783633054,-0.2295992046802873,-0.17656821041644877,0.05599999999999992,1.222751056996493E-9,0.1399655898849784
-0.011963985479219345,-0.23020871329246564,-0.17558165046496202,0.05599999999999992,1.1686524953321769E-9,0.132708839603286
-0.012592969704310364,-0.2303049737375654,-0.1744170062028625,0.05599999999999993,1.1373815655256393E-9,0.12923559956664474
-0.011233527997672934,-0.22946990653555613,-0.17480917505369703,0.05599999999999992,1.1917668098394062E-9,0.13247350450796916
-0.011803781034347115,-0.22930050110610886,-0.17290666665565202,0.05599999999999993,1.1076595875563704E-9,0.12262026397517116
-0.011956167349149744,-0.22767750382590327,-0.169189744750056,0.055999999999999925,1.1004440868488559E-9,0.11523811664838582
-0.011156358807629925,-0.22761824453552798,-0.17024211486580987,0.05599999999999993,1.1384659866160006E-9,0.12044001981082529
-0.010954327225962991,-0.22655363175296397,-0.16875926981776235,0.05599999999999992,1.1745307889107354E-9,0.12076812112663714
-0.009871930489419119,-0.2261204485940469,-0.16977717841508724,0.05599999999999992,1.2633664783734833E-9,0.1264451723765466
-0.012373661295810294,-0.22704862702932244,-0.16773987886779523,0.05599999999999993,1.1020357657509686E-9,0.11450475697004198
-0.008744021474834274,-0.2246195829091819,-0.16945045500229294,0.05599999999999989,1.389084270063371E-9,0.1315361392957677
-0.00977848020522218,-0.22495507995137862,-0.16817701973029917,0.055999999999999904,1.2742351734856123E-9,0.12571537287903767
-0.011114964533556308,-0.2252102726815497,-0.16675288633395183,0.05599999999999992,1.1779410371678904E-9,0.1193558131716987
-0.012744333824457417,-0.22582919278301894,-0.1658250174075518,0.05599999999999993,1.0984315169920878E-9,0.11378389470124806
-0.007732155609724913,-0.22312203573081119,-0.16923945981418734,0.055999999999999876,1.510988415838222E-9,0.13718430359043357
-0.008645860375705623,-0.22342373568864407,-0.16796430020409991,0.05599999999999988,1.3993893653055996E-9,0.13066897712919034
-0.009859888765037792,-0.22362628037299662,-0.16645752263434674,0.055999999999999904,1.2980566218725092E-9,0.12470626739422912
-0.01639002466015899,-0.2224080093278375,-0.16028558339627091,0.05599999999999992,1.1468964362368629E-9,0.11162038638708915
-0.015036574885337339,-0.22333577836903176,-0.1617537907576806,0.05599999999999993,1.113009274661493E-9,0.11311615424775573
-0.013652391531026164,-0.22449344749125616,-0.16369387733288776,0.05599999999999993,1.1011174669225158E-9,0.1133024476409032
-0.011659509180573067,-0.22371341429215136,-0.16459157822989415,0.055999999999999925,1.2012475545754524E-9,0.11977302692447225
-0.007673879784942939,-0.22205714615833122,-0.16797393409764041,0.05599999999999986,1.5245055965025858E-9,0.13602698371484878
-0.008567889215818674,-0.2221687714156509,-0.1666611891513873,0.055999999999999876,1.442690549792104E-9,0.13051051858877272
-0.00682283731249342,-0.22164452789177774,-0.16914543804393548,0.055999999999999835,1.640939271717346E-9,0.14157420212446867
-0.006942440163161365,-0.22100628515082965,-0.16813080353669346,0.05599999999999985,1.6184463045474912E-9,0.1388182952016304
-0.00748432992326596,-0.22087981391833014,-0.1670401064214107,0.05599999999999986,1.5513071520300909E-9,0.13691626897051723
-0.0059872511807300315,-0.220184181287,-0.16921563481399998,0.05599999999999983,1.7325976957673775E-9,0.14703232385321585
-0.009712767909417571,-0.22216181247483938,-0.16516436867859627,0.05599999999999989,1.365145826806679E-9,0.12509715550419032
-0.010786741552519453,-0.22168416185298948,-0.16360533451089807,0.055999999999999904,1.290765901783719E-9,0.12038248995827024
-0.014756049087954732,-0.22132789619568008,-0.16034399922291928,0.05599999999999992,1.1885164109541597E-9,0.11680806531901182
-0.012654874220546748,-0.2222114178837192,-0.1624285837074485,0.055999999999999925,1.2016930923591194E-9,0.11851913292627389
-0.00843859884418048,-0.22077649804649002,-0.16552182700399193,0.055999999999999876,1.4986211963552016E-9,0.13040472083278162
-0.006558870388152441,-0.2199042688584831,-0.16772037360570488,0.055999999999999835,1.6917274349833703E-9,0.14311128790517122
-0.007282281548050661,-0.21960500771945846,-0.1662162788070801,0.05599999999999986,1.5620620539301048E-9,0.13722681683814272
-0.011043098175401177,-0.22027544776165686,-0.1622714501888442,0.055999999999999904,1.2794948115850625E-9,0.12057923138465192
-0.009652115743217908,-0.22052614766588555,-0.1638383905760361,0.05599999999999989,1.3857375778937587E-9,0.1260120398634763
-0.012727174104970637,-0.21994857402183948,-0.1606834069877019,0.05599999999999992,1.2353487532700806E-9,0.11868756811624871
-0.009395295522248652,-0.21883757757556457,-0.16289238194194686,0.05599999999999989,1.357190382605211E-9,0.1260945910701811
-0.008214495547710234,-0.21925538935504968,-0.16460232906318742,0.055999999999999876,1.4592601050883362E-9,0.13204412420525083
-0.010858286091135712,-0.21832878048404938,-0.16111121748035948,0.055999999999999904,1.2780838175484357E-9,0.11934662838332466
-0.012955546303083232,-0.2094688378156231,-0.15608342782129928,0.055999999999999876,1.430907101450429E-9,0.1530729133370553
-0.012006925466331234,-0.2074161712400842,-0.15703434514118647,0.05599999999999984,1.605328356114663E-9,0.2040551067922487
-0.010953186257210937,-0.20992899066460788,-0.15812685202469023,0.055999999999999876,1.4175173212908676E-9,0.1620270947023643
-0.010251869759249247,-0.20824119749414097,-0.159001390737147,0.05599999999999985,1.572988279407655E-9,0.20605421796946
-0.00914897795249669,-0.21037422112576462,-0.16024931076226542,0.055999999999999876,1.4854181128860657E-9,0.17403458010943332
-0.00853636804574186,-0.20868431755984768,-0.16117270618662297,0.055999999999999835,1.6431622400692547E-9,0.21826994437609457
-0.0075557845620900866,-0.21069635402,-0.16235535641000007,0.055999999999999876,1.5215717861820303E-9,0.18283835406494345
-0.013020592323093806,-0.20509245763708767,-0.1561086617431974,0.05599999999999978,1.9412908094764754E-9,0.2601164228578163
-0.013699995876268845,-0.2033806758390189,-0.15548485994092576,0.055999999999999675,2.364144236367172E-9,0.30830491595746384
-0.013644146909596895,-0.20184152609142655,-0.15551140949830747,0.05599999999999939,3.217423453071652E-9,0.39602178454898884
-0.010819632456711222,-0.20625722029845148,-0.15853879361726275,0.05599999999999981,1.8370369859937481E-9,0.2580671920462302
-0.011768388167270875,-0.20491147253638015,-0.15753541043598895,0.05599999999999975,2.069029520817293E-9,0.29631154982623886
-0.009569607044664452,-0.20667204059193642,-0.1601005102487051,0.05599999999999978,1.9074735593691093E-9,0.2657087180517385
-0.012565968373425508,-0.2029730253900473,-0.156705319535525,0.05599999999999954,2.7974013343950296E-9,0.37271672337776457
-0.01255844187776237,-0.20071857835173465,-0.15640651009100728,0.05599999999999896,4.188279135197917E-9,0.48283833376394614
-0.011535543798500128,-0.20114710412099998,-0.1576453067440001,0.055999999999998974,4.16067432720594E-9,0.4745506341584415
-0.01050277210143408,-0.204729922614394,-0.15915535148588125,0.055999999999999654,2.402597737559587E-9,0.33000605298908775
-0.011195890341372203,-0.20292618120515943,-0.15835404974485534,0.055999999999999404,3.1908415682320304E-9,0.411416044018615
-0.012443220567580406,-0.1992397674061818,-0.15588148819400438,0.05599999999999808,5.705715494764629E-9,0.5257512356817341
-0.011519572885739906,-0.19832869987698878,-0.15602977387796702,0.05599999999999705,7.061772685633132E-9,0.48946818170677153
-0.011050694196721342,-0.19734046902529961,-0.1556132579631566,0.05599999999999565,8.589697062163962E-9,0.45524348980918034
-0.010492396982411306,-0.19808797670351472,-0.15662393369872687,0.05599999999999642,7.791985692611917E-9,0.4136849731631383
-0.009616224164889024,-0.1970198357893094,-0.15625125534922102,0.0559999999999943,9.824140201899282E-9,0.3896955725637032
-0.011251651256693026,-0.1994452885536386,-0.15705889217314264,0.05599999999999822,5.500304350207759E-9,0.4815036157221217
-0.008105861197958246,-0.19536381843497191,-0.15551342744248586,0.05599999999998717,1.473040404824905E-8,0.515100411455954
-0.008801763588537233,-0.1961338085933068,-0.155886620386854,0.0559999999999917,1.1852137398862595E-8,0.4626369993725232
-0.012134152107847811,-0.1863110718905059,-0.17755513339151804,0.055999999999998454,5.125811606408235E-9,0.664579405537851
-0.010040170021600636,-0.1875689647140257,-0.1771775337751594,0.05599999999999725,6.81920047912023E-9,0.7437254992749001
-0.009189299686600188,-0.1878203249930002,-0.17663190280699984,0.05599999999999656,7.636380380589549E-9,0.7748984207966148
-0.011029947924998089,-0.18681588386110198,-0.17718517237471473,0.0559999999999979,5.956333651661334E-9,0.7028573391221246
-0.009927166374870693,-0.18699235651023952,-0.17638026934544265,0.05599999999999698,7.149004559037481E-9,0.7491399254726847
-0.01175245908630586,-0.18602054418108135,-0.17676290374052248,0.05599999999999826,5.427408306561624E-9,0.675522507051129
-0.0140854176395762,-0.1850013109431615,-0.17740542899551806,0.05599999999999896,4.212342894127957E-9,0.6172494334942898
-0.012863059871674534,-0.18551424860301527,-0.17704479115181565,0.055999999999998655,4.775607251308296E-9,0.6575678462276432
-0.010832807955278797,-0.18614609287317951,-0.17611611938062866,0.05599999999999778,6.116365532604022E-9,0.7114744465175645
-0.011944998101940302,-0.18530118070255222,-0.175901070676842,0.05599999999999839,5.216299309508569E-9,0.7174518146165401
-0.01329101179161661,-0.18448456456901263,-0.17582085809462308,0.05599999999999888,4.374698428015046E-9,0.6885220787526006
-0.0065626197772129065,-0.21867373247793304,-0.16665513013654212,0.055999999999999835,1.653444070505643E-9,0.1429236738268823
-0.005850421263017983,-0.21893206591009934,-0.16821832849188798,0.05599999999999982,1.7491008576010995E-9,0.14789547650287102
-0.007330462958770257,-0.21832083533582394,-0.16517546062980396,0.05599999999999985,1.5654713427231126E-9,0.13800027845918092
-0.006489054731415706,-0.21746649309369387,-0.16592915293166913,0.05599999999999984,1.6332405159228297E-9,0.14344084237674448
-0.005821056275322015,-0.21760406137180677,-0.16721468055033492,0.055999999999999835,1.6852597631809226E-9,0.14916175277202576
-0.009408420181894394,-0.21671810139971934,-0.1616153583480979,0.05599999999999989,1.3643633516061168E-9,0.12492259205450267
-0.008174487030915317,-0.2176089509301659,-0.1635626170600914,0.055999999999999876,1.4568253225054414E-9,0.13232891371920016
-0.0069206425637819815,-0.2166360552192475,-0.16476537979591835,0.05599999999999986,1.5352116104841664E-9,0.14306866413560204
-0.005931086725412403,-0.21611454395928767,-0.16610900990049954,0.055999999999999835,1.6320117259604708E-9,0.1534699650348226
-0.013747845679291826,-0.21149706174032204,-0.15573159212631293,0.05599999999999989,1.3324636235368135E-9,0.12598981293085196
-0.011175323602733751,-0.21567120243837568,-0.15935113218826438,0.0559999999999999,1.313005309766421E-9,0.11861188867741711
-0.012515301622729678,-0.213592113835744,-0.1573434334992219,0.055999999999999904,1.3025150591112733E-9,0.11869071312616025
-0.009250317490583497,-0.21457558139203045,-0.16086969205574234,0.0559999999999999,1.343640138173565E-9,0.1306238840714788
-0.007816097736015779,-0.2150009665867696,-0.16278130189663456,0.055999999999999876,1.4400453446438765E-9,0.14213504831976326
-0.006234038805464561,-0.21445685942077342,-0.16490020472168765,0.05599999999999986,1.5518082444039212E-9,0.15854577279641974
-0.011911222211879003,-0.21150482361168482,-0.15732405071328903,0.0559999999999999,1.3204022713600161E-9,0.13301576824295755
-0.010388580522438512,-0.21252081742392176,-0.15905347180992815,0.0559999999999999,1.314451508276203E-9,0.1366860073513446
-0.008440277788971263,-0.21272695411717246,-0.16135510035345352,0.05599999999999988,1.391002813667357E-9,0.1492544235331054
-0.00676900014695109,-0.21264678103026471,-0.1636277989959136,0.055999999999999876,1.482622761540806E-9,0.165015687420272
-0.009462845348699914,-0.1867215595557624,-0.1756478944595189,0.05599999999999681,7.347607050372257E-9,0.7721064449680183
-0.008605361432373082,-0.18740254091798556,-0.17563484992487396,0.055999999999996046,8.182495229912058E-9,0.7736235811601286
-0.008842490795788834,-0.1864464828145396,-0.17480429765836256,0.055999999999996636,7.540619561281215E-9,0.7804313518736548
-0.00982178798695988,-0.18596524288612862,-0.1750452924334456,0.05599999999999737,6.670606063021751E-9,0.7308638832767562
-0.00937961228566093,-0.18543833409260033,-0.1740597146898954,0.055999999999997496,6.527366973807823E-9,0.7063325266836434
-0.010859096992307561,-0.18503519785806602,-0.17467793543842505,0.05599999999999806,5.7324586102663E-9,0.7115331231097228
-0.012247535882549248,-0.18391046180935502,-0.17419197095420935,0.05599999999999861,4.8478145690216926E-9,0.6735631269121578
-0.007958174843077436,-0.18696935553175276,-0.17460121567632744,0.05599999999999595,8.274189211916598E-9,0.759142241403041
-0.007286488896483821,-0.18654346364229768,-0.1735778573230032,0.05599999999999642,7.778058578927513E-9,0.7368156240717155
-0.00826504463590023,-0.18594633974562486,-0.17377044137267855,0.05599999999999686,7.290244982995197E-9,0.750075083450243
-0.009823778187803334,-0.18446097810483714,-0.1731926103807945,0.055999999999998086,5.694742208284614E-9,0.6969555224710722
-0.007646595001804093,-0.185438845457347,-0.17271648238617923,0.055999999999997295,6.770987995922308E-9,0.7325265569232319
-0.008722208198637461,-0.18516028300547582,-0.17323117900127302,0.055999999999997586,6.393875759889552E-9,0.7133255596811101
-0.010998170703795858,-0.18385114060150945,-0.17323548107944983,0.05599999999999842,5.184109056526531E-9,0.6731236096275468
-0.01023662484380136,-0.1832366018860137,-0.17194093979505728,0.05599999999999844,5.156950353557907E-9,0.6495976438582445
-0.006591617544118706,-0.18612198100682276,-0.17255125207672284,0.055999999999996775,7.392311289308146E-9,0.7181481916948008
-0.007059028206840634,-0.18493881077014862,-0.17170788162375264,0.05599999999999757,6.412605247540434E-9,0.7188169719643822
-0.008576198648476608,-0.18425625409951915,-0.17206198233216535,0.05599999999999796,5.863658422475814E-9,0.6918909252917755
-0.007467396652920459,-0.18398378327495005,-0.17094973527081606,0.05599999999999794,5.912960881970428E-9,0.6701812950016011
-0.008741005614830046,-0.18287317083234733,-0.17051023653070616,0.05599999999999828,5.402524391134983E-9,0.6227804620816823
-0.005873142718777153,-0.18570225600865733,-0.171508219667621,0.05599999999999705,7.056413660903898E-9,0.7020534659534429
-0.006270307548205793,-0.18448312499047792,-0.17059394838796202,0.05599999999999767,6.283909678555519E-9,0.6977427640634843
-0.005125634147420298,-0.18527968537200026,-0.1704293180559997,0.055999999999997226,6.85292728606346E-9,0.7117077191555324
-0.0068708543860920845,-0.18326691634804965,-0.16969823816614607,0.05599999999999791,5.939553792802855E-9,0.6189974965724873
-0.0075773622243139075,-0.18202851305806841,-0.168705304945978,0.055999999999998024,5.774681441268082E-9,0.6073377065884251
-0.0054318153433261344,-0.18405175982001715,-0.16945911968677668,0.05599999999999756,6.423157128463932E-9,0.6947665804594223
-0.0058597487391431995,-0.18283883315119154,-0.1684676173464904,0.055999999999997656,6.301113503043763E-9,0.6300754305829844
-0.004306931477499307,-0.18483034849648883,-0.16924033974665809,0.05599999999999734,6.719749749289314E-9,0.6981724431916106
-0.006036119885448249,-0.1814870822015374,-0.16698713383614902,0.055999999999997566,6.4094445467166645E-9,0.6245850076401165
-0.004470860124763744,-0.18362750404011438,-0.16820652656363716,0.05599999999999742,6.605128991045783E-9,0.6539890917569836
-0.004759732296014353,-0.18265024106007094,-0.16740116770141936,0.055999999999997364,6.682289680546339E-9,0.6321662714162087
-0.004199457876229018,-0.18185750512883875,-0.16604884851948937,0.05599999999999696,7.16646284950885E-9,0.6294102652541111
-0.003636350254226323,-0.18317055146731862,-0.16699175151868328,0.05599999999999713,6.980108463310497E-9,0.6438513712943613
-0.003491578611911129,-0.18439327514876672,-0.1680325980772327,0.055999999999997184,6.8978846914901086E-9,0.6735711855439764
-0.005271586018229241,-0.18071665294656594,-0.16544628123950916,0.05599999999999705,7.053797574897616E-9,0.5893108451236226
-0.0037856856796489647,-0.18109528963442456,-0.1647964518332675,0.05599999999999633,7.87978378278491E-9,0.6223190466210077
-0.002952683909492015,-0.18189775782239048,-0.16500511101842558,0.055999999999996296,7.923912140923211E-9,0.6360477848630891
-0.0028226971573926283,-0.18278189711577938,-0.16581978569151726,0.05599999999999671,7.458411770522683E-9,0.6874371084774237
-0.0027010196094903634,-0.18397611706967615,-0.16682179552479418,0.05599999999999701,7.10971879061431E-9,0.7042397688569224
-0.0029037198249791713,-0.1813398047498076,-0.16432169959735093,0.05599999999999592,8.307236382517361E-9,0.6265264678445337
-0.004412089927947945,-0.18022609423956606,-0.16413968314393446,0.05599999999999584,8.400145990473914E-9,0.6063573566816408
-0.00327706511818198,-0.180661762472989,-0.16381770289256803,0.055999999999994915,9.274950480128011E-9,0.6493444650053756
-0.0035930719571847813,-0.17992750575234925,-0.16307212353014996,0.05599999999999345,1.0530897416391139E-8,0.6279909484799092
-0.0024314254507570416,-0.18173040923390582,-0.16431786709590723,0.05599999999999609,8.142780442289562E-9,0.6424930376429743
-0.0020429460302175337,-0.18245945866505037,-0.1646870442266055,0.05599999999999621,8.00075407330686E-9,0.6864421102025172
-0.0019802843473304037,-0.18359876851435106,-0.16566624281612752,0.05599999999999663,7.551889602546955E-9,0.6763504584417976
-0.00244197267098705,-0.18049112723237098,-0.16283966611360962,0.055999999999991674,1.1867751179315185E-8,0.6837696444619029
-0.0023893962864490626,-0.1812081236076531,-0.16367841703038136,0.05599999999999435,9.780842578817785E-9,0.6560513135788939
-0.0017701137582443458,-0.18186782289280207,-0.16377900867477324,0.05599999999999499,9.208103278234268E-9,0.6664686271620641
-0.0013560704764076698,-0.18327206587809125,-0.16460891189445057,0.05599999999999613,8.090390566656494E-9,0.7094831097198414
-0.0013346887339927478,-0.18246512023403497,-0.16387586168408244,0.05599999999999551,8.716094349906343E-9,0.6766854696539596
-0.0015460837695412814,-0.18121185042618188,-0.16280630666100943,0.055999999999992126,1.1540449737408157E-8,0.6828666482933093
-9.925308052486344E-4,-0.18208011361627205,-0.16307748271195938,0.055999999999993395,1.0574255344794452E-8,0.6943150799013974
-8.140025295168632E-4,-0.1829866163309999,-0.16363235111399999,0.05599999999999484,9.346457848598451E-9,0.7405793405201628
-0.01337591739001239,-0.1825731007347496,-0.15570311326272077,0.05599999999998307,1.6924140314067933E-8,0.5626150658037441
-0.014219815603536383,-0.18278277503205487,-0.15592539006628622,0.05599999999998949,1.3331014618260818E-8,0.5238147072651858
-0.013982764453554912,-0.18198405973859852,-0.15640539543131815,0.055999999999989704,1.3197869251588821E-8,0.5201842333997079
-0.012930195888751009,-0.18157939704288045,-0.15615519431884037,0.05599999999998159,1.765100590400472E-8,0.5651285657936298
-0.01199692690355778,-0.18125332461111987,-0.1557291236097919,0.05599999999996188,2.5399971751437623E-8,0.6765218408590344
-0.013458464960593516,-0.18099322287513317,-0.156989712054541,0.05599999999998972,1.3191968683523085E-8,0.4993158013056749
-0.012302681084535179,-0.18065878975313376,-0.15652492774200716,0.05599999999997818,1.921710321974169E-8,0.5738474686694268
-0.011352928641526816,-0.18033805899900043,-0.1559738351553112,0.055999999999955564,2.742100079013445E-8,0.6955118094626099
-0.013018646122432585,-0.18012966405744235,-0.15775316491850916,0.055999999999988885,1.372157253677829E-8,0.48370449286628836
-0.011738209708396891,-0.17978009367245787,-0.15717646117313827,0.05599999999997823,1.919693084390067E-8,0.5655110184598076
-0.009972978822735581,-0.1792971973792832,-0.15560716607994388,0.05599999999989427,4.229737187856129E-8,0.895230267670987
-0.012384669634044004,-0.17952023805116302,-0.15842614165480243,0.055999999999989135,1.3560869465657333E-8,0.499551692106808
-0.010658252374278731,-0.17951254898268712,-0.15632573838562083,0.055999999999951235,2.8726940522071414E-8,0.7023603398517264
-0.011335916636660295,-0.17921582694720592,-0.15802727059268762,0.055999999999983216,1.685163976479022E-8,0.5568137914102844
-0.009288204040030905,-0.17873843450123225,-0.15564932097969927,0.05599999999987513,4.596725542148408E-8,0.9750248043980337
-0.010589303617964353,-0.17907366345062212,-0.1573173209129744,0.055999999999967236,2.3549342732203147E-8,0.6406170052568475
-0.009660113419017024,-0.17877124196180572,-0.1565172984771231,0.05599999999993697,3.266168836589136E-8,0.8272850053903655
-0.008053158141227113,-0.17794280848326388,-0.15566123169627077,0.055999999999800376,5.812084754364337E-8,1.0841446432489774
-0.00873209425933143,-0.17828904296318937,-0.15617522951727658,0.05599999999989436,4.228043997090022E-8,0.9385535674419988
-0.011523352604650233,-0.17908982413899172,-0.1588207311823107,0.055999999999989135,1.3559531989874697E-8,0.528741129874966
-0.010517214527535802,-0.1787714167047108,-0.15862722536540422,0.055999999999983764,1.6574957415799164E-8,0.6056051922187425
-0.009656747936312016,-0.17854348029295597,-0.15782464621241757,0.05599999999996864,2.303788949095103E-8,0.6829405359947934
-0.008785329183231987,-0.17822973882395018,-0.157198058358458,0.05599999999994307,3.103887757763338E-8,0.8245566930842232
-0.007358029649635161,-0.17760287130651076,-0.15608676609431216,0.055999999999816384,5.574190129672811E-8,1.0281476026117518
-0.007994261739275444,-0.1778990032094695,-0.1566052785426065,0.055999999999901906,4.074334280238561E-8,0.9304740490274632
-0.006774334686938564,-0.1773073653605955,-0.1555747055215256,0.055999999999641926,7.784133131119945E-8,1.1077941314486528
-0.006078866411543476,-0.17706563332456338,-0.15577086339764415,0.055999999999619014,8.029365868938987E-8,1.1373048251111741
-0.0111915071235254,-0.17883909106761028,-0.15994694233871834,0.05599999999999098,1.2351790969541703E-8,0.5484822935229541
-0.010173436783120297,-0.17858609782323528,-0.15981053808002801,0.0559999999999893,1.345466529572138E-8,0.5622764514362133
-0.009346873945166284,-0.1783704468917676,-0.15918744876618776,0.05599999999998271,1.7101528567307058E-8,0.6316492951470248
-0.0071734613269384085,-0.17759066565061535,-0.156921467749249,0.05599999999989381,4.239197203993415E-8,0.9104047936021885
-0.007838388650046794,-0.17786493465424658,-0.15758019905885204,0.05599999999994104,3.158508981192284E-8,0.836334404499336
-0.008563093853348424,-0.1781267401974034,-0.1582558712182743,0.05599999999996816,2.3211893022024768E-8,0.7364324996997325
-0.006583774737093888,-0.17731951298896703,-0.1563156533844264,0.055999999999799675,5.822252137306065E-8,1.018645462983651
-0.005405760515085581,-0.17687777776597272,-0.15587011664783954,0.0559999999995603,8.625998527263484E-8,1.192340899684587
-0.00755606892385751,-0.17786854752619127,-0.15864241092251358,0.055999999999966826,2.369393380669526E-8,0.7678153598825211
-0.005806376895705712,-0.1771022556237616,-0.15646142120027806,0.055999999999763926,6.320607237837295E-8,1.0585867320375193
-0.010449684702849437,-0.17868316714366708,-0.16152252680781232,0.055999999999993784,1.0261218018209642E-8,0.5263616402929747
-0.009349994050554747,-0.17842387372297147,-0.16049575623662465,0.05599999999998995,1.3044865566231497E-8,0.5760765337620416
-0.008377534076304698,-0.1781447254041124,-0.15952425176002916,0.05599999999998226,1.732392921133952E-8,0.6720980784242179
-0.006287833828720106,-0.1773438949787695,-0.15711714631297935,0.05599999999987828,4.538665986017417E-8,0.9730958347045272
-0.006865474217787832,-0.17760038250073057,-0.1578422705577972,0.055999999999936635,3.2742828892789716E-8,0.8596581263452875
-0.006298419918053317,-0.19319319575809754,-0.17697148548995317,0.05599999999999272,1.109925657108838E-8,0.7904309282503095
-0.006216858410011026,-0.19388576885406886,-0.17719577001963768,0.055999999999994256,9.86486839780898E-9,0.7970312557318565
-0.006103483765487551,-0.19283377671278967,-0.176404155853706,0.055999999999990106,1.29401521858306E-8,0.8299393976972405
-0.006235737421645904,-0.19224577007368931,-0.17632834348802148,0.05599999999998972,1.3199547903427172E-8,0.8429361923489935
-0.006570142503355048,-0.1925614582497391,-0.1770968744488652,0.0559999999999925,1.1266664553899836E-8,0.8338962317725844
-0.0063185515744731,-0.1916680637482939,-0.17615261847831312,0.05599999999998975,1.317013564436087E-8,0.8598752746837479
-0.006736543062766567,-0.19175617531882938,-0.17688426487325887,0.05599999999999195,1.16715329142361E-8,0.8435320364403727
-0.006806696078572911,-0.19111972183450682,-0.17659701325394425,0.05599999999999212,1.1546554673435392E-8,0.8308803810009392
-0.0073159096881348674,-0.19112548615601688,-0.1773496258891079,0.055999999999993715,1.031385502196343E-8,0.8249368828636908
-0.007367344044010227,-0.19037930833400013,-0.17688428818699986,0.05599999999999317,1.074997342966091E-8,0.8340056174255773
-0.007926852455673762,-0.19032680484986544,-0.17757641809592936,0.055999999999995054,9.152402310119033E-9,0.7981126786865523
-0.00854349596418023,-0.18944694927167463,-0.17756909718614433,0.05599999999999591,8.324566854194977E-9,0.7578916794247657
-0.007928062939497845,-0.1895652134086628,-0.1769512332631959,0.05599999999999413,9.973499034409995E-9,0.7932999694299935
-0.008507397948940534,-0.188723163484681,-0.1768519167577199,0.05599999999999578,8.44774109035802E-9,0.7973349690682979
-0.005904781831076391,-0.19205308919830058,-0.175644676641411,0.05599999999998794,1.4287721113593409E-8,0.8356225867178187
-0.005819076050061452,-0.19255938450736887,-0.1757308470033673,0.05599999999998794,1.428387482669983E-8,0.8595793581022461
-0.005705461850230902,-0.19308332430674147,-0.17574215481586294,0.055999999999989336,1.343235153388881E-8,0.8401155241091707
-0.005952563086577972,-0.1934548217445135,-0.17641991586826797,0.05599999999999183,1.1761111366436102E-8,0.797035484044008
-0.005476977402818818,-0.19276239124079966,-0.17514879536651146,0.05599999999998694,1.4872387922292384E-8,0.841179579702389
-0.005559230632457441,-0.1923117352350188,-0.1751293138983965,0.055999999999986456,1.513690436438927E-8,0.845051745164373
-0.009060716146098241,-0.18865236732505153,-0.17737441279786745,0.055999999999996296,7.90983434847415E-9,0.7603327302899021
-0.00526666923355032,-0.19248328781100008,-0.17462628958299986,0.055999999999985964,1.5408474392155443E-8,0.8385794882050169
-0.008302624421139172,-0.22723107535900486,-0.17754113374010608,0.05599999999999987,1.5091309326089743E-9,0.15902289204082468
-0.006988865645549254,-0.22538849733899471,-0.1775046086353471,0.055999999999999814,1.8193681841048568E-9,0.17270601953880158
-0.009791932141014053,-0.2287894716450322,-0.17714252389780422,0.055999999999999904,1.3119810493262262E-9,0.14681527024877536
-0.008892057873268291,-0.22767717109944688,-0.17644192789172156,0.05599999999999988,1.402034397668969E-9,0.15272231401361486
-0.008063220340782155,-0.22675671872189,-0.17679534411819475,0.05599999999999986,1.5385276982226124E-9,0.15730444788645176
-0.006429524699618338,-0.22440103475439047,-0.17716922134699753,0.05599999999999977,1.9484846646954134E-9,0.177151716831933
-0.00819527575246562,-0.22654835476233962,-0.17537276844073627,0.055999999999999876,1.493906254043182E-9,0.15367544556286997
-0.007504480589555108,-0.22593266777690485,-0.17653820182013233,0.055999999999999835,1.6600438356141585E-9,0.1644147271899915
-0.006857782289675902,-0.22491004843042925,-0.1763449003938252,0.05599999999999981,1.816840837398224E-9,0.169482555800188
-0.007305084892826443,-0.2252338823590915,-0.17506254900727455,0.055999999999999835,1.6855847122216617E-9,0.16214811072859714
-0.005938080833864371,-0.22348290691584324,-0.17685208187590062,0.05599999999999973,2.0714434097067137E-9,0.1809278703999305
-0.006331788990977643,-0.22398288559123136,-0.17609495488465018,0.055999999999999765,1.9955697018777706E-9,0.1753022227150448
-0.010060165666411438,-0.22865632346563602,-0.17553195136701116,0.055999999999999904,1.2737708452738334E-9,0.14119468902961835
-0.009301935817911717,-0.22761795883720964,-0.17460540677647687,0.05599999999999989,1.3371880263310184E-9,0.1432098834827138
-0.010388731065148413,-0.2284382187124289,-0.1737915881922289,0.05599999999999992,1.2262925477418744E-9,0.13406178610763414
-0.00861143859902811,-0.22659212576203022,-0.17389808185741543,0.05599999999999988,1.4088316834412608E-9,0.14381852944693158
-0.007804251573912595,-0.22559011378095642,-0.17400029088013275,0.05599999999999986,1.5446551655139984E-9,0.15053570081444445
-0.0071884995218112644,-0.22470870172423854,-0.17399069109642457,0.05599999999999983,1.722872211320179E-9,0.15671693494867653
-0.006675367060740174,-0.2243662010263961,-0.17540805033607115,0.055999999999999786,1.8987035595461763E-9,0.16854987675813388
-0.006772961184232597,-0.22426767435753642,-0.1745719105216962,0.05599999999999981,1.8517169508078506E-9,0.16362646825124555
-0.006276533027126023,-0.22363606936279987,-0.17515784634426718,0.055999999999999765,2.026393470971815E-9,0.17351773771344994
-0.005881709531730029,-0.22316446269799997,-0.17591319118600002,0.05599999999999973,2.1056853563439535E-9,0.17770286548967396
-0.005832480392470732,-0.22283444356917184,-0.17501064235085387,0.055999999999999724,2.1176316673657905E-9,0.17433456848820142
-0.006287678704635249,-0.22337863173138692,-0.17427019092765822,0.055999999999999765,2.019668826230234E-9,0.16778274268540608
-0.010921672279861554,-0.22819524091722757,-0.17188305840457285,0.05599999999999992,1.1847759940078336E-9,0.12549180479276822
-0.009528121888597895,-0.22729658513439124,-0.17298708001761037,0.055999999999999904,1.2945046034404793E-9,0.13804509241351848
-0.008484035935333685,-0.22587794386143362,-0.17246099280987273,0.055999999999999876,1.4244975253826881E-9,0.14327814016073487
-0.0075076081027128086,-0.22479955255828607,-0.1730020770719649,0.055999999999999835,1.6503234813748643E-9,0.1523986208113923
-0.006810849521938665,-0.22396371163543913,-0.17352985746805022,0.05599999999999981,1.875988731393516E-9,0.1601116503716986
-0.006919395481352112,-0.22369645395142562,-0.17245612176529343,0.05599999999999982,1.7741737686123716E-9,0.15522876616460118
-0.006294675441601557,-0.2230194446524987,-0.17324620747164715,0.055999999999999765,1.9804481778574424E-9,0.1622006729347908
-0.005792752996279666,-0.2224668937195413,-0.17407234633141905,0.05599999999999975,2.0672089484499053E-9,0.16914025206106356
-0.009692352819906509,-0.2267698068473457,-0.17135477097102977,0.05599999999999992,1.2684572821692008E-9,0.13212498488867744
-0.008663101701078472,-0.22531063356285386,-0.17080385364363335,0.05599999999999989,1.3886476097673892E-9,0.13612313916395782
-0.007746226454920497,-0.2245657810376707,-0.17170963405301382,0.05599999999999986,1.5554462965416086E-9,0.14593218590100926
-0.007763864363027512,-0.2239447775693844,-0.17047580465719586,0.05599999999999986,1.5309016129745455E-9,0.14141027333088113
-0.007005867737803682,-0.22330320555396452,-0.17134747837184242,0.055999999999999835,1.6935820841683257E-9,0.14908909388473032
-0.006312153916636814,-0.22260856193920855,-0.17221124566763363,0.05599999999999981,1.8743162222767517E-9,0.15837252653485318
-0.0057691263794465665,-0.22203082314943362,-0.17303064113842562,0.055999999999999765,1.982653701518877E-9,0.16463499401913875
-0.005774499133369538,-0.22151528373046137,-0.1718773843284379,0.05599999999999979,1.8839784792244344E-9,0.15789664875106316
-0.006316678438070389,-0.22200279359326902,-0.17100175921170285,0.05599999999999982,1.7827601016035533E-9,0.1515338931599594
-0.00697518987822302,-0.22259947694642082,-0.17018411984115495,0.055999999999999835,1.6442075978355387E-9,0.14451409317895178
-0.005833170015913519,-0.22090463863140092,-0.17060308627568804,0.05599999999999982,1.7518302042418006E-9,0.1507931243034241
-0.006371836949317922,-0.22151811126854776,-0.17005209673731764,0.05599999999999983,1.731217382935328E-9,0.1463921822332992
-0.004746975923448939,-0.17673949866853042,-0.15593069986512126,0.05599999999947949,9.385223226663903E-8,1.187168984386966
-0.004080806298331757,-0.17663096588158514,-0.15589875298537836,0.05599999999942074,9.900681629474546E-8,1.2065327658998921
-0.0050323744701945925,-0.17693490236019285,-0.156503411610915,0.05599999999970654,7.046917654839396E-8,1.0629305157662006
-0.007196047940991086,-0.17794901685522413,-0.1596339220358333,0.05599999999997977,1.8501126759817742E-8,0.6823044294484824
-0.003457005198252091,-0.17653675397707824,-0.15573391469181294,0.05599999999929121,1.095191950695263E-7,1.2265174103715983
-0.00287905477995745,-0.17646872657799179,-0.1555217576562391,0.055999999999023144,1.2857158029089963E-7,1.3437523951810215
-0.0030066957399804634,-0.17663492136661296,-0.15599351927654567,0.055999999999396366,1.0106839567578685E-7,1.181929221047985
-0.004270132893729843,-0.17682402389870908,-0.15648821762639953,0.0559999999996284,7.929873059475349E-8,1.0858059186342075
-0.0034885493578506862,-0.17675307508280438,-0.15637156941046773,0.05599999999954665,8.758810871276975E-8,1.1042153063038735
-0.00649267030092303,-0.17768792668102845,-0.15881488659348889,0.055999999999963475,2.48595295203233E-8,0.7246666242016243
-0.005388641953303037,-0.1771766921779932,-0.15726182901327687,0.055999999999850364,5.032027106184247E-8,0.95352155359065
-0.008681539945910855,-0.1785108028396784,-0.16175600193172487,0.055999999999993194,1.0732715744538812E-8,0.5459359160434535
-0.007912094484315277,-0.17822691990687572,-0.16064211725592248,0.05599999999998856,1.3915288648907444E-8,0.6054634350118894
-0.006748312383593811,-0.1780940799326471,-0.16050267438108967,0.05599999999998632,1.5216844429249755E-8,0.6136595928284336
-0.0018600181765389102,-0.17658665023558318,-0.15548076011322798,0.05599999999870355,1.4811655990182475E-7,1.4489290568433244
-0.004526613674680652,-0.17704613584015375,-0.15717516819443692,0.055999999999793805,5.9068870113115046E-8,1.0078407089804702
-0.0060619279793921975,-0.17788653748367753,-0.15984765100629553,0.05599999999997916,1.8780365584416097E-8,0.6761762637845335
-0.005822899167785588,-0.1774219543321212,-0.15803873573785016,0.055999999999925325,3.5549904087347586E-8,0.8287847974639306
-0.0027885014892631253,-0.17684106814935588,-0.15648519265800556,0.05599999999953712,8.850380865298748E-8,1.1875004702398453
-0.002386363658303783,-0.17667328760770992,-0.15592212523457366,0.0559999999992319,1.1400835755744208E-7,1.3374866215308583
-0.003748252642859805,-0.17698789865892214,-0.15706935082000154,0.0559999999997035,7.083355132518288E-8,1.0612495938778777
-0.003135507159605041,-0.1769603124305764,-0.15689586282582763,0.055999999999665886,7.519350262230502E-8,1.0683672722416715
-0.005403351517831381,-0.17760130071524993,-0.15893003245146045,0.05599999999995828,2.6571555016682163E-8,0.783350596268715
-0.0046922986375902975,-0.17731946411664326,-0.15806992407223416,0.055999999999900026,4.113069076882249E-8,0.9184476980989859
-0.006939131267314797,-0.17844824032690357,-0.16179015560012922,0.055999999999992243,1.1456179569606408E-8,0.5797056358099583
-0.005821137546803764,-0.1782234023204365,-0.16097353990612118,0.0559999999999869,1.4889413307706221E-8,0.6086643262893096
-0.00504603364840399,-0.17794364580689065,-0.16002450823757627,0.055999999999978435,1.9101053495667065E-8,0.7002462493094783
-0.00549941921802306,-0.17871125958563236,-0.16215616254640036,0.055999999999991966,1.1662443723860969E-8,0.6136211591982991
-0.0013209694708086364,-0.1767669973095555,-0.15556548226717026,0.055999999998651635,1.5105354955443537E-7,1.4221008634206882
-8.024724540337802E-4,-0.17693807180804555,-0.15553142786742138,0.055999999998404694,1.6430412728144186E-7,1.542215281158813
-0.0010920994789773305,-0.1770473354375807,-0.15597760127273913,0.05599999999907915,1.2483139076016477E-7,1.3573426806464362
-0.00168816201160958,-0.17686435114672241,-0.15601373900058144,0.05599999999917252,1.1833349290210338E-7,1.2922176309663505
-0.0020836819919444007,-0.1769692847285194,-0.15648056123401877,0.05599999999953351,8.88484874350345E-8,1.1174291235637692
-0.0014276077202353863,-0.17716802807260393,-0.15647596665941524,0.055999999999465505,9.510511161287456E-8,1.1576690236819085
-0.0025772876645643403,-0.17711118880714624,-0.15706475454441235,0.055999999999679195,7.368065625098137E-8,1.0301310396526724
-0.003953255776032752,-0.1771689587870282,-0.15761521981968757,0.055999999999837444,5.244776222578495E-8,0.962783023563955
-0.001784144944716312,-0.1773024285001682,-0.15700975931721947,0.05599999999968381,7.314803805408419E-8,1.0474498114023092
-0.0022989950570993125,-0.177453779769044,-0.1576752888763564,0.055999999999805865,5.731731903871484E-8,1.027396160220461
-0.0031490492270726876,-0.1772252263847102,-0.1575847419982189,0.05599999999980254,5.7804232085777975E-8,1.0266252245994398
-0.0043834298843913495,-0.177649119359569,-0.15905965512803705,0.05599999999995345,2.806874318689743E-8,0.8170399362932086
-0.003729681182690898,-0.1774393337713087,-0.15832724536187961,0.05599999999990101,4.0929247630177847E-8,0.900797880852037
-0.003953439335020969,-0.17812458496381,-0.1600950275628609,0.0559999999999767,1.9856794936239533E-8,0.7358572628073857
-0.004645289934670477,-0.17842562282412922,-0.1611158586478916,0.05599999999998665,1.5032336855276202E-8,0.6547863644343842
-0.00414630023962779,-0.17907341015413417,-0.1621124795648303,0.05599999999999094,1.2384148042235537E-8,0.6292179406225912
-0.0034250718174964755,-0.17872644645493896,-0.160976272936365,0.05599999999998373,1.6594244205431342E-8,0.7146005052355631
-0.0028102578788675526,-0.17842293382806904,-0.15996101072100097,0.05599999999996758,2.3420331936186103E-8,0.8077386039331925
-8.118553164893644E-4,-0.17736885645986797,-0.15635983499671477,0.05599999999934568,1.0522691858956016E-7,1.2873855209219605
-5.573555676242631E-4,-0.17722525851876936,-0.15586865740887362,0.055999999998860774,1.388457852471691E-7,1.466280208612514
-0.001104570348669459,-0.17753105934042496,-0.15691587043551425,0.055999999999626626,7.948718600089557E-8,1.1591456426748816
-0.001441992166997129,-0.17771435249144202,-0.15754483017121126,0.05599999999978111,6.086275655436203E-8,1.0960317709304475
-0.001831980516231944,-0.17792165139860136,-0.15825555060378504,0.05599999999988433,4.424392927874004E-8,0.976461323593789
-0.0027355761223977434,-0.1776361900568824,-0.15833963846978327,0.05599999999989793,4.15588782742474E-8,0.9446497083118505
-0.0033051753664842154,-0.1778682455942631,-0.15917796031263923,0.055999999999945836,3.027397871168414E-8,0.8365139082279723
-0.002284127637733077,-0.17815643224360933,-0.15905757157233075,0.05599999999993501,3.31622331574259E-8,0.8635974403746033
-0.010275961749793405,-0.20013384534163775,-0.15863187735794787,0.055999999999998225,5.473972393599462E-9,0.46207140894219784
-0.010364228286359679,-0.20145800110409823,-0.15922834719305745,0.05599999999999897,4.1749141011233684E-9,0.4789897094336109
-0.009818338261720157,-0.19881798535745723,-0.1579875779456134,0.055999999999997045,7.079079930666363E-9,0.3811134142200148
-0.00925954020201942,-0.19773498976433165,-0.15733238857413534,0.0559999999999952,9.01424546319451E-9,0.40340197125390453
-0.00930781086017015,-0.20032581666774732,-0.16008642531129985,0.05599999999999821,5.512131912649018E-9,0.4086593546344041
-0.009237676800296416,-0.20155860618358268,-0.16091233496526774,0.0559999999999988,4.502769486937275E-9,0.4536093782865174
-0.008611548611192912,-0.1968304147770085,-0.15680320392841676,0.05599999999999317,1.0746854039368531E-8,0.5000597987586671
-0.007944884974447354,-0.19600659190748945,-0.15631042080305563,0.05599999999999037,1.276397697483629E-8,0.54689916731844
-0.009144201142692713,-0.199263706908206,-0.15929408704616443,0.05599999999999731,6.7539549907367585E-9,0.36033600562695983
-0.008830296062337881,-0.19821103390518308,-0.15839316296620928,0.05599999999999581,8.41981523367425E-9,0.43549257797000474
-0.007054350149382636,-0.19508948975257015,-0.15580612150709186,0.055999999999985894,1.5447880881734264E-8,0.6221136894905354
-0.008047032460326427,-0.19725493995121163,-0.15793407114049904,0.05599999999999373,1.0301672741848093E-8,0.5753967827042844
-0.007947811454555198,-0.1977629979044767,-0.15884031648716554,0.055999999999994665,9.50274711630841E-9,0.5464857977659162
-0.00821423396858441,-0.20025610795765933,-0.16176196825537786,0.05599999999999796,5.8772271218124036E-9,0.3492422270322019
-0.008175388310538169,-0.20145192973911724,-0.16264177784442294,0.0559999999999985,5.0411738902299285E-9,0.41146473037263703
-0.00826060808090125,-0.19837786210353356,-0.15935652362507133,0.05599999999999592,8.313993466035961E-9,0.4922290872141609
-0.00808484146218261,-0.19906281386343097,-0.1605931222946749,0.055999999999996844,7.307370267030617E-9,0.45431098690016375
-0.007271415152879376,-0.20018381775333177,-0.16343367786929924,0.055999999999997614,6.352611889730983E-9,0.37369656177879645
-0.0071683607384803085,-0.20113762502273158,-0.16439465492141395,0.05599999999999796,5.870309564657734E-9,0.3962415355754087
-0.006496565080595103,-0.1988903757263391,-0.16326011033540763,0.05599999999999652,7.679323070106066E-9,0.6380560796043301
-0.006090504909879075,-0.19931909068060308,-0.1648705294904278,0.055999999999996934,7.2001028419182995E-9,0.5745614536141745
-0.006259914029630237,-0.20064359799299994,-0.1660222062910001,0.055999999999997475,6.539149882846796E-9,0.3542284738083104
-0.007768072523367486,-0.19646987708246602,-0.15706517624709815,0.055999999999991924,1.169334111974494E-8,0.5848921235975674
-0.0071805404556519676,-0.19646488981418178,-0.15764659523210814,0.055999999999991563,1.1949321760466383E-8,0.6575464901294504
-0.007130615982156538,-0.19584712927731973,-0.15674555222606584,0.05599999999998978,1.3148457220624728E-8,0.641903961252637
-0.007097217017410079,-0.19695440971445982,-0.15858695683574234,0.05599999999999274,1.1075531679426766E-8,0.6548316921628795
-0.006334875906123017,-0.19522361953912848,-0.15651491674070084,0.055999999999986005,1.5388259012685273E-8,0.714628670066641
-0.0063010386319750705,-0.196437743426724,-0.15868026533066182,0.05599999999999093,1.2388064581283959E-8,0.7168534229948355
-0.006346230742687432,-0.19685035403593296,-0.15945809064780764,0.05599999999999201,1.1628775678380014E-8,0.7417896284322653
-0.006541037882847901,-0.19574350240409205,-0.15713368584989865,0.05599999999998915,1.3547940410306673E-8,0.7064774639673601
-0.006565876304232096,-0.19626055728815633,-0.1579989324768477,0.05599999999999061,1.2602020895902104E-8,0.7116665841642699
-0.006026022611467987,-0.19574545021180081,-0.15769173371885067,0.055999999999988635,1.3864310327619945E-8,0.7605989523689086
-0.007263032569614973,-0.19779084950764245,-0.15986230832142562,0.05599999999999454,9.611378617093748E-9,0.6552724361451807
-0.007232964028243282,-0.19910236797166797,-0.16212607099382362,0.055999999999996795,7.361969918812868E-9,0.5355162670224567
-0.006783202936929455,-0.19808168880149438,-0.16121327313362446,0.055999999999995186,9.040311336547687E-9,0.6814592212607732
-0.006168336995703473,-0.19808368229980358,-0.16243113056789824,0.05599999999999544,8.778850580398217E-9,0.7439890026869538
-0.005687864662181852,-0.19818966659343376,-0.16373839680915991,0.055999999999995775,8.457320954151015E-9,0.766689217847361
-0.005209343497066594,-0.19726712169979713,-0.16270298484212364,0.05599999999999472,9.454673169162235E-9,0.8602993356440772
-0.006165278795680047,-0.1971900341163738,-0.16049591217949474,0.05599999999999311,1.080259947765035E-8,0.7761670186852934
-0.0055258156139342245,-0.19642139921382706,-0.1598578902380297,0.05599999999999075,1.251012621900177E-8,0.8281080263624682
-0.00554091867296999,-0.19510073121299998,-0.15705549686799997,0.055999999999984694,1.6093647746198077E-8,0.8187386612931731
-0.0058297452165367355,-0.19589894095909477,-0.15823207897660693,0.05599999999998925,1.3489555273577175E-8,0.7659056784135484
-0.0053665303884589365,-0.19537038716228686,-0.15775536429082504,0.055999999999986755,1.497148893252383E-8,0.8336419849230353
-0.00574209743112562,-0.1962159704296372,-0.1590268284092488,0.05599999999998987,1.3093324944634439E-8,0.7928982650328983
-0.005321305316368792,-0.19568415723339,-0.15847216875307626,0.05599999999998765,1.4458813890531483E-8,0.8333496933051262
-0.005045451275239916,-0.19583767401372307,-0.159255952144193,0.055999999999988205,1.4126831449485821E-8,0.8770814389608779
-0.004661804080247308,-0.19587433671164695,-0.16006177507469294,0.055999999999989496,1.3336934291605025E-8,0.8996845610163694
-0.004713472344314811,-0.19535341905328793,-0.15860079548633418,0.05599999999998548,1.5674879740556248E-8,0.9231952740741355
-0.004812189269472037,-0.19483991350734636,-0.1573520296865914,0.05599999999998356,1.6676724706792236E-8,0.8965386120449043
-0.0049236788713534225,-0.19525574839912643,-0.15807905802641817,0.05599999999998514,1.5859745765252607E-8,0.8735802512492619
-0.004447325829171007,-0.19496383135639359,-0.15806587263902394,0.05599999999998268,1.711486995742287E-8,0.9210739505395268
-0.0052017476578490604,-0.19654616644108294,-0.16079929218549877,0.0559999999999919,1.1716839448416876E-8,0.8677060230996423
-0.005713854096304959,-0.19730895792826125,-0.1616588001060796,0.05599999999999392,1.0136738827657761E-8,0.8178056092774759
-0.004728172922177104,-0.19650862866297117,-0.1617690014022945,0.05599999999999312,1.0789353894695724E-8,0.9144437951876991
-0.004194720607703383,-0.1952878269013611,-0.15930369911818254,0.0559999999999861,1.5342251630543317E-8,0.9925834550562351
-0.0042117583498740745,-0.19501270746958174,-0.1585274577543188,0.055999999999983244,1.6841558213582207E-8,0.9724664607323336
-0.003769283224576733,-0.19482731237725692,-0.15876363350250408,0.05599999999998284,1.703808251162208E-8,1.0471378016308928
-0.004276481355493113,-0.1958769613747077,-0.16092819352105878,0.05599999999999125,1.2165904370897022E-8,0.9433863766208831
-0.0038681896098381272,-0.1953446756028818,-0.16017163962729464,0.0559999999999889,1.3705510835959293E-8,0.9803520526967202
-0.003507006961487251,-0.194892147163745,-0.15949180229790436,0.05599999999998622,1.527450445184289E-8,1.0565587527942382
-0.00416043300384245,-0.19452793627800619,-0.15745975637451562,0.0559999999999797,1.853448996355613E-8,0.9716656339038868
-0.0037699376077955952,-0.19455866556701296,-0.15803789118504913,0.05599999999997988,1.845546082255772E-8,1.030565273525474
-0.0035960549861836287,-0.19421557041864193,-0.15743953310285563,0.055999999999977505,1.951476812638912E-8,1.076406622840966
-0.0033637272764548863,-0.1944479516058074,-0.15837749932096754,0.0559999999999802,1.8300896272364777E-8,1.071976505292064
-0.0031901608999399802,-0.19450420771846308,-0.15888259502472243,0.05599999999998342,1.675271376469071E-8,1.07332911926295
-0.0031514282724710435,-0.19412203909242023,-0.1577975926743328,0.05599999999997722,1.9635722751214842E-8,1.1090885187241835
-0.003116655872226225,-0.19392602096032183,-0.15733423568815352,0.05599999999997546,2.0379518170739677E-8,1.1345889506214375
-0.0028649856672952182,-0.19387621583658415,-0.15753946462136312,0.05599999999997592,2.018459662899737E-8,1.1794730978967103
-0.0029160386871759157,-0.19417025804617602,-0.15833608973691668,0.05599999999998028,1.8266824216176884E-8,1.1211547620730806
-0.002683895877155137,-0.1938828928814498,-0.1578438758841928,0.0559999999999782,1.9209956205146444E-8,1.1780584118599169
-0.0027031054114842273,-0.19366190752612553,-0.15717347444404195,0.0559999999999747,2.0695714809064107E-8,1.233813292279737
-0.0024900246104479625,-0.19363452091888647,-0.15739651919894979,0.05599999999997623,2.005889461038647E-8,1.2373994682731202
-0.002323446367649804,-0.19341005845600032,-0.1569697450839998,0.05599999999997408,2.094205700685867E-8,1.3527724392678213
-0.0034134387456359176,-0.20964736488305927,-0.17005627024650868,0.055999999999999765,1.978213717669839E-9,0.22751739216777914
-0.003661895236458012,-0.20824590460776976,-0.16984823136409724,0.05599999999999967,2.3593094652730103E-9,0.2629104393941908
-0.003164090323710108,-0.208647386077,-0.17160552056800002,0.055999999999999724,2.143092432744311E-9,0.25982740134097737
-0.0035508104257068202,-0.20752690447796285,-0.17070093115394624,0.05599999999999965,2.4068455097538665E-9,0.27434212663122404
-0.004012860551931568,-0.20878749127573878,-0.16869333789970198,0.055999999999999724,2.1822875877597266E-9,0.24570052453325972
-0.0040504538267142915,-0.21033563274386108,-0.1682634649123782,0.05599999999999981,1.8539380558201746E-9,0.2114845394999285
-0.0040176877431021395,-0.20647442644359776,-0.16992976584988964,0.05599999999999954,2.8002235419154378E-9,0.30605560021270023
-0.004356939214047266,-0.20691134322880275,-0.16874577437195556,0.05599999999999959,2.6914772447931477E-9,0.30011705729767735
-0.004515378287186111,-0.20548000357492677,-0.16925655360275454,0.05599999999999926,3.57246999809203E-9,0.3433186051955008
-0.00473038236889982,-0.20915151017025757,-0.16706315298689475,0.055999999999999765,2.020286166632224E-9,0.23329470395619598
-0.00498163411200735,-0.21070872352832057,-0.16637579880769165,0.05599999999999983,1.7308085546555618E-9,0.2001933573010136
-0.0047088680177779126,-0.20783707101481863,-0.1675363774012622,0.055999999999999675,2.3515176675412428E-9,0.2684921945977395
-0.005711537025432099,-0.20929401693672023,-0.16528007658599642,0.05599999999999981,1.8552248270654011E-9,0.22651295536806526
-0.006161211818858577,-0.2108183166318305,-0.164402493202276,0.05599999999999985,1.5868459655764515E-9,0.1916329897796103
-0.005310282520801742,-0.20786602377227942,-0.166366831594574,0.055999999999999696,2.265041182231923E-9,0.2676568021367955
-0.006884729759592963,-0.20881541623392536,-0.1635142282198477,0.055999999999999814,1.8176968763108706E-9,0.2290738203532545
-0.0051838307065142615,-0.20647021114664008,-0.16719644658991126,0.05599999999999951,2.834080971660848E-9,0.31559517146879357
-0.004893106971297792,-0.20558821655986612,-0.16827618085377127,0.05599999999999933,3.3777637616475018E-9,0.33955719054588773
-0.005006677254360166,-0.20452534635000003,-0.16864435896100008,0.05599999999999893,4.2556921204338034E-9,0.3635464170776735
-0.0054151260997919465,-0.20496572352444617,-0.16748766808563897,0.05599999999999916,3.762990255185489E-9,0.3563466616577298
-0.006057729549215249,-0.2077994464447588,-0.16507860276674438,0.05599999999999973,2.156134741290113E-9,0.2645638055242305
-0.005976648695060626,-0.20650064078124175,-0.16568838374795986,0.05599999999999961,2.5724488188862607E-9,0.30986984499752573
-0.005857036693078376,-0.20528033482743088,-0.166446705885762,0.05599999999999939,3.214203045373714E-9,0.348906187172797
-0.006832925802715448,-0.20664938641098604,-0.16416519625764883,0.05599999999999971,2.2467127129372053E-9,0.29532180702627925
-0.008043817764565404,-0.20666655114059276,-0.1622657731969899,0.05599999999999973,2.092467524576296E-9,0.2840094603876719
-0.009221125266125358,-0.20490306986295814,-0.16092326245393998,0.055999999999999626,2.5128713440420594E-9,0.33368207713587944
-0.005432570932763675,-0.20365252677784015,-0.16809726126624822,0.055999999999998544,4.970174337787244E-9,0.3664006724542393
-0.005882140808309404,-0.20407360347477785,-0.16693579176361875,0.05599999999999894,4.239974424424932E-9,0.36453694215345217
-0.005824238244202078,-0.2027215862823252,-0.16750484145390704,0.055999999999998204,5.532541781355691E-9,0.3681350579612202
-0.006282147616591344,-0.204318802850689,-0.16603721162427082,0.055999999999999196,3.6943583449668805E-9,0.36867420261930384
-0.006510803493324575,-0.20527670496093417,-0.165227519718148,0.055999999999999495,2.9464457263835896E-9,0.3465554998809437
-0.00737327983999313,-0.2050710422447863,-0.16379378871566724,0.05599999999999954,2.8180734673287905E-9,0.34908739087863494
-0.008260349094295202,-0.2044135090229357,-0.16250671412940795,0.055999999999999536,2.7762433451615982E-9,0.365709901746561
-0.006841744256697041,-0.2038524417166121,-0.16512786165078988,0.05599999999999919,3.7039686129383314E-9,0.37499515872210637
-0.009957307737616954,-0.20322622048668512,-0.1600478883691889,0.05599999999999939,3.2152231678506897E-9,0.40593080350865374
-0.008799580621798518,-0.20300445344888185,-0.16183023709433947,0.055999999999999245,3.572628325481654E-9,0.4237377965502837
-0.006368319701768624,-0.20317186053978123,-0.16623695429714277,0.05599999999999874,4.630113137978082E-9,0.3762141199686651
-0.006126719197745978,-0.201723487100084,-0.16683135115786332,0.05599999999999795,5.889674138071678E-9,0.3669299777499189
-0.007728801286572085,-0.20303959280558798,-0.16365686017017703,0.05599999999999909,3.928274633677254E-9,0.4026622722049737
-0.006830040011758982,-0.20223082834510897,-0.16538995008136922,0.05599999999999853,4.98320671192227E-9,0.38850488560502267
-0.007464015935910923,-0.18952361450992203,-0.17636576856464733,0.055999999999993375,1.0591582966036041E-8,0.8061198893993697
-0.006979747899307677,-0.18989732572953488,-0.1760390519775647,0.05599999999999255,1.123148167739063E-8,0.8309340305226126
-0.00784926348934778,-0.18888077069714473,-0.17628276528781794,0.05599999999999416,9.946946012217265E-9,0.7926677695543177
-0.007124965821102344,-0.18905113743513993,-0.17560873529002316,0.05599999999999331,1.0642384200156035E-8,0.804653226308198
-0.006575259964088373,-0.18942213927188933,-0.17521600282285957,0.05599999999999222,1.1469344961183301E-8,0.785945446417965
-0.008360462472833969,-0.1881653243532081,-0.17616579889707995,0.05599999999999507,9.134379029266392E-9,0.7822717823250251
-0.006747900187647541,-0.1885264813981228,-0.17478850456619136,0.055999999999993715,1.0319375241299303E-8,0.7658842551607129
-0.006165201022270515,-0.18896001498293102,-0.174417786486883,0.05599999999999287,1.098168569909773E-8,0.7388712532886142
-0.007586920743152503,-0.18809596282813237,-0.17532312953548468,0.05599999999999451,9.632390230582444E-9,0.7789354509501435
-0.006319037661579025,-0.18825453550657775,-0.17411247579481184,0.055999999999994055,1.0030216098353632E-8,0.7295356430446912
-0.0069148085536566446,-0.1875866760329653,-0.17420507476393157,0.05599999999999517,9.045854296345915E-9,0.7405080856755122
-0.005736432446853757,-0.18849202391422193,-0.17359987931936527,0.055999999999993895,1.0158573857233525E-8,0.7032369586175453
-0.0060279611066584955,-0.18764083045053576,-0.17334109544857465,0.055999999999995054,9.153980544014928E-9,0.7070136363635234
-0.006501573981605408,-0.18696006479556124,-0.17325462690242843,0.05599999999999592,8.312085834756744E-9,0.704951122125333
-0.005278957669183016,-0.18800591459880195,-0.17274490658826372,0.055999999999995144,9.057852265994957E-9,0.6878073896420295
-0.0055869491874993345,-0.18694949291182836,-0.1723463018856524,0.05599999999999622,8.00778817349202E-9,0.6988992743239129
-0.00479354486047036,-0.18749940539300017,-0.17184748775499972,0.05599999999999605,8.176491951851614E-9,0.6714528096503023
-0.0048059233555465255,-0.1864606151418885,-0.17114963829414512,0.05599999999999682,7.334714435450493E-9,0.6375521252734244
-0.006286332150739735,-0.19471136940472736,-0.15583805175668594,0.055999999999982154,1.7380555305436407E-8,0.7176679729735165
-0.005581293279857111,-0.1943444710074885,-0.15583068804880978,0.05599999999997798,1.9304681957091717E-8,0.8523734064844061
-0.005793532527777136,-0.19478750249612514,-0.1563162085320664,0.05599999999998266,1.7125307369223092E-8,0.7840175326533794
-0.00517223455332973,-0.19455281359171653,-0.15647613227771381,0.05599999999998147,1.7709364669555213E-8,0.9124967081131051
-0.004866193959019265,-0.19404074510272934,-0.1559004800377823,0.05599999999997368,2.1100778660086744E-8,1.004811775278486
-0.003917490864983542,-0.21924109095942954,-0.17748528916661027,0.05599999999999971,2.252306640583528E-9,0.19831449908151755
-0.003731572698032604,-0.2185148949011162,-0.17657097124160712,0.0559999999999997,2.2147453777664537E-9,0.19828308242092368
-0.003991436279122034,-0.21926147770319065,-0.17617888494915065,0.05599999999999971,2.2190020650499806E-9,0.19443496610970834
-0.0037524791490440397,-0.218329181772471,-0.1754377462033851,0.05599999999999974,2.110582588998787E-9,0.19450217309598405
-0.0041412047835600405,-0.219306325832,-0.174856731096,0.055999999999999724,2.1684531277758027E-9,0.184627342533363
-0.00341693633201059,-0.21732718061179843,-0.17649289111050565,0.055999999999999724,2.128867754080223E-9,0.20590668308242172
-0.0039734802052187376,-0.21846923953213765,-0.17397701959599773,0.055999999999999765,2.0524971324296825E-9,0.1848020606842631
-0.004389761211847845,-0.21939617696126157,-0.1734733421266838,0.05599999999999973,2.090139352989134E-9,0.17472192061248307
-0.0031336655527874724,-0.21590181185868484,-0.1768692669891833,0.055999999999999765,2.037816534367701E-9,0.21213115443033972
-0.0029915987307810882,-0.21448292871242416,-0.17724446032053986,0.055999999999999765,2.0153510079794755E-9,0.22690859312874645
-0.004248539286937822,-0.21850767046780023,-0.17254341288263447,0.05599999999999977,1.9579949970161706E-9,0.17434941548468064
-0.004766269776411697,-0.2195562482671268,-0.17204015147488907,0.05599999999999977,1.9626825537774163E-9,0.16343791309153213
-0.005287009508551651,-0.21980738447479295,-0.17060936270476385,0.05599999999999981,1.7908329113851642E-9,0.1543256597697911
-0.0045718919979287195,-0.21850651205000227,-0.17123149664058968,0.05599999999999981,1.8620495689138615E-9,0.16645897858593803
-0.005132751219784789,-0.2186896774854638,-0.1697003408809359,0.05599999999999982,1.783983629056573E-9,0.1560038092590359
-0.003517571180492978,-0.2173316634788372,-0.1748389239636391,0.055999999999999765,2.020620788966714E-9,0.19412093479745363
-0.0032202870951837594,-0.21632679375537792,-0.1755655982425434,0.05599999999999977,1.9694617358391606E-9,0.19941009058002526
-0.0037933267313609536,-0.21742509886503558,-0.17305532999382078,0.05599999999999978,1.9248609636427215E-9,0.18030053931907855
-0.0029540107971871275,-0.2147954650116998,-0.17554907996363853,0.05599999999999977,1.9466100135869203E-9,0.20981674177975332
-0.0028170284535160993,-0.2130056467584523,-0.17576555441945688,0.05599999999999977,1.957244539478148E-9,0.2249107675819985
-0.004156794794468097,-0.21767771600123523,-0.17172824020772953,0.05599999999999979,1.8747741520625304E-9,0.17351407463847007
-0.00439606345045195,-0.2173075563608265,-0.17044925806950706,0.05599999999999981,1.8242263382771735E-9,0.1687328705524267
-0.00497701989040716,-0.2172783651244559,-0.16880756355971152,0.05599999999999982,1.7659375565137765E-9,0.16028878652967604
-0.0032633991452899946,-0.21586149423561143,-0.17376617856949328,0.05599999999999978,1.909807131680381E-9,0.19545031619841982
-0.003771404972366679,-0.21635214001907377,-0.17167751103128082,0.05599999999999981,1.8630130329652926E-9,0.17989366562625642
-0.002841721406366356,-0.2133913387890228,-0.17391088563449514,0.05599999999999979,1.8837712384943383E-9,0.20842900128150724
-0.002767062777701686,-0.21146227868151685,-0.17422589447063747,0.055999999999999765,1.9777269493843748E-9,0.22737140021258584
-0.004156602485903543,-0.2157877883780215,-0.1698339978128586,0.05599999999999982,1.7811029619226181E-9,0.17399817761003536
-0.004961637906169596,-0.21584459114113339,-0.16786228138530546,0.05599999999999983,1.7350729908637167E-9,0.164663833446314
-0.0032434864968278474,-0.2139392688039195,-0.17159815272600243,0.055999999999999814,1.8319284173439194E-9,0.1927411577276694
-0.002902498562533672,-0.2118774941609861,-0.17223539245263803,0.05599999999999978,1.9002906188978816E-9,0.2086506324955106
-0.0028817345295593794,-0.20999285466027615,-0.17281053143838954,0.05599999999999974,2.0928712134960324E-9,0.23696540867403346
-0.0030456224219701324,-0.21028003466784756,-0.17136994959024013,0.05599999999999977,1.9581579750794643E-9,0.219816298546165
-0.00406542833281433,-0.2139469035167985,-0.16894873038951194,0.05599999999999982,1.7695669292150553E-9,0.1787364432042817
-0.005071151874415178,-0.2141405382678471,-0.1668310797957465,0.055999999999999835,1.657774809544608E-9,0.17062130185219085
-0.003437358894384901,-0.21174013194394858,-0.1699173308350848,0.055999999999999814,1.8219651912226242E-9,0.199938817265137
-0.004358312937673019,-0.21225337295564087,-0.16771436124246583,0.05599999999999983,1.7241143800776938E-9,0.18660985917255887
-0.005478700134459601,-0.21248990657121564,-0.16564489040089314,0.05599999999999985,1.6025272374108409E-9,0.17775641851332877
-0.0064767356622936895,-0.1909974696543161,-0.17602728332691786,0.055999999999989815,1.3125791429048058E-8,0.8368210965124409
-0.0067579067869718784,-0.19059256519107312,-0.17619527192557355,0.0559999999999912,1.2208299344996473E-8,0.8131095657972995
-0.00568002772551585,-0.19184237526413486,-0.17514675908632346,0.05599999999998582,1.54937015799929E-8,0.826395895051097
-0.006006463604904798,-0.19128332190753133,-0.17544191560306105,0.05599999999998784,1.4351610842879503E-8,0.8891369851016192
-0.006403501053734526,-0.19039251273543029,-0.17557229014914771,0.05599999999999034,1.2782988841810983E-8,0.8605057143713705
-0.005398793847228845,-0.19202723385229584,-0.17471334997788926,0.055999999999984625,1.6128260824252834E-8,0.8632927972035386
-0.005255866665445776,-0.19172569230355335,-0.17433608821303098,0.05599999999998453,1.617736688961764E-8,0.8388144698519719
-0.00510757137266455,-0.19212678560123936,-0.1741954442739332,0.05599999999998483,1.6023475534334512E-8,0.833933775410789
-0.004943228890921494,-0.191780788724392,-0.17377192815562845,0.05599999999998557,1.5624930041498073E-8,0.8458993153461265
-0.0052289185822299074,-0.1913444215916206,-0.17414871939759816,0.05599999999998563,1.559528148106775E-8,0.8237023111190631
-0.006006001822774475,-0.18983855866013213,-0.17470393241099588,0.055999999999990814,1.2470706738992696E-8,0.8229807159443313
-0.005535930468962952,-0.191357820554689,-0.17468835099068142,0.05599999999998608,1.5343778358919498E-8,0.8284817722723653
-0.0057811590973723985,-0.19067374502362983,-0.1747909315857991,0.05599999999998861,1.3890581151486395E-8,0.8570044977808919
-0.00537365656561549,-0.1908913867088675,-0.1742257941241188,0.05599999999998736,1.4627433969604317E-8,0.8143257410317203
-0.005518700610501793,-0.19021159370121726,-0.17417317732575907,0.05599999999998951,1.3325540096676447E-8,0.8351028646649361
-0.00505901598234234,-0.19111786928810945,-0.17376951460897253,0.05599999999998686,1.4911552677924395E-8,0.8215636618030385
-0.005193322468811113,-0.19063590338142808,-0.17382709858819193,0.05599999999998849,1.395709635529485E-8,0.8215531670120001
-0.004761963278297297,-0.19141936065817097,-0.1733245064825133,0.05599999999998744,1.4580030896303322E-8,0.842165329311674
-0.005602666463837543,-0.18942344547163648,-0.17392420769774034,0.055999999999991834,1.175537950291492E-8,0.821132140562774
-0.005131782802650047,-0.18995436516451977,-0.1734642940119814,0.055999999999990564,1.2633605482166655E-8,0.8388955899035911
-0.004548958069186337,-0.19101504136256128,-0.17281891431805688,0.05599999999998945,1.3365349776176962E-8,0.8324033821407758
-0.004862583919576793,-0.19072759856078908,-0.17329729539433675,0.05599999999998856,1.3915863510779258E-8,0.8055873561078202
-0.005083306969072791,-0.1890827462228886,-0.17302585123989261,0.055999999999992736,1.1088705118959482E-8,0.7889054042481254
-0.00466176018770997,-0.1903184374478881,-0.172821932222245,0.0559999999999904,1.2750141999316943E-8,0.8051469296541951
-0.0042998318136452844,-0.19056210755742045,-0.17224781754456808,0.05599999999999172,1.1835638004731149E-8,0.8247673030927599
-0.004544660025636028,-0.18957127976811314,-0.17238747863744677,0.05599999999999262,1.1173128825087251E-8,0.8347083266165509
-0.004837203037624012,-0.18975643217899985,-0.17292299713687279,0.05599999999999122,1.2191598404594843E-8,0.8128103545280496
-0.00471152098850627,-0.1885340218913453,-0.17225314274077538,0.0559999999999943,9.824883687000329E-9,0.7374101263683331
-0.004010582071453205,-0.19005362781927046,-0.17160334122757687,0.05599999999999352,1.0473016040276584E-8,0.8172496254226131
-0.004161097917302134,-0.18915361562441546,-0.1716281991601145,0.05599999999999456,9.597157090636834E-9,0.7906519113851469
-0.00428900775172882,-0.1882622819698633,-0.17152774487924882,0.055999999999995595,8.633356262743618E-9,0.7183952793150613
-0.003807893891439946,-0.18855504877146112,-0.17087149358601705,0.055999999999995796,8.439997499135951E-9,0.7467555839209177
-0.0036774641437046654,-0.18948067375611702,-0.17087642758635682,0.05599999999999502,9.182343500821592E-9,0.7848605959453963
-0.003301390832210196,-0.1888414076527558,-0.17006787983939323,0.05599999999999595,8.284033945595804E-9,0.775800232294732
-0.0040489410938464344,-0.187368610441083,-0.17080471647369866,0.05599999999999654,7.663494332897033E-9,0.6926152045941091
-0.0034740472421478643,-0.18808842316312327,-0.1701892291716563,0.055999999999996386,7.815394027288987E-9,0.74131953337734
-0.002909189077085415,-0.18817543197422654,-0.16923175229813184,0.05599999999999655,7.639543196117946E-9,0.7725157021486059
-0.0033376068930905025,-0.18721362508084907,-0.16969956101395042,0.05599999999999671,7.453198538289493E-9,0.7239427207149891
-0.002534281218887621,-0.18752954273545602,-0.1684312009316457,0.05599999999999676,7.40448917899444E-9,0.7508730670201047
-0.002726134776073217,-0.18705477512149565,-0.16865479018859256,0.05599999999999689,7.248140177453504E-9,0.6990407377910973
-0.0021677273351003988,-0.18687584572700006,-0.16763672538299976,0.055999999999996934,7.201197071502144E-9,0.7226060810035712
-0.005158881417591806,-0.2013457489446323,-0.17708492940120546,0.05599999999999903,4.069060383158815E-9,0.5202307552980933
-0.005552857930686219,-0.19840576332356244,-0.17720911560211558,0.05599999999999822,5.492850287883434E-9,0.6859899756504101
-0.0054177418311756225,-0.19977477901295054,-0.17721623738037148,0.055999999999998655,4.778197119455306E-9,0.6480249016581333
-0.005879864251627133,-0.196022382251775,-0.17742926839788653,0.05599999999999664,7.540297551056584E-9,0.7380513420915554
-0.005690473362563133,-0.19715846644878535,-0.17728908791081427,0.05599999999999756,6.427854877403369E-9,0.6988451251207123
-0.005552697540394615,-0.1964900052163383,-0.17657411086653643,0.05599999999999631,7.90102922228051E-9,0.7399312066729005
-0.005660764938552439,-0.19534541258972862,-0.17652646250624926,0.05599999999999483,9.355835159150298E-9,0.7559831389909656
-0.005390398523875583,-0.19765769392850954,-0.1762529861030565,0.05599999999999731,6.7567627991824116E-9,0.7238952788553691
-0.0053692891710250155,-0.19572318671943817,-0.17578492366419465,0.055999999999994714,9.464471530722184E-9,0.770980990083583
-0.005271863717269279,-0.19677508151534073,-0.17563464265639647,0.055999999999996004,8.219679831963371E-9,0.7745647623494784
-0.005114549095140266,-0.19608857171500002,-0.17501227144899995,0.05599999999999442,9.718968760061964E-9,0.7841537772410704
-0.005195370321644578,-0.19518379154598656,-0.1751617581748793,0.05599999999999356,1.0436991811637712E-8,0.8139545726407129
-0.005425862386267911,-0.19482427937036312,-0.1757191659377122,0.05599999999999299,1.0893622160067505E-8,0.8038830522837438
-0.00600665542345039,-0.19487672710640835,-0.17723685382037294,0.055999999999995324,8.899110485648222E-9,0.7630601578322835
-0.005723655650363328,-0.19428636166316676,-0.17628555634405332,0.055999999999992826,1.1024594523947455E-8,0.7852271192094247
-0.005246592957945123,-0.1943714512076139,-0.17513258327772996,0.05599999999999163,1.1894800227404638E-8,0.824628760894206
-0.0050848028581125535,-0.20052395325267552,-0.17575940821693128,0.055999999999998516,5.000523232030298E-9,0.5346816700207061
-0.005219572855919191,-0.1990841910687481,-0.17575104419579543,0.05599999999999794,5.902070622419832E-9,0.67249390377844
-0.00514020001898197,-0.1978351796035829,-0.17515302702319854,0.05599999999999688,7.273753917461351E-9,0.753325237776337
-0.005016164544073463,-0.1970479925512989,-0.17463355796038182,0.05599999999999523,8.977294009535211E-9,0.7857274603488033
-0.005454227872775248,-0.1940612923989305,-0.17555848110726222,0.055999999999990994,1.2345346322219365E-8,0.8039783800741237
-0.005271771314969501,-0.19365915360226793,-0.17500461944293003,0.05599999999998959,1.3277976468309097E-8,0.8184662090037604
-0.0054655788922513965,-0.1933877957930529,-0.17535499684468625,0.055999999999989114,1.3575960718007023E-8,0.8113505585307265
-0.005643684487091515,-0.19363804123299866,-0.17584087178345975,0.05599999999999046,1.2707881184415901E-8,0.8047493435127242
-0.005276389246978544,-0.19304040238588227,-0.17482858645473134,0.05599999999998701,1.4822755610435487E-8,0.8218873065199287
-0.004982672993621602,-0.19979005119913185,-0.17454128811364603,0.055999999999997725,6.197598363847169E-9,0.576165625402376
-0.005026628827853578,-0.19871961876855995,-0.17459452807845321,0.05599999999999724,6.837751521888564E-9,0.6808923335746313
-0.004848709073110247,-0.19912923473,-0.173392841981,0.05599999999999707,7.044423241438199E-9,0.6450702616368017
-0.004923058980450192,-0.198043722043728,-0.17407091291217505,0.05599999999999645,7.753132874851333E-9,0.7667291060894234
-0.0048046960664949925,-0.2040023112361519,-0.1695232791650748,0.05599999999999881,4.4997187133000735E-9,0.34985954024605415
-0.005063489965347105,-0.20340734711581462,-0.16915336680832152,0.055999999999998114,5.634595556257387E-9,0.3465688458673069
-0.004706002931974087,-0.20343783050507622,-0.17026994100626985,0.055999999999998384,5.229904162858869E-9,0.3381182824800719
-0.005090464934958041,-0.20254695377016071,-0.16948944971422944,0.055999999999997635,6.324512290810738E-9,0.3264404524623801
-0.00468128247723019,-0.20284829300900004,-0.17088503871400001,0.05599999999999826,5.431964347545651E-9,0.32627011465808126
-0.004863442193968598,-0.20206127540575283,-0.17059607958101705,0.055999999999997704,6.2477995112137365E-9,0.3008383487328829
-0.004988054300308481,-0.20121630749414232,-0.17018504636653414,0.05599999999999698,7.143689353956288E-9,0.30643249109821996
-0.005162839509824272,-0.20162852764257283,-0.169461965502067,0.05599999999999714,6.955071253004286E-9,0.29836951241759124
-0.005417880137048517,-0.2020931034898902,-0.16861508494568953,0.055999999999997364,6.676541689516628E-9,0.3319700554207781
-0.0053263535943566314,-0.20120746238314888,-0.16882255789332468,0.05599999999999705,7.058165914119334E-9,0.3187814373812669
-0.0053181171954123155,-0.20288704735076243,-0.1686956289696321,0.05599999999999785,6.041679560541519E-9,0.33836959125230537
-0.005019823170821426,-0.20032673007381233,-0.16962011752561387,0.05599999999999683,7.323391566070363E-9,0.4302359247032772
-0.005590231882793004,-0.20137217207858601,-0.1680686001083199,0.055999999999997295,6.7658796747022606E-9,0.3407388487682344
-0.005299277191304869,-0.20051424291154538,-0.16854621138163808,0.055999999999996955,7.1873384108983565E-9,0.38168540117854827
-0.004919470249800286,-0.19941050299999993,-0.16889755570400003,0.055999999999996636,7.545903418007683E-9,0.6303002960984043
-0.0054654154465563305,-0.20000427040759858,-0.16747964037957036,0.05599999999999709,7.024783427804105E-9,0.4774278310820824
-0.004650556157860119,-0.19820740958983937,-0.17238792194158267,0.05599999999999639,7.81031860991192E-9,0.7579103369559811
-0.004713636386522283,-0.19902225314791974,-0.17193467649967337,0.05599999999999663,7.55147474545266E-9,0.6608367798381322
-0.0045342843197291975,-0.19824376881255462,-0.17124584701858217,0.05599999999999632,7.901064496293976E-9,0.7506036502182953
-0.004699419035500933,-0.19908055313390302,-0.1704162937055951,0.05599999999999661,7.5716140871066E-9,0.655449452555975
-0.004353282727669782,-0.197345478457192,-0.17134143021460432,0.05599999999999571,8.516364466763007E-9,0.8113565596409611
-0.004353933382063842,-0.19779670128781807,-0.17029216281435586,0.055999999999996296,7.925208628689567E-9,0.7961141071441326
-0.003989594780018388,-0.19655302683633577,-0.1702965680012816,0.05599999999999533,8.891296626746075E-9,0.8557165365712667
-0.004502754237701332,-0.19829801200027988,-0.1691135691690131,0.05599999999999655,7.631281516671555E-9,0.769419062901293
-0.004767757899401509,-0.19861873899228055,-0.16777226272181273,0.05599999999999647,7.73621181551012E-9,0.7538140063286914
-0.005403668796321378,-0.19911091597319386,-0.1663108411936311,0.05599999999999661,7.574954556778803E-9,0.6410960199557095
-0.004183774476416156,-0.19749160828146833,-0.16801131502098532,0.055999999999996185,8.045393569870964E-9,0.8407045736335127
-0.00402087037605519,-0.19704728589893122,-0.16921682139744962,0.05599999999999605,8.17771919412709E-9,0.8510822990885888
-0.0035833740653658584,-0.19581788364606056,-0.16926683785467964,0.055999999999995144,9.069698175664339E-9,0.8875563164074213
-0.004482906485460738,-0.19780013380843756,-0.16665608701340864,0.05599999999999621,8.015556275577633E-9,0.8272646072956764
-0.005103400489672579,-0.19817368005936073,-0.1652460384697424,0.05599999999999613,8.090564914367814E-9,0.7805720950639571
-0.004667510174051173,-0.1972370538888308,-0.1640865092699561,0.05599999999999549,8.742808425203991E-9,0.8689217056763612
-0.0038266998969882287,-0.1967766126025169,-0.16685180429455768,0.05599999999999602,8.213777183497509E-9,0.8930646726330781
-0.0036192182852913747,-0.19630701720418656,-0.16813358520095603,0.05599999999999577,8.460062308931222E-9,0.9248256202688654
-0.0031244874975372068,-0.19509833761630457,-0.16820521401812608,0.05599999999999521,9.005937485016101E-9,0.9260263123450487
-0.004156136597200981,-0.1970497285220814,-0.16546632314186202,0.05599999999999588,8.362269285366904E-9,0.8855686463648973
-0.00340478233630652,-0.19606670768551787,-0.16574819995878512,0.05599999999999566,8.572071374438726E-9,0.9277209725221036
-0.002967701758598576,-0.19542622474970933,-0.16493380499797541,0.055999999999995366,8.855376237092553E-9,0.9606423443187581
-0.0036425579030001667,-0.19619473997347045,-0.16433115685284275,0.055999999999995276,8.949251634488305E-9,0.9406351949436008
-0.004223165813512,-0.19646794445175939,-0.16303820117154338,0.05599999999999442,9.712174463216084E-9,0.9314919912457901
-0.003174719983040709,-0.1956108128109338,-0.16701745856547656,0.05599999999999567,8.55799515083938E-9,0.9159968473900818
-0.002653539445145323,-0.19444095693339475,-0.16718906525210597,0.055999999999995054,9.14736861534809E-9,0.9572427533956333
-0.002678960350356985,-0.19492907317000147,-0.16582554679030775,0.05599999999999529,8.928324334038412E-9,0.9335151579235669
-0.0032617017749684116,-0.1955731883769654,-0.1631562889469523,0.055999999999994096,9.998474266134847E-9,0.9937173177658786
-0.0029183957534720736,-0.1953241634661217,-0.16412297453655889,0.05599999999999491,9.278289125368528E-9,0.9584469431155181
-0.0024991366798368096,-0.1947782317431338,-0.16469626331525936,0.05599999999999506,9.140018343444448E-9,0.9671181269183124
-0.003128520978965293,-0.1948622668841428,-0.1603555278375261,0.05599999999998868,1.3843923712336253E-8,1.0661881384896077
-0.0034654258058078417,-0.1953134973037153,-0.1611428253009833,0.055999999999991085,1.228113644167676E-8,0.9932125530848253
-0.0038278298864794715,-0.1958505471868216,-0.16208042201702896,0.055999999999992923,1.0940287837588847E-8,0.9984276838781061
-0.002606380518233213,-0.19464348829019018,-0.16128641581559244,0.05599999999999105,1.2307523892237456E-8,1.0320483371832399
-0.003086484160247883,-0.19519997599572556,-0.16204532949766715,0.0559999999999927,1.1114645659065181E-8,1.0195509011203534
-0.002627436618636206,-0.19486777657403187,-0.16272204144973768,0.05599999999999361,1.0405090377849791E-8,1.0017512504448152
-0.002439028494158792,-0.19460842139615828,-0.16210024648266866,0.055999999999992535,1.1238720355014503E-8,1.0131068269197232
-0.0028413308811128636,-0.19447543380126295,-0.15961730194768517,0.05599999999998595,1.5419545574658606E-8,1.1024685140653823
-0.002382002937636294,-0.1942995153374604,-0.16037299183729622,0.05599999999998868,1.3837861258573796E-8,1.0934179874098247
-0.0022019068348596103,-0.1940239851412765,-0.15963129059483191,0.055999999999986484,1.5123614250339277E-8,1.1336910928060926
-0.0026009128838472614,-0.19415041608716277,-0.15896357600429517,0.0559999999999831,1.6913513180190982E-8,1.1225336344023344
-0.00240002622837794,-0.1938818885464741,-0.1584120553584124,0.055999999999981,1.7930153907346367E-8,1.2187322465381336
-0.0022122303293883195,-0.19365175293365527,-0.1579638940650741,0.055999999999979705,1.8533088176277055E-8,1.2160846442648225
-0.0020181042349434112,-0.19341842515283114,-0.15750428172567613,0.055999999999978366,1.913640654047851E-8,1.255906434382427
-0.00220948970052241,-0.1938727168074897,-0.16627690303950535,0.055999999999994936,9.262844200287804E-9,0.9808943080333147
-0.0021898461320017607,-0.19419081546937758,-0.16532937714099427,0.05599999999999504,9.157488289424182E-9,0.9528695003063025
-0.002480455994003788,-0.19476965492290987,-0.1635906325287438,0.05599999999999435,9.777544658446486E-9,1.0178186384371675
-0.0017681682213003913,-0.19334299248099984,-0.1654008575169999,0.055999999999995054,9.14982272062757E-9,0.9960376713746216
-0.0018619168869049491,-0.19388905786964752,-0.16424340560597256,0.055999999999994575,9.580642484464246E-9,1.027671817270777
-0.0019490174502100333,-0.19412824201484222,-0.16275281225616464,0.05599999999999352,1.047762112580929E-8,1.031233399375543
-0.002040293585975449,-0.19418773426814795,-0.16181221435580656,0.05599999999999221,1.1485839002980884E-8,1.0144344970427182
-0.0018771199642549767,-0.19397104525996914,-0.1611275117115078,0.05599999999999075,1.2509966089410546E-8,1.1031827227813944
-0.0017744430550120831,-0.1933770892552455,-0.1579136905688901,0.055999999999982175,1.7371419011017346E-8,1.2079735968941938
-0.0018208992513376124,-0.19352493286900835,-0.1584635609011807,0.0559999999999836,1.66613110722506E-8,1.1774985718445625
-0.001986644235535343,-0.19375626674379184,-0.15905097629931744,0.05599999999998508,1.5887922718048376E-8,1.155415040230971
-0.0014358351072543902,-0.19354399803647215,-0.16191744294631127,0.05599999999999257,1.1207003240527549E-8,1.0514833360378606
-0.0016018628976592262,-0.19355704551425687,-0.1595890937646567,0.05599999999998792,1.4295124104491256E-8,1.125793541721147
-0.0017295382026626446,-0.19375190677793433,-0.16029961321393368,0.05599999999998917,1.3538159462002413E-8,1.113648519304949
-0.001401014562166342,-0.19349646485929164,-0.1609122376884094,0.055999999999991126,1.2255337853463255E-8,1.0791824561177814
-0.0014308321927407573,-0.193323897394087,-0.15887948432422763,0.05599999999998694,1.4863345705190578E-8,1.1221748412601649
-0.001291418745625343,-0.19311740537590968,-0.15820853785848657,0.05599999999998508,1.589032106236574E-8,1.2110995462093985
-0.0018595984180608072,-0.193214096794564,-0.15706967837727645,0.05599999999997588,2.0201185940218406E-8,1.3300658273674093
-0.0014966286766899082,-0.19312987061540418,-0.15756294116893116,0.055999999999981113,1.787742260067737E-8,1.2679135635936258
-0.0013660782441107092,-0.192941445404589,-0.15705421407921114,0.05599999999997854,1.9056303446917088E-8,1.3404695812350953
-0.0012980489080375015,-0.19280613406537117,-0.1644908594559736,0.055999999999994894,9.300125745913902E-9,0.9922020639289165
-0.0012553216011745303,-0.1931653451490534,-0.16321806801927494,0.05599999999999405,1.004118598228321E-8,1.031152592941255
-7.388941253567218E-4,-0.19260201353732376,-0.162249191413346,0.055999999999993534,1.0454677968876444E-8,1.0324834867767065
-8.34193937236752E-4,-0.1926013347210888,-0.1569684728205811,0.05599999999997742,1.955035377716218E-8,1.3196145670129484
-9.84045062207539E-4,-0.19280530623835287,-0.15759716868354914,0.055999999999982335,1.7291273909419736E-8,1.2608381886928728
-0.0010681374124963477,-0.19308656340846578,-0.15934063931719414,0.05599999999998926,1.3478063241434364E-8,1.121810612049972
-8.904674304460632E-4,-0.19294291776315126,-0.16118327075124958,0.05599999999999213,1.1535564878672194E-8,1.0694671749288602
-0.0010058327085573655,-0.1930779039265285,-0.16014337280452584,0.055999999999990224,1.2863067413874108E-8,1.1490805345341264
-6.044447407011285E-4,-0.19259686497814982,-0.15818438050267253,0.05599999999998589,1.545594612347881E-8,1.2039049656955265
-8.472083923015885E-4,-0.19285214774267917,-0.15880116244338144,0.05599999999998851,1.3942737454045176E-8,1.1892082584244006
-3.677206241902625E-4,-0.1923369049856717,-0.15743171609144874,0.055999999999981266,1.780526258803254E-8,1.2616375026999849
-7.654669140037275E-4,-0.19222226863003958,-0.16348061101996217,0.05599999999999468,9.494101844886134E-9,0.9873216809403781
-2.1192410357572547E-4,-0.1916343726734077,-0.16244388924272346,0.055999999999994186,9.926844923145503E-9,0.999756475214828
-2.2920987182174253E-4,-0.19204349132575002,-0.16139375306128875,0.05599999999999294,1.0936022383464688E-8,1.0906830448562816
-2.619192342556028E-4,-0.19219043622982823,-0.15682345659211544,0.05599999999997321,2.129511847304205E-8,1.309586886381316
2.3131775520935288E-4,-0.19183329163954227,-0.1573055070018002,0.05599999999997681,1.9815305273106984E-8,1.3421774285049135
3.2893520374718486E-5,-0.1920327743288785,-0.15795050210326864,0.05599999999998472,1.6085488809766755E-8,1.2430883927848675
-5.261202987251975E-4,-0.19259254584861565,-0.159502734954625,0.055999999999990835,1.2458418218904744E-8,1.1349234381318325
-2.8181122665512336E-4,-0.19229057672181935,-0.1603125487224478,0.055999999999991806,1.1783005785082788E-8,1.142115172808466
-2.6107227262138786E-4,-0.1923246253331942,-0.15871169640732752,0.05599999999998867,1.3848040280939011E-8,1.1988946849233535
2.8447727367233793E-4,-0.19177836172836035,-0.15851124468010033,0.055999999999986595,1.506190520263953E-8,1.185010608487896
6.529409423316774E-4,-0.191416767349096,-0.15787563950236705,0.05599999999998011,1.8347013725118333E-8,1.2986203853997131
2.2664878276915345E-4,-0.19177571289153764,-0.1593895655296999,0.055999999999990856,1.2439111791854722E-8,1.1472066411866506
6.861967409845151E-4,-0.19129074929721604,-0.15876258284271183,0.055999999999986116,1.5326650725175227E-8,1.149546688469313
7.82872708394866E-4,-0.1909922226618951,-0.15958156286889696,0.055999999999990106,1.294530005042703E-8,1.092417639939486
0.0012213750845745397,-0.19050631587095795,-0.15891156412860766,0.055999999999984375,1.6261612625978467E-8,1.1342850821685893
0.0012426183553680727,-0.19013454913313854,-0.1597039158831943,0.05599999999998862,1.387530911569402E-8,1.040473777797214
3.097556840608221E-4,-0.1910918359572182,-0.1614672326125979,0.05599999999999374,1.0289833632555178E-8,1.034465325912951
2.7993740384807403E-4,-0.19150459368529765,-0.1605079978522377,0.05599999999999272,1.10939711410199E-8,1.0580812750838329
8.033841106491658E-4,-0.190584216963835,-0.16053740259414725,0.05599999999999263,1.1161340781234628E-8,1.0618459107817715
3.4211747749181135E-4,-0.19170418107451245,-0.15661781388131327,0.055999999999969706,2.2643007692818862E-8,1.30671681939883
8.069557771180917E-4,-0.1912905183270733,-0.15703270723130033,0.05599999999997358,2.1141618242697934E-8,1.3347150505312741
0.0012336609522102793,-0.19068955922456807,-0.1580948179388424,0.05599999999997988,1.8454761105343276E-8,1.2155490755643321
0.0011405146329864758,-0.19090751506283907,-0.15740423405901802,0.05599999999997587,2.0206524362116108E-8,1.2753584558189606
9.486553926561571E-4,-0.1911594837912926,-0.15637013302524863,0.0559999999999645,2.4511918233221077E-8,1.4096147552527427
0.0013207955260113257,-0.19075357386868522,-0.1568453758720194,0.055999999999969706,2.2641823069489585E-8,1.348127480298784
0.0015058546611726236,-0.19060381628159007,-0.1561075141061765,0.05599999999995628,2.7201355551897506E-8,1.4260156243013373
0.0016451074466200034,-0.1900365191412588,-0.15823946633840072,0.05599999999998025,1.8280281269991162E-8,1.1777900667018546
0.0016290539644311373,-0.18973819616594403,-0.1589625890371133,0.05599999999998454,1.6172397532288072E-8,1.079865652211593
0.0018151291594102044,-0.19019490845476777,-0.15652857275818272,0.055999999999960824,2.5748900044585957E-8,1.3748021194797415
0.0016656504328100485,-0.19024435117577704,-0.15735921767586336,0.055999999999973446,2.1200364374010427E-8,1.2588690587336497
0.00216266941927462,-0.189625362557779,-0.15688592803995818,0.055999999999960526,2.5844592843494444E-8,1.348828930858794
0.0019818444259290698,-0.19007921002651967,-0.15585620260880775,0.05599999999993977,3.192488567045346E-8,1.4614348698650999
0.001968766109658219,-0.18938711089346738,-0.15830201660629764,0.05599999999997867,1.9000847269569304E-8,1.1815882800914967
0.002250145892802798,-0.1896626848866166,-0.15622065106286032,0.05599999999994001,3.1864529080167956E-8,1.4264106980902609
0.0023842119954918624,-0.18959056907976662,-0.1556467610418707,0.0559999999999106,3.889609060946886E-8,1.4850835680385022
0.002018191928671022,-0.1896271737625556,-0.15760917709405273,0.055999999999971996,2.1770678477172623E-8,1.2432943625701938
0.0022665145555057,-0.18907583642291273,-0.15771430258623795,0.055999999999970136,2.2480660373319434E-8,1.2210898927796017
0.0025509435646888716,-0.18926648993160855,-0.15599868280990192,0.05599999999991268,3.843796558247765E-8,1.4845828523379876
0.0024677007269619396,-0.1892773201133236,-0.15641048730471632,0.0559999999999413,3.151701238615529E-8,1.4028408510995136
0.0023134605860753252,-0.18923834963584207,-0.1572440138454923,0.05599999999996288,2.5062521244819425E-8,1.221093006940071
0.0024976252736236904,-0.18907477073391638,-0.15681458582663896,0.055999999999945795,3.028631789409247E-8,1.3021132561385407
0.002526901951121323,-0.18879983379751242,-0.15719226673593434,0.05599999999995565,2.7394870200079118E-8,1.2463786133995745
0.0027435567609987027,-0.18882478658794438,-0.15630257849333154,0.05599999999991729,3.740997809419986E-8,1.4111444451159356
0.0027548286312788148,-0.1885545803128216,-0.1567281121129976,0.055999999999934234,3.335911596531431E-8,1.2808739858774691
0.0027249060822148287,-0.18913745625769385,-0.15547292978122565,0.0559999999998733,4.630242019313598E-8,1.494203655747676
0.0031905822482994504,-0.18828688168293134,-0.15550389703288683,0.05599999999979993,5.818587060816677E-8,1.4935485759747884
0.0028500656617871842,-0.18883165195142448,-0.1557955437227993,0.055999999999873616,4.624605179645879E-8,1.4636807356828447
0.0029595866552933796,-0.18853125040437987,-0.155993900130554,0.05599999999987952,4.515337384755268E-8,1.3607358155311966
0.0030395393167230197,-0.18850773849565972,-0.15570468830592138,0.05599999999983961,5.2096157912696284E-8,1.4420711615752142
0.002954486129561185,-0.18833638329969404,-0.15631523146291532,0.05599999999989937,4.1266089979292085E-8,1.3145802976569962
0.0031298641426723193,-0.18814171319660575,-0.15594711310927167,0.05599999999985146,5.013635576353484E-8,1.3718965678584
0.0032884468925625664,-0.18796293054289,-0.1556093736036712,0.05599999999979089,5.948566678965158E-8,1.4033757974820027
-0.005424476527393254,-0.22270162724148074,-0.17736225020978028,0.055999999999999724,2.1747274915513526E-9,0.18348861706349232
-0.005647260057862663,-0.22292921495022014,-0.1766106223445898,0.05599999999999973,2.1519442073384743E-9,0.18183266071179388
-0.004937250833490033,-0.22179017721999997,-0.177207889207,0.0559999999999997,2.2396122471462246E-9,0.18027444401651233
-0.005365216487634216,-0.22239244184833873,-0.17636608103848067,0.05599999999999972,2.190520105991919E-9,0.18187714924704487
-0.005531861120727949,-0.2224284413213806,-0.17540286235496555,0.05599999999999972,2.197609951097891E-9,0.17729708315368745
-0.005439779235410712,-0.22206470881237622,-0.17471922157136782,0.05599999999999973,2.1690785987826115E-9,0.1740068553278353
-0.004634946688050361,-0.22102583686509347,-0.17647464796654178,0.05599999999999971,2.2290149090453398E-9,0.18111764752846224
-0.004921557556765312,-0.22132837099140967,-0.17542433111705613,0.055999999999999724,2.183812241886065E-9,0.17773952175958257
-0.005193844132472856,-0.2213774920839223,-0.17401273712627277,0.055999999999999724,2.144805933314766E-9,0.17095318173075408
-0.004598835161312524,-0.22034830938680608,-0.1745129958425502,0.055999999999999724,2.176805866883751E-9,0.17467616134482325
-0.005322455190761453,-0.22113660923072376,-0.17283748312923736,0.055999999999999765,2.015913101620431E-9,0.16495278014261314
-0.004379108245447465,-0.2202237394685557,-0.17571444042970236,0.055999999999999724,2.162650357615621E-9,0.1814476657546463
-0.004872018480108887,-0.22054752281818502,-0.17352706349198008,0.05599999999999973,2.11657008574598E-9,0.1684081064348566
-0.00491265772986944,-0.2202589043854612,-0.17272030638317182,0.05599999999999976,2.0265532997276223E-9,0.16556987193272035
-0.005284479244246817,-0.22058766087112852,-0.17187919135153745,0.05599999999999978,1.938173330870799E-9,0.16159308913957188
-0.004437558529975616,-0.19411424823314485,-0.1563757627145274,0.05599999999997456,2.0747760371440648E-8,1.0265369446159285
-0.004292938050406724,-0.19373336320146667,-0.1558329143360934,0.055999999999967874,2.3316565972742622E-8,1.1571781940196815
-0.004506110120090158,-0.19442128701079123,-0.15687225759234685,0.05599999999997825,1.9189598030430843E-8,0.9759578122895937
-0.004009962712075653,-0.19420532170987484,-0.15695571691397692,0.0559999999999759,2.019327613073825E-8,1.0137562063489813
-0.003555041367221895,-0.19399886927172522,-0.1570018731485116,0.05599999999997438,2.0824059946221472E-8,1.0807281643211595
-0.0038073036672728326,-0.19385355965616888,-0.15645723604522663,0.05599999999997115,2.2098080763095992E-8,1.1099405042700052
-0.003710430013712236,-0.19352107053249684,-0.1559057016728152,0.055999999999964384,2.4549199252815615E-8,1.2569308831203467
-0.00317761607027722,-0.19371101865964416,-0.1567623017734043,0.055999999999969984,2.253633189163188E-8,1.2195945349660964
-0.0033747137694799725,-0.19355213861875709,-0.15624296986597602,0.05599999999996612,2.3943718675654063E-8,1.268015782939543
-0.0029100319716939527,-0.19339469425081895,-0.1563134918900343,0.05599999999996603,2.3973291581429027E-8,1.3692902174922528
-0.0032627846051212265,-0.19336708432122468,-0.1559614643894563,0.055999999999960935,2.5713248631518255E-8,1.34684580071196
-0.003380913918571844,-0.19322923298847008,-0.15560040854365242,0.05599999999995693,2.700122431811407E-8,1.386045184825519
-0.002911158783571739,-0.1931455504066452,-0.1557752495396732,0.05599999999995852,2.649526269797357E-8,1.4470391715482442
-0.002709660826201846,-0.19348880882102373,-0.1567213577495664,0.05599999999997005,2.2510227929361685E-8,1.2973566315638387
-0.0024316617059229116,-0.19308641425525527,-0.1560067115531971,0.055999999999963246,2.4938440961211204E-8,1.491325735534107
-0.002372371739844141,-0.19326161375408774,-0.15649706559874324,0.0559999999999693,2.2795407558119125E-8,1.4226073749180597
-0.004235504520610743,-0.22012074124159614,-0.17701304833318476,0.05599999999999971,2.2423204960951925E-9,0.19240646820546203
-0.004881516462791852,-0.195672642151515,-0.17423146558722835,0.0559999999999935,1.0487581129434112E-8,0.816396150542927
-0.005006591464021671,-0.1947208236449714,-0.17456259216028489,0.055999999999991744,1.1821014719528499E-8,0.8392954080250618
-0.0050937502554785265,-0.19413053248394394,-0.17469218212292345,0.05599999999999038,1.276320817077436E-8,0.836768326552123
-0.004774003280166309,-0.1947146414262568,-0.17391492546644766,0.05599999999999162,1.190485452685869E-8,0.829387686192178
-0.004910134455447567,-0.1942393100762375,-0.1742442293204131,0.055999999999990335,1.2789135486689825E-8,0.8449039367956679
-0.004629191878397066,-0.19526949948239133,-0.17345690962983837,0.05599999999999295,1.092053986228452E-8,0.8345071148984773
-0.004523398055536114,-0.19442543447351818,-0.17321793888360346,0.05599999999999142,1.2051983844561397E-8,0.8557305020383771
-0.004984367681296554,-0.19352727457872815,-0.1743009430809001,0.05599999999998867,1.3849786207260884E-8,0.850579013397497
-0.004713451659099527,-0.1939974923994567,-0.17371389717897384,0.05599999999998998,1.3019348004290577E-8,0.8660899601286985
-0.004481911730590317,-0.1936606205926241,-0.17310989445919953,0.05599999999999009,1.2950248788734662E-8,0.8945763234428936
-0.004701135190081167,-0.19333457076659086,-0.17360379471313936,0.0559999999999885,1.3953214262467052E-8,0.865179525110025
-0.004854763050004175,-0.1928943953812508,-0.1738726967830568,0.05599999999998654,1.5094850353265697E-8,0.8446631387109211
-0.005090569822573606,-0.19280065947695676,-0.17436068466910046,0.05599999999998624,1.52614858316681E-8,0.8253679227723417
-0.00503773197515883,-0.19233920557251155,-0.1741213223041133,0.055999999999985166,1.584463615199847E-8,0.840278753541944
-0.004362094273360653,-0.19488064841399094,-0.17269491288829564,0.05599999999999276,1.1071743014499413E-8,0.8544509717378368
-0.004482325205542456,-0.1931829345418801,-0.17307412593592506,0.05599999999998909,1.358559039403991E-8,0.8830735462561894
-0.004256091156252687,-0.19408011366984046,-0.1725116401660461,0.05599999999999141,1.2055338802764578E-8,0.8659988286316246
-0.004078465256194583,-0.19450083498432377,-0.1719330295689761,0.0559999999999927,1.1111139738571608E-8,0.8617761748741447
-0.004262577482538503,-0.19341406226669808,-0.17256205376556102,0.05599999999999033,1.2794451956552463E-8,0.8852883946940153
-0.004808852788889961,-0.1921940569822466,-0.1736184536151753,0.05599999999998621,1.52777827953485E-8,0.8642708905165684
-0.004622991688602179,-0.1927070088909624,-0.17332751799587462,0.05599999999998761,1.4482998452030851E-8,0.8760605115836454
-0.004560311439284913,-0.19203571407296088,-0.1730746163269215,0.05599999999998794,1.4290949173294107E-8,0.8829691010055226
-0.00398265817970087,-0.19358584620458064,-0.17184550788452405,0.05599999999999168,1.1863147274787476E-8,0.8742976408417302
-0.003771388802071025,-0.1941220183267471,-0.17114935118229682,0.055999999999992944,1.0923366716151624E-8,0.8778805792661551
-0.003673620301406012,-0.19328778931631882,-0.17109820048966373,0.05599999999999262,1.1181437656527235E-8,0.9053781045392126
-0.0034291409001240684,-0.1937330817709095,-0.17031956538311147,0.05599999999999358,1.0422495078931216E-8,0.887823324459246
-0.004326590406394995,-0.19264281929790117,-0.1726627279435355,0.055999999999989516,1.3319404325892492E-8,0.8897405459987425
-0.004278412282944925,-0.19185588006561244,-0.1724605923452289,0.05599999999999,1.3008908028831916E-8,0.8722861620010788
-0.0039032479979194097,-0.19295116804297655,-0.1717009182007699,0.05599999999999182,1.1759589394274824E-8,0.8621274085735371
-0.0040217539591654175,-0.19239443802158526,-0.17196431666314935,0.055999999999991064,1.2290982907947732E-8,0.8794044474614413
-0.004088137858948587,-0.1929939508522112,-0.17213898476563244,0.055999999999990835,1.2456778124934785E-8,0.890803856112518
-0.003958227935729221,-0.19165222268091076,-0.17176675019432985,0.055999999999991786,1.1791619727053706E-8,0.8874231748554325
-0.0036655306645219697,-0.19231335198762953,-0.17116538427269906,0.055999999999992556,1.1227010974416623E-8,0.8691548600688735
-0.0033345089830580303,-0.19286388779896027,-0.17033033219586333,0.05599999999999348,1.0503255081324775E-8,0.8936007555778783
-0.0030309872518831855,-0.19331319803675373,-0.16939728081697733,0.0559999999999941,9.991310443975669E-9,0.8841819056238632
-0.0035946165308320707,-0.1914228898029009,-0.17098325348036877,0.05599999999999322,1.07184197791169E-8,0.8509127789748497
-0.002901982961600548,-0.19220867462361205,-0.16941597294023317,0.055999999999994186,9.917227537148751E-9,0.8714050040833499
-0.0026049116327004486,-0.19289048628099992,-0.16844547061699985,0.05599999999999445,9.69304162890044E-9,0.9338872657857186
-0.003345392118953158,-0.1920042954826036,-0.17045367236938722,0.05599999999999354,1.0452248141525588E-8,0.8224336724003581
-0.0031813103043077484,-0.19116602866847196,-0.17009794217425944,0.0559999999999942,9.906306760724114E-9,0.8326603757952523
-0.0027120095230983798,-0.1908801298331914,-0.16909821047427792,0.05599999999999485,9.33478671153544E-9,0.8490595163889522
-0.0023114323897653164,-0.19176174665867823,-0.16812468834737873,0.05599999999999473,9.4382096330405E-9,0.8635059320186519
-0.0022152989911597217,-0.19224404462136532,-0.16773823268913512,0.05599999999999486,9.331911061972813E-9,0.9038815865152915
-0.0021910999149680403,-0.19057004872644545,-0.16799327288000193,0.05599999999999535,8.876815331539556E-9,0.8425664041897284
-0.001830622292461713,-0.19161025168061305,-0.1670312298079465,0.0559999999999952,9.013075550057153E-9,0.910990902187245
-0.0014473098402221875,-0.19097667806578938,-0.1663111360079121,0.05599999999999542,8.795856837389876E-9,0.8957438988299476
-0.001675472529489295,-0.19027089160193486,-0.16690229042235402,0.05599999999999553,8.692187426907242E-9,0.8538914100602347
-0.001202601956814926,-0.19000363223180633,-0.16590227133937638,0.0559999999999957,8.525323383385969E-9,0.8533295580222746
-0.0010837277744270683,-0.1903608848629704,-0.16560866769365926,0.05599999999999555,8.674946298650309E-9,0.8425715504583794
-7.374658294823225E-4,-0.189747659395,-0.1649173027469998,0.055999999999995616,8.604495611929802E-9,0.8558319316750388
-0.004898609122823059,-0.1920181804566825,-0.17375360597558415,0.05599999999998451,1.6192534854226585E-8,0.8468237716035011
-0.00473936416675666,-0.19182131284036616,-0.1733882567505185,0.055999999999986026,1.5380425575834027E-8,0.8812473015320061
-0.004522526396983815,-0.19157080954676084,-0.1729031485405165,0.05599999999998833,1.4057961815294515E-8,0.8709512663647937
-0.004258481225543785,-0.1912694315362585,-0.172323005263142,0.05599999999999059,1.2614347829079392E-8,0.8666376919181581
-0.003933205991146709,-0.19090595368782493,-0.17162106303976288,0.055999999999992396,1.1341836712314895E-8,0.8756324221580466
-0.0034854826962053263,-0.19049196562218287,-0.1706790404161737,0.05599999999999411,9.988518049135013E-9,0.8480854218770473
-0.0033000571066561946,-0.1897721233332127,-0.17022302747224458,0.05599999999999532,8.901611266169858E-9,0.8052188088122199
-0.003043387640063175,-0.19034562828036247,-0.16977407289704746,0.05599999999999506,9.137299806029047E-9,0.8266695338487522
-0.0029135010140401373,-0.18937846663701186,-0.16942314826927513,0.05599999999999586,8.366319719563177E-9,0.8155627804378761
-0.0025736279289016433,-0.18994345873330873,-0.16878873314688392,0.05599999999999559,8.639885853667998E-9,0.8404643410488101
-0.0020750958439769707,-0.18964554109475634,-0.16774745798288446,0.05599999999999578,8.455327023044536E-9,0.8449190872910721
-0.0024460230516399483,-0.18879015249306078,-0.16844300813380703,0.05599999999999623,7.985076894402455E-9,0.8215147978089459
-0.001991085986771343,-0.18876360924287464,-0.16753126277288677,0.05599999999999618,8.048884009456151E-9,0.8243793155723826
-0.00158504919840581,-0.18923513721365562,-0.16671695828377864,0.05599999999999607,8.157208439919042E-9,0.8513270067222641
-0.0021094961145736103,-0.18795643851110297,-0.16769416148025076,0.05599999999999653,7.66386408664871E-9,0.779336316210947
-0.0017805475409231263,-0.18824444079241948,-0.16706743000766955,0.05599999999999643,7.77649646279347E-9,0.8016441509581128
-0.0017442705522081009,-0.18733507529749235,-0.16690851144578897,0.0559999999999966,7.58469421553936E-9,0.7693843821895062
-0.0011898130353885463,-0.18802376977845126,-0.165842906694066,0.05599999999999631,7.90635965284458E-9,0.8135927601092027
-0.0010466211598591723,-0.18920933321174851,-0.16558704748775208,0.05599999999999598,8.260320618603819E-9,0.8287890055808415
-6.382914431358073E-4,-0.18873025284518982,-0.16471770139643546,0.055999999999995775,8.46179236056769E-9,0.8331288297228614
-0.0017931420551348717,-0.1861635711474332,-0.16679629125196288,0.05599999999999691,7.2402306104892E-9,0.6677907075291921
-2.573207620603456E-4,-0.18949068688769288,-0.16389683071709346,0.05599999999999511,9.103090014874652E-9,0.8585920341306986
-0.0013395387056963969,-0.18663045106719833,-0.16602445580435027,0.05599999999999661,7.582014951212766E-9,0.759439943712748
-0.0014302420701250143,-0.18539575131522035,-0.16592818328646158,0.055999999999996664,7.511961614469795E-9,0.6559512450630858
-9.942291457776906E-4,-0.185848060922823,-0.16522372950906483,0.055999999999996164,8.056412858718768E-9,0.7610286185673162
-8.999405475670532E-4,-0.18680516724623009,-0.16515385691250656,0.055999999999996296,7.919035464490046E-9,0.7875283638698625
-5.693513718099193E-4,-0.1876528536319434,-0.16452403909704755,0.055999999999995644,8.583253759395578E-9,0.8238974233317496
-1.3539764799426438E-4,-0.18840802128199116,-0.16364416608268276,0.055999999999995054,9.146718627173654E-9,0.872766394600387
-0.0011199758921642,-0.18460881681450528,-0.16509160531117179,0.05599999999999638,7.82333128564269E-9,0.6283998044899662
2.67607982957191E-4,-0.1892166365555001,-0.16277112989188425,0.05599999999999474,9.435100844243508E-9,0.8717905434530429
3.9245783586032385E-4,-0.18825553213272497,-0.1625171524331594,0.05599999999999438,9.754691618830604E-9,0.9049043865120874
7.853948988268415E-4,-0.18895274167800147,-0.16164619704874458,0.055999999999993784,1.0254085235287104E-8,0.9204042656967193
-5.518434088783594E-4,-0.18506712535011466,-0.16419277520463046,0.0559999999999956,8.625301373553725E-9,0.7602287395335402
-8.996757843878607E-4,-0.18382280084890146,-0.16432880626111343,0.05599999999999597,8.262704960133668E-9,0.6240802370075208
-4.7714768184731253E-4,-0.18634313529845842,-0.1642309668187225,0.055999999999995394,8.835915043811692E-9,0.8163964240961127
-7.059669222214325E-5,-0.18560597650166014,-0.16329096398450896,0.05599999999999447,9.670774049393959E-9,0.8124585806235487
-9.6277692527288E-6,-0.18699169185168157,-0.16329108685895313,0.055999999999994686,9.479395822776897E-9,0.833596240200978
5.244962767662354E-4,-0.18701019418277987,-0.16214579070064092,0.05599999999999361,1.0397837678699483E-8,0.8752466746193219
7.979292852116683E-4,-0.18801131075246674,-0.16164002660902685,0.05599999999999364,1.0372641274670765E-8,0.9303668580453693
0.0012449488095248255,-0.18872548811300469,-0.16063502724837228,0.05599999999999222,1.146741492220871E-8,0.9769072882325928
-2.355661999197174E-4,-0.18438848609464414,-0.16338838416801782,0.05599999999999456,9.591274642327731E-9,0.7656429546262465
-2.945726527530861E-4,-0.18271003755326556,-0.16263094103490594,0.05599999999999263,1.1170316213219377E-8,0.7366277543246172
7.223888909217046E-6,-0.1837262932868116,-0.16268105720723777,0.0559999999999933,1.0650896543183783E-8,0.7294557223246614
0.0016476277374151643,-0.18853179123274247,-0.15973654231626727,0.055999999999987844,1.4342095043273662E-8,1.0701835055629814
0.0012520896215408878,-0.18769160882783437,-0.1606452996879886,0.055999999999990835,1.2453949434561455E-8,0.9689615182163713
0.001999342263356366,-0.18836622753408302,-0.15893955984452995,0.055999999999981065,1.7903590288354554E-8,1.119973397860449
0.0017762548470870853,-0.18763320279122064,-0.15950271136303973,0.05599999999998408,1.6413566851108666E-8,1.0889048375916432
3.4370092264959714E-4,-0.18613016700761906,-0.16245506076400387,0.055999999999994055,1.003013326790074E-8,0.8278964376506354
3.9644834212252083E-4,-0.18485693633710312,-0.16218090728198256,0.055999999999992736,1.1084793930788607E-8,0.8434695746353083
8.031365548982221E-4,-0.18600984590367858,-0.16143923634778157,0.05599999999999094,1.2383088041133553E-8,0.9154819779348721
8.803105763319445E-4,-0.18711105750028262,-0.1613901657840607,0.055999999999992646,1.1161357047887723E-8,0.9195459435254542
0.0011204855620632079,-0.186774383493198,-0.16083565031546718,0.05599999999999006,1.297050150917517E-8,0.9460814200195061
0.0014789654025268819,-0.1868269461094398,-0.160067221056257,0.05599999999998686,1.4912235049049974E-8,1.0167421312771368
0.0012434868739370606,-0.1862132377799473,-0.16049806530648889,0.05599999999998795,1.4280161337174539E-8,0.9724555932325274
2.531454482074247E-4,-0.18241509198570408,-0.16150195869851983,0.0559999999999874,1.4601815339256001E-8,0.7947878938111584
4.007818237571704E-4,-0.18347345718349076,-0.16180491509848155,0.055999999999990814,1.2462668525566397E-8,0.7960003707850786
0.0023056304624109107,-0.18822450702517912,-0.1582324981445151,0.0559999999999738,2.1058638842780366E-8,1.1680518111860037
0.002137746263404223,-0.18759166950155315,-0.15869937865821063,0.0559999999999748,2.065078407715591E-8,1.145627540364539
0.001891427255261182,-0.18688291081037237,-0.1591817250782351,0.055999999999977845,1.936292794361624E-8,1.1211344540888273
0.0015915303869608226,-0.1861084057612681,-0.159720391183059,0.055999999999981113,1.78787284765936E-8,1.0424150809797934
0.0019546953666835175,-0.18609020315951677,-0.15892107420545426,0.05599999999997087,2.220079372195113E-8,1.1131718198441598
0.001209763931059449,-0.18538125714605724,-0.1604606851880475,0.05599999999998537,1.573954312839183E-8,0.979769454752761
8.250398142385754E-4,-0.18462050613694642,-0.16120324609579267,0.05599999999998831,1.4064178297577079E-8,0.9265012436531229
8.854246323164157E-4,-0.18326911686053354,-0.160726086608468,0.055999999999984305,1.629653426983043E-8,0.8706532852379013
8.083428584010232E-4,-0.18211331351646767,-0.1602843108393646,0.055999999999976964,1.9742774949042155E-8,0.8822809564228012
0.0013394937064486795,-0.18421188408478936,-0.15997714960237813,0.05599999999998032,1.8247799953786903E-8,0.9996715526524325
0.0013744172578761947,-0.18300060717940886,-0.15957274188038453,0.05599999999997041,2.2378135377904706E-8,0.9880625215750235
0.0013170086005479047,-0.18183528068921603,-0.15911138371577407,0.055999999999957105,2.6942233515699088E-8,0.9998622140597244
0.002800504529141207,-0.1879977483132024,-0.15704695447412698,0.055999999999936316,3.282872477111829E-8,1.2295270311315762
0.0026938068413939822,-0.187498696094111,-0.1574271380163091,0.05599999999993982,3.191182059492803E-8,1.2820911088111304
0.002571207214667398,-0.1881027435358985,-0.15760462619023607,0.055999999999957285,2.688528748865377E-8,1.2278175144627221
0.0029980206895033374,-0.18790685244414454,-0.15655135453741992,0.05599999999990419,4.0264678274940085E-8,1.3158717574408367
0.002911972814876108,-0.18745481266009828,-0.15691313815835967,0.0559999999999132,3.832510074383505E-8,1.3018420182331016
0.0022326766298115743,-0.18687029308763192,-0.15843650705287898,0.05599999999996508,2.4312508057279213E-8,1.1833055132796642
0.0023376004529754957,-0.18615871371321877,-0.15809438822576782,0.05599999999995072,2.887610165373382E-8,1.186523007205047
0.0021219732968160866,-0.1855212910286596,-0.1584483731490177,0.055999999999956626,2.709187832031153E-8,1.1801031808296298
0.002422932938712193,-0.18753133988061788,-0.15805347380752055,0.0559999999999628,2.508995221095571E-8,1.2340565134920305
0.00252276962378338,-0.18690449845226123,-0.15780120790394253,0.05599999999994701,2.994515953806717E-8,1.2642089564643757
0.0017937461347767236,-0.1850785072357188,-0.15910314118166752,0.05599999999997285,2.143415253780998E-8,1.0870210027137142
0.0018046005344664888,-0.1838856129382387,-0.1588493475466859,0.05599999999996244,2.5211546048645908E-8,1.0838403949033995
0.0018149540064554565,-0.1826865842487012,-0.15847855191084959,0.05599999999994796,2.9676443250854283E-8,1.0949364309710934
0.0017635696934617088,-0.18159096550467033,-0.15804616914292932,0.05599999999992177,3.638329278763831E-8,1.1461391731341677
0.002366904385190853,-0.18545936759017392,-0.15789132843967799,0.05599999999993038,3.432421295764173E-8,1.2757213510829861
0.002565102097707595,-0.1858006060631701,-0.1575239764635189,0.055999999999919226,3.6973908083134425E-8,1.2631173251332068
0.002193569612708533,-0.18470403353683953,-0.15812671931072636,0.05599999999994306,3.103859412123442E-8,1.1790136302467924
0.002653971366886155,-0.18635960351595102,-0.15743560809766552,0.05599999999992042,3.6696940423947E-8,1.2508547102950536
0.003002339078110218,-0.18699660566999532,-0.15672425746087934,0.055999999999890665,4.3016060494221773E-8,1.3509763521000229
0.0028082271722826547,-0.1869614672667945,-0.15716596099614524,0.05599999999991697,3.7484549642545396E-8,1.3544191758133077
0.0029330461701358203,-0.18652135345571663,-0.1568410752512617,0.05599999999988837,4.346248636041115E-8,1.3608969433961635
0.0030980882017226435,-0.18667879895298312,-0.15648679198966628,0.05599999999985996,4.868026560879631E-8,1.3905995164671112
0.0031824089223074573,-0.1870015426210741,-0.15630633713028907,0.05599999999985,5.0382431805761455E-8,1.4062036660720432
0.0031680338407977797,-0.18782786408059973,-0.15611063204556413,0.055999999999859,4.884709797351627E-8,1.3642110707295867
0.0031103649259181534,-0.18742122485337565,-0.15643268482944767,0.055999999999879035,4.524318181251031E-8,1.3365393919812003
0.0033169020096979482,-0.18775781578904374,-0.1557117248384555,0.055999999999801646,5.793680495972525E-8,1.4076905758091136
0.0032738105615899727,-0.18738004571952316,-0.1560270831282896,0.05599999999983015,5.3611436996085497E-8,1.4114860246925438
0.0030918162278814718,-0.18622552466809705,-0.1564410879126515,0.05599999999984787,5.073808226231397E-8,1.4182485268244218
0.002826991679646949,-0.18585498779363505,-0.15695737076773283,0.05599999999988151,4.4779354666236445E-8,1.314191493726917
0.0025444206108747565,-0.18116668826142432,-0.15614281933991697,0.055999999999662854,7.553342444961759E-8,1.467528569418155
0.002939260683135157,-0.18184859116406357,-0.15560573089000834,0.05599999999957237,8.506747716335413E-8,1.6067517081011387
0.002588383386678195,-0.18208314877675164,-0.15649326532676905,0.05599999999978409,6.044483573015775E-8,1.4045621347655215
0.0021663939834422555,-0.1813713193072785,-0.15706706704023454,0.055999999999836785,5.255523747512611E-8,1.289293465125052
0.002215735082671691,-0.18242914781626401,-0.15747594646795254,0.05599999999989976,4.118702451823852E-8,1.2342733650142714
0.0026091211774006994,-0.18504963968059698,-0.15726056780546596,0.05599999999989501,4.215032615014866E-8,1.325306862022472
0.0029338905373057886,-0.18533492488215886,-0.1566019801386278,0.055999999999848935,5.0560341138052146E-8,1.3977669836921547
0.0022214531676816407,-0.18354790711324376,-0.1578084503837209,0.05599999999992589,3.5414055876778544E-8,1.1897240061447925
0.0025924271842618063,-0.18307631137260497,-0.15682124864450084,0.05599999999984404,5.1372495136922843E-8,1.3414687983784204
0.002918534100193283,-0.18461248615762976,-0.1564569786788813,0.055999999999813,5.6253569374832005E-8,1.4450843537751676
0.002552794403697943,-0.18412530023526721,-0.15717818811053413,0.055999999999883164,4.4463469936579576E-8,1.3017185733788845
0.0029558726894352546,-0.18271995023651377,-0.15587244298655542,0.05599999999968447,7.307217079811968E-8,1.5451621644203162
0.0032481233424191047,-0.18659173164417137,-0.1561370901977001,0.055999999999810174,5.6677052900689634E-8,1.4570769382981805
0.003342697977943225,-0.18696087430850647,-0.1559287307712601,0.05599999999978945,5.969090520435602E-8,1.4696665193289273
0.003427429941499475,-0.18732717342913088,-0.1556374062952847,0.0559999999997565,6.419082280742029E-8,1.468045266525335
0.0035054958300467136,-0.18690524837522612,-0.15553824463992247,0.05599999999971216,6.979249855810211E-8,1.4774341815197598
0.003397799246038365,-0.18661590806787412,-0.15579563144565794,0.055999999999754704,6.442843135674397E-8,1.493755223923842
0.003107707997397419,-0.18573954951480276,-0.15631021963383132,0.05599999999981378,5.613684230446096E-8,1.40839899000214
0.003339818178426059,-0.18615652700061097,-0.1558720666970967,0.05599999999975458,6.444488273221542E-8,1.5254128856569378
0.003127189103416447,-0.18522528517154935,-0.15614393876623525,0.05599999999977334,6.193172971497585E-8,1.4594772066064468
0.0033632688491897836,-0.18552582946420396,-0.15569150336948354,0.05599999999970914,7.015788677423681E-8,1.4775192588450696
0.003299118242976997,-0.18471160663939443,-0.1556221558963069,0.05599999999963951,7.810414440883334E-8,1.5691931054351476
0.0029192721251645967,-0.18364129221447087,-0.1562117996014881,0.05599999999976598,6.29305140045566E-8,1.4786651945154483
0.0031839433735348435,-0.18402318533896012,-0.15569821372617482,0.055999999999651856,7.675529150506343E-8,1.5784973807529858
-0.003959967912697173,-0.18634534108870207,-0.17009646790569083,0.055999999999997135,6.969484361439458E-9,0.6263391456461772
-0.003118844375308103,-0.18627676287496753,-0.16895659580552833,0.05599999999999722,6.861506425346359E-9,0.7090823591042161
-0.0028399905313229957,-0.18544956842636967,-0.16810103743006258,0.055999999999997246,6.8207228363073E-9,0.6266393065109254
-0.0025330640244703552,-0.18625868594987122,-0.16807257249702093,0.055999999999997184,6.893870108328394E-9,0.6989505431793672
-0.0022180503091873607,-0.18580887281977948,-0.16739227898438905,0.05599999999999716,6.93185614101059E-9,0.719276229272833
-0.002553512858534924,-0.1849725486411601,-0.16741561436867503,0.05599999999999725,6.81612815573547E-9,0.6400988678414113
-0.0018763687672564526,-0.1850958063759056,-0.16653403590549257,0.05599999999999695,7.190449897019796E-9,0.7263974403282187
-0.0016407737291354873,-0.18447066270977458,-0.16583984336282467,0.055999999999996664,7.521712688368415E-9,0.6602493211454323
-0.0013990259413310085,-0.18404576940727768,-0.16522567881234002,0.05599999999999668,7.498865740676271E-9,0.6355438022359896
-0.004878065507788812,-0.19640752018772473,-0.1741591440493127,0.05599999999999443,9.7058564197456E-9,0.8004508343370542
-0.004789002810774591,-0.19703136445729463,-0.17368445728272577,0.055999999999995366,8.850732994823927E-9,0.7840701354109352
-0.0047437360610056755,-0.1977827190891765,-0.1732124723533587,0.05599999999999601,8.219970914043537E-9,0.8085258718170362
-0.00467429972798619,-0.19612024018554997,-0.1734606592924628,0.055999999999994186,9.919459790746475E-9,0.8455075668884547
-0.004507565081576384,-0.19692927877001623,-0.1725024322397743,0.05599999999999515,9.058364393093063E-9,0.861363143517931
-0.004403167163885698,-0.19579646254338562,-0.17258067042548075,0.055999999999993895,1.0157482295063278E-8,0.854046504947867
-0.0041779655466877355,-0.19516870543244008,-0.1720323560991747,0.05599999999999352,1.047119445837998E-8,0.8611036188349221
-0.0038918456387060122,-0.19487784404735645,-0.17122183634473576,0.05599999999999358,1.0418793104442452E-8,0.8756268642167514
-0.0041332254405356305,-0.19601468090278987,-0.17147809066698852,0.05599999999999459,9.566166311383561E-9,0.8702896558843329
-0.003721744001808441,-0.19536418572198633,-0.17036216512085056,0.055999999999994575,9.578483032039206E-9,0.9056840283015776
-0.003637016723342102,-0.19450116754742125,-0.17059492377178756,0.055999999999993735,1.0297228864473693E-8,0.895088016164479
-0.003289434585813579,-0.1945585730114982,-0.16945415619615156,0.05599999999999449,9.657922610234351E-9,0.9541438018660889
-0.002696843705956563,-0.19372518007363065,-0.16817776957311156,0.05599999999999461,9.553690909430454E-9,0.9926043951183868
-0.002309425469392475,-0.19359450027878514,-0.16704290963527574,0.05599999999999485,9.331493908237196E-9,0.9467725866423944
-0.002236396167479444,-0.19294506427633024,-0.16738313532706492,0.05599999999999479,9.39201737020559E-9,0.977035802059234
-0.0019501569997617389,-0.19307250316097366,-0.16640797479698735,0.055999999999995116,9.084614059232735E-9,0.9707719210258773
-0.003439029089692525,-0.20719561789251592,-0.1716561304997668,0.05599999999999964,2.481547337940074E-9,0.2913228505144392
-0.0035823083994868644,-0.20633547099300006,-0.1722891927952749,0.05599999999999954,2.7730806485038167E-9,0.3191463947855636
-0.0032814036470822975,-0.20748317066531646,-0.1727392053427681,0.055999999999999654,2.42726134211477E-9,0.29411916219400736
-0.003587191163237833,-0.20623279709360615,-0.17351330761689884,0.05599999999999954,2.7996875052180872E-9,0.33362911485711266
-0.0038440601614248495,-0.20525862060130454,-0.17279868115987618,0.05599999999999939,3.203573308447865E-9,0.34377264690623516
-0.003967789670470136,-0.20490313358900003,-0.173999243901,0.05599999999999936,3.3090550178736333E-9,0.3625264806543416
-0.004162364362578494,-0.20407967192501572,-0.17284467947811205,0.05599999999999918,3.706117115482639E-9,0.3469220840740545
-0.004148886424479047,-0.20450117173505147,-0.17161633073265226,0.0559999999999992,3.6903633706972822E-9,0.3471349322430079
-0.003819758086813645,-0.20566740064869787,-0.1717048624507164,0.055999999999999425,3.1208025544005663E-9,0.32923001213026265
-0.003688225768256558,-0.20651179247691712,-0.17116204059469056,0.05599999999999954,2.804755580969715E-9,0.3085305864236924
-0.004453556614939876,-0.20374023236075392,-0.1710190472525894,0.05599999999999874,4.6153650709465516E-9,0.33406193032977854
-0.00440931918684074,-0.20339556798828612,-0.17181249878344548,0.0559999999999987,4.710584550866022E-9,0.3355059879151637
-0.004402425546162323,-0.20447249237148685,-0.17044355252735902,0.05599999999999896,4.186410881679606E-9,0.3479161452492461
-0.004040744314211633,-0.20548627828374422,-0.17078454828911485,0.05599999999999938,3.2541803277990755E-9,0.33631277940411053
-1.0982571515460673E-4,-0.17741537773698765,-0.1557840480027133,0.05599999999854546,1.568886603550142E-7,1.551348389820702
-3.03594560724523E-4,-0.1775748383725689,-0.15624853047483822,0.05599999999919137,1.1697728616982274E-7,1.3979527831626302
-5.08117981106894E-4,-0.17776519070516436,-0.1567744139296728,0.05599999999953748,8.846864069641175E-8,1.25967967155925
3.119625076469517E-4,-0.1775900761141063,-0.1556399967694832,0.05599999999823796,1.7267786873782258E-7,1.604225419873047
-7.488695363724013E-4,-0.17797891983397296,-0.15737272237877953,0.05599999999974042,6.627814148192212E-8,1.1809429514330023
-0.0010209353923651483,-0.17823310778162674,-0.1580650489743851,0.05599999999986215,4.829824545597339E-8,1.0631942658926927
-0.003059931637666966,-0.17950050373311402,-0.16198713903065495,0.055999999999988635,1.3868905602890438E-8,0.6546570412519976
-0.0014465785628560268,-0.17850360792173847,-0.15892620908643348,0.05599999999992341,3.6001331918253696E-8,0.8971508348780732
-0.0019120934699600172,-0.17880607683128613,-0.15986188008040064,0.05599999999996098,2.5697021056545764E-8,0.8255490534192435
-0.0024442243910583117,-0.17917040075035645,-0.16093381892327288,0.0559999999999819,1.750365868656907E-8,0.732464396766373
-0.002255331211879409,-0.17981282632113624,-0.16173092302100775,0.05599999999998799,1.4256044172454551E-8,0.6775670429529503
-0.001652226029551819,-0.1803218230155165,-0.16182446302189155,0.055999999999988316,1.4060449835638643E-8,0.6806951716711757
1.9486983518934487E-4,-0.17777225058785034,-0.15605678490942895,0.05599999999890145,1.3634541763277456E-7,1.5349817648872282
6.13326166609872E-5,-0.1779957862097763,-0.15655395548480883,0.05599999999938963,1.0163048281110285E-7,1.3408206315900062
6.618534663274189E-4,-0.1779629330935437,-0.15582221995059645,0.055999999998558946,1.561596161359833E-7,1.6694806181799837
5.637779587557118E-4,-0.17815015995309536,-0.1562121282831058,0.055999999999153977,1.1965185585060512E-7,1.5025253560122878
-1.0490308264160514E-4,-0.17822139841946583,-0.15708717623819385,0.055999999999652855,7.664552506435012E-8,1.275881658121096
-5.689485816087786E-4,-0.17881685294102695,-0.1585081759608327,0.055999999999905105,4.0071345393433486E-8,0.992342995473512
-2.7658710986723273E-4,-0.1785104376930141,-0.15771988748397858,0.0559999999998122,5.637356315372306E-8,1.1358897687971474
-9.997588603794755E-4,-0.17915116089077188,-0.15948047509273963,0.05599999999994661,3.005588459049159E-8,0.8997523131209243
-0.0014119972395838514,-0.1794573520857222,-0.1603709947203501,0.05599999999997324,2.127921058892436E-8,0.8291684896092201
-0.0017751378824900574,-0.17976894349132747,-0.16119539427946414,0.05599999999998292,1.7002368550965978E-8,0.7269200612527182
-0.0011470347732075847,-0.18012148093882432,-0.16100709373142252,0.05599999999998012,1.83414030655897E-8,0.7167078105795338
-9.96785922834001E-4,-0.18078951258978657,-0.16167671382629442,0.055999999999987796,1.4371036080041632E-8,0.6938746472323588
-5.067938374260583E-4,-0.18077112841292428,-0.16104580516897882,0.055999999999980885,1.798028714498873E-8,0.7577448235803995
-3.9637052202920714E-4,-0.18164350685890582,-0.16184651732744595,0.055999999999988705,1.3827758848151379E-8,0.764383995212763
4.018072209271345E-4,-0.17874561260749475,-0.15725542525592306,0.05599999999972674,6.800071414886179E-8,1.241407601138541
4.5411370981906677E-4,-0.17842894012298482,-0.15674554305465513,0.05599999999949878,9.209658207566721E-8,1.3548705505578746
0.0010356269836599649,-0.17837358712815948,-0.1559414566492754,0.05599999999886291,1.3871579895933656E-7,1.6681676534987246
0.0013621612441590142,-0.17840241498235343,-0.15555187407220306,0.055999999998474215,1.6068501923333532E-7,1.7902176538122938
8.412500047913301E-4,-0.17850906349140502,-0.15637361153715706,0.05599999999930546,1.0841219609858992E-7,1.4498466093383156
0.0012469839980929684,-0.1787985745200086,-0.15620752935173812,0.05599999999926036,1.1187659199423775E-7,1.5455797436063585
9.179440245390394E-4,-0.17883472012439752,-0.1567040133481294,0.055999999999519934,9.013245735029339E-8,1.3614112135812224
-1.813090411981815E-4,-0.1794452269804725,-0.1589474602122744,0.05599999999993451,3.328869659382883E-8,0.9291086689774902
3.5483365772591386E-4,-0.17929223189371743,-0.1580550147159901,0.055999999999872645,4.642434963756462E-8,1.0828978131500997
-2.7356324044532885E-4,-0.18017783421839706,-0.1600229760332135,0.05599999999996608,2.396136032893213E-8,0.8796695366810474
4.791211623906049E-4,-0.18012090515882034,-0.15891983033133508,0.055999999999938564,3.224321961571696E-8,0.9371039312731041
2.0926948357006912E-4,-0.18129943809526972,-0.16061297982489364,0.055999999999979976,1.8407615593571247E-8,0.8208413325246671
6.97826058469847E-4,-0.18108618166387713,-0.15962436569790703,0.05599999999996403,2.467110836826815E-8,0.9219236113543786
0.0014660868701359606,-0.17874068692729247,-0.1558294649181967,0.05599999999888435,1.3740127472700403E-7,1.6689529470799
0.0018905708242211885,-0.17908080776357196,-0.15558977779730146,0.05599999999883742,1.402623371767536E-7,1.7866242003858648
0.0010696121710744434,-0.17936697067009058,-0.1571547028933986,0.05599999999974566,6.560444365906272E-8,1.274304616237637
0.001667055327875633,-0.1791841963790513,-0.15604677549711024,0.055999999999195554,1.1667462862819568E-7,1.6383377375976345
0.0014528143659718969,-0.17927744437797902,-0.15647853534018785,0.055999999999514966,9.059724970739429E-8,1.5060032770210832
0.0015983795183069636,-0.17972900666372335,-0.15674481978501567,0.05599999999966436,7.536372195759365E-8,1.392956712976873
0.0010470458767243783,-0.17999433239848436,-0.15791663905934936,0.05599999999988047,4.497476541484899E-8,1.1274389237536384
0.0014979976415317362,-0.18001962082621953,-0.15721361132871167,0.055999999999804914,5.745738614870187E-8,1.221226315069744
0.0011897666000892618,-0.1808505125463271,-0.15856155857616247,0.05599999999993494,3.317925340954274E-8,1.0614947659664746
0.002068988135035483,-0.17953517475393999,-0.15576777098766928,0.05599999999911456,1.2240712747885362E-7,1.7390669554534497
0.0018884256181594433,-0.179763229338221,-0.15629621861282386,0.05599999999952405,8.974491399931637E-8,1.5177946311239383
0.0019864895956522763,-0.1804116312407044,-0.15672012567010685,0.0559999999997302,6.756948897231053E-8,1.3702936140160848
0.0016513578311816493,-0.18069932959588558,-0.15759213279404805,0.055999999999876114,4.578813473398583E-8,1.2117711079123779
0.0024160477871264484,-0.18022122766438736,-0.15575389691123825,0.05599999999936526,1.0363983696762314E-7,1.604933279203855
-0.004355508713315394,-0.2034782239902954,-0.1742263618486968,0.05599999999999911,3.850616016084163E-9,0.3778103201849525
-0.004493439904457851,-0.20270971783936317,-0.17293279929456656,0.05599999999999872,4.660662386836488E-9,0.32880919094009536
-0.004690438978945674,-0.20210623840727057,-0.17163107112538137,0.05599999999999804,5.764559514007986E-9,0.29667577183429766
-0.004672160225581429,-0.20199517075834958,-0.17418993224016463,0.05599999999999867,4.728514546537642E-9,0.34707149661852116
-0.0047252770953719785,-0.20132723054543686,-0.17279664351624593,0.055999999999998,5.819853369875354E-9,0.3162300602691426
-0.004856534243111105,-0.20050402782598728,-0.17390327172096173,0.055999999999997836,6.039634100816722E-9,0.43537341700530563
-0.004859208673298676,-0.20140198723842054,-0.17092619649865037,0.05599999999999723,6.851797626346323E-9,0.2915826013203362
-0.004794150219544862,-0.20086553540264615,-0.1717307899305625,0.055999999999997226,6.842629299517802E-9,0.33981995687517275
-0.004798684271831547,-0.20004078896486005,-0.17246079111906387,0.05599999999999724,6.842384157512615E-9,0.4817459207822801
-0.004885506868306855,-0.20076486021585754,-0.17077002092695984,0.05599999999999693,7.211352910890789E-9,0.344202287639607
-0.0047938672497903345,-0.19981823975480395,-0.17108126629240003,0.05599999999999683,7.333325142104138E-9,0.5221950168787272
-0.0029292562111561393,-0.2110393839082784,-0.17619389365513213,0.055999999999999765,1.9860808430503636E-9,0.2570180618617777
-0.003205764236889622,-0.20953352000918252,-0.17673685875740383,0.05599999999999974,2.1051291935527648E-9,0.29142447391206394
-0.002974326397618222,-0.2094856834725646,-0.17471307039838696,0.05599999999999973,2.112305870305581E-9,0.2723167229268533
-0.0033124446846521417,-0.20751804313457048,-0.1742124558904538,0.055999999999999654,2.43042628522698E-9,0.30933589187866867
-0.0035341819301363004,-0.20754952893306763,-0.17619935699091152,0.055999999999999675,2.333866351743454E-9,0.3329716715275248
-0.003056724465224876,-0.2085846029112187,-0.1731289925136369,0.05599999999999972,2.204199763906749E-9,0.26689678311414167
-0.003686563183817042,-0.20618806520140848,-0.17472488839057404,0.05599999999999956,2.7165582356813984E-9,0.3491867879112755
-0.003952504017642941,-0.20585253835808243,-0.17615369220317267,0.055999999999999564,2.7212396092904247E-9,0.37332544102809984
-0.0043259050835678286,-0.20483054526708025,-0.17689244810755056,0.055999999999999536,2.820069283111907E-9,0.41190497509813484
-0.004888617055740185,-0.2026480223898049,-0.17708505102329364,0.055999999999999266,3.5472706476416064E-9,0.43981750436759537
-0.0045527837312586885,-0.20380164978608006,-0.17665813682660755,0.05599999999999934,3.3458845955977347E-9,0.43010641869966115
-0.004209979476084619,-0.20451907221183205,-0.17544577587603327,0.05599999999999938,3.2552146036811748E-9,0.3948801836842427
-0.004647958484059111,-0.20272392777246045,-0.1754660133186268,0.0559999999999991,3.92085877422442E-9,0.4044740355010098
-0.004929893275484681,-0.2017677149970886,-0.17611633164558946,0.05599999999999894,4.238875168141263E-9,0.43440698372392267
-0.0048801019048829025,-0.2011703826728509,-0.1749502028019559,0.05599999999999857,4.92449532599917E-9,0.4065869971063471
-0.0020432702593451133,-0.19284152493185228,-0.1557117065278932,0.055999999999959506,2.617949652232954E-8,1.51470972422139
-0.002150712744897214,-0.19306526756634737,-0.15620296529353303,0.055999999999967486,2.345580763265453E-8,1.4220502832531283
-0.002053015855667091,-0.19316198160830264,-0.15659567229462304,0.05599999999997223,2.1680855195170017E-8,1.405416764670237
-0.0017664469490857103,-0.19289944804658893,-0.1561638778783048,0.055999999999967826,2.3334176426606617E-8,1.4530148960994946
-0.001457217595763983,-0.19261559288796343,-0.15565222451440522,0.05599999999995652,2.7124622976465168E-8,1.5396828920126262
-0.0015115252894280689,-0.19252652791210018,-0.16559903523692593,0.05599999999999504,9.160690666814636E-9,0.9874798952902148
-0.0012835230287262889,-0.19245858477962016,-0.16496088314798052,0.05599999999999513,9.080308909413431E-9,0.9212058025401323
-0.0011333177200673174,-0.19192639400912637,-0.165050916123469,0.05599999999999531,8.90176047325845E-9,0.9700377094737682
-0.0015818490822514539,-0.19194422915978435,-0.16626503911864562,0.05599999999999513,9.079564148805043E-9,0.942120190278848
-9.523654209293735E-4,-0.1910281498799125,-0.16513282201276702,0.05599999999999551,8.71496766566311E-9,0.9411135068650304
-9.790333025480144E-4,-0.1921010107538741,-0.16440800341644873,0.05599999999999518,9.03535376573726E-9,0.8750162655875704
-7.140680166735683E-4,-0.19140090226390993,-0.16430605314736887,0.055999999999995415,8.816108479716684E-9,0.9717917775112461
-4.5626111197598525E-4,-0.1905524705725557,-0.1641220104152589,0.055999999999995276,8.937452843292651E-9,0.9392159107535804
-1.983991676585195E-4,-0.19110736551039118,-0.16309423764006017,0.05599999999999477,9.415177850964342E-9,0.9703624248939443
1.5615498698321793E-4,-0.19004162460485396,-0.16284095126768294,0.05599999999999466,9.51066555364506E-9,0.9581172912140575
3.025391538622146E-4,-0.1906069025032425,-0.16210879294803981,0.055999999999994325,9.798374958404185E-9,0.9728768400504858
0.0012602720313028672,-0.1897817427060034,-0.1600897101237775,0.0559999999999902,1.2872040884298482E-8,0.9832975006516531
6.89153830548123E-4,-0.19028570407629536,-0.16128595876434396,0.05599999999999379,1.025537002331978E-8,0.9621673135634236
0.0011357838131756059,-0.18946072141669038,-0.1606655609532166,0.05599999999999262,1.1173406382271757E-8,1.0852024991314837
6.640389194389955E-4,-0.1897174738703216,-0.16173144798062578,0.05599999999999424,9.876916607866171E-9,0.9874530096650682
0.0015140475325873082,-0.18953453022289612,-0.15957530901924358,0.05599999999998778,1.4380964295528849E-8,1.011371861973302
0.0015108277981254548,-0.1891845962936781,-0.1598435909306152,0.05599999999998956,1.3297872242743501E-8,1.0747637066578533
0.0017865594447621048,-0.1890840939695767,-0.15916817988929133,0.055999999999984416,1.623851513145762E-8,1.1472313714137472
0.002169188740033352,-0.1887632747828484,-0.15833228285383494,0.05599999999997635,2.0005265730366038E-8,1.1912565799249857
0.002453816932993653,-0.1885747359255825,-0.15765951916115278,0.055999999999965,2.4335592233906275E-8,1.2476091766375397
0.0026837193103897037,-0.18837901279689082,-0.1571389374757739,0.05599999999994457,3.06250848828026E-8,1.259580475221317
0.002874745946198806,-0.18822618503425778,-0.1566892421237371,0.05599999999992164,3.641491915204186E-8,1.3078460599155795
0.0030284375720941105,-0.1880960617268173,-0.15632713141874272,0.055999999999891616,4.282797226850658E-8,1.3256368057144379
-0.0015596866261656799,-0.19292743729410589,-0.15657912929484097,0.055999999999974126,2.0927083887868842E-8,1.3973973586812896
-0.001142395687310567,-0.1927195353781239,-0.15662563875546334,0.05599999999997407,2.0945128786880523E-8,1.3594889479312688
-0.0012454939123566228,-0.192677803939659,-0.15621702058874895,0.05599999999996836,2.313940171261642E-8,1.495521796934448
-7.778835025171977E-4,-0.19233142482794374,-0.15574917717728276,0.05599999999995486,2.763903813300628E-8,1.568999316436605
-7.554039547835124E-4,-0.19245153114715446,-0.15640638179049438,0.055999999999970046,2.2515069777397176E-8,1.381623817185525
-1.5718137255393535E-4,-0.19204054446245733,-0.15622232419574583,0.05599999999996588,2.4028897821018742E-8,1.3488304725839597
-9.705063105524785E-5,-0.1919143265097166,-0.15561580814737305,0.05599999999995313,2.8164126294638578E-8,1.4384722506707133
4.0318704426022596E-4,-0.19160349608196833,-0.15592546582083355,0.055999999999961476,2.5529297348988154E-8,1.3470047627728772
0.0010203068926135878,-0.1910811566006607,-0.15563365491415218,0.05599999999995012,2.9054128514307187E-8,1.4915905546673798
-0.036743450615592095,-0.2055401817943581,-0.15467816988957084,0.05599999999999992,1.2212523881661687E-9,0.12954263265947583
-0.03760523346187594,-0.20328965147078104,-0.15517822804061698,0.05599999999999992,1.2107631529068647E-9,0.13542346053029164
-0.03566969572625956,-0.2080414054332349,-0.15429935376455725,0.055999999999999925,1.2089769045538858E-9,0.1236959318692367
-0.03444341630766914,-0.20577309323715606,-0.15357398387276353,0.05599999999999992,1.266183011302541E-9,0.13045112753703658
-0.03548784164751888,-0.20345534592246445,-0.154058516320522,0.05599999999999992,1.2408174380708835E-9,0.13582806348631513
-0.03638086718556398,-0.20173185031804938,-0.15461384229281402,0.05599999999999992,1.236544665399014E-9,0.13917627904843977
-0.03441777614958974,-0.2012270802422436,-0.1536775323366087,0.055999999999999904,1.2763178796792486E-9,0.14210256151893097
-0.03324206904453774,-0.20814623399294666,-0.15325319116714672,0.055999999999999904,1.2774489603536818E-9,0.12236506930801602
-0.032345150893900845,-0.20625171769895662,-0.1527390032498955,0.055999999999999904,1.300549944546718E-9,0.12894103284757868
-0.032627614620061224,-0.20353614575039505,-0.1527846441668567,0.0559999999999999,1.31826690523893E-9,0.13840897369068478
-0.036099765213421904,-0.19937081507291265,-0.15473593694536467,0.055999999999999925,1.2606991692299482E-9,0.14551759411896087
-0.03371122833199654,-0.19862772423635966,-0.1536444671507043,0.05599999999999989,1.3395798052990974E-9,0.1488666264026561
-0.03185930690687777,-0.20057327953981402,-0.15261711071674813,0.05599999999999989,1.3722206590963967E-9,0.1467440909509005
-0.030746491076200023,-0.208128612564,-0.15237529371299993,0.0559999999999999,1.3200734324621947E-9,0.1254413768443462
-0.03041381304567736,-0.20533347250294004,-0.15202010829009613,0.05599999999999988,1.3945439997090444E-9,0.13397062453657121
-0.02991764781999684,-0.20254732772515377,-0.1518138799991807,0.055999999999999876,1.434002496216499E-9,0.1442584982006316
-0.031067721042429785,-0.19780568373735855,-0.1526106989060014,0.055999999999999876,1.4644421598540079E-9,0.15567934074715303
-0.03281412167811417,-0.19584420317309936,-0.15372706858191904,0.055999999999999876,1.4463440257635454E-9,0.15906713410766768
-0.03514884692213484,-0.19723989388233384,-0.15459801076601057,0.0559999999999999,1.3243670286292685E-9,0.14991929845071686
-0.03532281649461302,-0.19507954255193868,-0.15520468831512638,0.05599999999999989,1.3804267529211056E-9,0.15427112636303938
-0.033661432517592425,-0.19304323932148437,-0.15492884867783527,0.055999999999999876,1.5013252703716014E-9,0.1638442303988073
-0.029269510491556995,-0.19978589795778698,-0.1517282632900286,0.055999999999999876,1.514112795353447E-9,0.15425462500028214
-0.028461884098916056,-0.19706637242803274,-0.15175830929073628,0.055999999999999835,1.6322676290063185E-9,0.1637857637938246
-0.029836224267180782,-0.19506242110138822,-0.15261761206220928,0.05599999999999985,1.5891632923143811E-9,0.16698419011672264
-0.02749609610363603,-0.19446807085374146,-0.15191381312947022,0.05599999999999981,1.8088973699900646E-9,0.17658302014572436
-0.031191179864822675,-0.19274783215250985,-0.15380732124287147,0.05599999999999985,1.6054492340653342E-9,0.17116754178948188
-0.028770324776047997,-0.19240323512036425,-0.15291310954141665,0.05599999999999981,1.8144304009113698E-9,0.17888283661570506
-0.026318036763299985,-0.19202281291200005,-0.1522346409360001,0.05599999999999977,1.966224439156652E-9,0.19306507334051026
-0.034661452667326204,-0.21326499516977793,-0.15501967437591777,0.05599999999999992,1.1399118226416647E-9,0.11194385014940375
-0.03505283302173595,-0.2112986049233502,-0.15459586021663285,0.05599999999999992,1.1505329342591017E-9,0.11608106793573225
-0.0330453687192493,-0.2148978092886944,-0.15502422113898354,0.05599999999999993,1.1307543664877964E-9,0.1118366569375808
-0.03294918704028943,-0.21250536760949904,-0.15407381961921177,0.05599999999999992,1.1859646023102616E-9,0.11316888177990315
-0.03317006082785671,-0.21010493003917532,-0.15353762658909106,0.05599999999999992,1.2314870367310568E-9,0.11871789814657864
-0.030877632890654694,-0.21085408687656515,-0.15292498602466545,0.05599999999999992,1.2660246400933144E-9,0.11552664385568978
-0.03042876212072207,-0.21606151248956038,-0.15480047338827094,0.05599999999999992,1.1471724224023684E-9,0.11114674883451219
-0.030772140117237272,-0.21351623115095036,-0.15372859348833226,0.05599999999999992,1.2078197532790221E-9,0.11099755042373348
-0.032293842040080005,-0.19087353973262722,-0.155086980578628,0.05599999999999985,1.6042341956687084E-9,0.17279800617847288
-0.028178149089507668,-0.19074385184368603,-0.15331765599985833,0.05599999999999981,1.8196247745167109E-9,0.18642740836406635
-0.02997785667993226,-0.19088393470213488,-0.1539719467310048,0.05599999999999983,1.7097808605351625E-9,0.18079923555375207
-0.028567105390105076,-0.1890813826068141,-0.15429383426767862,0.05599999999999981,1.8122038419224314E-9,0.19473987663974557
-0.026716362630366926,-0.18978671614691375,-0.15328352921847285,0.055999999999999765,2.0298501932475804E-9,0.20524507637674846
-0.027143487238759024,-0.18770755695714314,-0.15465674848229846,0.055999999999999765,1.9949859678824453E-9,0.21402194694281232
-0.028486037391884145,-0.21630337882080997,-0.15456623619199364,0.05599999999999992,1.1678606272905532E-9,0.11051803741507224
-0.027195424261131917,-0.21756259705282005,-0.15515825279633752,0.05599999999999992,1.155519581258302E-9,0.11308240089203414
-0.029037463102748,-0.20986066222666777,-0.1522159491434701,0.0559999999999999,1.354200959519552E-9,0.11804732671205573
-0.028761632221135727,-0.2118163108287984,-0.15266574130343963,0.055999999999999904,1.3125222652778142E-9,0.11330400642139588
-0.028832302532559393,-0.2143585325568194,-0.15364206473071357,0.05599999999999992,1.2380094505498972E-9,0.11099517558924789
-0.026463662334939998,-0.21551302493443597,-0.1539328735989522,0.05599999999999992,1.2621633943713269E-9,0.11116523395207047
-0.024694562782039495,-0.21662482001112504,-0.15452315406656306,0.055999999999999904,1.288000633713037E-9,0.11327734968947022
-0.02812510820738163,-0.20802089387827113,-0.15168717530081402,0.05599999999999988,1.4029854485038473E-9,0.12530402310047925
-0.027147945750737205,-0.21023075581791706,-0.15195036548143628,0.05599999999999988,1.4093120461890464E-9,0.11767065665947868
-0.02618393418688305,-0.2127112537402385,-0.15261245435095996,0.05599999999999989,1.364646294579273E-9,0.11273655112627337
-0.0223510263424,-0.215927795083,-0.154252786181,0.05599999999999989,1.388205768001164E-9,0.11181875648697683
-0.02391530235102825,-0.214545226940648,-0.153388194728552,0.05599999999999989,1.3835149675791907E-9,0.11118311131769924
-0.025443418961158662,-0.20793130065368798,-0.15129641831239918,0.055999999999999876,1.4899245995599213E-9,0.1259047532718531
-0.02413306382422983,-0.21007939130843423,-0.1516906900031195,0.055999999999999876,1.4582614788647207E-9,0.11781131476556357
-0.02269550262179181,-0.21217239298394636,-0.15239523778275565,0.055999999999999876,1.437277181511229E-9,0.10981682685578316
-0.02113220830720124,-0.21392419127868756,-0.15335455358778258,0.055999999999999876,1.4309164151286526E-9,0.10923799240249575
-0.022097771354885998,-0.20997916421989654,-0.1517677607793485,0.05599999999999987,1.4887632903312938E-9,0.11679258756294612
-0.022735015291330034,-0.20800668469415012,-0.15129461649906314,0.05599999999999986,1.5451449027880667E-9,0.1285525545529355
-0.01951423230612097,-0.21163636243565806,-0.15274359232255408,0.055999999999999876,1.453657096405448E-9,0.11250650038067248
-0.020097653459945772,-0.20839697674593685,-0.1517668608450543,0.05599999999999986,1.537030548812813E-9,0.12762522623571224
-0.017692940068500022,-0.20917519885299998,-0.15273147512100008,0.055999999999999876,1.489579301778373E-9,0.12803985918893745
-0.028818529028168054,-0.20633175319127464,-0.1516397181429966,0.05599999999999987,1.4203012904709357E-9,0.12905214819895697
-0.028276993529673358,-0.20418627711725212,-0.1513648871398563,0.055999999999999876,1.479687380459143E-9,0.13911550147511584
-0.027397942028779432,-0.20153830315809496,-0.15111556519356875,0.05599999999999986,1.540211714316772E-9,0.150858952684219
-0.026721554369459336,-0.1988979213408948,-0.15106260928416282,0.055999999999999835,1.6378730899496515E-9,0.1625715503994611
-0.026275240361773162,-0.1963129043860485,-0.15122902906393046,0.05599999999999981,1.804760721178634E-9,0.17354234327161663
-0.025667698335710778,-0.19449194544881396,-0.1514008850100135,0.055999999999999786,1.93954316855507E-9,0.18549871404896928
-0.024843563053951283,-0.19800924883201346,-0.15076484095997117,0.05599999999999981,1.852425805066401E-9,0.1704893054753452
-0.026810112065518945,-0.20617416945135292,-0.15121713243433688,0.055999999999999876,1.4917228663538624E-9,0.13282500211850207
-0.025653994055693827,-0.203402081138934,-0.15084101315644585,0.05599999999999985,1.5730793416635267E-9,0.14593229390934934
-0.02455946947511137,-0.20064747430402305,-0.1506507779742352,0.05599999999999983,1.721272766155608E-9,0.1625258612350695
-0.02377898318841936,-0.19592014027751867,-0.15083529244229207,0.05599999999999973,2.1127541683659956E-9,0.19305700842333293
-0.02405740374993455,-0.19327231937273395,-0.1513720690560263,0.055999999999999724,2.146791862894875E-9,0.20674263057018383
-0.022774361726608627,-0.19845425661812732,-0.15061413140438124,0.05599999999999973,2.099424412781805E-9,0.18780233787369077
-0.022298594380794165,-0.20088956522998605,-0.15065599794529208,0.055999999999999786,1.91648455214539E-9,0.16850513839828735
-0.024177425235364113,-0.20564610539828296,-0.15092333969504138,0.05599999999999985,1.5713202507476379E-9,0.13861222504727508
-0.02324064588762844,-0.2030140341183036,-0.1506995141232903,0.05599999999999983,1.7095349271621336E-9,0.15364358076161883
-0.0217547427370681,-0.19632951379231178,-0.1507645844381797,0.05599999999999965,2.4244586445455393E-9,0.21072597961297818
-0.021943197850490294,-0.19453904457962376,-0.15095213957143142,0.055999999999999626,2.512772415032887E-9,0.2293673863387408
-0.020720581389617094,-0.20230678200404362,-0.1509842789064054,0.05599999999999978,1.9243583942954714E-9,0.17489854729649543
-0.020570689947470536,-0.19985112456364468,-0.15092935970623825,0.055999999999999696,2.284301316779229E-9,0.2065025264400978
-0.020330624955145035,-0.19780074315769225,-0.15096341587719514,0.055999999999999606,2.600952805338263E-9,0.23142810359062846
-0.021038322570835846,-0.20534837482016136,-0.15114606478825982,0.055999999999999835,1.6608090075160597E-9,0.15080251967046307
-0.018635812310159563,-0.20380653509413166,-0.1517885871775886,0.05599999999999978,1.913133626916573E-9,0.17816966242873641
-0.020043403001035878,-0.19576383863139998,-0.1510637027153839,0.055999999999999495,2.9321864576611893E-9,0.2648136756838411
-0.018903116935331248,-0.2013320270884396,-0.15157814091086255,0.055999999999999696,2.3000193805397074E-9,0.21347421373715716
-0.018872590026640157,-0.19902977773677782,-0.1515173914176068,0.05599999999999954,2.8093325822388067E-9,0.26149003075534333
-0.01836156419900005,-0.196923346761,-0.15164182268700013,0.055999999999999384,3.2382201493111964E-9,0.31991258710531667
-0.01818577819489479,-0.20643710131394524,-0.15215740307716008,0.05599999999999985,1.6235425807529613E-9,0.1499149518914233
-0.02318005665267004,-0.21764174448670456,-0.1551892764571587,0.055999999999999904,1.3000233834477578E-9,0.11322575409154167
-0.02152857988828279,-0.21753809451597458,-0.155319146627031,0.05599999999999989,1.3508225223442009E-9,0.11402259172522418
-0.025316660571094777,-0.1898698723953791,-0.15288186791077193,0.05599999999999972,2.1953996016874873E-9,0.21733848296510633
-0.024053215046692725,-0.1906294038181552,-0.15228293321414857,0.05599999999999971,2.2339085014656765E-9,0.22675619931398627
-0.02360296340845849,-0.1888069878126763,-0.1531265379294577,0.055999999999999606,2.5743462074876475E-9,0.261299859922695
-0.021954305283451835,-0.1895774860713019,-0.1525245938941047,0.055999999999999474,2.9838960824321256E-9,0.28879943204083813
-0.025456997998522024,-0.1882490765692576,-0.15382090899407969,0.05599999999999971,2.2392088171776633E-9,0.23190994377804863
-0.02166748797638683,-0.18802171336058762,-0.15335626025577342,0.055999999999999404,3.1858375894585318E-9,0.32751721359339386
-0.020036127475077155,-0.1887668918523283,-0.15284711923823183,0.05599999999999914,3.822851286925472E-9,0.3667547432064129
-0.019827502902216968,-0.18732248907991064,-0.1536655191134771,0.05599999999999894,4.2421352122542375E-9,0.41121403215926783
-0.018306077889757934,-0.18812614257284443,-0.15317772892272977,0.05599999999999847,5.098056461882757E-9,0.4540624932943646
-0.02344294285664558,-0.18720045329958163,-0.15412317111011342,0.055999999999999585,2.683612667516217E-9,0.28961024814451924
-0.02129963602875856,-0.18641974482686116,-0.15439657824545108,0.05599999999999932,3.4164903541888267E-9,0.36927643098945634
-0.025368102163709588,-0.18614296069136646,-0.15536057328370725,0.05599999999999971,2.250486118188044E-9,0.2583630326430428
-0.016753743153039884,-0.18759335650170414,-0.15346711216757897,0.05599999999999721,6.869441041674205E-9,0.5323377455685806
-0.01800626004173042,-0.18668759259963336,-0.15398759001256362,0.055999999999998086,5.68518462029404E-9,0.5023445796277684
-0.016315588988301082,-0.18638324621572452,-0.15410175862124015,0.05599999999999658,7.60963113410208E-9,0.5614213541771353
-0.015365059208647412,-0.1871242339568088,-0.15368419750771395,0.05599999999999452,9.62649680493769E-9,0.5715075771234072
-0.015212301631621048,-0.1862015123417392,-0.15412942822514578,0.0559999999999938,1.024456544780194E-8,0.5566884854126017
-0.019280293417067995,-0.18575677192883217,-0.1546880514836196,0.05599999999999869,4.7131705398035766E-9,0.4588409071305007
-0.014075182131500132,-0.18666176901099996,-0.15380372865299977,0.05599999999999004,1.2986853869576046E-8,0.5552337034222882
-0.014511501661778052,-0.18559219430878351,-0.15435917727945844,0.05599999999998992,1.3064268383529505E-8,0.5552104470577476
-0.022947361048805986,-0.18555227574426839,-0.15533274882843517,0.05599999999999954,2.8123013549321607E-9,0.3275036039473704
-0.015677003312661603,-0.18536037415184842,-0.15464309097865356,0.055999999999994804,9.371383919773006E-9,0.5549554759362768
-0.01484107111825545,-0.18456746912782543,-0.15498152773062418,0.055999999999991175,1.2221420805973102E-8,0.536675989382464
-0.01737924338995868,-0.18527329569462223,-0.1548672215962969,0.05599999999999743,6.605160407538495E-9,0.5361348968813854
-0.016139990319867025,-0.18426696100368614,-0.15540473564288415,0.05599999999999541,8.821662127013991E-9,0.5396498885859493
-0.021579421693712547,-0.1929591757004365,-0.15127366962494754,0.05599999999999959,2.626455927939201E-9,0.2469400629820277
-0.022328182830368814,-0.19151496353907474,-0.15173233877390652,0.05599999999999957,2.7040636636802668E-9,0.2535190254985094
-0.020735286725143413,-0.1920974436665627,-0.15152311774265534,0.055999999999999404,3.166876419671983E-9,0.2871015757394906
-0.02000918466301044,-0.19369209731331347,-0.1512504472574879,0.05599999999999943,3.1171820841664727E-9,0.28961255755901166
-0.018881928405789856,-0.19176613318107272,-0.1517738518475686,0.055999999999999106,3.908933064854498E-9,0.3707901671464514
-0.017254166625544996,-0.19208914544123717,-0.1519891329769029,0.05599999999999854,4.97409737683774E-9,0.42163400686518476
-0.017492348106850675,-0.19082394725680576,-0.15219378789253446,0.05599999999999839,5.222167958656344E-9,0.4497962048562316
-0.016201263044610278,-0.19154683536027903,-0.15227069690634784,0.05599999999999769,6.2602838012845434E-9,0.4829657500426086
-0.018811486708676533,-0.18992484792378006,-0.15235087141617357,0.05599999999999883,4.444257619459926E-9,0.4026066729310989
-0.02058793474568628,-0.1906598641220552,-0.15200169755188725,0.05599999999999933,3.369565083628418E-9,0.3203946062686807
-0.017141591241047287,-0.1892369849338253,-0.15273182474794264,0.055999999999997864,6.021399883842748E-9,0.48776585658801785
-0.015080844662159039,-0.19110431123918456,-0.15253266846967387,0.0559999999999963,7.914082105698017E-9,0.5268944783069545
-0.016113094616492494,-0.19016048453232004,-0.15254718062351139,0.05599999999999719,6.9030517427935866E-9,0.5170324354694261
-0.01558803458311113,-0.18854513685134164,-0.1530916247823189,0.05599999999999615,8.084554570268933E-9,0.5654019476635057
-0.01412527620907186,-0.19078863956754297,-0.1527205165212893,0.0559999999999947,9.463327083775183E-9,0.5344619437351072
-0.014770701243338546,-0.18995435595586183,-0.15275872018339817,0.05599999999999545,8.779093838687168E-9,0.5620009215997348
-0.012383574453244886,-0.19167144252633175,-0.15298117764848304,0.05599999999999108,1.2289899401560096E-8,0.46622577486606176
-0.013184717857011695,-0.19112792288355507,-0.15284138831235136,0.055999999999992396,1.1346798351617957E-8,0.5272968443306266
-0.011804428788326934,-0.19090148103825014,-0.1529993070829587,0.05599999999998803,1.4232499690107018E-8,0.47873175710307586
-0.01127590315670004,-0.19176977902400008,-0.15315144337399983,0.055999999999986796,1.4952816613849034E-8,0.44842578035902503
-0.01872057552157941,-0.19506439353064492,-0.15144132148648454,0.055999999999999286,3.4983395139011474E-9,0.3245020968674167
-0.015112728723334697,-0.19247462815827854,-0.1524550077603668,0.055999999999997024,7.100323186160274E-9,0.5199321204661749
-0.017968187659608965,-0.1937026883443096,-0.15168441641320912,0.055999999999998974,4.177158532231619E-9,0.3868271425501502
-0.016334784305961948,-0.19301985982898268,-0.15214286688958653,0.0559999999999982,5.519867342400347E-9,0.46981004931103637
-0.01413101344189392,-0.19193461356521582,-0.15267136051503705,0.05599999999999544,8.78379448706761E-9,0.5281527234127433
-0.012989668330439299,-0.19263870189489435,-0.1529672683464828,0.055999999999994075,1.000940146043175E-8,0.5211922702197633
-0.012093430049260034,-0.19220101938691045,-0.15308932814695547,0.05599999999999099,1.2352278869141951E-8,0.48746933112422236
-0.014476984469317953,-0.187855912570648,-0.15336532081376802,0.05599999999999369,1.0332242269851069E-8,0.5699549459238663
-0.013575774951058217,-0.19002627696345814,-0.15287118937208377,0.05599999999999272,1.1099645106984067E-8,0.5476221361139473
-0.014128846269440689,-0.18886891967210082,-0.15305794497761435,0.05599999999999348,1.0504643765407323E-8,0.5426773433002022
-0.012361264100476808,-0.18995254996459948,-0.15296005836022902,0.055999999999988614,1.3877567201899895E-8,0.5055596691886823
-0.01295067586571353,-0.18890501576665122,-0.15306782785933765,0.05599999999998891,1.3695911919583108E-8,0.5160284624280806
-0.013536362166781349,-0.18779587535067344,-0.15335112615844468,0.055999999999989086,1.3592219636504345E-8,0.5625518039160743
-0.017412543554478858,-0.1954666595345867,-0.1519182865931997,0.05599999999999906,3.992036673792564E-9,0.38913902674747575
-0.015085142222984916,-0.1937040815784166,-0.152542044248684,0.05599999999999742,6.602237558735009E-9,0.5128416860095196
-0.013988581990633598,-0.1931253215980005,-0.15278481775757,0.05599999999999613,8.103743812250446E-9,0.5266793077437858
-0.016254230935901393,-0.1944452062217432,-0.15224379149294376,0.05599999999999835,5.2928247193577686E-9,0.4627567820697262
-0.020272264232868195,-0.21561492628336074,-0.15442386353291646,0.055999999999999876,1.4344175744589076E-9,0.11215435345108817
-0.01820456931241,-0.21555033960463058,-0.15500279169662676,0.05599999999999988,1.4111801507643915E-9,0.11194181844112244
-0.018867883491382628,-0.21372612976501804,-0.1538201439355339,0.055999999999999876,1.4309191338044304E-9,0.10993722627711759
-0.016791749409842106,-0.21363175202065998,-0.15459835452310522,0.05599999999999989,1.3797226463211056E-9,0.10941040608214962
-0.017718469596470953,-0.21187224977221453,-0.15345444589283028,0.05599999999999987,1.4283364656469958E-9,0.11123317358654199
-0.016022869500700802,-0.2112876015452806,-0.15410977767309206,0.05599999999999988,1.3946506467016793E-9,0.11822944128876589
-0.017296941957124605,-0.2021854679174361,-0.15248819184957937,0.055999999999999696,2.2902446926122965E-9,0.2408502635636595
-0.016828884337768128,-0.20443414370574248,-0.15282419915400738,0.05599999999999979,1.8805404501743696E-9,0.1980220120157762
-0.01732901774975024,-0.1999766479329845,-0.15239783924742784,0.055999999999999495,2.9262193936162064E-9,0.29906859458935
-0.017038742916655688,-0.1978722400818089,-0.15238439987090124,0.05599999999999929,3.4559367797622345E-9,0.36926216361283565
-0.01602965662532189,-0.20689631850863477,-0.15343611890653602,0.05599999999999985,1.6129591440376907E-9,0.16367713214761884
-0.015181865379062328,-0.20913678482029785,-0.15422143732597132,0.055999999999999876,1.463230799219658E-9,0.1423422967991854
-0.014797849037681485,-0.20469327039729363,-0.15439837384546032,0.05599999999999978,1.9231953594115666E-9,0.2299891905838804
-0.013971130365719165,-0.2070773408061873,-0.155086696101058,0.05599999999999985,1.588852522725947E-9,0.1856497983921576
-0.016071686676274382,-0.20075736154437354,-0.15331305796842778,0.055999999999999474,3.012882055693601E-9,0.3351531268405659
-0.01579802109423881,-0.20278716441027309,-0.15358064197535728,0.05599999999999968,2.3325759024779008E-9,0.2669600564625677
-0.01455471286342343,-0.20271908244022932,-0.15465993924896648,0.055999999999999626,2.50569808501856E-9,0.31255579595140953
-0.014875234888365277,-0.20132607609109815,-0.15432498726342733,0.05599999999999942,3.1326931861819678E-9,0.3675277262527998
-0.014693081930771703,-0.19949521100737594,-0.15421328904125503,0.055999999999998995,4.139820129426545E-9,0.46165134847758127
-0.015830841301463307,-0.1987289691662009,-0.15324904521705354,0.05599999999999911,3.871748839311193E-9,0.41932296988980405
-0.013608474041555978,-0.2001613101579279,-0.1552641864484709,0.05599999999999894,4.236060628234975E-9,0.4813012865664404
-0.011434254555627488,-0.19267763842354402,-0.1533003199016472,0.05599999999999021,1.287078147968281E-8,0.44939871730660175
-0.010783177898104127,-0.19254025079390932,-0.15338613723466815,0.05599999999998728,1.467165575770189E-8,0.4347568045024641
-0.0169245902770167,-0.1966449446659774,-0.15227079982552197,0.05599999999999892,4.267883655254123E-9,0.40627483654603813
-0.015788029334569735,-0.1957604996807748,-0.15262973698182367,0.055999999999998266,5.424243307515566E-9,0.47203876747711776
-0.015001190739367374,-0.19462589978571718,-0.1527115835857984,0.055999999999997566,6.414512170115466E-9,0.5047366904854741
-0.01317655103232519,-0.1936842512770291,-0.15310107178598406,0.055999999999995186,9.025264736564333E-9,0.5080907796856337
-0.014121631574956944,-0.19422084758614364,-0.15292892260279117,0.05599999999999664,7.545919594385604E-9,0.5214627719751376
-0.012152133377050152,-0.19329100398545612,-0.15328258337911463,0.05599999999999284,1.1001613220285229E-8,0.4826888941486621
-0.012502960366080382,-0.19419770129763614,-0.15342736357009035,0.05599999999999435,9.774739335528785E-9,0.48447629207585796
-0.011141867964728908,-0.19333609091370604,-0.15353348365129213,0.055999999999990134,1.2920719567579961E-8,0.439248198674658
-0.010304336705787648,-0.19320204224876603,-0.15367183106358887,0.055999999999986005,1.5382371648831424E-8,0.42675834567085585
-0.015768920870817396,-0.19731432698418958,-0.15298505108268032,0.055999999999998634,4.816142268808468E-9,0.4607737424786989
-0.014580378013753139,-0.19670525744595105,-0.1534312340743491,0.055999999999997746,6.181061480072325E-9,0.5150719883415029
-0.01434862922615329,-0.19543310239730635,-0.1531458571392534,0.0559999999999972,6.889137330529856E-9,0.5060415976761373
-0.013265579328132807,-0.1947431469382231,-0.1533450453789519,0.05599999999999592,8.302985383086653E-9,0.5086358449677854
-0.014601187659067856,-0.1980518318515773,-0.153864190047626,0.055999999999998246,5.448968703312263E-9,0.5008635573047268
-0.012292779139491852,-0.19504561431633902,-0.15378335559523879,0.055999999999994755,9.415623020351906E-9,0.49166465400368914
-0.011634766838887983,-0.19418728048876432,-0.1536789063739602,0.05599999999999273,1.1092568752266225E-8,0.4650842601899398
-0.013452656367610446,-0.19858625135023344,-0.15481260801187444,0.05599999999999805,5.7490834603662845E-9,0.5204225041417566
-0.010676418050158482,-0.1940359944817237,-0.1538878604630179,0.055999999999989974,1.30247208596942E-8,0.43211591088450924
-0.009780357811610005,-0.19378508109200004,-0.15400751161599993,0.055999999999985235,1.580388514572138E-8,0.41308601408278417
-0.013161382654079888,-0.197082821402465,-0.15429650606972706,0.055999999999997115,6.990447806815695E-9,0.5303389417124208
-0.013276322297397648,-0.1958896741391323,-0.15373371715787948,0.05599999999999656,7.624328663639842E-9,0.5223760584658793
-0.012186730492321312,-0.19607104121175317,-0.1542708372407922,0.05599999999999548,8.747738755385502E-9,0.5053907091957396
-0.011901707256271831,-0.19688931393132278,-0.15484341671681473,0.05599999999999598,8.248566966524258E-9,0.4906283001971617
-0.012310317636773233,-0.19790382167758383,-0.15521509447572715,0.055999999999997,7.119650701924032E-9,0.5191553880609479
-0.011128121542851631,-0.1951674378287457,-0.1542404195818448,0.05599999999999296,1.0916699070263917E-8,0.4705611145006898
-0.009145716410082681,-0.19428182899450108,-0.1543982105054416,0.0559999999999855,1.5664376921287083E-8,0.4039393040472798
-0.009997652941613139,-0.19459359719664937,-0.15432340982574005,0.05599999999998919,1.3528106371987876E-8,0.4122219529042182
-0.011070262920925404,-0.19623626794012042,-0.1548465987186053,0.05599999999999425,9.86545082413079E-9,0.4600104901818894
-0.010006811312221522,-0.19550325183158504,-0.1548305952512589,0.05599999999999167,1.1873985509647637E-8,0.40378247717962584
-0.009342992425138323,-0.19490567783547086,-0.15469551102419027,0.055999999999988004,1.4250125581584806E-8,0.39574547495653345
-0.00992707460701937,-0.19626321880269854,-0.15539913380235637,0.05599999999999327,1.0682861648820965E-8,0.3783556971244139
-0.008394368769155862,-0.19460902916365116,-0.1547991065357776,0.05599999999998533,1.575455434308199E-8,0.46374611969221835
-0.007560069472169982,-0.19467176266700004,-0.1551181154869999,0.055999999999983875,1.6526454477353224E-8,0.5529173425247496
-0.00899825453481867,-0.1955176074099181,-0.1552417683825569,0.05599999999998989,1.307893650536793E-8,0.4237366543864032
-0.009376051767955348,-0.18308535409629806,-0.1481358668069782,0.0559999999856534,4.927231043380899E-7,7.668387870076039
-0.009371440281894966,-0.1831099930130015,-0.14798321365300088,0.055999999984879194,5.05842476707457E-7,8.632256687442183
-0.009365551290943974,-0.1831455858444546,-0.14813513257225064,0.05599999998589123,4.886217425600831E-7,7.568797478207901
-0.00938242680337568,-0.18305598993815522,-0.14829580840597426,0.05599999998722958,4.648693672072282E-7,6.91371080419409
-0.009360935879374487,-0.1831845734515741,-0.14829890421383096,0.05599999998768617,4.564833806199909E-7,6.808053915748349
-0.009375280141152059,-0.183120074741282,-0.14843458898715178,0.05599999998843337,4.4241727602576635E-7,6.3423710096504875
-0.009391150811154854,-0.18302009909692848,-0.14846659339801194,0.05599999998865245,4.382071837767587E-7,6.245658774656285
-0.009358085877679272,-0.18322785879766942,-0.14847740117272443,0.055999999989078585,4.299004640160369E-7,6.179990978484988
-0.009379650387843113,-0.18312470116624946,-0.14859052210953946,0.05599999998950844,4.213551524713842E-7,5.849502042848524
-0.009403614508916849,-0.18297315307887863,-0.14865933099787423,0.05599999998998494,4.116755278925234E-7,5.678737794696063
-0.009357805863913066,-0.18327810771944908,-0.14868008498057275,0.055999999990322014,4.046884361037269E-7,5.678764881216662
-0.009392028068248176,-0.18312384389654887,-0.148842997349805,0.05599999999099658,3.903300127001383E-7,5.291297572216783
-0.009421295071337682,-0.1829107802237205,-0.14887648895437172,0.05599999999148795,3.795294887841021E-7,5.360668075673672
-0.009361614595210576,-0.18333678867578362,-0.148910427383274,0.05599999999187109,3.70889526061702E-7,5.211520372187389
-0.009445931092904451,-0.18282706594188933,-0.14911980028492275,0.055999999992940974,3.4562173894458785E-7,4.91023110160682
-0.00942327196670105,-0.18303622138499706,-0.14910888107997494,0.05599999999268937,3.5172714390103114E-7,5.044094278064936
-0.009392593013887781,-0.18322100235458985,-0.14907699640512564,0.0559999999925201,3.5577598413519023E-7,5.046529196406091
-0.009371757351628839,-0.1834057455853664,-0.14917210045640794,0.055999999993503115,3.315744978752311E-7,4.937184723185113
-0.00942643387446057,-0.18318367312590608,-0.1493681156355793,0.055999999994226016,3.125834279625305E-7,4.790948157945174
-0.009452855098297467,-0.18293488821516615,-0.14930502042995605,0.05599999999398475,3.190472338172773E-7,4.6227497963706865
-0.009478649931415263,-0.18271558689445327,-0.14938870557733847,0.05599999999431405,3.1019127755248256E-7,4.373581218879029
-0.009490883354987776,-0.18293738555955877,-0.14963936105420528,0.0559999999952992,2.82041896988242E-7,4.198227988519596
-0.009391511335128605,-0.18348736565880644,-0.14946895871063448,0.05599999999501487,2.904469355170185E-7,4.557439693625754
-0.00946336664932132,-0.18327190617446573,-0.14975154593487927,0.05599999999579295,2.6681930501772027E-7,4.352535230070333
-0.009518598384354022,-0.18257007154274615,-0.14968540927161933,0.05599999999536498,2.800619758467447E-7,3.9587272788503296
-0.009527076972084818,-0.18305666219155406,-0.14996271649432205,0.0559999999963932,2.4705263537843374E-7,3.906798467632793
-0.009554870668368458,-0.1827439028242307,-0.15000309288898184,0.05599999999637548,2.476588445562224E-7,3.711797384465178
-0.009560574612860827,-0.18238827499121255,-0.15001466763284024,0.05599999999623361,2.5245903832600596E-7,3.635054439499287
-0.009425497094864567,-0.18358463871357059,-0.14980436309462705,0.05599999999629068,2.5053931862331834E-7,4.2025827509722715
-0.009520292638997955,-0.18333278630659414,-0.1501179383537865,0.055999999996848654,2.309279916365466E-7,4.0102430712282775
-0.009480034394213332,-0.18370163632168945,-0.1501817715857032,0.055999999997242894,2.1600080061348295E-7,3.952203740483497
-0.009597015528545663,-0.18342995790346014,-0.15050818312150968,0.05599999999771024,1.9684477595522634E-7,3.6022078224713794
-0.009563339676718813,-0.18384386457967217,-0.15060470471374435,0.05599999999810338,1.7915094490522524E-7,3.5739937385017035
-0.009724965181402149,-0.1835478372828595,-0.1509995314899463,0.05599999999848976,1.598647220676934E-7,3.1792530021699643
-0.009720264837574889,-0.1830963127819539,-0.15089166855500472,0.05599999999811708,1.7850242479017845E-7,3.33707498289459
-0.009884312740499092,-0.1832217669253259,-0.1514602522055899,0.055999999998798816,1.4257138963772308E-7,2.8458171169678135
-0.009609441170199979,-0.18299291571587076,-0.1503841419324511,0.05599999999721112,2.1724176230871436E-7,3.614176252938279
-0.009619904139416999,-0.18254448918542066,-0.15041175048604155,0.05599999999705214,2.2334809096554726E-7,3.528142137346587
-0.009597971910563387,-0.18216570617150668,-0.15038101749418029,0.05599999999693626,2.2769525413123772E-7,3.288325096179563
-0.009802290013484597,-0.18269324246058477,-0.1512790633496432,0.055999999998428925,1.6305203854628236E-7,3.1350442195858164
-0.009620302905300415,-0.18188571917204746,-0.15078146994581115,0.05599999999765004,1.9941519696439128E-7,3.1239955652520237
-0.00968763046837813,-0.18238182932311733,-0.15085637347977088,0.05599999999775355,1.9497419519647496E-7,3.1835186333703036
-0.009773588040525777,-0.1820580204334868,-0.15147376261215922,0.05599999999840973,1.6404507027976723E-7,2.8779847200866158
-0.009686246495294861,-0.18273314140998287,-0.15075870298903624,0.055999999997737616,1.9566481588153322E-7,3.402406558577907
-0.00961926601424708,-0.18152417898276582,-0.15120364621627458,0.05599999999807029,1.8070668374531397E-7,2.9109644932688727
-0.009685643704525107,-0.18401807065448847,-0.15107535375847508,0.055999999998736276,1.462366419262267E-7,3.251402971400431
-0.009911732363226773,-0.18369714435997836,-0.1515620298437463,0.05599999999901014,1.2942458608612884E-7,2.7309944677102123
-0.009962162578311924,-0.18289752463207126,-0.15175909099660181,0.055999999998924285,1.3492044831772005E-7,2.6401062175600285
-0.010070991791982325,-0.1832865609302697,-0.15196601433618548,0.05599999999922298,1.1466884625479154E-7,2.439796516899248
-0.009935117212996981,-0.18250229045816732,-0.151822800130773,0.055999999998901796,1.3632370745445334E-7,2.563113613551606
-0.01015491807377093,-0.1827548211544899,-0.15232147078835145,0.05599999999937411,1.0291373467865102E-7,2.135025261137132
-0.009968909272042739,-0.18209060827007198,-0.1521546346893072,0.055999999999087946,1.2423374592267487E-7,2.423355907633675
-0.009864556892181514,-0.18423316305732773,-0.1515922445342523,0.05599999999921126,1.1553061231396871E-7,2.8206324312323017
-0.010133331024905733,-0.18388914878547116,-0.1520717377576539,0.05599999999942994,9.821733194816996E-8,2.2030542501830177
-0.013593006707261483,-0.1856488410498718,-0.15415526930856693,0.05599999999998383,1.65417582469623E-8,0.543996218371199
-0.012898027783914962,-0.18617654278015894,-0.15377652501199296,0.05599999999997976,1.851070272406866E-8,0.5571734019310378
-0.013781575052647417,-0.1847472291969134,-0.15462925106439407,0.055999999999984625,1.6129619541247506E-8,0.5536266477929351
-0.013830337532387521,-0.18356115634838702,-0.15528983741856678,0.05599999999998605,1.536769652885503E-8,0.5360294617767225
-0.009466884836601004,-0.1805499352620861,-0.15193384507053065,0.05599999999849259,1.5971397645434375E-7,2.382727768438048
-0.009578843041580902,-0.1810677868894806,-0.15160492679399146,0.05599999999833586,1.6781177786317195E-7,2.629359981504256
-0.009721393568089142,-0.18100687226297685,-0.152318078175226,0.05599999999898655,1.3095771960032315E-7,2.223686756721459
-0.009278990996532982,-0.1800144589500144,-0.1521516619295017,0.05599999999851111,1.5873022260369703E-7,2.2636364322370497
-0.009578571022147363,-0.18041844237210417,-0.15264234620839282,0.05599999999906908,1.2551189286267722E-7,2.0326246167435693
-0.009271295028209005,-0.1798084843551527,-0.1526010804278179,0.05599999999888772,1.371945046627444E-7,1.9736410645465574
-0.00865692454132584,-0.17881915641559398,-0.15263166363261332,0.05599999999809282,1.7964869152987315E-7,1.9725857080071483
-0.008462921387174579,-0.1786206196919967,-0.15220366412199982,0.05599999999715766,2.193133382878919E-7,2.19580633755866
-0.008757371433063134,-0.17903297008916882,-0.15227814102745088,0.055999999997765025,1.9447547544141047E-7,2.1231998643393886
-0.008985998310557413,-0.17927926587701032,-0.1527023160149659,0.055999999998730975,1.4654292206087845E-7,1.910148988432586
-0.009036544871667603,-0.1795016556971059,-0.1522646973219464,0.05599999999826513,1.7134105934046577E-7,2.1103514938803154
-0.009779125082476869,-0.18153745205450583,-0.15194111183662035,0.05599999999879341,1.4289160621306707E-7,2.617145148779278
-0.01005099604553909,-0.18163391811046953,-0.1527168766607694,0.055999999999363524,1.0378133142479657E-7,2.1382064450038873
-0.010362853503447686,-0.1834142198148353,-0.15256062719661548,0.055999999999589524,8.334286189909668E-8,1.8525079949466574
-0.010546912737281698,-0.18277905805930186,-0.153099750086819,0.05599999999969712,7.159176754651528E-8,1.5367276545878537
-0.01082462063683296,-0.18356748052291832,-0.15323304754561662,0.05599999999980537,5.7387748543620746E-8,1.195356898924961
-0.01113900677027703,-0.1828903222176152,-0.1538798541764434,0.055999999999868155,4.723508801140146E-8,1.0124171686601202
-0.01023130532060773,-0.18223004651049612,-0.1527531917526188,0.05599999999949827,9.214271413221438E-8,1.9528728536545081
-0.010417071304386757,-0.18199607987913446,-0.15327819022295314,0.05599999999965228,7.670911985427543E-8,1.6577461169283578
-0.010272945818085575,-0.1814549615525321,-0.15337411118403801,0.05599999999963597,7.848618557745374E-8,1.543559616907611
-0.010497757100849225,-0.1841158056549895,-0.15266837414473225,0.05599999999972461,6.826510863933133E-8,1.5473480551350898
-0.010141838876632498,-0.18450621413613624,-0.15213543039784,0.05599999999958619,8.368100022495458E-8,2.010074950856495
-0.010550054746248665,-0.18484222554125224,-0.15268186097502437,0.05599999999978441,6.039929722272369E-8,1.2020777683625294
-0.011909688238486786,-0.18569537684613463,-0.15356882925163662,0.055999999999947675,2.97548115344472E-8,0.6730616609353087
-0.012729434457512703,-0.1850165696396517,-0.15415401021783398,0.05599999999996904,2.288533923611885E-8,0.6011464355436275
-0.011483403330870256,-0.18377768197367308,-0.15386763668864614,0.05599999999990222,4.0678058930416545E-8,0.8696029831309215
-0.011126844942033717,-0.18524155515199617,-0.15318634850477686,0.055999999999882887,4.45167951950565E-8,0.8806260135112068
-0.01173771936556534,-0.18472286795292273,-0.1537468202100186,0.05599999999992802,3.49015932044957E-8,0.7874464973579323
-0.011023648079474074,-0.18440415707898697,-0.15325024995604,0.055999999999856304,4.931100696998264E-8,1.032203398974531
-0.012052784182917064,-0.18322490998924928,-0.15455767863833453,0.055999999999944094,3.075698071574064E-8,0.7572438043815571
-0.012129216176162924,-0.18413580096140025,-0.15420575759657265,0.05599999999994927,2.930113851906622E-8,0.696323723511065
-0.012924855893098788,-0.18396698424635405,-0.15470385345298282,0.055999999999973425,2.1209710514956006E-8,0.61419574376614
-0.01073755194686082,-0.1822439020291829,-0.15367382075937722,0.05599999999979337,5.913174886645956E-8,1.2124767996376549
-0.010616302004902753,-0.1816527348408684,-0.15385319312896634,0.05599999999978806,5.988767704905178E-8,1.2209991357989978
-0.012913003418215531,-0.1831608879002256,-0.15511739085546808,0.05599999999997629,2.0028025499798154E-8,0.6236132788454507
-0.00994337126468565,-0.1809046602450021,-0.1531183387164334,0.05599999999944271,9.71110296286385E-8,1.8186478413262468
-0.00969976203332885,-0.18030632429550766,-0.15320055626853543,0.05599999999936893,1.033400764392271E-7,1.764220964584569
-0.010303959451500581,-0.18091989242278658,-0.15389714929797116,0.05599999999972749,6.790830515998177E-8,1.3878499242476678
-0.009910018770533983,-0.18043241295636958,-0.15358404437042428,0.05599999999958265,8.403900036043079E-8,1.503054197030091
-0.011100782871734188,-0.1820380442852579,-0.15428452610068558,0.055999999999862854,4.81738067965933E-8,0.9480715362308817
-0.01158186988479346,-0.18240835963437396,-0.154588300185421,0.05599999999992701,3.514447825354976E-8,0.7900139216383075
-0.012374877765659112,-0.18227551457840052,-0.1553070673182513,0.05599999999996668,2.3743888372656567E-8,0.6809464413175049
-0.010865499345812244,-0.18123321281746926,-0.1545313749716214,0.05599999999985766,4.907897507003755E-8,0.9816293537739856
-0.011527533533603807,-0.18168745345560344,-0.1549770673545724,0.05599999999992944,3.455476723572113E-8,0.7918832525069237
-0.009485396361131515,-0.1799933061859236,-0.15303815087887443,0.05599999999923616,1.1369261052974756E-7,1.8097582084141244
-0.009246819221230626,-0.17953569456167914,-0.15313090676277855,0.05599999999915434,1.196266807687633E-7,1.7385361751502453
-0.008886677298817203,-0.1790228897851638,-0.15309613235176908,0.05599999999893241,1.3440951715707177E-7,1.7527754174114663
-0.010496145073022692,-0.1804516982749025,-0.15470622937229261,0.05599999999984926,5.0505030015924475E-8,0.9804430820714951
-0.009608187342743683,-0.17987981992002774,-0.15360871354312003,0.05599999999950457,9.156161545566019E-8,1.557439357128871
-0.010039645913121713,-0.18016945041986915,-0.1542112208456986,0.055999999999717325,6.916245831846974E-8,1.2696933785284201
-0.011111216319643335,-0.18081180894451826,-0.15520496624129837,0.05599999999992075,3.661948400210757E-8,0.8180726043455806
-0.009173264661574105,-0.1792425780783288,-0.1536094787260699,0.05599999999936539,1.0362918105254089E-7,1.5310692082334467
-0.00953612993776509,-0.17948457956192113,-0.1541670891362528,0.055999999999652585,7.66758924289538E-8,1.2795421281098198
-0.00999927016991413,-0.17974875167677978,-0.15476101703872028,0.05599999999982805,5.3942576551841005E-8,1.0498555673315328
-0.010593898829253854,-0.1800337454517968,-0.15537326365601478,0.05599999999991071,3.886981773233682E-8,0.8540263113655328
-0.008387519335479971,-0.17847704003473827,-0.15266539350414887,0.05599999999785067,1.9071241267341468E-7,1.9823244560767956
-0.008180266389346465,-0.178255582069934,-0.15241188470137548,0.055999999997072065,2.2259120542567404E-7,2.113466025568661
-0.008519987300938784,-0.17857107451306053,-0.15311938235696537,0.05599999999862673,1.524424603352907E-7,1.7195740279346765
-0.008117526877289467,-0.17815887572337957,-0.15293616018229608,0.055999999998017656,1.8315415178802955E-7,1.877170831019358
-0.007839451468005645,-0.17788965954875857,-0.1525383673079222,0.05599999999682357,2.3184412679907736E-7,2.045331255590822
-0.004647584520243729,-0.17574165602872704,-0.1523617349365316,0.05599999999817331,1.7579784528490588E-7,3.9754491208352074
-0.004877735467238679,-0.17580266764645097,-0.15226378381728067,0.055999999998525896,1.552485905563414E-7,3.5352553937165236
-0.004805228454703181,-0.17585514158173962,-0.15253737557593772,0.05599999997942426,5.900669780751326E-7,10.55817621077297
-0.0039484455364572485,-0.17564238661019158,-0.15273275919760446,0.05599999997317484,6.727911724505943E-7,13.923045556352072
-0.00380846068289,-0.17559200738699998,-0.152683652322,0.05599999999301053,3.2697556781264573E-7,7.049559030513683
-0.003984499890019999,-0.175614574644,-0.152620387554,0.05599999999354623,3.1494714476631136E-7,6.84604290710725
-0.005127099909373923,-0.17594121069480312,-0.15236685911254919,0.05599999997981933,5.84354492016012E-7,10.652150137842616
-0.0051049174190299995,-0.17587250187,-0.152162446546,0.05599999999766674,1.9862781823252208E-7,4.465987883010559
-0.0052964794849445105,-0.17598418494012252,-0.15223431625298275,0.05599999997965188,5.86699527934404E-7,11.35541901071557
-0.004994974677081174,-0.17592542964178282,-0.15251425245756212,0.05599999998683056,4.720741791970855E-7,7.127693487339249
-0.005317762978668728,-0.1760428000553187,-0.152411284955899,0.05599999999132867,3.830502656882513E-7,4.337626626284914
-0.00550196105703449,-0.17610750028776662,-0.1523050234845311,0.05599999999192429,3.6964914248815974E-7,4.065522660736958
-0.005465528102411931,-0.1761558885166992,-0.15256565946154851,0.05599999999040787,4.0288420606081774E-7,3.7956967366193592
-0.00572326336672903,-0.17624464949272878,-0.15237371005773742,0.055999999991038996,3.8940646827572917E-7,3.6139789746083815
-0.0064422879183558225,-0.1767257864818112,-0.1525412880224561,0.05599999999367903,3.270535493771361E-7,2.704861683289579
-0.006279973699437791,-0.17667185119988663,-0.15283937515413576,0.05599999999425453,3.1180992057953334E-7,2.3231670777868727
-0.006164468559582761,-0.17653289467999655,-0.1524869648900018,0.05599999999253981,3.5530509104664076E-7,2.874965074806697
-0.0060251552420208885,-0.17651578427247894,-0.15282160078029292,0.05599999999379844,3.2394996781753944E-7,2.4838088234274758
-0.007284130506373253,-0.17740487074081146,-0.1530018182411012,0.05599999999708969,2.2191998863526296E-7,1.9701103444685266
-0.007100259964743878,-0.17722606814615677,-0.1526077523958439,0.05599999999566718,2.70776873328619E-7,2.232079071526712
-0.007471071738594816,-0.17754230608892102,-0.15259712456381502,0.055999999996385184,2.4732587354857913E-7,2.113603469903499
-0.007695144037281461,-0.177753596091879,-0.1530064690728197,0.055999999997564526,2.030106251572059E-7,1.8652077356867862
-0.00689862090430226,-0.17710601371448695,-0.1529567415983667,0.05599999999630009,2.502202645055605E-7,2.140619206570696
-0.006753389199732666,-0.17695393335377588,-0.1525846173780735,0.05599999999481312,2.9626498214072775E-7,2.480546551995008
-0.006585482362425205,-0.1768788434535344,-0.15289607378523953,0.055999999995408035,2.7875736114846905E-7,2.2458456842046775
-0.006358810453053221,-0.17676769868656736,-0.15311420362905534,0.055999999995906234,2.632021649278734E-7,2.05522779252777
-0.008783919550907108,-0.17876703710042816,-0.15364646851122332,0.055999999999234364,1.1382485357562973E-7,1.4796601083774767
-0.008329387000860933,-0.17830781638037368,-0.15361193169722534,0.055999999998962,1.3253356836478766E-7,1.5865951593724474
-0.00909470524088001,-0.17895898168857294,-0.15421147758221562,0.05599999999957961,8.434476880511262E-8,1.292770023274273
-0.007915211586714209,-0.1779384890650609,-0.15350671704775026,0.055999999998610224,1.5335620851796404E-7,1.6469799703557253
-0.007434220536693908,-0.1775437784965903,-0.15344727540094136,0.055999999998087246,1.7991098099726944E-7,1.7367478677130865
-0.004964602090443511,-0.17596339977403588,-0.15269110709196587,0.05599999999140903,3.8127661806985766E-7,3.6677439076429827
-0.0047563239824766415,-0.1759015324962897,-0.152757190163617,0.055999999991987494,3.6820548402293666E-7,3.4166566751904845
-0.0044150894829199944,-0.1756892145382161,-0.15245623750219023,0.05599999999800784,1.8357274975753903E-7,4.136866213718091
-0.004589575619730947,-0.17579617081339252,-0.15260733219290062,0.05599999998102007,5.667276948824875E-7,10.177404856981223
-0.004364151323773828,-0.17574446535078897,-0.15268332697134104,0.055999999981709014,5.563415090205711E-7,10.023040138650478
-0.004197141678065458,-0.1756479073985212,-0.15254102963879096,0.05599999999790417,1.8832414299703115E-7,4.243272794983028
-0.004112722221009307,-0.17569709917446247,-0.15276760926008046,0.05599999998341247,5.29336668140931E-7,9.61997722547247
-0.004542943743621856,-0.17585011027245417,-0.15283716668809808,0.05599999999143706,3.8065777832767185E-7,3.7221502002991627
-0.004326559522959782,-0.17581116714775938,-0.15293395419133798,0.05599999999164652,3.759772798199952E-7,3.476644029535548
-0.00473193569604742,-0.17594745773470968,-0.1529445196188957,0.055999999991018526,3.898510439364317E-7,3.5075201450496762
-0.0048783809202742,-0.1759855180755446,-0.15288843465555743,0.05599999999121306,3.856062170435543E-7,3.4179848748735657
-0.00388638787763478,-0.17568235693094797,-0.15290063746190485,0.055999999989183716,4.276357001499569E-7,6.634438806903074
-0.005943160034394924,-0.17638571425452984,-0.1524341634464681,0.055999999990950344,3.913297475018691E-7,3.3540727401772292
-0.005884687639421667,-0.17639643160877433,-0.15263763300885796,0.05599999999221514,3.629544211170156E-7,2.887535468739203
-0.0056488782412172185,-0.17627707106045507,-0.1526773619328654,0.05599999999217613,3.638629286061701E-7,2.979200731952873
-0.005201148835739132,-0.17604261157128828,-0.15261157540158943,0.05599999999158456,3.773675170072784E-7,3.479638133545593
-0.005396296720123344,-0.17620881785975903,-0.1529056002159194,0.05599999999298599,3.4451539704735173E-7,2.745213980708899
-0.0057614604846181515,-0.1764019178076698,-0.15296437386221765,0.05599999999425202,3.11877029589099E-7,2.4474590558631024
-0.008598036982993483,-0.17846604023151283,-0.1542639571873519,0.05599999999946611,9.505112455538567E-8,1.3316832988628926
-0.008955558088588684,-0.17865632792823624,-0.15488859173226457,0.05599999999974284,6.596687203648269E-8,1.149208679786199
-0.00948549031952277,-0.1791321700281503,-0.15489682099359878,0.05599999999980156,5.794807545786781E-8,1.092494526310812
-0.006061273772390434,-0.17660199849979524,-0.15315333203290635,0.055999999995434036,2.7796709445707686E-7,2.1530212768373778
-0.0062443789810902005,-0.1767707134401581,-0.15352617620483272,0.055999999997030245,2.2417517885395124E-7,1.8620640189466784
-0.007024655401827996,-0.17723889315687197,-0.15339402928097962,0.055999999997636246,1.9999906840703978E-7,1.8245113123332377
-0.007165064179228237,-0.1773750990354928,-0.15393040649137596,0.05599999999859278,1.5431547278520662E-7,1.586393371783051
-0.006629600375961901,-0.1769653892554076,-0.15330771798269435,0.05599999999682965,2.3162267087097712E-7,1.969895111242633
-0.00668041039752007,-0.1770522917485567,-0.15373913504266193,0.05599999999799177,1.8434631492641672E-7,1.725221740443008
-0.008359823190411765,-0.1781853114402593,-0.15494252764776217,0.055999999999639026,7.815686229364223E-8,1.2581260045696963
-0.008036920925834289,-0.17799974628395854,-0.1542662617820341,0.055999999999293025,1.09378356358063E-7,1.5003754100313258
-0.007575642884210901,-0.17766049160633007,-0.15391624667333847,0.05599999999882836,1.408071467725067E-7,1.5534308906298537
-0.007847925271071495,-0.17784090265194996,-0.15490751627343463,0.05599999999958939,8.335713800404712E-8,1.2666955163118716
-0.0074200052186830555,-0.177567821530928,-0.15452172323370564,0.05599999999924128,1.1330975442629892E-7,1.3990959118904178
-0.006824755658445302,-0.1772017083217226,-0.1543216013394097,0.0559999999988049,1.422098054622976E-7,1.4629412223902414
-0.005079555750482739,-0.17607459815358598,-0.15292148775400694,0.05599999999228888,3.612295169590619E-7,3.0907584391099534
-0.004862822564222656,-0.17604631095569484,-0.1531245812307642,0.055999999993110734,3.414397796714256E-7,2.804934540751822
-0.004103400830874633,-0.1757649240574681,-0.15298726897291146,0.055999999991409956,3.8126412881184345E-7,3.783141215570209
-0.004232490522871574,-0.1758549284759465,-0.1531628782852455,0.0559999999916903,3.749878819846946E-7,3.274733303373687
-0.004572192405878434,-0.17594745558099462,-0.15313086454262925,0.05599999999211003,3.653942845427847E-7,3.0594413727876417
-0.003977684182334534,-0.17578174351426085,-0.15314001712602882,0.055999999991481274,3.7967465263190913E-7,3.5482754021893665
-0.005787300064902195,-0.1765207120944355,-0.1534521140032152,0.05599999999626898,2.512696691108209E-7,1.9794984845093975
-0.005147984930363068,-0.17619721931927348,-0.15327813350386674,0.05599999999455196,3.036309321661426E-7,2.3726395847751145
-0.005480388618406008,-0.17633086252244784,-0.1532464788641559,0.05599999999507151,2.88791083802902E-7,2.2129717013453627
-0.005387529218805608,-0.1763687949628799,-0.15357473876831507,0.05599999999626933,2.512583878105471E-7,2.0286242295456494
-0.008693383298802482,-0.17835931382869946,-0.15543091805951278,0.05599999999982822,5.391432166655077E-8,1.0633906071249521
-0.006363881575981625,-0.17691490626104495,-0.15402464411534306,0.05599999999821629,1.7373612092373702E-7,1.5886857125759157
-0.005647788842048688,-0.17655535417077853,-0.1539146917450375,0.05599999999744925,2.0775995091591203E-7,1.7554126026995227
-0.005985013736823579,-0.17669193952112114,-0.15383116566124957,0.05599999999747555,2.0668611267386642E-7,1.7034424684898375
-0.005932529162961335,-0.17673858714700652,-0.1542093439840234,0.05599999999835543,1.6682238117422188E-7,1.569569098533407
-0.005526626302216116,-0.17660126785242766,-0.15435935060775957,0.0559999999983354,1.678353538234571E-7,1.5357416859974287
-0.0063471588834658485,-0.1769871398032191,-0.1545612253962383,0.055999999998903684,1.3620590784912298E-7,1.3902978685319012
-0.007400802151142706,-0.17758486425138367,-0.1552860425085849,0.055999999999633364,7.876697786759426E-8,1.136579879403748
-0.0068538677814530095,-0.1772739644212188,-0.15488546228471406,0.05599999999934709,1.0511279149654569E-7,1.2784770049784326
-0.0047831328511721135,-0.17609445478437402,-0.15339867999537377,0.05599999999432112,3.0999752353786016E-7,2.4493841142096016
-0.005253446080403904,-0.17641882659990665,-0.1540062444569875,0.05599999999738381,2.1040781459766962E-7,1.7720458350876112
-0.004997330055012987,-0.17624306484599384,-0.15367357882656135,0.05599999999602743,2.5927616208233084E-7,2.0574396157469317
-0.0046039080140569165,-0.17612737081391527,-0.15372339514063688,0.05599999999551832,2.7538950583796793E-7,2.1344774153045263
-0.004415627116392692,-0.17598445978954408,-0.15341991142761785,0.05599999999379559,3.24023644693846E-7,2.512307208925414
-0.00408711379959936,-0.17589319730299244,-0.1534094935526318,0.05599999999343878,3.332105606027086E-7,2.6714041280897547
-0.004218534840763917,-0.17601788652048833,-0.1537125040554882,0.055999999995121875,2.873112006991768E-7,2.213583590535532
-0.005846510463996424,-0.17679852431180715,-0.1547242704880277,0.05599999999890671,1.3601834303735677E-7,1.3677256239617976
-0.004801070147720931,-0.17627565029885253,-0.15404791249218147,0.05599999999714778,2.1969373441840804E-7,1.8739045989250276
-0.005048717395178158,-0.1764465297193669,-0.15441528293221854,0.05599999999822364,1.7337747611563782E-7,1.605495418678258
-0.00456698218612965,-0.1763116075508905,-0.1544342958827205,0.05599999999797697,1.8502433657639743E-7,1.678452556875623
-0.005336849526717657,-0.17663422758775998,-0.15482288468962815,0.05599999999888686,1.3724751373816618E-7,1.4446831684327728
-0.0062693531285404995,-0.17703509440604875,-0.15511355963570847,0.05599999999934226,1.0550072706086607E-7,1.2291847632776676
-0.00437661612471505,-0.17615698149759668,-0.1540527715534822,0.05599999999676867,2.3383914756515985E-7,1.9361195623679175
-0.005678469425768923,-0.1768402135355587,-0.1552697112266698,0.055999999999307166,1.082784585881012E-7,1.278796834887654
-0.004796371254977737,-0.17648278094617567,-0.15486133505685507,0.05599999999877708,1.4385628821331167E-7,1.4547462546966694
-0.005072804583417037,-0.17667132706910288,-0.15533837957364982,0.05599999999924855,1.1276599628552614E-7,1.3360527682896863
-0.009345092107239649,-0.18324532825834058,-0.14805684661070645,0.055999999985665065,4.925224433379729E-7,7.849849009007298
-0.009334911831652764,-0.1833066579704837,-0.1482166921812975,0.05599999998751867,4.5957759288134084E-7,6.991309262498913
-0.00930911731019595,-0.1834061238414335,-0.14811832096741676,0.055999999987413944,4.615013822441627E-7,7.428039646000059
-0.00933005683142815,-0.18335343598893844,-0.1483760672984803,0.055999999988904904,4.3330521781848007E-7,6.441725953036813
-0.009293608197792498,-0.1834904732636059,-0.14827092611412465,0.05599999998875726,4.361787078728043E-7,6.703318596625393
-0.009259958177514092,-0.18359530874370236,-0.14815785364301676,0.05599999998884952,4.343854322054154E-7,7.07896004445821
-0.009324726536572325,-0.18342351012072475,-0.1485733807037203,0.055999999989933075,4.127402696951358E-7,6.001460985931153
-0.009325372190055364,-0.18347834926732473,-0.14875674564181834,0.055999999991159066,3.8679197252319064E-7,5.459474927743325
-0.009294779799964596,-0.18352109939710276,-0.14844117489621267,0.05599999998972647,4.1695447095891224E-7,6.240849949504059
-0.009194249721322446,-0.18381153656960877,-0.14816739777149374,0.05599999999004316,4.104768834827249E-7,6.464583344238523
-0.009243188773914909,-0.18369679520794202,-0.14836469930903742,0.055999999990140624,4.084630485560942E-7,6.240888876237725
-0.009277642544167046,-0.18362873467609034,-0.1485860088238954,0.0559999999908563,3.933593333735888E-7,5.757226736587569
-0.009108458980667101,-0.18405280012589892,-0.1481490300562234,0.05599999999119185,3.860737300522441E-7,6.1918562310832925
-0.009164253411078698,-0.183956259575141,-0.1483891869163474,0.05599999999137048,3.821391215254913E-7,5.800786172412269
-0.009271361284576445,-0.18373369886692698,-0.1488196572084485,0.05599999999210966,3.654065148138684E-7,5.331153564040721
-0.009323994034428221,-0.18358769740773498,-0.14899980169703322,0.05599999999270403,3.5137391741159546E-7,5.156369212902049
-0.00906314966161166,-0.18423916968867432,-0.14841722618238304,0.05599999999247359,3.568795832355549E-7,5.58544736550828
-0.008997769257092909,-0.1843205356635929,-0.148119009792255,0.055999999992253614,3.620570726233332E-7,5.973773209651664
-0.009218686631828146,-0.18384031614180257,-0.14858220794082727,0.05599999999171499,3.7443346916825725E-7,5.688573822798624
-0.009332030874287583,-0.18370002072646469,-0.14927191140659327,0.05599999999433581,3.095972624009885E-7,4.7397406873745185
-0.009200020216188019,-0.18399494936807698,-0.1488533966704775,0.05599999999307385,3.4235327008267126E-7,5.373769314646954
-0.009262783716365951,-0.18387105661841205,-0.1490624126255077,0.055999999993694566,3.2665266651777834E-7,5.068524192917118
-0.009129847511070112,-0.18412061259109225,-0.14861477868642378,0.055999999992686816,3.517885196561017E-7,5.422454550056479
-0.009033527455554143,-0.1843922934535353,-0.14868522002940396,0.0559999999938155,3.235047347144542E-7,5.297716911361388
-0.0089453324329411,-0.1845124637138414,-0.14840633225738273,0.05599999999347799,3.3221439983132287E-7,5.406399750433491
-0.008856570028109082,-0.18461800000399617,-0.14809531759093728,0.055999999993408954,3.339668117438777E-7,5.504301690827039
-0.008917801863519176,-0.18467179624323948,-0.14872715277291237,0.05599999999487504,2.944917657811093E-7,5.014350489346942
-0.008672957925320673,-0.1849446966100071,-0.14808534737566761,0.05599999999443944,3.067490496175787E-7,5.343909617092982
-0.008797737196855381,-0.1848190285117422,-0.14842018233798232,0.05599999999461275,3.0193332893600196E-7,5.01258974511818
-0.009350128808962825,-0.18382866349420304,-0.14957756737344868,0.05599999999583818,2.6538113801928097E-7,4.359252993170505
-0.009119271614399035,-0.1842259839858599,-0.14883965541013192,0.055999999993774675,3.2457103865471614E-7,5.197627565584347
-0.009048881025826712,-0.18446931803271555,-0.1489984786338579,0.055999999994943546,2.9251712589807163E-7,4.900971636243354
-0.009258109349580056,-0.18402814075010904,-0.1493314021130548,0.05599999999514587,2.8660539206709195E-7,4.7080693979155654
-0.009175189651680614,-0.18417095621119706,-0.14909318815669104,0.05599999999443225,3.06950774762697E-7,5.002167767344001
-0.009151395887021433,-0.18436287582390304,-0.14934497256106738,0.055999999995659556,2.7101642541313953E-7,4.632019613153854
-0.009031340270138353,-0.18464564010992696,-0.14929129854078882,0.0559999999960344,2.590497686459234E-7,4.600133008318711
-0.009263077601015371,-0.18421255115805577,-0.1496507184129382,0.05599999999635053,2.485093116294857E-7,4.471847561252203
-0.009119915855485562,-0.1846189957387861,-0.14963632582044809,0.05599999999682099,2.3193917683167018E-7,4.371258699076951
-0.0093820983501218,-0.1839794941065814,-0.14992223208393363,0.055999999996868784,2.3018930077756984E-7,4.132750287445826
-0.01299917206510031,-0.1870204486729038,-0.15352366010943014,0.055999999999982265,1.732379217636371E-8,0.5469264505354545
-0.008948645737951002,-0.18491219665535805,-0.14942977501303908,0.055999999996641396,2.3840122374687004E-7,4.537125300921992
-0.008911311057026607,-0.1848203211588334,-0.1490747128210497,0.05599999999593875,2.62154933096042E-7,4.686609264718282
-0.008445524314353607,-0.1853038853108858,-0.14808944782205447,0.05599999999520707,2.847895513179782E-7,5.181937225230555
-0.008608955152463816,-0.18515823543519824,-0.1484591735866878,0.05599999999547508,2.7671509745937705E-7,4.898058497454007
-0.008768186293320308,-0.18499519521263277,-0.14878986541206426,0.05599999999577616,2.67350806340843E-7,4.728316607297837
-0.008388525813296141,-0.1855298944414504,-0.14851255296775678,0.055999999996165256,2.54738526756108E-7,4.5773664561911085
-0.00858817000936145,-0.1853454258619996,-0.14886965094765053,0.05599999999652217,2.42594738676685E-7,4.498340514873624
-0.01105491990219075,-0.19086473232907666,-0.15304625198244576,0.055999999999981676,1.7610793113260953E-8,0.44640379396054825
-0.01142482211634014,-0.18999919753236738,-0.15297479923413143,0.05599999999997779,1.938373774209565E-8,0.4860309767711735
-0.01051158200227249,-0.19037125823954443,-0.15298625019493994,0.05599999999997072,2.2258390545236407E-8,0.48936908242088367
-0.010447180873818525,-0.19126253837718854,-0.1531381364500117,0.055999999999979094,1.8808394965601554E-8,0.44800376711415185
-0.009434320176050252,-0.1841450266291433,-0.15029797730934163,0.05599999999771236,1.9675339236645375E-7,3.948664477721078
-0.008996497091475304,-0.18497572410753993,-0.1497148948970689,0.05599999999731503,2.1315656371441158E-7,4.227630281694529
-0.00883315715670368,-0.18523901948074567,-0.14956704710302093,0.05599999999730634,2.1350094284940864E-7,4.255313603679146
-0.009145912061737734,-0.18484302462864322,-0.1500356918294094,0.055999999997707474,1.9696322430809985E-7,4.052412495232936
-0.0092848369445903,-0.18439299891043123,-0.14997763386257756,0.05599999999729622,2.1390170159089572E-7,4.125553843440824
-0.009328353203837297,-0.1846432867562771,-0.1503844389248598,0.05599999999810434,1.7910575709749943E-7,3.7848662399157345
-0.008711723048691592,-0.18560243188943007,-0.149759075869583,0.055999999997984634,1.8467343109085228E-7,3.932346399839064
-0.008956953235504486,-0.18524808553259448,-0.14996800956802536,0.05599999999792369,1.874455340238787E-7,3.923803308081354
-0.011757735702194587,-0.1890422460290486,-0.15299989335371045,0.055999999999978844,1.892656054068786E-8,0.508708854159898
-0.012330092621162424,-0.18786945384184475,-0.15320749322478586,0.05599999999997821,1.9201188676988173E-8,0.5375000727752648
-0.01113399663324915,-0.18824192191184805,-0.15293751509447073,0.05599999999995853,2.6492822826143368E-8,0.5987465266367987
-0.01127293716658017,-0.18720523127873573,-0.15303610234134002,0.055999999999950506,2.8941218733043595E-8,0.6809158697068276
-0.012045052033499318,-0.186650645789508,-0.15339154245942485,0.055999999999964835,2.439412914628421E-8,0.5813925908811352
-0.010440677235161806,-0.18752207093091075,-0.15268400456742368,0.05599999999990918,3.920142978127536E-8,0.8200788549563791
-0.010420105660187806,-0.18924753059946434,-0.15283390007213976,0.05599999999995727,2.6891690819353506E-8,0.6039954954765909
-0.010204634629045283,-0.18825969741531043,-0.1526587451920497,0.05599999999992687,3.517677917555314E-8,0.7103045231694569
-0.008140741221291182,-0.18592153868947933,-0.14858368007007677,0.055999999996649175,2.3812395368008035E-7,4.279355503008436
-0.00838842295665116,-0.18571102155874916,-0.1489527058045829,0.05599999999704855,2.2348352075274582E-7,4.220300737144169
-0.008163787130022828,-0.18609886740944895,-0.14906001108171868,0.05599999999743899,2.0817720136796206E-7,4.0048706490303125
-0.008439294507543223,-0.18586696995904478,-0.14941512946998223,0.05599999999782595,1.9180679060955442E-7,4.015753361585108
-0.008622561961214689,-0.18549082419017535,-0.14930239530303965,0.05599999999726336,2.1519755880927794E-7,4.21291777699235
-0.008776628050694632,-0.18513530050881916,-0.1491635422647204,0.05599999999665422,2.3794548351205554E-7,4.503173518960923
-0.008177994339126471,-0.18570411489351651,-0.14811361283383684,0.05599999999574512,2.683281282322975E-7,4.756446417700441
-0.007867058536297458,-0.18614219826745634,-0.14820171021903558,0.05599999999616101,2.548773277132123E-7,4.574058571083007
-0.007874115912034603,-0.18633098853095342,-0.14871460444692305,0.055999999996998305,2.2537784613116355E-7,4.1615041576037015
-0.0075403079098108625,-0.18659456002191158,-0.14836698178496477,0.05599999999658863,2.4026527211367835E-7,4.2499100954926154
-0.0075981468402579995,-0.18674524041317558,-0.1488811842079284,0.05599999999735377,2.116125546586592E-7,3.9901186452752913
-0.007912544592875211,-0.18712756382341494,-0.150135219094331,0.05599999999880849,1.4199652760826368E-7,3.3151623435260453
-0.00791849647782803,-0.1868882767462573,-0.1498265292860835,0.05599999999852807,1.5782389273973548E-7,3.566503922670012
-0.007607894281790622,-0.1872778044687927,-0.14982399654975387,0.055999999998494386,1.5961942497527045E-7,3.5223974093588413
-0.007923606260611655,-0.1864965855086166,-0.1491953688270047,0.05599999999775327,1.9498595244421773E-7,3.884049566501544
-0.008208700234856025,-0.186280927145909,-0.1495132789913325,0.05599999999817002,1.7597530270780222E-7,3.746492060159563
-0.00799628583689496,-0.18661896041997256,-0.1495766342491079,0.05599999999831442,1.6888979903440307E-7,3.696539193187794
-0.008542453813521563,-0.18605250847662508,-0.14995979559592393,0.055999999998467685,1.610284490740608E-7,3.6793911433828934
-0.008216771104903643,-0.18654058077615665,-0.1499215084249704,0.05599999999861232,1.5324114733742242E-7,3.556851621935049
-0.007696802540995427,-0.18689685759368052,-0.1493976726534461,0.05599999999803822,1.822021510973745E-7,3.710697088036104
-0.007379407258969346,-0.18728570314650203,-0.14941871530679912,0.05599999999801704,1.8318379065753515E-7,3.699884935178884
-0.007357978593402203,-0.18711181448431768,-0.14906041485124608,0.055999999997502437,2.05583038654172E-7,3.8426270568345138
-0.007235011784207543,-0.18759834695478592,-0.14965903069432593,0.055999999998213625,1.7386617733596893E-7,3.586461058791555
-0.007011251301859318,-0.18795631176687297,-0.14982256423276522,0.055999999998400565,1.6451705574248606E-7,3.4821032799022036
-0.007387663149246413,-0.18770893721145748,-0.15005674242393763,0.05599999999869232,1.4875788550379124E-7,3.340883968221236
-0.007137525482612411,-0.18811099512514456,-0.1502065299817267,0.055999999998847305,1.3966469007093016E-7,3.1741765825067927
-0.0075466025785572615,-0.18787839892687155,-0.15047579079378579,0.055999999999009786,1.2944745488380957E-7,2.9772564103056016
-0.00975260731056667,-0.19004860462802808,-0.15285945139734192,0.05599999999995083,2.8844658378547135E-8,0.6495255014138769
-0.009718368592698578,-0.19073896856693556,-0.15302183518796203,0.05599999999996093,2.5714536837327098E-8,0.56583386036923
-0.00907967561256493,-0.19020861715039925,-0.1527891668919943,0.055999999999925575,3.548909679804507E-8,0.7636257971819894
-0.007114936753256059,-0.18746882131786793,-0.14922473704170824,0.05599999999773508,1.957743067025476E-7,3.7738381519073148
-0.006906115235885687,-0.18783078389394134,-0.1494581742208548,0.05599999999797689,1.8502833063733243E-7,3.6341847515962513
-0.006808156460464445,-0.1877184502140043,-0.1490758548719972,0.055999999997502936,2.0556221366131576E-7,3.783546961950825
-0.008171598013781756,-0.18683595709219533,-0.15021462087074838,0.055999999998865735,1.3854309183776433E-7,3.286089117088989
-0.009647735968454679,-0.18459782889672052,-0.15119586422991624,0.05599999999899333,1.305182901314753E-7,3.10804930203016
-0.009841937123972083,-0.18490706376524005,-0.15169343547632466,0.055999999999432504,9.799595648066593E-8,2.4753189539038662
-0.00951886631146535,-0.1843645336669506,-0.15073772108108094,0.05599999999841707,1.636664215847446E-7,3.5559648757511595
-0.009408136435958041,-0.18492933904429235,-0.150826845768725,0.05599999999874209,1.4589938355324138E-7,3.342145374370195
-0.00953724747181375,-0.18519334840080867,-0.15125885111946424,0.05599999999923382,1.1386549784819065E-7,2.816878028171935
-0.00888371867857123,-0.18568866799730355,-0.15030070207488164,0.05599999999860506,1.5364050786983317E-7,3.5456911187043403
-0.009165892621779316,-0.18515211514352634,-0.15042587852683753,0.05599999999839339,1.6488620801658774E-7,3.710434364454392
-0.009209058803289498,-0.18547955351173104,-0.1508068104074509,0.05599999999896197,1.325350856592066E-7,3.193434285298282
-0.008459346816197826,-0.18647384441707934,-0.1503052607010545,0.05599999999888893,1.371196631772866E-7,3.248443149826168
-0.008712950753523227,-0.18615095701473863,-0.15043268021037154,0.05599999999887193,1.381645274528579E-7,3.315683147692132
-0.008993566115322194,-0.18598717588364355,-0.1508016111506925,0.055999999999098764,1.2349442119347212E-7,3.075406048087432
-0.008723136121068368,-0.1864587245607886,-0.15074340559937038,0.055999999999171914,1.1837653169496913E-7,2.9561393538967207
-0.008412659573265976,-0.18684565091448865,-0.15061562469076364,0.05599999999911307,1.225104095189281E-7,2.992771135991085
-0.00808619487846179,-0.1872093951194999,-0.1504968308889832,0.055999999999044786,1.2713902855758268E-7,3.0150357752886006
-0.008322581716761056,-0.18729369147389216,-0.15089683556684103,0.05599999999931051,1.0801700748343595E-7,2.707927126462188
-0.007730342213144,-0.18749042542636413,-0.1502916169257683,0.055999999998887974,1.3717829779062167E-7,3.230894457888539
-0.0079410759658769,-0.18762006271623627,-0.15071224909219777,0.05599999999916976,1.1853075856245097E-7,2.8526186122432886
-0.007741113935416669,-0.18808258642770487,-0.1509060462661809,0.05599999999934498,1.052821275703834E-7,2.6251302104388836
-0.008194590011136841,-0.1877769562357159,-0.15113875971224122,0.05599999999948344,9.349524905435844E-8,2.3725019764212307
-0.010540460566687958,-0.18665426451196823,-0.15269080129426646,0.0559999999998814,4.4797839013780703E-8,0.8795674603703336
-0.009324409031199896,-0.18582370133255668,-0.15124432034047178,0.0559999999993542,1.0453905088160927E-7,2.6565699572049537
-0.009046431635892397,-0.18639701058708347,-0.15118255980754725,0.055999999999399946,1.0076836843987325E-7,2.516352976382392
-0.008717551626632292,-0.1868778237080695,-0.15107222458282096,0.05599999999939461,1.0121461170075994E-7,2.567294871960449
-0.00910148448797778,-0.18692994154070242,-0.1515572239705146,0.0559999999996191,8.028644060029747E-8,1.944526056269093
-0.008659953899130948,-0.18741490501724126,-0.15137176207331196,0.05599999999956414,8.588239903715934E-8,2.104579327910136
-0.009465506908250723,-0.18630099195845404,-0.15167374310183793,0.05599999999962382,7.978605708389734E-8,1.8967587550047111
-0.009412751811249934,-0.18941506383970527,-0.15262903973924713,0.05599999999991664,3.7557798409411045E-8,0.7635987881141016
-0.009737566083023452,-0.1870076150349298,-0.15217097973676325,0.055999999999796886,5.8624085463120564E-8,1.138342635543695
-0.009128895615992295,-0.1875719535539372,-0.15187982300465339,0.05599999999972972,6.762905225787134E-8,1.2916917081852137
-0.009695851392090744,-0.18784415031709278,-0.15234933068935164,0.0559999999998545,4.961905048139271E-8,0.9679792153987722
-0.009004541845054599,-0.18827596637995014,-0.1520787863553165,0.05599999999980102,5.802544756348329E-8,1.1296083200423663
-0.008564762521030417,-0.18799509939214276,-0.15163012713469617,0.05599999999966123,7.571389202305545E-8,1.6962645008369581
-0.01061303002786391,-0.18569744766660748,-0.1527272620170719,0.05599999999983878,5.2231174430340226E-8,1.0491510417473435
-0.009722978792997912,-0.1856023409078108,-0.1517352078859016,0.0559999999995612,8.617203494538635E-8,2.1044110437669246
-0.010146992201708411,-0.18527621417098095,-0.15221738493418127,0.055999999999698145,7.146912976515879E-8,1.7340636906232685
-0.010033769103901396,-0.1861040537829747,-0.1522296335646051,0.05599999999975955,6.37879942724016E-8,1.2996259665769954
-0.011279500357386004,-0.18616339867103343,-0.15315304002465674,0.055999999999922036,3.6319373961767E-8,0.7432909208065924
-0.008811302127404838,-0.18895810455998188,-0.15224578001409958,0.055999999999845174,5.1187325828203525E-8,1.0011968737389527
-0.008364266556317338,-0.18860596355417306,-0.15182005089677972,0.055999999999729176,6.76967501068643E-8,1.4170054360352358
-0.007998641564533223,-0.18831793511907458,-0.1513505750353303,0.05599999999958805,8.34918760153975E-8,2.094260127247452
-0.007296054859945091,-0.18830673233974415,-0.15062161224359877,0.05599999999919774,1.1651622824346771E-7,2.783615894191326
-0.009610491492822434,-0.18869138102210753,-0.15251081912660922,0.05599999999990571,3.99442048398444E-8,0.8428851881652643
-0.007240890393677589,-0.18701787540258363,-0.14858667606796463,0.05599999999691963,2.283117377405785E-7,4.102380784804984
-0.006997786780828441,-0.18738965426383425,-0.148829397600118,0.0559999999971543,2.1944374302161338E-7,3.972408336517519
-0.007497174944470383,-0.188551501555042,-0.15106636438867796,0.05599999999950465,9.15553169799805E-8,2.329198880706842
-0.007754825427380952,-0.18885504463096991,-0.15153242772520956,0.055999999999663035,7.551351274792681E-8,1.87850159147161
-0.00808912722792525,-0.1892304255922806,-0.15199825952968746,0.05599999999979338,5.913087404317964E-8,1.3063228996423721
-0.008529135000270513,-0.18968966561300066,-0.15243511714499863,0.05599999999987449,4.608523449293594E-8,0.9654321025029345
-0.0037026224356605133,-0.1756349023351015,-0.15288194860734847,0.05599999997954854,5.882228428752704E-7,11.456413943172
-0.0035790199410086713,-0.1755693920095801,-0.15276281886987092,0.05599999999682917,2.3002899566968655E-7,5.109238404130051
-0.00380846068289,-0.17559200738699998,-0.152683652322,0.0559999999972181,2.1125854591013935E-7,4.693952006363336
-0.003511148800000921,-0.17563059638533807,-0.15297955662299206,0.055999999984963966,5.04350183784729E-7,9.230627526108105
-0.003324434690878477,-0.17555370515178398,-0.15284610903511708,0.0559999999981611,1.75770774396583E-7,3.977245316591416
-0.003731669395348675,-0.1757068690934794,-0.15307998953031804,0.05599999999227715,3.6148853059358497E-7,3.9273685546045827
-0.003262106045718862,-0.17563532786704406,-0.153105714678282,0.055999999986410726,4.795341337478422E-7,8.255063360995896
-0.0030344386389190236,-0.17554833912810192,-0.15293493331510216,0.055999999998746074,1.4531986282809994E-7,3.316556771080912
-0.0035077937795214517,-0.17572299196777694,-0.1532543021418993,0.05599999999280487,3.4893663284695466E-7,3.389066776010935
-0.0037858634783807907,-0.17580760965989012,-0.15335405741536565,0.055999999992367815,3.593748093478622E-7,3.071950516557298
-0.003222464174285693,-0.17574117625089747,-0.15342451515178768,0.05599999999362687,3.2840099305057947E-7,2.952245767793556
-0.002956193706443488,-0.17565204684006164,-0.15324347673160144,0.05599999998742486,4.6129315982068064E-7,7.535852807715936
-0.0027045467643936976,-0.17555865874554594,-0.1530280300703168,0.05599999999903613,1.276305490177767E-7,2.9277439571821673
-0.0038652103404654714,-0.1759255681560372,-0.15367317870791078,0.055999999994466816,3.0599490950366413E-7,2.3740989163403388
-0.0035281257439114637,-0.1758356345313274,-0.15358198145176752,0.05599999999366601,3.273875180244634E-7,2.7422867525399006
-0.003243855705356122,-0.17586897312994246,-0.1537889836262141,0.055999999994662826,3.0052324300987175E-7,2.4890079574738166
-0.0029066183214056392,-0.175772925631784,-0.1535892468024455,0.055999999994289784,3.108523697515322E-7,2.6127622954634178
-0.0025961584284111042,-0.17568242730381214,-0.1533693862023684,0.055999999988341126,4.4416215726801495E-7,7.07304909598703
-0.002330227928216322,-0.17559133546449374,-0.15312352166970467,0.055999999999124445,1.2172247101312716E-7,2.8010988515349804
-0.002515523089387933,-0.17580917291245685,-0.1537076800684479,0.055999999994767645,2.9756076102937805E-7,2.547083638964501
-0.0028726443981338893,-0.1758941386914393,-0.1539310406448931,0.05599999999514422,2.8664937057160603E-7,2.3731459023952675
-0.003976367118406402,-0.17605965989708278,-0.15403375049722123,0.055999999996251076,2.518717895453222E-7,2.0113502179992984
-0.0035936070382445247,-0.17596750326654936,-0.15395399416831887,0.05599999999563301,2.718427022065716E-7,2.2055564473304368
-0.0032150636171904105,-0.17602315088219775,-0.1542471313903016,0.05599999999664175,2.383863174309751E-7,1.9421555186224109
-0.0036706843752623373,-0.17611153044480987,-0.15436837107313003,0.05599999999723116,2.1645863832925693E-7,1.824781753911628
-0.0041134303559071245,-0.17620605179456963,-0.15443148710966192,0.05599999999764172,1.9976726819861314E-7,1.7389654131399501
-0.00428987115582224,-0.1763709092272776,-0.15488356063033273,0.0559999999986138,1.531582101824713E-7,1.44527808813488
-0.004497529437652984,-0.17654624855523027,-0.15537418867176447,0.05599999999920974,1.1564147795812806E-7,1.2680567756405337
-0.0022038146257894547,-0.17572852071935777,-0.15346621729197946,0.055999999989131966,4.288291712659098E-7,6.8810014068205865
-0.0019076870076625962,-0.17565407059599264,-0.15321881654065503,0.05599999999916951,1.1852431486775259E-7,2.7353179714424294
-0.0017844029220652508,-0.17580937689571768,-0.15357114582239803,0.055999999989592895,4.1963388445645633E-7,6.7127197164111
-0.0014720147319623098,-0.1757458678036785,-0.1533039673836513,0.05599999999920621,1.1589905922394666E-7,2.6774782337098118
-0.0021013885896746833,-0.17587045488578798,-0.1538104397252771,0.055999999995207446,2.8478026140124086E-7,2.542808278019723
-0.0016722427502999522,-0.1759702131218758,-0.15392493628936274,0.055999999995368505,2.7995509992479087E-7,2.4691076092488946
-0.0024533741552404836,-0.17593685159043593,-0.15404174535226622,0.055999999995342664,2.8073072936800564E-7,2.3172329259446953
-0.0027567704906338157,-0.17601256839019616,-0.15426327769837217,0.05599999999641196,2.464084298544771E-7,1.9209719423663967
-0.002440224945998683,-0.1760933917643819,-0.15445239465559985,0.05599999999690808,2.2873917414683826E-7,1.7799132761347896
-0.0021328755880173646,-0.17619229196923492,-0.15463344473575608,0.0559999999971307,2.203508359165297E-7,1.7431632150247345
-0.002436277859369641,-0.17625818950665142,-0.1548823283547641,0.05599999999784525,1.9095192950075517E-7,1.60990982534139
-0.0028786389817213247,-0.1761382932952246,-0.15461085229311966,0.05599999999751195,2.0518993687766227E-7,1.6439764689524043
-0.0032791661768907586,-0.17619691646323163,-0.15474582249463034,0.05599999999791012,1.8805598303344241E-7,1.6362879340704968
-0.003788502868916709,-0.17627473550766035,-0.15483819232146218,0.05599999999829841,1.6968942921290988E-7,1.5760376883646066
-0.002882063072452602,-0.17629923473897874,-0.1550571672810864,0.05599999999838997,1.6506132550531012E-7,1.4702045689520558
-0.003360776668999095,-0.17636338776513558,-0.15522732718094628,0.05599999999879168,1.429941806194359E-7,1.4165548210207755
-0.003918727123315044,-0.17643975548744173,-0.15532337246972946,0.05599999999905716,1.2631281794235438E-7,1.3716803650769387
2.813401262506655E-4,-0.1763767778435702,-0.15352015750376558,0.055999999996482856,2.3841140356696363E-7,5.278041333013829
7.783488045250077E-5,-0.17628022171149174,-0.15350635077452723,0.05599999999820581,1.742206637620996E-7,3.9413038763819337
1.551179804607697E-4,-0.17641920218290932,-0.15371393754647666,0.05599999998120274,5.639560413533527E-7,9.968165672736292
3.440411234490376E-4,-0.17647360746231988,-0.1536489831366473,0.05599999997473355,6.538255999030427E-7,13.110686433973934
4.64043310492E-4,-0.17646928408600002,-0.153529734772,0.05599999999631253,2.4500793710306615E-7,5.4275329235036445
5.162948328356368E-4,-0.17659549572353342,-0.15371803261121395,0.05599999998115695,5.646344485796612E-7,10.199585934420437
6.043196676170001E-4,-0.176542742569,-0.153535910165,0.05599999999797607,1.8506596714631664E-7,4.193978969467854
-4.2183915830503366E-4,-0.17607189233719744,-0.15345854539554915,0.05599999999875225,1.452137856553467E-7,3.3214609333810188
-3.5395530186196363E-4,-0.17621144596403893,-0.15370611748431307,0.05599999998476298,5.077761756708207E-7,8.467591131874991
-1.551978291360524E-4,-0.17617831034946246,-0.1534863533046941,0.055999999998457416,1.6137743452811574E-7,3.6696305829441638
-9.881130628669532E-5,-0.1763083498745915,-0.15370820008933828,0.05599999998246097,5.447860255301434E-7,9.536433932715777
-1.054257333479611E-5,-0.17642776986725778,-0.1538733270359323,0.055999999992108515,3.654086202758629E-7,3.385550106361466
-7.266366229490047E-4,-0.1759623014416507,-0.15342093034362073,0.05599999999898808,1.3068782524555584E-7,3.0039924787776027
-6.473552674937922E-4,-0.176111312906206,-0.15369858070035808,0.05599999998626972,4.820080343098313E-7,7.893078074449446
-0.0013613424763059604,-0.1759087673503109,-0.1536449245861588,0.055999999989441517,4.2267496501316085E-7,6.695106511650788
-0.0010748304491569644,-0.17585211901181236,-0.15337068680061525,0.0559999999991582,1.193272232276425E-7,2.7535966368438793
-9.902143119210195E-4,-0.17601146745136406,-0.15368968354562515,0.05599999998805482,4.495757700658539E-7,7.168484673675269
-8.737258361769491E-4,-0.1761589135222879,-0.15395016242230017,0.05599999999416536,3.142169905450658E-7,2.7058145789468604
-5.43124201758644E-4,-0.17626355822663853,-0.15395397527243432,0.05599999999337777,3.347546078256477E-7,2.855426634455546
-7.106597702678918E-4,-0.17633553885037823,-0.15422572841085982,0.055999999994228535,3.125115889253725E-7,2.5763497766145877
-0.0012555307060245723,-0.176071975360651,-0.15397446648196705,0.055999999995097915,2.8801589555389744E-7,2.490041620231064
-0.0014985184136652758,-0.17617013561823636,-0.15432616784696235,0.05599999999579386,2.66785606460947E-7,2.228114573497055
-0.00200390994673761,-0.17605166385966564,-0.1542414068978391,0.0559999999958204,2.6594207169824346E-7,2.2168666704864206
-0.0018227962141856796,-0.17622400827183557,-0.15460015901316906,0.05599999999708277,2.2218362668328117E-7,1.8188902868575987
-0.0010871439993453557,-0.17622183059748914,-0.15422145143027052,0.05599999999499141,2.911252738432623E-7,2.442513713656945
-0.001207649528875192,-0.1763199796974394,-0.15451339426080252,0.05599999999637689,2.476097130012208E-7,1.9643520004864015
-8.616890084712955E-4,-0.1764151853580679,-0.1545006758334966,0.05599999999591373,2.6296045933471353E-7,2.0544477632875195
-0.00152626040441051,-0.17635261560904558,-0.15476569418478361,0.05599999999708816,2.2197806292841713E-7,1.7713303929397448
-0.00195623793283044,-0.1763654689214732,-0.15499777557754688,0.05599999999791198,1.879724367510112E-7,1.6156887210218611
-0.002415855888796989,-0.17642064558648662,-0.15529614439856934,0.055999999998650206,1.511332983695342E-7,1.4957952044386735
-2.4146160524020973E-4,-0.1763700873852246,-0.15394729809811575,0.055999999992560126,3.548169810762573E-7,3.058234109464219
-4.7416436225999626E-5,-0.17649389728170928,-0.15403449253233886,0.05599999999126169,3.8453739689054027E-7,3.5624457458448098
3.232746441655478E-4,-0.17653693979520937,-0.15378825995241166,0.05599999999187357,3.707465402037971E-7,4.060367609013558
1.7245905386788582E-4,-0.17655348340872246,-0.15395703488119097,0.05599999999074396,3.9576382873856986E-7,3.633309666433623
-4.3453443667928993E-4,-0.1763956535454934,-0.154149778295224,0.05599999999329086,3.3694425520847776E-7,2.8730992294157773
-2.1909450488239102E-4,-0.1765129944209916,-0.15421599812885253,0.055999999993270655,3.3745216583546376E-7,2.7712402822793543
4.647630342681163E-5,-0.17662155575593802,-0.15419970607940056,0.055999999992855404,3.477084656162724E-7,2.8821654756044066
-1.3455409316824566E-4,-0.17668256770861082,-0.15447568498430667,0.0559999999945792,3.0287160836822E-7,2.3734113559404455
4.170106699753079E-4,-0.17665478864124293,-0.15392237458426025,0.0559999999902299,4.0660652255932206E-7,4.091732813575528
-0.0014831353397235297,-0.1765236833371131,-0.15513272646726545,0.0559999999980404,1.8209984936084856E-7,1.5611044622820034
-0.001128571834767479,-0.17647527957156472,-0.15480840436371515,0.055999999997092244,2.2182227424134126E-7,1.7861054361631545
-4.7362207685106993E-4,-0.176517841664259,-0.15442993780809866,0.05599999999512045,2.873530695433893E-7,2.2977109915269933
-7.08907762887665E-4,-0.17660664846654284,-0.1547919767349993,0.05599999999669342,2.365459721237732E-7,1.900067368934102
-3.4963511832340717E-4,-0.17673851299193405,-0.15476783117864887,0.0559999999960904,2.5721266958449784E-7,2.016454650128385
3.037355056860318E-4,-0.17672223221374803,-0.1541541233268786,0.055999999992049944,3.6678451522700914E-7,3.0702444868837
2.6677476372847028E-5,-0.17688635198382752,-0.1547147731500421,0.05599999999552981,2.7503624037264195E-7,2.1364538656720526
1.7441593024223733E-4,-0.17679899663523987,-0.15441689791558627,0.055999999993889875,3.2155253575943815E-7,2.5510201005115705
-0.0010059934103260335,-0.176685136502894,-0.15517340882156705,0.055999999997835385,1.9138912501291238E-7,1.6155345268825476
-5.482987665170532E-4,-0.17684103362766407,-0.1551334442572579,0.05599999999749658,2.0582282525514986E-7,1.7870782084621026
-3.356666666283893E-4,-0.1770981183452873,-0.15543504216578183,0.05599999999808395,1.8006518388661466E-7,1.614920641577024
-1.4226470587235958E-4,-0.17698562246784855,-0.1550523992376992,0.05599999999705827,2.2311480202877926E-7,1.8731819152403422
-0.01037658364234641,-0.1920365155213194,-0.15331789940539509,0.05599999999998121,1.7831144153302345E-8,0.42832814377956707
-0.01001438185016218,-0.19253489402567342,-0.1535061186740108,0.055999999999980614,1.8113624574202313E-8,0.42399219179874986
-0.00911396927405735,-0.19125075842560577,-0.15315003198037416,0.05599999999995932,2.6237877340737085E-8,0.5944680471401593
-0.009591432239938958,-0.19178642601105397,-0.15331867710875588,0.05599999999997156,2.194022142288189E-8,0.47912711541327463
-0.008778312353392473,-0.190852980302954,-0.15298104416690428,0.0559999999999343,3.334465400627393E-8,0.7068013722856111
-0.008304601069827668,-0.19040198740956366,-0.15270858359637024,0.05599999999989525,4.210104214173543E-8,0.9294797741814865
-0.009380710657723633,-0.19259962864677913,-0.15361357597530723,0.055999999999975576,2.0329291072513488E-8,0.46773619387480797
-0.009725542195362327,-0.19302553080844417,-0.15371834812644067,0.05599999999998177,1.7563269058871205E-8,0.4309031768870173
-0.008646374937887351,-0.19161579228831627,-0.15327813571731821,0.05599999999995285,2.824495330874841E-8,0.6431195012667565
-0.008875557508074698,-0.19221835696206202,-0.15351530649453793,0.05599999999996678,2.3712293616908298E-8,0.5418914990783691
-0.00874489393490471,-0.1927004213855325,-0.1537209529355781,0.05599999999997037,2.2396038278692924E-8,0.5211621202258441
-0.00815818301841061,-0.19105125300450376,-0.15299479528349258,0.05599999999991504,3.791509616771778E-8,0.8932923520125499
-0.008074962446120076,-0.1916764516560004,-0.15327584139399925,0.05599999999993214,3.38887847169083E-8,0.8113116238851433
-0.009206399582480965,-0.19322797659052843,-0.15388515526484006,0.0559999999999806,1.811809216958112E-8,0.44183593076232136
-0.00838618351668067,-0.19219725659082978,-0.15352254077429714,0.055999999999957965,2.6673307502571126E-8,0.6465145263148266
-0.008981830446666105,-0.19368834254884593,-0.15413421899736313,0.055999999999981766,1.75667410135239E-8,0.4343229509907989
-0.008496916086542844,-0.1939492535754331,-0.15436780574746287,0.055999999999980475,1.8178142679461105E-8,0.45904466910187874
-0.008544409298802553,-0.19332327310803482,-0.15402988236867182,0.05599999999997531,2.0442773036620954E-8,0.48951678646630725
-0.008171185947598879,-0.19277480491854113,-0.15379495096044005,0.05599999999996386,2.472770495696896E-8,0.6129807306659518
-0.007707187785663074,-0.19220609517359324,-0.15349592649249694,0.05599999999994264,3.115806814908714E-8,0.8008933240698497
-0.007441152591016147,-0.19149458281885287,-0.1530672720597864,0.05599999999990908,3.9224234628050866E-8,1.0168122418022985
-0.00787685729820168,-0.19338959323657146,-0.15414730294529463,0.055999999999973495,2.1180448968623338E-8,0.5901307461408126
-0.007980079207707456,-0.19412344833528108,-0.15458370282790024,0.055999999999979934,1.8428426113787675E-8,0.5116384979973503
-0.007384217340765229,-0.1939530182056254,-0.15458549124576443,0.05599999999997914,1.878862159969415E-8,0.5845105174410055
-0.007625751268204499,-0.19283436792931247,-0.1538382476316267,0.05599999999995984,2.607074458912181E-8,0.7224400215894748
-0.007064036474849301,-0.19254640752430718,-0.15364205614800963,0.05599999999994557,3.034802943869316E-8,0.8481012778593691
-0.007213321717629116,-0.19323282278172088,-0.15410050496826078,0.055999999999966125,2.3943275900492664E-8,0.6832809883652011
-0.006937893397666884,-0.19188660780391836,-0.15318962567065791,0.05599999999991621,3.7655004458822544E-8,0.9105289737715712
-0.0068354537303002725,-0.19124495606100086,-0.15272493857899877,0.055999999999871895,4.6558351926338765E-8,1.1670791310538766
-0.009410017119552838,-0.18286994048359104,-0.1478167199277881,0.055999999989341624,4.2453979872403023E-7,10.120790805276325
-0.009392070438282302,-0.18298926837732982,-0.1479039896368374,0.05599999998367037,5.256681741309383E-7,9.491730084936393
-0.009411351784287734,-0.18283085921257367,-0.14797251469270278,0.055999999982232006,5.483334224363299E-7,9.672946572367104
-0.009395591395061458,-0.1829548435897338,-0.14805639813603913,0.05599999998523314,4.998853679681354E-7,8.388214254822971
-0.009399052124023874,-0.18292642040275156,-0.14819923377051625,0.0559999999863634,4.803763283243212E-7,7.444785703183757
-0.009423715754419255,-0.18271780940389587,-0.14788776658582686,0.0559999999906552,3.975359785713266E-7,9.7717777913626
-0.009425962548112832,-0.18274968934920047,-0.14771877749828796,0.05599999995010762,9.17822093111203E-7,22.28685019202516
-0.009423962289184722,-0.1826770229211677,-0.1480304050422477,0.055999999982963435,5.369251518774553E-7,9.664920543942136
-0.009431519576675984,-0.1825861014527479,-0.14794690597481144,0.05599999999154577,3.7815961315710467E-7,9.178723464179862
-0.009412713942723283,-0.1828010748215898,-0.14811106038756522,0.055999999986384684,4.799966601637738E-7,8.032820998858265
-0.009434485090797855,-0.182603543888059,-0.1478005754621855,0.05599999995378474,8.834890180887384E-7,21.19531457331323
-0.00944062681303,-0.182625780382,-0.147606225819,0.05599999999662597,2.3891715802471365E-7,5.777281415398525
-0.00944570493535,-0.182483258535,-0.147673662164,0.05599999999720325,2.1682727896600533E-7,5.282560096404634
-0.009422797548454612,-0.18267346597120565,-0.1481620779871899,0.05599999998609391,4.850968000940459E-7,8.083627925019606
-0.009415823959311254,-0.1827621465316259,-0.1482548793032456,0.055999999987108244,4.6707261759295014E-7,7.3325080456845235
-0.009406354580630659,-0.18287333414448684,-0.14836395111768685,0.055999999987834476,4.537257449574293E-7,6.768992330593304
-0.009433451523872267,-0.1824980515574857,-0.14812669153098484,0.05599999999094747,3.9134788428576644E-7,7.400735003967969
-0.009423153428917187,-0.18268124788078943,-0.1484044402689722,0.055999999988539224,4.4038707530881246E-7,6.667882841455934
-0.009425813587647476,-0.18262496860991806,-0.14827027204726625,0.05599999998699795,4.6906655770478087E-7,7.514769206903219
-0.009439371884519212,-0.18244943098020977,-0.14791356948399262,0.05599999996364006,7.838078953492592E-7,18.620491951156502
-0.009444687017949316,-0.18227050329798491,-0.14801653330556447,0.05599999997406881,6.620144875411151E-7,15.56979246913731
-0.009450303420144739,-0.18229026658660305,-0.14776565457764385,0.05599999999804057,1.818270243505348E-7,4.496804983199104
-0.009433112126074832,-0.18250074196661098,-0.14834782835524743,0.055999999987303845,4.63516013442927E-7,7.185795885001834
-0.009415989512895842,-0.18281047706785886,-0.14854455784824225,0.055999999988883435,4.3372441795957163E-7,6.239421552324039
-0.009430465087989542,-0.1826035318055462,-0.14853286518176895,0.055999999989580614,4.1990167478421E-7,6.145997635716101
-0.00944145944491354,-0.18229553521219688,-0.14831102145485558,0.055999999991857556,3.7114195206292556E-7,6.6258668179109605
-0.009449811238770228,-0.18206150385452938,-0.14815575610636728,0.055999999978245896,6.064428045180573E-7,13.897273889367355
-0.009455672487014372,-0.18207005596022058,-0.14787058716958076,0.05599999999852561,1.5768328755494582E-7,3.9250565066265946
-0.009460335767250949,-0.18181895440132742,-0.14799067589142192,0.055999999998912586,1.3536026988290298E-7,3.402065080387002
-0.009452092429303437,-0.1818072631436461,-0.14832913660223848,0.05599999998214428,5.494986153164897E-7,12.431175339581463
-0.009456416200414363,-0.1815335292015739,-0.14812991740384335,0.055999999999219056,1.1466782249432084E-7,2.9151154455934454
-0.009448387185705035,-0.18205132294713816,-0.14848803477502884,0.055999999992888516,3.4684815328359646E-7,6.03020737987993
-0.009426589517383063,-0.1827514947435238,-0.14871419845518252,0.055999999990048864,4.1035976541733925E-7,5.759939855772413
-0.009439246773336992,-0.18242619039612046,-0.1485387236236346,0.055999999989560435,4.2030927310591495E-7,6.275911301675358
-0.009441666019780979,-0.18252418312164645,-0.14874967706869002,0.055999999990474496,4.0148747226398985E-7,5.632283684362231
-0.009445456667485055,-0.18225260635940913,-0.14857033559506222,0.05599999998924142,4.2668250024137826E-7,6.352136971358226
-0.009452164866205998,-0.18211606423158777,-0.14877093755425913,0.05599999999086267,3.932212048582595E-7,5.741209468156855
-0.009446599530874246,-0.18234918112924808,-0.148710607466952,0.05599999999118708,3.8617634674314326E-7,5.5745082446109695
-0.00944999641455292,-0.181823237709577,-0.14866729269002496,0.05599999999347192,3.3233647893913757E-7,5.5333834420972865
-0.009455575501641856,-0.18187429845928002,-0.1489751658083885,0.055999999991960724,3.688394310472505E-7,5.358631660783124
-0.0094441028487845,-0.18152520065665628,-0.14853310641040748,0.05599999998537573,4.973600623838148E-7,11.015167571762639
-0.009432936309568582,-0.1812108253146904,-0.1482930103238458,0.05599999999940521,1.0026327046474635E-7,2.5520582660898516
-0.009456165097281997,-0.18235957498854888,-0.14893967013527212,0.0559999999919515,3.690495638942654E-7,5.1219747714839485
-0.00946191234606441,-0.18211770551220838,-0.14903457282893431,0.05599999999271695,3.5106169846293986E-7,4.894314600930405
-0.009445859940424189,-0.1826476619673719,-0.14895232932314525,0.05599999999165162,3.7586277990907483E-7,5.17087927128021
-0.009443574401660916,-0.1815779051495178,-0.14892611052691873,0.05599999999405675,3.1710804728486223E-7,4.95535214114214
-0.009377242920859678,-0.1808488411656764,-0.1484846846377761,0.05599999999951258,9.072208423117376E-8,2.305327713140375
-0.009415934355637168,-0.18120618273290806,-0.14872993949119198,0.0559999999875704,4.5856173417515714E-7,9.67175307623292
-0.009275633177166811,-0.18044727218571194,-0.14870915978504573,0.05599999999957441,8.486350058134192E-8,2.144089536863444
-0.009356048635253284,-0.1808495544957109,-0.14897093158281213,0.05599999998931676,4.2515404725391484E-7,8.606248410238871
-0.009466977227417803,-0.18201308953058865,-0.14917835081826533,0.05599999999333107,3.3593493223831316E-7,4.664091035888442
-0.009460008098656247,-0.18173882370773112,-0.14928037728453838,0.0559999999932258,3.385761931852901E-7,4.764637733886955
-0.009135645895540959,-0.180052152672677,-0.14894193126250682,0.05599999999952321,8.971701504726327E-8,2.226345156203789
-0.009253244091063977,-0.18045188976907797,-0.1492073885822476,0.05599999998997266,4.119116623750244E-7,7.9856764462404115
-0.00884736110887175,-0.17941380216926484,-0.14933646272665896,0.055999999999244356,1.1289765055328827E-7,2.7262432750178944
-0.008988471202600838,-0.17970882555287354,-0.1491517834116255,0.05599999999940816,9.999479600154432E-8,2.4460808289685367
-0.00897571982098205,-0.17971897816102053,-0.14955409202084685,0.055999999988779636,4.357313117797342E-7,8.171895109778488
-0.008841210605324923,-0.17942871569343527,-0.14968759387882946,0.05599999998660349,4.7610810810573513E-7,8.976167078588547
-0.00871635185504105,-0.17915906757109354,-0.1494986481580386,0.05599999999894969,1.3295357213239493E-7,3.153241704013487
-0.009117790619076532,-0.180060637633343,-0.1493873352692781,0.05599999998957323,4.20041421388812E-7,7.970349452030541
-0.008710913255599877,-0.1791680853214232,-0.1497966497891496,0.055999999984239344,5.16401233593483E-7,9.887422442130076
-0.008596441950650974,-0.17893860178758167,-0.14964095598087784,0.055999999998597914,1.5387186380230322E-7,3.608236617602037
-0.008605373825362866,-0.17897014884758747,-0.14990224466070412,0.05599999998105001,5.662535094792725E-7,11.12495664090182
-0.0084874018577,-0.178747629715,-0.14976576433799998,0.05599999999837718,1.6568994265754778E-7,3.8605457592122403
-0.008689124042255005,-0.17913511460229942,-0.1500797491978184,0.05599999999249925,3.5626991217803367E-7,4.27420312648025
-0.008407144659802222,-0.17862389742041324,-0.1500943886243046,0.05599999998121823,5.637227793131503E-7,11.051416994816115
-0.00840443215173,-0.178608245415,-0.149857864505,0.055999999998254286,1.7185042439748662E-7,3.983937520290257
-0.008500886420008937,-0.17878360758360368,-0.15000467219593316,0.055999999981115454,5.652693213653678E-7,11.07036706901354
-0.008587463642868925,-0.1789435997400339,-0.15010920959824445,0.055999999992093194,3.657854818684577E-7,4.648742656971254
-0.00851287552142601,-0.1788112578226198,-0.15024719089499577,0.05599999999192191,3.697285094679142E-7,4.204788012180585
-0.008632256632872495,-0.17902887058087305,-0.15031780468563455,0.05599999999136668,3.822210221555038E-7,4.20618682089913
-0.00841122501231477,-0.17863709771642655,-0.1503499225704092,0.055999999992065626,3.664233721874665E-7,4.189968596150656
-0.008816397068917991,-0.17938915015311327,-0.15002746439383202,0.05599999999328365,3.3712276548723163E-7,3.955261614180921
-0.008763597530929434,-0.17928144047730246,-0.15035811693641168,0.05599999999269961,3.5147830810939586E-7,3.709909931392326
-0.008912187153540587,-0.17958886417087958,-0.15036602050123174,0.05599999999403072,3.17823033966265E-7,3.4615488162474013
-0.009466866888750505,-0.1825429537797825,-0.149175012096648,0.05599999999310872,3.4149020008525356E-7,4.700180635874532
-0.009473925464889912,-0.18225341094879907,-0.14921667911276232,0.05599999999320027,3.3921407936397366E-7,4.631596525226093
-0.008949663722841146,-0.17967642635032188,-0.1499641476301437,0.05599999999417604,3.139253392235801E-7,3.7607137009108005
-0.00909873084903902,-0.18003471964633022,-0.14985174055320066,0.055999999994903314,2.9366845331665163E-7,3.6466666074157374
-0.009494673599879254,-0.18237303466821764,-0.14945274987921311,0.05599999999441096,3.0753666340044317E-7,4.272027115295292
-0.00951817026589034,-0.18220217117207635,-0.14972909418768046,0.055999999995207383,2.847832222925887E-7,3.930091606200783
-0.009483143296028769,-0.18203602376477543,-0.14942910857229422,0.05599999999422772,3.12536828224278E-7,4.318804300581202
-0.00948593596971426,-0.18181720444109867,-0.14965871427439764,0.05599999999496103,2.9200943082033E-7,3.984972194768629
-0.009418317801272752,-0.18127610886525286,-0.1491910719577537,0.05599999999445648,3.0625971157810544E-7,4.414048826764074
-0.009438451873856132,-0.18139538224332655,-0.14954088296362633,0.055999999994204304,3.131708081718124E-7,4.264700865321275
-0.00935888769340538,-0.18090159610294243,-0.14951899470567673,0.055999999995008376,2.906171018518663E-7,3.9668316387012825
-0.009422126576691796,-0.18119851970542852,-0.14987164765053623,0.0559999999948107,2.9633413483723396E-7,3.8506001717063514
-0.009237165451871933,-0.1804298722811994,-0.14970229946078226,0.05599999999524848,2.8354629571047904E-7,3.7573932602810998
-0.009063393541998064,-0.17993698495596558,-0.15030729983683047,0.05599999999475872,2.978129530277881E-7,3.413540886952133
-0.008526305416417291,-0.1788356026458877,-0.15049466601719297,0.05599999999181121,3.7225074782208907E-7,3.8588466514653335
-0.00867788293588442,-0.1791084268236885,-0.1506202210782786,0.05599999999333172,3.35918040970398E-7,3.334140536277055
-0.008417169272240737,-0.17864752111147236,-0.15063782794679187,0.05599999999198591,3.682580547092618E-7,3.755540279776462
-0.008833471867114178,-0.17940632698809117,-0.15071027628710615,0.05599999999456509,3.0326503585620576E-7,3.064748673181302
-0.009031865349167275,-0.17982140268405225,-0.15078849389925816,0.05599999999580835,2.6632867088960193E-7,2.936956953831941
-0.00917899898906555,-0.1802066748071713,-0.15057029586384488,0.0559999999961204,2.5622364575309354E-7,3.0671479345014894
-0.008897709179923932,-0.17949971170780663,-0.15108014189765073,0.05599999999574806,2.68238089648101E-7,2.766622040604846
-0.009338655882387404,-0.18077078536919627,-0.15006312640330752,0.055999999995154155,2.863593634537097E-7,3.607264164041162
-0.009208692162049194,-0.18033058084781986,-0.15014904327864814,0.05599999999504951,2.8943432476445934E-7,3.5288573045125258
-0.009288909282636376,-0.18054334936804006,-0.1504321599129274,0.055999999996139825,2.55582003926044E-7,3.1287772035036605
-0.009408127566522845,-0.18094187270385115,-0.1505404519658155,0.05599999999664498,2.3827260934373258E-7,3.175672923876674
-0.009535091279029177,-0.18199447185968473,-0.15001964363116296,0.05599999999588392,2.63918490328698E-7,3.682362882031775
-0.009449598546387142,-0.1812259818247103,-0.15026924970473948,0.05599999999618862,2.5396155216558504E-7,3.4225446200248903
-0.00948068670480521,-0.18156564857932395,-0.14995883433720467,0.05599999999546812,2.769272336389182E-7,3.7868319989536636
-0.009536140392812049,-0.18170382460413217,-0.15035738983607583,0.05599999999650595,2.4316022079107876E-7,3.4651268002776168
-0.009518355567856027,-0.18136819458147277,-0.1507151116005454,0.05599999999716895,2.1887751530425923E-7,3.178849103210935
-0.009320213250371186,-0.18055904096128284,-0.15082607394561734,0.05599999999701499,2.2474945221624645E-7,2.9443390820286144
-0.009477299003594961,-0.18101129469836688,-0.15104946661262117,0.05599999999758513,2.0215009282158965E-7,2.8982215167927436
-0.008720773813512498,-0.17916959208670974,-0.15095377848182795,0.05599999999462298,3.016454589156763E-7,2.9359275742493693
-0.008555132133483223,-0.1788788621466338,-0.1508015363003091,0.055999999993427065,3.335076892143176E-7,3.1382062862428444
-0.008589788513351983,-0.1789197555448722,-0.15114604607705084,0.055999999994751665,2.9801424452456644E-7,2.7865676480466104
-0.008424868738162611,-0.17865326183590596,-0.1509621635092433,0.05599999999365616,3.276442674101823E-7,3.0896208863503856
-0.008434067375033603,-0.1786517471097436,-0.15132739859147315,0.055999999994877016,2.944340194505307E-7,2.7029203243166244
-0.008632464944525667,-0.1789542885281442,-0.1515399952606373,0.05599999999598002,2.6081854514614716E-7,2.447355411124098
-0.008445726675345199,-0.1786410443871821,-0.15173849517792662,0.05599999999623481,2.5241815912536307E-7,2.429671307754262
-0.008771902774635125,-0.1792212202175243,-0.15135918683786798,0.05599999999594773,2.6186428200532483E-7,2.6524691703358574
-0.008846794439379564,-0.17928170581466385,-0.15180296011741787,0.05599999999722662,2.166362172536854E-7,2.3240557208068275
-0.00920961008345193,-0.18019463399517938,-0.15108108164208817,0.055999999997015416,2.247333089277403E-7,2.739809815944902
-0.008931707026954866,-0.17951194248197166,-0.15143609955067205,0.055999999996755825,2.3430418186803386E-7,2.554410435853556
-0.009068480247996369,-0.1798187465591999,-0.15130536860236304,0.0559999999968884,2.2946618560582119E-7,2.677104613561884
-0.009260748209900829,-0.1801710405780252,-0.15161417807037686,0.055999999997805174,1.9272035606163016E-7,2.502334256690735
-0.009081929120980655,-0.1797380169752258,-0.1517607420749883,0.05599999999770137,1.972248931364105E-7,2.416610369503117
-0.009395584575966481,-0.18061291829436854,-0.1513562078257438,0.055999999997786765,1.935271974321737E-7,2.6598340985480076
-0.008622381706491582,-0.1788932145374095,-0.15188082299366512,0.055999999996819275,2.3200170053334434E-7,2.3157724162369107
-0.00940450692659,-0.182987151712,-0.14744215003799999,0.05599999999502388,2.90184594487265E-7,6.948589461846314
-0.0093945796859898,-0.18301692762666738,-0.14757572035420044,0.05599999993119419,1.0776933008396832E-6,26.123070473043466
-0.0094202198590881,-0.18287957511598746,-0.14748951873426258,0.055999999995224405,2.8423793822612936E-7,6.801904739689707
-0.009385630793310744,-0.18304772995513915,-0.14771224133108898,0.05599999998504465,5.029645691030074E-7,11.699816627915071
-0.009401402379908878,-0.1829519966345977,-0.1477169791401119,0.055999999992843774,3.477584924205351E-7,10.223035905447464
-0.00939400885459566,-0.1829880435042469,-0.1477965363723505,0.05599999997886945,5.979285198188573E-7,11.62451833985478
-0.009378162287011759,-0.18307771739938844,-0.1478435675052496,0.05599999998396751,5.208657459106407E-7,9.818114523025175
-0.009416347401889404,-0.1828586517396689,-0.14765352643237445,0.055999999936299207,1.0370620795462085E-6,24.86655740777442
-0.009432311004153805,-0.18275966370314128,-0.14754393146285746,0.055999999995848336,2.647547492916468E-7,6.361519409288142
-0.00944062681303,-0.182625780382,-0.147606225819,0.055999999996366324,2.4797152677526924E-7,5.994491950856497
-0.00937858595696679,-0.18309589282205188,-0.14761797712041588,0.05599999999018816,4.0737368804245055E-7,12.498627126404772
-0.009380976872034572,-0.18309613452769408,-0.1475222583627173,0.05599999990478413,1.2675496791410226E-6,29.79167280513873
-0.00940450692659,-0.182987151712,-0.14744215003799999,0.05599999999341963,3.3290070060647656E-7,7.871247935303705
-0.009386344558416589,-0.18308914720709868,-0.14739820965387257,0.05599999999202593,3.67208914215596E-7,8.61376572405024
-0.0093642166461542,-0.18317799310705155,-0.14747394721133078,0.055999999916207265,1.1886301783787467E-6,28.269980942570687
-0.009364908251081865,-0.18316320114235365,-0.14759652925741598,0.055999999988542576,4.401263633678881E-7,12.956384774017843
-0.009366340874220695,-0.1831465718051104,-0.1477257031062124,0.05599999998030124,5.773574361350455E-7,11.65148136092384
-0.009368480901819763,-0.18312907891441785,-0.14785301138018256,0.055999999984111114,5.185288331918357E-7,9.721603680799968
-0.00936414876582,-0.18319143839600002,-0.147355325554,0.055999999991470345,3.7992229056624504E-7,8.889121162101242
-0.009338263408047243,-0.18327055548593055,-0.147674425526713,0.05599999997921155,5.931098991267452E-7,12.040637770910331
-0.009342928183277283,-0.18325677250484892,-0.1475579905235384,0.05599999999031502,4.0463447212163606E-7,12.726344952590557
-0.00936414876582,-0.18319143839600002,-0.147355325554,0.055999999993900776,3.2048003891730704E-7,7.622154644844057
-0.009331918215582638,-0.18330288533175665,-0.1474529977359537,0.05599999992736482,1.1070216096914958E-6,26.704856560462797
-0.00933480520374656,-0.18330189281290288,-0.14731061754356842,0.05599999999520331,2.846618041510463E-7,6.862666706135038
-0.00930856679203156,-0.18338093482102105,-0.14757836161525562,0.055999999989247665,4.2638513255813983E-7,11.040854162367426
-0.009304068673560048,-0.18339960344958522,-0.14776815461069032,0.05599999998435279,5.145697497450664E-7,9.579034132256787
-0.00927101300889395,-0.18350658793704605,-0.1476626774782985,0.05599999998320047,5.331808451323825E-7,10.396705191124282
-0.009335444326433425,-0.1832806117609693,-0.14780964704950433,0.05599999998474836,5.080201629302537E-7,9.782724442613981
-0.009346405046310758,-0.18323462693687115,-0.1479256325612648,0.055999999984315305,5.151887734633913E-7,8.814961984287596
-0.00925872211899211,-0.18353960317185503,-0.14753293277266208,0.05599999999099623,3.9012639162481327E-7,10.743678142414788
-0.009299421903166129,-0.18341293983229076,-0.14741955403999082,0.05599999994241792,9.85761018825648E-7,24.03671877932403
-0.009297099715705196,-0.18342506591935887,-0.14726224362260715,0.0559999999961,2.566739792103078E-7,6.245576850632291
-0.00925377401038274,-0.18355094086831475,-0.14738751963951088,0.05599999994782106,9.384687513652417E-7,22.788960756354317
-0.009212050498111253,-0.18367176509297917,-0.14748707988257517,0.05599999999128547,3.8382155734072286E-7,10.60308233464996
-0.009249646660127685,-0.18356256945009322,-0.14720983577424385,0.05599999999686939,2.2988521095621967E-7,5.6533144496268415
-0.009198495901846853,-0.1837020067639732,-0.14735199562654594,0.05599999995857296,8.362253757651376E-7,20.422129861914357
-0.009254624104300503,-0.18357184665601886,-0.14784660020361362,0.05599999998703442,4.6840394124306795E-7,8.410968802992347
-0.00922620088410054,-0.18364275597412874,-0.14765935601276792,0.05599999998513994,5.014598911496229E-7,9.643261445750326
-0.009178253794412911,-0.18377140128398953,-0.1475920327787063,0.05599999998606847,4.855374184098034E-7,9.834393960480863
-0.009311271612083265,-0.18338202421544736,-0.14794835020257427,0.05599999998557038,4.941460370561055E-7,8.38604852103209
-0.009270448748538827,-0.1835380385909111,-0.1480192098285184,0.0559999999873626,4.6244213127311625E-7,7.690012356890351
-0.009171699255423828,-0.18380982216491734,-0.14777734224502279,0.055999999988650864,4.382324580834808E-7,7.966791207909445
-0.009131405843985052,-0.18389676345333392,-0.14761468762841692,0.05599999998718891,4.656019546517935E-7,8.957841876418561
-0.00915251922369021,-0.1838283121645571,-0.1474697176025892,0.05599999999249122,3.5628030312519734E-7,9.461597900362554
-0.00919096393942,-0.18371594474199998,-0.14715309162100002,0.055999999997600615,2.0109447287990805E-7,5.022789954885676
-0.009120968888780544,-0.18389415733045514,-0.147309059781576,0.055999999969721964,7.149397473977578E-7,17.59016933628612
-0.009115511787426906,-0.18389510795206848,-0.1470888567632802,0.055999999998052934,1.8150088020379083E-7,4.584544495021234
-0.009048570763831216,-0.18405709550214241,-0.1472599899809806,0.05599999997481428,6.520041472007717E-7,15.984019537638387
-0.009216589512473363,-0.18371194497084017,-0.1480053197833318,0.05599999998829159,4.451199994199818E-7,7.286722481980013
-0.009073649525538756,-0.18402508459390013,-0.14749903720760316,0.05599999999228191,3.6127068894566883E-7,8.4976683679107
-0.008994993114256679,-0.18418753125376133,-0.1473790556110185,0.05599999999348223,3.319820154044295E-7,8.946273055824019
-0.00913740608177423,-0.18393332182387354,-0.1479589112572751,0.05599999998953256,4.2087015059244406E-7,6.9585417844692605
-0.009088476300740703,-0.18402109478719603,-0.14772857868875894,0.05599999998947123,4.220989147424413E-7,7.756229439645239
-0.008952800537909113,-0.18425392583950362,-0.14720284698719277,0.055999999979429727,5.891846432346713E-7,14.507370450108452
-0.008918680252448578,-0.18434739852887527,-0.14738902490533734,0.0559999999943122,3.101390026451684E-7,7.799258002327346
-0.009022286810514745,-0.18409524511080036,-0.14701975330607325,0.055999999998168015,1.7606272482019933E-7,4.4638703630852445
-0.008822094314404528,-0.18450738328837976,-0.14722645161129233,0.05599999998511842,5.014112662638166E-7,12.308657979755441
-0.008906424040090887,-0.184317845011314,-0.14694651897801242,0.055999999998753214,1.43179744834515E-7,3.6966948102227106
-0.008976941303378663,-0.18426275620292445,-0.14761780827193793,0.05599999998997101,4.1196218821192276E-7,7.914325614896631
-0.009037041582038031,-0.18417834708757988,-0.1478989439583449,0.055999999991055295,3.8905284882838733E-7,6.685450294000224
-0.00884399774235437,-0.18451679387193984,-0.14752780904163065,0.0559999999927942,3.491623163792136E-7,7.065499670708921
-0.008910315016599786,-0.18444483221134825,-0.14782516020953984,0.055999999992188555,3.6357154507564455E-7,6.375981227853029
-0.008724143166644077,-0.18470682332398589,-0.14739927998711547,0.055999999994935344,2.9268537890300396E-7,6.8231902602439565
-0.008647290898453718,-0.1847870790877773,-0.1471342162947356,0.05599999998701374,4.6843039476088834E-7,11.539802668270903
-0.008762847791766235,-0.1845643912795089,-0.1468699534209241,0.055999999999211514,1.1550559231921508E-7,3.0593959979556415
-0.008584889124541587,-0.18483573322200367,-0.14679161351778972,0.05599999999923875,1.1345951386386216E-7,3.0063482692477703
-0.008563467486513468,-0.18496842252907508,-0.14743201440829762,0.05599999999488962,2.939944400246703E-7,6.549365103117147
-0.008720270777249253,-0.18477763413849174,-0.14771912782527788,0.05599999999279296,3.4922573288587633E-7,6.2678640677476665
-0.008503730980692292,-0.18512683647805755,-0.1477495488955253,0.05599999999396526,3.1956400203788333E-7,5.9396825694883475
-0.008459830468219161,-0.18505976206285352,-0.14707259259038477,0.055999999989116166,4.2882639330198027E-7,10.437741345289878
-0.008350893988573794,-0.18527670556503392,-0.1473998434248004,0.05599999999551245,2.754933151161824E-7,6.101236794823485
-0.008220073537083034,-0.18538125543444392,-0.14700511897547988,0.05599999999031646,4.0448666832603344E-7,9.857209398713522
-0.008368708303007108,-0.18513432311217162,-0.14671144431442348,0.05599999999932693,1.0669365363087764E-7,2.8453432847771496
-0.008108933619697653,-0.18546035551815407,-0.14663096933572228,0.0559999999992896,1.0952818418815327E-7,2.909236518882698
-0.007956772383030703,-0.1856930727083638,-0.14690095444913245,0.055999999990411914,4.0243931785065497E-7,9.763486139530182
-0.006935606204878231,-0.18672418743267172,-0.14661926184670923,0.05599999998293592,5.368213970773959E-7,12.759881182928837
-0.007141657579435018,-0.18654095466949747,-0.146703679034996,0.05599999998833755,4.4375720970338604E-7,10.682708930314016
-0.007015140331451097,-0.1865998740664491,-0.14640496766072467,0.05599999999863894,1.5047953767543415E-7,3.849599531320449
-0.0072590164399755075,-0.18636680214766993,-0.1464452002803669,0.05599999999925059,1.1211521214934353E-7,2.944026420731575
-0.0073973941611818975,-0.18630366174202329,-0.14682094320767183,0.05599999999002526,4.1060285500853536E-7,9.613756059161469
-0.007525381498517962,-0.18610063851648662,-0.14649475236962683,0.05599999999939792,1.0092689755761328E-7,2.6784019859555115
-0.007814542486488923,-0.18579540603229389,-0.14655642431235053,0.055999999999293094,1.0924399317818696E-7,2.8884300972279093
-0.00678205067931,-0.18681104072299998,-0.146372125237,0.05599999999874414,1.4258101628866653E-7,3.6540365415063674
-0.0067747961834426105,-0.18689118874923466,-0.1466905254752013,0.055999999992573164,3.5406700619090385E-7,8.961597023412192
-0.006966077722072278,-0.18675858393380204,-0.1468869925114175,0.05599999999489852,2.937421679742638E-7,6.686110706490928
-0.008090821267420919,-0.18561256225082592,-0.1473202578843047,0.055999999995684675,2.701536439910648E-7,5.869253931118393
-0.00783692001632763,-0.18589552815503976,-0.14718728040455192,0.05599999999589509,2.634879742461459E-7,6.041579226619237
-0.00824550332541498,-0.18550171964009413,-0.1477302822417699,0.055999999994741124,2.983146931628144E-7,5.51612313964126
-0.007664693589890791,-0.18602320489010568,-0.14686538201093635,0.05599999999056652,3.9925483232992657E-7,9.552190289476064
-0.0067693394436350125,-0.18698101336904574,-0.14702539103652756,0.055999999993642365,3.2799390536809473E-7,6.379258097794346
-0.007228556185162681,-0.18654814175605428,-0.1471083420708887,0.05599999999515496,2.86274440045562E-7,5.91346304378017
-0.007551118700005554,-0.18624919769625378,-0.14729740285773973,0.05599999999561717,2.722716705558769E-7,5.431581400093107
-0.006994541553054652,-0.18683258642028813,-0.1472801110109733,0.055999999994080306,3.1650116828124274E-7,5.694806138367551
-0.006766307003646949,-0.1870888270674975,-0.1473984017379608,0.055999999994822046,2.960064870214912E-7,5.200458259407499
-0.007006369059279739,-0.1869479098573206,-0.14771499117282638,0.05599999999541325,2.7859690857556945E-7,4.744755282172247
-0.007282853698280901,-0.18662441120267903,-0.14760201874962764,0.05599999999502648,2.901061053100287E-7,4.985164604719128
-0.006767357206623072,-0.18722005948012255,-0.14781316884210638,0.05599999999571235,2.693615852425527E-7,4.5613712134451765
-0.007554559759083934,-0.1864078207463895,-0.14787489320435343,0.055999999995681234,2.7033627367544393E-7,4.72944690900339
-0.007878467008312242,-0.18596124491942975,-0.14765570133613803,0.05599999999510587,2.8778197679689534E-7,5.356040348284859
-0.006960355353360697,-0.18710097548454435,-0.148032184258458,0.05599999999608034,2.575442649171287E-7,4.403441277085055
-0.007222327075305339,-0.1868547784363539,-0.14811843290116433,0.05599999999619313,2.538101027776228E-7,4.35251683101777
-0.007002123169124966,-0.1872021888704263,-0.1484175352062169,0.055999999996660714,2.377137176193186E-7,4.176838909753246
-0.006774462198269916,-0.18737468209693595,-0.14825261812227203,0.055999999996493084,2.4360685254102537E-7,4.162400062685352
-0.00678819313727689,-0.1875422322456704,-0.14867729433604618,0.055999999997007506,2.2503225789475045E-7,3.94852479635067
-0.006912310572325645,-0.18822165717407283,-0.15003708901072463,0.05599999999865664,1.507742068544371E-7,3.2992794718125005
-0.006769275327807356,-0.1879561311188482,-0.14942353628392926,0.05599999999800439,1.8376662115601689E-7,3.547160130456604
-0.006738879964742977,-0.18819743170200293,-0.14975341674439663,0.055999999998343125,1.6744570960523898E-7,3.4883071679927995
-0.006967002639962953,-0.1884179589827627,-0.1503486233634066,0.05599999999904098,1.2739298028390712E-7,2.930811171922153
-0.006715348404411159,-0.18846243056392312,-0.15009021795625982,0.055999999998781504,1.4359581260715805E-7,3.2221531149474973
-0.00707236382341874,-0.1887619124972454,-0.15083293512309032,0.055999999999399364,1.0081747304202785E-7,2.561818632650618
-0.007352538869746842,-0.18892980528877815,-0.15125457452785107,0.055999999999592966,8.299335983349405E-8,2.1593239288129
-0.0066990982529874215,-0.18877430305485396,-0.1504564835023295,0.055999999999184584,1.1746818603379662E-7,2.9347613125476726
-0.00785085513710458,-0.1905652446292065,-0.1526558018012697,0.05599999999987164,4.6606872116486843E-8,1.0075576040639382
-0.007457234867080184,-0.18938277380523658,-0.15169697102277827,0.055999999999737045,6.670616787932759E-8,1.7561709126132066
-0.007848630035991516,-0.1899806115777426,-0.15231658208947438,0.05599999999982238,5.482540457783119E-8,1.167831116254009
-0.006692441192019186,-0.1891414420412472,-0.15085456836677832,0.05599999999947413,9.433411803396595E-8,2.6275125692575325
-0.007031279452969269,-0.189209509053118,-0.1512214466108115,0.05599999999961708,8.049743054514405E-8,2.221117049024271
-0.007659822226588085,-0.19107230069971953,-0.1528793469308867,0.055999999999891664,4.28174943983998E-8,1.0050822216322446
-0.00702583362131667,-0.18960791771830815,-0.1515660455709383,0.055999999999712245,6.978150931037535E-8,1.916422431069281
-0.007350728454583611,-0.19056432979492274,-0.15245812955515178,0.0559999999998406,5.1936436015557516E-8,1.226785332058738
-0.007200265737343434,-0.1899947487901529,-0.15198558838131593,0.05599999999978644,6.011521438341587E-8,1.5168317800118292
-0.006697675385537367,-0.1895699487139809,-0.15128615033750886,0.05599999999965444,7.647065777439874E-8,2.1979177225167708
-0.006719959855646635,-0.19006737154325884,-0.15175079493688995,0.05599999999975058,6.496671047484678E-8,1.6886584039115167
-0.0067646786640424205,-0.19063307757917772,-0.15223885875802537,0.05599999999982035,5.5136589522802305E-8,1.3706076645373082
-0.00840443215173,-0.178608245415,-0.149857864505,0.05599999999807082,1.8068218069041313E-7,4.171331227648623
-0.008293898962915366,-0.17843052317344568,-0.14997670722418815,0.05599999999837215,1.6553458106942795E-7,3.837364106384563
-0.008299666085251092,-0.1784518069639593,-0.15026252409102114,0.055999999980621495,5.726398426890307E-7,10.580445812511734
-0.008167997452937975,-0.17823832989999028,-0.15010712117917457,0.055999999998751326,1.4528488236562655E-7,3.3795739296797422
-0.008309781209111982,-0.17847324161350975,-0.15053829717611877,0.0559999999925043,3.561473303360768E-7,3.6572526083776578
-0.007671596104982445,-0.17760042003728566,-0.15081022348892445,0.05599999998183983,5.543506226066524E-7,10.725025295824663
-0.00752215050791,-0.177412361785,-0.150698739246,0.05599999999833257,1.6663500135478643E-7,3.809212931505703
-0.007685472976725255,-0.17759369893890345,-0.15056245067564006,0.05599999999846122,1.5867737063913946E-7,3.6320315493891226
-0.008177224660459928,-0.17826536499676218,-0.15042096756713152,0.05599999998160118,5.579821858372152E-7,9.955344120593692
-0.008020258697839304,-0.1780250350546301,-0.15025423521580777,0.05599999999909524,1.230209305671183E-7,2.8763872095020613
-0.008202797938326957,-0.17830917189639225,-0.1506718513970511,0.05599999999331791,3.362565828174482E-7,3.222389553786839
-0.008043288894565606,-0.17807583050148323,-0.15065253856972902,0.05599999998347181,5.288515989692631E-7,8.764844250909082
-0.007853930306164613,-0.17780080035702645,-0.1504121714978489,0.055999999999224115,1.1443025719515837E-7,2.684105874898959
-0.008302918000670722,-0.17846248041039328,-0.1508124154230817,0.05599999999226643,3.6175533363841116E-7,3.6781347131968634
-0.00815050727671516,-0.1782350351219493,-0.15092329824320244,0.055999999992859435,3.4761050134750193E-7,3.2900220395352893
-0.00738903485947,-0.17727739890799998,-0.15080361100200002,0.0559999999988172,1.414769368333647E-7,3.2774658601293627
-0.007515681164536372,-0.1774406408142333,-0.15098910146170103,0.055999999986751,4.734784516732561E-7,8.389680311172244
-0.0077153360849970265,-0.1776694715533755,-0.15098837108275087,0.055999999993963955,3.195586310937795E-7,3.639074266487895
-0.007656182341427493,-0.17761979516582285,-0.15118822735996656,0.05599999999246741,3.5702550437188654E-7,3.869290798870464
-0.007855501886591117,-0.17782668423752754,-0.15077027784315458,0.05599999998461906,5.101592445980528E-7,8.764075676703651
-0.007989105899251352,-0.1780110839822575,-0.15092419355731118,0.055999999993663244,3.274567399118562E-7,3.133044408395432
-0.007840379684286705,-0.1778304319982034,-0.15111148754689815,0.055999999992515315,3.558883086613191E-7,3.566523363599096
-0.008054277623827754,-0.17810884549982858,-0.15125310991068464,0.05599999999329113,3.369371699231109E-7,3.1196068401543764
-0.008271000486138767,-0.1784100111787987,-0.15115068550099842,0.05599999999381136,3.236115404666229E-7,2.976590905018577
-0.008245315046729441,-0.17836713021174072,-0.1515050452809948,0.05599999999483782,2.955585067692659E-7,2.6285393822759926
-0.007817862859913795,-0.17782376156716873,-0.15140887218957666,0.05599999999355478,3.302504024292946E-7,3.048820452645064
-0.008004342213815204,-0.17805654067314208,-0.15165220186317177,0.05599999999471711,2.989935669191304E-7,2.657462542504699
-0.008219713396014494,-0.178322706342641,-0.1519189707592838,0.055999999996298455,2.5027517775015394E-7,2.3664418487953367
-0.007207262588307542,-0.1771088920163944,-0.1509391785510512,0.05599999999857824,1.5487809715192187E-7,3.560770142222472
-0.00738903485947,-0.17727739890799998,-0.15080361100200002,0.055999999998533403,1.5737632813071515E-7,3.6218708245043207
-0.007352770736068558,-0.17727985239880087,-0.15108563620548046,0.05599999998627391,4.819399239661327E-7,9.065419583291858
-0.007148047349108161,-0.1771044817471753,-0.15127030449541048,0.05599999998697142,4.695364772401198E-7,8.447365853202848
-0.006996652071009091,-0.1769303794784486,-0.15108816077410916,0.05599999999885489,1.3913987889827634E-7,3.209752642774879
-0.006947815746114555,-0.1769439459670168,-0.15142719121863532,0.05599999998733624,4.629213476459273E-7,7.947168719302209
-0.006750211679637703,-0.17673877872095406,-0.15125413298152526,0.05599999999911116,1.2227799525406236E-7,2.8380932980220415
-0.006492247113756189,-0.17655586095727718,-0.1514193279007749,0.0559999999989317,1.330658186700038E-7,3.062852790187765
-0.006704793142840728,-0.17677325501450405,-0.1516554509122175,0.05599999998633388,4.808921478124988E-7,7.754991216702233
-0.007478039038058753,-0.1774391698805618,-0.1513029866539929,0.055999999993568556,3.2990044996668725E-7,3.4658089586280476
-0.007615440495300932,-0.1776096874231106,-0.15153885143240126,0.05599999999344974,3.3293024893242393E-7,3.038391756219527
-0.007156763990986382,-0.17716337193247125,-0.15161422774546604,0.05599999999395581,3.1981394167000354E-7,3.188082185804286
-0.007320898101950046,-0.1772869038042053,-0.15136338619400175,0.05599999999372883,3.257613709911096E-7,3.6661043448544524
-0.007414126378546317,-0.17740821773662208,-0.15158956884754327,0.05599999999313852,3.407476609116851E-7,3.354556809708033
-0.007513124415593954,-0.17753735229106388,-0.15189977676640998,0.05599999999438732,3.0818531817252665E-7,2.6044161423965
-0.007312517904228714,-0.17733660351342476,-0.15183311975138206,0.05599999999392459,3.2063711860552767E-7,2.8422012641621155
-0.006425057446171123,-0.17656295275963804,-0.1517191640775895,0.05599999998426634,5.15969190252805E-7,9.009011259047503
-0.006253327048777945,-0.1764014419707323,-0.15156507275835743,0.05599999999791592,1.862782640620095E-7,4.209672660025887
-0.0062025253913715085,-0.17641104752038206,-0.15177923614983208,0.05599999998267952,5.412757780445876E-7,10.20583069905024
-0.00603101621334,-0.176271665908,-0.1516939642,0.05599999999677685,2.3321420046001954E-7,5.1850385138113095
-0.006047856685028066,-0.1763230258543859,-0.151862921325704,0.05599999997731905,6.194310201372654E-7,11.976617261934981
-0.005855101891129999,-0.176179844729,-0.151790692108,0.055999999997610767,1.9487090471862518E-7,4.352075995618395
-0.0065742216408398784,-0.1767238120186685,-0.1519703628874413,0.05599999999315287,3.4039453610876155E-7,2.975190716482404
-0.007769640724482253,-0.17779537966088146,-0.15180785265609623,0.05599999999458035,3.0283925281462924E-7,2.5787650670448143
-0.007950429867209742,-0.17800267875142053,-0.15208885750968665,0.05599999999581307,2.661792920090058E-7,2.3385811152949896
-0.005949721802704657,-0.17629392839236077,-0.15201131920793437,0.0559999999860658,4.85582088009577E-7,7.736491899223599
-0.006141850592996993,-0.17642209836921968,-0.1520227405749445,0.0559999999917408,3.7383828282882495E-7,4.001531611790419
-0.006951272032749195,-0.17700741273064752,-0.15181867473311467,0.055999999994227924,3.125317614272938E-7,2.7444680065978733
-0.007139698916431379,-0.17718827230730969,-0.15193128269560874,0.0559999999936114,3.2879729259962135E-7,2.922754530663141
-0.0063505302590749334,-0.17656405289489896,-0.15200655449560843,0.05599999999193168,3.6950372188222475E-7,3.5932062862048153
-0.006049335106805821,-0.17640786849263054,-0.1522360654938326,0.0559999999907344,3.9597036911871747E-7,3.780166664664383
-0.00622723679240938,-0.17651373889575953,-0.15218541685849016,0.05599999999060655,3.9869241521861884E-7,3.693655736857168
-0.0069706397251352486,-0.17707598167619634,-0.15220720874906465,0.05599999999407431,3.1666053816845534E-7,2.679099812635015
-0.006764257075193494,-0.1768737859589464,-0.1519707513211446,0.055999999993027814,3.43489166436292E-7,3.160681926018683
-0.006651632184715081,-0.17683354651341618,-0.15227873494782274,0.05599999999307174,3.424029639175679E-7,2.9740826237869253
-0.006410782668089852,-0.17665820966574167,-0.15227931649259296,0.05599999999184819,3.7140972399123243E-7,3.2598823241508157
-0.007305092288947296,-0.17736513934230316,-0.15219591902225102,0.05599999999500211,2.908167552823628E-7,2.40128393924467
-0.007632108605001071,-0.17767443242011063,-0.15219142070751993,0.05599999999551406,2.7552016702095156E-7,2.3106920272172324
-0.006907923776991822,-0.19414551625950444,-0.15487246891629539,0.055999999999979407,1.8668437682644458E-8,0.6698579677817831
-0.00622208003084568,-0.19199290725379553,-0.1531430803576732,0.05599999999990449,4.0204514507137206E-8,1.1090416089364494
-0.006823995119640596,-0.19355665840453842,-0.15437787211773646,0.055999999999970775,2.2242998385434837E-8,0.6974889551436646
-0.00652115697941764,-0.19249364997999976,-0.1535708826323079,0.05599999999993447,3.330064696673202E-8,0.9094686222251464
-0.006548627888023297,-0.1930949306083096,-0.15403707809051725,0.05599999999995658,2.7106742397347602E-8,0.7870755596717783
-0.006373746727641615,-0.19361531604873589,-0.15452721753409146,0.05599999999996946,2.2732064661274703E-8,0.7877698338767388
-0.006227964541371419,-0.1909580494762602,-0.15229211707318593,0.05599999999981736,5.559439918004639E-8,1.7154739535101975
-0.0059129038848779875,-0.19154998008138865,-0.15269362134434725,0.05599999999986188,4.834409260745928E-8,1.3582040444581738
-0.00584873482939261,-0.1923391338793026,-0.15339152689817118,0.05599999999992222,3.62788187200456E-8,1.032040512086354
-0.005716919188631779,-0.19196675506968466,-0.15303219859143674,0.055999999999893336,4.248521206407305E-8,1.2743590581410118
-0.005559818994512291,-0.19120083712282762,-0.15223481115731405,0.05599999999981298,5.6257237007352284E-8,1.8434981979528084
-0.0057162595393707265,-0.19068161398600175,-0.15175472881599816,0.05599999999975058,6.496691504595958E-8,2.1966964859884155
-0.006101233752532283,-0.19272608758826124,-0.1537458030238983,0.05599999999994112,3.1565427822842526E-8,0.8626756740277399
-0.0059283887719694915,-0.19310990948891757,-0.1541305418009297,0.05599999999995633,2.7185342815452344E-8,0.8356052344084745
-0.005544764959322474,-0.1926282834512473,-0.15368793291262187,0.05599999999993252,3.379345758471869E-8,1.0148103573248026
-0.005400861413474794,-0.19168164227324744,-0.1526864301648513,0.055999999999854194,4.967249543957831E-8,1.5558590593987105
-0.0052051339924399425,-0.192163371049001,-0.15318931763599908,0.05599999999989872,4.1398969902163945E-8,1.3537816722205547
-0.006771142695599078,-0.19455811562853412,-0.155358410124482,0.05599999999998144,1.772078832322755E-8,0.6622373107327233
-0.006177896674432492,-0.19416204196752548,-0.15521183378041428,0.055999999999975944,2.0177264928054912E-8,0.7936116468486267
-0.0053269720546387294,-0.19386157594217832,-0.15532029721704463,0.055999999999970684,2.2273614050165233E-8,0.9042195088859429
-0.005676281316487711,-0.19354796024947907,-0.15471653021240073,0.05599999999996707,2.3607568431465246E-8,0.8926882142473299
-0.005326745032323375,-0.19303035210344047,-0.15422304477929796,0.05599999999995101,2.878994853296768E-8,1.0073479926198563
-0.005045907956640132,-0.19335464517385886,-0.15477931477776627,0.05599999999996099,2.5692233557253292E-8,1.0277605258587885
-0.004630559250130414,-0.19358189734717318,-0.15535152642610778,0.055999999999965445,2.41814131844968E-8,1.119466320326425
-0.004718312999925882,-0.19289129808999775,-0.1542879872008436,0.05599999999994518,3.045929120756624E-8,1.2495533385264586
-0.004964834492980838,-0.19257222580176964,-0.15375676335544644,0.05599999999992822,3.48528272002884E-8,1.3507449718172575
-0.004442437894539771,-0.19316276581800054,-0.15482073963699952,0.05599999999995557,2.7420022599761415E-8,1.260347099512013
-0.006518594308694841,-0.18806668710174096,-0.1491686976297909,0.05599999999770247,1.971786464098276E-7,3.6084148023231215
-0.006481255871051128,-0.18829022814815546,-0.14948994197560714,0.05599999999806607,1.8090470511822235E-7,3.5143058920776564
-0.006422691622537245,-0.18851645310328888,-0.1497553492864174,0.05599999999842581,1.6321434433425405E-7,3.4411259671259224
-0.0065347376101021985,-0.18784921369310015,-0.14877828600288087,0.055999999997322934,2.1284282558163965E-7,3.755067368608644
-0.006302694688498781,-0.18828813147009002,-0.14918598767798705,0.0559999999978788,1.894607486532037E-7,3.6154791943213906
-0.006285208824779347,-0.18818999538035933,-0.1489701292613632,0.055999999997516474,2.050041978044433E-7,3.736223541645165
-0.006115518482973017,-0.18840389873258784,-0.14905849707689595,0.05599999999786247,1.9018911188207665E-7,3.5928131280513567
-0.006227306832635265,-0.1880259132349098,-0.1485103636234017,0.05599999999713909,2.2002879719503666E-7,3.8583399440971236
-0.006133514829553223,-0.1885664815151748,-0.14938245284615853,0.055999999998083014,1.80110067872345E-7,3.5701601048344074
-0.006143840987416193,-0.18876674029886098,-0.14972535701040246,0.0559999999985367,1.573603140038549E-7,3.4527703048962826
-0.0063755884804931485,-0.18881473996989515,-0.15011671877529148,0.05599999999889136,1.369694001805223E-7,3.250744372253211
-0.006310463625196292,-0.18918751875236184,-0.15051818665931188,0.055999999999291276,1.0951373161845626E-7,2.953613668890464
-0.005839251507255005,-0.1886429603597921,-0.14900384410843423,0.05599999999781629,1.9223209302639092E-7,3.5891371860836285
-0.006034328431704139,-0.18837149224938135,-0.14883942054889723,0.05599999999758369,2.0221107037453785E-7,3.5952296608329
-0.005866139077545574,-0.18827930067230586,-0.1482866244160625,0.0559999999970074,2.2503655159182167E-7,3.8432278057040747
-0.005806923787128763,-0.18844774031617859,-0.14854034194962817,0.05599999999747454,2.0672765711964152E-7,3.707712324044594
-0.005450366209199372,-0.18881614850887493,-0.14864419305846188,0.05599999999748727,2.0620585404800224E-7,3.483744229644189
-0.005451304754224169,-0.1886011684960055,-0.1481584729909978,0.0559999999969328,2.2782234948261487E-7,3.73840563878289
-0.005840585393152921,-0.18892060039544856,-0.1495099292922988,0.055999999998412854,1.6388396696236717E-7,3.5004715820801935
-0.005918021432249482,-0.1891495809943072,-0.14998892599145366,0.05599999999900335,1.2986795689395157E-7,3.2303935753934927
-0.005458705949801488,-0.18904914416554772,-0.14913201609540633,0.05599999999814406,1.77218923064079E-7,3.3280877053641
-0.005476913582117859,-0.18930250430433876,-0.14962438058227967,0.055999999998732265,1.4646802456713223E-7,3.1463590892762494
-0.005920695302517203,-0.18953697148365015,-0.15053878749223285,0.055999999999391425,1.0148193960966734E-7,2.8753175805990807
-0.006307839502636613,-0.18957109024781438,-0.1509607772827396,0.055999999999559014,8.638564729055262E-8,2.47724914765065
-0.005507559979324388,-0.18958681313245362,-0.1501351103373588,0.055999999999210986,1.1555025120327687E-7,2.950103084150672
-0.005554537911857369,-0.1899060284448519,-0.15065919879461342,0.05599999999950287,9.172017972803286E-8,2.7642729226835683
-0.00591187878651503,-0.18985012434540746,-0.15092907988902837,0.05599999999960529,8.172765872715169E-8,2.6459762206310655
-0.006163503780574476,-0.1900746054665836,-0.15138926094334865,0.055999999999695814,7.174585626794916E-8,2.241318447436686
-0.0062909278973770355,-0.19050312451878423,-0.1518992171869593,0.05599999999976798,6.266072083289517E-8,1.786097019325299
-0.005622909445867984,-0.19026869384230094,-0.15119778231898567,0.0559999999996561,7.628583116261897E-8,2.4072904055746234
-0.006665735530902088,-0.18694610291557565,-0.14649645070794184,0.055999999978951776,5.950251135764891E-7,13.939495638001018
-0.00678205067931,-0.18681104072299998,-0.146372125237,0.055999999996776226,2.2233273132957767E-7,5.257239862710601
-0.0065856174195,-0.186985264693,-0.14634625246,0.055999999997123184,2.088338540152643E-7,5.072781139519193
-0.006502566529591788,-0.18712684112645322,-0.14661904056262987,0.05599999998757406,4.5770340895330155E-7,11.049626929231206
-0.006585877711774474,-0.18711431779337528,-0.14687330468403045,0.055999999994195415,3.133782742679451E-7,6.535685151494126
-0.006104666622488635,-0.18739785645194992,-0.14628968507172785,0.05599999999931166,1.077570850630659E-7,2.834067474858431
-0.00623443448658065,-0.18736801948766804,-0.14661695213670492,0.05599999998754882,4.5878501933618455E-7,10.71465299495292
-0.006347578512694947,-0.18719131591689356,-0.14631736630852368,0.05599999999918908,1.1712685467300323E-7,3.07084704139591
-0.006366113940718475,-0.18731672038078517,-0.14686599214713375,0.05599999999490667,2.9352484212472066E-7,6.056050469491517
-0.006551619521536756,-0.18723154060856387,-0.14718031490455308,0.05599999999394676,3.2005167207730445E-7,5.6372893532701225
-0.006130199663217817,-0.18754091239349097,-0.14690024196609097,0.055999999995274635,2.827211819252266E-7,5.617954386099602
-0.005978982252998788,-0.18759742222745812,-0.14662023668034607,0.05599999998950378,4.212549132235106E-7,9.81438003354559
-0.005833688707856615,-0.18762678578319578,-0.14625951238522558,0.05599999999922169,1.1418098121769719E-7,2.984856782951207
-0.006317342822816687,-0.18746849604390795,-0.14723398312894279,0.05599999999446759,3.059736323945322E-7,5.229945626668236
-0.006059327560681516,-0.18769773251180855,-0.14720286294109425,0.05599999999472929,2.986501564715318E-7,5.083084938575435
-0.006506019601469922,-0.18737506841502988,-0.14750738358655607,0.05599999999518301,2.855042478536796E-7,4.807267194926708
-0.006434786681710852,-0.18756225634232765,-0.14785543404749563,0.055999999996048794,2.585779729867785E-7,4.289141616907954
-0.00621124634646982,-0.18767855505717937,-0.14757759152319036,0.05599999999580901,2.6630604433862615E-7,4.45875317812884
-0.006116078345368829,-0.1879188232161339,-0.14799041669053264,0.05599999999657757,2.406532539212532E-7,4.041917463235114
-0.0063991479221766154,-0.1877297790405008,-0.148205620718995,0.055999999996693084,2.365586644552861E-7,4.029848307992256
-0.006532875875536127,-0.18773115639489638,-0.14851942268572974,0.0559999999969068,2.287872252234148E-7,3.901915724149486
-0.005729595332071354,-0.1877937494544685,-0.14653251443724813,0.05599999998934098,4.245031145820922E-7,9.821818666293826
-0.00552663741115,-0.187882363484,-0.14622717349699998,0.05599999999927899,1.0870897489792958E-7,2.832793465566227
-0.0055026000848240495,-0.1880260009193737,-0.14665406130337913,0.05599999999432276,3.098561948044898E-7,7.11037660168443
-0.005813926101087918,-0.18784322796764766,-0.14695083765885633,0.05599999999586238,2.645615964265438E-7,5.108654968370284
-0.005809125699736359,-0.18800596352425245,-0.1474349567553604,0.055999999995796516,2.667022869892136E-7,4.494810825177664
-0.00574213254838175,-0.1882459971922112,-0.1479199505002333,0.055999999996594496,2.40058161265701E-7,3.9802604751120585
-0.005480738302497677,-0.18819074092769086,-0.14711682541056165,0.055999999995439274,2.777985429505412E-7,4.934478681929509
-0.005462407238845691,-0.18838409656302255,-0.14762669660330402,0.055999999996348214,2.485849698139114E-7,4.1168964240504184
0.0032407404672605464,-0.18833084587657745,-0.15520999200139404,0.055999999999769866,6.240592942011843E-8,1.5061180214174341
0.003009720567577545,-0.18871767450381535,-0.15533108036818777,0.05599999999982754,5.4022567668859465E-8,1.5077983394253571
0.003308662653266452,-0.18808590108248702,-0.15537301315976867,0.05599999999975809,6.39831233663921E-8,1.4340083542407993
0.003434227464605554,-0.18779598773368514,-0.15529439177628504,0.05599999999972014,6.881730422888228E-8,1.472008793790112
0.0034237258514391005,-0.18797579633570077,-0.1550998865615139,0.05599999999970101,7.113025665119847E-8,1.5058352859886348
0.0035730537522530425,-0.18763443348000078,-0.15499002022000052,0.05599999999963718,7.835643329172948E-8,1.545413470581767
-0.005597565752150148,-0.17606050895812073,-0.1519250025740324,0.05599999999731884,2.0841775125728383E-7,4.661518511254976
-0.005855101891129999,-0.176179844729,-0.151790692108,0.05599999999866601,1.4943396497842016E-7,3.421649310670985
-0.005711857954243009,-0.17617599769549366,-0.1521192179149347,0.0559999999794661,5.894614486692608E-7,10.371547048332603
-0.005502588979400683,-0.1760618769291265,-0.15212934064224629,0.05599999997752788,6.165710226881143E-7,12.123554576987214
-0.00533797052981,-0.175954904723,-0.15205328288699999,0.05599999999606026,2.580731092930262E-7,5.710132730844111
-0.0058726678714462344,-0.17629819646352307,-0.15223334868314367,0.05599999999164187,3.760739702529691E-7,3.364533923263264
-0.0051049174190299995,-0.17587250187,-0.152162446546,0.05599999999634625,2.4865566425270577E-7,5.517972394856354
-0.004942806925400553,-0.18912909030939673,-0.14850908474391938,0.055999999997209324,2.1731150057392525E-7,3.5401383177100074
-0.005057504351033882,-0.18922416175752577,-0.14888584589553658,0.055999999997845794,1.9092942858060145E-7,3.361041213568372
-0.005036486288368671,-0.18892535231036775,-0.1481753508789246,0.055999999996905754,2.2882527253412706E-7,3.5809777581000297
-0.004667593857303885,-0.18919933087493118,-0.14827610380500506,0.055999999996776635,2.3355144385088673E-7,3.6373520152816154
-0.004692187268347057,-0.1893447169204495,-0.14865573082571137,0.0559999999973256,2.1273667023699458E-7,3.4767059233514153
-0.005079973557071106,-0.18940997659625433,-0.14929249190401386,0.05599999999839043,1.6503768569120855E-7,3.1838943797070023
-0.004394531730908399,-0.18954079177636324,-0.14875183119190916,0.05599999999738994,2.1016156044262132E-7,3.4391293881598166
-0.004726720839131748,-0.18948258008172125,-0.14900272858119842,0.05599999999799012,1.844224534390049E-7,3.264696333764263
-0.004662217798518469,-0.18971460540561427,-0.149409641177606,0.05599999999857319,1.5538605948846875E-7,3.1111518343507574
-0.004419053450976544,-0.18966658139652978,-0.14906380516033096,0.05599999999803377,1.8240908567758424E-7,3.2263000411302962
-0.005108014420910184,-0.1896498570197896,-0.14977115003592534,0.05599999999893752,1.340881343948774E-7,2.959263340349887
-0.0042159071339228,-0.18986374195777966,-0.14931173629020722,0.0559999999983655,1.6631117314658403E-7,3.2248340225014522
-0.004338332601822009,-0.18942914051282003,-0.14841374811892755,0.05599999999684715,2.3098342182810895E-7,3.577357120468213
-0.00405054531592373,-0.1896173428551038,-0.1485784553406899,0.055999999997058736,2.2309808472152923E-7,3.4763541811521144
-0.0037841900689918875,-0.18978288740000585,-0.1487745619679975,0.05599999999748349,2.0636063435492345E-7,3.4038445709226544
-0.004105008725664768,-0.18973913288463948,-0.14893070825167518,0.055999999997766635,1.9440548089087378E-7,3.341608488023636
-0.0038506438590551434,-0.1899081440175284,-0.14913672641289258,0.05599999999804867,1.8171628604674856E-7,3.2306562109459516
-0.003924263480868281,-0.19004557947946324,-0.1495064956361936,0.055999999998611404,1.5329102663548695E-7,3.1039211854848396
-0.005175131078272109,-0.18990181229272377,-0.15026668940844426,0.055999999999316874,1.075179827197452E-7,2.7492988735121284
-0.004339003435388371,-0.18999373950198206,-0.14968096563909236,0.055999999998865936,1.3853129861695866E-7,3.0400841856806444
-0.0044439377776012996,-0.19018887597445383,-0.1501288118167162,0.05599999999922262,1.1469521517066738E-7,2.7610622958341318
-0.004795701602270765,-0.18991699004511567,-0.14992013297359338,0.055999999999054334,1.2650206013732454E-7,2.8258137259593616
-0.004807433185428285,-0.19012362705680705,-0.15028698978470062,0.05599999999936206,1.0390084121622682E-7,2.6367976079973223
-0.004609462237245074,-0.19036914591330553,-0.15055104473754716,0.05599999999942576,9.857724624888158E-8,2.573335040453228
-0.005131194358508891,-0.190229966043356,-0.1507269036485651,0.055999999999559,8.63870540502404E-8,2.5585023512119025
-0.005176139066019826,-0.19062202142348586,-0.15130823526608853,0.05599999999969583,7.174312189035811E-8,2.4124294343569566
-0.004745232860125442,-0.19054268799155136,-0.15091308785589708,0.05599999999960703,8.154670906852176E-8,2.315189078725625
-0.005188023832815139,-0.19102668422999353,-0.15183624430815776,0.05599999999977511,6.168971833929092E-8,1.9539567625226633
-0.004012252295984422,-0.19020784315952674,-0.14990847476565433,0.05599999999901081,1.2938049305741912E-7,2.880262965995571
-0.004122029551965972,-0.19040700868813204,-0.15035754188411002,0.055999999999326644,1.067460054729132E-7,2.620699183343953
-0.004259966972490566,-0.190651834063448,-0.1508575282605931,0.055999999999550465,8.721800433110928E-8,2.4812547897428376
-0.005157117788994399,-0.191327711255555,-0.15219242592153395,0.05599999999982217,5.485804251167093E-8,1.7353991812026568
-0.004910598291015956,-0.19172347306008192,-0.15262321445650354,0.055999999999852806,4.99089202362389E-8,1.6459119486208402
-0.004433395175182424,-0.19095082663093466,-0.15141258701881552,0.055999999999715055,6.943882653093762E-8,2.2435367897629246
-0.004653589392068327,-0.19131611614987082,-0.15202184370750266,0.05599999999979697,5.8614871924019243E-8,1.9662894002326325
-0.003917273356822328,-0.19278004672661953,-0.1544729013172052,0.05599999999994229,3.124895559673916E-8,1.4365286162477071
-0.003922068991996237,-0.1932154067542473,-0.1552086465211835,0.05599999999995694,2.699267101076994E-8,1.3345238404552904
-0.003383213771095204,-0.19274747625049957,-0.15469082580647447,0.0559999999999388,3.218230101561199E-8,1.5234988806436147
-0.003372420415489411,-0.1923786555684798,-0.15401425494357268,0.05599999999990311,4.0491960302341095E-8,1.6949979432633242
-0.0031354117820763276,-0.19293236974657346,-0.1551881139005986,0.055999999999948584,2.9498589427124513E-8,1.5027955547385747
-0.0025900618946262627,-0.1926194206038613,-0.15486166882340607,0.0559999999999351,3.313838016541766E-8,1.6542046027604584
-0.0025045131759956303,-0.19287247249793335,-0.1554651168913544,0.05599999999995145,2.8662202820935836E-8,1.5448483143089875
-0.0026902907751124657,-0.19232336459081897,-0.15419136073823367,0.055999999999908366,3.938004901343614E-8,1.7438201611151303
-0.00280926278235964,-0.19197898135600167,-0.15344088954999893,0.055999999999868835,4.711206627047133E-8,1.998028236426713
-0.005184866309584766,-0.18814985736251194,-0.1461994011486406,0.05599999999902928,1.2780481980271807E-7,3.265396046718601
-0.005283795521463791,-0.1881544549685568,-0.14648663369475126,0.05599999999049574,4.0065257593638063E-7,9.277150608626233
-0.00552663741115,-0.187882363484,-0.14622717349699998,0.05599999999928382,1.0533501456955697E-7,2.7111756192652425
-0.005028555051182824,-0.18834793421289003,-0.14648655146624623,0.05599999999301138,3.4352215371861356E-7,7.984732770152349
-0.004804993611370996,-0.18841805160005748,-0.14618261769299523,0.05599999999937469,1.0241315274363978E-7,2.6708106188367524
-0.005241005684351574,-0.1882862591158858,-0.14681168761333338,0.05599999999648945,2.4367276542645794E-7,5.170820750735682
-0.004903778739837862,-0.1885709310945017,-0.1469333479245177,0.055999999996334336,2.490152468864519E-7,4.752882665061001
-0.005146563176305177,-0.18851233099619027,-0.14728319559715497,0.05599999999566824,2.7074357639145374E-7,4.509042318258993
-0.004667360947267134,-0.18861569500848735,-0.146571298148731,0.05599999999266645,3.5213314310188513E-7,8.00564350401925
-0.004400662730355402,-0.18866542278733192,-0.14618318442886194,0.05599999999953703,8.849189597195888E-8,2.330225129783234
-0.004681882121393394,-0.18884739992959762,-0.14734251460654116,0.05599999999561055,2.7253995358959186E-7,4.412578745368194
-0.004439435721013964,-0.1891055696411066,-0.1476860810692292,0.05599999999592888,2.6247196481787016E-7,3.8929984022911484
-0.004760449723002647,-0.18898075668505154,-0.1478553064095884,0.05599999999627731,2.5098851164273866E-7,3.8476752461308297
-0.004243450753073904,-0.1891058799123745,-0.14738645012054985,0.05599999999540813,2.7875406556878194E-7,4.305274637861726
-0.004561105486689819,-0.188767305964503,-0.14686404990993948,0.05599999999651907,2.4267720001754794E-7,4.8661428409540415
-0.00510146303085489,-0.18870089796429787,-0.1477184145395899,0.05599999999651983,2.4267451245405815E-7,3.8639769303570097
-0.0043257725125569945,-0.18882814245426305,-0.1466197081618154,0.05599999999125558,3.846123644277455E-7,8.607816174416811
-0.00397792448391,-0.188879744832,-0.14620520708600002,0.05599999999962163,7.974367740304468E-8,2.116620584329234
-0.004299696417073886,-0.18896425127818853,-0.1470300271765135,0.05599999999597519,2.609536153277487E-7,4.498101823447958
-0.003931001649562903,-0.18902344951110647,-0.1466570279509016,0.05599999999386283,3.2221853064360083E-7,6.950558999306909
-0.004414602813700956,-0.18925155397577592,-0.14805183207951175,0.05599999999610867,2.566117216524237E-7,3.7145147953105138
-0.004128512799131341,-0.18929361086530438,-0.1477855189551323,0.05599999999561297,2.7246570333722804E-7,3.8545252253095956
-0.00385209142778184,-0.18933127195781374,-0.14756967791723116,0.05599999999525216,2.834473692262869E-7,4.136632673878972
-0.0041056431400362525,-0.1894564787671557,-0.1482133212680078,0.055999999996078166,2.576158261038773E-7,3.6295531222801656
-0.0038892622212974262,-0.18917211510381093,-0.14710739002202927,0.05599999999480167,2.9658559440658867E-7,4.810574722364107
-0.003822203970421668,-0.18949067975595527,-0.14801231517113336,0.05599999999578852,2.6695924610246427E-7,3.7449474782692262
-0.0038002224871109256,-0.18964042209447782,-0.14841044994189856,0.055999999996662365,2.376555336284201E-7,3.54624158713831
0.0034504071035465563,-0.18769404026249006,-0.1553417678746875,0.055999999999723,6.846515514956041E-8,1.4636295627773188
0.0035667694462478646,-0.18727971278322333,-0.15527001572430033,0.05599999999966806,7.49486119173582E-8,1.5082616831730276
0.004365817301457582,-0.18131787493353166,-0.15234441813319888,0.05599999999941544,9.924307669491653E-8,2.4487855534101186
0.004229215157187674,-0.18088656489309654,-0.15251244837607972,0.05599999999958926,8.311744264115348E-8,2.0776907169073193
0.004176948945570831,-0.18134211255188964,-0.15274030151504342,0.05599999999314053,3.406904732790059E-7,6.653971066221648
0.002899636624415589,-0.18097705028004096,-0.1552813096441999,0.05599999999924884,1.1274346371525924E-7,1.7651447136185612
0.0037939111581985034,-0.18052424121842406,-0.15323448082252147,0.05599999999657275,2.408191540354173E-7,4.465754870901878
0.0040124786366948,-0.18097480332429938,-0.1529697285462227,0.05599999999426641,3.1148502532280076E-7,5.986547095764432
0.0040521427249799995,-0.18040237858299998,-0.152694023441,0.055999999999718414,6.860388702606703E-8,1.7365157877566935
0.0035330922245045988,-0.18133802697376444,-0.15409570911922313,0.055999999998226364,1.7324000231709797E-7,2.3463582246658388
0.003521418041635457,-0.1806574391024628,-0.15383217323469495,0.055999999997968085,1.8541938530469045E-7,2.6839272153298936
0.0032257400049340804,-0.18080700627857174,-0.1545087058921225,0.05599999999861768,1.5294029671539318E-7,2.146162071472842
0.003787593578793193,-0.1811315353727796,-0.1534826237872239,0.05599999999771604,1.9658577853576057E-7,2.88328636994356
0.003999328641613553,-0.18150717402511368,-0.1531580922250945,0.055999999997335966,2.123149851775306E-7,3.1188329823678327
0.00416028009161733,-0.1817143918318776,-0.1528656916385332,0.055999999996599145,2.398902356077541E-7,3.6601272158906135
0.004032873460772217,-0.18205979224996913,-0.15322731863175337,0.05599999999670181,2.3624168396639026E-7,2.9961669883546267
0.0032441566104964895,-0.1816179683923226,-0.15483376824273015,0.055999999999057436,1.2629296328219964E-7,1.8913480549798312
0.003302505625317264,-0.1825150132129915,-0.15500990882556703,0.055999999999345726,1.0522277123309232E-7,1.8032327096958736
0.0035530450746873304,-0.18205334291636596,-0.15429837519969236,0.0559999999986441,1.514732832457387E-7,2.124406903293629
0.003661579755310353,-0.1827394420829501,-0.1542471566477364,0.05599999999879789,1.4262577600148168E-7,2.05849767386354
0.0037039785456919783,-0.18727241856509017,-0.15486585398529512,0.05599999999955902,8.638484948201372E-8,1.5748776095319341
0.0036686562143687664,-0.18686357055106337,-0.155130813119294,0.05599999999962141,8.004168337417102E-8,1.5326029502875198
0.004309427801311869,-0.18170113240994087,-0.15254116927936362,0.055999999991787196,3.727798169846503E-7,7.318907024058947
0.0044733875768117,-0.18170327128387384,-0.15218996670911505,0.055999999999356544,1.0430669729243156E-7,2.5654528716280027
0.0032200062723435913,-0.18326726200596385,-0.15541424801028114,0.055999999999557036,8.657938166538456E-8,1.6510096213534167
0.003490439154543205,-0.18321237511848446,-0.15477144423438655,0.055999999999218064,1.1503074438200575E-7,1.8207381317188214
0.0034216886051441834,-0.18369562117797417,-0.15506191959869794,0.055999999999436056,9.768969718835475E-8,1.7249565133026252
0.003642555313866185,-0.1838143709243104,-0.15458597114383785,0.05599999999915001,1.1993230214989294E-7,1.840069563076166
0.0034962299059475787,-0.1842231094334521,-0.15503780838120806,0.05599999999943837,9.748883513209506E-8,1.686385465838635
0.0037633887240350107,-0.18431099673357185,-0.15445568197749676,0.055999999999102816,1.2321755231148859E-7,1.8201350005285668
0.003798450133791187,-0.1817400966223844,-0.15365879759302276,0.055999999997679885,1.981406208122346E-7,2.629098951775008
0.0038541760751472677,-0.18241915979646658,-0.15372062703659728,0.05599999999788169,1.8932895241434398E-7,2.34382195187055
0.004586095268240076,-0.18256400391856903,-0.15209845863867333,0.055999999986000665,4.866746095061544E-7,9.834664184335399
0.00464121534567,-0.182338376707,-0.151932634819,0.05599999999907169,1.2507532166642085E-7,3.034024787301897
0.004500401432640539,-0.1823408881519371,-0.15224505825814588,0.055999999988712613,4.3701600089677816E-7,8.474787208108793
0.00456663638994,-0.18205548144,-0.152047311066,0.05599999999929763,1.0881449286660038E-7,2.669321089231539
0.004243211701462532,-0.1820463048695519,-0.15275703848249553,0.05599999999620007,2.535731654280783E-7,3.6243704019066207
0.004396837058539938,-0.1820544787873449,-0.15241938920507617,0.0559999999905809,3.9922607885884527E-7,7.704253361830115
0.004344157351734124,-0.18244434469285184,-0.15261626564121242,0.05599999999546569,2.769930076655109E-7,3.487336936344211
0.0044504898772549165,-0.18267428958274193,-0.15242709625826625,0.055999999994399835,3.0783409834468625E-7,3.7495104320146537
0.004359146106551473,-0.1827770676183476,-0.15265801046999433,0.05599999999455033,3.0367776060205916E-7,3.5982749415234103
0.0038803151983185344,-0.18296959740290616,-0.15380415260697775,0.05599999999815993,1.764594458424022E-7,2.2235891708782725
0.0040157067974566875,-0.18282768299310154,-0.1534555869839191,0.05599999999737946,2.1058259533975586E-7,2.4930916168579045
0.0037625271460179376,-0.18334514824296375,-0.1541777178754306,0.05599999999877172,1.4417082348812798E-7,2.0198747760716778
0.003986816844872335,-0.1834828743725181,-0.1536993168550386,0.0559999999981057,1.790406321871356E-7,2.2010330461168777
0.004080182275955359,-0.18251952245262926,-0.15323135366984023,0.0559999999969887,2.2573631622702244E-7,2.6715415172518284
0.00423922954620436,-0.18267099984953422,-0.15290556489485457,0.05599999999578836,2.669629148077824E-7,3.137085710195701
0.004199842969694333,-0.18237775028064146,-0.15292684252887553,0.05599999999579569,2.6673144030700655E-7,3.2958618021411348
0.003819824426177635,-0.18686906736141856,-0.15471551538578043,0.05599999999950403,9.161312630789246E-8,1.5924830704950779
0.0037492949593830906,-0.18639492704984859,-0.15495666812328882,0.055999999999544435,8.780200824657957E-8,1.626451981822844
0.003550732925123827,-0.18643766288019784,-0.15542744515609,0.05599999999967343,7.433918241617201E-8,1.5563284874669587
0.003568185236203099,-0.18597617034096883,-0.1553235040884572,0.05599999999962707,7.94408172674411E-8,1.6227207649810118
0.0038129234703541195,-0.18591022794847303,-0.15474992286137287,0.05599999999944805,9.664521590243409E-8,1.6896977990631203
0.003887343882027077,-0.1838637086392462,-0.15403885036600581,0.05599999999867076,1.4997886903721013E-7,1.9956172413811253
0.004021598562073198,-0.18436132520092363,-0.15388417920133754,0.05599999999859571,1.5415498013070528E-7,1.9529616711854174
0.003663609477708786,-0.1848192549126368,-0.15483117910452993,0.05599999999937095,1.0317455625000743E-7,1.7229902708072
0.0036020369987610442,-0.18536625630318315,-0.15511734650028644,0.055999999999523736,8.977441086314241E-8,1.587766673949276
0.0038713542409329936,-0.18536767400238838,-0.15450810286954014,0.05599999999927363,1.1086851875085941E-7,1.7291809520952077
0.003936041322746611,-0.18484679553391653,-0.15422362495744754,0.055999999998988116,1.3085608162381197E-7,1.823492960447428
0.004532219022925445,-0.18280066028076902,-0.15227124027470482,0.055999999993760576,3.249342708811668E-7,4.29094221418354
0.004477473522388457,-0.18305979906569475,-0.1524586811156065,0.05599999999349644,3.3174236997799324E-7,3.865674349630633
0.004309688131914981,-0.18301468922369418,-0.15282985629013185,0.05599999999566768,2.707602977290829E-7,2.9750914240973674
0.004425351191702065,-0.18332627742370006,-0.15264904607141244,0.055999999995176,2.857123883696246E-7,3.0389531871465554
0.004064115400406726,-0.1831609837161104,-0.15343187563909114,0.05599999999744886,2.0777551730468425E-7,2.4268716304353664
0.0042020310599179145,-0.18353231082082364,-0.15321953010517303,0.055999999997266556,2.150707051593294E-7,2.4267761696084156
0.0041455782826470226,-0.18286716183766355,-0.1531677489393674,0.055999999996710875,2.3592064327622087E-7,2.720043056291317
0.0043037514023231745,-0.18331344742640865,-0.15292378017383088,0.05599999999612802,2.559724218366304E-7,2.7449875041049805
0.00437580007583585,-0.1835993431409998,-0.1528410905050033,0.05599999999608082,2.575274184765855E-7,2.7026423021200636
0.004201547869439762,-0.18316488124400493,-0.1531172353305418,0.05599999999651535,2.4283239729245504E-7,2.6801826343904054
0.004109176456725607,-0.18392562084675232,-0.15355023061153458,0.055999999998059775,1.8119756272789504E-7,2.139541076889571
0.004315758019334066,-0.18395619260666124,-0.15308696007047498,0.05599999999727062,2.1491070893688526E-7,2.398273864240561
0.003920550360201287,-0.18641111759808746,-0.15452540806436782,0.055999999999398475,1.0089169385014209E-7,1.6521497118461868
0.004009118986818941,-0.18590095690798017,-0.15428417741303557,0.05599999999923914,1.1347023224766446E-7,1.7437672877743677
0.004094185923648432,-0.18535591362187578,-0.15399102455452476,0.055999999998934714,1.3426480435256446E-7,1.8255701368092554
0.004175592104862456,-0.18482990058193075,-0.15367196765352473,0.0559999999985497,1.5665986194565223E-7,1.9487321534669493
0.0042500250109396755,-0.18436446897775735,-0.15336379223994237,0.055999999998093,1.7963981903147087E-7,2.1539166937509564
-0.0037629608173261058,-0.19006163498742062,-0.1494469945300333,0.055999999998464424,1.6119992281099717E-7,3.1424412757706053
-0.003693505423149292,-0.1899405536564676,-0.1491108383509217,0.0559999999980124,1.8339731494751317E-7,3.3155835828959206
-0.003764320442323572,-0.19017238980641984,-0.14970272524085004,0.055999999998816476,1.4152014260611594E-7,2.992171405083589
-0.003605346837163711,-0.19010152127252208,-0.14945458333714143,0.05599999999851273,1.58644152027755E-7,3.08505573725432
-0.0037997627551647046,-0.19057845373744592,-0.15057669068617494,0.055999999999402035,1.0059233381725145E-7,2.5576894552601477
-0.00377502214583105,-0.19035195331148652,-0.15010099030151647,0.05599999999912094,1.2196547267055656E-7,2.741714702868404
-0.003860846734628028,-0.1908834180083897,-0.15118125541467523,0.05599999999962104,8.008085909683686E-8,2.4337446602571515
-0.004646285534888996,-0.1923075432152464,-0.15346260724766048,0.05599999999989604,4.194248167451536E-8,1.4911748387475017
-0.0035142941101167324,-0.1902774637090762,-0.1498305027092255,0.05599999999890807,1.3593299547795513E-7,2.8958870847512497
-0.003197807909361937,-0.19097058851884582,-0.15130483238796552,0.05599999999962063,8.012333796754951E-8,2.5470851561449717
-0.0033120551375262083,-0.1907077068235677,-0.15074765313178617,0.05599999999943809,9.751314587045581E-8,2.687064149281971
-0.0034168135984775005,-0.19047820628671291,-0.1502590679023394,0.0559999999992098,1.1563680444881561E-7,2.766314490408188
-0.004362326177672686,-0.19255307568681965,-0.1539172714501356,0.05599999999992259,3.6193150834183054E-8,1.411849859885556
-0.004438316219466666,-0.19192044977727435,-0.15292198597749881,0.055999999999865574,4.769420468792269E-8,1.6403337355486247
-0.004190612168233381,-0.19159832256301101,-0.15244123550284575,0.055999999999815954,5.5806607000698883E-8,1.9782044327391757
-0.004092047405427827,-0.19119122312978187,-0.15175816063268235,0.055999999999756134,6.424074396783078E-8,2.153581334390857
-0.003583033735074109,-0.1911436300171525,-0.15166489447972936,0.05599999999971352,6.962699145669497E-8,2.2754559093259403
-0.003620517499029034,-0.19143912545412547,-0.1522239925015083,0.05599999999979453,5.89669932626347E-8,2.160673090831644
-0.003073949073609749,-0.19127085963843626,-0.15193925802541308,0.055999999999732104,6.73300343691959E-8,2.3241526812062037
-0.004133581561966001,-0.19219067449878424,-0.1534175748451107,0.05599999999988081,4.490896163499168E-8,1.6329483852756899
-0.003545145277089827,-0.1918602750344404,-0.15301283019298045,0.055999999999851655,5.010301179587544E-8,1.930739835243869
-0.00294243451311491,-0.19161162447986083,-0.15265927568290333,0.05599999999982175,5.492146307319651E-8,2.175565264575053
6.726279571352668E-4,-0.1766618969436295,-0.15369321450161647,0.0559999999766423,6.28687777344247E-7,12.24771359614222
6.043196676170001E-4,-0.176542742569,-0.153535910165,0.05599999999702315,2.235662886877411E-7,4.999846500968497
6.236950157532396E-4,-0.17673212235034844,-0.15386855890041493,0.0559999999917924,3.7266077365073645E-7,3.5777345088446224
8.511610183149143E-4,-0.1767895461810595,-0.15374900669188618,0.05599999998224768,5.480763709397782E-7,9.739184082258722
7.925439429272792E-4,-0.1766427983079144,-0.15354347770572033,0.055999999997384094,2.0814641558867984E-7,4.675511234965044
4.487492278955213E-4,-0.1769086906976114,-0.1543545191984588,0.055999999993158155,3.402624917735E-7,2.6504284922656676
5.466619872239364E-4,-0.17681546893623104,-0.15409333493258226,0.055999999990897664,3.9246485702602403E-7,3.421145283043058
7.684015723726607E-4,-0.1768867953557815,-0.15400038097521643,0.05599999999092803,3.918121862860353E-7,3.614310610598906
7.050799931342489E-4,-0.17700577198954914,-0.15426753012837743,0.05599999999246019,3.571963767633841E-7,2.873541994019703
9.556134188666609E-4,-0.17695500335819567,-0.15392589756030362,0.0559999999922914,3.611647116688356E-7,3.596064551661042
0.0010951659625601132,-0.17693991860738637,-0.1537566238559848,0.05599999998205945,5.509924916723664E-7,9.99163133981669
0.0010035643807896678,-0.17676117399594998,-0.15354896148218689,0.05599999999829258,1.6997624924153736E-7,3.8764648915699063
0.0012391181270314361,-0.17690448344746168,-0.15354967858710103,0.055999999998422346,1.632201830597786E-7,3.7413288971094296
2.1100053013744976E-4,-0.1771268928255321,-0.1549696583360578,0.05599999999639854,2.4686860911760843E-7,1.9379952473666349
3.376337429841402E-4,-0.17701208022708284,-0.15464511869849898,0.05599999999483072,2.9576166880024566E-7,2.2562286221967627
6.285448197873324E-4,-0.1771216459975181,-0.15454065217171137,0.05599999999417416,3.1398298040445253E-7,2.4409749202957403
8.861835740640063E-4,-0.17720761600783663,-0.1544112329148235,0.05599999999378128,3.2439754408070694E-7,2.6478598156590194
0.0013224851360570918,-0.17709836799028977,-0.15376859754242556,0.055999999985462595,4.959848822257973E-7,8.90573097640309
0.001136715857595898,-0.1770995455551145,-0.15397067616052226,0.05599999999266737,3.5225294738266227E-7,3.6565561115315806
9.131947623731739E-4,-0.17706372962934236,-0.15414949941232864,0.05599999999171667,3.743927702519104E-7,3.3811031695418254
0.0015008280181574934,-0.17707810543854613,-0.15354350954860913,0.055999999998777306,1.4360299762654618E-7,3.330157848231053
5.435556820884796E-4,-0.17725645618188954,-0.15485239669191447,0.05599999999578598,2.670392433700701E-7,2.0797360155044444
8.321364166597258E-4,-0.17736325991296384,-0.1547168256288485,0.05599999999524998,2.835139958932149E-7,2.24040699309763
5.975898684989876E-5,-0.17726370361917268,-0.15535552241641418,0.05599999999773523,1.9576694380860493E-7,1.6794832635837798
0.0011035805128738053,-0.17744570060682932,-0.15454244065955577,0.055999999994987865,2.912314239765413E-7,2.4820057415880488
4.327166170933212E-4,-0.1774153159594639,-0.15522897390575854,0.055999999997339255,2.1219210563726755E-7,1.8276979942782658
7.545548838177442E-4,-0.17752443976109736,-0.1550539286741707,0.055999999996743405,2.3475232005477427E-7,1.9613430329445576
0.0011151347767146267,-0.17726359992494267,-0.15425133127255633,0.055999999993214894,3.3884643085245027E-7,3.0107460395901544
0.0013653846514166414,-0.17730051613427034,-0.1540292288529443,0.055999999993876996,3.2189233200471863E-7,3.2940706607733006
0.0015835770714661853,-0.17730555395228834,-0.15378959043610482,0.05599999998798944,4.5082461104072985E-7,7.963703845171409
0.0017903190585396825,-0.17728795483772777,-0.15352807622054118,0.05599999999909431,1.2353829707160356E-7,2.8958926771165143
0.001869970531688818,-0.17755907424644013,-0.1538069601892633,0.055999999990029616,4.107543523638129E-7,7.2455921580471445
0.0021073155340544944,-0.177542748690167,-0.15349908209923932,0.05599999999932032,1.071119176800572E-7,2.550404190074681
0.0013619950935415126,-0.17752396048169347,-0.15436111257739968,0.05599999999452809,3.042939898983147E-7,2.8150909704459384
0.001627948853668618,-0.1775460331893361,-0.15407902622192113,0.055999999995046575,2.8952166068949985E-7,3.148797684413058
0.0010678776580925016,-0.1776442353422658,-0.1548789121018332,0.05599999999617605,2.543801414156476E-7,2.1348381901222164
0.0013272331451193169,-0.17773700578917484,-0.1547054649141024,0.05599999999609411,2.570910762267523E-7,2.3505652418924408
7.082749135339653E-4,-0.1777326649996346,-0.1554247949563974,0.0559999999978853,1.8917003689457663E-7,1.7646823657114148
0.0012503901259303368,-0.17792692447722205,-0.15506344109247427,0.05599999999705398,2.2327781030248727E-7,2.109749526258635
0.0016253171083536308,-0.1777978693899486,-0.1544246513796132,0.0559999999955673,2.738778821997866E-7,2.745594392298108
9.821846934635985E-4,-0.17776603475367217,-0.15515749902366813,0.0559999999972464,2.158630305269327E-7,1.9610744670241935
0.002197779795446565,-0.17787580500047562,-0.153798750914505,0.055999999991705185,3.746522635997012E-7,6.709778813514615
0.0024485611676048928,-0.17785403675574835,-0.1534499729466846,0.055999999999422796,9.882255753712725E-8,2.373386336139198
0.001923159065722904,-0.1778484609239039,-0.15411656383938743,0.05599999999588093,2.6401428455777074E-7,2.988447908277937
0.0016065807168430366,-0.17804466427708382,-0.15477211632063625,0.05599999999673253,2.351426028203826E-7,2.3111334527809584
0.0010770211585660508,-0.17805037283786726,-0.15544819367581467,0.05599999999813175,1.7780522199616493E-7,1.8654182160982116
0.0014902955151934714,-0.17825617230066415,-0.15519520773088732,0.05599999999765314,1.9928308339374576E-7,1.9919532652880942
0.0019539051694695804,-0.17814114901701708,-0.15443638421826514,0.05599999999633661,2.4897925913336895E-7,2.6854405360509532
0.002238503212100191,-0.17820149014700315,-0.15412120639568672,0.05599999999656154,2.4121577343793774E-7,2.9720451381587893
0.0022684690343447527,-0.17855521896000887,-0.1544623782037448,0.05599999999685117,2.3083248180850167E-7,2.5773027067996064
0.002539007358048887,-0.17823184827157393,-0.15373920719350231,0.05599999999304856,3.429729191708437E-7,6.260449282834476
0.002806068216694765,-0.17823619048463799,-0.1533714106226187,0.055999999999494655,9.238539681504186E-8,2.2336940697117664
0.001967837124156054,-0.17852004555336823,-0.1548580865289065,0.055999999997478116,2.0657913653362126E-7,2.182195294085847
0.0028619722104056508,-0.17866117248808355,-0.1536808089660573,0.05599999999422129,3.1270562195250157E-7,5.8392529539166445
0.003167853326991556,-0.17870354916696865,-0.1532528859984328,0.05599999999960468,8.166235914421842E-8,2.011526279551619
0.002599674676748823,-0.17862902863349264,-0.15404619276033965,0.05599999999707978,2.2229403571614885E-7,3.0793923037622464
0.0016977008684913272,-0.17865214515854388,-0.15539549688703985,0.05599999999827904,1.7065244038730724E-7,1.8777263265610797
0.002566326608579709,-0.17892591077233985,-0.1543761275361306,0.05599999999717713,2.1855903681035834E-7,2.6807360828844224
0.003177791413799721,-0.1791749095911204,-0.15359193369610552,0.0559999999952081,2.847556587769859E-7,5.397840982352723
0.0035180782796990486,-0.17926012062297547,-0.15308777944198249,0.055999999999637874,7.826431199616708E-8,1.9439320758225034
0.0023574677070944262,-0.17901014645902605,-0.15478599809376964,0.05599999999795873,1.8585435956837536E-7,2.1966836083309285
0.0020580114169704276,-0.1789336694769714,-0.1551756012289437,0.05599999999815192,1.7684296945801894E-7,1.9799853231005624
0.002878730338640524,-0.17908710967055058,-0.1540153050866216,0.05599999999767946,1.9815658467161538E-7,2.918861360594978
0.002353660977121877,-0.17951418178390602,-0.15526530960681867,0.05599999999858459,1.547622505646631E-7,1.9723511074595659
0.0027496671432585785,-0.17948333532832636,-0.15455471246810742,0.055999999997948836,1.863014799306666E-7,2.339454358491787
0.0034620146796970103,-0.17965590055636327,-0.15342013364470763,0.05599999999545103,2.7744751641399543E-7,5.425319827537282
0.0038188942199348652,-0.17985238004623733,-0.15289072857110403,0.055999999999652966,7.65906667242379E-8,1.9113162114403774
0.0031582542908490455,-0.17959573723753963,-0.15392010983861662,0.05599999999783888,1.9122687054167328E-7,2.7992070473844
0.002849795870744861,-0.1802163538266651,-0.15491636018525873,0.05599999999872383,1.4695192227086847E-7,1.9340740834395433
0.0036925556246171225,-0.18018373564862417,-0.1532775703696692,0.05599999999528619,2.8242363384897843E-7,5.546059140195396
0.0040521427249799995,-0.18040237858299998,-0.152694023441,0.05599999999976176,6.238103153581683E-8,1.5822448631211943
0.0031657773108502824,-0.18015443478530696,-0.15426574031251059,0.0559999999980108,1.8346547780138557E-7,2.5113619884559584
0.0033977685643467124,-0.180007122122095,-0.1537392505842835,0.05599999999801453,1.8329460825149513E-7,2.8565945934482024
-0.0036875432184351516,-0.1890746514098339,-0.14649509250678278,0.0559999999877225,4.554642185030404E-7,10.247359954294684
-0.00397792448391,-0.188879744832,-0.14620520708600002,0.05599999999921132,1.0874540044686112E-7,2.738638584900661
-0.0035555044779106873,-0.18905861229529886,-0.14624427748753388,0.05599999999882934,1.4056684214526393E-7,3.5199670308645072
-0.0036204026137917743,-0.18919787463571242,-0.14684916375913243,0.05599999999539346,2.7914842381822785E-7,5.176556451312785
-0.002463606794486835,-0.18946761842167892,-0.14659963193190928,0.05599999998167588,5.562582798607093E-7,12.760776010237073
-0.0025328217717691887,-0.18939681429817276,-0.14638473998162127,0.05599999999844669,1.6153082530624036E-7,3.9998507053558097
-0.002262364132410165,-0.18947061504658086,-0.14642944604435792,0.05599999999761157,2.0027641549089668E-7,4.872544423037518
-0.0027680596659166853,-0.18939324483926806,-0.14660188139267602,0.055999999984464165,5.12406027785027E-7,11.429350991884078
-0.002836419762619689,-0.1893074941679409,-0.14633772429820618,0.055999999998967355,1.3179655392648362E-7,3.308788406372275
-0.0026024848018504913,-0.18948922163987011,-0.14681159623298973,0.05599999999348737,3.319273336915984E-7,6.3359221805588835
-0.003070438414551595,-0.18931186017101936,-0.14660518187507954,0.05599999998692165,4.702315205738133E-7,10.36292933585854
-0.003176566888757642,-0.1891980553257341,-0.14628948815229353,0.055999999999079696,1.246955033304468E-7,3.1612097579186025
-0.0033901164906555833,-0.18919362681660692,-0.14653424734000675,0.05599999998843571,4.4206941054776987E-7,9.893119983147658
-0.003276680979484145,-0.1893226645806318,-0.1468739749078866,0.0559999999945008,3.0501287874537297E-7,5.416625179929537
-0.0034766300164154767,-0.189376298117508,-0.14728908526137274,0.055999999994356675,3.090243040709865E-7,4.630432729326072
-0.0035711038022495,-0.18961585125705624,-0.14813792584763844,0.055999999995943794,2.6199216476967925E-7,3.793149887344465
-0.003547104120087135,-0.18973709246911497,-0.14846609453650783,0.0559999999968124,2.322525146955212E-7,3.5053346639586818
-0.001768934515673794,-0.1896289753566171,-0.14667077477047663,0.055999999972276525,6.840206407322604E-7,16.001686191847735
-0.0018075250040275488,-0.1895826060128639,-0.14651057633044562,0.05599999999634229,2.4877650654582074E-7,5.933962389918087
-0.0016096039064600002,-0.189626394187,-0.146548252805,0.0559999999964252,2.459545635027619E-7,5.887193559305369
-0.0019850618311399934,-0.18957776998929768,-0.1466276756292318,0.055999999972712294,6.78454324531048E-7,15.717058876667254
-0.0020216478142191284,-0.1895318112512807,-0.14647145131310463,0.055999999996641715,2.3800842309823808E-7,5.6836934416477405
-0.0028930809078289237,-0.18944918320608,-0.1469366589381359,0.05599999999401103,3.183085489074571E-7,5.388870174746281
-0.0031065436440596774,-0.18945680318954716,-0.14717470437584687,0.05599999999344794,3.329795394089471E-7,4.97269551460189
-0.002586799206128046,-0.1895581153550248,-0.14705794346653675,0.05599999999167557,3.75323185212654E-7,5.733915032077733
-0.0023148667037226297,-0.1896389663400909,-0.14713156498807411,0.055999999992218746,3.6286916196753884E-7,5.5385740830522705
-0.002532526840071886,-0.1896455234803452,-0.1473345884951597,0.0559999999938274,3.2319018596157087E-7,4.74515628807779
-0.0028472706340473717,-0.18955362286475338,-0.14727455991973534,0.0559999999935821,3.2955099411651567E-7,4.8520126722920445
-0.0034529305073337435,-0.18953951869935845,-0.14779537527553482,0.05599999999524532,2.836525458972014E-7,4.02600134419437
-0.003290714962436206,-0.18969945422180173,-0.14814826593614377,0.05599999999613362,2.557877788756558E-7,3.703554333183112
-0.002340901098025098,-0.1895579708922287,-0.14684320694409178,0.05599999999252318,3.556492527498317E-7,6.591732392289515
-0.002207246375480121,-0.18952662313226612,-0.1466056057480178,0.05599999997773222,6.129264077545336E-7,14.082133803498431
-0.002104488745791776,-0.18958820590627926,-0.1467646986434542,0.055999999992136354,3.6473670825451317E-7,7.924812752568004
-0.0021157123170519516,-0.18963465039290567,-0.1469557506768334,0.055999999990061354,4.1010232676687676E-7,6.797194235201846
-0.0019341370054368188,-0.18963154164531767,-0.14680330308754122,0.05599999999195413,3.6893378030556095E-7,7.737703179172627
-0.0031350532906431875,-0.18954268674667754,-0.147501577723512,0.0559999999948139,2.962412267811356E-7,4.261966692602005
-0.0027693847487108244,-0.18965587260247865,-0.14756930460547305,0.055999999994737815,2.984070668954698E-7,4.319585955936738
-0.003025035724978824,-0.1896726646755522,-0.14784157947196125,0.05599999999540006,2.7899932221558987E-7,3.9524776413391223
-0.0016034328258991953,-0.18967159485762888,-0.14672868524283436,0.05599999997343034,6.699922184686258E-7,15.630790069413179
-0.0016096039064600002,-0.189626394187,-0.146548252805,0.055999999997364505,2.1110780795574028E-7,5.122228776004842
-0.0017559810101882847,-0.18967038103644823,-0.14682820316095732,0.055999999991517904,3.7882461504433324E-7,7.975577031119178
-0.00145422270527,-0.189658568097,-0.146578892546,0.055999999997715794,1.963974937466056E-7,4.793953105347976
-0.001854601149288045,-0.18970219069901662,-0.14702399464598873,0.05599999998979942,4.154706897286262E-7,6.626798583851425
-0.0031846513200763384,-0.1898378691263824,-0.14848623864707258,0.05599999999696185,2.267425829519492E-7,3.517211590330966
-0.0034026793184095496,-0.1898915020487347,-0.14879057958247854,0.05599999999751431,2.050937535049256E-7,3.363863601917084
-0.0029187213100845127,-0.18981272660599194,-0.1482138987924313,0.05599999999641218,2.4640106510147135E-7,3.677032508045894
-0.0014332632775526002,-0.18971322851846573,-0.14678992731810678,0.05599999997781435,6.123696693148103E-7,14.171463235723678
-0.0016264869922906992,-0.18972127147357842,-0.14694387907370685,0.055999999991843775,3.714800002477425E-7,6.723301877740687
-0.0016333680842593444,-0.18978080857861063,-0.14718389876168453,0.05599999999084939,3.935070116963109E-7,5.9033416772842315
-0.0014102578572121982,-0.1897761788026926,-0.1470306366906365,0.05599999999254191,3.5522759341172227E-7,6.310239110621094
-0.0032090571930120542,-0.19005680878415654,-0.1491248271246342,0.055999999998174545,1.75757730425653E-7,3.230759473792367
-0.0031198658399047593,-0.19024796552579612,-0.14959004129402387,0.05599999999866034,1.5056613255565454E-7,3.01257747426298
-0.002061532047596042,-0.18970962570718597,-0.14720324377180435,0.05599999999236058,3.5954450706848674E-7,5.400276395706463
-0.0024529786925660668,-0.18975097810665134,-0.14765159589893767,0.0559999999949329,2.9282396396384946E-7,4.237422889842396
-0.0022480945933754277,-0.18973112558519611,-0.14742385672063282,0.05599999999376234,3.248907728411436E-7,4.731047427505811
-0.001854846501703537,-0.18976170534570705,-0.14725549395006005,0.055999999992322656,3.604379965525192E-7,5.328768417948923
-0.001669437533872934,-0.18985443788238757,-0.14749134541381162,0.05599999999356033,3.3010836708870795E-7,4.681467578048503
-0.001988608060621405,-0.18979119751553125,-0.1474597377569991,0.05599999999365093,3.2777988112806554E-7,4.717223450399538
-0.002680206693002521,-0.18978099382280697,-0.14792926879416635,0.0559999999957338,2.686872711380928E-7,3.889655403097525
-0.002386155624432922,-0.1898610678225364,-0.14798911623104233,0.05599999999586688,2.644639490185298E-7,3.867960480141168
-0.0021637138360269823,-0.18982830329840614,-0.14771810887410458,0.05599999999497591,2.915779824644936E-7,4.216972536832304
-0.0019032698583169919,-0.1898682239965097,-0.14768985767520598,0.055999999994825,2.959251501419276E-7,4.3059765219301465
-0.0025963051228659636,-0.18989978423098522,-0.14826556595916843,0.05599999999673033,2.3522265478169767E-7,3.639373840416841
-0.0022958506883779908,-0.18995683850145323,-0.14825709225233555,0.05599999999680575,2.324941217475055E-7,3.622886306996019
-0.002456106074782481,-0.1900435739835225,-0.14864286436831115,0.05599999999752092,2.0482060844636067E-7,3.3525306265337034
-0.0028260731732626474,-0.18994368346733986,-0.1485614654896258,0.055999999997251686,2.1565603422768981E-7,3.4753172173508062
-0.0030860042949470354,-0.18995442414782615,-0.14876295360564604,0.0559999999975748,2.0258304149346548E-7,3.4304741714754754
-0.0027988483638657757,-0.19007475834926854,-0.14894281426288034,0.05599999999787655,1.8956162768043624E-7,3.209824275493805
-0.0030481912858032843,-0.19042668654946202,-0.15001954386645838,0.05599999999901767,1.2893080339654295E-7,2.910098749068863
-0.0013852170466215855,-0.18984880830392623,-0.1473051661362303,0.05599999999191698,3.6984021489669805E-7,5.51659670858562
-0.00135823647610644,-0.18993279227747964,-0.14761823253047732,0.05599999999434294,3.094001196779565E-7,4.44854314027985
-0.0027753708879613356,-0.1908693313332779,-0.15103160140861424,0.05599999999948881,9.300729216864947E-8,2.6314283654884796
-0.002650782052937058,-0.19037449645357846,-0.14973112097024774,0.05599999999881327,1.4171205213217814E-7,2.963476002617508
-0.002762791302491988,-0.19022093041279936,-0.1493492952829294,0.05599999999845926,1.6147034786233856E-7,3.062621888264456
-0.0024818720832084857,-0.19016872131689497,-0.14905025100132188,0.055999999998107466,1.7895790389595034E-7,3.139855366778094
-0.0020829799666607497,-0.19019943240655396,-0.14894320392294608,0.055999999997993315,1.842755241807217E-7,3.1678371228122266
-0.0016606621014815235,-0.1899478625003459,-0.1478384975393284,0.05599999999533234,2.8104484311177137E-7,4.0660243640023035
-0.0020126789566656403,-0.18994471963696347,-0.14803670899817134,0.05599999999605259,2.584537694277349E-7,3.8748587197087545
-0.0020128763062769355,-0.19006633869577255,-0.1484616715361897,0.05599999999722289,2.1678228879635423E-7,3.4405355630831136
-0.0016657847066567021,-0.1900543450035545,-0.1482312905748762,0.05599999999666761,2.374678828016206E-7,3.5908279853048657
-0.002649080199493324,-0.19109836195564886,-0.1515573960469318,0.05599999999965371,7.65518775546772E-8,2.4427314173425017
-0.0026499335292511287,-0.1905234066016975,-0.15013546780177042,0.05599999999909111,1.2401813230016608E-7,2.823107969451346
-0.002903527366002937,-0.19062887605235426,-0.15047786280859227,0.0559999999992837,1.1009725785183864E-7,2.733611868312966
-0.0022908140499530035,-0.1907412357627044,-0.15061825191679593,0.05599999999930548,1.0841093638919923E-7,2.71834455424618
-0.002319537824954587,-0.19096315161846067,-0.15120147180318336,0.055999999999552116,8.705856089236533E-8,2.517032467961649
-0.0016756958325289026,-0.19017775020247757,-0.14867315571353387,0.055999999997672974,1.9843913224218615E-7,3.2688204568003596
-0.001299709407865329,-0.19014321226114847,-0.1483820579128588,0.05599999999709682,2.216479155898702E-7,3.441630577997517
-0.0013295590445765823,-0.19003013538925198,-0.1479751647401812,0.055999999995891815,2.636639434105986E-7,3.8441778790315717
-0.0024549689285634124,-0.1913563954146458,-0.152153935524542,0.055999999999754885,6.440402304369568E-8,2.3474804966253595
-0.0021872254811928244,-0.1905271706256169,-0.14999318490769087,0.05599999999902255,1.2861064538904795E-7,2.83463049224153
-0.002268985116960412,-0.1903200990639495,-0.14940966123695285,0.05599999999858527,1.547273485622163E-7,3.0127605816286165
-0.0017164379208032736,-0.1903317828741239,-0.14921381418546828,0.055999999998342605,1.6747180748190205E-7,2.966540837637845
-0.0012698092924526708,-0.19027473690379088,-0.14884585584055013,0.05599999999795673,1.8594739248033543E-7,3.1018294773086375
-0.0020478241632500625,-0.19115144601345624,-0.1516582514841905,0.05599999999966703,7.506396372533475E-8,2.433612173911204
-0.0017601814436875988,-0.19069157897361472,-0.15035540655221324,0.0559999999991771,1.1800547855110036E-7,2.7149826352226043
-0.0017246039860551315,-0.19094154358929022,-0.15106869277000742,0.05599999999948183,9.364088153554626E-8,2.5211440673704453
-0.002280180502627883,-0.19164730534047156,-0.1528372293280109,0.055999999999832024,5.3315124571043776E-8,2.1444510746611702
-0.0018439851538925227,-0.19138379318435184,-0.15224851034132056,0.05599999999977091,6.226436059403322E-8,2.235531593713283
-0.00149749756396876,-0.19117324185073994,-0.15169728260950288,0.05599999999968332,7.320512721333381E-8,2.270397214754799
-0.0017226911431350047,-0.19049518801206808,-0.14974444231267214,0.05599999999885394,1.39261982695279E-7,2.826520547077191
-0.00122031305229546,-0.19060844381022574,-0.14997488841720594,0.05599999999895544,1.32951586826284E-7,2.705722703701536
-0.0012420926429690087,-0.1904280297308743,-0.14937443107284726,0.05599999999853397,1.5750676215018283E-7,2.8831180952929985
-0.0012103789273954755,-0.19080630619314154,-0.1506053499996592,0.055999999999257734,1.120745353572863E-7,2.5618740343721007
-0.001215161969449637,-0.19099652989300397,-0.1511877069559982,0.05599999999950913,9.11414363943936E-8,2.3867715358816093
-0.002191342359403261,-0.1926870333382125,-0.15523325947829195,0.05599999999994737,2.9843906141264796E-8,1.5805251175255997
-0.002270706222807886,-0.19218751069978218,-0.15405488629538847,0.05599999999990398,4.0310006054803776E-8,1.8304602774427168
-0.0021878801593762437,-0.1924639631782127,-0.15471568267070743,0.055999999999927864,3.493695019698758E-8,1.7135388962140314
-0.0019256918531706415,-0.19198123049974172,-0.15368675368472198,0.05599999999988039,4.4990121168375595E-8,1.8703099149893412
-0.0016060776913009423,-0.19169529849234124,-0.15306006113201562,0.05599999999985056,5.0288447754724316E-8,2.002704636295767
-0.0011171648245902437,-0.1911296508969459,-0.15158376134054194,0.05599999999962008,8.018159794706745E-8,2.1984282187384334
-0.0017858013433872098,-0.19257435633350506,-0.1552135175807196,0.05599999999994354,3.091304193863749E-8,1.6300436962491585
-0.0016157680224416612,-0.19222738325364042,-0.1544120654125901,0.05599999999992163,3.641678291834754E-8,1.7834897998579968
-0.0012462778625742458,-0.19191194841903741,-0.15374405434554514,0.05599999999989421,4.231082684591813E-8,1.8838435332676522
-0.0011271722455007305,-0.19231016324553865,-0.15504730437402708,0.05599999999993765,3.2482512799863294E-8,1.618759884480686
-7.884449857220792E-4,-0.19199116915594755,-0.1543543400872169,0.055999999999917706,3.731738984121757E-8,1.6760121922768347
-7.182838258680721E-4,-0.19105324534251658,-0.15139660623478726,0.05599999999958327,8.397590118887294E-8,2.269167641185509
-0.0012610514595099655,-0.19145942270142796,-0.15249681352575176,0.05599999999979747,5.8543425242785805E-8,2.0746249302115847
-9.506882153252191E-4,-0.1912573502241677,-0.1519764462418282,0.05599999999971069,6.997063704305816E-8,2.1745663179466415
-9.071940064797616E-4,-0.19162542244198869,-0.15307531404335875,0.05599999999986047,4.859268898415925E-8,1.9248269891144127
-1.994683685428178E-4,-0.19100073928855313,-0.1513879547330129,0.055999999999520295,9.00984585542259E-8,2.1938599430848496
-3.880478413331599E-4,-0.19117192637925493,-0.15188614292251196,0.055999999999679716,7.36210878888553E-8,2.124448274817451
-6.042308011584671E-4,-0.19137840300180953,-0.15245710570109589,0.05599999999978434,6.040992403502592E-8,2.0316822074042995
-3.0906667880750066E-6,-0.1912050278252466,-0.15233605673786108,0.05599999999975685,6.414593905160648E-8,1.9883017389032396
-4.7456885109603455E-4,-0.19168753855998036,-0.15363304653825324,0.05599999999989436,4.2278620149564236E-8,1.7830438136862419
-2.1365907503748658E-4,-0.1914259627813242,-0.15295537774525705,0.055999999999845264,5.117128096816452E-8,1.8853297570054022
3.0999477092742E-4,-0.19084783495900406,-0.15123051458199863,0.05599999999942668,9.84977500131262E-8,2.182016374204926
1.6706620803811812E-4,-0.1910165386655965,-0.15176966086977964,0.05599999999962357,7.981272146267962E-8,2.0785444827714707
8.089111484570802E-4,-0.1900490942120919,-0.14821531347001815,0.055999999996746264,2.346362374396228E-7,3.595532667695798
8.512312479945277E-4,-0.18992690339413743,-0.14768420435587148,0.05599999999311901,3.4122072121312704E-7,6.837243885482354
0.0011868936735987083,-0.1899420287217887,-0.1481979601241308,0.05599999999722839,2.1655367863419593E-7,3.3877956479755915
8.79872363297E-4,-0.18981786388,-0.147195898147,0.055999999999682935,7.324964119271817E-8,1.9010376646930924
0.0013465018285257898,-0.18973213010813506,-0.1473761292673871,0.0559999999996204,7.997251414473735E-8,2.04429786682253
-3.9914430919878966E-4,-0.1919836856677024,-0.1550287682945066,0.0559999999999392,3.2075474906320304E-8,1.600441910749862
0.0014728829530184849,-0.1897812106044425,-0.14787231279690705,0.05599999999380253,3.2382098578599556E-7,6.577674338016819
0.0018550836954510873,-0.1895762327003604,-0.1476027767268604,0.055999999999613394,8.075549906761908E-8,2.0537595329003375
0.001582621185705018,-0.18983526471325024,-0.1484214339266171,0.05599999999730829,2.134048748873418E-7,3.4060427099910093
0.0011290354188256847,-0.19005026316551626,-0.14865598157155863,0.055999999997136396,2.2013147583590937E-7,3.231321744043264
7.482186134998706E-4,-0.19018820794461322,-0.14879794893877596,0.05599999999759333,2.0180424893641387E-7,3.0015651746754934
-7.665636501303939E-5,-0.19167588309138092,-0.15431226026601663,0.05599999999991868,3.7095503928473174E-8,1.6860036947068056
2.250905941477676E-4,-0.19138772841558907,-0.15360066234600775,0.055999999999886606,4.3803867085052405E-8,1.764865575326607
6.679253538372252E-4,-0.19123051175658837,-0.15421374473629834,0.05599999999990913,3.92125006744937E-8,1.6274236724883344
6.33921240077968E-4,-0.19094724744294214,-0.15229813802784328,0.055999999999723014,6.846397322943242E-8,1.9188769072315257
4.4278937350160293E-4,-0.1911630551167928,-0.15297182072348378,0.05599999999981986,5.521021396672742E-8,1.849447571117538
7.930610441745261E-4,-0.19076686132018153,-0.15171662773032882,0.05599999999956526,8.577134001271707E-8,2.020037965578286
4.3810584547736997E-4,-0.19068457380960566,-0.15067806848275586,0.05599999999913555,1.2094805642714675E-7,2.253460322266298
8.81874225410206E-4,-0.19062833281919522,-0.15117944949198053,0.0559999999993157,1.0761062879432612E-7,2.137813163785046
5.564890882880805E-4,-0.1905183448173444,-0.15008283523643523,0.055999999998780435,1.4365867273349724E-7,2.414488511566585
6.636365769731398E-4,-0.19034734509872628,-0.1494345859881751,0.05599999999831972,1.6862299917097332E-7,2.664414631269796
0.0011291991035198103,-0.1903013580231223,-0.14997444472552834,0.05599999999862374,1.5260805207731075E-7,2.4211496675628488
0.0010115286071665987,-0.1904519639124713,-0.1505262392528518,0.05599999999903286,1.279304245648842E-7,2.2298233140201136
0.001154530032160829,-0.19015645014866572,-0.1492530389798745,0.05599999999813209,1.777871952378985E-7,2.705307463900444
3.285855159481851E-4,-0.1915630146320899,-0.15507231222194223,0.0559999999999394,3.202359854490092E-8,1.5527050777380802
0.0011273184186368949,-0.19095568752280268,-0.15486626355243116,0.05599999999992302,3.609283099868282E-8,1.5318813970222518
0.0019930258639167244,-0.18960290435312946,-0.1481786822271442,0.05599999999472829,2.98662874206498E-7,5.942267287181392
0.002400432185395388,-0.18933429648098418,-0.1478819790185252,0.05599999999970987,6.993857947120916E-8,1.7884598923266921
0.001614151981005902,-0.18993623409630175,-0.14910094480090486,0.05599999999759573,2.0170365038100063E-7,2.914712221192445
0.0016054569640084671,-0.19004937957720044,-0.1497764838068634,0.05599999999847887,1.6043827369779306E-7,2.434253713093524
0.0020369371693211144,-0.1896779958303504,-0.14883178135677652,0.05599999999769468,1.974962489512927E-7,3.020737876474303
0.001031793650901713,-0.19082623977053717,-0.15287737197759663,0.05599999999978341,6.054088903365116E-8,1.7845770766453146
9.125213075502527E-4,-0.1909904842539999,-0.15356372538803353,0.055999999999861716,4.837550778063283E-8,1.6808642939042289
0.0016202772583299003,-0.19047140676021398,-0.15342951541963573,0.05599999999980955,5.67690976875463E-8,1.7414939759214174
0.001347653158135719,-0.1907355530490471,-0.15416660715870703,0.05599999999988328,4.444071169250004E-8,1.630580037813935
0.001389450037244946,-0.19034882959548505,-0.15098480640195974,0.055999999999195235,1.1669803286449965E-7,2.0716094118193094
0.0016476697052946927,-0.19013382580950056,-0.1504883079360241,0.055999999998862945,1.3871380835699718E-7,2.2175877604937453
0.0020516929480500624,-0.18983684935743775,-0.15006477137197055,0.05599999999861881,1.5288070613267715E-7,2.291863633819061
0.0012413142344036363,-0.19061224304413601,-0.1522304195715217,0.0559999999996603,7.581769537309693E-8,1.8580174109827408
0.0014319991891458745,-0.19041461690971437,-0.1516100569626571,0.055999999999445,9.691153318660721E-8,1.9619012234560826
0.00174383940254479,-0.19040484187312076,-0.15472679631925684,0.05599999999990037,4.106128746308649E-8,1.5455312630423708
0.0016038965775165743,-0.19053189640481152,-0.15541228711117613,0.055999999999935386,3.3066747749437814E-8,1.4883415645828568
0.0020820363072880346,-0.19002632241682688,-0.15523080260445102,0.05599999999990855,3.9338558123164795E-8,1.5190236093733755
0.0025048295310229913,-0.18935858502334255,-0.1485510778849229,0.0559999999948921,2.9399692162559404E-7,5.636539360116175
0.0029406337003860072,-0.18901417218827093,-0.14819747903249486,0.055999999999752054,6.477529264725588E-8,1.6511158204616037
0.0021278780161255,-0.1897207333921153,-0.14952497256679148,0.0559999999978516,1.9066962303122887E-7,2.6696263951756536
0.0025650370923979847,-0.18940168075367303,-0.14926092687868614,0.055999999997907696,1.8815084001216247E-7,2.742277897853839
0.002587735372769622,-0.1894592344584278,-0.14999610065450816,0.05599999999820465,1.7429944242808906E-7,2.4842572643807523
0.0019316901636042478,-0.19022578208668758,-0.15408387026080672,0.05599999999984246,5.163209352035435E-8,1.5841045355650412
0.0019466591619070209,-0.1900331680629719,-0.15116196685818994,0.055999999999192446,1.1689995969952788E-7,1.9976712515859136
0.0021883355567916653,-0.18997998280471895,-0.1535419735600377,0.05599999999976771,6.269751046382882E-8,1.6478875383289522
0.0024018087371053902,-0.18974992764347984,-0.15405241778207984,0.05599999999979132,5.9424707040824494E-8,1.5815937259481316
0.0016640686623400581,-0.19038377179828928,-0.15271493328910205,0.05599999999971391,6.95791150572356E-8,1.7415480384264548
0.0018029612118366058,-0.1902362381015872,-0.1521936890769124,0.05599999999958588,8.371315405229975E-8,1.802761329803479
0.0023886359117122925,-0.18978638550702334,-0.15313998432642406,0.05599999999970301,7.089194496365205E-8,1.6802511538542333
0.002037199776253493,-0.1901041391523535,-0.1529857112071732,0.055999999999723986,6.834300851835373E-8,1.6915721049388617
0.002014382290405273,-0.1901013146683818,-0.15255812029475876,0.055999999999637465,7.832668697164409E-8,1.7390945461682292
0.0020831014205455016,-0.18998758518559036,-0.15171342554512215,0.05599999999938129,1.0232278900948555E-7,1.9167042405009365
0.002223183746890143,-0.1899113510240627,-0.15223691724919292,0.055999999999538135,8.840691063391093E-8,1.817918434676412
0.002284304861201187,-0.18974296749420916,-0.15063363791296197,0.05599999999886684,1.3847549065231297E-7,2.152050208151057
0.0025919139285193985,-0.18957030272979336,-0.15349211268013657,0.05599999999970604,7.052919265827996E-8,1.665649048887044
0.002749879657903719,-0.1893527226860836,-0.15399235641129946,0.055999999999739154,6.643837637882739E-8,1.653816897481217
0.0022360742727279676,-0.18989835808031197,-0.1546280038362355,0.055999999999861556,4.840092458063638E-8,1.5444302081226644
0.002495717782408912,-0.18953436165893348,-0.15509444897755068,0.0559999999998703,4.684979049709858E-8,1.5409169846871016
0.002996451845207018,-0.18903773767065685,-0.14884742999841422,0.05599999999484533,2.953413546861325E-7,5.551648233054924
0.003409958170706229,-0.18866144256184733,-0.14850768080715557,0.0559999999997375,6.663429367581645E-8,1.6890248501772946
0.003425864680999992,-0.18868854877260097,-0.14911787802210158,0.05599999999436498,3.0879708988090075E-7,5.735097745843066
0.0037920813068403033,-0.1883124086367446,-0.14879015354546582,0.05599999999968606,7.279477048763428E-8,1.8383007068919575
0.0030371909750940176,-0.18905983801963938,-0.14950867990694686,0.055999999997799456,1.929593306486181E-7,2.6807327173691227
0.004102641455207749,-0.18797888705416627,-0.14904383858486805,0.05599999999958887,8.32640915956563E-8,2.0777842547675367
0.0038147167297023785,-0.18830699935113288,-0.14934156605615537,0.05599999999360713,3.289082666650478E-7,6.170357761514707
0.003494434105743358,-0.18864863932919665,-0.14967182010563188,0.05599999999742114,2.0889322554240052E-7,2.911828375778502
0.0031707402424089957,-0.18897841938323245,-0.15013131251134493,0.05599999999785484,1.9052442713884536E-7,2.581343888045493
0.0028544427982266298,-0.1892894336497158,-0.15065539841065745,0.05599999999879387,1.428640225126129E-7,2.199560354379034
0.0026194945659911073,-0.18945057998625134,-0.15455353768177574,0.05599999999981664,5.570312243706179E-8,1.5853730264654635
0.002838106071822771,-0.18908172895655356,-0.15498404330121124,0.05599999999982571,5.4307085671944085E-8,1.568885390528849
0.002556603591902305,-0.1895812689847121,-0.15131165196748786,0.0559999999991349,1.2099324103456729E-7,2.019808546768286
0.0025121052210303925,-0.18964846458336498,-0.1519296487770588,0.05599999999936635,1.0355139428102127E-7,1.8510548181991506
0.002388024678638236,-0.1897828924230543,-0.1527038589558999,0.05599999999961636,8.057453594215592E-8,1.7465023314429002
0.0027797496581586636,-0.18939041888426944,-0.1529132083873182,0.05599999999959362,8.292636728824362E-8,1.7205065736529246
0.002667358952868784,-0.189513358113016,-0.1523943239287896,0.055999999999455104,9.602561459246452E-8,1.8004907588062116
0.003110471037294824,-0.1890670900307827,-0.1512381879581342,0.05599999999891656,1.3540289691754238E-7,2.0630849130907785
0.0032140167364452794,-0.18882214293975488,-0.15345589421438566,0.05599999999956191,8.610185162888098E-8,1.736809881743499
0.0031205847664642324,-0.1888740904044762,-0.15395037305033935,0.05599999999965611,7.628493612774301E-8,1.713781860939091
0.0028919818659534687,-0.18922865495846497,-0.1534858779212049,0.05599999999965833,7.603805567029368E-8,1.719196263707149
0.003073921261577597,-0.1890405035695868,-0.15312174291491895,0.055999999999533354,8.886320695786575E-8,1.7608751914186176
0.0033231781161390953,-0.188729799975151,-0.1530533652037429,0.05599999999943573,9.771752534119296E-8,1.7635799288913157
0.00296736136918189,-0.188998773578513,-0.15446500206324754,0.055999999999757105,6.411280454862739E-8,1.6533015869667436
0.0033420773952615715,-0.18831993660728563,-0.15476965992429628,0.05599999999969823,7.146205745863662E-8,1.5628497522481328
0.003096890071258375,-0.1887091604287556,-0.15488785618529155,0.05599999999977299,6.197974183965958E-8,1.583279666371227
0.0032101625949061503,-0.18864712694529995,-0.15442596431819927,0.05599999999969291,7.208740305000905E-8,1.624775201365048
0.004109927395255611,-0.18797003722029132,-0.14953021828744698,0.05599999999197814,3.684387304963298E-7,6.789583766094245
0.004354989979967085,-0.1876659630000638,-0.14927025867012397,0.05599999999947316,9.432569436129191E-8,2.3219326152733384
0.004558951236687859,-0.1873753322429017,-0.14947150364129028,0.05599999999891541,1.3252326533034394E-7,3.171897415205917
0.00437285354278657,-0.1876244393119589,-0.1497198431832539,0.055999999990685556,3.9699571945169356E-7,7.414827991825499
0.0043336822609904065,-0.1876560687956199,-0.15008325935812397,0.05599999999514196,2.8671933852375673E-7,3.635399199752611
0.004146875130267374,-0.18791362026286357,-0.14995108718309258,0.05599999999630469,2.5006169402800435E-7,3.212613974900679
0.0038596978225604118,-0.188262444300928,-0.1498338844691114,0.055999999996855204,2.3068052006974602E-7,3.055368949525127
0.0035805756821205904,-0.18857200853792458,-0.15025366669166326,0.05599999999738825,2.102266022107643E-7,2.6725556835157676
0.0033371596398190304,-0.18883128851001088,-0.1506848240016729,0.05599999999844487,1.622214978820003E-7,2.261290369461778
0.0035112801994418787,-0.18863756156502873,-0.15121046615712103,0.05599999999861294,1.532057433358358E-7,2.1613897758208522
0.0036939986874154167,-0.18844113931463236,-0.1507097747828245,0.055999999998024096,1.8285521095621745E-7,2.3616915780744367
0.0039396235046240315,-0.1881589694149486,-0.1503448671965221,0.05599999999681245,2.3224778965926917E-7,2.8424771346302675
0.003954955425332627,-0.18811898943826696,-0.15077370329479445,0.055999999997590796,2.0191245539502647E-7,2.4742110640438826
0.0033619997187165182,-0.18849280193680676,-0.1540705581438562,0.055999999999594555,8.283147636772842E-8,1.6594286613677038
0.00345404923773079,-0.1882597488251009,-0.154354188683718,0.05599999999959479,8.280697539254875E-8,1.618127709459661
0.00315977240347561,-0.1889826166734202,-0.1525315655420435,0.055999999999336206,1.0598583659855937E-7,1.839924470234327
0.002903862695820355,-0.1892777434898283,-0.151849766108789,0.0559999999992386,1.1350950338776713E-7,1.895739153831463
0.003322660903185326,-0.18883121624128715,-0.15181837156466854,0.05599999999905627,1.2637283667136353E-7,1.9917673736467492
0.0033709631422130445,-0.1885518680816518,-0.1537342126260979,0.055999999999536955,8.852015995832872E-8,1.7098786985349739
0.0035439294602581856,-0.18822649990794496,-0.1539418689371201,0.055999999999492935,9.263154136703245E-8,1.6455780540697649
0.0036432045954634556,-0.18791120823308852,-0.15429191814757112,0.05599999999948565,9.32954880528187E-8,1.6279030866659159
0.0034069929819962146,-0.18856502587589347,-0.1533783857540088,0.05599999999947149,9.457013432724818E-8,1.7514146054209399
0.0035738954557561664,-0.18849458340077965,-0.1522193153384794,0.05599999999904114,1.2738129264038493E-7,1.9356878476496118
0.0035230574058370792,-0.18843238256883132,-0.15316989854557053,0.05599999999930917,1.0812230389242733E-7,1.7802587733179678
0.0035455895818432438,-0.18847109775488322,-0.15272378990631802,0.055999999999208266,1.1574917050466385E-7,1.8654646221605564
0.003533060152599299,-0.1879660737080899,-0.1546745371377281,0.05599999999961017,8.122169421600076E-8,1.5622012808734003
0.00375455856783037,-0.1878702234289045,-0.15383888335911142,0.05599999999935395,1.0455933223404054E-7,1.72708480136522
0.004573652728804595,-0.18733103092063141,-0.14976006122931027,0.055999999988533486,4.4044179030215605E-7,8.957519637228991
0.004722188306010218,-0.1871071712659484,-0.14964976851034295,0.05599999999869463,1.4779942919575038E-7,3.5059803949570316
0.004208590446431395,-0.18781236954523772,-0.1503219894921934,0.05599999999586349,2.6457146000057E-7,3.1124355496544136
0.0044997380644132695,-0.18741779996887914,-0.15003492034322358,0.055999999995544676,2.7457841691440583E-7,3.7257989660733997
0.0044223330070282335,-0.18750180188264065,-0.15035897441831644,0.05599999999482014,2.9606301019587915E-7,3.49928801586686
0.003718647886814968,-0.18835698859990407,-0.15168094894157164,0.055999999998673534,1.4982171090426208E-7,2.0557544604502205
0.0038459378417631924,-0.1882349145994563,-0.1511429386733334,0.05599999999817377,1.7579433445779218E-7,2.2624506873388763
0.004147792156785235,-0.18783245925515396,-0.15104275773579243,0.05599999999754357,2.0388116709359544E-7,2.4096824970605537
0.004317751076738659,-0.18762566530516445,-0.1506615847778642,0.05599999999651339,2.4289993599518506E-7,2.771358378077086
0.004121119375402083,-0.18791030157122834,-0.15061229728975112,0.055999999997040285,2.237955345212217E-7,2.6413187872881214
0.0038222223084964013,-0.18750939429584595,-0.15423189837483758,0.055999999999404776,1.0036236200244034E-7,1.6330353791036003
0.0036976419316754453,-0.18757265684819185,-0.15461906409300502,0.055999999999525756,8.958483828779784E-8,1.5535359254283856
0.003930103344688945,-0.18801185630929906,-0.15207910387780654,0.05599999999866328,1.5040045980787474E-7,1.9698344615492556
0.0035996125663803366,-0.18824463859693064,-0.153510042420481,0.05599999999935212,1.0470734396542928E-7,1.7065041098705873
0.0037228657167808253,-0.18814847984610336,-0.15305815692564012,0.05599999999914373,1.2037452496607394E-7,1.7943678779148804
0.0038322712051065593,-0.18807698850788923,-0.1525610687154976,0.05599999999895546,1.3295102659217188E-7,1.8683167417826458
0.0038700025007327643,-0.1877843761596544,-0.15344979864644617,0.05599999999912405,1.2175044157818218E-7,1.8135071816671806
0.003946018125037079,-0.1874447247292699,-0.15382807883473107,0.05599999999922022,1.1487184321922307E-7,1.7294839094551204
0.00467896684822129,-0.1871416870362039,-0.1499573524295966,0.05599999998805256,4.4961932745597755E-7,8.681910884931348
0.00485560515823,-0.186854289079,-0.149811775583,0.05599999999906427,1.2574591598346563E-7,3.0098030067040673
0.0046277423443273616,-0.18718696203627425,-0.1502524421941935,0.055999999994944906,2.9247654179082446E-7,3.703571617845611
0.004535077839782456,-0.18728725288794035,-0.1506176216107422,0.05599999999545208,2.774148520372434E-7,3.119271449531984
0.004739538236943695,-0.18694802777249464,-0.1504801375563213,0.05599999999461359,3.0190641175370054E-7,3.7950780884241824
0.0044297377592157116,-0.18739668499711987,-0.1510219011202001,0.055999999996778065,2.3349824189143951E-7,2.5838487279748406
0.004038072176994507,-0.18792594764002024,-0.151576774096922,0.0559999999982232,1.733990107006101E-7,2.14375126792752
0.004321817578505734,-0.18750091729561405,-0.1514422542863688,0.05599999999771594,1.9659820751070516E-7,2.3023432124679464
0.004223471676368748,-0.18756074226085265,-0.15195696992826874,0.055999999998250276,1.7207281007775236E-7,2.112414722898414
0.004115424533640928,-0.18762611547967095,-0.1524653825837033,0.055999999998585764,1.5469990002104658E-7,2.014278012629527
0.00399400689933782,-0.1877051733972037,-0.15296818371039483,0.05599999999888201,1.3754618334140937E-7,1.909362877416705
0.0040730180359862915,-0.18737606290961525,-0.15339012130672822,0.055999999998985146,1.3104750961197452E-7,1.814222343688261
0.004207772103576302,-0.18729997848442548,-0.152893752118194,0.05599999999866959,1.5004469610943629E-7,1.8910759548338971
0.004801670026357042,-0.18689903420257925,-0.1501317321038018,0.05599999998945989,4.223133170683138E-7,7.841895889961287
0.004665477903051353,-0.18700361737993246,-0.1508712113466084,0.05599999999587075,2.6433725261716364E-7,2.9277127950910065
0.00457680830943049,-0.18706686025284594,-0.15131185291922666,0.05599999999694096,2.2751863547454212E-7,2.4900415248392607
0.004470053623178195,-0.18713885022808782,-0.1518083562121127,0.05599999999781866,1.9212689233408384E-7,2.1825525170833675
0.0043442885400972004,-0.1872185986974438,-0.152350764922643,0.0559999999982752,1.7084314613394994E-7,2.07106038104439
-0.00145422270527,-0.189658568097,-0.146578892546,0.05599999999818188,1.7540425417226336E-7,4.320587118658472
-0.0012750006008000001,-0.18969317536,-0.14661544468,0.055999999998472966,1.6026898505849844E-7,3.9807139621027603
-0.0010545677947424487,-0.1897319240323533,-0.1466622464186928,0.055999999998652496,1.5092069335421417E-7,3.7683075203219385
-0.001217117158291792,-0.18976472432967764,-0.14687831802309187,0.05599999997989457,5.830650664097102E-7,13.310481898947373
-0.0011297973743770785,-0.18984462804032273,-0.14715916176595906,0.05599999999297456,3.44769770872174E-7,5.757813864846601
-9.828968794413518E-4,-0.18980034050814856,-0.14691299524152174,0.055999999981443206,5.601260548742065E-7,12.812435234282363
-8.902712625253443E-4,-0.18985788650056734,-0.1471115373302321,0.05599999999376486,3.2480030388684613E-7,6.250395052701473
-9.131098589461252E-4,-0.18989998260368354,-0.14729108193801083,0.05599999999145161,3.8033873822341934E-7,5.988515931050882
-8.178434475663442E-4,-0.18976858015575215,-0.14671490387736894,0.05599999999858062,1.5496786339745064E-7,3.8453582386826852
-7.312059470495251E-4,-0.18984049261220226,-0.14698463281009788,0.055999999982904065,5.375979970936697E-7,12.176589041222607
-0.001098039336872074,-0.18992577097012892,-0.14746869479932487,0.05599999999314271,3.4064466142132745E-7,4.9727757437385955
-6.971765618660377E-4,-0.18990606199324067,-0.14724439250710866,0.05599999999402345,3.17986756534004E-7,5.698564140659877
-4.6692056124948516E-4,-0.18987737166847948,-0.14707133451567517,0.05599999998597812,4.869000311995426E-7,10.702694712010045
-5.514333996935947E-4,-0.1898031383535253,-0.14677740403941222,0.05599999999876634,1.4432043065950794E-7,3.5804392926568305
-2.5187165991094655E-4,-0.18983244601509663,-0.14685230381488046,0.05599999999905118,1.26500680428923E-7,3.1581940414173775
-7.58805765299171E-4,-0.18997535687454997,-0.14754305093775022,0.055999999993639686,3.280686015777845E-7,4.854035764935583
-0.0010386074431320723,-0.19001115776246383,-0.14777938721642897,0.055999999995036936,2.898009406003498E-7,4.129465951820715
-4.3879383796419915E-4,-0.18995745787655907,-0.14739874129638075,0.0559999999944498,3.0643641466292255E-7,5.13242052356727
-1.4575862004513127E-4,-0.18999044259702436,-0.14751690103737705,0.05599999999516414,2.8604405596591077E-7,4.702244266737181
-4.4813856581523104E-4,-0.19002619572544519,-0.14768092099316535,0.055999999994268974,3.1141890544551833E-7,4.653337683688094
-1.7514890974529838E-4,-0.19005437582903406,-0.1477807224609708,0.05599999999460098,3.0226407961793926E-7,4.459773658152869
-1.8654079765703736E-4,-0.18991219792691702,-0.14718843324609082,0.05599999998720567,4.651864963736266E-7,10.061126893843733
8.435277557625035E-5,-0.18985126519830173,-0.14694318130747985,0.055999999999320434,1.0690406103029928E-7,2.7035013352300035
1.3807513287022628E-4,-0.18994244580219244,-0.147348294369295,0.055999999988831047,4.3469377932161484E-7,9.105694499395382
4.6026595591961973E-4,-0.1898510098521637,-0.14705508860776575,0.0559999999995241,8.955651614164189E-8,2.2908917367099177
-8.915406824341523E-4,-0.19024936154160974,-0.14863929700417736,0.05599999999754965,2.0362948946974568E-7,3.223195427953577
-9.479604874446847E-4,-0.19012990041635092,-0.14820502068677238,0.055999999996453574,2.4497482965258774E-7,3.633544940002517
-6.781165454388681E-4,-0.19008367432723627,-0.14795276925457207,0.055999999995555015,2.7425770074831813E-7,3.9340531130688734
-5.024972883064311E-4,-0.1901932038416988,-0.14835179271383503,0.05599999999680944,2.3235840670821943E-7,3.4980342997441762
-3.735046902647792E-4,-0.19009424100877184,-0.1479476512996981,0.05599999999585263,2.6491688780508047E-7,3.919694810062179
-3.125741250551878E-5,-0.1901367892694929,-0.14813275712113488,0.05599999999610593,2.566995605447413E-7,3.7640322273634745
1.4567519096275044E-4,-0.19003322722945332,-0.1477380538649633,0.05599999999580011,2.665780798454634E-7,4.05926351332982
4.921428142536531E-4,-0.18995183271019986,-0.14752293172079123,0.05599999999095404,3.912333025437904E-7,8.003635253889563
4.5776436230742705E-4,-0.1900617373070555,-0.14798997936174482,0.0559999999964313,2.457309340365891E-7,3.691707386998966
8.79872363297E-4,-0.18981786388,-0.147195898147,0.05599999999962402,7.970305531181863E-8,2.0517363483867617
-5.477594248115191E-4,-0.19030199414114962,-0.14877499875248,0.05599999999773701,1.956900065288738E-7,3.0692222138320724
-8.32105064657138E-4,-0.19038049331703794,-0.1491088873695815,0.055999999998297446,1.6973732154305506E-7,2.958238234105456
-7.177374506243745E-4,-0.19055136042754348,-0.14970368281542465,0.05599999999874825,1.4554135598393812E-7,2.653417885719094
-6.348954513033866E-4,-0.19091184182946727,-0.15094515292334834,0.055999999999345094,1.0527298187923291E-7,2.3603988836064786
-6.349686711452987E-4,-0.19072465444701636,-0.1503054961669438,0.05599999999907886,1.2485070037774385E-7,2.5176461189396875
-2.795025916686066E-4,-0.1905923120904416,-0.14986788674044826,0.05599999999881278,1.4174114068741557E-7,2.5006805559466443
3.5610731703036863E-4,-0.1902014032418101,-0.14853767094977918,0.05599999999702134,2.245095183210625E-7,3.2483202392417247
-1.2736405638428974E-4,-0.1902825267523958,-0.14870562339519974,0.05599999999756802,2.0286325687940494E-7,3.0697139741837347
-2.501268539773093E-4,-0.1904297054867401,-0.1492607450732915,0.05599999999836748,1.6620917365968397E-7,2.7475715576904363
2.4554352462344335E-4,-0.19034941154970245,-0.14910016865523526,0.055999999998081286,1.8018989947676822E-7,2.790957689442058
-1.1813769630354019E-4,-0.19082573544825887,-0.15079041864284598,0.055999999999256166,1.1219355630992119E-7,2.316382013793423
1.5653104233603052E-4,-0.19051618902869558,-0.14973254937429809,0.05599999999865348,1.5095042818488622E-7,2.539791959822956
2.637809714640936E-5,-0.19067292187226456,-0.15028161241867882,0.05599999999895586,1.3292573726571268E-7,2.433697561351638
0.0037173659423292197,-0.18746352572958733,-0.15466860905212726,0.05599999999952872,8.93036325103231E-8,1.5560271674801123
0.0038284232997878778,-0.18714144924930148,-0.1545639214448877,0.05599999999945095,9.639080399923757E-8,1.5800120903024275
0.003864981101374804,-0.18728523036144237,-0.15433407263637428,0.0559999999993876,1.0179916821909247E-7,1.6248270073628939
0.0039652299602397426,-0.1868819399234905,-0.1542878883632324,0.05599999999931425,1.0772389228631143E-7,1.697766435340698
0.004022458288566931,-0.18709070556991308,-0.15397013917958702,0.055999999999210424,1.1559122072170515E-7,1.74852869876518
0.004139046969251392,-0.18669009345258183,-0.15385597052094682,0.055999999999114716,1.223973386834815E-7,1.7494901529749527
0.004194170474199614,-0.18687288197845517,-0.15356418157570934,0.05599999999894232,1.337851076402448E-7,1.8304400233559166
0.00408660158919847,-0.18636376799842416,-0.15408450614478933,0.055999999999200745,1.162973985375895E-7,1.7503155558263017
0.004210600042754504,-0.1858725297693591,-0.15377902593633305,0.05599999999892699,1.3475086844459334E-7,1.8216422758273891
0.004259338998736439,-0.18639963441955543,-0.15360207412192065,0.055999999998853404,1.3929469526239004E-7,1.7906350702206923
0.004384263962488539,-0.18662382590990945,-0.15310250484104787,0.05599999999864943,1.511774425616194E-7,1.8931441685613375
0.0042981281433048645,-0.18538002321455843,-0.1535098466309109,0.055999999998559834,1.5611089664080036E-7,1.9026868739585299
0.00437089094455142,-0.1848522600895733,-0.1532226195328987,0.055999999998175586,1.7570733209662958E-7,2.082567948005348
0.004643237505617762,-0.183725840597093,-0.15226279235845697,0.05599999999392424,3.206463631469358E-7,3.6007720845026316
0.0046431537832820535,-0.18343948933903115,-0.15218147611013289,0.05599999999366031,3.27535135218781E-7,3.6107970087925794
0.0045146079804104814,-0.18351678832486915,-0.15249871840399531,0.05599999999483282,2.9570066154245805E-7,3.2164918381573764
0.004418977392103401,-0.1843938092262941,-0.15298282732655943,0.05599999999762503,2.004727058430584E-7,2.3179092142475612
0.004466597012516754,-0.1840302138982219,-0.1527627910801887,0.05599999999670358,2.361818801542286E-7,2.5686786049964048
0.004533724114656901,-0.18379231030117146,-0.15253583633266976,0.055999999995566895,2.7389253791104436E-7,2.8809973191135096
0.004450395340726987,-0.1859291515704078,-0.1531475131574251,0.05599999999846693,1.6106804851050542E-7,1.9803639335821597
0.00458885202843528,-0.18634512548561197,-0.15258984937089068,0.055999999998088086,1.798710150749635E-7,2.0319897695402314
0.00486004214332431,-0.18357161298550334,-0.1517138195427496,0.05599999998362147,5.264482508647941E-7,10.286537555594375
0.004897590406350001,-0.183283396215,-0.151551709433,0.05599999999896207,1.313920395444055E-7,3.140589206719843
0.004767636618493789,-0.1833636663986877,-0.15187366806229607,0.05599999998973112,4.168553398030723E-7,7.200010390709281
0.004995979928248086,-0.1836319759233997,-0.15141234482536936,0.0559999999991439,1.17660776269226E-7,2.829977025277563
0.00452368919085928,-0.18534695123694747,-0.15294637955327878,0.05599999999810742,1.7895968350360704E-7,2.047942219970327
0.00457056455821676,-0.18484858066167578,-0.15274496897691772,0.055999999997617296,2.007983280905279E-7,2.2673947690559015
0.004671183199916458,-0.18573120906211718,-0.15255782791328992,0.055999999997916265,1.877790808714246E-7,2.1746313393576653
0.0047042906269474626,-0.1852418361621957,-0.15247431350524485,0.05599999999754041,2.0401243183973585E-7,2.2767238036750803
0.004637170303251807,-0.18408467558065544,-0.1523826881016145,0.05599999999558469,2.733419710990184E-7,2.944718421723161
0.004767754478513382,-0.18369746899303538,-0.1519647291719451,0.055999999994581655,3.0280276694319936E-7,3.613563194830918
0.004747301677167204,-0.1839684001944467,-0.1520907862241459,0.055999999994708435,2.9923815079516556E-7,3.335625537807887
0.004617807814781403,-0.18443932518251174,-0.15252954852364267,0.05599999999672778,2.353130028779715E-7,2.597570859859378
0.004745550363678582,-0.18479607819503252,-0.1523073475964441,0.055999999996684785,2.3685377716653784E-7,2.6579783922992757
0.0047915031955875174,-0.18605671455283093,-0.15206500820981114,0.055999999997438994,2.0817468089542153E-7,2.2422575981015744
0.0048463306090278544,-0.185523796182329,-0.15208343048872455,0.0559999999969708,2.2640636254261676E-7,2.52515569386835
0.004974128568920631,-0.18578536457007563,-0.15157793896500357,0.05599999999624051,2.5222197251613447E-7,2.8491086084262816
0.004841572467951942,-0.18510984190812463,-0.15210682242620366,0.055999999996671476,2.3732920969480102E-7,2.676224056941033
0.0050245056005846205,-0.1852757458381449,-0.1515957059576573,0.05599999999662608,2.389348003729995E-7,2.920717569403961
0.004923296360835078,-0.1847720394685438,-0.15186009253803637,0.055999999996490885,2.436771464186468E-7,2.901783898434644
0.0049183163881121456,-0.1839977480511249,-0.15169688489053185,0.055999999989592104,4.196665982205879E-7,7.357833519216798
0.005103018034781209,-0.18400813525549242,-0.1512622088181331,0.05599999999956545,8.575052452469978E-8,2.1163988545506562
0.005017953814774748,-0.18439017415409206,-0.15155573838044656,0.055999999991236386,3.850950363822221E-7,6.810942988963024
0.004806224483970653,-0.18435829330503017,-0.15205980854467105,0.055999999996236505,2.5235557077854206E-7,2.7269467698048087
0.005137731229546908,-0.1855329688956954,-0.1511321116445478,0.0559999999943094,3.10317587457473E-7,4.830566160586462
0.005186574898920716,-0.18515030331456528,-0.15112560665975847,0.05599999999129509,3.8379516315858486E-7,7.120685778059189
0.0052937284464900005,-0.185284617771,-0.150701397427,0.05599999999944174,9.530533552998393E-8,2.309379448817368
0.0051277956454786255,-0.18479862546676964,-0.1513279987618482,0.055999999992237225,3.6243257862852087E-7,6.530524488672925
0.0052801375379400006,-0.184889032241,-0.15088872375100001,0.05599999999933389,1.0585811181428623E-7,2.5613963111832505
0.005205994334260142,-0.1844242742970619,-0.15109150817486927,0.05599999999952166,8.987616372004636E-8,2.20636177049395
0.0041105709561561725,-0.18716263197873906,-0.15356679117381278,0.05599999999899661,1.3030612529261143E-7,1.7429938355739953
0.00485560515823,-0.186854289079,-0.149811775583,0.05599999999919992,1.1635805878931444E-7,2.796716514827945
0.00494883481852,-0.186654104618,-0.149936340581,0.05599999999892353,1.3417557300030356E-7,3.1875032036876347
0.0049274170498416715,-0.18662818689148286,-0.15024598180094512,0.05599999998667991,4.7476285567878635E-7,9.296739465380474
0.004851155296153485,-0.18673639538070855,-0.15044740619374222,0.05599999999567493,2.705244141811962E-7,3.431133440350679
0.0048180001336755865,-0.18673240536781627,-0.15072819571746598,0.05599999999484431,2.9537290524126816E-7,3.3730038587776696
0.0042533410152107536,-0.18700747936012332,-0.1531956452330028,0.05599999999873431,1.463498364507614E-7,1.825385408031844
0.004437992351230481,-0.1868189933928269,-0.15267647291581524,0.05599999999833555,1.6782753393365764E-7,1.997815308385672
0.004536502114914708,-0.18688336699701538,-0.15209860050398583,0.055999999997917604,1.877192927395868E-7,2.125191963599815
0.005057416467299562,-0.18638420782442577,-0.15009918001704475,0.05599999999907285,1.2292194927624221E-7,2.928500885585324
0.004780950078331516,-0.1866918025863946,-0.15112337776441812,0.05599999999586763,2.6443777215768177E-7,2.860244274450322
0.004989327498872441,-0.186404168636907,-0.1505408870035961,0.05599999998926662,4.2617284832283927E-7,7.474309798245975
0.00489888517727211,-0.18649743254547332,-0.15088866333615825,0.055999999996086534,2.573412110401621E-7,2.6557073351102636
0.004706119655632548,-0.18665046893927206,-0.1516718888576049,0.055999999997204855,2.1748304808580526E-7,2.380700625508275
0.004645433873265948,-0.1865143973305515,-0.1521843511036827,0.05599999999783972,1.911972421746147E-7,2.134411475894812
0.004830422939675758,-0.1862533827802229,-0.15170398917671019,0.05599999999682013,2.319684172373637E-7,2.557160632777353
0.005158459768024278,-0.18607314307439382,-0.15027969881696707,0.05599999999957642,8.432671249561916E-8,2.0600660018723853
0.004894861622250854,-0.18634280300849906,-0.1512542132184834,0.05599999999604932,2.5855888133995156E-7,2.808759768483475
0.005063281106160172,-0.18607988272101464,-0.15082644028663814,0.055999999990843305,3.9363120072995015E-7,6.557704703026646
0.005008934820551129,-0.18596652156884896,-0.1512604294481858,0.05599999999662673,2.389192841008279E-7,2.585753249848229
0.005243995359332265,-0.1857099487310683,-0.15048084476165668,0.055999999999482436,9.255464046532524E-8,2.2443240081782627
0.005158108051735266,-0.18571138226856343,-0.1508885195101079,0.055999999989721785,4.1704327911079087E-7,7.506679317984973
0.0052937284464900005,-0.185284617771,-0.150701397427,0.055999999999492844,9.095293261617293E-8,2.201025817338185
0.004717183072196232,-0.18262218781034278,-0.1518179270804511,0.05599999999875477,1.4515572774428943E-7,3.485067323929036
0.00464121534567,-0.182338376707,-0.151932634819,0.055999999998724015,1.4694409799522433E-7,3.5260848952367403
0.004663476241210797,-0.18285079394880438,-0.1519866411170412,0.05599999998436981,5.142594740042144E-7,10.203858031572397
0.004794416802960001,-0.182905886384,-0.151703655105,0.0559999999988727,1.3805154313465048E-7,3.3142576541111683
0.00473178733683902,-0.18316154511520857,-0.15190514919209877,0.055999999982392336,5.458443140363689E-7,10.422084259573799
0.004897590406350001,-0.183283396215,-0.151551709433,0.05599999999923902,1.1136871289377581E-7,2.6992861015411402
0.004606107122675459,-0.18310101176256277,-0.1521765239239738,0.0559999999936267,3.284029773713642E-7,3.911730547389731
0.004539327511447614,-0.18326872748399378,-0.15237272406901545,0.05599999999306978,3.4245237640716846E-7,3.8752172496200528
