x_mm,y_mm,z_mm,VM_cycle_max_Pa,VM_cycle_min_Pa,VM_stress_range_Pa,VM_stress_amplitude_Pa,VM_midrange_stress_Pa,VM_temporal_mean_Pa,t_VM_max_s
-21.609682720884937,177.84178399631455,-239.2833522556361,1523.6503794180203,7.432553489008816e-07,1523.6503786747649,761.8251893373824,761.8251900806379,252.46525548871443,0.05
-21.13202155330008,176.608153916,-238.56887728399997,1486.7823016254335,8.077035094404427e-07,1486.78230081773,743.391150408865,743.3911512165686,272.4950434874281,0.05
-21.22410305611573,178.14527707655492,-238.20609415284304,1522.8381137743602,8.831907469223857e-07,1522.8381128911694,761.4190564455847,761.4190573287755,251.74900442076725,0.05
-21.75598619573492,176.9006196658584,-240.0143550775405,1490.7429593374889,6.476500859049414e-07,1490.7429586898388,745.3714793449194,745.3714799925694,255.87744699611972,0.05
-20.74426481453768,181.90762238929457,-237.6265963407071,1816.3124698688775,1.3314574760595614e-06,1816.31246853742,908.15623426871,908.1562356001675,264.8015740452932,0.05
-20.770843410919767,180.8637167134351,-237.1505469768421,1762.1954823670412,1.3571916961309672e-06,1762.1954810098496,881.0977405049248,881.0977418621164,258.6220066338132,0.05
-20.29767425170012,182.000761816,-236.51353586099992,1771.9404724866815,1.4502010879604711e-06,1771.9404710364804,885.9702355182402,885.9702369684413,256.33135815024497,0.05
-20.31017800359561,182.8913173147529,-237.23992031190585,1877.710569453971,1.2889824993946405e-06,1877.7105681649884,938.8552840824942,938.8552853714767,277.9490565889209,0.05
-21.307852209427917,181.0713601339272,-238.63301423743107,1866.8593987513489,1.1985542053536137e-06,1866.8593975527947,933.4296987763973,933.4296999749515,272.82754276785766,0.05
-21.104002250452016,179.55060677776245,-237.73558707809576,1679.5547922566568,9.66243272510715e-07,1679.5547912904135,839.7773956452068,839.7773966114501,255.27952085963992,0.05
-21.661958404803656,179.28898005050252,-239.1781732875956,1667.0347400569233,8.208159304568868e-07,1667.0347392361073,833.5173696180536,833.5173704388696,259.9634526706127,0.05
-22.06972291632373,178.2755365973593,-240.3562271326072,1565.266074292943,6.900991094107872e-07,1565.2660736028438,782.6330368014219,782.633037491521,253.9075400783742,0.05
-22.3274931920822,177.2072000308211,-241.3460604903924,1434.245928149537,5.705493209105373e-07,1434.2459275789877,717.1229637894938,717.122964360043,245.64462619722224,0.05
-20.155092088005446,183.9454309401001,-237.93636387770297,1960.366242328991,1.1485413226507173e-06,1960.3662411804496,980.1831205902248,980.1831217387661,302.0405444703716,0.05
-19.757067781000057,185.16280016600004,-238.537725732,2133.098765311432,1.4766062081169692e-06,2133.098763834826,1066.549381917413,1066.549383394019,337.1833035875599,0.05
-20.58043976622162,183.84788914829625,-239.04428442455549,2036.177445336643,1.0817382171685803e-06,2036.1774442549047,1018.0887221274523,1018.0887232091906,313.58295989664094,0.05
-20.511343466272667,184.53325231944748,-239.8414143454662,2163.090434830788,1.0981092302040974e-06,2163.090433732679,1081.5452168663394,1081.5452179644487,342.29604823656894,0.05
-20.885652405906686,182.63488828893293,-238.56707706513657,1936.1222941875544,1.204921017749536e-06,1936.1222929826333,968.0611464913167,968.0611476962378,284.44578428456055,0.05
-21.55446162318146,182.03218181140096,-239.8853441502285,1954.8053185179065,9.924662041410166e-07,1954.8053175254402,977.4026587627201,977.4026597551864,289.96956209159947,0.05
-21.145696554149765,183.29394397050024,-239.9862018672321,2026.290335937901,1.0342560863344803e-06,2026.290334903645,1013.1451674518225,1013.1451684860785,311.31493501698577,0.05
-21.937202219569475,180.6604530355423,-240.133495131136,1884.166573217138,7.74471701849667e-07,1884.1665724426662,942.0832862213331,942.0832869958049,279.68014787598037,0.05
-22.26154728641355,179.46920695052594,-240.7565722215684,1740.238768995344,7.662136988431289e-07,1740.2387682291303,870.1193841145652,870.1193848807787,270.28047746535117,0.05
-22.413901211114933,180.4427800181964,-241.3522000654086,1893.428802278154,8.113262830484514e-07,1893.4288014668277,946.7144007334139,946.7144015447402,286.2029214492041,0.05
-23.3688677615354,178.76005697972684,-243.7741110580844,1302.7416927199945,5.40016492243358e-07,1302.741692179978,651.370846089989,651.3708466300055,239.79881133192922,0.05
-23.24907332324713,177.8664116637359,-243.5728747607424,1090.425015914651,5.21802036308352e-07,1090.425015392849,545.2125076964245,545.2125082182266,216.29896105643897,0.05
-22.98682818616664,178.58666116261745,-242.73901735617056,1508.4444579699218,6.067502458182664e-07,1508.4444573631715,754.2222286815858,754.222229288336,254.21592862982976,0.05
-22.824825829605206,177.53245286430558,-242.5299739234703,1320.399024860829,5.458875952194654e-07,1320.3990243149415,660.1995121574707,660.1995127033583,234.9011172077328,0.05
-22.58412637911783,178.39888169526452,-241.68454530959596,1568.8183430984902,6.272718608617459e-07,1568.8183424712183,784.4091712356092,784.4091718628811,256.57739698987814,0.05
-22.74215771849702,179.57196926122333,-242.06230647230225,1748.0832530012976,6.80727648506807e-07,1748.08325232057,874.041626160285,874.0416268410127,276.37823987552866,0.05
-21.19318273960406,183.96826417691736,-241.03057038967904,2214.1641701093554,9.650862177629551e-07,2214.164169144269,1107.0820845721346,1107.0820855372208,346.0952773988334,0.05
-22.11302416561033,181.5550893446648,-241.0887110208712,1992.7476562422944,8.160831740046191e-07,1992.7476554262112,996.3738277131056,996.3738285291888,297.77664605998905,0.05
-21.714098277937293,182.75845290565292,-241.01807085329744,2037.625166201374,9.222903801122348e-07,2037.6251652790836,1018.8125826395418,1018.8125835618322,311.5172386476645,0.05
-22.71193296552345,180.5273746199306,-242.21539163065,1864.2158095785385,7.514229218686907e-07,1864.2158088271156,932.1079044135578,932.1079051649807,291.5028438092302,0.05
-23.607769070111228,178.1910736875228,-244.49383234229916,792.4496110415295,3.844542913986e-07,792.4496106570751,396.22480532853757,396.2248057129919,193.04570913501826,0.05
-22.485690741614707,181.31948888430955,-241.99173209555852,1979.8798437730427,7.069600639780312e-07,1979.8798430660827,989.9399215330413,989.9399222400014,301.50627006948446,0.05
-23.67922776301333,179.03114212447215,-244.64680700505247,1036.1510483795955,3.879283163493342e-07,1036.1510479916672,518.0755239958336,518.075524383762,219.8975648543789,0.05
-23.118743445903004,179.46921090082725,-243.0952164742719,1617.0458416731944,6.259083863930317e-07,1617.045841047286,808.522920523643,808.5229211495514,268.86163144303526,0.05
-23.446047295665405,179.6649433793786,-244.05591383042477,1454.8053329054555,5.134431445545803e-07,1454.8053323920124,727.4026661960062,727.4026667094494,259.2816526834354,0.05
-22.951292910997918,180.20972121030053,-242.78005908862127,1824.51314028788,7.626963825558721e-07,1824.5131395251838,912.2565697625919,912.2565705252882,288.6452764058679,0.05
-22.18408060178698,182.33432002124135,-241.952970457664,2081.4009595650336,7.921690848940776e-07,2081.4009587728647,1040.7004793864323,1040.7004801786013,320.64097513910195,0.05
-21.78187824198337,183.45299674182212,-242.08198021002457,2238.1639127951453,8.70337447639615e-07,2238.163911924808,1119.081955962404,1119.0819568327413,350.5589260539547,0.05
-22.28128220197741,182.96538542299464,-243.0061535810012,2211.5685694954213,7.694589550933945e-07,2211.5685687259625,1105.7842843629812,1105.7842851324401,350.9621733408466,0.05
-22.85953211751394,180.99844019317345,-242.87671399452205,1933.3832990394856,7.345937240315471e-07,1933.383298304892,966.691649152446,966.6916498870396,301.9956370519914,0.05
-23.208949710926536,180.36559696336363,-243.5816480408875,1725.442424131906,6.430865374072476e-07,1725.4424234888193,862.7212117444096,862.7212123874963,285.0304247986365,0.05
-23.907005624880824,178.49912406617491,-245.3113470954748,660.9012333567397,2.944790371965019e-07,660.9012330622606,330.4506165311303,330.45061682560936,164.07230725713302,0.2
-22.62795464365586,181.95577671085232,-242.9166948353336,2029.1646739763844,7.084338630341855e-07,2029.1646732679505,1014.5823366339753,1014.5823373424091,318.2125290561977,0.05
-23.078606378270244,181.4140332571636,-243.83493727335335,1894.4941440788132,6.707160830135697e-07,1894.494143408097,947.2470717040485,947.2470723747647,307.9585845309122,0.05
-22.7063150094479,182.5134094937476,-243.8199987050968,2129.9555379857343,7.463292821626763e-07,2129.955537239405,1064.9777686197026,1064.9777693660317,339.3131445109052,0.05
-23.945489577806757,179.2620171658194,-245.4545687749205,712.466595193603,3.0315512044104365e-07,712.4665948904478,356.2332974452239,356.2332977483791,192.21213324923377,0.05
-23.450318908975905,180.5645712828364,-244.40436104696332,1606.7886796807868,5.118058589120298e-07,1606.788679168981,803.3943395844905,803.3943400962963,279.3478836259559,0.05
-23.719603690254303,179.8528877202779,-244.9144024044578,1225.6394509216486,4.0657282261305993e-07,1225.6394505150759,612.8197252575379,612.8197256641107,242.21045373821357,0.05
-23.331106457218663,181.3958709208944,-244.6510348753155,1768.4032123203735,5.229062546747222e-07,1768.4032117974673,884.2016058987336,884.2016064216399,300.5920548246999,0.05
-24.15059073263204,178.78232351778252,-246.0391494260857,639.3689500375907,1.971520705033437e-07,639.3689498404386,319.6844749202193,319.6844751173714,148.36621996685227,0.2
-23.066326924229443,182.0947232949661,-244.53587949016952,1967.3626537586908,5.817551051729751e-07,1967.3626531769357,983.6813265884679,983.681327170223,326.06602035800586,0.05
-23.950426221630583,180.01845744965829,-245.7144602972133,906.0889994314772,3.058191833840594e-07,906.088999125658,453.044499562829,453.0444998686482,211.98951079944197,0.05
-24.15404628690341,179.47256889739123,-246.16361813397404,664.4819392417163,2.103508391000145e-07,664.4819390313654,332.2409695156827,332.2409697260336,165.46983990809002,0.2
-24.344454711796825,179.03719573753938,-246.68978790906303,699.3201154498515,1.1687504603718027e-07,699.3201153329765,349.6600576664882,349.6600577833633,165.3132954942412,0.05
-24.142835265562063,179.98700702489123,-246.36085278480945,687.276035500722,2.114848530821658e-07,687.2760352892371,343.63801764461857,343.6380178561034,178.70398734587602,0.25
-23.5609333845613,181.02512810311543,-245.0973710620746,1550.898123844174,4.370819969355118e-07,1550.898123407092,775.449061703546,775.449062140628,278.5683071308356,0.05
-23.718681253591143,180.46161054029955,-245.2004209380184,1322.2867375974968,3.952331754226872e-07,1322.2867372022636,661.1433686011318,661.143368996365,254.54261341034118,0.05
-23.795773513702105,180.74266519712327,-245.6804095047985,1233.640343534531,3.4861467590879506e-07,1233.6403431859162,616.8201715929581,616.8201719415729,246.72196527926144,0.05
-23.37187613701256,181.708905268816,-245.16898485250977,1735.6982293530302,4.65601851221177e-07,1735.6982288874283,867.8491144437141,867.8491149093161,301.82955802813683,0.05
-23.636512177934797,181.35113118643733,-245.74107151147035,1435.4705588977083,3.61470613750841e-07,1435.4705585362376,717.7352792681188,717.7352796295895,269.52142154332824,0.05
-24.32399682993953,179.64334852389507,-246.82026985816032,626.5378124032253,1.219241369420788e-07,626.5378122813012,313.2689061406506,313.2689062625747,158.26933971493557,0.2
-24.457861340351517,179.71422191696416,-247.365695670458,1201.0592499592435,4.766574421062246e-08,1201.0592499115778,600.5296249557889,600.5296250034546,198.49360089531083,0.05
-24.495041297277933,179.2630791175913,-247.27243573948655,1444.9019116764575,4.225611211615888e-08,1444.9019116342015,722.4509558171007,722.4509558593568,216.60874277110688,0.05
-24.19515753718741,180.2247371624505,-246.7323594050484,678.973864365786,1.6562789963844548e-07,678.9738642001581,339.48693210007906,339.4869322657069,173.59035502629698,0.25
-24.33660606526992,180.05641999665593,-247.14908461791697,771.9800226933531,9.206639627651223e-08,771.9800226012867,385.99001130064335,385.9900113927098,172.40840727090162,0.05
-24.245464766424824,180.44718854894515,-247.16719025191364,769.9030438406161,1.0710645086616306e-07,769.9030437335097,384.95152186675483,384.95152197386125,175.70975292964692,0.05
-24.611645022900003,179.46637434500002,-247.808511386,3925.2136756470086,2.7962911693576152e-08,3925.2136756190457,1962.6068378095229,1962.6068378374857,470.82918085696843,0.05
-24.511623050048613,179.832146275275,-247.6719550962661,2129.481988483633,2.2083669450157362e-08,2129.481988461549,1064.7409942307745,1064.7409942528584,288.6347201127417,0.05
-24.015469203220285,180.4578872637518,-246.24336109945168,851.1273753777149,2.537951590567691e-07,851.1273751239197,425.56368756195985,425.56368781575503,204.8757676517206,0.05
-24.06941230115389,180.7195714224281,-246.7366698867213,809.7396865856095,1.8411100991563002e-07,809.7396864014985,404.86984320074924,404.8698433848603,195.06045626798112,0.05
-23.86741076175565,181.02124146443091,-246.26183908273907,1110.1904656429326,2.7665288776089496e-07,1110.1904653662798,555.0952326831399,555.0952329597927,231.92971294868784,0.05
-24.5506052852,179.955712858,-247.956077029,3555.704325081947,2.7563190058274852e-08,3555.704325054384,1777.852162527192,1777.852162554755,438.1340301968702,0.05
-24.40297547065428,180.19643170588824,-247.56714501578972,1425.9061800789102,4.0057208385449376e-08,1425.906180038853,712.9530900194266,712.9530900594837,218.67202513874852,0.05
-7.131954259573682,163.6436321681723,-231.61817135164648,2978.640796054002,9.64567324764675e-07,2978.6407950894345,1489.3203975447173,1489.3203985092846,608.5518280030207,0.05
-5.6428824013882375,163.717801877898,-233.06482913857863,2880.914469042093,8.358809737856136e-07,2880.914468206212,1440.457234103106,1440.457234938987,595.9961076016391,0.05
-9.000356345813897,163.99090604123555,-232.04342446189372,3022.879353009844,7.825614658911111e-07,3022.8793522272827,1511.4396761136413,1511.4396768962029,585.7326386257987,0.05
-6.242830240727177,163.84781802502792,-234.9565128882384,2904.249623763894,5.964981826216559e-07,2904.249623167396,1452.124811583698,1452.124812180196,576.7527374583133,0.05
-7.73821461419782,163.78573834178837,-233.46152757337063,2951.2266914826214,6.975949602839419e-07,2951.226690785026,1475.613345392513,1475.6133460901083,568.412124650073,0.05
-8.337721083469923,163.9136832897562,-235.24337300516143,2720.7475570686715,4.890729645006365e-07,2720.7475565795985,1360.3737782897992,1360.3737787788723,504.2013528977052,0.05
-6.904522781773369,163.9593876538549,-236.8301274384685,2795.383517857932,4.595619704765919e-07,2795.3835173983703,1397.6917586991851,1397.691759158747,556.152544120407,0.05
-7.610074883547746,164.02922221695167,-238.6911543508532,2228.8571159194285,3.044812641251716e-07,2228.8571156149474,1114.4285578074737,1114.4285581119548,484.56575172855844,0.05
-8.992218436909234,164.02156103870738,-237.11561006360384,2278.618831104281,3.373276666148126e-07,2278.6188307669536,1139.3094153834768,1139.3094157208043,429.8505902101028,0.05
-10.683721875991912,164.56679014971837,-232.38878025204696,3178.7931723687598,5.77199193599427e-07,3178.793171791561,1589.3965858957804,1589.3965864729794,600.8595333989313,0.05
-9.718045590059033,164.19371078005074,-233.83114756371728,2929.469223451512,4.706103207617056e-07,2929.4692229809016,1464.7346114904508,1464.734611961061,541.2649574296615,0.05
-10.19089445081888,164.29332740035437,-235.61330294227716,2586.764773217992,3.5469438886363494e-07,2586.764772863298,1293.382386431649,1293.3823867863432,468.9401219911799,0.05
-9.699897670392124,164.09073099016734,-238.90546235874217,1576.0917565681236,2.1444965052358327e-07,1576.0917563536739,788.0458781768369,788.0458783912867,333.58179512792,0.05
-8.342083846871006,164.03986715029896,-240.54577842778212,1310.7332856234227,1.7335415084728925e-07,1310.7332854500685,655.3666427250342,655.3666428983885,335.59002661331573,0.05
-10.432966056629091,164.10683050883912,-240.7471797514291,977.6180567429484,1.4102042398294097e-07,977.618056601928,488.809028300964,488.8090284419844,232.77039342242043,0.05
-9.10784407438,164.00706458699997,-242.437065417,1032.6443613080082,4.034878777907426e-07,1032.6443609045205,516.3221804522602,516.322180855748,222.99641449224112,0.05
-11.241815491643914,164.10068678705446,-242.5526291462727,1020.73448390754,3.697036112274882e-07,1020.7344835378365,510.36724176891823,510.3672421386218,163.77567383968227,0.05
-12.238829350764467,165.36853673672698,-232.47619537761872,3467.628059066272,4.295414061579829e-07,3467.62805863673,1733.814029318365,1733.8140297479067,656.874754554815,0.05
-10.91162640945667,164.42259291929457,-237.37118603553495,2129.3481292238307,2.2728879467650326e-07,2129.348128996542,1064.674064498271,1064.6740647255597,397.7596614228981,0.05
-11.651459756200952,164.9274620208273,-234.2225971192535,3147.1679778806656,3.745703659516109e-07,3147.167977506095,1573.5839887530476,1573.583989127618,579.8414346435018,0.05
-11.710587725355074,164.8064439606274,-236.1215595466361,2704.7294763119794,2.3091589481927717e-07,2704.7294760810637,1352.3647380405318,1352.3647382714475,498.085213335519,0.05
-13.037963561973449,165.78684464998767,-233.65848520278809,3556.260302508931,3.630911967335334e-07,3556.26030214584,1778.13015107292,1778.1301514360111,670.5986361330043,0.05
-11.68011371825218,164.5159326967129,-239.10354896602828,1744.2471284594983,1.4158720393153478e-07,1744.2471283179111,872.1235641589556,872.1235643005427,336.82805604155686,0.05
-12.495878100241992,164.5595814592854,-240.89646297772765,1555.503349886122,1.0993467482659427e-07,1555.5033497761872,777.7516748880936,777.7516749980283,270.02357426433963,0.05
-13.282877903392388,164.54914813362092,-242.77321870717967,1415.7023964128714,3.014272719894927e-07,1415.7023961114442,707.8511980557221,707.8511983571493,186.91198379742644,0.05
-13.633261010023714,166.3796406599596,-232.51710935675555,3744.203525059715,3.930019593765565e-07,3744.2035246667133,1872.1017623333566,1872.1017627263584,721.510313355062,0.05
-12.681345284337082,165.09793829213237,-237.4786001484601,2700.454625377129,1.8174412920727077e-07,2700.454625195385,1350.2273125976924,1350.2273127794367,499.94031267266126,0.05
-13.200965987758678,165.64488319777846,-235.57931762955135,3420.482962672698,2.748118727776903e-07,3420.482962397886,1710.241481198943,1710.241481473755,633.6597870034677,0.05
-14.203686824638844,166.61732438099884,-234.13884297881165,3842.9371987210943,3.241534785248745e-07,3842.937198396941,1921.4685991984704,1921.468599522624,735.1165158349269,0.05
-14.76596013625629,167.46336744302417,-232.6150857564423,3697.095702099001,3.169190190509383e-07,3697.095701782082,1848.547850891041,1848.5478512079599,732.8299438580631,0.05
-13.559589973101588,165.24385754360364,-239.2741924215251,2598.547270422585,1.4781332872007848e-07,2598.5472702747716,1299.2736351373858,1299.2736352851991,467.11536085649914,0.05
-14.396841256437812,165.27621019714354,-241.1765640347357,2417.955182028167,1.0627881639449775e-07,2417.955181921888,1208.977590960944,1208.977591067223,389.08842002661595,0.05
-15.212852241017764,165.26388515026,-243.07093721243564,1944.183536380181,2.417475002252915e-07,1944.1835361384335,972.0917680692168,972.0917683109643,250.1937168235353,0.05
-14.420691715240537,166.09326182639376,-237.53617397437768,3533.7906373197407,2.086243181010035e-07,3533.790637111116,1766.895318555558,1766.8953187641825,651.3647232679052,0.05
-15.075282469713526,166.9750674085464,-235.99471503434657,3911.189949399596,2.900742923906976e-07,3911.189949109522,1955.594974554761,1955.5949748448352,738.3945961935555,0.05
-15.543849312423806,167.95480426056125,-234.19418253051373,3809.865229987127,3.243937539155776e-07,3809.8652296627333,1904.9326148313667,1904.9326151557602,748.8191331894689,0.05
-15.919409252597172,168.9322095539813,-232.61254737854532,3343.9174124355245,3.2965869403520897e-07,3343.917412105866,1671.958706052933,1671.9587063825916,689.9343822396709,0.05
-15.37856922522025,166.24947120767257,-239.5723661513811,3442.607746502807,1.883998690791862e-07,3442.607746314407,1721.3038731572035,1721.3038733456035,602.8828843698093,0.05
-16.203129317143777,166.24333827622337,-241.50794975848808,3164.2213939604685,1.264932662481861e-07,3164.221393833975,1582.1106969169875,1582.110697043481,501.5682690739507,0.05
-17.021669296406696,166.2027224216712,-243.43244222401756,2558.902541870449,1.848719354414531e-07,2558.902541685577,1279.4512708427885,1279.4512710276606,337.0367503589481,0.05
-16.31362476843284,167.52657083586,-237.9946992114789,4018.3017152280345,2.776367205203239e-07,4018.3017149503976,2009.1508574751988,2009.1508577528357,739.9029320550344,0.05
-16.46010538442555,168.43068245536332,-236.02018393601227,3825.175740109567,3.5864921463795245e-07,3825.1757397509177,1912.5878698754589,1912.587870234108,741.9344409059058,0.05
-16.72143935052029,169.5779406048991,-234.11337910569412,3321.2032797693014,3.922191063944754e-07,3321.2032793770823,1660.6016396885411,1660.6016400807603,683.8448653578955,0.05
-16.86240969274017,170.56378919020048,-232.44067393439207,2809.7713138558447,3.932386970901383e-07,2809.771313462606,1404.885656731303,1404.8856571245417,604.4959112155254,0.05
-17.54809311245858,172.2672411586209,-231.98748230074855,2312.9230229752256,4.780905540132678e-07,2312.923022497135,1156.4615112485676,1156.461511726658,511.0028252676345,0.05
-17.985017795421616,173.75304757813282,-231.5552605189162,2107.5430408122747,5.129162922621187e-07,2107.5430402993584,1053.7715201496792,1053.7715206625955,457.1030965644303,0.05
-17.06698704738526,167.4870750364861,-239.9895592290657,3853.960190173416,2.4383550455179124e-07,3853.9601899295803,1926.9800949647902,1926.9800952086257,668.1194149152693,0.05
-17.850251825308177,167.40437789726843,-241.9242838659373,3579.158621060696,1.506838357453397e-07,3579.1586209100124,1789.5793104550062,1789.57931060569,564.0326258586705,0.05
-18.69004076039246,167.35059783552842,-243.85233005733443,3218.723526243168,1.2973000675919701e-07,3218.7235261134383,1609.3617630567192,1609.361763186449,420.8829142946849,0.05
-17.339373405649606,168.9747443436689,-237.3597814821418,3784.673924752941,3.644371193309071e-07,3784.6739243885036,1892.3369621942518,1892.336962558689,726.7448261674821,0.05
-17.767030982087512,168.77319841299115,-238.88140821061145,3821.8221061628906,3.570602775889278e-07,3821.8221058058302,1910.9110529029151,1910.9110532599755,703.8518440977332,0.05
-18.20436555474108,169.98093522208475,-237.81781205266225,3478.2796832793683,4.08410956535112e-07,3478.2796828709575,1739.1398414354787,1739.1398418438896,673.4158463759697,0.05
-17.741965915840947,170.3268970473773,-235.9265137353331,3213.39842322819,4.759687776810257e-07,3213.3984227522214,1606.6992113761107,1606.6992118520793,652.6863934632768,0.05
-17.650059467027262,171.39694785691324,-233.8012135895216,2679.689052155334,4.949207364566215e-07,2679.6890516604135,1339.8445258302067,1339.8445263251274,578.326176339669,0.05
-18.5220292210019,175.05801344980324,-232.17612697768092,2063.281741092504,9.397419307602684e-07,2063.2817401527623,1031.6408700763811,1031.640871016123,426.30532506433417,0.05
-18.34068660118444,173.37013452322643,-233.31072569336328,2221.3522102896945,8.676537176123403e-07,2221.3522094220407,1110.6761047110203,1110.6761055786742,480.91435737623965,0.05
-19.320668790046472,168.70176862864415,-242.4935098243915,3594.2152555831267,1.6649509360705586e-07,3594.2152554166314,1797.1076277083157,1797.107627874811,558.6762855115372,0.05
-20.17058616860258,168.69200678367952,-244.3239179523904,3787.47809431681,8.799563674451728e-08,3787.4780942288144,1893.7390471144072,1893.7390472024026,483.20315883349093,0.05
-18.49728522791793,168.77569938530067,-240.58190015505787,3711.2694296237937,2.794210694590612e-07,3711.269429344373,1855.6347146721864,1855.6347149516073,644.7935917450386,0.05
-19.763540871954312,170.19095786879365,-241.2088239954596,3157.445592384469,3.394958601762664e-07,3157.445592044973,1578.7227960224866,1578.7227963619823,557.9722528927502,0.05
-19.061074908927196,170.39976690915967,-239.31545663992875,3282.7839157143576,4.461242875400068e-07,3282.783915268233,1641.3919576341166,1641.391958080241,617.4276182163843,0.05
-18.92244883304557,171.469265821838,-237.4770525870761,2823.0367409452883,5.640722988507963e-07,2823.036740381216,1411.518370190608,1411.5183707546803,571.0806991180433,0.05
-18.76793878190396,172.73935996086124,-235.402436316008,2372.110676779051,7.778968515921965e-07,2372.1106760011544,1186.0553380005772,1186.055338778474,509.07411684150907,0.05
-19.082794524404367,176.18766260802008,-233.16848508875415,1906.4408689170195,9.313427342093588e-07,1906.4408679856767,953.2204339928384,953.2204349241812,376.3119440144695,0.05
-19.006884467098292,174.57422483437392,-234.1554430032762,1994.398643050144,8.352767133417198e-07,1994.3986422148673,997.1993211074337,997.1993219427104,422.8075380941696,0.05
-20.545427010745648,170.074636911601,-243.059999424298,3285.871836513745,1.6993437942588318e-07,3285.8718363438106,1642.9359181719053,1642.9359183418399,506.20030210390433,0.05
-21.3684594666608,170.10515244467868,-244.80599794639448,4222.093099892097,6.714387461642942e-08,4222.093099824953,2111.0465499124766,2111.04654997962,521.2415479567311,0.05
-20.872116786926536,171.54551745609163,-242.02887606275425,2592.706260666966,3.143124817790583e-07,2592.7062603526538,1296.3531301763269,1296.3531304906392,459.7538283675329,0.05
-20.20338378231264,171.7448789329985,-240.29813859096475,2679.756684452152,4.465673215780043e-07,2679.7566840055847,1339.8783420027924,1339.8783424493597,505.64855516952156,0.05
-19.788598489144608,173.28704869416683,-237.62238274569057,2173.95034109175,5.739001185124224e-07,2173.95034051785,1086.975170258925,1086.9751708328251,451.4210517351336,0.05
-19.75615645499312,172.10196555600768,-238.8265985987549,2506.8788812888765,5.849028797701049e-07,2506.8788807039737,1253.4394403519868,1253.4394409368897,501.3191828193459,0.05
-19.73850184882622,174.75613520542817,-236.11782870952047,1864.2102641443687,9.162846328214856e-07,1864.2102632280842,932.1051316140421,932.1051325303266,386.0207562445106,0.05
-19.75981153785994,176.19184818396764,-235.16847821489372,1723.951825256761,9.551260018426152e-07,1723.9518243016348,861.9759121508174,861.9759131059435,342.1547975835852,0.05
-20.50528190410645,174.97174475873572,-237.9963935796736,1696.6314178609557,6.501657233200705e-07,1696.63141721079,848.315708605395,848.3157092555607,342.8972074112605,0.05
-21.547118639588007,171.43017164191107,-243.64635246743777,2929.806270900397,1.6027038873095505e-07,2929.806270740127,1464.9031353700634,1464.9031355303337,443.25285411364774,0.05
-22.28637214396165,171.47376052584733,-245.26302622212327,4680.335617682707,5.9599429322694894e-08,4680.335617623108,2340.167808811554,2340.1678088711533,557.5978403451425,0.05
-21.721206936079287,172.75770400298944,-242.75278399934007,2132.813150092466,2.915384135566988e-07,2132.8131498009275,1066.4065749004637,1066.4065751920023,376.4148399931297,0.05
-21.170501558866416,172.9818659986204,-241.2882127405246,2020.5264120572192,4.493873764442273e-07,2020.5264116078317,1010.2632058039159,1010.2632062533033,390.9220113312537,0.05
-20.5989698929906,173.48644890019867,-239.47821537791023,2045.7993698218995,6.915172660061324e-07,2045.7993691303823,1022.8996845651911,1022.8996852567084,404.95704362631545,0.05
-20.46290621328986,176.35836515711836,-236.96183995831964,1583.997481209375,7.654503308545315e-07,1583.9974804439248,791.9987402219624,791.9987409874127,305.0147580643417,0.05
-21.2377044047564,175.39905258523484,-239.55079892177287,1559.2700806663213,6.043661624713946e-07,1559.2700800619552,779.6350400309776,779.6350406353437,300.8347526699844,0.05
-22.342449273940627,172.69194216405887,-244.2364858676068,2463.2698327244107,1.5901981551652828e-07,2463.269832565391,1231.6349162826955,1231.6349164417152,374.53202656489367,0.05
-22.979220457731405,172.75336244277727,-245.6836013508251,4557.134435908164,5.6382479767037527e-08,4557.134435851782,2278.567217925891,2278.567217982273,540.7762058284479,0.05
-23.499533819394635,173.92948902399064,-246.06542454586403,5192.734737177161,5.1459239993046596e-08,5192.734737125702,2596.367368562851,2596.36736861431,598.5631609907715,0.05
-22.95142628997174,173.83738960898543,-244.7755478826533,2416.4309558187792,1.6463531662970557e-07,2416.430955654144,1208.215477827072,1208.2154779917073,349.2915161606817,0.05
-21.83164242280715,173.87715659853453,-242.08001237859665,1668.2331571153677,3.990683118918466e-07,1668.2331567162994,834.1165783581497,834.116578757218,323.2571642004621,0.05
-22.418421397344705,174.06815148997393,-243.32686719608915,1519.4075112400672,3.066562685916346e-07,1519.4075109334108,759.7037554667054,759.7037557733618,289.3505476123623,0.05
-21.54130368071429,174.499302026407,-240.9211253872655,1645.2054205539189,5.202327997622091e-07,1645.205420033686,822.602710016843,822.6027105370758,317.24687173723277,0.05
-22.19612190357665,174.99748667530102,-242.15767401415192,1383.605479560172,4.453507678066604e-07,1383.6054791148213,691.8027395574106,691.8027400027613,270.3553767905987,0.05
-21.93561514042449,175.86993697416233,-240.9900499194755,1453.3098763401188,5.820348609289295e-07,1453.309875758084,726.654937879042,726.6549384610768,264.72565784638897,0.05
-23.4691358336212,174.89277831597866,-245.3799188125252,2407.575132367064,1.328302391863672e-07,2407.5751322342335,1203.7875661171167,1203.787566249947,328.6193747838886,0.05
-23.891061905669797,174.99746892996214,-246.4088440662125,4866.226264786054,4.802774612864669e-08,4866.226264738027,2433.1131323690133,2433.113132417041,563.2947827398377,0.05
-23.091699642780814,175.028932099687,-244.34557713453952,1109.8106776075465,2.4304976049939906e-07,1109.8106773644968,554.9053386822484,554.9053389252981,227.73929340153023,0.05
-23.49685180155888,175.6878667223261,-245.02389749333588,1227.4748935070388,1.983662785536037e-07,1227.4748933086726,613.7374466543363,613.7374468527025,223.25897085856303,0.05
-22.76591428806976,175.5815455725568,-243.21315877213937,1112.7481815457463,3.434868341675794e-07,1112.7481812022595,556.3740906011298,556.3740909446166,230.35601526644305,0.05
-23.284135024708476,176.21614020820763,-244.2206432257856,744.393181071801,3.030301515616476e-07,744.3931807687709,372.19659038438544,372.19659068741555,187.65956244790775,0.05
-22.541103167201054,176.3148545547552,-242.27076337958945,1290.1016774886618,4.94393063725628e-07,1290.1016769942687,645.0508384971344,645.0508389915275,236.94770407954042,0.05
-23.80216078309813,175.73447045944332,-245.7996355634863,2246.0779214094614,9.991626466412216e-08,2246.077921309545,1123.0389606547726,1123.0389607546888,305.1096398442225,0.05
-24.185535003573328,175.9599225695461,-246.71595489627245,4681.276647273934,4.4392085911680165e-08,4681.276647229542,2340.638323614771,2340.6383236591632,544.747840805336,0.05
-23.731125992231824,176.61935756867618,-245.241045617978,844.6005982589935,2.1531679386418027e-07,844.6005980436767,422.3002990218383,422.3002992371552,184.71295222016496,0.05
-23.461244577632357,177.1992997859133,-244.3188922668885,641.6634579403284,3.834144034383421e-07,641.663457556914,320.831728778457,320.8317291618714,171.34056028853792,0.2
-23.04056439930912,176.8157207563327,-243.3363593515682,996.993931567094,4.133238442139733e-07,996.9939311537702,498.4969655768851,498.49696599020893,208.38319785289195,0.05
-24.078794703168715,176.67443576299152,-246.16071145593543,1986.0716240603492,8.45064718410571e-08,1986.0716239758428,993.0358119879214,993.0358120724278,272.84655227037376,0.05
-24.39823884845888,176.82491161670032,-246.9898512062539,4469.382503186514,3.4477939755115575e-08,4469.382503152036,2234.691251576018,2234.6912516104962,521.1628927330776,0.05
-23.99786775301116,177.28986856577012,-245.7626339686303,876.5824561876425,1.7115866253080518e-07,876.5824560164838,438.2912280082419,438.2912281794006,179.9831790199943,0.05
-23.773391599632014,177.61045481554973,-245.0638659138401,632.4012060157892,2.761206213331631e-07,632.4012057396685,316.20060286983426,316.2006031459549,152.05505635393698,0.2
-24.272365714417877,177.5532959936668,-246.4777630797581,1513.409945836694,8.23854129562803e-08,1513.4099457543086,756.7049728771543,756.7049729595398,225.51259679224663,0.05
-24.53734846526209,177.6010400316156,-247.23350403658375,4036.85620505181,3.2283031377055583e-08,4036.856205019527,2018.4281025097634,2018.4281025420464,477.31377273366377,0.05
-24.06661618764288,178.03827013635032,-245.82131033182483,614.8790866740268,1.921209590851076e-07,614.8790864819058,307.4395432409529,307.4395434330739,152.55017994778913,0.2
-24.28440097240769,178.3514350672378,-246.44505568426848,954.4208352462229,1.1776053969455709e-07,954.4208351284623,477.21041756423114,477.2104176819917,182.57625364932554,0.05
-24.44876078083735,178.10237599806848,-246.94166215265943,1999.218887538325,4.4009291883790925e-08,1999.2188874943156,999.6094437471578,999.6094437911671,272.278801461314,0.05
-24.61189859038414,178.29529745379224,-247.44942440619263,4087.3743871061065,3.1195159362936945e-08,4087.3743870749113,2043.6871935374556,2043.6871935686509,485.23131718831695,0.05
-24.47055929068908,178.65517536827517,-247.04232968092583,1657.1464849793228,4.697146564261165e-08,1657.1464849323513,828.5732424661757,828.5732425131472,238.03036035498542,0.05
-24.633500387325075,178.91355718679998,-247.63988588650523,3849.19228584304,2.989457547706641e-08,3849.192285813145,1924.5961429065726,1924.5961429364672,463.3823936457695,0.05
-24.611645022900003,179.46637434500002,-247.808511386,4002.215992628283,2.8201262466973254e-08,4002.215992600082,2001.107996300041,2001.107996328242,474.4445609830939,0.05
-9.828174022263836,194.40416269819968,-231.7073224564697,4882.1922426878655,2.288093473278419e-06,4882.192240399772,2441.096120199886,2441.0961224879793,969.5718743861534,0.05
-10.347789809558106,194.2331165479841,-231.8750704139537,5822.185450918529,2.268199646771316e-06,5822.185448650329,2911.0927243251645,2911.092726593364,1146.0840030803633,0.05
-9.857568374472343,194.32567965434612,-232.39652720366897,4840.928147511495,2.2266772325846067e-06,4840.928145284817,2420.4640726424086,2420.4640748690863,945.5994570740152,0.05
-10.53674902737241,194.0941963422761,-232.57813852885693,5795.817890657891,2.2816066130743136e-06,5795.817888376285,2897.9089441881424,2897.908946469749,1120.4008975196816,0.05
-10.98054564781177,193.96914942551132,-231.8850520306237,6480.820401651288,2.112759498756523e-06,6480.820399538528,3240.410199769264,3240.410201882024,1270.5973819989456,0.05
-9.914378985587629,194.24215147786583,-233.18031251610157,4689.539078771196,2.204078657240333e-06,4689.539076567117,2344.7695382835586,2344.769540487637,898.5507797044387,0.05
-10.000299161786865,194.15300332463215,-234.06798138304669,4581.594576808577,2.276067107537844e-06,4581.59457453251,2290.797287266255,2290.797289542322,861.0252344063524,0.05
-10.66365983443515,193.98191378425287,-233.46102324583143,5615.976730175869,2.125834747777873e-06,5615.976728050035,2807.9883640250173,2807.988366150852,1063.372500113026,0.05
-11.525883296350983,193.71486189954797,-231.55715525625624,6679.965527121715,1.9984026479275305e-06,6679.965525123313,3339.9827625616563,3339.982764560059,1316.9356665543294,0.05
-11.179986806195542,193.79468629047636,-232.7503738289618,6371.838287508141,2.241034514189442e-06,6371.838285267106,3185.919142633553,3185.919144874588,1222.401502399558,0.05
-11.62773786181322,193.5638966250215,-232.29714437815176,6667.598991227242,2.216954486974662e-06,6667.598989010287,3333.7994945051437,3333.799496722098,1291.989730892573,0.05
-11.331755586347976,193.68018759213885,-233.5078544091059,6161.121429855768,2.282856270431512e-06,6161.121427572912,3080.560713786456,3080.560716069312,1162.2175371049343,0.05
-10.985457126851108,193.80890132123696,-234.3630795756616,5645.759019405989,2.275508437066385e-06,5645.759017130481,2822.8795085652405,2822.879510840749,1044.9809868477075,0.05
-10.116566874422544,194.0554496086544,-235.0754916356047,4215.2341340905605,2.1417858545976365e-06,4215.234131948775,2107.6170659743875,2107.617068116173,775.9609721772914,0.05
-12.088273066681491,193.27544237413204,-231.8494772103621,6536.801560966778,2.072235771676659e-06,6536.801558894543,3268.4007794472714,3268.400781519507,1279.1802366106206,0.05
-11.835663082247317,193.3904000154971,-233.15845588665823,6462.577132466121,2.2913671925627e-06,6462.577130174754,3231.288565087377,3231.288567378744,1227.7764750289002,0.05
-12.709032008512503,192.69778399198356,-232.06706915410825,5688.544049006944,2.1753328338348413e-06,5688.544046831611,2844.2720234158055,2844.2720255911386,1114.156678456909,0.05
-12.294824765445687,193.0487649499638,-232.73501029581905,6153.888260296047,2.0420281898689857e-06,6153.888258254018,3076.944129127009,3076.9441311690375,1182.092533631186,0.05
-12.460976171681564,192.9314456636517,-233.65485957072823,5930.819272008618,2.0782530128462794e-06,5930.819269930365,2965.4096349651827,2965.4096370434354,1118.3477536940366,0.05
-11.894873810301192,193.3478369854961,-234.05330237682847,6230.03288172674,2.330347663961301e-06,6230.032879396393,3115.0164396981963,3115.0164420285437,1159.9404392290496,0.05
-11.12270890250792,193.71092021882177,-235.48029547248328,4960.069232114579,2.0650857795239827e-06,4960.069230049493,2480.0346150247465,2480.0346170898324,899.6020866852245,0.05
-10.26434061628962,193.94190569940656,-236.2192002043468,3865.777222230936,1.681762905734035e-06,3865.777220549173,1932.8886102745864,1932.8886119563495,697.706974797105,0.05
-11.747946437333669,193.43271910039155,-234.86654047918347,5627.292864942944,2.490290881478379e-06,5627.292862452653,2813.6464312263265,2813.6464337166176,1030.673064332491,0.05
-13.393991494981838,191.9792106233824,-232.12797693488028,4765.19154979179,2.1049212383703047e-06,4765.191547686869,2382.5957738434345,2382.5957759483554,940.0447391498295,0.05
-13.12484092531642,192.2841869395834,-233.0949025393337,5373.573138745159,2.142045634616462e-06,5373.573136603113,2686.7865683015566,2686.786570443602,1030.4883232331301,0.05
-13.074230830295368,192.4253199982524,-234.06853924644307,5091.732373085533,2.1627283381361463e-06,5091.732370922805,2545.8661854614024,2545.866187624131,961.17442221106,0.05
-12.603647190117435,192.87452909100412,-234.74474525313929,5820.452991864791,2.2932962154183712e-06,5820.452989571495,2910.2264947857475,2910.226497079044,1069.2208124432411,0.05
-10.44877970641035,193.7946645824561,-237.5151835291488,3565.179860864355,2.224885097943228e-06,3565.17985863947,1782.589929319735,1782.58993154462,629.85397616254,0.05
-11.418919355140778,193.54501984752127,-236.65509488027223,4539.856616652128,1.841751263085103e-06,4539.856614810376,2269.928307405188,2269.9283092469395,803.0339477756296,0.05
-12.09124967009272,193.2392205814733,-235.72752884041512,5129.821991669515,2.159628035349895e-06,5129.821989509887,2564.9109947549437,2564.9109969145716,925.2452233130958,0.05
-13.459682845193583,192.15722899825624,-234.87601020581212,4717.276401801067,2.2352292409868357e-06,4717.276399565837,2358.6381997829185,2358.638202018148,875.5478640831432,0.05
-10.671908812861638,193.5841429704069,-238.9806958204592,3166.78858855349,1.919045024912032e-06,3166.788586634445,1583.3942933172225,1583.3942952362677,551.3880685035513,0.05
-11.760737222780978,193.3321488700672,-237.9743183484621,4094.787489234943,1.771487123349451e-06,4094.7874874634563,2047.3937437317281,2047.393745503215,709.095193138168,0.05
-12.607171532081528,192.93756504705084,-236.90570341160264,4652.1704692749245,1.793061697489989e-06,4652.170467481863,2326.0852337409315,2326.085235533993,822.2498399655434,0.05
-12.50818304480981,189.1755018153892,-249.34244574597548,1630.046668194018,2.781899082711151e-07,1630.046667915828,815.023333957914,815.0233342361039,258.1565973588181,0.05
-11.629480882395836,189.64717077805983,-248.95163690467493,1335.9247489096476,4.060310668681503e-07,1335.9247485036165,667.9623742518082,667.9623746578394,219.567229017543,0.05
-11.624350624499998,189.037921408,-250.214915894,2085.537212460367,2.078951785050255e-07,2085.537212252472,1042.768606126236,1042.768606334131,279.6874651963212,0.05
-12.825469835994491,188.6699224058649,-250.15096041460188,2199.649973696406,1.862645975880823e-07,2199.6499735101415,1099.8249867550708,1099.8249869413353,298.86101287684005,0.05
-13.995000144429383,191.33588805068584,-233.00173549190868,4101.752544465554,2.2212762581596097e-06,4101.752542244278,2050.876271122139,2050.876273343415,800.1179185024788,0.05
-14.146488314160392,191.15047910753364,-231.9794801443782,4223.867596847941,2.0569890198011518e-06,4223.867594790952,2111.933797395476,2111.933799452465,841.6665674051661,0.05
-14.883536502601164,190.2957563667075,-232.76567642031983,3594.0332187999643,2.122245932264464e-06,3594.0332166777184,1797.0166083388592,1797.016610461105,706.6812912388569,0.05
-14.873537906025245,190.25571263898567,-231.5613467017192,3977.751613850804,1.9908068112784078e-06,3977.7516118599974,1988.8758059299987,1988.8758079208053,801.1075143316955,0.05
-13.759963756709558,191.71420338532096,-233.92085247125112,4412.624466649544,2.107945429105811e-06,4412.624464541598,2206.312232270799,2206.312234378745,839.6482359555697,0.05
-13.053534205913436,192.60452839837757,-235.96758327211825,4881.767425243195,2.070755027156488e-06,4881.76742317244,2440.88371158622,2440.883713656975,879.2711631838151,0.05
-12.139279738905753,193.03423899818205,-239.47972807196763,3574.3468022862858,1.67967871322865e-06,3574.346800606607,1787.1734003033034,1787.1734019829823,608.0344457755958,0.05
-10.925091463014631,193.26000502696957,-240.63198402298133,2764.1385067762094,1.6108512308152078e-06,2764.1385051653583,1382.0692525826792,1382.0692541935302,475.5975616700635,0.05
-14.407172975234865,191.22700943147012,-235.10067189201743,3844.285814253397,1.7849661823533525e-06,3844.285812468431,1922.1429062342154,1922.1429080191815,716.739620908992,0.05
-13.848460718212303,191.91964042389745,-235.85413975577364,4335.688165196816,1.8978907061040023e-06,4335.688163298925,2167.8440816494626,2167.8440835473534,789.8917981728862,0.05
-13.119911580025349,192.60440189842495,-238.25214606982232,4022.909326460576,1.70398423447896e-06,4022.9093247565916,2011.4546623782958,2011.45466408228,695.2839509484595,0.05
-13.72779775601814,192.13755104560903,-236.96773792163384,4243.761466448407,1.8324326507911227e-06,4243.761464615975,2121.8807323079873,2121.88073414042,752.8354355949209,0.05
-15.339345013731528,189.6270079565236,-231.99983557425304,3453.986729825642,1.945546179075776e-06,3453.986727880096,1726.993363940048,1726.9933658855941,689.7167798499669,0.05
-15.849053751329954,188.7688437520623,-231.74764007389973,2736.12604448356,2.04451098902917e-06,2736.126042439049,1368.0630212195244,1368.0630232640353,551.3415585625036,0.05
-12.842936121057722,189.70913258974144,-248.01522886564007,871.5330778801584,6.232018920426275e-07,871.5330772569565,435.76653862847826,435.7665392516802,162.04556921227257,0.05
-11.602120762336837,190.3426588379193,-247.60063727111148,869.0477441004496,7.647559529480279e-07,869.0477433356936,434.5238716678468,434.5238724326028,171.65839007977075,0.05
-13.988942522940636,189.17907846281244,-248.09292491314145,936.3838812942112,6.393436794950128e-07,936.3838806548675,468.19194032743377,468.1919409667774,164.24713577025545,0.05
-13.445251276864838,188.93256368255072,-249.0910584514996,1434.3334789436296,3.306416619312227e-07,1434.333478612988,717.166739306494,717.1667396371356,243.61004733218832,0.05
-13.8776196648298,188.2887744697449,-250.076909707462,2102.340019011083,1.581010364689125e-07,2102.3400188529818,1051.1700094264909,1051.170009584592,301.3058204647698,0.05
-14.595782846074592,190.8008085850304,-233.9918323892925,3627.622884623968,1.918317904969999e-06,3627.6228827056498,1813.8114413528249,1813.811443271143,694.1106272283744,0.05
-15.276537993472592,189.9692811683348,-233.77524661660573,3238.23029395662,2.0821709273170333e-06,3238.230291874449,1619.1151459372245,1619.1151480193953,621.4334088325045,0.05
-15.718341421504611,189.25120305371715,-232.9553007132592,3155.204081913804,2.1167166036350767e-06,3155.2040797970876,1577.6020398985438,1577.6020420152604,611.7088056864185,0.05
-12.8747568798367,190.53709865216672,-246.31563135165956,1342.535022771765,9.550482301793186e-07,1342.5350218167166,671.2675109083583,671.2675118634066,229.5549072411687,0.05
-11.527937038571396,191.12410937077647,-246.09109774098516,1451.572470052078,1.046648111716485e-06,1451.5724690054299,725.7862345027149,725.786235549363,259.269480921377,0.05
-15.314482120273444,190.22510464916925,-235.1697463385561,3182.9687369307258,1.6688778275942205e-06,3182.968735261848,1591.484367630924,1591.4843692998018,591.675234070334,0.05
-12.50588331839376,192.61970986525463,-241.07517171523656,3013.138689379085,1.5827137938824877e-06,3013.1386877963714,1506.5693438981857,1506.5693454808993,506.13503348113693,0.05
-11.181982598314582,192.73794516753028,-242.47522495697095,2423.7960698832817,1.5089416641798228e-06,2423.79606837434,1211.89803418717,1211.8980356961117,416.7079080273396,0.05
-12.814338510472698,192.0060169556876,-242.8558434842644,2495.454558902309,1.42702055177854e-06,2495.4545574752888,1247.7272787376444,1247.7272801646648,417.304662319477,0.05
-11.390902459855528,191.9786429420812,-244.3678626190039,2021.196045558636,1.305781309403669e-06,2021.1960442528546,1010.5980221264273,1010.5980234322086,349.99470173966694,0.05
-12.797461279422912,191.26922524956703,-244.8006790184093,1926.535931411746,1.199095196089257e-06,1926.535930212651,963.2679651063255,963.2679663054206,323.69430024388504,0.05
-13.661877893529796,192.1773130764719,-239.7165061861599,3491.937444682448,1.6270021024747855e-06,3491.9374430554462,1745.9687215277231,1745.968723154725,591.6996465480507,0.05
-14.783842911558756,191.11127922268236,-236.59851322095392,3589.018443387361,1.6888527389501424e-06,3589.0184416985085,1794.5092208492542,1794.5092225381068,648.2216641730995,0.05
-14.442860917229227,191.61609467197056,-238.22184559582544,3724.538978304685,1.6587425816630662e-06,3724.538976645942,1862.269488322971,1862.2694899817138,646.2985546575915,0.05
-16.35850563706101,188.2009132334274,-232.64413053743596,2534.7397685149062,1.8885264737599944e-06,2534.7397666263796,1267.3698833131898,1267.3698852017164,489.2745636848654,0.05
-14.30781012747585,188.6154673761235,-248.9778310834389,1421.926872972623,3.341212170696725e-07,1421.9268726385017,710.9634363192508,710.9634366533721,245.09978172320672,0.05
-14.782163921554435,188.788188089092,-248.12695452491351,1063.8595821396325,5.178579214667615e-07,1063.8595816217746,531.9297908108873,531.9297913287452,189.77324203712692,0.05
-14.020498706656904,189.73160332016616,-246.90843038421616,1174.457207243334,8.026896129596044e-07,1174.4572064406445,587.2286032203223,587.2286040230118,198.26137872455809,0.05
-14.745963086331296,189.0927775360992,-247.49957143158124,1075.2382611124583,6.317984385505275e-07,1075.2382604806598,537.6191302403299,537.6191308721284,186.11232818767343,0.05
-15.306700071493616,188.31362192561124,-248.6436470137972,1259.211998614309,3.998912385797623e-07,1259.211998214418,629.605999107209,629.6059995071001,225.7764999979273,0.05
-14.938131148,187.891189618,-249.99815914,1988.552678729564,1.3049545019600398e-07,1988.5526785990685,994.2763392995342,994.2763394300297,316.35150798001473,0.05
-15.896503698183412,189.30186289587888,-234.24966527376867,2939.8922875998182,1.6332443847322127e-06,2939.892285966574,1469.946142983287,1469.9461446165312,551.8750608977361,0.05
-16.323912441285426,188.5520138750213,-233.5949424848914,2793.0440179270604,1.602249256070575e-06,2793.0440163248113,1396.5220081624057,1396.5220097646547,524.7099630100473,0.05
-14.50748146697507,190.20043566367656,-245.27317659568797,1798.3028651380466,1.0615544996456423e-06,1798.3028640764921,899.1514320382461,899.1514330998006,299.26872411570554,0.05
-16.11315003534661,189.314097119282,-235.34957631049687,2848.7748423537623,1.6350775705315818e-06,2848.7748407186846,1424.3874203593423,1424.38742199442,520.3764095455792,0.05
-15.84847028414283,189.9174246606545,-236.4623786848869,2976.975483033857,1.5987919485665175e-06,2976.975481435065,1488.4877407175325,1488.4877423163246,535.7433881921369,0.05
-14.108312695190753,191.669270314142,-241.3202830419224,3017.286827843172,1.5047874328077185e-06,3017.2868263383843,1508.6434131691922,1508.6434146739798,504.32370060880373,0.05
-14.566951914134846,190.90266979242617,-243.21400666572717,2512.4785471150926,1.275863093514839e-06,2512.4785458392294,1256.2392729196147,1256.239274195478,419.55690052620275,0.05
-15.066998114305935,191.1104430586777,-239.7920049423528,3321.9942706582765,1.5936724401382725e-06,3321.994269064604,1660.997134532302,1660.9971361259745,563.248415498669,0.05
-15.811560667582988,190.30065355429755,-238.1778673637933,3174.1916748342896,1.586862985888775e-06,3174.1916732474265,1587.0958366237132,1587.0958382105764,551.2462187251764,0.05
-16.736131879065017,188.3432191484768,-234.84041338760665,2631.9790995014446,1.5485549507644554e-06,2631.97909795289,1315.989548976445,1315.9895505249997,476.2503469794877,0.05
-16.917973086174097,187.64020637277005,-233.6239540969281,2402.8253296260664,1.6075782860540988e-06,2402.825328018488,1201.412664009244,1201.4126656168223,444.9739332286961,0.05
-17.540599494064185,187.0594386622574,-234.7069861241457,2313.09407469916,1.8303940621982853e-06,2313.094072868766,1156.547036434383,1156.547038264777,407.7270356628081,0.05
-15.515464171041383,188.65201234047944,-247.60997410475187,1178.1362010186538,5.625927431807162e-07,1178.136200456061,589.0681002280305,589.0681007906232,204.05090524569312,0.05
-16.244003557514223,188.04384785196507,-248.2057672292264,1260.4875182835096,4.938053676875584e-07,1260.4875177897043,630.2437588948521,630.2437593886575,214.74860247615044,0.05
-15.292064257554436,189.23078095754016,-246.53487386631457,1434.4980269073333,8.143875068777476e-07,1434.4980260929458,717.2490130464729,717.2490138608604,239.34805898144162,0.05
-15.960454252088224,187.7134668979673,-249.37909993224991,1664.6681742098867,1.743263075572049e-07,1664.6681740355605,832.3340870177802,832.3340871921065,298.84911205947265,0.05
-16.71702955376563,188.7952116656396,-236.20409694307173,2654.9644747059474,1.6097426876777506e-06,2654.9644730962045,1327.4822365481023,1327.4822381578451,467.8453145157876,0.05
-17.45058815571916,187.74327485380667,-236.04756266603968,2502.438081941677,1.489398376990599e-06,2502.4380804522784,1251.2190402261392,1251.2190417155377,433.41137572317797,0.05
-15.752295275087244,189.4445141019588,-245.30467465580645,1902.8321800243589,9.748699015220098e-07,1902.832179049489,951.4160895247445,951.4160904996144,324.7040906089017,0.05
-16.298055462941164,188.89574732417253,-245.89011782598175,1750.8807527846584,8.666443885589272e-07,1750.880751918014,875.440375959007,875.4403768256514,297.4917341552625,0.05
-15.71281298768009,189.8744750895776,-244.0847991476903,2320.24082767709,1.1164660567868912e-06,2320.2408265606236,1160.1204132803118,1160.120414396778,392.6447931819744,0.05
-16.63509922656759,189.0257061053686,-244.81069815305392,2207.4100916506727,1.0726010548737036e-06,2207.4100905780715,1103.7050452890358,1103.705046361637,377.09922112214286,0.05
-16.603372899253497,189.2654161268096,-237.3988948029064,2808.414314280265,1.5480475533939905e-06,2808.4143127322172,1404.2071563661086,1404.2071579141564,488.54169251184294,0.05
-17.334799690132606,188.37544787179783,-237.4412972441989,2667.891998151548,1.5409730245781886e-06,2667.8919966105746,1333.9459983052873,1333.9459998462605,454.93727135501507,0.05
-15.622900484439766,190.5211173757289,-241.4379668479794,2994.0868030236047,1.3796531631231043e-06,2994.0868016439517,1497.0434008219759,1497.0434022016289,501.7245956401754,0.05
-16.03252518727072,189.94470288559637,-242.9086034271604,2699.660714947265,1.2381979015326852e-06,2699.6607137090673,1349.8303568545336,1349.8303580927316,452.0499296855923,0.05
-16.359834569480142,189.92266592599552,-239.96786655581468,3042.102462738813,1.4559833514300477e-06,3042.1024612828296,1521.0512306414148,1521.051232097398,514.0564955138187,0.05
-16.971148485846673,189.12618084485496,-238.69417315919432,2890.7811146485915,1.5517471092490093e-06,2890.7811130968444,1445.3905565484222,1445.3905581001693,489.9419588029971,0.05
-18.24238459851083,186.43979318354167,-235.9224316756217,2232.016528756894,1.4087146371307385e-06,2232.0165273481794,1116.0082636740897,1116.0082650828042,376.0556215247951,0.05
-16.963557451573056,187.4310533168325,-248.8858285950002,1621.5192751732395,2.725552351043609e-07,1621.5192749006842,810.7596374503421,810.7596377228974,282.32916970078344,0.05
-16.44105335533318,188.4236505816742,-246.94061016899704,1473.9997427924786,6.600363684887779e-07,1473.9997421324422,736.9998710662211,736.9998717262575,248.51940429911184,0.05
-17.229432689199875,187.67572491639496,-247.79287842532509,1421.6754127602617,5.115044453890282e-07,1421.6754122487573,710.8377061243787,710.837706635883,240.03937501302437,0.05
-17.180023781839225,188.35899184137116,-245.82200072120136,1935.9004317282584,7.941022331833439e-07,1935.900430934156,967.950215467078,967.9502162611803,332.03904762885554,0.05
-17.687676122972675,187.75605105568704,-246.7300067542158,1700.7670417950465,6.877736689681107e-07,1700.7670411072727,850.3835205536363,850.3835212414101,289.1755112407794,0.05
-18.15733835884283,187.2063587182016,-237.3365331283744,2422.05121630458,1.40727907064124e-06,2422.051214897301,1211.0256074486506,1211.0256088559295,403.1944751520244,0.05
-16.943875004581425,189.0798526875311,-243.67729293554808,2519.436201918081,1.0998504694039583e-06,2519.4362008182306,1259.7181004091153,1259.718101508966,429.77789771270693,0.05
-17.72154382244324,188.27459313190573,-244.68389095467344,2312.7327221134847,9.650505322962322e-07,2312.732721148434,1156.366360574217,1156.3663615392677,396.9999336556532,0.05
-17.981134942980677,187.91155024499284,-238.6932985741116,2657.5786562919056,1.4314962216681452e-06,2657.5786548604096,1328.7893274302048,1328.7893288617008,441.0183197587563,0.05
-17.141213870455612,189.16396535152728,-241.75811453271908,2884.5520569799914,1.299040645917672e-06,2884.5520556809506,1442.2760278404753,1442.2760291395161,484.2973401515242,0.05
-17.648825042583887,188.5935243729375,-240.09279976699287,2849.9196427079683,1.3182552602529404e-06,2849.919641389713,1424.9598206948565,1424.9598220131118,478.1277821110371,0.05
-19.00280726749328,185.79342015543224,-237.2361286546532,2183.8843319875546,1.2570218608988126e-06,2183.884330730533,1091.9421653652664,1091.9421666222881,350.8374565247234,0.05
-17.872810684399646,187.0649636665071,-248.540278345496,1520.7406173976622,3.323603585984029e-07,1520.7406170653019,760.3703085326509,760.3703088650112,259.9913172750584,0.05
-18.21765646106995,187.1781638541112,-247.5531312902129,1583.6276131283073,5.606866049443049e-07,1583.6276125676206,791.8138062838103,791.813806844497,265.8739324221835,0.05
-18.677117163256725,186.67607802280492,-248.30513431061175,1574.458285445103,3.375280816038726e-07,1574.458285107575,787.2291425537875,787.2291428913155,266.27319970201467,0.05
-19.061319334912486,186.66600657104715,-247.4767444539332,1682.4116239678433,5.101520766759751e-07,1682.4116234576911,841.2058117288456,841.2058122389977,288.97645697520153,0.05
-18.16065883889691,187.71282219326537,-245.7465963615336,2062.072583319899,8.206817660906235e-07,2062.0725824992173,1031.0362912496087,1031.0362920702903,357.75349247073956,0.05
-18.78860044442614,187.08066347311865,-246.54740075932423,1877.9299118073327,7.393210634307556e-07,1877.9299110680117,938.9649555340059,938.9649562733268,325.72365441709155,0.05
-19.52181329025432,186.4913308859668,-246.82741071158685,1850.3743407764653,6.345990453322197e-07,1850.3743401418662,925.1871700709331,925.1871707055321,323.9117924106119,0.05
-18.938974305468992,187.18063004010847,-245.52463277692192,2140.008159867647,8.197542976367225e-07,2140.0081590478926,1070.0040795239463,1070.0040803437007,378.1719790459068,0.05
-18.904020496285025,186.594342735908,-238.58036908544867,2385.1836162781333,1.3170454474445835e-06,2385.1836149610876,1192.5918074805438,1192.5918087975895,386.52270835802216,0.05
-18.76480788398024,187.26585257860455,-240.03673607734115,2604.2229906157004,1.2798978272795383e-06,2604.2229893358026,1302.1114946679013,1302.111495947799,429.1470888811592,0.05
-19.69652742170212,185.9124625676763,-239.85944448095216,2354.420750832001,1.305835196444552e-06,2354.4207495261658,1177.2103747630829,1177.210376068918,381.91213635631266,0.05
-18.379479201736068,187.9367608731173,-243.258069739618,2598.794510712129,1.0583385495066494e-06,2598.7945096537906,1299.3972548268953,1299.3972558852338,444.36794401176843,0.05
-18.64199460436337,187.5407607995085,-244.76717436540423,2300.668247946021,9.176891076052122e-07,2300.6682470283317,1150.3341235141659,1150.3341244318551,405.01651624238866,0.05
-18.541650446555074,187.75582916897727,-241.353749984505,2721.499342351883,1.265652673776781e-06,2721.4993410862303,1360.7496705431151,1360.749671808768,453.464421738897,0.05
-19.38403669120077,186.96346415881737,-244.07202023659147,2418.60828606756,1.0748900011352044e-06,2418.60828499267,1209.304142496335,1209.304143571225,422.0760108367625,0.05
-19.60502885857301,186.46162728564585,-241.1650442253873,2515.2322617331984,1.1605338921067614e-06,2515.2322605726645,1257.6161302863322,1257.6161314468661,417.15487446300585,0.05
-19.45174974791856,186.8829735139277,-242.74414317525543,2557.671777582234,1.042171230934126e-06,2557.6717765400626,1278.8358882700313,1278.8358893122027,437.7638907140837,0.05
-19.3932152886,186.275155806,-248.148198623,1667.0530823223155,3.270349189209414e-07,1667.0530819952805,833.5265409976403,833.5265413246752,276.52680283945284,0.05
-19.77824982839558,186.19108324266853,-247.36350911566885,1758.0805620766905,4.822580197147442e-07,1758.0805615944325,879.0402807972163,879.0402812794742,304.65918896622406,0.05
-20.12120258484356,186.06087306686348,-246.57918659360945,1908.103973716644,6.220162217858561e-07,1908.103973094628,954.051986547314,954.0519871693301,340.3720966736279,0.05
-19.609861979556317,186.59516441220407,-245.82714500843923,2093.8080878404858,7.405373383867484e-07,2093.8080870999484,1046.9040435499742,1046.9040442905116,373.53812755121675,0.05
-19.34212861508281,186.9254418127574,-245.0098523362299,2248.942641230764,8.156079151512056e-07,2248.942640415156,1124.471320207578,1124.471321023186,395.9857700347364,0.05
-20.04773731078027,185.8458551553776,-248.04783596406776,1699.1358211087652,3.105108885253262e-07,1699.1358207982544,849.5679103991272,849.567910709638,286.7998936784679,0.05
-20.45822367904965,185.23241906323145,-241.0892494907596,2300.636870835835,1.042096534491525e-06,2300.6368697937382,1150.3184348968691,1150.3184359389659,377.3992405938803,0.05
-20.260909849279862,186.06255358511996,-243.67800114588857,2347.6138686412,8.929262391101834e-07,2347.6138677482736,1173.8069338741368,1173.8069347670632,409.9296852365941,0.05
-20.04097189892741,186.307297453622,-244.78581475731704,2244.146818297559,7.762879390867201e-07,2244.1468175212713,1122.0734087606356,1122.0734095369235,401.11051007578476,0.05
-20.3684604380572,185.74832651133084,-242.38337966283484,2363.729021879376,1.0173020578537511e-06,2363.729020862074,1181.864510431037,1181.864511448339,401.8166384681575,0.05
-20.426791236391864,185.6897543255923,-247.297622544576,1768.119843709154,4.491340408632426e-07,1768.1198432600202,884.0599216300101,884.059922079144,310.64801113630415,0.05
-20.70051570145383,185.33743048665733,-247.98598352157785,1676.4973127560704,2.776430994515091e-07,1676.4973124784274,838.2486562392137,838.2486565168567,287.56390014888996,0.05
-20.482570009071456,185.83398927009785,-245.7082598451757,2055.024759139504,7.378608066386368e-07,2055.0247584016433,1027.5123792008217,1027.5123799386824,371.727057335846,0.05
-20.79633567656804,185.46170459573776,-246.54787526452748,1862.2654038632136,5.672817069785409e-07,1862.265403295932,931.132701647966,931.1327022152476,338.62964922654015,0.05
-21.06595556190837,185.1133349188122,-247.28004246381448,1706.2607648796522,3.954848604442308e-07,1706.2607644841673,853.1303822420837,853.1303826375686,307.108572614992,0.05
-21.44421126428048,184.8082440984756,-246.5795438242654,1800.0453723601868,5.042181020845342e-07,1800.0453718559686,900.0226859279843,900.0226864322025,329.5215065623177,0.05
-21.24506701916215,185.0544733123773,-245.78023518820245,1970.2071046067783,6.309455860388787e-07,1970.2071039758328,985.1035519879164,985.103552618862,359.31184504561696,0.05
-21.08955101874187,185.00330667608463,-243.36063474702155,2229.2236488695216,8.388635726568201e-07,2229.223648030658,1114.611824015329,1114.6118248541927,381.8041995336273,0.05
-21.146691906892336,184.5749788899736,-242.16526601943264,2225.2780050896067,9.343279111604544e-07,2225.2780041552787,1112.6390020776394,1112.6390030119674,366.04997302341326,0.05
-21.729878075989525,183.989909709164,-243.09674221403205,2188.721541585566,9.303354681677488e-07,2188.7215406552305,1094.3607703276152,1094.3607712579505,362.84415765570316,0.05
-21.00458591993369,185.28742837286168,-244.6202364043461,2158.071348708196,7.228511488988683e-07,2158.0713479853453,1079.0356739926726,1079.0356747155236,382.4744800404431,0.05
-21.766677203988365,184.4130843211525,-245.1909625790217,2010.933372002797,6.556060295698486e-07,2010.9333713471908,1005.4666856735954,1005.4666863292015,358.3267929364518,0.05
-21.703417817817552,184.32090980255705,-244.12388407851248,2125.3825310075013,7.543605456207487e-07,2125.382530253141,1062.6912651265704,1062.6912658809308,369.90766177862145,0.05
-22.25007323256536,183.42205271105135,-243.90816448977887,2123.415019662137,7.728725338524155e-07,2123.4150188892645,1061.7075094446323,1061.707510217505,351.0028263222718,0.05
-21.33475829508954,184.7558655752044,-247.96200286284255,1627.090965990318,2.3566059040582521e-07,1627.0909657546574,813.5454828773287,813.5454831129892,280.7938630329243,0.05
-21.654733655429556,184.51422723365167,-247.3266329731197,1640.608933541613,3.374752203830842e-07,1640.6089332041377,820.3044666020688,820.3044669395441,295.4549169145913,0.05
-21.87913892740376,184.2025679397662,-247.97314240978207,1592.232925444887,1.909309152603129e-07,1592.2329252539562,796.1164626269781,796.116462817909,272.1997514747107,0.05
-22.25235917631007,183.67828010903816,-244.8219973793248,1996.678927800842,6.988229647102946e-07,1996.678927102019,998.3394635510095,998.3394642498325,347.4553809018448,0.05
-21.99515436716713,184.19040261320495,-246.7420110399141,1717.97098536282,4.110574147772226e-07,1717.9709849517626,858.9854924758813,858.9854928869388,313.98157923010695,0.05
-22.16506109360888,183.95166187812305,-247.41087406426428,1596.7064673724944,2.73602330080664e-07,1596.706467098892,798.353233549446,798.3532338230484,284.49370239912906,0.05
-22.28906641491515,183.77994178907343,-245.68990658381583,1875.61534011412,5.50674789915479e-07,1875.6153395634453,937.8076697817227,937.8076703323974,336.2298982472873,0.05
-21.836596857225803,184.3822346890454,-246.00088908318708,1878.0648869262584,5.298431026747996e-07,1878.0648863964152,939.0324431982076,939.0324437280508,342.05580221947224,0.05
-22.34593970639561,183.6955750369828,-248.0063274315916,1579.2217538122377,1.468907936265826e-07,1579.2217536653468,789.6108768326734,789.6108769795643,264.98869501973496,0.05
-22.702028597496163,182.8957534581737,-244.63347500614768,2011.614573793003,6.45678982631108e-07,2011.614573147324,1005.807286573662,1005.807287219341,336.4157156959349,0.05
-22.681245732582777,183.15319914306036,-245.4132030483345,1863.518893135053,5.226764009444724e-07,1863.5188926123767,931.7594463061884,931.7594468288647,325.8663828105494,0.05
-22.266256108850776,183.86277005171132,-246.3170056395997,1776.6027773935557,4.416153233402161e-07,1776.6027769519403,888.3013884759702,888.3013889175855,321.94559266433373,0.05
-22.664563269479377,183.31599908525348,-246.1989015956327,1717.9051728706677,4.180109510230115e-07,1717.9051724526566,858.9525862263283,858.9525866443394,309.4426007206795,0.05
-22.44921846224958,183.6416984494753,-246.8651909492071,1646.004719613854,3.3514520603326786e-07,1646.0047192787088,823.0023596393544,823.0023599744995,297.3747657732649,0.05
-22.82190580363478,183.1585332093425,-246.97664628434504,1550.9712466412773,2.907472732459691e-07,1550.97124635053,775.485623175265,775.4856234660123,280.2076706302361,0.05
-22.74526667867625,183.23228770999668,-248.0499121934216,1584.8486924037682,1.1201871487956523e-07,1584.8486922917493,792.4243461458747,792.4243462578935,259.91622318571734,0.05
-22.587639746198874,183.4518807369037,-247.4951057559407,1534.359278049022,2.221381976763888e-07,1534.3592778268837,767.1796389134419,767.17963913558,270.2794602409785,0.05
-22.94100238656364,183.00863352331328,-247.5744159064369,1492.0502824564512,1.7638405653759145e-07,1492.0502822800672,746.0251411400336,746.0251413164176,258.8242736117766,0.05
-23.089362244988557,182.8124502219705,-248.09809027134452,1611.9976628228196,7.878801580857497e-08,1611.9976627440317,805.9988313720158,805.9988314508038,256.4665604610351,0.05
-23.25714017941125,182.58711224003312,-247.6861028207032,1446.527078369796,1.3210231126333986e-07,1446.5270782376938,723.2635391188469,723.2635392509492,245.42717230362004,0.05
-23.0657918212197,182.4420597060912,-245.25009599876856,1848.487661318728,5.080756961696126e-07,1848.4876608106522,924.2438304053261,924.2438309134019,316.0578784436557,0.05
-23.069886164838373,182.6425431115601,-245.9550619356825,1675.7203696578308,4.100982789685997e-07,1675.7203692477326,837.8601846238663,837.8601850339645,297.3239292496186,0.05
-23.38487414788857,182.00876030793455,-245.80890797314413,1602.5592806836933,4.004484007051651e-07,1602.5592802832448,801.2796401416224,801.2796405420709,287.7104475101133,0.05
-23.153776219639283,182.70458981538437,-247.1863017156031,1428.005558414835,2.2147290549500374e-07,1428.005558193362,714.002779096681,714.0027793181539,257.6293140134777,0.05
-23.08790836340821,182.737022658265,-246.59679080715395,1532.3526143914717,3.139014159482111e-07,1532.3526140775703,766.1763070387851,766.1763073526865,278.14734662077905,0.05
-23.38108244633381,182.21715122838208,-246.45332475264172,1440.9384195993316,3.056592458656704e-07,1440.9384192936723,720.4692096468361,720.4692099524955,264.7271932792724,0.05
-23.34143926683318,182.381264875675,-246.91536345502283,1393.9150400290853,2.3313894507642238e-07,1393.9150397959463,696.9575198979732,696.9575201311121,254.99709594172754,0.05
-23.43076887749188,182.2926813651206,-247.2864886554256,1312.7081906217716,1.7089344944205629e-07,1312.7081904508782,656.3540952254391,656.3540953963325,239.19165819910015,0.05
-23.384098265870676,182.431120812591,-248.14603331138096,1720.208109617546,5.339914999205152e-08,1720.2081095641468,860.1040547820734,860.1040548354725,262.4827236214789,0.05
-23.64658934218207,181.63570575466147,-246.3083184096429,1322.1024204726843,3.02819819073361e-07,1322.1024201698644,661.0512100849322,661.0512103877521,254.83947527184606,0.05
-23.50899604427281,182.2277849152408,-247.76869086786036,1398.7873197058543,9.329046351658207e-08,1398.7873196125638,699.3936598062819,699.3936598995724,234.5587019069557,0.05
-23.6337746341532,182.08306942717635,-248.19055675724863,1797.124605372402,3.2851088619193475e-08,1797.1246053395507,898.5623026697754,898.5623027026265,265.8284436293156,0.05
-23.730337618713907,181.8890009740713,-247.85665823498263,1401.7787221762237,6.140600947764689e-08,1401.7787221148178,700.8893610574089,700.8893611188148,230.01329576322422,0.05
-23.600899864978857,181.9324647046001,-246.93864069828547,1244.511789372472,2.116025473263772e-07,1244.5117891608695,622.2558945804348,622.2558947920373,235.8994994679401,0.05
-23.639455329246864,181.96610792835304,-247.41369921570012,1238.5106551599265,1.296470064000315e-07,1238.5106550302794,619.2553275151397,619.2553276447868,225.23892615415264,0.05
-23.79900527096605,181.7271171968229,-247.63082434041607,1245.6943288263665,9.19156323691993e-08,1245.694328734451,622.8471643672254,622.847164459141,218.26125214732957,0.05
-24.096577173593303,180.91125735797732,-247.1589427431857,874.7145054065462,1.288023689911757e-07,874.7145052777438,437.3572526388719,437.3572527676743,190.212924990073,0.05
-24.235913193420267,180.686917925258,-247.46749775341277,976.7255178784286,7.195272799928336e-08,976.7255178064759,488.36275890323793,488.3627589751907,187.392442623547,0.05
-23.950243650616272,181.49540451804504,-247.84404889862915,1327.7540435237413,5.221325992145296e-08,1327.7540434715281,663.8770217357641,663.8770217879772,217.13240765250583,0.05
-24.11726189393947,181.08558265594365,-247.65880678198343,1165.160616046109,6.072362924605366e-08,1165.1606159853854,582.5803079926927,582.5803080534163,202.14137548940255,0.05
-23.883476517464185,181.4746215316974,-247.29666054414483,1050.435423645063,1.2883023009050098e-07,1050.435423516233,525.2177117581165,525.2177118869466,207.01290946783294,0.05
-24.107836209732227,181.2323338963265,-248.02447074067095,1816.561424307502,2.404044977086205e-08,1816.5614242834615,908.2807121417308,908.2807121657712,264.77191599773806,0.05
-24.03123958489176,181.44723618692967,-248.2669134386724,2592.5825163689115,2.5489900779575816e-08,2592.5825163434215,1296.2912581717108,1296.2912581972007,347.313354817599,0.05
-23.84530996500612,181.7608022183253,-248.2305053378278,2104.3087902810908,2.2571206745445523e-08,2104.3087902585194,1052.1543951292597,1052.154395151831,296.2131008623861,0.05
-23.87205834901654,181.29868842215157,-246.76059153352435,1056.6095625962216,2.1488120383932034e-07,1056.6095623813403,528.3047811906702,528.3047814055515,219.33978842637435,0.05
-24.318067201687448,180.65081751860785,-247.82805892752768,1659.2019359196645,2.8957843826079413e-08,1659.2019358907066,829.6009679453533,829.6009679743112,243.236197934858,0.05
-24.454750484881643,180.3957247137388,-248.0871006030373,3505.7372786823503,2.7164071854891114e-08,3505.7372786551864,1752.8686393275932,1752.868639354757,437.03370993197177,0.05
-24.5506052852,179.955712858,-247.956077029,3664.119305587415,3.063206735093857e-08,3664.119305556783,1832.0596527783914,1832.0596528090236,451.322724797918,0.05
-24.22009109488754,180.98706195884603,-248.02451707527365,2030.6211788997573,2.32130224131364e-08,2030.6211788765443,1015.3105894382721,1015.3105894614852,281.9661810616449,0.05
-24.33731600064262,180.7773364192332,-248.19933770594287,3570.1169048384454,2.802667385576508e-08,3570.116904810419,1785.0584524052094,1785.058452433236,446.49315745913424,0.05
-24.2004786313,181.126365204,-248.300793514,3293.543365647245,2.7993357521791892e-08,3293.5433656192517,1646.7716828096259,1646.7716828376192,423.61500789154945,0.05
-19.56710398371173,185.98480999196727,-248.83361017402055,1730.0425606276576,1.689864750782985e-07,1730.0425604586712,865.0212802293356,865.021280398322,287.41926954055054,0.05
-20.08150257905257,185.63897675534707,-248.84585280754013,1866.495602250236,1.3205869874366652e-07,1866.4956021181774,933.2478010590887,933.2478011911473,295.5680278857225,0.05
-20.506630424836093,185.3883549054805,-248.5605121935755,1767.3913634222183,1.6656536340935626e-07,1767.391363255653,883.6956816278265,883.6956817943918,293.6402792011698,0.05
-19.739688183,185.702890022,-249.522572099,2221.927486000965,7.378539170817547e-08,2221.9274859271795,1110.9637429635898,1110.9637430373753,352.48943363468294,0.05
-20.469173711578694,185.23196206029107,-249.4078588256418,2233.7869050575564,7.722977259019751e-08,2233.7869049803267,1116.8934524901633,1116.893452567393,345.82327196311127,0.05
-20.972659022993323,184.98757149594672,-248.65376331151376,1906.7711952658476,1.236026024249266e-07,1906.771195142245,953.3855975711225,953.3855976947251,301.7943373312658,0.05
-21.17551920704485,184.69751914579905,-249.2727272699757,2351.507731498186,7.655002393035273e-08,2351.507731421636,1175.753865710818,1175.7538657873679,350.19544930250964,0.05
-21.53929488883116,184.4797248364245,-248.58508209868572,1896.2338722319485,1.0402888731094705e-07,1896.2338721279195,948.1169360639598,948.1169361679887,297.9602216425525,0.05
-22.075999035397505,183.9470277879549,-248.5223692104646,1870.2904957368285,8.344874892078542e-08,1870.2904956533798,935.1452478266899,935.1452479101386,292.5418438264795,0.05
-22.529146704271533,183.45933068712424,-248.4748102216361,1906.530149024948,5.890527288504399e-08,1906.5301489660428,953.2650744830214,953.2650745419267,291.4848318342585,0.05
-22.70178049997487,183.23685334739625,-248.8869517969758,3037.857059672089,3.174905594812528e-08,3037.8570596403397,1518.9285298201698,1518.928529851919,416.69229248215765,0.05
-22.278267013414304,183.6884683565248,-249.00819677562336,2771.158784485591,4.0391686978152755e-08,2771.158784445199,1385.5793922225996,1385.5793922629912,391.078786261705,0.05
-21.775086453153595,184.176718140918,-249.13743282869396,2621.439090868368,4.9091356784951865e-08,2621.4390908192768,1310.7195454096384,1310.7195454587297,379.5251803717046,0.05
-22.89934785695421,183.03270408607744,-248.44024187538864,1938.624729230256,4.281520239024977e-08,1938.6247291874408,969.3123645937204,969.3123646365356,290.2793352794665,0.05
-23.20395441341664,182.66430348785545,-248.41567885326063,2036.8801935536485,3.193936667953622e-08,2036.880193521709,1018.4400967608545,1018.440096792794,297.5743808127406,0.05
-23.061205152556965,182.8245475897356,-248.77515204578623,3195.1900351972804,2.858716646123189e-08,3195.190035168693,1597.5950175843466,1597.5950176129338,433.05914800895226,0.05
-23.368473479317217,182.45139448727,-248.67323517297788,3356.52975772169,2.5252783427222423e-08,3356.5297576964376,1678.2648788482188,1678.2648788734714,447.27642972226147,0.05
-23.445739891705767,182.355021311012,-248.398955185011,2100.0131673848946,2.7993885448953252e-08,2100.013167356901,1050.0065836784504,1050.0065837064442,300.6647131568827,0.05
-23.627630135450893,182.11203955939263,-248.5797239115575,3171.8184873365085,2.3269983658791522e-08,3171.8184873132386,1585.9092436566193,1585.9092436798892,423.8386393529678,0.05
-24.036640127551237,181.46463062302715,-248.39785066180536,3571.5719757052902,2.810766566379477e-08,3571.5719756771828,1785.7859878385914,1785.7859878666989,458.5137220576961,0.05
-23.84663773845599,181.7903961955476,-248.49000957655625,3201.8070284700366,2.7571781142860534e-08,3201.807028442465,1600.9035142212324,1600.9035142488042,424.8497844851002,0.05
-24.2004786313,181.126365204,-248.300793514,4508.349426843444,2.0977572590208852e-08,4508.349426822467,2254.1747134112334,2254.174713432211,555.1221969161718,0.05
-18.88294890885282,180.1132449381875,-231.88821157581333,1694.5534341695072,9.693996349713883e-07,1694.5534332001075,847.2767166000538,847.2767175694535,275.7181624683627,0.05
-18.83965095854297,181.2554257408,-232.2098940591385,1588.4408229391313,9.830181127940275e-07,1588.4408219561133,794.2204109780566,794.2204119610747,238.9979345598342,0.05
-19.134885227091186,179.2449030247145,-232.48087526344443,1850.9544635921088,8.956469976343602e-07,1850.9544626964619,925.4772313482309,925.4772322438779,306.4472262468652,0.05
-19.11348378526811,177.51750904259677,-232.58447433052265,2005.127439808919,8.397376534485103e-07,2005.1274389691814,1002.5637194845907,1002.5637203243283,369.030951873051,0.05
-18.979691671297378,182.12253786648176,-233.0756291403916,1506.4768610645965,1.096052824858385e-06,1506.4768599685437,753.2384299842719,753.2384310803246,218.7120620324735,0.05
-18.58588687879949,183.29528142211183,-232.79398508030343,1571.831521835309,1.0944518330103052e-06,1571.8315207408573,785.9157603704286,785.9157614648805,238.5219170140314,0.05
-18.025950803100248,183.85542431200008,-231.63731955099996,1487.6776129276132,1.546973192154342e-06,1487.67761138064,743.83880569032,743.8388072372932,234.13384579047712,0.05
-19.339753224659287,180.51651278654523,-233.33341799162596,1575.129609825996,1.089421852668327e-06,1575.1296087365743,787.5648043682871,787.564805457709,237.30724763913835,0.05
-19.500422948117755,178.94261224890585,-233.519293985008,1758.7172472737016,9.370102463146076e-07,1758.7172463366912,879.3586231683456,879.358624105356,289.8319626247897,0.05
-19.5959591588952,181.4033066448695,-234.34436235845428,1615.8658970675444,9.63722783172012e-07,1615.8658961038216,807.9329480519108,807.9329490156337,233.6550104580464,0.05
-19.80150340040036,177.74799409207375,-234.54841300751156,1761.8950368724036,8.007456666230088e-07,1761.8950360716578,880.9475180358289,880.9475188365747,309.51360012566255,0.05
-19.15763779582277,182.8091421988046,-234.0008055810663,1649.6036436554257,1.3183434370612056e-06,1649.6036423370822,824.8018211685411,824.8018224868846,239.1093212338572,0.05
-19.746893505422197,182.36948833386,-235.28486914881037,1731.9882628612602,1.3875239381121707e-06,1731.9882614737362,865.9941307368681,865.9941321243921,249.8352348741959,0.05
-19.93827864859076,179.62935668973148,-234.7343677828586,1662.9899739508353,9.54227712946246e-07,1662.9899729966075,831.4949864983038,831.4949874525315,258.69509747151335,0.05
-20.177932869142563,181.0481019872587,-235.6971749558788,1698.86903154615,1.2367169946399647e-06,1698.869030309433,849.4345151547165,849.4345163914335,245.45397165477237,0.05
-20.349175435036997,178.71036330043356,-235.82052363973196,1650.6416999103858,9.408634487330076e-07,1650.6416989695224,825.3208494847612,825.3208504256246,268.65422768711437,0.05
-20.358449022852906,177.5364951120686,-236.13255676738743,1597.5767324125288,8.826594810505958e-07,1597.5767315298694,798.7883657649347,798.7883666475941,284.1245130129108,0.05
-20.51227477091581,179.91493407943537,-236.24756467872928,1668.0737685212316,9.697770200749322e-07,1668.0737675514547,834.0368837757273,834.0368847455043,251.74441098172215,0.05
-20.80248208921904,178.5996072903675,-237.017786509408,1547.6268483320416,8.218125834298455e-07,1547.626847510229,773.8134237551145,773.8134245769271,252.9811541967234,0.05
-20.829423685074183,177.5415435794216,-237.36964238220756,1504.6030715781476,7.478943037668167e-07,1504.6030708302533,752.3015354151266,752.301536163021,263.5668504929009,0.05
-16.37566281713387,187.89188809615888,-231.95161905200405,2198.9406497330924,1.6875876178975005e-06,2198.940648045505,1099.4703240227525,1099.47032571034,437.19555909590633,0.05
-16.89081096678398,187.1914092197894,-232.52891815642923,2050.317219688848,1.8411401331459705e-06,2050.317217847708,1025.158608923854,1025.1586107649941,390.44385436874614,0.05
-17.06610006183574,186.22392674416517,-231.53570572447964,1369.2432160306646,1.933070008983169e-06,1369.2432140975945,684.6216070487973,684.6216089818673,252.27373273083685,0.05
-17.52999884058909,185.95054729746644,-232.67049283393217,1680.8539732483184,1.7597884207984749e-06,1680.85397148853,840.426985744265,840.4269875040534,302.4459484580415,0.05
-17.567187942817704,185.1059272520349,-231.62747126536752,1423.93077362247,1.5599848798750905e-06,1423.9307720624852,711.9653860312426,711.9653875912275,240.3914929792709,0.05
-18.09073923774039,184.77173846178565,-232.87037470257545,1570.7148504045836,1.2282545493048668e-06,1570.714849176329,785.3574245881645,785.3574258164191,265.0428397808722,0.05
-17.334164797088146,186.81008327898752,-233.42284130803603,2094.804230835304,1.589089040205894e-06,2094.804229246215,1047.4021146231075,1047.4021162121967,381.3625058352671,0.05
-18.64865041776707,184.32253647068484,-234.01432944225215,1710.5578862675436,1.28694802267506e-06,1710.5578849805956,855.2789424902978,855.2789437772458,272.0210476317175,0.05
-18.02800477978205,185.8759991435123,-234.17601699183223,1931.3482734425272,1.4121907077094954e-06,1931.3482720303366,965.6741360151683,965.6741374273589,333.13490688826397,0.05
-18.68639133090736,185.14180324802027,-235.15976945430768,1931.5321788934327,1.28047526573916e-06,1931.5321776129574,965.7660888064787,965.766090086954,317.1102620762663,0.05
-19.330328963291887,183.90516357680764,-235.52273603336252,1789.3234947199865,1.5072775494082709e-06,1789.3234932127089,894.6617466063544,894.661748113632,279.0939434020312,0.05
-19.00914216519784,185.1664467496042,-236.20080514762157,2013.3894615947836,1.2423206902420706e-06,2013.389460352463,1006.6947301762315,1006.6947314185521,325.0475964673997,0.05
-19.87581993129849,183.371037453526,-236.50217236009664,1835.0263920645195,1.413291230158047e-06,1835.0263906512282,917.5131953256141,917.5131967389054,276.2405865695497,0.05
-19.554007543653903,184.52581211828,-236.9338246701973,1977.007628726016,1.237927031667433e-06,1977.007627488089,988.5038137440445,988.5038149819716,308.21988674558605,0.05
-14.938131148,187.891189618,-249.99815914,2317.117534760412,1.4943294376244502e-07,2317.117534610979,1158.5587673054895,1158.5587674549226,352.0672880149204,0.05
-16.10054436820394,187.41946168227653,-249.90082098486047,1967.9972982438328,1.469042807505704e-07,1967.9972980969285,983.9986490484642,983.9986491953686,311.72293685660344,0.05
-17.19693160690154,186.94972379668172,-249.8014057086402,2097.1168478190884,1.1003336497633382e-07,2097.116847709055,1048.5584238545275,1048.558423964561,343.2604186780479,0.05
-17.72610329255052,186.9212241741256,-249.17928025602563,1676.6400336559182,1.6527032462167529e-07,1676.6400334906477,838.3200167453239,838.3200169105943,288.48009057126416,0.05
-18.4181599734326,186.57615705660203,-249.1052753105162,1783.9632348154882,1.4886726477642853e-07,1783.963234666621,891.9816173333105,891.9816174821777,297.7684222770547,0.05
-18.1608423212938,186.5127997706052,-249.7066604504616,2135.999666643522,1.0109528549780369e-07,2135.9996665424264,1067.9998332712132,1067.9998333723086,356.5193849634176,0.05
-19.017411996051763,186.2918523566545,-248.9322700062276,1782.959670803517,1.6377883590129513e-07,1782.959670639738,891.479835319869,891.4798354836479,294.9030724467687,0.05
-18.99344477896995,186.10896002581865,-249.6167156821485,2079.862979047044,1.0714412162803043e-07,2079.8629789399,1039.93148946995,1039.931489577094,339.8123968501208,0.05
-19.30765341852321,186.0524737088228,-249.1799305530892,1900.383529754468,9.54324743937607e-08,1900.3835296590357,950.1917648295179,950.1917649249502,311.63935068876003,0.05
-19.739688183,185.702890022,-249.522572099,2103.0923610986933,9.23590669461138e-08,2103.092361006334,1051.546180503167,1051.5461805955263,342.9183308865886,0.05
1.959303852262391,187.08626180579105,-248.09700616003764,1635.2939390240056,9.045588521480008e-07,1635.2939381194467,817.6469690597233,817.6469699642822,265.97347046472595,0.05
2.2700169935718795,186.93460121695028,-247.892900948537,1492.3782175226622,7.972309040649023e-07,1492.3782167254312,746.1891083627156,746.1891091599466,261.17398695606556,0.05
2.1317289986999866,186.76239115,-248.23613725300004,1391.182967911713,1.153488715092809e-06,1391.1829667582242,695.5914833791121,695.5914845326008,228.66171081381304,0.05
2.0513560036160152,187.3086804409817,-247.7456428841552,1745.5470759644247,6.827059478824569e-07,1745.5470752817187,872.7735376408593,872.7735383235654,297.0383221776148,0.05
2.425478511233731,187.1268196345621,-247.50308923922464,1578.8586202723773,6.815844297740895e-07,1578.8586195907928,789.4293097953964,789.4293104769808,293.7684569548984,0.05
1.783261407122461,186.73737360849765,-248.67025204279813,1346.3842290662997,1.7996782071183336e-06,1346.3842272666216,673.1921136333108,673.1921154329889,201.13371898912936,0.05
2.0029416775709548,186.60104577947183,-248.5528167139722,1248.541057299405,1.607021843912356e-06,1248.5410556923832,624.2705278461916,624.2705294532135,193.72953256510198,0.05
1.87360829522,186.438045682,-248.86830842900005,1261.5808014104869,3.865849705081139e-06,1261.580797544637,630.7903987723186,630.7904026381683,174.55556444779796,0.05
1.5755111121085166,186.6861099346562,-248.9565074496784,1412.2741749058969,3.1102217357274696e-06,1412.274171795675,706.1370858978376,706.1370890080593,193.4994034197684,0.05
1.8483888621690376,186.89869992825396,-248.42553391232568,1492.6330981296169,1.187208190745216e-06,1492.6330969424087,746.3165484712043,746.3165496584126,231.81252768139188,0.05
1.524154141741067,187.01785256342,-248.648177067275,1588.9083256457063,1.691647098230771e-06,1588.9083239540591,794.4541619770296,794.4541636686768,233.57393215901737,0.05
1.698513864236453,187.15437689428973,-248.30775022368465,1707.2665544469614,9.08172750609486e-07,1707.2665535387887,853.6332767693943,853.6332776775671,265.3117587416608,0.05
1.2296025726369824,186.93607403243556,-249.0472350245668,1612.175385058199,2.031822898131185e-06,1612.175383026376,806.087691513188,806.087693545011,219.1521011748195,0.05
2.16724172416324,187.5568935191868,-247.3303226537089,1878.378401256424,7.205611538898606e-07,1878.378400535863,939.1892002679315,939.1892009884925,329.8627623058454,0.05
2.6001922431162945,187.34092692141803,-247.06019939605477,1734.7069643255488,7.588950327965154e-07,1734.7069635666537,867.3534817833269,867.353482542222,328.3708393585375,0.05
1.6842772509954718,187.40714688571163,-248.02890451292487,1884.7509003610576,7.077328876174206e-07,1884.7508996533247,942.3754498266624,942.3754505343952,300.28079833165424,0.05
2.302998289948459,187.82887171607197,-246.85504715213017,2088.3731977644507,8.818801980482932e-07,2088.3731968825705,1044.1865984412852,1044.1865993231654,368.3773028469712,0.05
2.796503807003232,187.57884006185017,-246.5567953427302,2075.453237641644,8.737394044058949e-07,2075.453236767905,1037.7266183839524,1037.7266192576917,382.68707551076903,0.05
2.463749416597477,188.13382076927144,-246.2993859309856,2426.103471412562,1.0243508803167187e-06,2426.1034703882115,1213.0517351941057,1213.0517362184564,418.98276655817364,0.05
3.017078422319765,187.8424646472032,-245.98437883210423,2522.008550915377,9.944460794076394e-07,2522.008549920931,1261.0042749604654,1261.0042759549115,443.5081805670009,0.05
3.264973642560515,188.13363381745916,-245.3332479187563,3119.7705920807075,1.0869988262735869e-06,3119.7705909937085,1559.8852954968543,1559.8852965838532,528.0732593336714,0.05
2.6402555714972484,188.46499251908224,-245.67739938488984,2855.4314868970614,1.1275545518548788e-06,2855.4314857695067,1427.7157428847534,1427.715744012308,480.1858950045907,0.05
1.7299032221824246,187.68609287817927,-247.6433116884278,2026.626273392184,6.493214675793809e-07,2026.6262727428625,1013.3131363714313,1013.3131370207527,333.72692802954913,0.05
1.1128305502590936,187.31371843390932,-248.7176781049293,1842.0895981418755,8.586507680622194e-07,1842.0895972832247,921.0447986416124,921.0447995002631,265.5217127887424,0.05
1.397103426280357,187.36896637815929,-248.3690454856913,1911.4520374837475,6.978668653251817e-07,1911.4520367858806,955.7260183929403,955.7260190908072,289.4709691430482,0.05
0.8212273188198305,187.19567725808116,-249.14346080818544,1922.7262360061732,1.3129454708091604e-06,1922.7262346932278,961.3631173466139,961.3631186595593,259.4322417924074,0.05
6.0795790581052405,190.96376287993792,-237.6401918641909,6148.624214633266,8.334696949132583e-07,6148.624213799796,3074.312106899898,3074.312107733368,1173.3523307597256,0.05
5.323067399314779,191.87279727048136,-237.0926901807781,5601.273786182942,7.737336481633769e-07,5601.273785409208,2800.636892704604,2800.6368934783377,1097.1449334683753,0.05
6.647155660930292,191.4188954360003,-236.06398667000016,6287.943475982307,6.634637779913531e-07,6287.943475318843,3143.9717376594217,3143.9717383228854,1258.8140853153918,0.05
5.100030802172162,192.61310758206756,-235.81509446861944,4990.344230256284,6.093311923893057e-07,4990.344229646953,2495.1721148234765,2495.172115432808,1020.3281671946311,0.05
5.55865819258484,190.51137296147692,-239.0846078519254,6047.663869316759,8.248507229984372e-07,6047.663868491908,3023.831934245954,3023.831935070805,1106.4780708769592,0.05
4.73794477481162,191.58726753832588,-238.33625162520076,5451.675922573541,9.036758181515594e-07,5451.675921669866,2725.837960834933,2725.8379617386086,1029.1377266333814,0.05
4.61126174795806,189.6034677850724,-241.6967765708923,5614.286061908588,1.311223054098128e-06,5614.286060597365,2807.1430302986823,2807.1430316099054,958.6663736685596,0.05
4.211776845889546,189.18843892750053,-242.7883440769198,4868.096449462639,1.00931990523794e-06,4868.096448453319,2434.0482242266594,2434.0482252359793,815.3322970976691,0.05
3.590448353984806,190.13717250875453,-242.18647316400137,4933.27538561561,1.3648644562178383e-06,4933.275384250745,2466.6376921253727,2466.637693490237,831.4044319317004,0.05
1.808997239105801,187.98947430236532,-247.17896496545177,2174.943470886687,7.869638602098409e-07,2174.943470099723,1087.4717350498615,1087.4717358368255,366.71831893546,0.05
1.3571346300021176,187.70339814482105,-247.9946020037779,2128.201566005388,5.701549913514813e-07,2128.201565435233,1064.1007827176165,1064.1007832877715,333.6192266385169,0.05
1.907444291864815,188.32657316772404,-246.63447983889677,2368.8242489526374,9.899111718131912e-07,2368.824247962726,1184.412123981363,1184.4121249712744,400.5759950004295,0.05
2.834724882358899,188.8249722981769,-244.9782941959517,3315.6815336247923,1.2196704775920683e-06,3315.6815324051217,1657.8407662025609,1657.8407674222315,549.2266013979136,0.05
3.5437405371164115,188.45403564809104,-244.5923441540118,3789.165083464941,1.187888193752984e-06,3789.1650822770525,1894.5825411385263,1894.5825423264146,628.4726013484293,0.05
3.857577397616781,188.80514918019784,-243.74905428726203,4451.17792433534,1.3701349110144605e-06,4451.177922965206,2225.588961482603,2225.5889628527375,735.4737649004896,0.05
3.050918784158125,189.22662193962665,-244.1733301558712,3843.845268680792,1.4104340386250918e-06,3843.845267270358,1921.922633635179,1921.9226350456129,632.7004543068565,0.05
2.0039418380539584,188.68156959235503,-246.047248205313,2627.3349543719264,1.105421558508051e-06,2627.3349532665047,1313.6674766332524,1313.667477738674,442.19092297928245,0.05
2.104091584768628,189.06816273927,-245.38674164286164,2946.139371204241,1.2019695120336808e-06,2946.1393700022713,1473.0696850011357,1473.0696862031052,489.9795731150192,0.05
1.4079423087497007,189.20909225336845,-245.81649419816395,2700.164020644929,1.1879489489547342e-06,2700.1640194569804,1350.0820097284902,1350.082010916439,453.1744883971779,0.05
1.357130784763964,188.04578449294223,-247.5486002736847,2272.208768712024,7.088005337675461e-07,2272.208768003223,1136.1043840016116,1136.1043847104122,368.2749878201118,0.05
0.9984877099852068,187.6886095659061,-248.3557733395158,2206.4623108143605,5.039955998344101e-07,2206.462310310365,1103.2311551551825,1103.231155659178,331.0937743036473,0.05
0.6710713539310804,187.6135087622728,-248.7554625790164,2148.101695676623,5.36763156385548e-07,2148.1016951398597,1074.0508475699298,1074.0508481066931,307.03531141636495,0.05
0.927885454804812,188.0720124670502,-247.91083090837597,2378.367601585825,5.846226190961742e-07,2378.3676010012023,1189.1838005006011,1189.1838010852239,371.3331932624373,0.05
0.3433317123163439,187.4652544151608,-249.24557455693596,2152.237284218912,5.262454464039094e-07,2152.2372836926666,1076.1186418463333,1076.1186423725787,292.0903190403464,0.05
3.2977664543186744,189.6611232102236,-243.25608771590623,4318.004554965714,1.1822300728092446e-06,4318.004553783484,2159.002276891742,2159.0022780739723,715.5247765303263,0.05
3.9454780314341216,190.61060323774004,-241.00730703201447,5123.875113414136,1.1592686198877926e-06,5123.875112254867,2561.9375561274337,2561.937557286702,890.7759968017526,0.05
5.063106321498818,190.05008324457,-240.45423869938472,5774.366918966497,9.518600997495724e-07,5774.366918014637,2887.1834590073186,2887.1834599591784,1016.2705725904146,0.05
4.308503445745924,191.1110781248505,-239.7181152105333,5247.029684523398,9.983319760365238e-07,5247.029683525066,2623.514841762533,2623.514842760865,947.9616328156236,0.05
3.7410571240619097,192.6181291907352,-237.12383376055527,3741.0453880154296,9.05838328893336e-07,3741.045387109591,1870.5226935547955,1870.522694460634,759.7135455678994,0.05
3.288145887649782,193.47885202783533,-235.3003162208951,2650.3362607072017,8.147298070544475e-07,2650.336259892472,1325.168129946236,1325.1681307609658,596.831964677135,0.05
2.3457809374437986,189.9640049675635,-243.7347761589857,3451.5495419486488,1.2000512420536129e-06,3451.5495407485973,1725.7747703742987,1725.77477157435,578.9298829049453,0.05
3.326892342364612,191.99085635226237,-238.92895039235296,3997.294750774503,1.1043809461085514e-06,3997.294749670122,1998.647374835061,1998.6473759394419,761.9210868345369,0.05
2.505262736896579,190.45237941831843,-242.73660944781943,3591.948994058821,1.4657610387953323e-06,3591.9489925930598,1795.9744962965299,1795.974497762291,614.0962041131187,0.05
2.682150850944459,190.97888987031115,-241.59415585334503,3751.897808663091,1.637840845562278e-06,3751.89780702525,1875.948903512625,1875.9489051504659,660.2762605537434,0.05
1.3731402935520884,188.4184711705505,-247.02273726141928,2401.0902087829563,9.12650716081576e-07,2401.0902078703057,1200.5451039351528,1200.5451048478035,397.5606864221971,0.05
0.1554818108845574,187.9249962905737,-248.79075485019075,2463.8453961294017,3.124298649308629e-07,2463.8453958169716,1231.9226979084858,1231.922698220916,350.7237749521037,0.05
1.388152191802897,188.80792706430503,-246.44619516115213,2543.337602668816,1.007173154312707e-06,2543.337601661643,1271.6688008308215,1271.6688018379946,425.30032099287143,0.05
0.8570941890741836,188.85136530357343,-246.84895711852155,2553.667609483379,9.713450624478834e-07,2553.667608512034,1276.833804256017,1276.8338052273618,421.9639035071079,0.05
0.8076691557734603,189.28686888764187,-246.2084288904301,2621.58831634199,1.0880657956825636e-06,2621.588315253924,1310.794157626962,1310.7941587150278,441.00732882137913,0.05
2.2192290464512823,189.49015633112927,-244.62760412506063,3188.217254563308,1.3132831273907904e-06,3188.217253250025,1594.1086266250124,1594.1086279382955,530.9871436031207,0.05
1.431433356340866,189.63205058593397,-245.113362146238,2818.6362139837893,1.4131027565685411e-06,2818.6362125706864,1409.3181062853432,1409.318107698446,477.0140383974846,0.05
0.815225026531358,189.69342585168204,-245.52791392762924,2654.8130463464886,1.2231269793865044e-06,2654.8130451233615,1327.4065225616807,1327.4065237848079,452.98605479383707,0.05
0.8978518126916444,188.45459774578788,-247.40082019551588,2465.093376629884,7.82186984433225e-07,2465.093375847697,1232.5466879238486,1232.5466887060354,399.4491371236588,0.05
0.5324853898527412,188.02210789536076,-248.33047008471036,2448.9727723112123,4.4170072839986243e-07,2448.9727718695117,1224.4863859347558,1224.4863863764565,367.8805263808138,0.05
0.4316409756826141,188.43669674172685,-247.8281763981238,2565.580037659346,6.433060022299939e-07,2565.58003701604,1282.79001850802,1282.790019151326,403.499516463403,0.05
-0.212033884323588,187.74522821921437,-249.3540294528072,2565.6878594274745,3.098501775874308e-07,2565.687859117624,1282.843929558812,1282.8439298686624,346.26684143210554,0.05
1.811389359969477,193.430974952094,-236.43876842952344,1526.2014489369585,1.0862147805707851e-06,1526.2014478507438,763.1007239253719,763.1007250115866,392.099548257393,0.05
1.4151458922830602,194.0974590887137,-234.6585136377688,1051.844463384072,1.0082059981061124e-06,1051.844462375866,525.922231187933,525.922232196139,303.08302372830497,0.15
1.4393876706220303,190.1196581395342,-244.26855727933005,2920.773134765272,1.225380747348187e-06,2920.773133539891,1460.3865667699456,1460.3865679953265,499.01093714835315,0.05
2.907102563567271,191.49675986419925,-240.35719649141896,3820.3487085535817,1.1631928500418992e-06,3820.348707390389,1910.1743536951944,1910.1743548583872,694.5599696887001,0.05
1.7923765970371746,192.81818171502672,-238.13434824064285,2034.1735110673,1.2180133633051814e-06,2034.1735098492868,1017.0867549246434,1017.0867561426567,454.5003840356678,0.05
1.4474838092526598,190.63111490564756,-243.3186302229052,2847.531351342596,1.2472755000589223e-06,2847.5313500953202,1423.7656750476601,1423.7656762949357,502.51150897713325,0.05
1.7065676642331589,192.2883392937576,-239.5365578959327,2489.990189306495,1.310143162020082e-06,2489.990187996352,1244.995093998176,1244.995095308319,507.2860752674084,0.05
1.527736579806872,191.70133119711804,-241.04035863173283,2482.20894827655,1.3596389084091974e-06,2482.208946916911,1241.1044734584555,1241.1044748180946,482.49627834068497,0.05
1.4874976031620033,191.16085130673443,-242.2336381181971,2893.8724117039305,1.2922759784512712e-06,2893.8724104116545,1446.9362052058273,1446.9362064981033,520.837392381699,0.05
0.2789395902270978,189.2969221342624,-246.6230239661476,2578.5652922213144,1.044638367468968e-06,2578.565291176676,1289.282645588338,1289.2826466329764,432.35245191654155,0.05
0.3424728308341015,188.86761394415663,-247.25480240271503,2588.3401354930907,7.977936672747513e-07,2588.340134695297,1294.1700673476485,1294.1700681454422,421.6718204888799,0.05
-0.486156577199076,188.26933181692203,-248.8277068671389,2817.9466069236382,2.8726947646668065e-07,2817.946606636369,1408.9733033181844,1408.9733036054538,403.7117704860605,0.05
-0.8539827737356986,188.03615199048363,-249.46936608898665,2827.279285375725,1.3139829053327865e-07,2827.2792852443267,1413.6396426221634,1413.6396427535617,380.25201851295606,0.05
-0.0317824859091403,188.38194950020448,-248.2930303440709,2696.4537334090546,5.024861162334412e-07,2696.4537329065683,1348.2268664532842,1348.2268669557704,409.0016723873651,0.05
-0.1803567979129355,188.84306819103864,-247.7121743217617,2664.622534763235,6.798240783414979e-07,2664.6225340834108,1332.3112670417054,1332.3112677215295,423.52379440814985,0.05
-0.3167902424206384,189.3026015797664,-247.0782455580992,2564.7822353251763,9.14598163690078e-07,2564.782234410578,1282.391117205289,1282.3911181198873,424.7881430157531,0.05
0.1787047983334992,189.7185317288956,-245.99136764370408,2564.551130759837,1.181751675391871e-06,2564.5511295780857,1282.2755647890428,1282.2755659707943,438.40491550014036,0.05
0.7740406026562026,190.13856460951027,-244.7783890913638,2598.435696883349,1.2289325405786178e-06,2598.4356956544166,1299.2178478272083,1299.2178490561407,452.69786154905836,0.05
0.2204239803956271,190.03213595936657,-245.40368514507156,2503.674428250082,1.352895949635522e-06,2503.674426897186,1251.837213448593,1251.8372148014892,439.2032802653841,0.05
-0.2152118143934593,190.5473445982886,-244.75995250406257,2288.608343963464,1.3805429190967186e-06,2288.608342582921,1144.3041712914605,1144.3041726720035,418.41018095319316,0.05
-1.168851602979684,188.5724218973233,-248.89882953601045,3211.605274411038,3.0777161439865493e-07,3211.6052741032663,1605.8026370516332,1605.8026373594048,459.4702528784448,0.05
-1.59304608234861,188.33844085567603,-249.5921403905665,3157.1131939225074,1.2545348663581164e-07,3157.113193797054,1578.556596898527,1578.5565970239804,426.7641917092888,0.05
-7.085946890745567,194.83995403258612,-231.9468587827943,1545.6014612598476,2.203765897775943e-06,1545.6014590560817,772.8007295280408,772.8007317318068,303.1567084206397,0.05
-8.450206153510658,194.652961607812,-231.68779641553175,2734.8051025327786,2.065340719658957e-06,2734.805100467438,1367.402550233719,1367.4025522990596,543.2693768163159,0.05
0.0290780849390585,193.96917247132524,-235.7200733829476,995.1014538448676,1.353721264470848e-06,995.1014524911463,497.5507262455732,497.5507275992944,292.0666538193817,0.15
-0.315300456655927,194.50267634179744,-234.00497410207436,1160.148916697416,1.0739706109543577e-06,1160.1489156234454,580.0744578117227,580.0744588856934,323.5303699231011,0.05
0.0609659259422562,193.45157837914084,-237.37276104663945,1018.5505215269184,1.4594809817239996e-06,1018.5505200674374,509.2752600337187,509.27526149319965,288.515419602581,0.15
-0.0053754395918157,192.93795882058453,-238.944235041594,1081.0231253135105,1.534281007723057e-06,1081.0231237792295,540.5115618896148,540.5115634238957,305.02496951583885,0.15
0.6261515679992908,190.64182290112188,-243.9460956889372,2487.126607985976,1.1978768421633135e-06,2487.1266067880993,1243.5633033940496,1243.5633045919265,447.65012123580715,0.05
0.4298490158506989,191.20285380676867,-242.94727726471683,2244.251490307497,1.37686182165268e-06,2244.2514889306353,1122.1257444653177,1122.1257458421794,423.37607918299227,0.05
0.2368221470608855,192.35573140134764,-240.37686351020085,1535.011147919411,1.4554802903331308e-06,1535.0111464639308,767.5055732319654,767.5055746874457,357.97999841606486,0.05
0.2879271436336437,191.7413350382012,-241.8483881122503,1995.832252319873,1.3826432220787154e-06,1995.83225093723,997.916125468615,997.9161268512581,403.9558064456916,0.05
-0.2887455893528752,189.64417895858264,-246.47806405482103,2514.2105499548456,1.0565835326229863e-06,2514.210548898262,1257.105274449131,1257.1052755057146,428.2494143974236,0.05
-0.6918344363448241,188.78510569616256,-248.199962640202,2794.22230786943,5.328083358863857e-07,2794.2223073366217,1397.1111536683109,1397.1111542011192,430.1920244818774,0.05
-0.8597267083983567,189.31123726917636,-247.47034011212,2561.0567266645457,8.440012927053056e-07,2561.0567258205447,1280.5283629102723,1280.5283637542734,419.9170430315431,0.05
-0.9428632580339114,189.788250957652,-246.7063185627095,2417.540512418432,1.066012345472577e-06,2417.54051135242,1208.77025567621,1208.7702567422223,414.97181741716213,0.05
-0.6702831801996698,190.1798424606402,-245.794658205036,2255.366362827821,1.323398026166896e-06,2255.366361504423,1127.6831807522115,1127.6831820756095,407.1890102036039,0.05
-0.6438412596868184,191.13800771702196,-243.8518186422296,1870.6535052460224,1.3310581464942503e-06,1870.6535039149642,935.3267519574821,935.3267532885403,371.93853002979967,0.05
-1.0251616457897954,190.7887714650376,-244.8519218183256,2044.5339047397572,1.241930189674455e-06,2044.533903497827,1022.2669517489135,1022.2669529908437,389.68092695056947,0.05
-1.4467677980329674,189.1391017360748,-248.1854151627244,2842.530700350611,6.28042569730072e-07,2842.5306997225684,1421.2653498612842,1421.2653504893267,440.96775059410425,0.05
-1.9728893040902429,188.91257861305257,-248.9421005579997,3312.446351729682,2.918370830218996e-07,3312.446351437845,1656.2231757189224,1656.2231760107597,480.1509789966203,0.05
-2.442219903305267,188.64972294775197,-249.7221540104806,3352.9599281591704,1.5989630430200288e-07,3352.959927999274,1676.479963999637,1676.4799641595334,454.0200250467293,0.05
-1.601649363246644,194.35181649543173,-234.94410872319955,1438.9324310420045,1.3961444351067266e-06,1438.93242964586,719.46621482293,719.4662162190745,359.3899471985624,0.05
-1.8513688803058452,194.7603859823274,-233.3924402955105,1538.590650866846,1.756277108581506e-06,1538.590649110569,769.2953245552845,769.2953263115616,368.79310452047116,0.05
-2.997233651396498,194.59006431440875,-234.27538298342355,1493.4024957253594,1.7641543071629587e-06,1493.402493961205,746.7012469806025,746.7012487447569,353.5792169845563,0.05
-3.207351496435181,194.9184485448445,-232.83151931115248,1431.926918511357,1.940746174664449e-06,1431.9269165706107,715.9634582853054,715.9634602260516,337.80035319242216,0.05
-4.257694826395188,194.75306101876703,-233.5813212457034,1174.992114305124,1.6279221374500314e-06,1174.992112677202,587.496056338601,587.496057966523,282.8659463048002,0.05
-4.401857159952654,195.00223543207863,-232.32003339248428,1040.3037795655289,1.2858984153237888e-06,1040.3037782796305,520.1518891398152,520.1518904257136,252.46098597326628,0.05
-6.262111802953491,194.86486237854493,-232.42529845919583,934.4854322649333,1.7550472610304146e-06,934.485430509886,467.242715254943,467.24271700999026,188.54290821644267,0.05
-5.4517703856899,195.0303106328526,-231.8551942669837,803.3309168582564,1.432511505867953e-06,803.3309154257449,401.66545771287247,401.6654591453839,175.58049435371274,0.05
-5.318670939015718,194.836890841369,-232.974183952801,888.5764950078614,1.6184773535770236e-06,888.576493389384,444.288246694692,444.28824831316933,205.79739823956274,0.05
-7.079827677829071,194.7183948901109,-232.86539299322283,1365.901353715458,2.06998991858171e-06,1365.9013516454681,682.9506758227341,682.950677892724,261.8743422694939,0.05
-7.94718304066287,194.66158731876357,-232.37927162025684,2198.54996789779,2.085644687855656e-06,2198.5499658121453,1099.2749829060726,1099.2749849917172,429.31538618153144,0.05
-8.72545157188254,194.54973833795077,-232.29499512983529,2976.5176985433304,2.164640592959877e-06,2976.51769637869,1488.258848189345,1488.2588503539855,587.0654008852379,0.05
-8.973267178485795,194.55974482964277,-231.7463583057258,3359.27695340642,2.2115280615470405e-06,3359.276951194892,1679.638475597446,1679.6384778089741,668.1308669899292,0.05
-1.524458783691205,193.90531569772256,-236.5929351180267,1302.729262993086,1.4325137905416266e-06,1302.7292615605722,651.3646307802861,651.3646322127998,336.9675702576361,0.05
-1.8733556919568195,191.27295740738197,-244.387193500436,1515.8943443378394,1.5109371152808434e-06,1515.8943428269022,757.9471714134511,757.9471729243883,327.7969743668639,0.05
-1.6362249097743546,193.4321747642712,-238.3040006341887,1179.8455429455182,1.5186925628492849e-06,1179.8455414268255,589.9227707134128,589.9227722321054,317.5492570565733,0.05
-1.7894637445631785,192.8621632929931,-240.2098863894969,1056.7405043989068,1.5277710652373437e-06,1056.7405028711357,528.3702514355679,528.3702529633389,294.37533283535987,0.05
-0.9227999207414456,191.77660311315603,-242.58777644785704,1489.257353011897,1.4192153975411282e-06,1489.2573515926817,744.6286757963409,744.6286772155562,333.46270961770375,0.05
-1.734033207797056,191.6314233116302,-243.4699552312668,1456.9889417212846,1.3548306747418984e-06,1456.988940366454,728.494470183227,728.4944715380576,326.8141682790222,0.05
-0.92355088888341,192.2130988536465,-241.49652920954853,1282.666476639386,1.4238897378719609e-06,1282.6664752154963,641.3332376077482,641.3332390316378,314.84510321784893,0.05
-1.6201577214590426,189.70328533901096,-247.33411610283488,2354.884725402277,8.939834696954251e-07,2354.884724508294,1177.442362254147,1177.4423631481302,398.5241175997214,0.05
-1.6842117337666616,190.24608902198975,-246.37838153324228,2000.7178486878693,1.1397782533529987e-06,2000.717847548091,1000.3589237740455,1000.3589249138238,367.5299321111742,0.05
-1.7531983781262663,190.73105181309063,-245.4664589519016,1744.2167081339082,1.2980229846840143e-06,1744.2167068358854,872.1083534179427,872.1083547159656,347.8646915067275,0.05
-2.301497465742659,189.50309514072933,-248.1529446931808,2670.5826899260314,5.92815715540026e-07,2670.5826893332155,1335.2913446666078,1335.2913452594237,423.8960174328317,0.05
-2.5494906895510216,190.1223743757464,-247.18090479753576,2095.6450509147094,8.391665437043839e-07,2095.6450500755427,1047.8225250377714,1047.822525876938,365.4657234939868,0.05
-2.882263614109215,189.2602845797467,-248.97159893549485,3510.3536239436544,3.115341876544276e-07,3510.35362363212,1755.17681181606,1755.1768121275943,509.1973939959931,0.05
-3.415754375674025,188.96370261706127,-249.85805646010303,3486.6655679976634,1.784138234151858e-07,3486.6655678192496,1743.3327839096248,1743.3327840880386,471.1677993812007,0.05
-3.284573984953872,189.884204692363,-248.087033064278,2354.931561583999,7.14970618901779e-07,2354.9315608690285,1177.4657804345143,1177.4657811494849,383.59715867369573,0.05
-2.9780233395128786,194.2365397906713,-235.80963022105104,1404.8589631529842,1.4953006751186593e-06,1404.8589616576835,702.4294808288417,702.4294823241424,341.88121032674036,0.05
-4.187322392813892,194.46853605259687,-235.0077242659937,1171.9260562607508,1.627523252568166e-06,1171.9260546332275,585.9630273166138,585.963028944137,292.3673769797379,0.05
-6.245851520169397,194.70156275645,-233.49534956473823,886.6648475751035,1.5155690154871016e-06,886.6648460595345,443.33242302976726,443.33242454533627,184.2967812607017,0.05
-5.3349149068168735,194.6297152252269,-234.1641923395752,901.7722083787556,1.6462560106996432e-06,901.7722067324996,450.8861033662498,450.8861050125058,221.26543187815523,0.05
-5.471158677941913,194.41814801094577,-235.39675567281415,788.6488189699379,1.91298848070855e-06,788.6488170569494,394.3244085284747,394.3244104414632,211.5782152996617,0.05
-6.446198499817398,194.53088211455008,-234.58762482530085,836.8501128098692,1.675041476498147e-06,836.8501111348277,418.42505556741384,418.42505724245535,185.92211401205347,0.05
-9.336182484409472,194.4648312869408,-232.0903073109041,3903.5973366536273,2.0657632905296533e-06,3903.5973345878638,1951.7986672939319,1951.7986693596954,770.7926768653738,0.05
-7.177933183787283,194.5855323172856,-233.8490436958256,1293.356558173929,1.973642752705428e-06,1293.3565562002861,646.6782781001431,646.6782800737859,260.84705971389525,0.05
-7.797933055452542,194.59244162658428,-233.23519857885108,1944.0648347807185,2.338743356068291e-06,1944.064832441975,972.0324162209876,972.0324185597309,377.55342950637214,0.05
-8.547056368769773,194.5043852741292,-233.1189626214704,2697.1716407557506,2.24374735529055e-06,2697.171638512003,1348.5858192560015,1348.585821499749,523.2348997497098,0.05
-9.262373821790469,194.4157005430383,-232.7942064082336,3719.1239719632977,2.308782700451105e-06,3719.123969654515,1859.5619848272574,1859.5619871360402,723.5809002026411,0.05
-3.0453032960347883,193.83514762533568,-237.49416600244288,1261.8899242492623,1.5640808039195503e-06,1261.8899226851815,630.9449613425908,630.9449629066715,319.08392901569454,0.05
-2.8469162860088115,191.27738038927637,-245.0008273033341,1229.620228917515,1.222182173256101e-06,1229.620227695333,614.8101138476665,614.8101150698486,288.09262226738497,0.05
-2.919021157564256,191.8264332365224,-243.7517400976626,909.1929029345428,1.3901207371957103e-06,909.192901544422,454.596450772211,454.59645216233173,257.8557461159262,0.05
-3.422333704059789,193.4266687857146,-239.24201070881008,978.945114120979,1.7437256822638515e-06,978.9451123772534,489.4725561886267,489.47255793235234,277.7502180066448,0.05
-4.39051247998768,193.84942899419693,-238.00408364775183,982.1413008682566,1.59270866208925e-06,982.1412992755479,491.07064963777395,491.07065123048267,274.6223575344221,0.05
-2.472064464813436,192.33218846257404,-242.15226930442893,949.4322817904311,1.5473877708300731e-06,949.4322802430434,474.7161401215217,474.7161416689095,270.5639627349995,0.05
-3.3384530329762447,192.9829339986252,-240.7309936830408,842.553885354407,1.567047740882885e-06,842.5538837873593,421.27694189367963,421.2769434607274,252.07105939869356,0.15
-2.739901709541365,190.7077691232318,-246.15126220481068,1560.597150223416,9.624944784236615e-07,1560.5971492609217,780.2985746304608,780.2985755929552,316.72574498413326,0.05
-3.56884576017108,190.4979434256671,-247.06831614890035,1529.7707904039416,8.495466901860371e-07,1529.770789554395,764.8853947771975,764.8853956267442,297.3249205829005,0.05
-3.876743213007435,191.1382205172287,-245.91428797833436,941.2174491643086,1.1039775381800294e-06,941.2174480603311,470.60872403016555,470.60872513414307,242.92941653811445,0.05
-3.9557461983200986,189.61947597501683,-248.9851862143484,3343.216267234258,3.747109053470356e-07,3343.216266859547,1671.6081334297735,1671.6081338044844,490.70736680621644,0.05
-4.5302239600208924,189.26298417101648,-249.99518815298708,3494.417553281015,2.0270425311823858e-07,3494.417553078311,1747.2087765391555,1747.2087767418595,469.77206470676776,0.05
-4.36671121055207,190.258216180247,-247.97904954733016,1911.595405093932,6.584444969535637e-07,1911.5954044354874,955.7977022177437,955.7977028761883,328.21356917915193,0.05
-5.113740199984701,189.93043298239772,-248.9921284971637,3063.7582304061475,4.0332810859406557e-07,3063.7582300028193,1531.8791150014097,1531.8791154047378,452.9333656370006,0.05
-5.80706858791293,189.51375314858788,-250.1240529069384,3123.6489423863945,2.132748670877055e-07,3123.64894217312,1561.82447108656,1561.8244712998346,421.04313098748486,0.05
-4.484130880801662,194.16943733827773,-236.5493811406831,1065.7606980526675,1.6219152644746008e-06,1065.7606964307522,532.8803482153761,532.8803498372914,279.4161855687903,0.05
-5.887407469804485,194.23628345804127,-236.50269946960543,582.9104262344894,1.621148647144033e-06,582.9104246133408,291.4552123066704,291.455213927819,196.46677053731656,0.05
-6.929829483079886,194.3566340593509,-235.7151142554601,814.868395401615,2.044974533048204e-06,814.8683933566405,407.43419667832023,407.43419872329474,200.7204062835067,0.05
-7.370691084307008,194.47456360540048,-234.6413689208666,1450.4823098627007,2.028318252191882e-06,1450.4823078343825,725.2411539171912,725.2411559455095,283.63291680476493,0.05
-8.242720622907678,194.4569837261254,-234.06872402741405,2167.806825322078,2.0792352424102147e-06,2167.8068232428427,1083.9034116214214,1083.9034137006568,420.3054385241517,0.05
-9.202916711973158,194.35241976431732,-233.68796673457024,3503.0549677741164,2.250145423881353e-06,3503.054965523971,1751.5274827619855,1751.527485012131,669.1272052221132,0.05
-5.553890453904245,194.0051005727448,-237.69606374071503,572.3647106079708,1.8291269515462804e-06,572.3647087788438,286.1823543894219,286.1823562185489,202.66804435827197,0.15
-4.090764380190987,192.80873956347196,-241.7233179073584,775.6558790685962,1.8774673318187655e-06,775.6558771911289,387.82793859556443,387.82794047303173,226.121854655466,0.15
-4.199349510254672,192.34305692869324,-243.16175468630345,755.2792974749765,1.3960458022201546e-06,755.2792960789307,377.6396480394653,377.63964943551116,209.4678168349608,0.15
-4.1335759930991305,191.7813601281897,-244.58390350386452,737.7649556557622,1.259100183176183e-06,737.764954396662,368.882477198331,368.88247845743115,207.23843949281525,0.15
-5.067722547978757,193.6803865091076,-239.0393821002701,712.8582555005881,1.6203417828280877e-06,712.8582538802464,356.4291269401232,356.42912856046496,230.44986271376135,0.15
-4.722396151053618,193.27991607979715,-240.46969883809928,731.7698067890054,1.6680707487474224e-06,731.7698051209347,365.88490256046737,365.88490422853806,225.81279759919525,0.15
-4.798582091297615,190.9244157124607,-246.8405307030192,987.5002137246028,9.19890500441139e-07,987.5002128047123,493.75010640235615,493.7501073222466,231.0617618501464,0.05
-5.152757549361864,191.5493773088688,-245.6427496616958,675.7343021898399,1.1347043028628187e-06,675.7343010551356,337.8671505275678,337.86715166227214,197.3588434554222,0.15
-5.802827673736557,191.1609126052119,-246.75719342696507,765.0437917371625,9.138868235946564e-07,765.0437908232756,382.5218954116378,382.52189632552466,208.64855316728315,0.05
-5.640565286221929,190.62256722809823,-247.82104694228903,1291.8228639084423,7.937728848047894e-07,1291.8228631146694,645.9114315573347,645.9114323511076,249.6777293320902,0.05
-6.487911178404842,190.2091817944197,-248.9353684432964,2472.467677628202,4.1819404743214777e-07,2472.4676772100083,1236.2338386050042,1236.233839023198,374.347098197635,0.05
-7.264987710187409,189.6569764101637,-250.22730997984067,2709.85690669432,2.040599644249373e-07,2709.85690649026,1354.92845324513,1354.92845344919,366.1605424761738,0.05
-6.826199457686036,194.1522704129125,-237.1173152158632,743.5662278771177,1.8197559464187868e-06,743.5662260573617,371.7831130286809,371.78311484843687,200.97732735657047,0.05
-8.11944824782309,194.346629118704,-235.27400645092064,2054.7142615493235,2.064793049551486e-06,2054.7142594845304,1027.3571297422652,1027.3571318070583,394.26359374973725,0.05
-8.038168952778223,194.2236932187164,-236.40822459697773,1549.4043640186455,1.9070554635780973e-06,1549.40436211159,774.702181055795,774.7021829628505,311.16732748328343,0.05
-9.154707504505527,194.2817659519803,-234.64964029348135,3177.9930871473603,2.114024393134988e-06,3177.993085033336,1588.996542516668,1588.9965446306924,596.9453104237351,0.05
-9.15410661488404,194.1827357732311,-235.7958570948541,2827.315516370129,1.812395524581777e-06,2827.3155145577334,1413.6577572788667,1413.6577590912623,527.7881889274903,0.05
-6.534504249923778,193.9009264659341,-238.5308019405477,566.9806218386688,1.6899499528454014e-06,566.9806201487188,283.4903100743594,283.49031176430935,196.4967851290811,0.2
-6.332972067327203,193.5401465936054,-240.18297747584745,608.2555806116484,1.7331870008346036e-06,608.2555788784614,304.1277894392307,304.1277911724177,199.30131726840548,0.15
-5.695879846149431,192.95622540251796,-242.0953243851372,624.6381692927854,1.556382548789456e-06,624.6381677364028,312.3190838682014,312.319085424584,198.01094438732926,0.15
-5.919916647656929,192.3026000986162,-244.1284973181322,604.7604282714329,1.347464360098311e-06,604.7604269239686,302.3802134619843,302.38021480944866,207.5426915368591,0.15
-6.800066787622078,191.6913096047552,-245.8894552930954,801.6963105602581,1.1660623864202402e-06,801.6963093941957,400.84815469709787,400.84815586316023,219.7051813272542,0.05
-7.146506594156306,190.99704637604623,-247.45506036760884,933.5081632118856,8.066576032835795e-07,933.5081624052281,466.75408120261403,466.7540820092716,212.46849877974458,0.05
-8.056727135821749,190.2541754080434,-249.04672837921308,1938.5641137518005,4.4034586561697523e-07,1938.5641133114545,969.2820566557273,969.2820570960732,298.6570071162121,0.05
-8.830867881719968,189.6199049836109,-250.27967591638773,2647.8568073791143,1.855286929711528e-07,2647.8568071935856,1323.9284035967928,1323.9284037823215,346.9498257310644,0.05
-7.907979858840752,194.04016078368045,-237.8322439476447,1398.0376227072354,1.7991060259944993e-06,1398.0376209081294,699.0188104540647,699.0188122531707,290.99798941228573,0.05
-9.224860750559111,194.051315772842,-237.05040581243003,2542.0196612064083,1.8217489524695967e-06,2542.0196593846595,1271.0098296923297,1271.0098315140785,467.3384782425689,0.05
-7.84165668819081,193.79792528323443,-239.31307125058325,1100.6766336958303,1.7788876516351866e-06,1100.6766319169426,550.3383159584713,550.338317737359,258.5502108304712,0.05
-7.608859033453463,193.38270217373025,-241.21821341668024,1077.5817903421128,1.6097552023600698e-06,1077.5817887323576,538.7908943661788,538.790895975934,268.1729107821242,0.05
-8.017445093252748,192.29574119747275,-244.64719366614855,1435.4185647636557,1.3087358118819056e-06,1435.4185634549199,717.7092817274599,717.7092830361958,301.19265450782854,0.05
-7.666294582309661,192.8899681229684,-242.9689279408927,1245.5873080111865,1.4813579252907668e-06,1245.5873065298285,622.7936532649143,622.7936547462722,291.38853786642494,0.05
-8.521296709801742,191.53330200284208,-246.3923773439171,1241.9752619850522,1.095282154497082e-06,1241.97526088977,620.987630444885,620.9876315401672,257.7030275475548,0.05
-9.038831674897075,190.7562981239033,-247.93680771488465,1036.7324083217538,7.682522247619665e-07,1036.7324075535016,518.3662037767508,518.366204545003,208.46740791239316,0.05
-9.517073571566677,189.98545643356425,-249.3635163048218,1879.4356093454624,3.555340069310579e-07,1879.4356089899284,939.7178044949642,939.7178048504982,278.18557199833407,0.05
-10.315055175891828,189.38195419568297,-250.2671194883945,2091.609156630936,2.121861841366856e-07,2091.60915641875,1045.804578209375,1045.804578421561,273.7588347923357,0.05
-10.662225680226536,189.72391596491948,-249.3835209759656,1904.210547188848,2.930520389732724e-07,1904.2105468957961,952.1052734478981,952.10527374095,281.1670203674729,0.05
-11.624350624499998,189.037921408,-250.214915894,2132.933529738157,2.2325416538095906e-07,2132.933529514903,1066.4667647574515,1066.4667649807056,283.8212541453336,0.05
-9.255560818843367,193.88106273395263,-238.43957864817995,2313.6896414496155,1.772611573319028e-06,2313.689639677004,1156.844819838502,1156.8448216111135,423.9040737908035,0.05
-9.25035829640936,193.61073410807376,-240.11433295372308,1938.4029200968837,1.6832635361295667e-06,1938.4029184136202,969.2014592068101,969.2014608900736,368.79783472138814,0.05
-9.360453728052878,193.2104234832538,-241.8529557992442,1878.5840564434063,1.594534460081192e-06,1878.5840548488718,939.2920274244359,939.2920290189704,355.9330545133247,0.05
-9.964110532756134,191.87401349182375,-245.3605047244811,1712.0589046664857,1.198522919834353e-06,1712.0589034679626,856.0294517339813,856.0294529325043,316.2608352588266,0.05
-9.6614332031621,192.65871688657072,-243.5364096024875,1889.3560424944435,1.4322108053949591e-06,1889.3560410622326,944.6780205311163,944.6780219633272,354.33615845160017,0.05
-10.24832652320694,191.0364505803948,-246.9986277542368,1195.9717560789468,9.229395953428682e-07,1195.9717551560072,597.9858775780036,597.9858785009432,230.99178097929789,0.05
-10.534353617001322,190.273623145966,-248.372737276678,1025.8223522671622,6.152845450022113e-07,1025.8223516518776,512.9111758259388,512.9111764412233,191.58431141418257,0.05
5.602850786782673,194.0131259715789,-231.86765394223735,4055.602056841344,5.800789551734986e-07,4055.6020562612653,2027.8010281306326,2027.8010287107115,936.1067327599121,0.05
6.828163756074723,193.0741385782165,-232.6751293712976,5369.168169888525,7.279662277173679e-07,5369.168169160559,2684.5840845802795,2684.5840853082454,1193.1139341687542,0.05
5.563932875442824,193.5069458697338,-233.19985583560955,4523.334189852563,4.850975241138361e-07,4523.334189367466,2261.667094683733,2261.66709516883,1001.0636097243869,0.05
6.769688783072277,192.259542613738,-234.4230331067346,5855.201390494125,6.269647237515964e-07,5855.20138986716,2927.60069493358,2927.600695560545,1233.4084874020714,0.05
4.189029397589619,194.10436534228205,-232.8824197259195,2774.440107965802,5.124245530686022e-07,2774.440107453377,1387.2200537266885,1387.2200542391133,654.1196189556064,0.05
4.71450591696524,193.3320622027136,-234.49528573148527,4039.536494155977,5.36006537408861e-07,4039.5364936199703,2019.7682468099852,2019.7682473459918,872.5615505609351,0.05
2.564743386245504,194.71383915277423,-232.1366466976954,1157.102276551261,5.45404409363151e-07,1157.1022760058565,578.5511380029283,578.5511385483327,339.67889827598196,0.15
3.0088686708631958,194.0764153901108,-233.806978203522,1848.8151021459732,7.148500771550294e-07,1848.8151014311231,924.4075507155616,924.4075514304117,466.3731893852754,0.05
1.3035927994146768,194.5773553197802,-233.16557926790244,943.0983733838126,8.21353342701336e-07,943.0983725624593,471.54918628122965,471.54918710258295,276.2093932669435,0.15
-0.4233112446250349,194.93281881585617,-232.4818337851918,1315.5167551017687,1.0268259685165275e-06,1315.5167540749428,657.7583770374714,657.7583780642973,343.3744794732628,0.05
-2.0452937735120638,195.11486722357375,-231.9941367585494,1522.9162470852937,1.4725550285412386e-06,1522.9162456127385,761.4581228063693,761.4581242789244,364.87730085740947,0.05
-3.2887051947814125,195.20002943445235,-231.59316738648252,1307.6416971122298,1.3836489864869643e-06,1307.6416957285808,653.8208478642904,653.8208492479395,311.0551768484273,0.05
8.98673404399042,170.88072313740366,-234.1968052152299,3139.6750811523234,1.882602410475002e-06,3139.675079269721,1569.8375396348606,1569.8375415174628,671.5684337565873,0.05
9.654894234739924,172.171827708694,-235.1082558327085,4066.675142789393,1.706812256777576e-06,4066.6751410825805,2033.3375705412902,2033.3375722481026,853.8004689695041,0.05
10.26495063450054,171.68007307899956,-233.10898930300016,3529.2995288494963,2.1412953450376287e-06,3529.299526708201,1764.6497633541005,1764.6497654953957,775.9690767597763,0.05
8.9581648302289,170.30003923811094,-232.70503794631173,2465.46995292871,2.0899439493815407e-06,2465.469950838766,1232.734975419383,1232.7349775093269,557.0899592362908,0.05
7.44470440674045,169.09676815423722,-232.2710465228789,1566.741494466706,1.94995979953896e-06,1566.7414925167461,783.3707462583731,783.3707482083329,381.31199292385196,0.05
7.681665782204668,169.84162386204045,-234.1270219714609,2185.773327525372,1.590361837508236e-06,2185.7733259350102,1092.8866629675051,1092.886664557867,462.7005280777018,0.05
8.743861872765827,172.71171135637778,-237.02004439258727,4614.046843639507,1.2478223885160868e-06,4614.046842391685,2307.0234211958423,2307.0234224436645,929.2562313338886,0.05
7.962233693891019,171.0192929134302,-235.94756923083744,3628.504148491813,1.2595748467971823e-06,3628.504147232238,1814.252073616119,1814.2520748756938,729.8087893697393,0.05
7.321450823684117,171.78599663736517,-237.85535057545903,4085.863298392047,9.54329492825559e-07,4085.8632974377174,2042.9316487188587,2042.9316496731883,790.2724947817879,0.05
7.75953120083379,173.1838624895025,-238.79678904521157,4662.301181106824,8.865139272524789e-07,4662.30118022031,2331.150590110155,2331.1505909966686,905.2562470923087,0.05
6.4292817987143644,172.1894706541663,-239.58297280317203,3919.988876668392,7.014751357087003e-07,3919.988875966917,1959.9944379834585,1959.9944386849336,727.8185467077797,0.05
6.851714363231831,173.55099986840705,-240.36642988056755,4009.756994446768,6.190606377062433e-07,4009.7569938277074,2004.8784969138537,2004.8784975329145,761.9091182263801,0.05
5.746092033720898,172.5460591778198,-241.02064123799423,3020.300114288517,5.068502498604085e-07,3020.300113781667,1510.1500568908334,1510.1500573976834,553.9882902121292,0.05
6.048601698899267,173.86112583659687,-241.7622256701036,2946.2035432012112,4.234229899003436e-07,2946.2035427777882,1473.1017713888941,1473.101771812317,569.8634493692518,0.05
4.728315827206184,173.5254474008169,-243.5805020330753,1669.073016198201,2.541094410987992e-07,1669.0730159440916,834.5365079720458,834.5365082261552,351.7270885732089,0.05
4.764755679915439,174.4073703850749,-244.1228116502292,2186.995932195981,3.094355473837776e-07,2186.9959318865453,1093.4979659432727,1093.4979662527082,425.82590133778814,0.05
5.3545016223732045,174.14203922795048,-243.0082661136191,2087.775883258148,3.5373136946989e-07,2087.7758829044164,1043.8879414522082,1043.8879418059398,438.9933413738593,0.05
5.838998772939874,168.01030827500284,-231.83325950005053,1233.9115221125503,1.8336701046503691e-06,1233.9115202788803,616.9557601394401,616.9557619731102,337.38555028807065,0.05
6.118662478592109,168.73223805900443,-233.78036837845235,1157.47028545349,1.4618779011969205e-06,1157.4702839916122,578.7351419958061,578.735143457684,274.18701037447204,0.05
6.253994947937237,169.63594387524242,-235.64477049575032,1922.0509367590944,1.0913756746323752e-06,1922.0509356677187,961.0254678338594,961.025468925235,365.2039142803794,0.05
6.420224775992068,170.56694820405212,-237.14429920407812,2965.026770713678,9.592258872606238e-07,2965.0267697544523,1482.5133848772261,1482.513385836452,556.9189370078145,0.05
5.6897100995866055,170.93165200420495,-238.6963263158378,3215.687813154885,6.652631648467094e-07,3215.687812489622,1607.843906244811,1607.843906910074,576.4439267129625,0.05
5.158981614598536,171.38551864931824,-240.26385626764255,2900.9263847434595,5.453041703943928e-07,2900.926384198155,1450.4631920990776,1450.463192644382,507.1335970273415,0.05
5.203486498674094,173.00750713310435,-242.3531390894131,1942.871970524332,3.84723221422778e-07,1942.8719701396087,971.4359850698044,971.4359854545277,382.72733326896275,0.05
4.538367871404686,171.71904826717653,-241.82620505093115,2098.85749913377,3.849580338411557e-07,2098.857498748812,1049.428749374406,1049.428749759364,378.81674318148947,0.05
4.136909301043357,170.7913069679179,-240.81703626344424,2423.3683320828163,3.555502488968255e-07,2423.368331727266,1211.684165863633,1211.6841662191832,416.2550477477329,0.05
4.498921041386079,172.53744649291446,-242.9999673335873,1611.045764029844,3.691528304652283e-07,1611.0457636606911,805.5228818303456,805.5228821994983,325.3793070174529,0.05
4.18061368332818,172.74949846966967,-243.77922241686755,1519.3675571992358,4.092689795476702e-07,1519.3675567899668,759.6837783949834,759.6837788042524,301.0080502988902,0.05
4.24999788289,174.67559275399998,-245.16476481,1342.897698258456,4.3985372302366797e-07,1342.8976978186024,671.4488489093012,671.4488493491549,229.97283069795276,0.05
4.020470704715977,173.5898056956815,-244.84116332709172,884.9649413431554,5.085429559504785e-07,884.9649408346124,442.4824704173062,442.48247092584916,156.39111043174583,0.05
3.562670790688044,172.4152127852682,-244.49962098287176,856.5607481580482,4.802801944681202e-07,856.5607476777681,428.28037383888403,428.2803743191642,153.68158315179917,0.05
4.558344033099004,167.73653283673255,-233.41375425266716,704.1005183917304,1.3397433168472878e-06,704.100517051987,352.0502585259935,352.05025986573685,224.71849441459918,0.15
2.889959913055601,166.68364946745226,-232.8898592516829,893.383420290104,1.3563612420963803e-06,893.3834189337427,446.6917094668714,446.69171082323265,293.3742796565325,0.15
-0.3053946353953617,165.00522038781662,-232.15984848595087,1431.5292686022403,1.3061833980509636e-06,1431.529267296057,715.7646336480285,715.7646349542118,399.05043580404987,0.05
1.3457002978578063,165.81055273920967,-232.5044856025912,1037.5553849440269,1.3087076000418529e-06,1037.5553836353192,518.7776918176596,518.7776931263672,329.86315696746595,0.05
4.685207962243941,168.57379867118442,-235.31269130069373,975.8396136204118,9.69173716960023e-07,975.8396126512381,487.91980632561905,487.91980729479275,203.216727407868,0.05
3.1786097318993582,167.5241174902815,-234.7585982134604,773.1241383914795,9.597969863651156e-07,773.1241374316825,386.56206871584124,386.56206967563827,221.8665742280764,0.05
4.774200863434292,169.5629891535353,-237.2746949823143,1871.817606359484,6.209695900250124e-07,1871.8176057385144,935.9088028692572,935.9088034902268,307.30713638805497,0.05
3.1489218829143777,168.3611307945612,-236.69949541049635,1120.7906544112163,5.839098183135262e-07,1120.7906538273064,560.3953269136532,560.3953274975631,206.59799180737176,0.05
4.164023040175163,170.2022608227591,-239.46158115750652,2256.0481126310906,5.175699825600427e-07,2256.048112113521,1128.0240560567604,1128.0240565743302,368.7348467206098,0.05
2.9375673767537185,169.8665648811737,-240.81209867252375,1982.8989975067857,3.248038847301949e-07,1982.8989971819817,991.4494985909909,991.4494989157948,353.5497692359217,0.05
3.675635130260137,170.8589588970181,-241.80240289498747,2145.795666337044,3.483000679791904e-07,2145.795665988744,1072.897832994372,1072.8978333426721,393.85501969569464,0.05
3.69571281123873,171.6827596204472,-243.26070631381265,2102.816240949938,3.509992665792252e-07,2102.8162405989387,1051.4081202994694,1051.4081206504688,398.4914943328589,0.05
2.643216110066368,170.27792412049854,-242.5568203638428,3371.037813433879,3.426801785050214e-07,3371.0378130911986,1685.5189065455993,1685.5189068882796,639.4409343966851,0.05
2.8100256957044323,171.19279708947903,-244.15541493214369,1414.6417693582605,5.581967815843369e-07,1414.6417688000638,707.3208844000319,707.3208849582286,258.57523980512457,0.05
1.4820745390157888,166.48533442071894,-234.41260686770636,1139.7927736304557,9.264437982141888e-07,1139.792772704012,569.896386352006,569.8963872784498,319.1573964803347,0.05
0.0581865639647884,165.62643418337382,-233.97624889289563,1416.8974451397703,9.878024175764026e-07,1416.8974441519679,708.4487220759839,708.4487230637864,383.0295727459734,0.05
-2.2469487247215008,164.23337420972751,-231.68349246900556,2020.8951119286407,1.276384083056095e-06,2020.8951106522566,1010.4475553261283,1010.4475566025125,494.2731463527116,0.05
-1.3100759154561656,164.88355076153675,-233.4374305574628,1772.8991489455773,1.028258376769011e-06,1772.899147917319,886.4495739586595,886.4495749869178,446.4831287834571,0.05
-2.909869340912484,164.3862108736166,-233.8222410485906,2229.742144068519,9.039007117959188e-07,2229.742143164618,1114.871071582309,1114.8710724862099,514.0587876923111,0.05
-1.5454641476289286,165.22075966786537,-235.1011635995894,2010.693538396555,8.081952075440873e-07,2010.6935375883597,1005.3467687941799,1005.346769602375,480.2365325385109,0.05
1.882694492614289,167.28369772123312,-235.8481698705638,1191.9623292837457,7.253605717166786e-07,1191.962328558385,595.9811642791925,595.9811650045532,292.92851479211555,0.05
0.1075022750013742,166.3866407020546,-236.078291195981,1655.342014749602,5.67788120347806e-07,1655.3420141818137,827.6710070909069,827.6710076586951,397.8645843132713,0.05
1.1663096830451525,167.71654535351811,-237.8726584226174,1114.019659680406,4.218837089349633e-07,1114.0196592585223,557.0098296292612,557.0098300511448,259.57393188360305,0.05
-0.6848844888810725,166.60964716938165,-237.91857031076108,1499.4896697325305,4.0414746912817e-07,1499.4896693283831,749.7448346641916,749.744835068339,384.508639794633,0.05
2.908956359973658,169.10267431058978,-238.75959001276905,1375.9917039254676,3.996851826020712e-07,1375.9917035257824,687.9958517628912,687.9958521625764,212.56824009961136,0.05
1.3329611795012244,168.57074475673468,-240.10745187007623,1229.8662900528052,2.482630944289438e-07,1229.866289804542,614.933144902271,614.9331451505342,275.22601437090185,0.05
1.5379634009501226,169.2529914074605,-242.1020151320276,3655.714377641593,3.373191398855431e-07,3655.7143773042735,1827.8571886521368,1827.857188989456,707.0856779342857,0.05
1.734407580516608,169.96084790655237,-243.8214309899136,2551.963334516191,5.216360581228505e-07,2551.963333994555,1275.9816669972774,1275.9816675189136,468.7308102030475,0.05
-1.8537430872728384,165.61900639471298,-236.91672889242705,2186.716438963917,5.188400778032839e-07,2186.716438445077,1093.3582192225385,1093.3582197413784,515.0804246478808,0.05
-4.101832554945449,163.87981925565748,-232.57525380526604,2568.4743746067184,1.05046275463086e-06,2568.4743735562556,1284.2371867781278,1284.2371878285905,567.7564875661739,0.05
-0.3913150778560295,167.34574913401056,-239.67546437107572,1204.4245611217686,2.3606333395985835e-07,1204.4245608857052,602.2122804428526,602.212280678916,342.2490487526975,0.05
-0.0125603747810921,168.0590661893685,-241.64468292846368,3678.91296847336,2.63747761438912e-07,3678.9129682096122,1839.4564841048061,1839.4564843685537,733.5896857903562,0.05
-3.0669274990059323,164.7512248898826,-235.77129161972644,2435.1970487550284,6.0989896951791e-07,2435.1970481451294,1217.5985240725647,1217.5985246824637,550.1838884894096,0.05
-4.427663236100006,164.07403982662643,-234.4659940662454,2675.8718937571407,8.027500885552114e-07,2675.8718929543907,1337.9359464771953,1337.9359472799454,570.3830196247843,0.05
-2.291879551544859,166.02223460638373,-239.14761504596063,1922.9218700469207,2.933460252472776e-07,1922.9218697535748,961.4609348767874,961.4609351701333,491.35352708266237,0.05
-1.761018312390445,166.80832647942836,-241.21782333204516,3410.2887345900995,2.205964458007413e-07,3410.288734369503,1705.1443671847514,1705.144367405348,706.6456626131751,0.05
0.3446328268162553,168.72470906331174,-243.49894894053224,3395.496712762355,5.479324297087139e-07,3395.4967122144226,1697.7483561072113,1697.7483566551437,623.5310986856598,0.05
-3.759301888869232,164.906840994267,-237.65838355304743,2679.0466883434915,4.519705683938353e-07,2679.046687891521,1339.5233439457604,1339.523344397731,598.1083680849939,0.05
-4.943164830803844,164.25886144793185,-236.4385087562256,2899.1722772891712,5.470420119460595e-07,2899.1722767421293,1449.5861383710646,1449.5861389181066,608.8964684426024,0.05
-1.3052362591031983,167.47018417657588,-243.18141521647283,3680.4315314894952,5.564672096830315e-07,3680.431530933028,1840.215765466514,1840.2157660229811,678.1916899732811,0.05
-3.093422048580958,166.2476387761329,-242.87931731325943,3004.303214672254,5.218552142771613e-07,3004.3032141503986,1502.1516070751993,1502.1516075970546,560.4126070831952,0.05
-3.678859134044439,165.66636650529594,-241.33037756380008,3306.012989460975,2.914692295966875e-07,3306.0129891695055,1653.0064945847528,1653.0064948762222,675.3486337367531,0.05
-4.663866663168932,164.90667878916702,-239.6452372358914,2382.8371565233992,2.614028937744215e-07,2382.8371562619964,1191.4185781309982,1191.418578392401,567.2187841558979,0.05
-5.698215177097636,164.34614079048598,-238.38291496755213,2738.033375914148,3.5071235034102414e-07,2738.0333755634356,1369.0166877817178,1369.0166881324303,598.4887348011653,0.05
-6.4291174929209465,164.36469172576616,-240.3232827369403,1966.7139750841452,2.681462664065075e-07,1966.7139748159989,983.3569874079994,983.3569876761458,481.4540812154559,0.05
-4.985177330442218,165.17241505422498,-242.62660933049924,2006.0409231491876,4.93201489414035e-07,2006.0409226559862,1003.0204613279931,1003.0204618211945,379.24578033882796,0.05
-5.268954218667444,164.8728955821712,-241.2370697531585,2428.8242227819223,2.949652405946517e-07,2428.8242224869573,1214.4121112434786,1214.4121115384437,522.2065854202594,0.05
-7.0027245798565545,164.37639558833956,-242.46463603097504,1601.8106677531182,4.7643224965720883e-07,1601.810667276686,800.905333638343,800.9053341147752,331.42871958186345,0.05
-9.10784407438,164.00706458699997,-242.437065417,987.0285468497946,4.414654764327758e-07,987.0285464083291,493.51427320416457,493.51427364563,188.96275126368832,0.05
11.406117449695952,172.8663241934339,-231.8201676247384,3676.8821436922863,2.607561847447238e-06,3676.8821410847245,1838.4410705423622,1838.441073149924,826.802249042756,0.05
2.6372741159498254,185.5399949207482,-248.56184959331551,1056.1104970395618,3.8844767369054665e-06,1056.1104931550851,528.0552465775426,528.0552504620192,161.76124842679587,0.05
2.7014192377233366,185.60138580410148,-248.4187560829415,955.3740675776965,1.6427015249966713e-06,955.374065934995,477.6870329674975,477.68703461019896,164.13622121165758,0.05
2.8462845423300003,185.183149457,-248.443919637,1197.42244073764,4.216398142769475e-06,1197.422436521242,598.711218260621,598.7112224770191,185.9398380793738,0.05
2.41281633137267,185.8567741652918,-248.66812204859372,1062.415332026858,4.361494687002004e-06,1062.4153276653635,531.2076638326818,531.2076681941763,156.26969779684705,0.05
2.534495037791943,186.00557321827307,-248.3756398873796,989.1432804716732,1.699177170867682e-06,989.143278772496,494.571639386248,494.57164108542514,171.6533300100432,0.05
2.325113994130148,186.15232396658456,-248.5518018883586,987.421432788056,2.459207949115795e-06,987.421430328848,493.710715164424,493.710717623632,161.02594936552904,0.05
2.1602275488633707,186.15578299551495,-248.7700903805484,1105.5744966196844,4.426585435019046e-06,1105.5744921930989,552.7872460965494,552.787250523135,157.33434423012457,0.05
2.342931463757047,186.3974579561985,-248.31452978681136,1151.790003837036,1.4570891830902863e-06,1151.7900023799468,575.8950011899734,575.8950026470626,194.9818541839129,0.05
2.1682806533452297,186.32915288728051,-248.60512244135552,1092.5004746454258,1.95664305969874e-06,1092.5004726887828,546.2502363443914,546.2502383010344,170.82179642334,0.05
1.87360829522,186.438045682,-248.86830842900005,1208.397378985946,4.063830898732193e-06,1208.3973749221152,604.1986874610576,604.1986915248884,168.65653293783868,0.05
3.506564575921684,183.1441825312504,-247.47323586208157,2947.4524842199785,2.586327585740598e-06,2947.4524816336507,1473.7262408168253,1473.7262434031531,507.99751621118486,0.05
3.611921678378952,183.418099740722,-247.17982365543756,2853.6538388143367,1.1770942400278015e-06,2853.6538376372423,1426.8269188186212,1426.8269199957156,514.4439285111263,0.05
3.634167944820745,182.9883956992294,-247.10707439172637,3221.292114023098,1.0280389365360534e-06,3221.2921129950587,1610.6460564975293,1610.6460575255685,571.4759059697374,0.05
3.51057515033344,182.84015124820385,-247.45806901448336,2970.8424184091323,1.8639603650077008e-06,2970.842416545172,1485.421208272586,1485.4212101365463,508.17376189424584,0.05
3.420036903060343,182.89901697697704,-247.7201645249816,3171.198186018217,3.932207860953689e-06,3171.1981820860087,1585.5990910430044,1585.5990949752124,520.1692312448395,0.05
3.381800544462875,183.22341332295392,-247.8211932107548,2782.501236014235,4.320526057277019e-06,2782.501231693709,1391.2506158468545,1391.2506201673805,457.4430539798288,0.05
3.475743765736487,183.5134185697693,-247.5520535259126,2617.741037639917,2.5184769982280474e-06,2617.7410351214403,1308.8705175607201,1308.870520079197,456.48352323085317,0.05
3.5817966827338013,183.802544881978,-247.25372896503677,2529.812799903974,1.1244986597957111e-06,2529.812798779475,1264.9063993897375,1264.9064005142363,464.7092090012351,0.05
3.3301492762098666,183.5811639548303,-247.93299561035943,2391.1532952229422,4.117491755966062e-06,2391.1532911054505,1195.5766455527253,1195.576649670217,393.40581321947053,0.05
3.575965703370529,182.60094970426613,-247.2703969787749,3353.185418637045,1.3945834579220038e-06,3353.185417242462,1676.592708621231,1676.5927100158142,575.9981304145155,0.05
3.45539781283,182.573691613,-247.618967569,3532.0437523679707,3.625513497918953e-06,3532.0437487424574,1766.0218743712287,1766.021877996742,578.9043309775573,0.05
2.9023264469470167,185.53022596856016,-248.1374406076488,1064.1718533294988,1.4099798232227055e-06,1064.171851919519,532.0859259597595,532.0859273697394,199.8718937708342,0.05
2.8462845423300003,185.183149457,-248.443919637,1095.7851767363566,2.7500164144605187e-06,1095.7851739863402,547.8925869931701,547.8925897431865,180.67997267920208,0.05
2.805532790496575,185.83612550449044,-248.0898816891433,1024.6984658972372,1.2431615302378176e-06,1024.6984646540757,512.3492323270378,512.3492335701993,198.1334943555809,0.05
3.052221993740172,185.6774153286065,-247.78750325317424,1106.531580811209,9.456718043366008e-07,1106.5315798655372,553.2657899327686,553.2657908784405,234.27562933000826,0.05
3.0196161550157266,184.80111239942127,-248.31971791166384,1325.0499267277992,2.8801651714332586e-06,1325.049923847634,662.524961923817,662.5249648039821,219.86367674923537,0.05
3.1050609590153098,185.2041394355689,-247.9639923321612,1225.860973658109,1.6876533382888116e-06,1225.8609719704557,612.9304859852278,612.9304876728812,235.16885687535827,0.05
3.257034600036583,183.9752641024459,-248.0568177614924,2017.59800578718,3.58213646938234e-06,2017.5980022050435,1008.7990011025217,1008.7990046846583,332.9810879412917,0.05
3.4307768661160454,183.907262112618,-247.637723555198,2279.328082164712,2.1655189861584658e-06,2279.328079999193,1139.6640399995965,1139.6640421651157,403.8422418622596,0.05
3.154058900710196,184.3933089497549,-248.1891976641876,1633.9054580191987,3.4527010934759013e-06,1633.9054545664976,816.9527272832488,816.9527307359499,270.23349048428486,0.05
3.264348959162415,184.7340293783075,-247.84033284003183,1595.6739973807846,1.8268288974794483e-06,1595.6739955539558,797.8369977769779,797.8369996038067,294.799737816801,0.05
3.3582388218996857,184.307517797086,-247.7470827106773,1910.899647089998,2.214155304825144e-06,1910.8996448758428,955.4498224379214,955.4498246520767,344.54073848648324,0.05
3.4841549186178,184.58858314475256,-247.386207641391,1809.3978226337267,8.950700330618466e-07,1809.3978217386566,904.6989108693283,904.6989117643984,355.77545095875996,0.05
3.3799406162152508,185.0479778894289,-247.4801717059536,1494.03946989463,8.619396696129417e-07,1494.0394690326902,747.0197345163451,747.0197353782848,308.6160198925761,0.05
3.549591214250865,184.8732943011419,-247.16141847950627,1576.1972886366996,7.012034814370209e-07,1576.197287935496,788.098643967748,788.0986446689516,338.19061131452264,0.05
3.292429398547776,185.45934111184732,-247.47386367073904,1256.138822523843,7.969835932087709e-07,1256.1388217268593,628.0694108634297,628.0694116604133,279.14377016710256,0.05
3.7093612664272952,182.6270779059063,-246.8937840105421,3490.960089622501,8.93892872331986e-07,3490.9600887286083,1745.4800443643041,1745.480045258197,621.0652588630379,0.05
3.7889658077958894,183.04465822722528,-246.6755865528156,3045.6305733428403,7.278004644179749e-07,3045.63057261504,1522.81528630752,1522.8152870353204,567.2310435038956,0.05
3.715434450034414,183.32019996750324,-246.88990501577263,2898.934221888344,8.853757778892996e-07,2898.934221002968,1449.467110501484,1449.4671113868599,536.5058308249415,0.05
3.538245827506401,185.28155552383816,-247.0529293433032,1345.6987061509722,6.174681253624769e-07,1345.698705533504,672.849352766752,672.8493533842202,314.8163736175405,0.05
3.687549408948783,184.88936040281348,-246.83778382264475,1498.839490899264,5.678630602557154e-07,1498.839490331401,749.4197451657005,749.4197457335636,342.3215824491569,0.05
3.690676072196347,184.48775979660977,-246.9076752163759,1787.577064881703,7.032563150477024e-07,1787.5770641784468,893.7885320892234,893.7885327924797,379.1213023878879,0.05
3.5411629012760253,184.2213894287299,-247.3179313071031,2149.0789788569577,9.539967186449013e-07,2149.078977902961,1074.5394889514805,1074.5394899054772,407.18717237443144,0.05
3.675862844086376,184.05355328370908,-246.9915677214537,2211.9971136197496,8.545991944252836e-07,2211.99711276515,1105.998556382575,1105.9985572371745,433.77197917796747,0.05
3.7224220584074863,183.6894457611903,-246.8786854011147,2499.1568461782044,8.274031838160147e-07,2499.156845350801,1249.5784226754006,1249.5784235028038,479.90947699479494,0.05
3.854087724577589,184.0743298028805,-246.52471420838572,1868.875646483238,6.022569961902294e-07,1868.875645880981,934.4378229404905,934.4378235427474,404.2874868471289,0.05
3.851980790236548,183.4918725206372,-246.5216652811952,2419.8503494388506,6.175100601834843e-07,2419.8503488213405,1209.9251744106703,1209.9251750281803,482.53151677714527,0.05
3.955023305903662,183.12506898257783,-246.2286479767435,2445.214267166637,5.503223959944358e-07,2445.2142666163145,1222.6071333081572,1222.6071338584798,496.05156333423866,0.05
3.864235085347505,182.65222303455928,-246.4706359486193,3262.477465537258,5.997725909385303e-07,3262.4774649374854,1631.2387324687427,1631.2387330685153,608.2408017288682,0.05
4.04588577917306,182.6748464614754,-245.99538348929937,2627.2066016545264,5.000754399712539e-07,2627.2066011544507,1313.6033005772254,1313.603301077301,530.947826040774,0.05
4.0216305631931375,183.6721063983043,-246.07622777156493,1805.688739954029,5.771285867727082e-07,1805.6887393769005,902.8443696884502,902.8443702655787,407.29197784939936,0.05
3.4160805070495788,185.718741418694,-247.0979771842468,1220.540277590441,6.458669058595049e-07,1220.540276944574,610.270138472287,610.270139118154,297.3147781688485,0.05
3.6868156987084095,185.55611194737315,-246.6274653217512,1362.7877525947713,6.360181315808127e-07,1362.7877519587532,681.3938759793766,681.3938766153947,329.12426674823644,0.05
2.6800979934342446,186.18813801193411,-248.0174417224308,1075.9235183673072,1.11962488867075e-06,1075.9235172476824,537.9617586238412,537.961759743466,206.67301182130484,0.05
3.1938575500933424,185.80903888334,-247.4560975880464,1120.5099617654118,7.003497893097495e-07,1120.509961065062,560.254980532531,560.2549812328808,261.7147174781409,0.05
3.1923915565145977,186.1733662191465,-247.2180137216837,1140.6269667412562,6.591949439701123e-07,1140.6269660820612,570.3134830410306,570.3134837002256,276.66761576825553,0.05
2.9602374923274897,186.08025185553157,-247.66730366431293,1077.4578543528064,8.253265652086168e-07,1077.4578535274798,538.7289267637399,538.7289275890665,238.03940844687352,0.05
2.7421426086234466,186.416024167428,-247.7409914396149,1133.888223738652,8.412262982195512e-07,1133.8882228974257,566.9441114487129,566.9441122899391,234.458691038405,0.05
2.940605437590791,186.47511341704,-247.3960349254432,1165.3702772672382,6.841074025614634e-07,1165.3702765831308,582.6851382915654,582.6851389756728,263.43244544804674,0.05
4.140973207752221,183.18784139582507,-245.74746826819944,1891.456687870621,5.827885197663685e-07,1891.4566872878324,945.7283436439162,945.7283442267047,427.57477390255696,0.05
4.260173604593692,182.6926284399356,-245.46424438358324,1975.8498411450507,5.568613970774021e-07,1975.8498405881894,987.9249202940947,987.924920850956,447.89752417898893,0.05
4.377971955633414,183.28947878568096,-245.16486237988883,1398.213485223894,6.713532901288297e-07,1398.2134845525406,699.1067422762703,699.1067429476236,364.81548290001024,0.05
4.229031866956262,183.80718560994077,-245.54705757983737,1386.9990428467331,7.282156047520312e-07,1386.9990421185175,693.4995210592588,693.4995217874744,356.1498251847069,0.05
4.482633880445958,183.9860481429047,-244.92732285882252,1243.1163702433691,7.962129424824817e-07,1243.116369447156,621.558184723578,621.5581855197911,330.96692077787,0.05
3.54103251557419,186.0878878388564,-246.65116280032683,1421.9594061662212,7.181531397321899e-07,1421.959405448068,710.979702724034,710.9797034421872,331.5592273042928,0.05
3.800961413195721,185.7578265976572,-246.30200740449973,1529.805934056257,7.444254900171226e-07,1529.8059333118315,764.9029666559157,764.9029674003413,355.25103073489174,0.05
3.8709027299139978,184.72187206476025,-246.429471992503,1489.4596738232626,5.831035638498538e-07,1489.459673240159,744.7298366200795,744.7298372031831,351.85912448338064,0.05
3.743632776095007,185.1539120031549,-246.63949553293733,1402.5916633674085,5.947613544628976e-07,1402.5916627726472,701.2958313863236,701.2958319810849,335.4723924866678,0.05
4.074241037691409,185.6795013549692,-245.7363397013992,1741.5846567064466,8.332097209049433e-07,1741.584655873237,870.7923279366184,870.7923287698281,381.9291034154669,0.05
3.90486417985999,185.2823862519828,-246.23477449535588,1473.7856519862391,6.762039487028226e-07,1473.7856513100353,736.8928256550176,736.8928263312215,350.1062694206693,0.05
4.0663742860861625,184.28082112996407,-245.97105232933836,1462.12206772814,6.802484438876113e-07,1462.1220670478917,731.0610335239459,731.0610342041942,357.1102955410245,0.05
4.109724006203122,184.95261060261615,-245.81418393686295,1457.1957437611038,7.230387549256856e-07,1457.195743038065,728.5978715190325,728.5978722420713,351.97471318369736,0.05
4.298646229963571,184.5093499281637,-245.3813975589137,1371.0726744808485,7.784680285820112e-07,1371.0726737023804,685.5363368511902,685.5363376296583,343.9082547695877,0.05
4.349687755565133,185.20382725626104,-245.2025845748767,1672.8069879843636,8.797407643917691e-07,1672.8069871046227,836.4034935523114,836.4034944320522,375.6294206247098,0.05
4.303027012868536,185.8597169650444,-245.16880804116005,1990.6329192981163,1.014486706483698e-06,1990.6329182836296,995.3164591418148,995.3164601563016,414.3750195317706,0.05
4.087707204158908,186.3356264554546,-245.44173460519423,2181.816119381976,9.811397787426729e-07,2181.8161184008363,1090.9080592004182,1090.9080601815579,434.6587193606236,0.05
4.648276796982696,183.370235026114,-244.5394417024488,1141.046224788731,7.91281826416499e-07,1141.0462239974493,570.5231119987246,570.5231127900064,325.67793805640713,0.05
4.5162403572320615,182.70295167820208,-244.8707541014503,1356.0680651950734,6.802919858455571e-07,1356.0680645147813,678.0340322573907,678.0340329376827,366.0380788259357,0.05
4.5851822420793935,184.76902930298365,-244.6764093838446,1497.024939598895,9.476266973668586e-07,1497.0249386512683,748.5124693256341,748.5124702732608,352.60773675138586,0.05
4.597935445307198,185.62971379250465,-244.55118523054523,1978.5582891807785,9.894041660188633e-07,1978.5582881913742,989.2791440956871,989.2791450850914,409.2979906214174,0.05
4.891184688856473,184.9481656619288,-243.95410716742663,1651.8800782261771,9.91888680232861e-07,1651.8800772342884,825.9400386171442,825.940039609033,365.3677554845626,0.05
4.92551219153995,185.7355514843372,-243.7838763657347,2059.1617526295745,1.0349102168163958e-06,2059.161751594664,1029.580875797332,1029.5808768322424,418.5155441124376,0.05
4.773809721748474,184.1344306298222,-244.2486701958748,1332.0186108639016,9.049131707832002e-07,1332.0186099589885,666.0093049794942,666.0093058844074,334.39513797415555,0.05
4.827041157795692,182.70383519824975,-244.21176300061973,1089.533357319242,7.687101690107757e-07,1089.5333565505318,544.7666782752659,544.7666790439761,327.28087148746624,0.05
4.985064556574154,183.46621707219387,-243.81659791871496,1216.843066864018,8.359288857544822e-07,1216.8430660280892,608.4215330140446,608.4215338499735,322.43140347158965,0.05
5.153515521199707,184.309289109363,-243.4156448781729,1528.5193043986626,9.410132866293684e-07,1528.5193034576494,764.2596517288247,764.2596526698379,346.9720134233568,0.05
3.799181824568838,186.25067199387655,-246.06294636512,1821.9973761930612,8.712965511899897e-07,1821.9973753217646,910.9986876608823,910.9986885321789,386.5506664332742,0.05
4.392923053674871,186.3874107892963,-244.78220212066572,2431.108697962692,9.92350683558696e-07,2431.1086969703415,1215.5543484851707,1215.5543494775213,469.1773446793436,0.05
4.731871337045618,186.43919772828104,-244.0340178897609,2559.3924133397763,1.1479609751784436e-06,2559.3924121918153,1279.6962060959077,1279.6962072438687,486.8400213690433,0.05
3.186675556757224,186.5902790184119,-246.9199368174399,1370.3280233906846,6.982417277336077e-07,1370.3280226924428,685.1640113462214,685.1640120444632,310.2202774188546,0.05
2.4749554958017086,186.57752544888416,-247.9753876991062,1259.7922280080918,9.827180384167482e-07,1259.7922270253737,629.8961135126868,629.896114495405,230.2832043253834,0.05
2.636294107291116,186.74713818314453,-247.6014571711372,1305.1634717234804,7.45657987889309e-07,1305.1634709778223,652.5817354889111,652.5817362345692,260.3855506209978,0.05
2.8068178332870177,186.9131665991921,-247.2127549503762,1408.6912107317455,6.931488145250441e-07,1408.6912100385966,704.3456050192983,704.3456057124472,293.5250129563875,0.05
4.041520834222833,186.97795928248615,-245.1572301684072,2696.151055559493,1.0329982465000456e-06,2696.151054526495,1348.0755272632475,1348.0755282962457,495.72200879033545,0.05
3.4509463631593427,186.68465365709687,-246.4131209510124,1723.1722022231108,8.080709674727728e-07,1723.1722014150398,861.5861007075199,861.5861015155909,364.2130503205236,0.05
3.726714077340189,186.82818436969444,-245.8315170948161,2194.848242949238,9.634530757867116e-07,2194.8482419857846,1097.4241209928923,1097.4241219563455,426.32530296146257,0.05
5.256750651890466,185.3039025749214,-243.1112441647105,1918.1844739876424,1.1409555012139552e-06,1918.184472846687,959.0922364233435,959.0922375642989,397.3833919576656,0.05
5.172842738038806,186.43835118907268,-243.07491277507717,2414.0913917631538,1.209714305226816e-06,2414.0913905534394,1207.0456952767197,1207.045696486434,465.8123738989767,0.05
5.197967151528831,182.68931267854936,-243.4792946656686,1090.9979284223443,8.793211402024628e-07,1090.9979275430233,545.4989637715116,545.4989646508327,310.1087860760847,0.05
5.5780218174256495,184.50975675871985,-242.52707791453707,1740.650794382187,1.0505219750616584e-06,1740.650793331665,870.3253966658325,870.3253977163546,368.8202116551532,0.05
5.633631543563628,182.6490361793685,-242.6635055500753,1310.7691321439684,8.533851832008326e-07,1310.7691312905831,655.3845656452916,655.3845664986768,320.0078175729976,0.05
5.404002714059652,183.54494461190063,-242.9724332257988,1497.6110900787298,9.015906227184484e-07,1497.6110891771393,748.8055445885697,748.8055454901602,343.03031487232795,0.05
6.15475573931024,182.570650218,-241.75679155200012,1670.2952763491842,7.684793111987936e-07,1670.2952755807048,835.1476377903524,835.1476385588318,358.07305128022676,0.05
5.862727269227854,183.5704570304252,-242.0985975223433,1669.3197583384865,9.742261924883694e-07,1669.3197573642603,834.6598786821302,834.6598796563563,359.0684813951624,0.05
6.017767438896619,184.6199871154145,-241.65365597897195,1855.768588530367,1.027094757973861e-06,1855.768587503272,927.884293751636,927.8842947787309,374.2622110886651,0.05
6.344776034490269,183.55981222726692,-241.24158216785207,1908.9326503023065,8.153903780881951e-07,1908.932649486916,954.466324743458,954.4663255588484,390.51004672380566,0.05
6.5438465191983255,184.62328125943264,-240.68901459806776,1909.3561606204785,6.942020309052179e-07,1909.3561599262764,954.6780799631382,954.6780806573403,389.5297369804015,0.05
4.3704235364597865,187.15018432512443,-244.42347637628507,3131.3104507499,1.1140812945715748e-06,3131.3104496358187,1565.6552248179094,1565.6552259319908,558.5148284149716,0.05
4.76638714719466,187.31752667056267,-243.5464500683941,3519.1204723712303,1.2218324387214544e-06,3519.120471149398,1759.560235574699,1759.5602367965314,619.4347056198387,0.05
5.2580070296946095,187.60087562279224,-242.4023372443513,3670.190535783199,8.847671043891881e-07,3670.190534898432,1835.095267449216,1835.0952683339829,651.7140481140211,0.05
3.0446091781619207,187.08545496044127,-246.7160642988574,1719.6069126446275,7.99104440143405e-07,1719.6069118455232,859.8034559227616,859.8034567218659,346.4935425074707,0.05
3.5606392676173337,187.49260807356956,-245.5702353090309,2748.494814189169,1.0375430881301187e-06,2748.494813151626,1374.247406575813,1374.247407613356,489.1813529971249,0.05
3.855424873064588,187.7295921785408,-244.8898030175102,3291.4025457105054,1.0914102176615744e-06,3291.4025446190954,1645.7012723095477,1645.7012734009577,566.8870962967427,0.05
3.2789423613996638,187.28219472045063,-246.1911125694312,2168.5992798208526,8.587614997810042e-07,2168.599278962091,1084.2996394810455,1084.2996403398072,409.2989624892916,0.05
6.183099066439351,185.8007263655929,-241.1186798659104,1927.9688067208165,1.0145496430724594e-06,1927.9688057062667,963.9844028531334,963.9844038676831,395.71967273648363,0.05
5.6602773479823965,185.6267796011591,-242.2093467971483,1940.033362496045,9.67905465659167e-07,1940.0333615281395,970.0166807640697,970.0166817319752,397.70013526546626,0.05
5.740845008176227,186.72627665729289,-241.78252882956156,2719.4144866058173,1.0404969387499392e-06,2719.4144855653203,1359.7072427826602,1359.7072438231571,519.7504389694267,0.05
6.7436538243623225,185.81754745701943,-240.052261378513,1836.9075996951235,8.081396494158224e-07,1836.9075988869838,918.4537994434919,918.4538002516316,374.6430484495227,0.05
6.331623608554105,188.59382507603743,-239.6952666409387,4269.8140989039775,9.323747604283144e-07,4269.814097971603,2134.9070489858013,2134.907049918176,786.7372364246687,0.05
7.007649294108415,188.60203760635,-238.39377730656005,3712.1234219086896,5.957130617509723e-07,3712.1234213129765,1856.0617106564882,1856.0617112522013,718.705433047492,0.05
6.914984318748479,187.1536974402351,-239.29644251405512,2097.246288182301,8.181669313960044e-07,2097.2462873641343,1048.6231436820672,1048.623144500234,434.6656031181725,0.05
5.796542084103463,188.00348965578013,-241.10203340784165,3943.4861783164793,9.683862532489844e-07,3943.486177348093,1971.7430886740465,1971.7430896424328,711.237886869799,0.05
6.346592968979089,187.1053411127273,-240.4179488221656,2646.8796709281905,1.1740063344437296e-06,2646.8796697541843,1323.4398348770922,1323.4398360510984,518.6715517681356,0.05
4.212239582199864,187.96873179193648,-244.08956258511049,3957.251750545356,1.2844747454437694e-06,3957.2517492608813,1978.6258746304406,1978.6258759149155,670.4711617502303,0.05
4.628516215100784,188.295647118483,-243.08987494946527,4369.516186644191,1.2289578445512166e-06,4369.516185415234,2184.758092707617,2184.7580939365744,739.734972753638,0.05
5.06352584456164,188.691927123974,-241.97737790883,4868.269384179211,9.13106226566884e-07,4868.269383266104,2434.134691633052,2434.1346925461585,837.8116586239431,0.05
5.526941995933418,189.1487068954385,-240.74337608484956,5521.003756161153,8.576127844352336e-07,5521.003755303541,2760.5018776517704,2760.501878509383,974.00865098362,0.05
5.838583200272998,189.60391544685007,-239.75166525493964,5668.912739038924,8.043061615931349e-07,5668.912738234618,2834.456369117309,2834.456369921615,1024.3025516815173,0.05
6.368420078104547,189.67104753650528,-238.75583638958707,5421.153437227161,7.102835678936567e-07,5421.153436516877,2710.5767182584386,2710.576718968722,1010.2958573969552,0.05
6.942960138555708,190.0549691467712,-237.32823343279887,5328.869865041069,6.382329666545556e-07,5328.869864402835,2664.4349322014177,2664.434932839651,1032.7919388596129,0.05
3.6423357189534977,182.35051195502027,-247.09928021064044,3637.2835444549114,1.1121461804311969e-06,3637.2835433427654,1818.6417716713827,1818.6417727835287,626.7046343291369,0.05
3.789504676172234,182.1955282945883,-246.7136812171862,3847.409767518329,7.515292185284695e-07,3847.4097667667997,1923.7048833833999,1923.704884134929,682.4374058616489,0.05
3.650965161796137,182.05119825331545,-247.1106169687472,3707.704275334892,1.2319373253827551e-06,3707.7042741029545,1853.8521370514773,1853.8521382834147,632.7583230143812,0.05
3.45539781283,182.573691613,-247.618967569,3348.164125825317,2.55642452206522e-06,3348.1641232688926,1674.0820616344463,1674.0820641908708,552.0504468449099,0.05
3.504548931971117,182.20540508323649,-247.5040362092269,3580.9264576036776,2.3033076741124395e-06,3580.92645530037,1790.463227650185,1790.4632299534926,591.073984713271,0.05
3.7389196003430896,181.72297721575828,-246.9220061203352,3998.549699542832,1.1536382161854826e-06,3998.549698389194,1999.274849194597,1999.274850348235,686.1506162124193,0.05
3.570330277927249,181.7870323306142,-247.3730696113127,3839.711874043608,2.0125010714755044e-06,3839.711872031107,1919.8559360155534,1919.8559380280547,632.5744271797101,0.05
3.912638628381276,181.72278486924648,-246.4668642209139,4038.725291141656,5.369443539640695e-07,4038.7252906047115,2019.3626453023558,2019.3626458393,721.1960836985726,0.05
4.181204993441684,182.15663220428397,-245.72216795060265,2672.502048806933,4.83365841071223e-07,2672.502048323567,1336.2510241617836,1336.2510246451495,545.8838945804115,0.05
3.9688097711848505,182.1910940763144,-246.2445953803651,3443.861956664696,4.953412838232606e-07,3443.861956169355,1721.9309780846775,1721.9309785800187,644.0165653900312,0.05
4.103021950204885,181.7304732314123,-245.98872835161015,3450.71880669748,4.305045779826139e-07,3450.718806266975,1725.3594031334876,1725.3594035639924,653.4303549986421,0.05
4.322125814663275,181.64308876771247,-245.48654498309563,2665.7633377855213,4.747584836033515e-07,2665.763337310763,1332.8816686553814,1332.88166913014,551.504744514786,0.05
4.230912088342528,181.30737872236423,-245.76665350079983,3462.5631888172875,3.965245774208619e-07,3462.563188420763,1731.2815942103814,1731.281594606906,662.0596327120352,0.05
4.7860304849732405,181.8924051321131,-244.43601190952157,1241.982414191609,6.586333776317258e-07,1241.9824135329757,620.9912067664878,620.9912074251212,361.4055470182767,0.05
4.41191741494125,182.1230598817476,-245.18924418312653,1952.5625849627788,5.415242794177825e-07,1952.5625844212545,976.2812922106273,976.2812927521516,451.1140653888221,0.05
4.529987370766018,181.5210399071005,-245.04984763739336,2082.0167747116343,5.826189935047764e-07,2082.016774129015,1041.0083870645076,1041.0083876471267,475.8644499299274,0.05
4.7505851210124845,181.2477519506743,-244.64045331749037,1665.7826911803106,5.632177140155343e-07,1665.7826906170928,832.8913453085464,832.8913458717642,421.5511187918475,0.05
4.049471094922441,181.19565725629903,-246.22427475692652,4199.068618480669,3.973717610288973e-07,4199.068618083297,2099.5343090416486,2099.5343094390205,754.2826428841663,0.05
3.652579361397109,181.31134827231364,-247.22385889925505,3869.685563311923,1.2311796811616658e-06,3869.6855620807432,1934.8427810403716,1934.8427822715514,639.1582784482855,0.05
3.8483644872225033,181.2370690495644,-246.7217672675777,4198.740299054234,6.506279805141562e-07,4198.740298403606,2099.370149201803,2099.370149852431,722.1795472092782,0.05
4.2670331911375525,180.65528887937828,-245.8122733846241,4013.2271349495663,2.96079622910868e-07,4013.2271346534867,2006.6135673267434,2006.613567622823,739.1934858803257,0.05
3.989562858601375,180.6762110425154,-246.4683458824164,4429.820115643591,4.373411281616549e-07,4429.820115206249,2214.9100576031246,2214.910058040466,766.4985105442047,0.05
3.751667941590528,180.77009205381847,-247.05385584563425,3836.731747563601,5.301970382789468e-07,3836.7317470334037,1918.3658735167019,1918.365874046899,637.0533983831217,0.05
4.417332566082292,181.12213362040927,-245.38003196658735,2993.2342458052576,4.184965420305856e-07,2993.234245386761,1496.6171226933805,1496.6171231118772,602.4766831781482,0.05
4.514309885766445,180.66572064669728,-245.2582711107392,3055.610859309681,4.071305729815405e-07,3055.6108589025503,1527.8054294512751,1527.805429858406,613.697355867578,0.05
4.58788725595591,181.0379569133364,-245.02573574850425,2310.18454322366,4.7308474673276165e-07,2310.1845427505755,1155.0922713752877,1155.0922718483723,508.85103380678925,0.05
4.833286167833839,180.4680506656336,-244.62242196840955,2033.3429471879483,5.244627424035663e-07,2033.3429466634855,1016.6714733317427,1016.6714738562056,474.8975064842549,0.05
5.136874418862934,181.8908591882379,-243.73821818548024,880.1344354479662,7.831927896746641e-07,880.1344346647734,440.0672173323867,440.0672181155795,293.16450494742077,0.15
5.066449734418741,181.17618052789567,-244.01747414503205,1036.730463441499,6.524207925654622e-07,1036.7304627890783,518.3652313945391,518.3652320469599,323.682982236031,0.15
5.422019780974219,182.04395496793927,-243.1653869560577,951.7006777979008,8.254872645587287e-07,951.7006769724135,475.85033848620674,475.85033931169403,292.0076233645961,0.05
5.4696653104463255,181.24618022313624,-243.2359350297012,856.681046701526,6.528139505255962e-07,856.6810460487121,428.34052302435606,428.34052367717,267.81175528810496,0.2
5.3054875585169885,180.438216604066,-243.70138619894223,1096.0071615462084,5.50578928875045e-07,1096.0071609956294,548.0035804978147,548.0035810483937,328.5450202714596,0.15
5.968541921911873,181.5790843194986,-242.2846255578192,1145.6239096209351,7.431713649921369e-07,1145.6239088777638,572.8119544388819,572.8119551820532,301.1550014630235,0.05
5.782970774886887,180.6030445435811,-242.8129137807635,976.7395030144062,6.569007842707426e-07,976.7395023575054,488.3697511787527,488.36975183565346,269.02056870551075,0.2
5.584203813277387,179.62751102126424,-243.34359875213585,1243.9658189331842,5.618546579904318e-07,1243.9658183713295,621.9829091856648,621.9829097475194,351.8140761275773,0.2
3.864683133440216,180.15318228731527,-246.8600876668848,3851.393064848623,1.877942068181642e-07,3851.3930646608287,1925.6965323304144,1925.6965325182086,640.316891531798,0.05
4.169547752278487,180.0558935462781,-246.14003896445712,4643.301336618085,3.7540530707058873e-07,4643.301336242679,2321.6506681213395,2321.6506684967453,810.0042699607461,0.05
3.989334001042786,179.44929654968402,-246.6391757160138,3767.704659993207,1.5754121136997813e-07,3767.7046598356656,1883.8523299178328,1883.852330075374,624.887673849661,0.05
4.513715857403655,180.02106177771083,-245.37327194145,3726.175582414955,3.5068685206019724e-07,3726.175582064268,1863.087791032134,1863.087791382821,708.696058073455,0.05
4.764423503965648,179.46072285998997,-244.92344863037133,3243.873969333741,3.6049429356064187e-07,3243.873968973247,1621.9369844866235,1621.9369848471176,644.7924003553409,0.05
5.1431182540386455,179.4732718192152,-244.1712961908973,2138.663431501411,4.6702166685922166e-07,2138.6634310343893,1069.3317155171947,1069.3317159842165,491.47668610034134,0.05
4.919836624273733,178.57368664464707,-244.697155138106,3443.8380099172105,3.225108945149607e-07,3443.8380095946995,1721.9190047973498,1721.9190051198607,673.5140341333115,0.05
5.356474667987492,178.63728015289712,-243.87825160294935,2282.0019965214183,4.681027496781987e-07,2282.0019960533155,1141.0009980266577,1141.0009984947606,510.6338822105495,0.05
5.0826891933627705,177.6258027289887,-244.41238837477076,3365.59340856092,3.451366666925036e-07,3365.5934082157833,1682.7967041078916,1682.7967044530285,659.8636318792927,0.05
4.358424058860782,179.33896762193714,-245.8045402034642,4707.802711675759,2.986058831852977e-07,4707.802711377153,2353.9013556885766,2353.901355987183,829.8851706256535,0.05
4.522407795659423,178.5713914919412,-245.5055740027152,4638.574613951199,2.502085452140538e-07,4638.574613700991,2319.2873068504955,2319.287307100704,822.9109891380773,0.05
4.118830455051027,178.6449389149036,-246.3872579879848,3461.632387463271,2.25888482434914e-07,3461.6323872373823,1730.8161936186912,1730.8161938445796,573.4798514846534,0.05
4.236048320254089,177.72382993697536,-246.1000395547056,3070.392439014844,3.076868156915427e-07,3070.3924387071575,1535.1962193535787,1535.1962196612653,508.432241527512,0.05
4.636026829038048,177.63249434213995,-245.2637712296623,4253.2115575671805,2.5576082773469736e-07,4253.21155731142,2126.60577865571,2126.6057789114707,755.2735995768073,0.05
4.73966664868663,176.58106320054603,-244.94217864456243,3620.0931532730415,2.6990047616036386e-07,3620.093153003141,1810.0465765015706,1810.0465767714709,650.3055865899034,0.05
4.318150045654245,176.6709100831216,-245.77383210269247,2519.649220837828,3.643621999068828e-07,2519.649220473466,1259.824610236733,1259.8246106010952,417.50565529123435,0.05
4.32532311512,175.55446433799997,-245.431194864,1795.12381897431,3.9455982613586113e-07,1795.1238185797504,897.5619092898752,897.5619096844349,299.49173353012617,0.05
12.181764802161172,178.67941297881842,-233.116161167094,2279.8977704154704,1.7021709822926664e-06,2279.8977687132992,1139.9488843566496,1139.9488860588208,504.15666863682736,0.05
12.812772167510538,177.91932693166936,-231.5680814757197,2975.8236594365426,2.2330807878159614e-06,2975.8236572034616,1487.9118286017308,1487.9118308348118,659.4847265831543,0.05
12.105546527750995,176.59198253061183,-233.26633209145697,3297.364478370583,1.9506394343412337e-06,3297.364476419944,1648.682238209972,1648.6822401606112,706.4659443664135,0.05
12.609394322231289,180.14309196761505,-231.7678271420639,1884.6045374703851,1.953806324093569e-06,1884.6045355165788,942.3022677582894,942.3022697120957,440.63821551896285,0.05
12.04742128318062,181.97008590178044,-232.3190762091263,751.6440641481117,1.365513808678592e-06,751.644062782598,375.822031391299,375.82203275681275,241.49184415400177,0.2
11.447917637994662,183.30909984947056,-232.8947312670271,909.3152408280636,1.1333405258565288e-06,909.315239694723,454.6576198473615,454.65762098070206,205.1852401899336,0.2
11.093110345827368,181.69108385711712,-234.30709824440007,847.6254087360534,9.378979861041552e-07,847.6254077981554,423.8127038990777,423.8127048369757,195.4533682557565,0.2
11.942301174318647,180.43261176703368,-233.17149475941045,1338.0752889621592,1.5461983506721783e-06,1338.075287415961,669.0376437079805,669.0376452541788,332.30172904402826,0.05
12.01674569181424,174.60015697356903,-232.48129176852143,3887.807492339736,2.4243029378278864e-06,3887.807489915433,1943.9037449577165,1943.9037473820197,850.9467504179026,0.05
11.497674672537984,174.88697344909545,-234.00590539054855,3811.9833068902,1.9225229351258933e-06,3811.9833049676768,1905.9916524838384,1905.9916544063615,813.7543266713651,0.05
11.057235854842062,173.22964012895272,-233.6507865176864,3891.521954407727,2.132115507537918e-06,3891.5219522756115,1945.7609761378058,1945.7609782699215,839.7879741192322,0.05
9.748939306815725,188.82630859874703,-232.88070190071787,1971.496281519058,7.429492618515476e-07,1971.4962807761087,985.7481403880544,985.7481411310035,459.0215567726001,0.05
8.884766562242072,190.6419787880286,-232.96880449016157,4265.485249502699,7.297947099783894e-07,4265.485248772904,2132.742624386452,2132.742625116247,939.8728205731858,0.05
8.816576865863262,189.41480431332803,-234.33189623167735,3168.9437964463214,4.368477516274452e-07,3168.9437960094738,1584.4718980047369,1584.4718984415845,681.734740652575,0.05
9.409809262388864,187.6913738193849,-234.39763154964484,1140.4799640768424,5.110001648573457e-07,1140.4799635658424,570.2399817829212,570.2399822939212,285.42860302089167,0.05
8.587850334359443,188.4408291525444,-235.5041978411067,2500.368319050622,4.6738549674330754e-07,2500.3683185832365,1250.1841592916182,1250.184159759004,536.8744980023813,0.05
7.427785787217412,182.53607140372196,-239.7420443268951,1921.8886831066584,4.605240620088078e-07,1921.8886826461344,960.9443413230672,960.9443417835912,396.4598199459707,0.05
6.8145262035123695,182.4647087959941,-240.70629529095052,1878.52123325322,4.885772400595451e-07,1878.521232764643,939.2606163823215,939.2606168708986,388.60300434957543,0.05
7.108739173421085,183.49158945285012,-239.996683764013,1939.6462046139131,5.660607251705171e-07,1939.6462040478525,969.8231020239263,969.8231025899869,395.50871976219315,0.05
11.458512663586047,179.833096058289,-234.29141468573627,1484.531647492607,1.1346478237219406e-06,1484.531646357959,742.2658231789795,742.2658243136274,350.46803660123715,0.05
11.208432395490584,177.9039882163323,-235.08939848531992,2450.946439000526,1.2304425640406029e-06,2450.9464377700833,1225.4732188850417,1225.4732201154843,526.1893030922365,0.05
11.22453041782282,175.94294309564438,-234.92653395792436,3522.337814977177,1.5382760686296474e-06,3522.337813438901,1761.1689067194504,1761.1689082577266,741.2044063695339,0.05
10.288746196383691,176.34053499465915,-236.55861978830148,3414.588616644563,1.0862214013503846e-06,3414.5886155583416,1707.2943077791708,1707.2943088653922,709.9469656572331,0.05
10.457179999265724,186.7803131971611,-232.87115789233545,938.6013061343518,8.131913992893753e-07,938.6013053211605,469.3006526605802,469.3006534737716,230.8707009050808,0.2
7.318666487169179,184.5239185748081,-239.3969781171251,1771.8351799541072,5.856011859177675e-07,1771.835179368506,885.917589684253,885.9175902698541,369.7128829201808,0.05
7.562253115420351,185.62702957025488,-238.6670942827052,1528.779275817499,5.326190771916165e-07,1528.77927528488,764.38963764244,764.389638175059,329.6915781522951,0.05
8.127122632838132,184.22845796332112,-238.1794423023263,1677.3264220405351,4.0382098217863357e-07,1677.3264216367143,838.6632108183571,838.663211222178,358.3283634334459,0.05
7.826976884242441,183.25148355619973,-238.93851256819576,1908.8710937817505,4.733764991647989e-07,1908.871093308374,954.435546654187,954.4355471275635,399.21891950769964,0.05
8.541735878494366,182.8831690756395,-237.9596107158484,1722.3778078784655,3.088878681041375e-07,1722.3778075695777,861.1889037847889,861.1889040936767,367.67105113041504,0.05
8.29523615453577,181.7079292672408,-238.68146926226495,1743.8513638908669,3.408574041508481e-07,1743.8513635500094,871.9256817750047,871.9256821158622,373.13387582771617,0.05
8.217143336414281,180.68418425939817,-239.07989788651008,1575.586348218815,2.816725286628126e-07,1575.5863479371424,787.7931739685712,787.7931742502437,347.03359098229254,0.05
8.71438170777492,179.31821054247925,-238.68740365809364,1653.0309157482006,2.792366633707882e-07,1653.030915468964,826.515457734482,826.5154580137187,362.95971492768354,0.05
7.756459450707655,180.02037831261578,-239.90692381214305,1637.3936230410673,2.4895120336830495e-07,1637.393622792116,818.696811396058,818.6968116450092,354.12798962307096,0.05
9.154865145834933,180.5261140786772,-237.76371559063267,1327.9885543432897,3.018418613841196e-07,1327.9885540414477,663.9942770207239,663.9942773225658,307.0620802642412,0.05
8.9822101151553,181.9102454362373,-237.60506588156983,1479.9770306899325,2.1142109454866842e-07,1479.9770304785113,739.9885152392557,739.9885154506768,333.7400452085903,0.05
9.607835926462316,181.6049094326349,-236.761134862889,1210.7588394244135,5.281060180070386e-07,1210.7588388963075,605.3794194481537,605.3794199762598,287.5427848506555,0.05
7.474570155522245,181.4289542297296,-239.96624636701196,1743.5476379658714,3.947397659678485e-07,1743.5476375711316,871.7738187855658,871.7738191803056,371.42934628124056,0.05
6.663823732610457,181.5999412805874,-241.15208780537083,1651.7193326360164,6.575290802860384e-07,1651.7193319784874,825.8596659892437,825.8596666467727,357.0179288742846,0.05
7.795176512001206,178.92360084006512,-240.06680686649116,1876.048381059768,2.4276911493598804e-07,1876.0483808169988,938.0241904084994,938.0241906512686,402.3659600127816,0.05
8.18595577610741,177.89890103287635,-239.63472314010852,2382.451049513844,2.949669628452898e-07,2382.451049218877,1191.2255246094385,1191.2255249044053,502.29348357783135,0.05
6.25571307584451,179.63295278803838,-242.23109126178616,1205.650502792688,5.489906500169226e-07,1205.6505022436975,602.8252511218487,602.8252516708393,317.9129943084268,0.05
10.755615650058662,183.78983330946036,-233.9808293552756,929.1174081021032,8.872856782886174e-07,929.1174072148176,464.5587036074088,464.55870449469444,213.3067948217348,0.2
10.083199908947442,183.51883583780528,-235.286757019126,942.8596299575016,5.606326204542727e-07,942.859629396869,471.4298146984345,471.42981525906714,256.160673883869,0.05
10.203480919777984,181.84736741278897,-235.74657224670173,904.4718138438824,4.332575668566471e-07,904.4718134106248,452.2359067053124,452.23590713857,225.1942600752928,0.2
9.153591301459196,182.48628704893363,-237.1592210082129,1433.481957617541,4.3252274464697966e-07,1433.4819571850182,716.7409785925091,716.7409790250318,328.91682182295193,0.05
9.59875484999207,182.6211860399757,-236.424085285426,1277.6863068315402,4.661640342876911e-07,1277.6863063653761,638.8431531826881,638.8431536488521,300.5043972843794,0.05
9.072524935260557,183.79140867084016,-236.82909063854763,1359.9169809273303,3.467143792370028e-07,1359.916980580616,679.958490290308,679.9584906370224,314.4813266604399,0.05
7.787376558745985,186.8776688936511,-237.8117934398795,1540.7008558538223,5.275288217524612e-07,1540.7008553262935,770.3504276631468,770.3504281906755,338.9895916170566,0.05
8.404511100372636,185.3014280567752,-237.36247295704757,1225.0223176900488,3.8659169456264013e-07,1225.0223173034572,612.5111586517286,612.5111590383202,289.3024010909547,0.05
11.060422950353075,184.97797981207563,-232.7492513817984,999.8671154734938,1.0648490872839028e-06,999.8671144086446,499.9335572043223,499.93355826917144,240.2641955042192,0.2
10.461648492545756,180.12735986021684,-235.89687886493152,1188.3651236265837,8.479063241313609e-07,1188.3651227786775,594.1825613893387,594.182562237245,292.488676362006,0.05
9.812728485082571,178.3108765869494,-237.26428590632847,2187.9777824139305,6.691755445769953e-07,2187.977781744755,1093.9888908723774,1093.9888915415531,471.5876317953629,0.05
8.888907099486884,178.07360809818033,-238.6257599363689,2374.8835497037007,5.477608265220687e-07,2374.88354915594,1187.44177457797,1187.4417751257308,503.41052291558844,0.05
5.956761357965529,178.59175984021823,-242.86699513822316,1843.8387184585847,4.6424714233338454e-07,1843.8387179943375,921.9193589971687,921.919359461416,426.2187389796235,0.05
6.522615488936775,178.67678011048167,-241.96933453873015,1814.7719919087824,2.62686176475244e-07,1814.7719916460962,907.3859958230481,907.3859960857343,411.04894786694894,0.05
5.684384679955564,177.52236567970704,-243.37389534502492,2565.2531665131214,3.559027257888724e-07,2565.253166157219,1282.6265830786094,1282.626583434512,545.5807247662842,0.05
5.282422781214504,176.58023403352064,-243.9822055219594,3016.3136865950187,3.2423420714129065e-07,3016.3136862707843,1508.1568431353921,1508.1568434596265,606.4852111260919,0.05
5.921999762836528,176.35571316485175,-242.9111608212669,2634.8702380938844,2.819054832674486e-07,2634.8702378119788,1317.4351189059894,1317.435119187895,550.8808253101917,0.05
5.247823794018744,175.36924848035966,-243.75504330672788,2768.957401879983,3.12861735226983e-07,2768.9574015671215,1384.4787007835607,1384.4787010964224,553.9167707876355,0.05
7.287885127299738,177.87610849407247,-240.9156031318455,2411.2724929271453,2.8994691344021853e-07,2411.2724926371984,1205.6362463185992,1205.6362466085461,502.0325056217917,0.05
6.414525771785901,177.4816220449733,-242.22243652043332,2305.3850768458738,2.4482676211173705e-07,2305.385076601047,1152.6925383005234,1152.6925385453503,495.2804961879298,0.05
9.00596344040339,176.50004152817192,-238.46699291597497,3293.954045043793,6.439498722437231e-07,3293.954044399843,1646.9770221999215,1646.9770228438715,674.9550558648716,0.05
10.467117369954808,174.2337664661153,-235.57108876485827,4232.702209843066,1.601401333005889e-06,4232.702208241665,2116.3511041208326,2116.3511057222336,880.2650686064145,0.05
9.104141050596366,174.63552458294015,-237.8423522063724,4401.887759495163,1.014676004890272e-06,4401.887758480487,2200.9438792402434,2200.9438802549193,885.755781564636,0.05
8.05032304826294,174.9186013764312,-239.44568580086803,4211.939148306683,6.802119695960735e-07,4211.939147626471,2105.9695738132355,2105.9695744934475,828.565208562728,0.05
6.05707597868895,175.11681894155018,-242.39363273893272,2806.959114026964,3.379520663383433e-07,2806.959113689012,1403.479556844506,1403.479557182458,565.3662608114545,0.05
7.86743851633909,189.7982062413108,-235.84822516533904,4384.418346349382,4.4744797160968097e-07,4384.418345901934,2192.209172950967,2192.209173398415,891.3020412554913,0.05
7.88408441108205,188.28216813016732,-236.92889739278172,2747.4736621619345,5.250835757274755e-07,2747.473661636851,1373.7368308184255,1373.736831343509,562.3088840975166,0.05
7.782262908193891,191.10869725962456,-234.5726013831168,5525.781789954453,5.605312368859554e-07,5525.781789393922,2762.890894696961,2762.8908952574925,1156.5482888578376,0.05
9.90882577760587,185.5449111966501,-234.65613483392815,770.6609165624772,4.527427164347751e-07,770.6609161097344,385.3304580548672,385.33045850760993,197.8687276344247,0.2
9.263191625209831,184.92085913644016,-236.0758986540049,961.816910308798,3.6588520212883436e-07,961.8169099429128,480.9084549714564,480.9084553373416,246.18042997909916,0.05
8.806917910323888,186.81032328581944,-236.0205265650469,1110.8889406051453,3.156417247057885e-07,1110.8889402895036,555.4444701447518,555.4444704603935,268.22667415773736,0.05
6.427932037873092,180.5075344457413,-241.7790314964964,1240.902784451339,6.162233083502766e-07,1240.9027838351155,620.4513919175578,620.4513925337811,305.8560796304826,0.05
7.020651876911177,179.4543913337708,-241.0975113161192,1616.8562029355733,2.514340965380377e-07,1616.8562026841391,808.4281013420696,808.4281015935037,365.5939995517513,0.05
7.029117552976271,180.59806348275143,-240.83834281823448,1460.9790195914643,4.05418135343325e-07,1460.9790191860461,730.4895095930231,730.4895099984412,328.4689245753913,0.05
7.806681361312329,176.39831908362177,-240.1470694931563,3292.378540476644,4.57357776154482e-07,3292.3785400192864,1646.1892700096432,1646.1892704670008,662.2869384457199,0.05
7.004590871121389,175.09827039983702,-240.99154860805768,3580.55659406892,4.613819301522326e-07,3580.5565936075377,1790.2782968037689,1790.278297265151,698.1055726035038,0.05
6.812159671589508,176.3510557078495,-241.56685473518337,2982.5248731136294,2.999646252855267e-07,2982.524872813665,1491.2624364068324,1491.262436706797,600.2756611597887,0.05
4.877816687247812,175.88613424079864,-244.5380682709004,3362.641672924431,1.7527655438372073e-07,3362.6416727491546,1681.3208363745773,1681.3208365498538,621.4713979399742,0.05
4.32532311512,175.55446433799997,-245.431194864,1779.3909797949534,4.35547851081554e-07,1779.3909793594055,889.6954896797027,889.6954901152507,301.74391634854123,0.05
4.742073475974859,175.18435535251285,-244.53773184169444,2533.0747641422736,3.722142083277384e-07,2533.0747637700592,1266.5373818850296,1266.537382257244,472.2105648862854,0.05
4.24999788289,174.67559275399998,-245.16476481,1284.2837712652802,4.133156012617585e-07,1284.2837708519646,642.1418854259823,642.1418858392979,216.63103376542142,0.05
7.95594108603275,191.9792004917938,-232.9428720012153,5454.9528153338,7.435613057377665e-07,5454.952814590239,2727.4764072951193,2727.4764080386803,1196.090961915479,0.05
-4.762836682499937,163.53647873499932,-229.186924004,2875.5410905586323,1.451823745785604e-06,2875.5410891068086,1437.7705445534043,1437.770546005228,655.6323454359896,0.05
-6.656932030214788,163.5341256949144,-229.7696463695777,2933.4901948739634,1.220158475226687e-06,2933.490193653805,1466.7450968269025,1466.745098047061,633.236697462401,0.05
-5.129951112308759,163.60042593838344,-231.14345230946617,2847.009386135553,1.1562091996771697e-06,2847.009384979344,1423.504692489672,1423.5046936458812,619.7629888543768,0.05
-8.455329119958638,163.82069447999004,-230.25417369960348,2940.057472988326,1.0369126068374964e-06,2940.0574719514134,1470.0287359757067,1470.0287370126193,602.8385318519508,0.05
-10.084976805592389,164.32901889926833,-230.6293221363685,3091.369416684256,8.300333603509575e-07,3091.3694158542226,1545.6847079271113,1545.6847087571448,609.3797387382762,0.05
-11.56453281839874,165.02719455646042,-230.9063073489937,3315.8501745658364,7.170654163245819e-07,3315.8501738487707,1657.9250869243854,1657.925087641451,642.7898322171178,0.05
-12.882509709972128,165.8955035902029,-231.08645738962736,3566.792845137723,4.874531076526493e-07,3566.7928446502697,1783.3964223251348,1783.396422812588,692.7295812194646,0.05
-14.038857809000303,166.91712457999972,-231.17416650199996,3668.248883128848,4.745031459914527e-07,3668.248882654345,1834.1244413271725,1834.1244418016754,725.2342308813954,0.05
-15.105133441551784,168.16093472379367,-231.17458742893177,3359.212490103629,3.857372879074381e-07,3359.212489717892,1679.606244858946,1679.6062452446831,691.6417807376098,0.05
-16.06411860996232,169.6152151074867,-231.08701401367347,2872.822487362913,4.008564250372907e-07,2872.8224869620562,1436.4112434810281,1436.4112438818847,618.1034218174846,0.05
-16.869278683816233,171.24321072308558,-230.8667066017489,2379.764507535486,3.8669043414363436e-07,2379.7645071487955,1189.8822535743977,1189.882253961088,528.332000559657,0.05
-17.549308123553345,173.0989131401444,-230.47960192827176,2135.1480627808123,5.016548764929303e-07,2135.1480622791573,1067.5740311395787,1067.5740316412337,471.3593882049174,0.05
-18.003782286612704,175.0469241308619,-229.91604023984996,2122.638407143209,4.95094019905029e-07,2122.638406648115,1061.3192033240575,1061.3192038191514,449.9189981558099,0.05
-18.16827552920041,176.8751075019999,-229.27586102199996,2166.1192239467573,5.979673514769768e-07,2166.11922334879,1083.059611674395,1083.0596122723623,442.19463205509356,0.05
-18.53659372916611,176.4130747841584,-231.17200957076096,2076.654081967263,7.762217180664245e-07,2076.6540811910413,1038.3270405955207,1038.3270413717426,414.61922839019945,0.05
-9.880802689788167,194.61433350872184,-230.0917156906907,4707.0414765057385,2.1053304635670742e-06,4707.041474400408,2353.520737200204,2353.5207393055343,968.0639637662624,0.05
-10.111060535415584,194.58408976974408,-230.06043158281605,5422.747239607624,2.052874718478259e-06,5422.747237554749,2711.3736187773743,2711.3736208302494,1114.9394876632505,0.05
-9.94527784308012,194.68304573300037,-229.636988897,5070.387436625869,2.0236397260298544e-06,5070.387434602229,2535.1937173011147,2535.193719324754,1048.8775971457096,0.05
-10.066017729908047,194.5259952787005,-230.4264690937441,5242.359112470886,2.0615884598631944e-06,5242.359110409298,2621.179555204649,2621.179557266237,1071.8395201255723,0.05
-9.841695604955376,194.54754874199523,-230.56870160537036,4756.891427864302,2.1964700154652733e-06,4756.891425667833,2378.4457128339163,2378.445715030386,971.0195640127774,0.05
-10.159483909169268,194.4492870033506,-230.74955077501065,5391.307235257189,2.117896867453333e-06,5391.307233139292,2695.653616569646,2695.653618687543,1094.4307432713995,0.05
-9.82371826245499,194.47804906451347,-231.1011324222113,4838.842305919565,2.2577959285096765e-06,4838.842303661769,2419.4211518308844,2419.4211540886804,975.7698903216124,0.05
-10.32786096553718,194.45727123093232,-230.46749365622637,5664.0118791151,2.1169902960190004e-06,5664.01187699811,2832.005938499055,2832.005940616045,1153.5401742145739,0.05
-10.307353159657035,194.35031935695795,-231.09861584524543,5650.664650347274,2.1433194637033498e-06,5650.664648203954,2825.332324101977,2825.332326245297,1135.2928933981486,0.05
-10.188277193729242,194.34214564434583,-231.4150558319625,5514.063378527795,2.164701028618888e-06,5514.063376363094,2757.031688181547,2757.031690346248,1100.891578147448,0.05
-10.625078275095364,194.28416429147356,-230.8647955742764,6165.623511426308,2.1079020388613564e-06,6165.623509318406,3082.811754659203,3082.811756767105,1242.262569451766,0.05
-10.612917591696451,194.1974237999933,-231.3869650955345,6047.250599399605,2.1500720143868263e-06,6047.250597249533,3023.6252986247664,3023.6253007748383,1203.0523370938138,0.05
-11.027713513323231,194.04313672311287,-231.2337015954262,6562.493291310683,2.2015613034525423e-06,6562.493289109122,3281.246644554561,3281.246646756122,1305.0967199452805,0.05
-15.39773199117189,189.35334115319515,-230.95400660735345,2973.326016324437,1.9873275973226984e-06,2973.3260143371094,1486.6630071685547,1486.6630091558825,615.8087051436195,0.05
-18.81843076493857,178.78003080945598,-231.44730337037797,1898.2568909207791,8.884993383286886e-07,1898.25689003228,949.12844501614,949.1284459046392,335.7312014572501,0.05
-18.461888010147515,178.35989593749775,-230.2037219557052,2105.706946995911,8.734800482991806e-07,2105.706946122431,1052.8534730612155,1052.8534739346956,398.9927686302388,0.05
-18.587828995029717,179.82373082413537,-230.84002508658196,1824.3918470513845,8.18745182608612e-07,1824.3918462326394,912.1959231163197,912.1959239350648,317.0882003876736,0.05
-18.60231521566328,177.57218198138446,-230.86528670536248,2130.650303965128,8.566151128205232e-07,2130.6503031085126,1065.3251515542563,1065.3251524108716,403.2616681879512,0.05
-18.548846374017828,181.23725033709297,-231.27093888879563,1627.9899735700212,9.412990283585764e-07,1627.9899726287222,813.9949863143611,813.9949872556601,260.36363949857395,0.05
-18.34927162754447,182.55023254255624,-231.5149115270004,1520.1240393219098,1.2697111136729474e-06,1520.1240380521986,760.0620190260993,760.0620202958105,229.31552694441854,0.05
-15.973793916408724,188.32601802766104,-231.1978190341431,2149.728656551271,1.8654028114680769e-06,2149.728654685868,1074.864327342934,1074.8643292083368,443.6495888342839,0.05
-16.53690405696224,187.27720910043791,-231.38959203604568,1572.239123935209,1.9653174381262045e-06,1572.2391219698914,786.1195609849457,786.1195629502632,313.8315209179078,0.05
-16.606853175843312,185.098262964794,-226.48731751664167,1863.4160007955368,1.2819849156172632e-06,1863.415999513552,931.707999756776,931.7080010387608,414.2356233411402,0.05
-16.38192138580052,185.51341622800015,-225.62601608299997,1853.5735317161225,1.242950049206101e-06,1853.5735304731725,926.7867652365862,926.7867664795363,434.8785265591059,0.05
-16.3861318826653,185.7520392360812,-226.6434759502573,1759.5287245196253,1.3430741121115892e-06,1759.5287231765512,879.7643615882756,879.7643629313496,386.22333933831294,0.05
-16.72273479209969,184.58438984784456,-225.95455306454735,1908.240085871085,1.3147583679005747e-06,1908.2400845563268,954.1200422781634,954.1200435929217,438.6074464076419,0.05
-16.866624507908355,184.41299980437452,-226.88578592696624,1867.6496321262089,1.3414294290239013e-06,1867.6496307847794,933.8248153923897,933.8248167338191,403.3833663168126,0.05
-17.025031727000798,183.58213890429272,-226.3265692555755,1879.243527920229,1.2614660158671292e-06,1879.2435266587631,939.6217633293816,939.6217645908475,421.14247209190796,0.05
-16.69012571950804,185.21874101270083,-227.5179564531396,1732.079790502566,1.4412320619013555e-06,1732.079789061334,866.039894530667,866.0398959718991,359.92769107188093,0.05
-16.35106550828378,186.09365553882503,-227.5035062278058,1606.5214621395965,1.3584048425639706e-06,1606.5214607811915,803.2607303905958,803.2607317490007,331.9199145516238,0.05
-17.544890712294965,182.2685650738476,-228.00215849003348,1842.270534277872,1.3954427198293705e-06,1842.2705328824293,921.1352664412146,921.1352678366574,370.3099202940284,0.05
-17.598719398036636,181.28146594159224,-227.2863346076909,1866.9819070203832,8.673019437692924e-07,1866.9819061530814,933.4909530765407,933.4909539438426,396.94724414657463,0.05
-17.311040921755005,182.48105412935828,-226.76151398845323,1844.624528412618,1.2831676618837111e-06,1844.6245271294504,922.3122635647252,922.3122648478928,405.24769585931233,0.05
-17.218172646090903,183.36559291674791,-227.44013589193992,1873.0711959086168,1.4768366480325449e-06,1873.0711944317802,936.5355972158901,936.5355986927267,390.43643144399897,0.05
-16.543690062238976,185.82975140072384,-228.11258958958865,1569.8006824056208,1.457653963857838e-06,1569.8006809479668,784.9003404739834,784.9003419316374,311.75092755760676,0.05
-16.252107358400373,186.52904268400016,-228.2722537319999,1397.0674959525552,1.54647810002185e-06,1397.067494406077,698.5337472030385,698.5337487495167,272.65378298256763,0.05
-17.119171108142826,184.13256254731516,-228.11025028810909,1771.4563629763286,1.3795656162642405e-06,1771.456361596763,885.7281807983815,885.7281821779471,353.75129205254666,0.05
-17.472834296421926,183.1534440563308,-228.64866084988395,1761.5905897409857,1.473420389676352e-06,1761.5905882675654,880.7952941337827,880.795295607203,337.30489829806135,0.05
-16.923267412364922,185.01673859720268,-228.59814927295653,1618.9910711560187,1.641833009089637e-06,1618.9910695141857,809.4955347570929,809.4955363989259,311.02486035268913,0.05
-16.635582585959476,185.90359063705168,-228.89876457056957,1450.210552760647,1.586120805138312e-06,1450.2105511745262,725.1052755872631,725.1052771733839,273.9184958923427,0.05
-17.898091339138336,179.95507559643394,-227.9229339246382,1990.186858216778,7.207518878425239e-07,1990.1868574960263,995.0934287480131,995.093429468765,409.64138176981186,0.05
-17.90847066389669,181.23631347667444,-228.9691220929101,1783.7115400891437,9.530822638423068e-07,1783.7115391360614,891.8557695680307,891.855770521113,340.84402940653,0.05
-17.741484062404997,182.353042075782,-229.10981339693308,1730.9414161781872,9.052698731301028e-07,1730.9414152729173,865.4707076364587,865.4707085417285,323.7576218699885,0.05
-18.19122860428033,179.84650636067255,-229.40262013297163,1910.5838759397568,8.298420922177639e-07,1910.5838751099147,955.2919375549574,955.2919383847994,362.41872097615595,0.05
-18.25693187870244,180.86278996352988,-230.1469841329028,1756.388707533512,9.48002107742382e-07,1756.38870658551,878.194353292755,878.194354240757,308.10504529022245,0.05
-18.125154793561407,178.47121134729187,-228.6275989651975,2113.8886389711797,6.019655347782322e-07,2113.8886383692143,1056.9443191846071,1056.9443197865726,427.01037944884973,0.05
-17.71566666256804,182.96819118543783,-229.59246440886363,1624.9795033422677,1.129688554693038e-06,1624.979502212579,812.4897511062895,812.4897522359781,289.35894397558457,0.05
-17.41064404379764,184.0538234760562,-229.50878498999847,1577.550271205058,1.4395237080675024e-06,1577.5502697655343,788.7751348827671,788.7751363222908,281.73073873959254,0.05
-17.050098939240822,185.23338406706583,-229.650814749348,1517.101135440446,1.618397648842041e-06,1517.1011338220483,758.5505669110241,758.5505685294218,272.3678679504804,0.05
-18.067374826240805,182.04382935231683,-230.18480648311345,1661.706485463574,1.0089888295707406e-06,1661.706484454585,830.8532422272925,830.8532432362814,284.99919015516076,0.05
-17.510899765611644,184.53380483628763,-230.564840600586,1573.9454936942846,1.3467087860789317e-06,1573.9454923475757,786.9727461737879,786.9727475204967,267.05561748550303,0.05
-17.85206598834961,183.3441459550188,-230.50579679976445,1585.1019468485697,1.0701244035043302e-06,1585.1019457784453,792.5509728892226,792.5509739593471,262.5657805001647,0.05
-16.406127735400766,185.56411194400025,-221.1316771520001,1686.4724307667325,7.013904579941371e-07,1686.472430065342,843.236215032671,843.2362157340615,499.5254315099668,0.05
-16.38861784225918,185.5009890739772,-221.86523143542323,1822.476970684536,7.580570472360793e-07,1822.476969926479,911.2384849632394,911.2384857212965,516.3671063601728,0.05
-16.618105949274497,184.94533471350303,-220.91671438007444,1648.7373433409546,6.430995516189494e-07,1648.737342697855,824.3686713489275,824.3686719920271,488.15162587972236,0.15
-16.69573170534971,184.53566440988465,-221.6040350373131,1692.7349922169435,6.299959911371744e-07,1692.7349915869474,846.3674957934737,846.3674964234698,494.99970237735016,0.05
-16.83737438658971,184.24758916316364,-220.69844566760145,1680.088468348885,5.471082742224693e-07,1680.0884678017767,840.0442339008883,840.0442344479967,481.9830577161196,0.15
-16.912544596997446,183.75897072950912,-221.4855948210213,1670.8859607118936,5.145054140802523e-07,1670.8859601973882,835.4429800986941,835.4429806131996,488.95782931643475,0.15
-17.055543075605424,183.4406742988072,-220.47857560299585,1722.8048858473585,7.502381833806275e-07,1722.8048850971204,861.4024425485602,861.4024432987983,478.8390902738641,0.15
-16.600154133122633,184.779960696219,-222.35540342397067,1807.486524270069,5.995989525068759e-07,1807.48652367047,903.743261835235,903.7432624348339,503.2473035437,0.05
-16.379522969578336,185.4497594070508,-222.6946297986556,1899.0217512018316,6.81173608819973e-07,1899.021750520658,949.510875260329,949.5108759415026,514.6808698610977,0.05
-17.323424242370475,181.82587020743347,-220.98323569576533,1876.98741525296,8.757338609266151e-07,1876.9874143772263,938.4937071886131,938.493708064347,524.3733299589755,0.15
-17.411838199400854,181.46801809800013,-220.065724549,2082.3925346436995,8.193379194992167e-07,2082.3925338243616,1041.1962669121808,1041.1962677315187,576.8476974376537,0.15
-17.25535500751399,182.51930844107488,-220.2658141356676,1868.7744649062688,7.546858186151647e-07,1868.774464151583,934.3872320757915,934.3872328304773,512.6587315228468,0.15
-17.434845753343815,180.85733569862464,-221.12479201189595,1940.2005889987345,1.0801218491974072e-06,1940.2005879186127,970.1002939593063,970.1002950394281,548.6566995745219,0.15
-17.168136195762916,182.62433021548685,-221.46873611856617,1755.492580773783,5.926490363772667e-07,1755.492580181134,877.746290090567,877.746290683216,499.5702576415032,0.15
-17.34732134312693,181.52546892392087,-222.1782826592362,1728.2198773815978,7.024793097215333e-07,1728.2198766791184,864.1099383395592,864.1099390420386,481.53052279735357,0.05
-16.805560196470804,184.0539205492587,-222.41711789231368,1765.6518299874526,5.999016167678365e-07,1765.651829387551,882.8259146937755,882.8259152936771,491.72632443023497,0.05
-16.98941844492468,183.34383633106464,-222.3260136603346,1722.231324073665,6.230144175178814e-07,1722.2313234506507,861.1156617253254,861.1156623483397,484.4464705021712,0.05
-16.63864016199333,184.61336846887357,-223.23917739095376,1877.1875758615847,7.261690960585422e-07,1877.1875751354157,938.5937875677079,938.5937882938769,498.0298990378868,0.05
-16.379150149316416,185.42055194322708,-223.6337151367349,1955.3191133726384,8.993430066132056e-07,1955.3191124732955,977.6595562366477,977.6595571359907,504.8040423379307,0.05
-17.506171993141738,180.23120953038568,-222.27255522843836,1845.6331203643877,8.677290629496063e-07,1845.6331194966585,922.8165597483293,922.8165606160584,495.7137885278956,0.05
-17.171003789489017,182.51145232908493,-222.51944171555263,1719.7344051611994,5.916558233304066e-07,1719.7344045695436,859.8672022847718,859.8672028764277,476.34970840936546,0.05
-17.088112100306397,182.89141439185573,-223.04953399029836,1789.25102690623,6.817343750467174e-07,1789.2510262244957,894.6255131122479,894.6255137939821,478.76400349095485,0.05
-17.270596215444346,182.0110845187544,-223.33508953859155,1764.3136204479451,7.675948418756134e-07,1764.3136196803503,882.1568098401751,882.15681060777,463.5189617211593,0.05
-17.447648088561873,180.9438656313169,-223.37957793944017,1740.0411506433693,5.180893373248607e-07,1740.04115012528,870.02057506264,870.0205755807293,448.97914511212133,0.05
-17.610342833233286,179.58782466708945,-223.5005281006869,1954.976998836688,4.822454412382663e-07,1954.9769983544425,977.4884991772212,977.4884996594667,488.4702874436703,0.05
-16.902020762917275,183.66023702501025,-223.28717105549148,1785.1814129518575,6.770456675273468e-07,1785.181412274812,892.590706137406,892.5907068144516,475.1195633521273,0.05
-16.579990195966275,184.82783080392187,-224.09378330481567,1943.254340693616,8.418273546113605e-07,1943.2543398517887,971.6271699258943,971.6271707677217,491.2917740342466,0.05
-16.80938417602239,184.0425614328801,-224.08957000086403,1887.238492699809,9.128362816532388e-07,1887.2384917869729,943.6192458934864,943.6192468063226,477.34825267467846,0.05
-16.382506769751746,185.43264128406457,-224.6157315112073,1951.6120808284384,9.774263170582685e-07,1951.6120798510121,975.8060399255061,975.8060409029323,479.8431259753293,0.05
-17.599750939106197,180.18273059738584,-224.7588802777337,1907.2325241593592,5.067848690194345e-07,1907.2325236525744,953.6162618262872,953.616262333072,452.64064887036903,0.05
-17.726089187966828,178.88671260641357,-224.84920160102,1998.3488099870629,5.314022623989553e-07,1998.3488094556606,999.1744047278303,999.1744052592326,463.83963397974225,0.05
-17.35609533813209,181.68975341100185,-224.4139977723384,1788.941108254348,7.994687944810679e-07,1788.941107454879,894.4705537274396,894.4705545269084,440.22112581633894,0.05
-17.089646452812953,182.9470797555974,-224.18844228968783,1845.5711171332407,1.017164480200871e-06,1845.5711161160762,922.7855580580381,922.7855590752026,462.65821930970753,0.05
-16.664674624301067,184.61822406221984,-224.92306225618285,1950.433843866801,1.0482128677765555e-06,1950.4338428185881,975.2169214092941,975.2169224575069,472.5360078282627,0.05
-16.9275538888058,183.73471504540225,-225.19254180198217,1937.647731158287,9.83945175611486e-07,1937.6477301743416,968.8238650871708,968.8238660711161,460.32779973714077,0.05
-17.549094586179823,180.99594263944388,-225.89912855874783,1881.2601212832476,4.814881371505197e-07,1881.2601208017595,940.6300604008798,940.6300608823678,425.57806114975347,0.05
-17.756933666395145,179.3373736827811,-225.9256098928036,1995.1243142347191,4.634256110429081e-07,1995.1243137712936,997.5621568856468,997.5621573490723,447.64268757749124,0.05
-17.786021411685002,179.8387005974461,-226.92710359327523,2004.279938899056,6.466034336647284e-07,2004.2799382524527,1002.1399691262263,1002.1399697728298,430.5519019714596,0.05
-17.83642956119084,178.1390890139452,-226.2680239173646,2059.124989251657,5.212200085904592e-07,2059.124988730437,1029.5624943652185,1029.5624948864386,452.7839915979572,0.05
-17.86069474498196,178.7559937546761,-226.791475243367,2076.323195160242,5.258404857036356e-07,2076.3231946344017,1038.1615973172009,1038.1615978430411,448.9820673729147,0.05
-17.21112932454766,182.62048106143413,-225.4384613680305,1917.472914103556,9.605398657338154e-07,1917.472913143016,958.736456571508,958.7364575320479,447.2074832281668,0.05
-17.937386546678766,178.94841912231325,-227.58917401207395,2049.8345393755026,6.738278200986046e-07,2049.834538701675,1024.9172693508374,1024.9172700246652,431.28093314993566,0.05
-17.959256616680406,177.4343827954408,-227.71985480974448,2085.405948690618,5.503866508267139e-07,2085.4059481402314,1042.7029740701157,1042.7029746205023,437.8765772241227,0.05
-17.478790872707233,179.23418415070842,-220.96298425428,1939.845258408556,1.0278759888219551e-06,1939.84525738068,969.92262869034,969.922629718216,534.4981597147629,0.05
-17.3970151785134,178.48728661171882,-219.66910305049123,2367.95206893631,1.1622255766720515e-06,2367.9520677740843,1183.9760338870421,1183.9760350492677,646.9278285586394,0.05
-17.466734837715073,180.07363055640462,-219.85618602915812,2102.129786367163,9.765355996250169e-07,2102.1297853906276,1051.0648926953138,1051.0648936718492,598.790340600386,0.15
-17.197018588600887,176.77106244099986,-219.4967412279999,2830.802997688632,1.23965593043005e-06,2830.802996448976,1415.401498224488,1415.4014994641439,746.7801516787886,0.05
-17.408886929049245,177.36493008962825,-221.4117403961011,1848.796405381184,9.40914475799501e-07,1848.7964044402695,924.3982022201347,924.3982031610493,489.73464199082474,0.05
-17.098032359799955,175.5308779221883,-220.52736845635215,2409.705032534417,1.3530780818614776e-06,2409.705031181339,1204.8525155906696,1204.8525169437476,618.6074296325265,0.05
-17.538550354913465,178.8806607367353,-222.3134352339148,1765.760566636788,8.292450075256926e-07,1765.7605658075431,882.8802829037716,882.8802837330165,465.6787300088314,0.05
-17.30751225139889,175.86993168384618,-222.30113152470707,1711.786715077786,9.255244713287916e-07,1711.7867141522615,855.8933570761308,855.8933580016553,434.01917177366664,0.05
-16.931779957592315,174.1566442617267,-221.6156657602569,2013.836858261513,1.311171026300566e-06,2013.836856950342,1006.918428475171,1006.918429786342,500.6746595375238,0.05
-17.57734178327329,177.75240532769797,-223.40847909156236,1700.3936355521364,5.099560261003756e-07,1700.3936350421804,850.1968175210902,850.1968180310462,422.0917584715039,0.05
-17.08438095717097,174.24309980147095,-223.0649318453061,1575.5331076546795,8.436771930341747e-07,1575.5331068110022,787.7665534055011,787.7665542491784,385.9568980318093,0.05
-16.658700935689357,172.73475253250908,-222.66337365807,1785.000275713987,1.1777410014011137e-06,1785.000274536246,892.500137268123,892.5001384458641,427.08818315591924,0.05
-16.85329073772552,173.05972411868976,-223.8233272682262,1564.9480402557951,9.50413930855186e-07,1564.9480393053811,782.4740196526906,782.4740206031046,370.66219838094537,0.05
-16.279211551400675,171.40071054299975,-223.57303730199996,1680.0061728587411,7.100285700838521e-07,1680.0061721487125,840.0030860743562,840.0030867843849,380.3337979456734,0.05
-17.6992753785743,177.5377937453985,-224.9417364488265,1834.4450769112043,5.80741309607332e-07,1834.445076330463,917.2225381652315,917.2225387459728,423.6901069623894,0.05
-17.498054266675133,175.97903496431337,-224.38312103685377,1619.0718042403262,5.233963019626499e-07,1619.07180371693,809.535901858465,809.5359023818612,386.32115684975065,0.05
-17.20454993205894,174.17563240843927,-224.84051939656976,1588.5421431215946,5.825208350405956e-07,1588.5421425390737,794.2710712695368,794.2710718520577,372.521345645358,0.05
-16.76758202984415,172.52775562564543,-225.01794680035255,1549.3527256974114,6.455636468325846e-07,1549.3527250518478,774.6763625259239,774.6763631714875,358.78696973569043,0.05
-17.694118692238956,176.64663268168968,-225.68111666957844,1827.674812462068,4.67413980400296e-07,1827.6748119946542,913.8374059973271,913.837406464741,413.47527244561303,0.05
-17.526637475575267,175.2196995739409,-226.16395359401469,1795.3331977655262,4.082628438524556e-07,1795.3331973572633,897.6665986786317,897.6665990868945,407.45492260455836,0.05
-17.24252137929131,173.86129366170186,-226.5227308231682,1695.0504533877668,4.372638055943843e-07,1695.0504529505029,847.5252264752514,847.5252269125153,387.6222433612188,0.05
-17.800347571994163,176.29808475097823,-227.2250639167448,2043.857264161552,4.945116275909156e-07,2043.8572636670403,1021.9286318335202,1021.9286323280318,445.11712711389697,0.05
-17.743388421344022,175.32338142012924,-228.0264526122578,2007.452894436107,4.381593359828786e-07,2007.4528939979477,1003.7264469989739,1003.7264474371332,434.2653456209748,0.05
-14.09221017131696,167.1328417860109,-226.66375291746368,2567.0070241298645,6.888227369352165e-07,2567.007023441042,1283.503511720521,1283.5035124093436,540.5405617498797,0.05
-13.592393673300451,166.56815681299955,-226.28277009599995,2650.899437143569,9.914241553380784e-07,2650.8994361521445,1325.4497180760723,1325.4497190674965,561.4804816770446,0.05
-14.150519066669997,167.26600110894344,-225.92080661355703,2320.05121290606,9.12524685802282e-07,2320.051211993535,1160.0256059967676,1160.0256069092923,487.8568707423955,0.05
-13.601756684801792,166.52006453313504,-227.29773241405903,2978.8532467717537,8.806359955589739e-07,2978.8532458911177,1489.4266229455588,1489.4266238261948,621.5461205757665,0.05
-14.672869793086852,167.94415368132414,-226.50749249717327,2248.191310637118,7.202996494529233e-07,2248.191309916818,1124.095654958409,1124.095655678709,476.6528963623213,0.05
-14.71562996679735,168.08641024122247,-225.4925704091636,2064.175049521973,8.999603327830866e-07,2064.1750486220126,1032.0875243110063,1032.0875252109668,432.76148045121226,0.05
-14.388571562640236,167.47878379266865,-227.68341021714784,2680.811136237603,4.825302110524819e-07,2680.811135755073,1340.4055678775364,1340.4055683600666,565.838891918155,0.05
-13.66392374781554,166.55519537350676,-228.44533896483304,3248.394647062409,6.541944425313633e-07,3248.3946464082146,1624.1973232041073,1624.1973238583018,674.4159419364569,0.05
-14.470888825149135,167.53339995700605,-228.8739159502458,3108.711067572441,5.798679430460951e-07,3108.7110669925733,1554.3555334962866,1554.3555340761545,657.1572380701272,0.05
-13.782313728609626,166.7283469222007,-229.73176569577376,3470.892173127157,5.911305555897497e-07,3470.8921725360265,1735.4460862680132,1735.4460868591439,701.9793240281053,0.05
-15.767202318723442,169.91945403999128,-225.48183463394332,1834.370552689775,9.045314633606468e-07,1834.3705517852436,917.1852758926218,917.1852767971532,397.5212578991896,0.05
-15.271764518754038,169.04179164190168,-224.9732398591308,1868.4588802764915,1.2219192545495055e-06,1868.4588790545722,934.2294395272861,934.2294407492054,400.6106104896262,0.05
-15.801538624986556,170.14403030217505,-224.3432863605438,1782.5484159585174,1.1029767199938411e-06,1782.5484148555406,891.2742074277703,891.274208530747,386.15681076202554,0.05
-15.388741198227358,169.13275091450274,-226.20818509289444,1982.0455937807944,8.795810589050618e-07,1982.0455929012135,991.0227964506067,991.0227973301877,428.5255124827328,0.05
-15.107121754113605,168.58025057792796,-227.38067157758397,2281.446159540008,6.014634335755714e-07,2281.4461589385446,1140.7230794692723,1140.7230800707357,491.4320053561607,0.05
-14.925241853575129,168.2279322226614,-228.34103397112423,2572.1957674005016,4.7089399071228173e-07,2572.1957669296075,1286.0978834648038,1286.0978839356978,553.7481469061362,0.05
-15.63721710380339,169.51153648678013,-227.31519995978493,2069.475042126857,6.387778452825129e-07,2069.475041488079,1034.7375207440396,1034.7375213828172,456.67253560212004,0.05
-15.042249410727816,168.3462041570047,-229.1221261867772,2793.351289826631,4.901310445603093e-07,2793.3512893364996,1396.6756446682498,1396.675645158381,598.3858586675335,0.05
-14.767399760896502,167.88004686685304,-230.02262563843863,3242.044190508315,5.350567238184385e-07,3242.044189973258,1621.022094986629,1621.0220955216857,672.6727493473801,0.05
-16.011433014412606,170.326046333157,-226.60117582569063,1883.7369051951664,5.841643666518588e-07,1883.736904611002,941.868452305501,941.8684528896654,421.0725410524075,0.05
-16.276946403063445,171.08015998010995,-225.33876421567345,1704.9505287480015,8.003480925544479e-07,1704.9505279476534,852.4752639738267,852.4752647741748,380.09720880151144,0.05
-15.52404343402428,169.1970490746319,-228.5128985705059,2397.08910066248,5.489246147028823e-07,2397.0891001135556,1198.5445500567778,1198.5445506057024,525.3887678450466,0.05
-16.18088980146213,170.5265420631181,-228.0553286394997,2101.215983132641,4.87842489966426e-07,2101.2159826447987,1050.6079913223994,1050.6079918102419,472.76911608368704,0.05
-15.501413337922184,168.96991893496934,-229.87773540108748,2861.2968386819507,4.0670999142118754e-07,2861.2968382752406,1430.6484191376203,1430.6484195443304,612.4096094735229,0.05
-16.726168933273964,172.02805500113024,-226.9703367823164,1788.625895289069,4.720186398738116e-07,1788.6258948170503,894.3129474085251,894.3129478805438,409.56620452447464,0.05
-16.195738732291307,170.2942323095591,-229.476310482728,2405.827804761079,4.236908054687657e-07,2405.827804337388,1202.913902168694,1202.9139025923848,534.024046568943,0.05
-16.829967942039076,171.83256509541454,-229.0383999831084,2037.572749700462,4.054640410793159e-07,2037.572749294998,1018.786374647499,1018.7863750529631,466.01907438804443,0.05
-17.370079622107372,173.5659229078019,-228.48069431194003,1946.2783883891295,4.046386445048868e-07,1946.2783879844908,973.1391939922454,973.1391943968841,438.32930847978366,0.05
-14.539100769312652,190.18552179544656,-228.3924716683058,1521.335251103231,1.984831705107518e-06,1521.3352491183994,760.6676245591997,760.6676265440314,340.55102172646104,0.05
-14.545659357536408,189.76696096476627,-227.825476018722,797.9774011201213,1.8842047771759664e-06,797.9773992359166,398.9886996179583,398.988701502163,170.03089850144923,0.05
-14.284712219400369,190.4520507960002,-227.76361924899996,1490.6103779612276,1.9009982742760355e-06,1490.6103760602293,745.3051880301147,745.305189931113,327.49544674995735,0.05
-14.818867092844874,189.90312111093377,-229.1173321618896,1949.790314620964,2.0287968105846234e-06,1949.790312592167,974.8951562960835,974.8951583248804,434.10712544361843,0.05
-14.8572953101764,189.42130524016977,-228.55889934362585,838.3540701483298,2.02796873060966e-06,838.354068120361,419.1770340601805,419.1770360881493,192.63490528614952,0.05
-14.893210259267104,189.01274185281676,-227.9066854740892,830.9614395142189,1.947055534308828e-06,830.9614375671633,415.48071878358166,415.48072073063724,165.73054526204925,0.05
-15.693807087617085,187.73191582936067,-228.79820057683497,1009.0393246865395,1.8685624489367716e-06,1009.0393228179771,504.51966140898855,504.519663277551,196.20734928402806,0.05
-15.805153874199036,187.33095019835156,-228.14009422406627,1187.256627573972,1.610602364087475e-06,1187.2566259633697,593.6283129816849,593.6283145922872,230.43940004648712,0.05
-15.330206175200502,188.1782947632408,-228.01369733346635,1045.5156982400667,1.7201847048008627e-06,1045.515696519882,522.757848259941,522.7578499801257,205.222645450261,0.05
-15.24785762050496,188.5904129699552,-228.67517640752027,837.0654768384114,1.7424362617045975e-06,837.0654750959752,418.5327375479876,418.5327392904238,175.60209850728785,0.05
-15.186331893196884,189.1060145462898,-229.37110644284823,1128.913057355179,1.984622674934953e-06,1128.9130553705563,564.4565276852782,564.4565296699009,263.12004310194294,0.05
-15.112692985223358,189.61308102715125,-229.96046648292744,2465.803562843303,1.9721906825940765e-06,2465.8035608711125,1232.9017804355562,1232.9017824077469,533.1030424061988,0.05
-16.165841541997235,186.87964968348385,-228.99953726435848,1139.5752795191402,1.727929353586558e-06,1139.5752777912107,569.7876388956054,569.7876406235348,216.14670499427694,0.05
-15.952771276939568,187.51179909688372,-229.52992334968985,1029.3829070034171,1.7056547455371515e-06,1029.3829052977624,514.6914526488812,514.691454354536,203.61269720589559,0.05
-15.59207599273978,188.29179189415868,-229.56451362584832,1004.416171672874,1.868280896543497e-06,1004.4161698045931,502.20808490229655,502.2080867705775,226.79355416486618,0.05
-15.55110635451371,188.7493065743549,-230.25372290684533,1736.654966070558,1.9904914661177905e-06,1736.6549640800665,868.3274820400333,868.3274840305247,378.0244959343844,0.05
-16.04863521424248,187.7671784262723,-230.42557895642128,1269.7690778403592,1.893440563861509e-06,1269.7690759469185,634.8845379734593,634.8845398668999,264.99917661118144,0.05
-16.622413340134322,186.23024932580924,-229.7638860222323,1244.4434157428525,1.6752496810667714e-06,1244.4434140676028,622.2217070338014,622.2217087090511,228.1074883686562,0.05
-16.25635679698494,187.0476941929448,-229.88517889291592,1095.8639244787096,1.6730838387728046e-06,1095.8639228056256,547.9319614028128,547.9319630758968,211.6936224434281,0.05
-16.558546484384927,186.8186235796912,-230.67668500712983,1197.9380503455925,1.825326383060722e-06,1197.9380485202662,598.9690242601331,598.9690260854594,231.01470597394905,0.05
-17.05470005543828,185.695985807514,-230.6320814465638,1312.9465779432055,1.7246223279865458e-06,1312.9465762185832,656.4732881092916,656.4732898339139,232.12208191531877,0.05
-17.51757368805854,184.41544749909647,-215.35531230073667,3034.136497032059,2.650965308267439e-06,3034.136494381094,1517.068247190547,1517.0682498415122,846.454411783815,0.15
-17.56952603089121,183.064262413541,-215.25352468652244,3376.795850127654,2.685374304928201e-06,3376.7958474422794,1688.3979237211397,1688.3979264065142,957.9415130582547,0.15
-16.8210414446193,178.5696718507151,-215.15551370419632,3986.976166340082,2.6027105090165235e-06,3986.9761637373713,1993.4880818686856,1993.4880844713962,1089.392613416946,0.05
-16.6315218224084,176.9989956427815,-216.0935017639558,4049.894472021748,2.487434129320543e-06,4049.894469534314,2024.947234767157,2024.9472372545908,1088.2422580212665,0.05
-17.483752552618963,181.5822529612205,-215.37061206072147,3650.573128337264,2.8006293846065656e-06,3650.5731255366345,1825.2865627683173,1825.2865655689466,1035.4927459350035,0.05
-17.350833447087638,180.19197391415767,-215.79376923537143,3825.797000133584,2.5936463162302667e-06,3825.7969975399374,1912.8984987699687,1912.8985013636152,1062.9319780279386,0.05
-17.54397913477612,181.2907911872848,-216.4640411409618,3371.3938389711634,2.306540123761402e-06,3371.3938366646234,1685.6969183323117,1685.6969206388517,954.5903935706505,0.05
-17.515690937093012,183.6214960976164,-216.5855293016187,2801.6435343183216,2.2593417323907214e-06,2801.64353205898,1400.82176602949,1400.8217682888317,782.0192150382276,0.15
-17.581926840691693,182.40865442536133,-216.38051990946,3186.363679101636,2.181644488617517e-06,3186.3636769199916,1593.1818384599958,1593.1818406416403,908.5593928521503,0.15
-17.223045109094297,178.50607971677798,-216.926659117393,3902.580097991187,2.225316588719091e-06,3902.5800957658703,1951.2900478829351,1951.2900501082518,1059.0517091147415,0.05
-17.045961005645452,176.91924705627102,-217.8614514368048,3705.737006286214,2.020201351092067e-06,3705.7370042660127,1852.8685021330064,1852.8685041532078,985.5378542917879,0.05
-17.31716134543449,178.13045447963884,-218.51763756846543,3110.3687212264244,1.5072739089353871e-06,3110.3687197191507,1555.1843598595754,1555.184361366849,840.7252300337028,0.05
-17.504596617646417,180.34846247202415,-217.321539326325,3264.1672869048075,2.1312117995196417e-06,3264.167284773596,1632.083642386798,1632.0836445180096,912.9831411546108,0.05
-17.555180370540604,181.71875064478448,-217.50235970102497,2858.085056265107,2.0396024767794257e-06,2858.085054225505,1429.0425271127524,1429.0425291523547,814.4758549261538,0.15
-17.48096669204884,182.87918062878308,-217.75723945568487,2464.5341349287896,1.4698852737300748e-06,2464.5341334589043,1232.2670667294522,1232.2670681993375,684.493593809967,0.15
-17.450266427931385,179.4133299588107,-218.4350277905696,2944.8369910613305,1.619797669413373e-06,2944.8369894415328,1472.4184947207664,1472.4184963405642,812.1451546793327,0.05
-17.436243303250016,182.1568952011116,-218.9218551580756,2275.632069983704,1.2745368643300097e-06,2275.632068709167,1137.8160343545835,1137.8160356291203,631.0795872488017,0.15
-17.503515302018766,180.84338062387943,-218.7233128996928,2512.3250120100306,1.5803729090859976e-06,2512.3250104296576,1256.1625052148288,1256.1625067952018,719.9804693394107,0.15
-16.155519910299457,188.48965008858767,-216.69488883095423,1049.4007116605412,1.2670201218721927e-06,1049.4007103935212,524.7003551967606,524.7003564637806,291.7174754573084,0.15
-16.084709780125426,189.29044689585976,-215.6319187400072,1068.188836839742,1.8727399016451944e-06,1068.188834967002,534.094417483501,534.0944193562409,288.4662903653974,0.15
-15.52780548777382,189.64978778259984,-217.0263953314592,963.5058926821944,1.4604410154004558e-06,963.5058912217534,481.7529456108767,481.7529470713177,289.0897262660656,0.15
-15.654006569717389,188.9344004317537,-217.80340338684013,1166.6538968180623,8.682885198803537e-07,1166.6538959497739,583.3269479748869,583.3269488431754,353.10624088037986,0.15
-16.640826338831832,188.02091923349215,-215.42699803335523,1498.4797599598176,2.088260868901334e-06,1498.4797578715568,749.2398789357784,749.2398810240392,402.1503310850509,0.15
-17.01328018371822,186.9212463674906,-215.3473834316844,1958.6754775018,2.1644852207998832e-06,1958.6754753373148,979.3377376686574,979.3377398331427,530.4433539706953,0.15
-16.095123248943416,187.80689605814788,-218.03879256180625,1277.581385080987,6.575729657421638e-07,1277.5813844234142,638.7906922117071,638.79069286928,372.3469957505684,0.15
-17.314799891391605,185.74159190475692,-215.30565825350968,2543.308719706541,2.5322348177114336e-06,2543.3087171743064,1271.6543585871532,1271.6543611193879,698.2411858539582,0.15
-16.61198817307317,187.3350965860164,-216.68508776188165,1407.289494940636,1.399560548254679e-06,1407.2894935410754,703.6447467705377,703.6447481700982,377.66054595668527,0.15
-15.011854662400848,189.91905827500045,-218.3336264940002,1240.788451264529,5.566920962256207e-07,1240.7884507078368,620.3942253539184,620.3942259106105,389.3276198624611,0.15
-15.454816793430613,188.7467373025003,-218.92116791102336,1375.0142698994894,7.911886285984799e-07,1375.0142691083008,687.5071345541504,687.507135345339,426.7210910365637,0.05
-15.77809017778458,187.74752312592705,-219.5225018409762,1491.3828849169263,4.713062181228119e-07,1491.38288444562,745.69144222281,745.6914426941163,455.3879207101471,0.05
-16.2816956121011,186.7932418293108,-219.00321535597905,1420.1316895342798,6.264660199230891e-07,1420.1316889078137,710.0658444539068,710.0658450803729,416.2039617395365,0.15
-16.03388789425552,186.90331224694663,-220.10082530521495,1574.9184472176487,5.892517558184997e-07,1574.9184466283969,787.4592233141984,787.4592239034503,478.14191031919177,0.05
-17.015139402984268,186.15053401408085,-216.5934532689849,1799.3534544445374,1.906128887220508e-06,1799.3534525384084,899.6767262692042,899.6767281753332,485.74213488405985,0.15
-16.627818886268134,186.570341974229,-217.80898456345943,1472.0611399273614,1.0505871093991589e-06,1472.0611388767743,736.0305694383871,736.0305704889743,401.8449673838441,0.15
-17.33865342716938,184.88165495147155,-216.492561806098,2347.0118993263413,1.969002398533421e-06,2347.011897357339,1173.5059486786695,1173.5059506476719,643.9201120876443,0.15
-16.653053263795613,185.80806792286197,-218.91247436459167,1528.7658819566043,6.182516208310732e-07,1528.7658813383528,764.3829406691764,764.3829412874279,427.64170498638333,0.15
-16.38330216332092,186.11023319433124,-219.80872038309505,1604.417258383188,6.012289967214103e-07,1604.417257781959,802.2086288909795,802.2086294922085,473.7648478406728,0.15
-16.23877122901886,186.1800087514817,-220.6412949668465,1642.263838382675,6.870154358016377e-07,1642.2638376956595,821.1319188478298,821.1319195348452,493.20297848497654,0.05
-17.025810659030473,185.2096085858791,-217.90972536397112,1799.8838266959758,1.1687599684837515e-06,1799.8838255272158,899.9419127636079,899.9419139323679,485.6088059856173,0.15
-17.336837270662127,184.0381830673116,-217.6147630905782,2183.0593060704823,1.7199471185743915e-06,2183.059304350535,1091.5296521752675,1091.5296538952148,598.7167543047951,0.15
-16.62521552039726,185.38701882185185,-219.8142097800693,1634.3747160222658,5.78768031118802e-07,1634.3747154434977,817.1873577217489,817.187358300517,469.01160136993843,0.15
-16.89263285866098,184.91042942309173,-219.07614725570207,1625.1188195869545,6.873457870055679e-07,1625.1188188996086,812.5594094498043,812.5594101371502,446.11228548924595,0.15
-16.475554668501655,185.52753667608832,-220.55394588026303,1635.50730715577,6.619584738268777e-07,1635.5073064938115,817.7536532469057,817.7536539088642,486.2001629591044,0.15
-16.654950450369583,185.01633935189224,-220.3883929007193,1642.5606780600906,6.262710752915313e-07,1642.5606774338196,821.2803387169098,821.2803393431808,477.93860795756586,0.15
-17.137373342306738,184.2454791025256,-218.61722599919648,1909.603833372558,9.095113472967704e-07,1909.6038324630467,954.8019162315234,954.8019171410347,517.0748071065779,0.15
-17.319296669370523,183.43151724220425,-218.47402430779147,2159.9273257916384,1.426151516588002e-06,2159.927324365487,1079.9636621827435,1079.9636636088949,591.3633730479156,0.15
-16.806418837153565,184.72063497834463,-219.91716088571908,1692.8030725589233,6.428909183232121e-07,1692.8030719160324,846.4015359580162,846.4015366009071,477.0217183482667,0.15
-17.000482102165343,184.11294897129252,-219.6721002970497,1779.3311459714105,5.829675172238687e-07,1779.331145388443,889.6655726942215,889.665573277189,490.2597856534418,0.15
-17.195096294838528,183.4090944866664,-219.37950573089836,1907.5646051989024,9.54467425191363e-07,1907.564604244435,953.7823021222175,953.7823030766849,519.2259085119592,0.15
-15.532732145870064,175.35367941526948,-215.1721722255938,3339.974729825795,2.3689090034526007e-06,3339.974727456886,1669.987363728443,1669.987366097352,890.930792653923,0.05
-16.47709860906404,175.81872490450849,-216.85865184838056,3819.1028537001935,2.5499268635154543e-06,3819.102851150267,1909.5514255751334,1909.55142812506,1012.2652694855926,0.05
-15.142297842390215,173.75864624868825,-216.0270684290688,2870.00394233824,2.7134970741710898e-06,2870.003939624743,1435.0019698123715,1435.0019725258685,762.0585951918753,0.05
-16.037305734550202,174.61233595671757,-216.96538501665492,3509.955090112814,2.459359439063146e-06,3509.9550876534545,1754.9775438267272,1754.9775462860869,925.9873822850417,0.05
-15.800456230390951,173.3020809655137,-217.85274427274115,3124.647192708869,2.387395317827164e-06,3124.6471903214738,1562.3235951607369,1562.3235975481323,810.251984373165,0.05
-14.700146763240603,172.20075666712182,-216.92570993784585,2378.0639340368234,2.7317780445059555e-06,2378.0639313050456,1189.0319656525228,1189.0319683843006,632.8066919066799,0.05
-14.185122238781346,170.69274519031222,-217.8653227605398,1895.9759520196928,2.552435877691811e-06,1895.975949467257,947.9879747336284,947.9879772860644,515.4011612597556,0.05
-15.283324402279504,171.68885116417596,-218.63047337751576,2469.07831450458,2.371723435289045e-06,2469.0783121328564,1234.5391560664282,1234.5391584381516,639.2917585223079,0.05
-14.768565582815556,170.52727747372705,-219.09937338733343,2067.12740316444,2.503857555314813e-06,2067.127400660582,1033.563700330291,1033.5637028341487,536.6866806884883,0.05
-13.587278937500638,169.29113610199937,-218.81543830099957,1535.6508651232075,2.643360182374152e-06,1535.6508624798473,767.8254312399237,767.8254338832838,436.7655564216106,0.05
-16.694954402756757,175.1072961125924,-218.50189379950967,3434.6276863029348,2.1113665830358865e-06,3434.6276841915683,1717.3138420957841,1717.3138442071506,893.9503197398418,0.05
-16.000570614759525,172.46184510367755,-219.55489640118725,2612.751903578543,2.193965364701838e-06,2612.7519013845776,1306.3759506922888,1306.3759528862543,663.1506622356297,0.05
-16.575769046888094,173.9296610811019,-219.6655415184858,2796.8871585250067,1.827534162711792e-06,2796.8871566974726,1398.4435783487363,1398.4435801762704,711.4894767068699,0.05
-14.772386448195778,169.68485680448336,-220.46704236118043,1876.814328306248,2.0838927781216965e-06,1876.8143262223552,938.4071631111776,938.4071651950703,464.4914358278676,0.05
-15.608061606223847,171.1662586486759,-220.32294442525688,2194.060686678883,2.101816096021152e-06,2194.060684577067,1097.0303422885336,1097.0303443903495,543.5804533911991,0.05
-16.41870429154574,172.71593639108846,-220.9958139272109,2247.4532524282663,1.6683624072800548e-06,2247.4532507599038,1123.7266253799519,1123.7266270483144,552.7341141609612,0.05
-15.639214183163572,170.4343282935218,-222.0628751098192,1872.0787127414917,1.560873366750634e-06,1872.0787111806183,936.0393555903091,936.0393571511826,430.510808274498,0.05
-16.191281283341013,171.7089351151349,-221.90466262753117,1942.625341579715,1.5290654807275168e-06,1942.6253400506496,971.3126700253248,971.3126715543902,466.0273105843405,0.05
-11.105508131388392,170.6847987981894,-214.4866035102932,1441.6991910913848,2.7564748151878897e-06,1441.69918833491,720.849594167455,720.8495969239298,406.4272534624147,0.15
-12.557373613401156,171.83505180023622,-214.6559387010953,1222.0746654659806,2.799186787830786e-06,1222.0746626667938,611.0373313333969,611.0373341325837,353.1508881185378,0.15
-14.47750566468629,174.318798403873,-214.49388214505643,2187.6274360067505,2.450649390896278e-06,2187.627433556101,1093.8137167780505,1093.8137192287,588.688951069475,0.05
-10.782351476060947,169.40331814317491,-215.78440092891097,1693.2760785600394,2.9413831925386582e-06,1693.2760756186563,846.6380378093281,846.6380407507113,481.7680078705085,0.15
-14.10898450814032,172.91763931315575,-215.3516164268406,1931.386646015325,2.6483954715303008e-06,1931.3866433669295,965.6933216834648,965.6933243318601,535.2542569077035,0.05
-12.43312248538878,170.37356821346893,-216.15493781961567,1345.0434865299574,2.8726323104752163e-06,1345.043483657325,672.5217418286625,672.5217447012949,384.3090037756166,0.15
-13.647280554116282,171.6445432946851,-216.0850921154462,1575.9600943299813,2.844241701640138e-06,1575.9600914857397,787.9800457428698,787.9800485871115,460.9722283665391,0.05
-12.2343816734878,169.26679283684692,-217.29467281186743,1381.242137589915,2.722681655929339e-06,1381.2421348672333,690.6210674336166,690.6210701562984,397.9019752405805,0.15
-7.780841559725708,199.49648476552872,-215.10221816382807,2521.0254654406904,2.633341242480956e-06,2521.025462807349,1260.5127314036745,1260.512734037016,687.9086607752718,0.15
-9.120646547814353,196.81265899773612,-220.49043693822844,5675.529647756794,1.44118330927884e-06,5675.52964631561,2837.764823157805,2837.7648245989885,1464.1311946179003,0.05
-7.99605267311743,197.54124305411744,-220.08010164325728,4876.022273294435,1.6430322140073615e-06,4876.022271651403,2438.0111358257013,2438.0111374687335,1280.49695274314,0.05
-8.069210418687918,197.05280326519824,-221.40720657100152,5430.930992417051,1.3566088062708727e-06,5430.9309910604425,2715.4654955302212,2715.46549688683,1375.4102678799422,0.05
-7.941002490793158,198.11147928121383,-218.61417660511705,4272.266043635057,1.2759444488166349e-06,4272.266042359112,2136.133021179556,2136.133022455501,1164.54569275955,0.05
-9.187113629324823,197.29444637271376,-219.00245120393132,5046.967633774398,1.4803578944144335e-06,5046.9676322940395,2523.4838161470198,2523.483817627378,1350.7757822788217,0.05
-7.885982092703618,198.77327191769763,-216.9677430508052,3409.1661484553674,2.2118586343548857e-06,3409.1661462435086,1704.5830731217543,1704.5830753336131,937.9452148269208,0.15
-9.216709609189133,197.9088366347181,-217.34811465837225,3984.325330512222,1.951067312379567e-06,3984.325328561155,1992.1626642805775,1992.1626662316446,1104.8792419633428,0.15
-9.21906808553135,198.5734054182892,-215.5834548160398,2911.2636178346734,2.4496768156924176e-06,2911.2636153849967,1455.6318076924983,1455.631810142175,805.0688463824692,0.15
-10.178516511375094,196.35456637388333,-219.5171025318939,5126.142268864168,1.5811238988840848e-06,5126.142267283044,2563.071133641522,2563.071135222646,1342.298888794407,0.05
-10.002301920422816,196.01941340739685,-220.9702570522057,5988.924586981823,1.2625862019766184e-06,5988.924585719237,2994.4622928596186,2994.4622941222046,1512.7921267067304,0.05
-9.094058108477148,196.42317899225213,-221.7707150319969,6474.089602881003,1.196836762352242e-06,6474.089601684166,3237.044800842083,3237.04480203892,1611.4114246674606,0.05
-8.167459559052729,196.6230530651601,-222.64086110575244,5884.690578022673,7.779029496150468e-07,5884.690577244771,2942.3452886223854,2942.345289400288,1443.9314440452079,0.05
-9.98240352623286,195.70930624129096,-222.08924873581995,6792.562874355449,1.2832402389226392e-06,6792.562873072208,3396.281436536104,3396.281437819345,1664.8949492603053,0.05
-9.144972974422258,196.06995361738475,-222.9187058795088,7037.363439233606,1.072391570160468e-06,7037.363438161215,3518.6817190806073,3518.681720152999,1705.1717888352332,0.05
-10.387090288837449,196.8004734466556,-217.8619210831165,4044.289876617931,1.735982675466311e-06,4044.2898748819484,2022.1449374409742,2022.1449391769568,1105.8895481487714,0.05
-11.886584887384878,196.52167386187628,-214.83168561523863,1832.9075975627927,2.305543900059709e-06,1832.9075952572489,916.4537976286244,916.4537999341683,529.7736841818119,0.15
-10.600703291781588,197.3144657740971,-216.1348098620584,2949.028054924996,2.094106651739773e-06,2949.0280528308895,1474.5140264154447,1474.5140285095513,828.9403602937033,0.15
-11.178613482202364,195.6550067687892,-218.63419200031575,3758.347938723467,1.3627045554515645e-06,3758.3479373607624,1879.1739686803812,1879.1739700430858,998.2355152419698,0.05
-10.7840066926543,195.1120244671341,-221.37080985963576,5554.175959956993,1.007748039475238e-06,5554.175958949245,2777.0879794746224,2777.0879804823708,1372.2691898413216,0.05
-10.913498875072175,195.39342460170124,-220.0955898212117,4650.742821788118,1.1733393938093558e-06,4650.742820614779,2325.3714103073894,2325.3714114807285,1189.6756161442886,0.05
-12.845251304403448,194.9058329061764,-215.68164434164817,1407.672568911957,1.5936613218503436e-06,1407.6725673182955,703.8362836591477,703.8362852528091,414.2389387830665,0.05
-13.871711058649144,193.54703271335907,-215.3550200029837,883.416133448895,1.76098177094708e-06,883.4161316879133,441.70806584395666,441.7080676049384,273.43473419177747,0.15
-11.123492626316962,194.48134676595916,-222.0307300502613,4852.013280165516,8.684281217677214e-07,4852.013279297088,2426.006639648544,2426.0066405169723,1168.6200206424278,0.05
-11.372303378038897,194.3345257946013,-221.4170613813812,4009.202376332463,9.044242633594142e-07,4009.2023754280385,2004.6011877140193,2004.6011886184435,977.2828564649591,0.05
-11.566117014610498,193.88819862089068,-222.0054772035396,3756.9998205299016,9.685040075828266e-07,3756.9998195613975,1878.4999097806988,1878.4999107492029,898.725236403471,0.05
-8.294909589708794,196.23895978777227,-223.80656955188817,5998.411704294452,9.361771771766208e-07,5998.411703358274,2999.205851679137,2999.2058526153146,1430.950636572265,0.05
-10.59390788119432,195.010476422351,-222.5007834041733,6259.925590822772,1.0480572175876142e-06,6259.925589774715,3129.9627948873576,3129.9627959354148,1506.3280655800213,0.05
-9.965800906893456,195.4386576290496,-223.24238623408164,7552.127421808404,1.1392654694058233e-06,7552.127420669138,3776.063710334569,3776.0637114738347,1798.253752009601,0.05
-9.22074940704137,195.7447837946337,-224.07248094565531,7615.642400545122,1.058695206183646e-06,7615.642399486426,3807.821199743213,3807.8212008019086,1790.9208354199652,0.05
-11.730246282018689,195.7267709193971,-216.9926925574781,2520.56441711824,1.561509246599428e-06,2520.5644155567306,1260.2822077783653,1260.2822093398745,700.6045801510768,0.05
-11.6799506127688,194.71661404596665,-219.32268373712307,3098.2158658265143,6.019524558874097e-07,3098.215865224562,1549.107932612281,1549.1079332142333,804.2331181227268,0.05
-12.09043769334678,194.7156174555869,-218.08810693477372,2399.3110496169747,1.108504118697252e-06,2399.311048508471,1199.6555242542354,1199.6555253627394,648.0756614374822,0.05
-12.599775483287532,194.47608395789348,-217.14682841304045,1750.3202594336312,1.478355193922524e-06,1750.320257955276,875.160128977638,875.1601304559932,495.5894973417822,0.05
-11.427762769067808,194.57861640175608,-220.5169999088547,3609.656523386428,9.26068330274302e-07,3609.6565224603596,1804.8282612301798,1804.8282621562482,906.079977757052,0.05
-11.905663539954542,193.71728306065447,-221.06243244614285,2915.392728086142,7.287398583475341e-07,2915.3927273574022,1457.6963636787011,1457.696364407441,714.3467083730376,0.05
-12.078659693708312,193.87582270629565,-219.98919902027643,2550.2071554575737,5.37733669505221e-07,2550.20715491984,1275.10357745992,1275.1035779976537,649.350819649762,0.05
-12.01072827163787,193.30184249313655,-221.99585174336917,3237.158490719462,9.674396587470072e-07,3237.1584897520224,1618.5792448760112,1618.5792458434507,773.2278752022056,0.05
-15.202378594606056,191.54585078698184,-214.8110810558269,856.0688682265625,2.1660721360901582e-06,856.0688660604903,428.03443303024517,428.0344351963173,237.93300946339923,0.15
-13.463681058454984,193.4900639189083,-216.60076189560144,1122.6834700525037,1.5095502675102925e-06,1122.6834685429535,561.3417342714768,561.341735781027,341.0333582525209,0.05
-14.476325852480796,192.15207578715803,-216.0653309341203,790.2731141168434,1.3740329774043235e-06,790.2731127428104,395.1365563714052,395.1365577454382,244.52615400627758,0.15
-15.377951179877329,190.67837783653252,-215.7817259079052,800.4660445092464,1.5516881417142817e-06,800.4660429575583,400.23302147877916,400.2330230304673,228.20476612399773,0.15
-11.166292452573902,194.22194539883773,-222.7914354395193,4970.937987875387,1.0586343321209097e-06,4970.9379868167525,2485.4689934083763,2485.468994467011,1173.2060975373556,0.05
-11.805449339890696,193.416093057542,-222.71602759718257,3837.1015421152174,1.1285217317469497e-06,3837.1015409866955,1918.5507704933477,1918.5507716218697,898.9544042809998,0.05
-10.5800124659549,194.80155884399989,-223.5098547016508,7080.876981553053,1.2227498721883384e-06,7080.876980330303,3540.4384901651515,3540.4384913879016,1658.591214595545,0.05
-8.45065229572009,195.9002228753345,-224.89742578130463,6319.7161961087695,1.0588804730123831e-06,6319.716195049889,3159.8580975249447,3159.858098583825,1465.946350760071,0.05
-10.062759990981515,195.15907130580248,-224.2757317195845,8195.694244042144,1.2026271122199529e-06,8195.694242839518,4097.847121419759,4097.8471226223855,1903.6467220463169,0.05
-9.38666264844931,195.4544774572579,-225.0501830898924,7791.263174866947,1.2080747841563228e-06,7791.263173658873,3895.6315868294364,3895.631588037511,1788.4545519245685,0.05
-12.28882180815711,193.97736032882656,-219.056197388378,2142.183715075542,1.0678352318588111e-06,2142.1837140077064,1071.0918570038532,1071.0918580716886,564.838174433209,0.05
-12.471707047090318,192.81828735255388,-221.46316263345312,2536.6206392640784,1.0687641782412503e-06,2536.6206381953143,1268.3103190976572,1268.3103201664212,617.2476802195096,0.05
-12.942015447834924,193.47321511160587,-218.1050125727785,1506.833675406864,9.616205285123609e-07,1506.8336744452433,753.4168372226217,753.4168381842422,427.3908540800336,0.05
-12.7790322291173,193.096629592807,-219.4290471918343,1858.0313617950044,5.323839735923014e-07,1858.0313612626205,929.0156806313103,929.0156811636941,494.18967485099284,0.05
-12.593509909246698,192.9468458473032,-220.50136698179224,2160.7568948626945,8.00428333419141e-07,2160.756894062266,1080.378447031133,1080.3784478315615,549.5518539654507,0.05
-12.351316062020832,192.7736646412524,-222.40780369068952,3149.357726465916,9.614678384951558e-07,3149.3577255044484,1574.6788627522242,1574.678863713692,740.6363015243074,0.05
-12.228334057371558,192.8352056109389,-223.37886297793304,4016.997527827905,1.2313246881005078e-06,4016.99752659658,2008.49876329829,2008.4987645296148,920.0469292565004,0.05
-12.728210593383398,192.2059147863621,-222.99480966686528,3115.6329523898257,1.1908267675403834e-06,3115.632951198999,1557.8164755994994,1557.8164767903263,720.4148347355854,0.05
-13.913063323544096,192.24650670298857,-217.54595522567692,1081.8067299988268,1.0949307439268505e-06,1081.806728903896,540.903364451948,540.9033655468787,339.78640553711006,0.05
-14.778491127909342,190.9462410568257,-217.2325736767314,993.0482156174926,1.1523616428114416e-06,993.048214465131,496.5241072325655,496.5241083849271,312.0977246466609,0.15
-11.04926195528583,194.1787600539775,-223.87405460382345,5837.336000420485,1.1765684017901017e-06,5837.335999243916,2918.667999621958,2918.668000798527,1345.7500649784452,0.05
-11.593922256655423,193.57310353226035,-223.4979458581402,4710.538679596991,1.2759363127472505e-06,4710.538678321054,2355.269339160527,2355.2693404364636,1085.6326289888666,0.05
-10.596422647736768,194.6379114575853,-224.48681979755105,7485.964986412552,1.2927647738294311e-06,7485.964985119787,3742.9824925598937,3742.9824938526585,1716.8280843209743,0.05
-11.502510683875164,193.67332823932216,-224.2914591617965,5367.950616075889,1.360468916839832e-06,5367.950614715421,2683.9753073577103,2683.975308718179,1219.2996837498065,0.05
-8.624722576672985,195.6167778614064,-225.8852579870816,6320.750681158862,1.300600372534642e-06,6320.750679858262,3160.375339929131,3160.375341229731,1430.0169886761928,0.05
-9.642578444781584,195.2094853373531,-225.7223943139572,7988.656892847344,1.3512683377090188e-06,7988.656891496076,3994.328445748038,3994.3284470993062,1800.759955493964,0.05
-10.157608157184256,194.94782246236164,-225.28412062159776,8673.980973312002,1.3616597320729758e-06,8673.980971950343,4336.990485975171,4336.9904873368305,1965.5679443011566,0.05
-12.726781659679371,192.2019315140425,-223.80562524535185,3555.0093565564566,1.4117414384638631e-06,3555.0093551447153,1777.5046775723577,1777.504678984099,803.3467804814177,0.05
-11.100266090622036,194.08935020003148,-224.6520619769624,6206.892805733035,1.3308354026495456e-06,6206.8928044021995,3103.4464022010998,3103.446403531935,1408.126144722064,0.05
-11.962286564968544,193.18930307844388,-224.1602812195385,4938.8199199056135,1.304038559074159e-06,4938.8199186015745,2469.4099593007872,2469.409960604826,1117.0254340450456,0.05
-12.447620677655095,192.632781005516,-224.24053814523276,4431.322568850655,1.485522304164453e-06,4431.322567365133,2215.6612836825666,2215.661285168089,994.4458200734765,0.05
-14.316068650770957,191.08621189258827,-218.4898757062032,1305.013365406126,6.62996241441677e-07,1305.0133647431298,652.5066823715649,652.5066830345611,396.30314267011823,0.05
-12.828861874267634,192.17970988921465,-222.11975629514308,2635.709363957169,1.0647592745951063e-06,2635.70936289241,1317.854681446205,1317.854682510964,630.2787519466714,0.05
-12.99705441682378,192.1738999876501,-221.11096825676933,2100.17484525945,9.315667540526636e-07,2100.1748443278834,1050.0874221639417,1050.0874230955085,530.2531127331218,0.05
-13.536550955865774,192.2019467518157,-218.83830098491143,1458.424068925379,9.824833730598709e-07,1458.4240679428956,729.2120339714478,729.2120349539313,418.7815645445308,0.05
-13.223594703760764,192.17801995846415,-220.06438914247167,1819.5996108257127,6.695256236457952e-07,1819.599610156187,909.7998050780935,909.7998057476192,482.6987238221771,0.05
-13.936660206925724,191.1780607580402,-219.7415352213561,1638.4097297512317,7.80790112764076e-07,1638.4097289704416,819.2048644852208,819.2048652660109,458.6436772987062,0.05
-13.122518012234638,191.620672310991,-223.52080839007183,2889.472447101434,1.3740628218591386e-06,2889.4724457273715,1444.7362228636857,1444.7362242377485,660.282634767088,0.05
-13.050570841478043,191.75157917414512,-224.09083704337047,3097.5831707077123,1.425929006428422e-06,3097.5831692817833,1548.7915846408916,1548.7915860668206,695.5905076093692,0.05
-13.23559993487744,191.50339522286365,-222.7585378471448,2540.109538598212,1.1048388770134366e-06,2540.1095374933734,1270.0547687466867,1270.0547698515254,598.8418750736456,0.05
-10.7709426861123,194.4344379501644,-225.2297377128776,7466.295827462441,1.4042333815844842e-06,7466.295826058207,3733.1479130291036,3733.147914433337,1683.015694588539,0.05
-10.045351493150688,194.95133871770952,-226.04339502263667,8125.864871766168,1.3609217405084104e-06,8125.864870405247,4062.9324352026233,4062.932436563545,1813.3367089168926,0.05
-9.49699397514728,195.17683187814615,-226.46451664308785,7140.111922661507,1.2765648319069478e-06,7140.111921384942,3570.055960692471,3570.055961969036,1583.2989123254793,0.05
-8.80975409126877,195.3848047885039,-226.7574591196918,5925.282224463091,1.3014500747152534e-06,5925.282223161641,2962.6411115808205,2962.64111288227,1310.6244023324152,0.05
-10.504610824319723,194.6729744410396,-225.97194382438173,8268.68790600798,1.5219943771797616e-06,8268.687904485985,4134.343952242993,4134.3439537649865,1840.9420126297437,0.05
-9.005027747166716,195.1926420809506,-227.52063493760124,5483.440502849818,1.6896473223247046e-06,5483.44050116017,2741.720250580085,2741.7202522697326,1186.9334245370446,0.05
-9.511118543724953,195.0931103585036,-227.10108195458577,6688.678889778747,1.6699388573071495e-06,6688.678888108809,3344.3394440544043,3344.339445724343,1460.022550737802,0.05
-12.8931372957068,192.05318611275203,-224.4707789170833,3680.831012235807,1.577952812531091e-06,3680.831010657854,1840.415505328927,1840.41550690688,821.3489829255141,0.05
-14.58423126739868,190.15186810901477,-219.54075022993263,1579.3719574716315,9.506055135250616e-07,1579.371956521026,789.685978260513,789.6859792111185,459.5102908963434,0.05
-13.629036760007349,191.30252532238765,-220.829827349433,1895.7193138094408,8.827594484086393e-07,1895.7193129266814,947.8596564633407,947.8596573461001,497.2565817889905,0.05
-13.396349655129985,191.40411216510407,-221.868069698646,2193.406382917028,9.929340213483483e-07,2193.406381924094,1096.703190962047,1096.703191954981,541.6958482051164,0.05
-14.226709852342818,190.37524083238887,-220.67583809351623,1768.5085022036822,8.103221101374374e-07,1768.5085013933601,884.2542506966801,884.2542515070021,482.4381768965996,0.05
-13.255632716926623,191.51246401348632,-224.73728003552895,2900.707771970042,1.536577059837244e-06,2900.7077704334647,1450.3538852167324,1450.3538867533096,642.7183692597702,0.05
-13.370762383718784,191.2474629456674,-224.1157668851448,2622.637993140103,1.4802893149746512e-06,2622.6379916598135,1311.3189958299067,1311.3189973101962,591.7426401488407,0.05
-13.703787557431513,190.80464081427968,-222.6074671952975,2182.7094008669046,1.024657937152302e-06,2182.7093998422465,1091.3546999211233,1091.3547009457814,529.3069925617191,0.05
-13.517841502443565,191.0186310856788,-223.41050213697375,2395.394616526573,1.3534675338377714e-06,2395.394615173105,1197.6973075865526,1197.6973089400203,557.0403988509667,0.05
-9.577553523297146,194.99592007160803,-227.7765735537606,6009.894472383056,1.691011489917059e-06,6009.894470692045,3004.9472353460224,3004.947237037034,1290.331042319264,0.05
-9.212070799566147,195.03139353190696,-228.18391082528376,4994.270651644794,1.896073491656642e-06,4994.270649748721,2497.1353248743603,2497.135326770434,1062.9127933025727,0.05
-9.636154276266437,194.92306382839575,-228.28035628249597,5543.668405836831,1.835745968166004e-06,5543.668404001085,2771.8342020005425,2771.8342038362885,1175.8266200127425,0.05
-9.433912312231834,194.89503881115087,-228.7552304085672,4582.887736888904,1.9047627631223845e-06,4582.887734984141,2291.4438674920707,2291.4438693968336,961.5217076056364,0.05
-9.984751462101617,194.86454724133645,-228.09426433886276,6435.348882346211,1.783788083097137e-06,6435.348880562423,3217.6744402812114,3217.6744420649998,1372.1387854014013,0.05
-10.28191711804616,194.80739322335077,-226.73850631821048,7823.77571704956,1.587145026923123e-06,7823.775715462415,3911.8878577312075,3911.887859318352,1718.5239818164807,0.05
-10.0980763126782,194.86703696093548,-227.44922838463552,7047.275398505407,1.6300181383648372e-06,7047.275396875389,3523.6376984376943,3523.6377000677126,1524.335887468582,0.05
-9.934077410111254,194.8218232223641,-228.67124883539185,5886.0302772861305,1.8403500001580704e-06,5886.030275445781,2943.0151377228904,2943.01513956324,1238.0586288924603,0.05
-9.67499328836588,194.77988639633375,-229.23862692614856,4540.187567389196,1.9231234160043517e-06,4540.187565466073,2270.0937827330363,2270.09378465616,942.9453416306529,0.05
-9.92625563575777,194.7575889841932,-229.1821571100516,5449.0733064637525,1.945788609980693e-06,5449.073304517964,2724.536652258982,2724.5366542047705,1133.0896505911685,0.05
-13.936860068842435,190.5918148113921,-221.69913999905955,1967.0620596859708,7.846634099701717e-07,1967.0620589013074,983.5310294506537,983.5310302353171,503.56958953862846,0.05
-15.00995175463108,189.385541193231,-219.4911875684655,1573.567831073095,7.044215852735701e-07,1573.5678303686734,786.7839151843367,786.7839158887583,460.0087970055352,0.05
-15.944565294189497,186.86254603388355,-220.96119525156695,1741.1170109226953,7.413011205265387e-07,1741.117010181394,870.558505090697,870.5585058319982,502.7074334370162,0.05
-15.661636543062352,187.6447660114874,-220.5420839624132,1707.3654915223617,6.02214418482316e-07,1707.3654909201473,853.6827454600736,853.6827460622881,494.9160282612226,0.05
-14.74985785780918,189.5421932971514,-220.39163188896023,1735.0262322108222,7.461382900489335e-07,1735.0262314646839,867.5131157323419,867.5131164784802,486.91451142421863,0.05
-15.25622057475664,188.64261562839403,-220.1504256362818,1680.512285596835,7.258121929961013e-07,1680.5122848710228,840.2561424355114,840.2561431613236,486.17983131690005,0.05
-16.16594350567227,186.19937559339343,-221.3824485739899,1782.136517392231,7.645773723124311e-07,1782.1365166276537,891.0682583138268,891.0682590784043,511.43321248003247,0.05
-14.4640750723691,189.76629295175508,-221.41461552247665,1881.6468537196688,7.644509620627128e-07,1881.6468529552178,940.8234264776089,940.8234272420599,499.2268962839786,0.05
-15.6276605544514,187.47394309381664,-221.5116358307021,1846.453963697127,7.281277297930358e-07,1846.4539629689991,923.2269814844996,923.2269822126274,510.54478684816877,0.05
-15.925531504839189,186.76134572910985,-221.6405174506087,1841.0940604498728,7.838110704507144e-07,1841.0940596660616,920.5470298330308,920.547030616842,513.1405933281345,0.05
-14.20332562766876,190.02244958930376,-222.36911302358664,1976.7735705988332,9.766526207795432e-07,1976.7735696221805,988.3867848110903,988.386785787743,498.2069431066415,0.05
-13.608155246867431,190.88203522309965,-224.6832233689353,2267.31128529472,1.5863612248283371e-06,2267.311283708359,1133.6556418541795,1133.6556434405406,505.5811181948366,0.05
-13.777757305850145,190.5743776775323,-224.02051529480065,2180.843277557054,1.412231602938703e-06,2180.8432761448225,1090.4216380724113,1090.4216394846428,501.4727329146888,0.05
-13.976821732209846,190.2881589858265,-223.25846073210835,2078.957818007137,1.203244477789147e-06,2078.9578168038925,1039.4789084019462,1039.478909605191,497.0098765646389,0.05
-14.971207046173452,188.86901058239457,-221.29359443843143,1854.7571624736972,7.162534278776029e-07,1854.7571617574438,927.3785808787219,927.3785815949753,503.5853440134805,0.05
-15.366164534843891,188.1204004756248,-221.14209008645128,1824.5914072990083,6.084205422523652e-07,1824.5914066905877,912.2957033452939,912.2957039537145,506.40930760378103,0.05
-16.10752984052853,186.22563764533896,-222.1954347727135,1878.153262419777,7.191463575395763e-07,1878.1532617006308,939.0766308503154,939.0766315694617,514.7643047935863,0.05
-15.255549629258567,188.1420953521653,-222.08905700908684,1906.9400332580487,9.07110811860429e-07,1906.9400323509378,953.4700161754689,953.4700170825798,504.5632868896337,0.05
-14.727711319083548,189.1200226548945,-222.2587777396429,1934.07211607408,8.883142828467645e-07,1934.0721151857656,967.0360575928828,967.0360584811972,499.0492143628182,0.05
-15.717943063368503,187.1052176234164,-222.4696637652573,1903.2345047131444,7.478272761077331e-07,1903.2345039653171,951.6172519826586,951.6172527304858,505.22168425101825,0.05
-14.46849633345836,189.4528443327002,-223.17143320137575,1966.669046383804,1.0045137733377935e-06,1966.6690453792903,983.3345226896452,983.3345236941589,482.1356681615817,0.05
-15.388370481417072,187.73136858625853,-223.06190421182004,1935.4382233988283,8.925621306010711e-07,1935.4382225062661,967.7191112531331,967.7191121456952,492.44237274764316,0.05
-14.010178507613,190.16810466817503,-224.6882523930436,1900.2363219773365,1.538952742340581e-06,1900.2363204383837,950.1181602191919,950.1181617581447,428.856566133087,0.05
-14.233416853166489,189.79570881296587,-223.9463480129775,1939.7008197927432,1.2214239156453691e-06,1939.7008185713194,969.8504092856597,969.8504105070836,455.63429185807905,0.05
-16.06624392606641,186.23982128415236,-223.10194024347123,1929.418030309449,8.321902721271935e-07,1929.4180294772586,964.7090147386293,964.7090155708197,505.3289186906365,0.05
-14.981479844133451,188.51867171733767,-223.158485214412,1933.0766311499165,9.834291439082331e-07,1933.0766301664873,966.5383150832437,966.5383160666728,482.34270156162876,0.05
-15.750790555849315,186.9306275064372,-223.52243191505227,1920.1578005745305,9.234699893414196e-07,1920.1577996510605,960.0788998255302,960.0789007490002,485.27741398243984,0.05
-14.73874906304302,188.8924950883638,-224.02162090495287,1883.980830391207,1.169587566506378e-06,1883.9808292216194,941.9904146108097,941.9904157803974,448.4019796579517,0.05
-15.286821091662857,187.85852207441155,-224.0063455996817,1876.48358682728,1.1133006321426892e-06,1876.4835857139794,938.2417928569897,938.2417939702904,455.64729640896184,0.05
-14.464044500634795,189.35961375405543,-224.7553793419612,1750.9534732532873,1.4205589639420617e-06,1750.9534718327284,875.4767359163642,875.4767373369231,400.9911649212367,0.05
-15.783809180759189,186.8302732770974,-224.4861452586008,1875.8062853671508,1.084616001700719e-06,1875.8062842825348,937.9031421412674,937.9031432258835,453.62916896638365,0.05
-16.124192610903183,186.07103036087676,-224.0167042741828,1933.5909119124303,9.399682882883576e-07,1933.590910972462,966.795455486231,966.7954564261993,485.4261543456445,0.05
-14.96770117987971,188.44264938172176,-224.88565387995968,1744.2200102374566,1.2436470599080271e-06,1744.2200089938094,872.1100044969047,872.1100057405519,401.822731671835,0.05
-15.489728337473968,187.4442132007917,-225.0864698871346,1764.5615661185564,1.3340931257042232e-06,1764.5615647844631,882.2807823922316,882.2807837263248,409.3210992999527,0.05
-16.118517463268557,186.09162525219568,-224.7550512237291,1908.5514301136725,1.1803717513551517e-06,1908.5514289333007,954.2757144666504,954.2757156470221,462.08705728715955,0.05
-15.96628233448048,186.46574644908685,-225.3357241859308,1782.5448634993952,1.2921123732615146e-06,1782.544862207283,891.2724311036415,891.2724323957538,417.9057901690879,0.05
-13.418587622289882,191.35168574607283,-225.3249076252725,2705.0654558364777,1.6583442552512943e-06,2705.065454178133,1352.5327270890666,1352.532728747411,593.0707427114481,0.05
-13.55391328362028,191.0324402336152,-225.09256903000815,2308.873805643312,1.635002114493371e-06,2308.87380400831,1154.436902004155,1154.4369036391572,507.9164776650996,0.05
-13.709798949230311,190.8296634476865,-225.5954444874037,1999.3678592001995,1.6318381907782857e-06,1999.3678575683614,999.6839287841807,999.6839304160188,434.63652627796716,0.05
-13.613439628361029,191.16455564663244,-225.9592416954811,2362.0415990805286,1.8155013221980496e-06,2362.041597265027,1181.0207986325136,1181.020800448015,511.57334647750804,0.05
-13.781419339883795,190.60852401696988,-225.11693233063852,1923.955747779504,1.7055812989358432e-06,1923.9557460739227,961.9778730369613,961.9778747425427,425.2774356110366,0.05
-13.912680692229795,190.54140863235008,-226.1069969936813,1623.517043611904,1.6166006916885046e-06,1623.5170419953033,811.7585209976517,811.7585226142523,348.0100302835535,0.05
-13.837089339221691,190.93574678406904,-226.6045687483328,1985.8307831931825,1.8201771249157684e-06,1985.8307813730053,992.9153906865026,992.9153925066798,426.33095161090165,0.05
-14.066958991004638,190.4191367944852,-226.744101530122,1352.197860133712,1.8710110772490984e-06,1352.197858262701,676.0989291313505,676.0989310023616,285.5647317895082,0.05
-14.067106184563196,190.68772901237855,-227.21563974171,1691.8934805813224,1.865621087483092e-06,1691.8934787157013,845.9467393578507,845.9467412234717,363.4847132993321,0.05
-14.064386829003736,190.1245645047237,-225.54545959414057,1649.2329881023754,1.5765277791594223e-06,1649.2329865258478,824.6164932629239,824.6164948394515,360.0191637988337,0.05
-14.62062490575418,189.09875849885177,-225.60201126481056,1573.1094004422146,1.5321286193619845e-06,1573.109398910086,786.554699455043,786.5547009871716,346.03450762043315,0.05
-14.293560551835084,189.82141846522447,-226.3862970909252,1300.6591801266138,1.7872572658194564e-06,1300.6591783393565,650.3295891696782,650.3295909569356,273.83206859132116,0.05
-14.30756543687388,190.0396460828304,-227.1988683352548,1011.7600585063584,1.9239647551431933e-06,1011.7600565823936,505.8800282911968,505.8800302151616,209.99372405240953,0.05
-15.131632048542256,188.1675143737024,-225.73879319133604,1589.743006861304,1.4616305045769336e-06,1589.7430053996734,794.8715026998367,794.8715041614672,352.4104989255397,0.05
-14.829343648323343,188.7982113435025,-226.43078858337591,1361.0814530497298,1.5748807064158015e-06,1361.081451474849,680.5407257374245,680.5407273123053,286.61709036098546,0.05
-14.622741706231372,189.3398260391737,-227.16442857247856,1011.8289625576172,1.891137204507732e-06,1011.8289606664799,505.91448033323996,505.9144822243772,204.0606105022005,0.05
-15.624416064285564,187.2363812583245,-225.8728321887293,1629.1591608855515,1.3615988013044e-06,1629.1591595239527,814.5795797619763,814.5795811235752,364.2928841750884,0.05
-16.033963720108847,186.42025503676183,-226.05129308426007,1742.021888776667,1.2567290817165794e-06,1742.021887519938,871.010943759969,871.0109450166981,393.173704657868,0.05
-15.905795439481414,186.8679338620236,-226.94147595475724,1494.8696593379034,1.515633587486441e-06,1494.8696578222698,747.4348289111349,747.4348304267685,316.51454200874474,0.05
-15.379242600632852,187.79709572953053,-226.5574216964472,1460.6601657855945,1.4523283677908174e-06,1460.660164333266,730.330082166633,730.3300836189615,309.06753352653334,0.05
-15.038622428849516,188.54598571849647,-227.24363197524625,1154.213741379581,1.8357576468702465e-06,1154.2137395438233,577.1068697719116,577.1068716076694,232.1771185531076,0.05
-15.496669879177295,187.71833814635,-227.33520212059184,1283.6366658006534,1.590560066628144e-06,1283.6366642100934,641.8183321050467,641.8183336956067,259.5131495013052,0.05
-15.94356256483468,186.96080408401687,-227.64156975869813,1364.1908347749686,1.528835038509655e-06,1364.1908332461335,682.0954166230667,682.0954181519019,274.6177865763398,0.05
-11.305778909827325,165.41284329714398,-223.22433632099947,2153.3008471886906,2.225004453316963e-06,2153.300844963686,1076.650422481843,1076.6504247068476,512.668251191382,0.05
-9.82678418975026,164.79413906999923,-223.1827614769998,2368.7435040569358,2.0328483202411018e-06,2368.7435020240873,1184.3717510120437,1184.371753044892,583.8894160129089,0.05
-10.89001694716302,165.6122261132661,-222.05808054469824,2047.8139283559835,2.602760056277965e-06,2047.8139257532234,1023.9069628766117,1023.9069654793718,514.7839670221957,0.05
-10.993351982643842,164.96875823274763,-224.26017622539388,2281.698342276364,2.285498378832681e-06,2281.698339990866,1140.849169995433,1140.8491722809313,534.5596383481632,0.05
-12.37708646581198,166.30371356002007,-222.5603675643335,1855.406166953603,2.292727449443026e-06,1855.4061646608754,927.7030823304377,927.7030846231652,431.39212054089404,0.05
-11.889299393898098,166.63977809889548,-220.96281209478497,1633.4709319120886,2.568520191734375e-06,1633.4709293435685,816.7354646717843,816.7354672403044,427.6668197180681,0.05
-12.117671068973404,165.71014196646203,-223.8854552982968,2140.6461454822315,1.962271369191265e-06,2140.6461435199603,1070.3230717599802,1070.3230737222514,484.24941067206845,0.05
-12.94627787092509,166.42159453074456,-223.65944079246748,2011.680035535893,1.8978207408096048e-06,2011.6800336380722,1005.8400168190361,1005.8400187168569,442.1290103324367,0.05
-12.021592055447,165.36519710164532,-225.12026106731903,2468.1052334671854,1.7733588940482055e-06,2468.1052316938267,1234.0526158469133,1234.052617620272,550.0891143881043,0.05
-13.461343260721948,167.07061291966804,-223.06279154608,1873.378306596965,1.933322891666722e-06,1873.3783046636422,936.6891523318211,936.689154265144,407.76540185114357,0.05
-13.370690465683328,167.52256234887787,-221.55432241602009,1608.562646301219,2.278823007768506e-06,1608.562644022396,804.281322011198,804.2813242900211,377.46359690017135,0.05
-12.78421789959153,167.85243362535877,-219.90065991021063,1406.3790948055068,2.546333173699708e-06,1406.3790922591736,703.1895461295868,703.18954867592,392.24483241350333,0.05
-13.880598658085692,168.49584194973076,-220.59316720144352,1565.837054517225,2.43762673989615e-06,1565.8370520795982,782.9185260397991,782.9185284774259,394.2322161617794,0.05
-13.041853213018838,166.2787312162547,-224.6380537643094,2275.629217998212,1.3332529927159435e-06,2275.629216664959,1137.8146083324796,1137.8146096657324,486.5781935091939,0.05
-12.881043089497211,165.94109664472464,-225.7767427778974,2570.4101270506885,1.348021828125826e-06,2570.410125702667,1285.2050628513334,1285.205064199355,558.5539893025618,0.05
-13.498481666830182,166.88288692678924,-223.9248797749749,1990.783583637372,1.7029056854444628e-06,1990.7835819344664,995.3917909672332,995.3917926701388,424.76489587989875,0.05
-13.596562160036074,166.67146697511916,-225.5365189201574,2405.471350694593,1.1065273617257223e-06,2405.471349588066,1202.735674794033,1202.7356759005602,509.21930713794535,0.05
-13.968654855284129,167.42591728332724,-223.8101866773132,1944.6328554371476,1.643857007057448e-06,1944.6328537932905,972.3164268966452,972.3164285405023,411.6824053173693,0.05
-14.295121838982336,168.0502744753303,-222.93503464663505,1783.757322097953,1.861127042312246e-06,1783.757320236826,891.878660118413,891.87866197954,383.9258309601383,0.05
-14.56257374768231,168.767271626099,-221.83371338669835,1755.4669983315518,2.027975064363876e-06,1755.4669963035767,877.7334981517884,877.7335001797635,401.0619659055432,0.05
-13.94554693239258,167.1934784167075,-224.79656639989437,2163.3340248782706,1.166606453648468e-06,2163.334023711664,1081.667011855832,1081.6670130224386,451.13859379316176,0.05
-14.61122140760957,168.15282120911442,-224.24767991662983,1898.0707120233392,1.2210687619534524e-06,1898.0707108022705,949.0353554011352,949.035356622204,401.3890193871276,0.05
-15.122126096549133,169.1588476116145,-223.23056010249928,1763.3886200306629,1.6368601351900112e-06,1763.3886183938027,881.6943091969014,881.6943108337615,383.1925600238299,0.05
-15.725760355512511,170.2238994226442,-223.31032741149164,1792.2609687300576,1.25228083933234e-06,1792.2609674777768,896.1304837388884,896.1304849911692,396.437034938726,0.05
-11.875782180455724,193.35821983105464,-224.76944384783627,5377.811533455529,1.4458536865186096e-06,5377.811532009675,2688.9057660048375,2688.905767450691,1205.7738539089826,0.05
-11.561235262224256,193.68379624552176,-225.0271225297327,5648.0886341306095,1.3744931290443044e-06,5648.088632756117,2824.0443163780583,2824.0443177525513,1265.534290980345,0.05
-11.007213655472276,194.29298652794,-225.8921125682485,7151.350468126242,1.539931112013257e-06,7151.350466586311,3575.6752332931555,3575.6752348330865,1588.7589793113164,0.05
-11.2530095342162,194.0183453881337,-225.4787365220588,6329.629613472836,1.5873647656731452e-06,6329.629611885472,3164.814805942736,3164.8148075301006,1412.0027914915634,0.05
-12.609836843678636,192.5384330614024,-224.81428934872068,4436.632545634891,1.4974668406811234e-06,4436.632544137425,2218.3162720687124,2218.316273566179,987.6344363966516,0.05
-12.270327957012324,192.946711393207,-224.7849240544992,4976.848528988906,1.357273220351969e-06,4976.848527631632,2488.424263815816,2488.4242651730897,1111.8063829265325,0.05
-12.00647438688416,193.3022000255805,-225.3332956195275,5415.025262844403,1.3768752936559071e-06,5415.025261467528,2707.512630733764,2707.512632110639,1201.9284250587584,0.05
-11.699787391482396,193.6294897506097,-225.61497647114464,5633.969778196425,1.521076127634666e-06,5633.969776675349,2816.9848883376744,2816.9848898587506,1249.121123003775,0.05
-10.974080459412734,194.40985906287227,-226.58645460530573,7604.23820976555,1.5719865216956894e-06,7604.238208193564,3802.119104096782,3802.119105668768,1669.072443447121,0.05
-12.975717957994837,192.13536641027247,-225.31740288687556,4049.410798053565,1.5544395420399598e-06,4049.4107964991254,2024.7053982495627,2024.7053998040024,892.0579267542255,0.05
-11.5329032639693,193.87575811824053,-226.17328285214603,6142.306691426964,1.509266549447145e-06,6142.306689917697,3071.1533449588487,3071.153346468115,1353.3920070428592,0.05
-12.489645240906611,192.8195951205172,-225.4829018590713,5023.649367085319,1.483539776433448e-06,5023.649365601779,2511.8246828008896,2511.824684284429,1108.283183877385,0.05
-12.876473019016077,192.44273319117173,-225.9480922920108,4448.862521517423,1.4627920841832444e-06,4448.862520054631,2224.4312600273156,2224.4312614901078,974.5012068203517,0.05
-10.388607391060624,194.7257337494572,-228.40008214350945,6886.667757719905,1.727882462976632e-06,6886.667755992023,3443.3338779960113,3443.333879723894,1459.8402576929775,0.05
-10.44558499518216,194.67086778904743,-228.90640262236937,6761.584445751718,1.7849178580662645e-06,6761.5844439668,3380.7922219834,3380.792223768318,1416.2254698079564,0.05
-10.319363858044069,194.6555979595173,-229.38867729271112,6285.08031453306,1.988467641523385e-06,6285.080312544593,3142.5401562722964,3142.5401582607637,1303.9829526452447,0.05
-12.079112718169378,193.34130705222225,-226.03385869200224,5356.331391756873,1.4286141853794734e-06,5356.331390328259,2678.1656951641294,2678.1656965927436,1177.613687788616,0.05
-10.563748223658283,194.677090393714,-227.93344899378772,7092.3995145369,1.5891061680151277e-06,7092.3995129477935,3546.1997564738967,3546.199758063003,1518.7524277482541,0.05
-11.548270755233064,194.0039378253016,-227.0100357553333,6370.734274066212,1.4353224144012027e-06,6370.734272630889,3185.3671363154444,3185.367137750767,1386.8298498852355,0.05
-10.86952428967827,194.52405236373255,-227.23347816981948,7540.080655465128,1.5991758230770723e-06,7540.080653865953,3770.0403269329763,3770.0403285321518,1636.4596785233512,0.05
-11.211287555268711,194.3227650739375,-227.7466684730517,6870.154242931897,1.5100818022873091e-06,6870.154241421815,3435.0771207109074,3435.0771222209896,1476.348741984063,0.05
-10.714080299097848,194.52491312210628,-229.36310482970657,6710.506686123496,1.891503336925873e-06,6710.506684231993,3355.2533421159965,3355.2533440075,1393.729699198203,0.05
-10.407393231323226,194.5856304942235,-229.69498381514637,6276.998730485256,1.9769803708938858e-06,6276.998728508275,3138.4993642541376,3138.499366231118,1294.8949766385867,0.05
-13.245778548944884,191.903166112268,-225.98357928611208,3780.30464950567,1.6960455668398531e-06,3780.3046478096244,1890.1523239048122,1890.152325600858,824.0453462836507,0.05
-12.090858285850784,193.44353070109432,-226.66859912393787,5382.161505086018,1.432011604333675e-06,5382.161503654007,2691.0807518270035,2691.0807532590147,1174.7053700537742,0.05
-12.553069950120356,192.90556927204705,-226.30601556778117,4928.360629486833,1.479763679829046e-06,4928.36062800707,2464.180314003535,2464.1803154832983,1076.4153437681298,0.05
-13.039883997247536,192.37027164093743,-226.5331577506545,4444.241987850411,1.6211359230894384e-06,4444.2419862292745,2222.1209931146373,2222.1209947357734,965.4601228905318,0.05
-10.907386392248563,194.497959933579,-228.4592808456495,6817.5374850396975,1.6482299280002078e-06,6817.5374833914675,3408.7687416957338,3408.7687433439637,1444.3936026778872,0.05
-10.926231284746525,194.4598590811841,-228.9982073312717,6790.733291477368,1.7828087821020647e-06,6790.733289694559,3395.3666448472795,3395.3666466300883,1421.0411476368158,0.05
-11.80247887345043,193.86104889738888,-227.76873948897443,5963.64592725025,1.495828599965928e-06,5963.645925754421,2981.8229628772106,2981.822964373039,1282.0583187867014,0.05
-12.116200995311615,193.51816328912545,-227.2817376268248,5407.64506130914,1.4722208576297131e-06,5407.645059836919,2703.8225299184596,2703.8225313906805,1171.5074859080103,0.05
-11.47943237589194,194.13865287530768,-228.2224468850022,6422.803493350281,1.419907398284117e-06,6422.803491930374,3211.401745965187,3211.4017473850945,1367.049174766524,0.05
-11.476450732238716,194.13042843800943,-228.7649607040386,6362.137306886504,1.7327897285601403e-06,6362.137305153715,3181.0686525768574,3181.0686543096467,1339.6120234317223,0.05
-11.1796337898074,194.284379418313,-229.38177045117615,6537.964563028948,1.8738785378695144e-06,6537.9645611550695,3268.9822805775348,3268.982282451413,1356.8244640425505,0.05
-10.83540174813824,194.42664725863764,-229.69860998753475,6653.982531403337,1.985506515238577e-06,6653.98252941783,3326.991264708915,3326.991266694422,1370.3896767847132,0.05
-10.708273364321972,194.41685525948645,-230.0669882885093,6678.964553668023,2.0148937908736896e-06,6678.964551653129,3339.4822758265645,3339.482277841458,1364.0212125040018,0.05
-10.832644519344612,194.29720613307225,-230.413277436747,6522.540756085235,2.120972820028534e-06,6522.540753964263,3261.2703769821314,3261.270379103104,1322.579587849015,0.05
-13.48812039826303,191.6999289505428,-226.59609415441776,3429.268057416843,1.911459846600557e-06,3429.268055505383,1714.6340277526915,1714.6340296641515,742.2574143911249,0.05
-12.619325417523758,192.97890443029289,-227.0992478344233,4858.214329871057,1.507640183017181e-06,4858.214328363417,2429.1071641817084,2429.1071656893487,1053.2202154158426,0.05
-12.375900645990072,193.3207807589568,-227.7881204743413,5155.887983242501,1.7040000663924491e-06,5155.887981538501,2577.9439907692504,2577.9439924732505,1109.106590429802,0.05
-13.2566327048388,192.2451856996572,-227.2220699837549,4292.005422308636,1.6216948258690169e-06,4292.005420686942,2146.002710343471,2146.0027119651654,925.7419019002792,0.05
-11.968259233029045,193.73831544667905,-228.37776441818983,5774.815558570886,1.595775381977786e-06,5774.815556975111,2887.4077784875553,2887.407780083331,1227.7040229019476,0.05
-12.510233921420523,193.22191717265216,-228.39848262298992,5115.732205406285,1.6908227419909887e-06,5115.732203715463,2557.8661018577313,2557.866103548554,1089.7763991564968,0.05
-12.332799327490909,193.39640520250504,-228.85169858174555,5384.389944574838,1.921169558013274e-06,5384.389942653669,2692.1949713268345,2692.194973248004,1136.2972625286457,0.05
-11.917975546662849,193.7713863557614,-228.9638770440896,5885.8043448055305,1.7575864390806244e-06,5885.804343047944,2942.902171523972,2942.9021732815586,1235.7068610419442,0.05
-11.225686525767925,194.16951724005412,-230.030003659135,6642.3532087503645,1.7847400426601864e-06,6642.353206965625,3321.1766034828124,3321.176605267552,1355.6830689662593,0.05
-11.15400144102537,194.09525106198245,-230.65537137608348,6802.87072525309,2.0731792253796828e-06,6802.870723179911,3401.4353615899554,3401.435363663135,1368.2024421835938,0.05
-11.586019238844925,193.8794101854248,-230.38916511449148,6642.186183835913,2.0914025570762637e-06,6642.186181744511,3321.0930908722553,3321.0930929636575,1344.290844116558,0.05
-11.616656284890508,193.98079176937165,-229.44856991292957,6225.648632205731,1.7177349115094937e-06,6225.648630487995,3112.8243152439977,3112.824316961733,1290.960290261579,0.05
-11.820376131705862,193.77645608538785,-229.87043831073711,6252.279994843181,1.8034382194365667e-06,6252.279993039743,3126.1399965198716,3126.1399983233096,1282.2016293297074,0.05
-12.05861238896668,193.6231492241141,-229.3739717263784,5814.526260582415,1.7905495991561517e-06,5814.526258791865,2907.2631293959325,2907.263131186482,1209.4151129508264,0.05
-13.7738586780948,191.4544922916785,-227.32629366795788,3319.0217782473883,1.8187326563850008e-06,3319.021776428656,1659.510888214328,1659.5108900330604,714.6566993102042,0.05
-14.08414027887358,191.0127888249311,-227.78464530535624,2672.3653852489324,1.8572781465741887e-06,2672.365383391654,1336.182691695827,1336.1826935531053,577.5669618891313,0.05
-12.981407868912571,192.70123089192407,-228.0104104513488,4562.281801178462,1.5488660370217813e-06,4562.281799629596,2281.140899814798,2281.140901363664,979.0216899307607,0.05
-13.50742220468848,192.0414909714273,-227.88663220027428,4105.822458622015,1.587758835228336e-06,4105.822457034256,2052.911228517128,2052.9112301048867,880.7384421617479,0.05
-12.849710363117383,192.86982629389595,-229.0165742273988,4861.292234045027,1.793029774007266e-06,4861.292232251997,2430.6461161259986,2430.6461179190283,1025.502222533167,0.05
-12.426915400065011,193.28137761504627,-229.3437942767285,5327.050529955686,1.7457005422046075e-06,5327.050528209986,2663.525264104993,2663.5252658506934,1111.4471052702734,0.05
-12.684801494115872,192.9805624294006,-229.84952264019904,5206.69908362994,2.028553148683058e-06,5206.699081601387,2603.3495408006934,2603.3495428292467,1075.8795143188652,0.05
-12.2223855927778,193.446616358332,-229.6944028742343,5668.33137231074,1.7901003168752604e-06,5668.33137052064,2834.16568526032,2834.1656870504203,1171.8068725389442,0.05
-12.151114841506216,193.4333885240136,-230.36695777387985,6085.828226303219,1.917589823611313e-06,6085.828224385629,3042.9141121928146,3042.914114110404,1235.1134942898366,0.05
-11.653567287951017,193.7360076580293,-230.97073475729636,6730.906639848108,2.028477666914333e-06,6730.90663781963,3365.453318909815,3365.453320938293,1343.9308698780294,0.05
-14.27048356719354,190.88284443371415,-228.3747651287975,2989.486509008957,1.8624364615982847e-06,2989.4865071465206,1494.7432535732603,1494.7432554356967,644.2025091076022,0.05
-13.87036599791374,191.56469002391069,-228.1803858606121,3717.023488587143,1.6561086740349376e-06,3717.0234869310348,1858.5117434655174,1858.5117451216258,796.2332458644204,0.05
-13.480383176988711,192.16452975540415,-228.67961819213016,4365.13445752494,1.7278550446757084e-06,4365.134455797085,2182.5672278985426,2182.567229626398,928.039957993891,0.05
-12.954402796764736,192.622088935747,-230.530721113924,5077.978755427602,1.954731985496711e-06,5077.978753472869,2538.9893767364347,2538.989378691167,1036.206822457452,0.05
-13.317839780550884,192.3176494311895,-229.76358083241936,4637.423374942736,1.813193640364534e-06,4637.423373129543,2318.7116865647713,2318.7116883779645,966.1609056969359,0.05
-12.070830188514304,193.3885290668668,-231.17083486860943,6426.76335171035,2.033941241779009e-06,6426.763349676409,3213.3816748382046,3213.381676872146,1279.5486608770964,0.05
-12.504571656261303,193.06650295517443,-230.64244477455992,5588.181847740197,1.95137333855017e-06,5588.181845788823,2794.0909228944115,2794.090924845785,1130.0647353094525,0.05
-12.660347406260987,192.83558184304448,-231.24060015166032,5641.123709943983,2.153481364709939e-06,5641.123707790502,2820.561853895251,2820.5618560487324,1125.3898994640324,0.05
-14.49431146316992,190.69239527496876,-229.14099914483944,3302.933925941328,1.924270899853691e-06,3302.9339240170575,1651.4669620085288,1651.4669639327994,704.3603129423191,0.05
-13.975771283436124,191.5450225937117,-229.17939194549436,4197.0291389686345,1.7487771020453354e-06,4197.029137219857,2098.5145686099286,2098.514570358706,886.2168483430745,0.05
-13.865883558166384,191.65224756330448,-230.16176123151237,4398.106166494928,1.972268562331965e-06,4398.10616452266,2199.05308226133,2199.0530842335984,911.9428296203881,0.05
-13.127507221859103,192.3390056448482,-231.3376536336906,5033.720504987564,2.089560030814395e-06,5033.720502898003,2516.8602514490017,2516.860253538562,1008.4260219768901,0.05
-13.391607548399024,192.1383797197713,-230.6435589014011,4683.927446312076,1.975622570028448e-06,4683.927444336454,2341.963722168227,2341.9637241438495,956.5960421573565,0.05
-13.736575259085804,191.70014131225585,-231.10183439625763,4518.567539754656,2.086707166692466e-06,4518.567537667948,2259.283768833974,2259.2837709206815,916.303040979822,0.05
-14.32868918067588,191.0592552762448,-229.813461333745,4061.135690558138,1.8546174201468167e-06,4061.1356887035204,2030.5678443517602,2030.5678462063777,851.0616526013528,0.05
-14.707132879419218,190.45513887824467,-229.95476483972791,3633.099813674368,1.8384623677757016e-06,3633.0998118359053,1816.5499059179526,1816.5499077564152,764.4440203717226,0.05
-14.392838258555742,190.94092806093016,-230.74427730691392,4239.292239999943,1.9443967179408107e-06,4239.2922380555465,2119.6461190277732,2119.64612097217,870.4591990198436,0.05
-14.917515573798438,190.15594068462445,-230.57634939383016,3601.639056934867,1.8612699893616904e-06,3601.639055073597,1800.8195275367984,1800.8195293980684,748.4066034084515,0.05
-10.018645402549646,164.48503385491207,-224.69184838726625,2408.694990832555,2.199161143893141e-06,2408.694988633394,1204.347494316697,1204.347496515858,568.397717494546,0.05
-8.687825426280023,164.165443118125,-224.39370265309995,2570.746627988803,2.1110933170867957e-06,2570.74662587771,1285.373312938855,1285.3733150499481,622.2230354267233,0.05
-10.854934647606656,164.67368969622254,-225.64576991375495,2446.7993022889373,1.8180363126725205e-06,2446.799300470901,1223.3996502354505,1223.3996520534868,552.8329982486121,0.05
-9.314355778431528,164.07929433652703,-226.00365292484955,2530.3702345468223,1.857280432789144e-06,2530.370232689542,1265.185116344771,1265.1851182020514,577.342141868617,0.05
-7.447674595038912,163.72853943285298,-225.7718725582081,2784.9279441534286,2.133381222818068e-06,2784.9279420200473,1392.4639710100237,1392.463973143405,653.213373751811,0.05
-8.021594989209389,163.70967002892394,-227.10519826146432,2702.9952689690986,1.7147520601514233e-06,2702.9952672543463,1351.4976336271732,1351.4976353419254,608.210069668999,0.05
-6.097506182393116,163.50294317023463,-227.39278325387536,2904.733302736044,1.85013904955318e-06,2904.733300885905,1452.3666504429525,1452.3666522930916,666.9132551824757,0.05
-9.662450755729948,164.11668377397743,-227.53820673695864,2679.8769509813374,1.1368187726982022e-06,2679.8769498445185,1339.9384749222593,1339.938476059078,579.090566724691,0.05
-7.085548428568845,163.55337180740244,-228.39440816412653,2869.0204161676106,1.5144359265294148e-06,2869.0204146531746,1434.5102073265873,1434.5102088410233,633.6299816293148,0.05
-8.837544073200531,163.87763819988845,-228.4290996241644,2792.655425525211,1.2846014260981688e-06,2792.6554242406096,1396.3277121203048,1396.327713404906,596.4361082774483,0.05
-12.908137141417118,165.90241113140198,-226.7933755786947,2840.054427268056,1.026612027884881e-06,2840.0544262414437,1420.0272131207219,1420.027214147334,602.7750599640456,0.05
-11.89328364047004,165.18726367257307,-226.26427588674804,2599.5494592361824,1.5477963627527302e-06,2599.549457688386,1299.774728844193,1299.7747303919894,565.1464098965488,0.05
-10.706406246427628,164.53544599958238,-226.8694115940983,2597.0856606853326,1.454280057976363e-06,2597.0856592310524,1298.5428296155262,1298.5428310698064,563.3602135287424,0.05
-11.929774645759933,165.19267972315356,-227.39488806639133,2803.090372203806,1.161095815253785e-06,2803.09037104271,1401.545185521355,1401.545186682451,592.063169247757,0.05
-10.913033694288808,164.6343430639253,-228.1839646762176,2846.632318841221,1.1725867963282617e-06,2846.632317668634,1423.316158834317,1423.316160006904,592.1446346612208,0.05
-9.990309587579633,164.2571371861522,-229.10944697927664,2881.928970891151,1.1147445507693026e-06,2881.9289697764066,1440.9644848882033,1440.9644860029478,594.7400680390539,0.05
-12.95741659578144,165.9232336198327,-227.83123745703784,3051.1424327895343,8.235377237492747e-07,3051.1424319659964,1525.5712159829982,1525.571216806536,634.5548608995332,0.05
-12.13236849220326,165.33910216474058,-228.591331592386,3000.892767200276,1.0436253532003678e-06,3000.892766156651,1500.4463830783254,1500.4463841219506,615.6759665017833,0.05
-11.305420787115972,164.87186004281074,-229.5515607784756,3109.239235661203,8.363847522041595e-07,3109.239234824818,1554.619617412409,1554.619618248794,620.7513427337005,0.05
-13.03404518971532,165.9963180761514,-228.8289375570152,3206.0360163149207,8.747784369360302e-07,3206.0360154401424,1603.0180077200712,1603.0180085948496,653.4481418144221,0.05
-12.584765078554526,165.69259431932258,-229.8061003668433,3350.3549437893494,6.659056019643797e-07,3350.3549431234437,1675.1774715617219,1675.1774722276275,661.181808872751,0.05
-2.1963027125583685,166.24494049771957,-215.2206630587036,5736.483885126224,4.487733235290979e-06,5736.4838806384905,2868.2419403192453,2868.2419448069786,1560.8926256007207,0.05
3.7834220496625592,167.48436065193505,-215.0061033471465,2201.2404644189423,4.624305781079435e-06,2201.2404597946365,1100.6202298973183,1100.620234521624,676.027506346026,0.05
1.811540715606704,166.64153621261354,-215.2904224449196,3968.7850892935007,4.880647276530375e-06,3968.7850844128534,1984.3925422064267,1984.392547087074,1138.015477870022,0.05
-4.093193363004426,166.67074467801203,-214.9259516370021,5273.2772922946,4.151836118715629e-06,5273.277288142764,2636.638644071382,2636.638648223218,1430.2619281769084,0.05
-3.599902888685842,165.8781105861231,-217.23382531011737,5403.516577432089,3.868519919302366e-06,5403.516573563569,2701.7582867817846,2701.758290650305,1442.4605683418806,0.05
-1.241558091171528,165.87875308078216,-217.00418151679344,5423.815820766028,4.248086093392438e-06,5423.815816517942,2711.907908258971,2711.907912507057,1468.6683816232942,0.05
-0.172617271666689,166.23689490247875,-215.2532175634674,5331.28818181575,4.759811283369774e-06,5331.288177055939,2665.6440885279694,2665.644093287781,1474.6724478491426,0.05
0.8817720622195446,166.26553249510803,-217.00760544542445,4310.5247302439975,4.4747185231011324e-06,4310.524725769279,2155.2623628846395,2155.262367359358,1190.0484462366323,0.05
2.8129334574462512,167.05824516139074,-216.8638984971165,2575.0007365243905,4.376237878419644e-06,2575.0007321481526,1287.5003660740763,1287.5003704503142,746.4187336849644,0.05
-5.51070097734253,166.50899951323083,-216.49817455470017,4699.666303846334,3.646167922816844e-06,4699.666300200166,2349.833150100083,2349.833153746251,1266.9957437269861,0.05
-5.213758062510275,165.8030473498832,-218.16081126311923,4637.29171665818,3.434841821943837e-06,4637.291713223338,2318.645856611669,2318.645860046511,1234.4505134295453,0.05
-5.887982406040846,167.4024077663599,-214.6524072397509,4292.696401454028,3.8262072190205845e-06,4292.696397627821,2146.3481988139106,2146.3482026401175,1175.1284270120766,0.05
1.8890161758593425,166.50790112030654,-218.71182232494047,2917.2640880899216,4.02735527635579e-06,2917.2640840625663,1458.6320420312832,1458.6320460586385,817.534403965264,0.05
-0.1166948691551173,165.77105460844376,-218.7653342965654,4430.650861756765,4.063467605360969e-06,4430.650857693297,2215.3254288466487,2215.3254329101164,1196.6273138537522,0.05
-4.032489562025101,165.33534910547098,-219.12183350434083,4883.870009746684,3.5462730497193938e-06,4883.870006200412,2441.935003100206,2441.9350066464785,1288.8143026234193,0.05
-2.2020111008335164,165.42785434020607,-218.8122831932756,5114.7052505665015,3.750494429427573e-06,5114.705246816007,2557.3526234080036,2557.352627158498,1360.0686614212655,0.05
0.9704315546329176,165.88475592687834,-220.541083678746,3112.9088742972926,3.652850216462663e-06,3112.9088706444422,1556.4544353222211,1556.4544389750715,853.6692565206675,0.05
-1.0352445659034224,165.23836163794337,-220.52723495342556,4255.591831251943,3.589441196857067e-06,4255.5918276625025,2127.7959138312513,2127.795917420692,1129.560727841056,0.05
-5.229045258212771,165.33267876953204,-219.43494330695145,4340.278171269992,3.204532030903585e-06,4340.27816806546,2170.13908403273,2170.1390872372617,1142.3854105110788,0.05
-6.093021491387529,165.63419334356416,-218.9897635643757,4141.351376796025,3.133720121675819e-06,4141.3513736623045,2070.6756868311522,2070.6756899648726,1098.8579017680056,0.05
-4.608997189395144,164.89316758034974,-220.58624086150385,4356.307102068867,3.134052739962507e-06,4356.307098934814,2178.153549467407,2178.1535526014595,1132.2714930968743,0.05
-3.0601270133487453,164.93051388491938,-220.5562346874529,4586.200557935335,3.4264617671076507e-06,4586.200554508873,2293.1002772544366,2293.100280680899,1198.1814629099315,0.05
-1.954168949057168,164.70293617189952,-222.23994292569748,3920.526286097009,3.1734052561426035e-06,3920.5262829236035,1960.2631414618018,1960.263144635207,1019.6774122535575,0.05
0.011782489520703,165.24779048487565,-222.3428353218173,3140.674664354005,3.250632047869587e-06,3140.674661103373,1570.3373305516866,1570.3373338023184,843.1028379501429,0.05
-3.916597130004632,164.47479206733493,-222.08065687863555,4080.396688783034,2.94272689648258e-06,4080.396685840307,2040.1983429201534,2040.1983458628804,1046.74543827721,0.05
-7.677413012725718,168.39958109191647,-214.45767619009715,3027.0975006344984,3.4347085812378617e-06,3027.09749719979,1513.548748599895,1513.5487520346035,856.0726614838361,0.05
-6.749781634587965,166.25819066024692,-217.88754255961305,3942.0803997490734,3.251370529212084e-06,3942.080396497703,1971.0401982488515,1971.0402015002219,1060.376706890081,0.05
-7.105816251214612,165.75317271211432,-219.1944896312384,3591.148460630729,3.058282118681964e-06,3591.1484575724467,1795.5742287862233,1795.5742318445057,956.6729997970263,0.05
-7.231827338705811,167.24291431151,-216.1878317790433,3733.0161607564,3.3160017642369923e-06,3733.0161574403983,1866.5080787201991,1866.508082036201,1026.7075199547332,0.05
-8.051913186269422,166.2147641274208,-218.7481961685669,3208.4369470839288,2.934738461065355e-06,3208.4369441491904,1604.2184720745952,1604.2184750093336,869.5811399190042,0.05
-6.401603386037847,165.1171110893579,-220.39989289233517,3751.139323663769,2.9207330331825294e-06,3751.139320743036,1875.569660371518,1875.569663292251,979.7903588333551,0.05
-5.293575000179691,164.5536183370496,-221.72760341118888,3853.33982570188,2.9244301397610545e-06,3853.3398227774496,1926.6699113887248,1926.669914313155,988.5840142022618,0.05
-2.8841798352590824,164.2228450367426,-223.851252913184,3557.193592544903,2.78139566214001e-06,3557.193589763507,1778.5967948817536,1778.5967976631493,900.4163681187499,0.05
-1.0207287048093865,164.64585974020602,-224.1163376242582,3029.7176819069887,2.8146658872748465e-06,3029.7176790923227,1514.8588395461613,1514.8588423608273,792.7897895590019,0.05
-7.933431336590076,164.91161451597608,-221.55100009240985,2986.67790377224,2.635260090947104e-06,2986.67790113698,1493.33895056849,1493.33895320375,772.0227431642273,0.05
-6.673449997791132,164.4678836773093,-222.27290300696825,3321.851935099794,2.677476810474082e-06,3321.851932422317,1660.9259662111585,1660.9259688886355,844.9306031013381,0.05
-5.137071794208855,164.05819435766116,-223.53672315188777,3536.8298216850817,2.6190258848346715e-06,3536.8298190660557,1768.4149095330279,1768.4149121520538,883.8561896792172,0.05
-3.889238110452351,163.78141903429568,-225.74270990286584,3202.128332616711,2.3652187740138447e-06,3202.128330251492,1601.064165125746,1601.0641674909648,781.0895943678671,0.05
-2.1482335060338134,164.1244818094307,-225.85828768535285,2910.0027558908746,2.4167836765530456e-06,2910.0027534740907,1455.0013767370453,1455.0013791538292,734.7863538371142,0.05
-8.357965355818411,165.5705099287415,-220.2424856762704,2946.6165561076623,2.6743069833760017e-06,2946.6165534333554,1473.3082767166777,1473.3082793909846,780.6969868052511,0.05
-9.019887251559018,168.2405887070514,-215.91860282000837,2542.645823692076,3.108038433719341e-06,2542.6458205840377,1271.3229102920188,1271.3229134000574,735.1332653443823,0.05
-8.454240292329123,167.0336636011577,-217.4792109990556,3087.163814343565,3.139632878988765e-06,3087.163811203932,1543.581905601966,1543.581908741599,855.8716309735014,0.05
-9.544497103262133,166.599015075029,-218.9881199075571,2482.795017501035,2.8934023220466726e-06,2482.7950146076328,1241.3975073038164,1241.3975101972187,689.8928419985734,0.05
-9.321009116439924,165.17872962647914,-221.70539355888175,2497.126736628485,2.5704088185094518e-06,2497.126734058076,1248.563367029038,1248.563369599447,644.3564862135704,0.05
-8.278689043803134,164.52775149266049,-222.78041977339032,2768.314860451303,2.479566104160318e-06,2768.3148579717367,1384.1574289858684,1384.1574314654347,695.804015931757,0.05
-6.950440256610955,164.00210413037578,-223.9911767869523,3019.610085459846,2.3528008709112043e-06,3019.610083107045,1509.8050415535224,1509.8050439063234,740.6412405096276,0.05
-5.824587323449985,163.65849584652443,-225.60742633807317,3030.3045084034966,2.2629297381531343e-06,3030.304506140567,1515.1522530702835,1515.1522553332131,723.2430382617474,0.05
-4.721966141978879,163.5713771174791,-227.030585414679,2989.8192705597858,1.994634740039195e-06,2989.819268565151,1494.9096342825756,1494.9096362772102,704.9105757079548,0.05
-3.388149448592832,163.73492405230675,-227.5576566589592,2788.9520942871054,2.028695011367818e-06,2788.95209225841,1394.476046129205,1394.4760481579003,673.2220762478343,0.05
-10.26053467025286,166.0817673058904,-220.45550301178696,2137.581169553376,2.748309349680096e-06,2137.581166805067,1068.7905834025335,1068.7905861508427,574.4634802257187,0.05
-10.532278754315175,167.9845110123311,-217.51740237561893,1948.8913717164305,2.868767718382099e-06,1948.8913688476628,974.4456844238314,974.4456872925991,565.9596998752388,0.15
-11.145392497150636,167.11086827301182,-219.36085996792,1693.224853847698,2.755382833737288e-06,1693.224851092315,846.6124255461575,846.6124283015404,489.0449400435419,0.05
-12.126097478323876,168.21679264990087,-218.59443412432157,1416.4288908578133,2.814022799402302e-06,1416.4288880437905,708.2144440218952,708.214446835918,415.10490097501537,0.15
-9.528847185663473,194.69628263439287,-229.8845983160408,3953.039315044487,2.052609050597968e-06,3953.039312991878,1976.519656495939,1976.519658548548,814.7394260600647,0.05
-8.410272098041476,194.7365337198528,-231.02721629253384,2790.6962147389863,2.216462941150497e-06,2790.696212522523,1395.3481062612616,1395.3481084777247,559.2523300951218,0.05
-8.511602305574005,194.8063081101112,-230.41859666239063,2948.7801201466627,2.139231728179476e-06,2948.780118007431,1474.3900590037156,1474.3900611429472,600.1151816524639,0.05
-7.889963672442983,194.8838844982408,-230.7222499419656,2355.192799603277,2.14426399515359e-06,2355.192797459013,1177.5963987295065,1177.5964008737703,475.37762618661617,0.05
-7.18033874376852,194.95987391521783,-231.05900169414429,1776.025503812639,1.994448657785765e-06,1776.0255018181904,888.0127509090952,888.0127529035439,355.9103051258907,0.05
-7.7762029540728355,194.7900391681504,-231.50405206685983,2159.970444678024,2.126771629943328e-06,2159.9704425512523,1079.9852212756261,1079.9852234023977,429.0826010378295,0.05
-6.373277555107344,195.0147911060224,-231.4346237984812,1093.2164328974009,1.9114867505677817e-06,1093.216430985914,546.608215492957,546.6082174044438,211.3843457060209,0.05
-8.881205391437652,194.6260584370678,-231.2475950126345,3171.0741306349523,2.2703404446659613e-06,3171.074128364612,1585.537064182306,1585.5370664526463,637.3891835019678,0.05
-8.94299131837097,194.6845743532943,-230.66768334433064,3323.704409367266,2.1626965127330936e-06,3323.7044072045696,1661.8522036022848,1661.8522057649814,673.6712486642698,0.05
-9.054898933010325,194.74059595258143,-230.14161189400537,3473.761942706569,2.0883388701636524e-06,3473.76194061823,1736.880970309115,1736.880972397454,710.4458494249408,0.05
-9.44314619498734,194.63682233831716,-230.38215968045543,3843.320080613515,2.05923095296732e-06,3843.320078554284,1921.660039277142,1921.660041336373,786.061513785674,0.05
-9.399320125588885,194.57707548389067,-230.9111218294254,3967.0375662476017,2.2311787919052865e-06,3967.037564016423,1983.5187820082115,1983.5187842393902,802.7339397497334,0.05
-9.385432772601597,194.51284086821784,-231.5134922570269,4014.9992051112567,2.3362742068459867e-06,4014.9992027749827,2007.4996013874913,2007.4996037237654,804.162222345789,0.05
2.2630408307770087,200.6044436531637,-214.4256012420901,1622.7682860924062,3.70207543339204e-06,1622.7682823903308,811.3841411951654,811.3841448972408,452.41698873887384,0.15
4.012852616646732,200.2381652995544,-214.46140341695,1821.75701228873,3.961507833468053e-06,1821.7570083272221,910.8785041636111,910.878508125119,499.5370977779649,0.15
7.677821080113415,198.61332600741463,-215.74598777960145,2881.6859142849084,4.370875633006082e-06,2881.685909914033,1440.8429549570164,1440.842959327892,773.6432152943289,0.15
6.09515557674433,199.54789608928485,-214.67893900213255,2040.9013101907665,4.231160988462417e-06,2040.9013059596055,1020.4506529798027,1020.4506572109638,551.0668049132371,0.15
4.651999335733055,199.6736123644352,-216.06062035072463,1771.5170706890076,3.505188961771289e-06,1771.5170671838187,885.7585335919093,885.7585370970983,465.4964900093514,0.15
6.067552650702012,199.0550385736445,-216.73935505649396,2433.678311140969,3.7770059883014007e-06,2433.678307363963,1216.8391536819815,1216.8391574589875,642.3372454541492,0.15
7.338342241239187,198.2777037390641,-217.62996685998547,3335.9817164119904,3.944863559839253e-06,3335.9817124671267,1667.9908562335634,1667.990860178427,889.8759683100209,0.15
1.084732033325175,200.32776572953955,-215.8593083758045,947.2946243932035,3.0586327282001585e-06,947.2946213345708,473.6473106672854,473.64731372591814,260.09211791786424,0.15
2.926454414806305,199.9467781733897,-216.3504631847256,1234.2679151774717,3.082673847214873e-06,1234.2679120947978,617.1339560473989,617.1339591300728,324.6257409672993,0.15
-0.677734325244189,200.429915133327,-215.81076466855515,768.602631699478,2.660493162197476e-06,768.6026290389849,384.30131451949245,384.3013171799856,219.3547804940773,0.15
-2.308999296038572,200.44917712204315,-215.6823421338248,1049.0990915451025,2.452468782198919e-06,1049.0990890926337,524.5495445463168,524.5495469987857,291.18340904116275,0.15
-4.365782523970504,200.3280825818798,-215.44465301658792,1626.9062453706922,2.583725447963171e-06,1626.9062427869667,813.4531213934833,813.4531239772089,441.76979167860526,0.15
-6.296388224401069,199.63104649639453,-216.20452628159816,2464.175859364563,2.3265574005079944e-06,2464.1758570380057,1232.0879285190028,1232.0879308455603,671.759734298373,0.15
5.64986486974234,198.60925772041543,-218.63392397156144,2548.242775912944,3.278752729578971e-06,2548.242772634191,1274.1213863170956,1274.1213895958485,672.1866655840482,0.15
7.0846003104419175,197.80811400406023,-219.4976691402358,3591.20990752694,3.338523428211831e-06,3591.209904188416,1795.604952094208,1795.6049554327317,960.7237893802331,0.15
4.324194555572033,199.2728724570109,-217.62965809042876,1692.6567921107714,3.1403106652892366e-06,1692.6567889704609,846.3283944852304,846.328397625541,439.43426302857415,0.15
0.179368643392061,199.97693974264723,-217.00235441399963,471.2531867415457,2.679376192348372e-06,471.2531840621695,235.62659203108475,235.62659471046092,132.80246436384928,0.15
1.392540825783418,199.8022788628166,-217.29748591105684,638.9536074382751,2.671620614464321e-06,638.9536047666545,319.47680238332725,319.4768050549478,172.70196888989665,0.15
6.9104393808523845,197.2499297046175,-221.3500074780568,3621.752410506601,2.833305430466879e-06,3621.7524076732952,1810.8762038366476,1810.8762066699533,978.475905518112,0.15
5.334800138719225,198.0508839358202,-220.52583574911995,2405.6758499998245,2.5658755249330767e-06,2405.675847433949,1202.8379237169745,1202.83792628285,639.4231412556285,0.15
2.4710301304465294,199.32191563903208,-218.34764803348668,837.3248792653462,2.482574717971252e-06,837.3248767827715,418.66243839138576,418.66244087396046,213.40994393949074,0.15
3.8003818217600527,198.7123246956528,-219.54401644589723,1450.3722668109704,2.5036055373830445e-06,1450.3722643073647,725.1861321536824,725.186134657288,377.50001670176465,0.15
-1.478449207553613,199.7892629340884,-217.509293610646,573.9151315800804,1.9554126078713687e-06,573.9151296246678,286.9575648123339,286.95756676774647,167.7785906976549,0.15
-3.2798320689738256,199.90849012571584,-216.92042905316225,1203.6399265580526,2.1482701458244704e-06,1203.6399244097825,601.8199622048912,601.8199643531614,332.56987886269684,0.15
-4.886609707495193,199.51262797911485,-217.35147936205655,1881.2409751000805,1.8974978586576056e-06,1881.2409732025826,940.6204866012913,940.6204884987892,515.4154929266937,0.15
-6.6026532980703365,198.8540822077144,-217.97230528743728,3077.9968799251897,1.542711813713982e-06,3077.996878382478,1538.998439191239,1538.9984407339507,845.3602991336891,0.15
-5.299872401416352,198.77265148777684,-219.0055690463819,2361.216634524541,1.4831294233353818e-06,2361.2166330414116,1180.6083165207058,1180.6083180038352,645.8441778722233,0.05
-6.756316527007366,198.24259251409973,-219.41635063240545,3511.42753501211,1.5098643366698103e-06,3511.4275335022458,1755.7137667511229,1755.7137682609873,943.294310263422,0.05
6.811373736800434,196.644891333001,-223.19342186200035,3703.936865744164,2.4060516991201567e-06,3703.9368633381123,1851.9684316690561,1851.968434075108,1010.1386661772524,0.15
5.142469422864251,197.44108983638344,-222.39400833126768,2224.7235672692627,2.208522801512831e-06,2224.72356506074,1112.36178253037,1112.3617847388928,599.9406223670481,0.15
0.3227098126448555,199.30604743785565,-218.76207757445704,347.2484683126254,1.963332765420647e-06,347.24846634929264,173.62423317464632,173.62423513797907,103.42062093104899,0.05
-1.4455383796080838,199.13448786130493,-219.17799150060983,572.8239564216653,1.6874683178109914e-06,572.8239547341971,286.41197736709853,286.4119790545668,159.37750294789484,0.05
1.7643061006549634,198.67895323626337,-220.25475829271,436.6725740463685,1.926141151884583e-06,436.67257212022736,218.33628606011368,218.3362879862548,135.5620176583773,0.15
3.496356777190882,198.0913229140415,-221.39784999542596,1039.2847790345998,2.009631845271205e-06,1039.284777024968,519.642388512484,519.6423905221158,280.80560199371604,0.15
-3.220167182833109,199.24015971059583,-218.61586645244424,1041.3387517461438,1.7642664584222303e-06,1041.3387499818773,520.6693749909386,520.6693767552051,293.16508500604107,0.15
-2.392741928249889,198.73804960435552,-220.0672362987436,776.7335322065068,1.40029428346477e-06,776.7335308062125,388.3667654031062,388.36676680340054,211.64180425484835,0.05
-6.91591099013278,197.6539950607325,-220.87386807322025,3936.2871042938295,1.1444072036854315e-06,3936.2871031494224,1968.1435515747112,1968.1435527191184,1015.8501330318417,0.05
-4.109867981991922,198.43411731153503,-220.39714093867423,1504.843227320894,1.103444975396251e-06,1504.843226217449,752.4216131087245,752.4216142121694,401.4550736268166,0.05
-5.7908508958467575,198.1798829441477,-220.2602499964532,2795.0610754506924,1.403726554927906e-06,2795.061074046966,1397.530537023483,1397.5305384272094,739.9542584564153,0.05
5.025723445729667,196.82812507757905,-224.2578307047416,2085.8859558670106,1.6501970639570478e-06,2085.8859542168134,1042.9429771084067,1042.9429787586039,570.1842443003814,0.15
6.777414538342453,195.9957283050241,-225.1105311567904,3605.247607292696,1.61025332403357e-06,3605.2476056824426,1802.6238028412213,1802.6238044514748,991.9182982229645,0.05
3.26616319530482,197.44647729217235,-223.3224879737859,764.6725047277764,1.4018083276437602e-06,764.6725033259681,382.33625166298407,382.33625306479234,221.81409096934058,0.15
-0.6127548896423122,198.4567156266509,-220.99983434295132,755.781277646758,1.3475317982367592e-06,755.7812762992262,377.8906381496131,377.8906394971449,195.8855481071515,0.05
1.4158401389153514,197.99619561427,-222.1826418695195,627.7436022574301,1.4166627156268409e-06,627.7436008407674,313.8718004203837,313.8718018370464,166.64986815575094,0.05
-2.615126103778946,198.27704030346683,-221.2424108716884,747.6067567835725,1.3087659004885015e-06,747.6067554748065,373.80337773740325,373.8033790461692,193.70545350365677,0.05
-1.743512513647784,197.9654524894458,-222.2599357248193,803.3224384514665,4.883213672482613e-07,803.3224379631451,401.6612189815726,401.6612194698939,204.90819397188932,0.05
-3.730394780094819,197.95528741071848,-221.82882310523544,1108.622913290185,1.0928129740285255e-06,1108.622912197372,554.311456098686,554.3114571914989,283.23907539419355,0.05
-2.8811405563094934,197.76149588437428,-222.6296452369529,671.4150793676731,6.895335378509132e-07,671.4150786781396,335.7075393390698,335.7075400286033,168.19350297799122,0.05
-6.931077213745954,197.18840433572552,-222.21725667162664,4134.9219361473615,8.899418412972437e-07,4134.92193525742,2067.46096762871,2067.4609685186515,1029.1674041708377,0.05
-5.400374818283253,197.75866082388012,-221.64403019959337,2356.711542855273,9.398448397522116e-07,2356.711541915428,1178.355770957714,1178.355771897559,601.2193188325201,0.05
-7.166251226852316,196.71773283573785,-223.4854603234529,4558.964008109832,7.291158806698967e-07,4558.964007380717,2279.4820036903584,2279.482004419474,1103.3047375267736,0.05
-5.858762998658116,197.14137243857255,-223.18863125567137,2868.9933952229526,7.284415106809078e-07,2868.993394494511,1434.4966972472555,1434.496697975697,704.0746028734428,0.05
6.787193039059252,195.3227855977446,-227.0221629793419,3975.592267230418,1.2680602461040292e-06,3975.592265962358,1987.796132981179,1987.7961342492392,1036.779533005335,0.05
5.013665646321794,196.1738397485517,-226.2211996536692,2191.907643394628,1.3392643358208037e-06,2191.907642055364,1095.953821027682,1095.953822366946,609.9286619209829,0.15
3.270601778446518,196.8125154887379,-225.225813385966,849.9561877576888,1.1841002434301629e-06,849.9561865735885,424.97809328679426,424.9780944708945,249.6621986421301,0.15
1.4293412101045084,197.2738036074496,-224.30721952823205,772.708703013003,8.875092069630495e-07,772.7087021254937,386.35435106274684,386.3543519502561,202.35765390936857,0.05
-0.2988823280243509,197.70465873511623,-223.1262810025928,1002.7693985614112,1.0141068912719383e-06,1002.7693975473043,501.38469877365213,501.3846997877591,250.65763165579452,0.05
-2.028968793496615,197.5985520179725,-223.28683525819648,806.4598568461201,8.864873096947035e-07,806.4598559596328,403.2299279798164,403.22992886630374,196.82277816426983,0.05
-1.595582307926979,197.260968615722,-224.3826792995924,1028.1838201754492,4.92430637097825e-07,1028.1838196830186,514.0919098415093,514.09191033394,255.74741367173152,0.05
-4.229175854567644,197.4230539001933,-223.1913800482276,1198.792426047457,6.793738826674582e-07,1198.792425368083,599.3962126840415,599.3962133634154,292.26383126291853,0.05
-2.836563213101685,197.36368555814,-223.83008455723973,807.6590648503703,8.054663362564082e-07,807.659064044904,403.829532022452,403.82953282791834,194.87524778531113,0.05
-3.595825597236379,197.07118807601736,-224.52268520799373,563.1975845422779,5.666176900210553e-07,563.1975839756602,281.5987919878301,281.5987925544478,126.31048040682808,0.05
-7.432700634399951,196.3252603985262,-224.56976025196428,4454.7728071512,9.489340669022366e-07,4454.772806202266,2227.386403101133,2227.386404050067,1048.410204707402,0.05
-6.254552484234936,196.67079537973348,-224.4267690120316,3136.552331625626,6.966161514161328e-07,3136.5523309290097,1568.2761654645049,1568.276166161121,744.1426528341401,0.05
-4.968244041820765,196.93518266257155,-224.37048621777905,1787.7269242005425,6.456880230103646e-07,1787.7269235548545,893.8634617774272,893.8634624231153,428.19371141882647,0.05
-6.615281979192265,196.3084892938501,-225.4073152126735,3228.53002690542,1.0491251155377732e-06,3228.5300258562947,1614.2650129281474,1614.2650139772727,748.8849223067647,0.05
-5.476509036994824,196.54903581447883,-225.375744035572,1852.072842713732,8.991671322605703e-07,1852.0728418145648,926.0364209072824,926.0364218064495,430.7479937840967,0.05
6.8136944524291305,194.6161737068004,-228.9239132739106,4467.8335486919,1.1532618148960971e-06,4467.833547538638,2233.916773769319,2233.916774922581,1102.7877925164178,0.05
5.064623153862778,195.52561332400705,-228.11546950234188,2534.7571196656686,9.801744309517503e-07,2534.7571186854943,1267.3785593427472,1267.3785603229214,670.0422046564224,0.05
-7.688299749620378,195.98511373540225,-225.5790844753233,4731.965473808896,1.142284181427347e-06,4731.965472666611,2365.9827363333056,2365.98273747559,1086.4683920832256,0.05
3.3105860923017323,196.162745764086,-227.2242562949873,995.1947470941908,7.710827686887123e-07,995.194746323108,497.597373161554,497.5973739326368,290.97877625569885,0.15
1.401867189756496,196.68182488047964,-226.1651617011053,804.6422551967931,6.89422017424668e-07,804.6422545073711,402.3211272536856,402.32112794310757,218.39493360670386,0.05
-0.292842673067718,197.03455639307944,-225.1832849739724,1202.547002629582,5.968797352808413e-07,1202.5470020327023,601.2735010163511,601.2735016132309,297.1819112061831,0.05
-2.536492039015375,196.9845593568895,-225.0989830941545,878.5594068494171,6.793817439393567e-07,878.5594061700353,439.2797030850177,439.2797037643994,214.36500632140402,0.05
-1.6289013412404707,196.9288404366231,-225.4379840208537,1087.539520473512,6.562861645961314e-07,1087.539519817226,543.769759908613,543.7697605648991,268.85354788959984,0.05
-1.158565128167142,196.71508031644305,-226.1893420327512,1263.740405087742,5.129065488654812e-07,1263.7404045748353,631.8702022874177,631.8702028003243,309.1045834536652,0.05
-3.3552584888960677,196.79271679000533,-225.5119126996675,636.3972190451021,5.064498652949585e-07,636.3972185386523,318.19860926932614,318.198609775776,154.34030229765108,0.05
-4.249511668723139,196.7181209433317,-225.43211778948253,907.7738137521724,8.75060567554013e-07,907.7738128771118,453.8869064385559,453.88690731361646,204.82238374831627,0.05
-3.666890030225072,196.51133118712292,-226.37029223564835,640.459223514115,9.205712829858798e-07,640.4592225935437,320.22961129677185,320.2296122173432,144.21458607308486,0.05
-5.918596219257119,196.20293828388665,-226.3329502607385,2053.720527557316,1.12787841905414e-06,2053.7205264294375,1026.8602632147188,1026.8602643425972,469.298626211077,0.05
-4.8019865938694135,196.3796647586384,-226.3539428757891,994.031371204623,9.762791498080929e-07,994.0313702283439,497.01568511417196,497.0156860904511,227.0471064084316,0.05
-6.971546707814998,195.9883750596115,-226.3097315114354,3297.0367625037866,1.1998570401238175e-06,3297.0367613039293,1648.5183806519647,1648.518381851822,745.1707598008127,0.05
-7.952319934398258,195.6913688444485,-226.51280176942845,4635.185083679287,1.3186873476107714e-06,4635.1850823606,2317.5925411803,2317.5925424989873,1038.7080199490572,0.05
-6.397093333090281,195.9199184324985,-227.0777137172511,2295.9884525727125,1.3543851796903132e-06,2295.988451218327,1147.9942256091635,1147.994226963549,511.1139875469971,0.05
5.261586775448964,194.79033869792568,-230.0774478336345,3157.883807506744,6.789114234621231e-07,3157.8838068278324,1578.9419034139162,1578.9419040928276,779.9386529224154,0.05
6.835022679460586,193.86960162051344,-230.8102258535269,4948.051658766141,8.277522262622028e-07,4948.051657938389,2474.0258289691947,2474.0258297969467,1156.8347915886134,0.05
3.471915370468017,195.51394806707185,-229.1697411442323,1283.32407215262,5.177361208902673e-07,1283.3240716348837,641.6620358174418,641.6620363351781,373.8080398801554,0.15
-7.408871684736487,195.6744213960707,-227.20024995426468,3474.830362021334,1.386835077247314e-06,3474.830360634499,1737.4151803172495,1737.4151817040847,766.3606115901574,0.05
-8.255166342239304,195.43350296113147,-227.3475640229104,4604.060982832726,1.5027408666829811e-06,4604.060981329985,2302.0304906649926,2302.0304921677334,1007.2983999624754,0.05
1.4104512286068915,196.0563933358805,-228.20214326066537,805.0273874236156,4.898699910647917e-07,805.0273869337456,402.5136934668728,402.51369395674277,235.96631872961993,0.05
0.0133962156964032,196.54292200675005,-226.7777423956705,1207.3948676967957,6.342119713235835e-07,1207.3948670625837,603.6974335312918,603.6974341655039,301.83591415367164,0.05
-0.6682233778576092,196.1405866496065,-228.16617052569583,1391.5227115930684,8.501345169031386e-07,1391.522710742934,695.761355371467,695.7613562216014,342.9798262108109,0.05
-2.3327296967157563,196.6231000175342,-226.3432897170105,1062.294255402701,6.727380560947817e-07,1062.294254729963,531.1471273649815,531.1471280377195,259.3159112608194,0.05
-1.2598979312738174,196.453513512224,-227.06496926277248,1274.6990608142785,5.94044160983631e-07,1274.6990602202343,637.3495301101171,637.3495307041613,312.5898295485163,0.05
-5.391517655193312,196.03917981627603,-227.3013834371569,1165.6266057879654,1.2223252871882974e-06,1165.6266045656403,582.8133022828201,582.8133035051453,259.04517802143954,0.05
-3.20201133352509,196.31741496647123,-227.2056655088616,865.452235996065,7.729641394029361e-07,865.452235223101,432.7261176115505,432.72611838451456,208.85841189544192,0.05
-4.205711140710826,196.1911048413784,-227.31987276858797,601.633427079245,1.2859329428420188e-06,601.6334257933121,300.81671289665604,300.816714182589,127.30384765402603,0.05
-6.9254154447466405,195.6154945388767,-227.9280002601048,2501.433035280717,1.59065690889121e-06,2501.43303369006,1250.71651684503,1250.716518435687,541.4971023682639,0.05
-6.111870394012139,195.78628116424923,-227.84648440524623,1689.045162018482,1.7308592195638556e-06,1689.0451602876228,844.5225801438114,844.5225818746705,366.2571657332196,0.05
-6.289827354971903,195.62535159927236,-228.4101832870816,1639.398437490141,1.567499634230473e-06,1639.3984359226415,819.6992179613208,819.6992195288203,353.2256749018658,0.05
-5.483521319618377,195.7718265459835,-228.32584069760875,1033.434321698913,1.5442252884834013e-06,1033.4343201546876,516.7171600773438,516.7171616215692,217.66508438577517,0.05
3.823449730396253,194.81178078983967,-231.09937819180308,1973.0614227060817,4.298503857544476e-07,1973.0614222762313,986.5307111381156,986.530711567966,513.2724267603857,0.05
2.050359299285558,195.34761255285417,-230.3419558192058,802.2923575283181,4.96304074914272e-07,802.292357032014,401.146178516007,401.1461790123111,245.34890595960437,0.15
-7.779388869947269,195.42772232141385,-227.9482953983661,3512.5510339594207,1.4748768634570754e-06,3512.5510324845436,1756.2755162422718,1756.275517717149,758.8247186529262,0.05
-7.494808236665108,195.37774472456127,-228.49658070741413,2766.382944840242,1.72849200218786e-06,2766.38294311175,1383.191471555875,1383.191473284367,590.7035236484345,0.05
-8.550219617461694,195.21034597778052,-228.10663622119847,4246.359929021805,1.7135413881823566e-06,4246.359927308264,2123.179963654132,2123.1799653676735,906.7374102360933,0.05
0.1054357322305569,195.69055008348764,-229.68492862258867,1179.671879846497,6.109693676391107e-07,1179.6718792355275,589.8359396177638,589.8359402287332,312.31237271087053,0.05
-2.106316811997312,196.21848639202472,-227.79516708653244,1246.5074200832005,6.4451784003856e-07,1246.5074194386827,623.2537097193414,623.2537103638591,303.39373743499976,0.05
-1.4509529945948725,195.8156535103625,-229.3171137887349,1397.3881322234809,7.29001700491177e-07,1397.3881314944792,698.6940657472396,698.6940664762412,340.2676336136552,0.05
-3.449305329213121,196.02239515772607,-228.22280862834367,842.8903242513234,8.617179753253724e-07,842.8903233896054,421.4451616948027,421.44516255652064,208.78892707015714,0.05
-4.585296132411054,195.93162721386292,-228.14993312983796,674.7117376330714,1.2189892864901038e-06,674.7117364140821,337.35586820704106,337.3558694260303,145.11369279532323,0.05
-2.7305239727448702,195.81026684025497,-229.203688278274,1244.1002654862084,8.478357367519392e-07,1244.1002646383727,622.0501323191863,622.0501331670221,303.2472098580814,0.05
-4.024550241368531,195.72448400359943,-229.2080021334296,806.2235044685409,1.4502576808747965e-06,806.2235030182833,403.11175150914164,403.11175295939927,193.7127326438587,0.05
-6.879262294883995,195.42294982880648,-228.8651400223365,2099.1625719068966,1.5686721512949608e-06,2099.162570338224,1049.581285169112,1049.5812867377845,442.6773673837324,0.05
-7.595284835134606,195.25644524436055,-229.00075224964252,2596.986640547627,1.879904735587196e-06,2596.986638667722,1298.493319333861,1298.4933212137657,546.9825869970144,0.05
-6.005499374021233,195.5294431847776,-229.0491318708948,1233.2989913183017,1.7405321149464976e-06,1233.2989895777696,616.6494947888848,616.6494965294169,255.47113364602424,0.05
-5.028783761285355,195.64792054691463,-229.104246900892,751.2240329624888,1.4274278723307585e-06,751.2240315350609,375.61201576753047,375.6120171949583,158.35034754050744,0.05
0.7591077563974733,195.14760072029912,-231.4364214901509,944.6831032176614,8.339220673016765e-07,944.6831023837393,472.34155119186966,472.3415520257917,286.01895724064474,0.05
-8.930748704696901,195.00731005696133,-228.7209799237,4081.447230233456,1.8922832454628065e-06,4081.447228341173,2040.7236141705864,2040.7236160628697,857.8581671383829,0.05
-8.162098965276634,195.20736925966904,-228.6146345721725,3523.0949462092785,1.915008897808452e-06,3523.0949442942697,1761.5474721471348,1761.5474740621437,745.2069926670366,0.05
-8.059549519451666,195.08036718275625,-229.41203257660587,2910.843851007516,1.98635612656784e-06,2910.84384902116,1455.42192451058,1455.421926496936,605.6817078623576,0.05
-9.245580082319044,194.8616301996232,-229.1797640280637,4001.025946602461,1.9638964218480053e-06,4001.0259446385644,2000.5129723192822,2000.5129742831787,833.6169472751353,0.05
-9.518026165702423,194.75399420749244,-229.53711152004476,4016.009773091441,2.023992144729896e-06,4016.0097710674486,2008.0048855337243,2008.0048875577165,831.5400740350051,0.05
-0.9149334200033932,195.37870798438036,-230.91631518723864,1403.5274605853338,8.176421471346725e-07,1403.5274597676917,701.7637298838458,701.7637307014879,350.2007849290235,0.05
-2.341858200273031,195.47841614145008,-230.54514253787903,1388.0213921414622,1.0457205792611445e-06,1388.0213910957416,694.0106955478708,694.0106965935914,333.0929932477353,0.05
-3.5494999938645906,195.49077949315333,-230.31132184493163,1080.8045901678058,9.979577469922303e-07,1080.804589169848,540.402294584924,540.4022955828818,263.3393787784726,0.05
-4.746302255496464,195.44691105916115,-230.1173761897868,705.4915364785379,1.1445069109283374e-06,705.491535334031,352.7457676670155,352.7457688115224,167.41547943612053,0.05
-5.711344812734208,195.3859835542437,-229.91133128822895,910.4962794442058,1.5787772329262312e-06,910.4962778654286,455.2481389327143,455.2481405114915,180.24552128888593,0.05
-7.306169502754213,195.2074825596718,-229.55197463064857,2228.957137634092,1.7722557819670757e-06,2228.957135861836,1114.478567930918,1114.478569703174,462.26040620454637,0.05
-7.916455056532684,194.99602251785677,-230.0456118346385,2563.299510433196,2.096155075420436e-06,2563.2995083370406,1281.6497541685203,1281.6497562646755,525.8233043403627,0.05
-6.622239786010646,195.2969327621593,-229.70784556748697,1573.6888526745406,1.9319171054379844e-06,1573.6888507426236,786.8444253713118,786.8444273032288,324.79052371488973,0.05
-7.200945184326191,195.08820454973235,-230.3012593055392,1925.10719741036,2.0275311862624704e-06,1925.1071953828289,962.5535976914144,962.5535997189455,392.3061150946491,0.05
-6.468771300849514,195.1536805754492,-230.5818821817448,1297.3110899968729,1.9898594957414303e-06,1297.3110880070133,648.6555440035066,648.6555459933662,257.8381470968262,0.05
-8.614820782866873,194.98821196926676,-229.23928218103663,3502.0571783832784,1.978824171680057e-06,3502.0571764044544,1751.0285882022272,1751.0285901810512,728.9377787402167,0.05
-8.567234370899168,194.89124418210884,-229.85104789953172,3200.334507335008,2.0952376120679675e-06,3200.3345052397704,1600.1672526198852,1600.1672547151227,659.0547187083552,0.05
-9.112572824629863,194.8033462698728,-229.6902895419441,3638.285276255285,2.0588491043003942e-06,3638.285274196436,1819.142637098218,1819.1426391570672,750.4791194232558,0.05
-4.489647327888167,195.23071789406887,-231.2018900547937,894.1455521444765,1.369548804741587e-06,894.1455507749276,447.0727753874638,447.07277675701266,213.61253217526775,0.05
-5.534902284800013,195.21180343414787,-230.86743386589063,783.0834625545008,1.6347486441897515e-06,783.0834609197522,391.5417304598761,391.5417320946247,162.05488317876555,0.05
4.189279424405616,166.9935634823992,-231.40321405954484,1223.182077088735,1.7632128326874124e-06,1223.1820753255222,611.5910376627611,611.5910394259739,349.8239873711842,0.05
2.5023276682741638,166.04334477725033,-230.97890438096067,1235.5554736237314,1.7191662951738226e-06,1235.5554719045651,617.7777359522826,617.7777376714488,363.70836300497024,0.05
0.7678416191616013,165.18572434084578,-230.5513162325445,1335.4101109463984,1.655912403084128e-06,1335.410109290486,667.705054645243,667.7050563011554,388.34420697462247,0.05
-1.0197196430346085,164.44841571976784,-230.1144202722046,1741.1652528551938,1.5981693385344945e-06,1741.1652512570245,870.5826256285122,870.5826272266816,461.0989678477977,0.05
-2.864763430604805,163.8735338112474,-229.6622598087748,2430.3023596453945,1.604245735125834e-06,2430.3023580411486,1215.1511790205743,1215.1511806248202,584.3359719437148,0.05
-3.824492168654763,163.76392391486607,-230.9695919973248,2601.13570895724,1.307905671959062e-06,2601.135707649334,1300.567853824667,1300.5678551325727,593.3405517558551,0.05
13.450549677158795,178.68695745448957,-218.77967325874883,1854.9155773677765,3.7257802777968944e-06,1854.9155736419962,927.4577868209981,927.4577905467784,518.5028189038118,0.05
14.413885875006905,179.92832718185156,-217.6616546900344,1873.030746253828,3.982322882696284e-06,1873.0307422715052,936.5153711357526,936.5153751180754,583.2458888180281,0.15
13.682450520797392,178.2282098303995,-216.84697791464495,1309.7774942305305,3.702436216027839e-06,1309.7774905280942,654.8887452640471,654.8887489664834,439.1549797903275,0.05
14.915661973008604,181.71631276791024,-218.46190530638464,2864.3110532665123,4.715284898163845e-06,2864.3110485512275,1432.1555242756137,1432.1555289908986,850.2455727388292,0.15
14.599618293299544,181.68679563151437,-219.72854223908828,2959.0374403364326,4.268645779919491e-06,2959.037436067787,1479.5187180338935,1479.5187223025391,844.926756288047,0.05
15.06755093900154,183.58455439999992,-219.2150443250005,3443.267063740864,4.738832982662848e-06,3443.267059002031,1721.6335295010156,1721.6335342398486,1011.8183887477188,0.05
12.799381727538568,176.6008020742749,-216.0347713139564,1371.668537115882,3.390777901398239e-06,1371.668533725104,685.834266862552,685.8342702533299,433.7922119376719,0.05
11.81347132144614,175.02646837287486,-215.23606330713815,1480.859188482682,2.9214100890708778e-06,1480.859185561272,740.429592780636,740.429595702046,449.8210834893298,0.05
11.512814875773888,175.54039566191284,-217.29666463450337,1797.9298956151458,3.3047053216463467e-06,1797.9298923104404,898.9649461552202,898.9649494599256,473.49409817735074,0.05
14.23217416088984,180.39131071148083,-219.22791751921991,2333.74541423569,4.096068900216714e-06,2333.745410139621,1166.8727050698105,1166.8727091658795,669.528318707157,0.05
12.514172969799649,177.0454959400768,-218.06089848900496,1790.559553602562,3.429863470020562e-06,1790.5595501726984,895.2797750863492,895.2797785162127,477.10864283936894,0.05
11.560293528503523,175.80742228705395,-219.32828957028823,2536.4420431837248,3.168998788181104e-06,2536.442040014726,1268.221020007363,1268.2210231763618,648.2473133467292,0.05
12.566799247321672,177.29501787811236,-220.00910778031087,2484.007870778516,3.518987865529886e-06,2484.007867259528,1242.003933629764,1242.003937148752,647.1670697913777,0.05
13.507628876813737,179.02976814609892,-220.50769814400064,2421.561182917176,3.764908323268744e-06,2421.561179152268,1210.780589576134,1210.7805933410423,654.277712076485,0.05
14.139690686910193,180.65231973227156,-220.9437232359845,2763.6730386790464,4.012067165699249e-06,2763.673034666979,1381.8365173334896,1381.8365213455568,755.7803364087858,0.05
14.560562215961252,182.41508192042772,-220.91418132899165,3272.721782130577,4.531777514923265e-06,3272.7217775987997,1636.3608887993998,1636.3608933311773,905.2573027320085,0.05
8.357778004178398,171.30677857834857,-215.1247304360119,1569.616704531358,3.357103879375592e-06,1569.616701174254,784.808350587127,784.8083539442309,489.75906460994815,0.05
10.424151539081256,174.33069327909544,-218.61147760786915,2361.5648458202827,3.1794116379372277e-06,2361.564842640871,1180.7824213204356,1180.7824244998471,611.6081631563023,0.05
10.771108163429302,173.47731762049935,-214.4598043534972,1573.8996590172264,2.545527406900237e-06,1573.899656471699,786.9498282358495,786.9498307813769,485.0941758577033,0.05
9.4249583335519,172.66849858736737,-215.7503075157557,1686.0261563580823,3.0355507538282942e-06,1686.0261533225316,843.0130766612658,843.0130796968165,504.1600322573471,0.05
10.480975063052076,174.1067157061681,-216.52772168823395,1755.955157297294,3.1367703406059942e-06,1755.9551541605235,877.9775770802618,877.9775802170321,486.08845695230207,0.05
9.328169788278018,172.99128350369182,-217.9469843455484,2084.453782625716,3.1339430865278324e-06,2084.453779491773,1042.2268897458864,1042.2268928798296,560.1030682375556,0.05
5.275958475403656,168.4399665863538,-214.8714672971027,958.723086203428,4.114251079480877e-06,958.723082089177,479.3615410445885,479.36154515883953,323.6852594946471,0.05
12.877332457229516,177.58280319850917,-221.8811410301385,2880.8774518631294,3.567099475528614e-06,2880.87744829603,1440.438724148015,1440.4387277151145,759.6620994040109,0.05
13.681094717650094,179.32593111483106,-222.3298228635286,2862.0354437077544,3.880132614552908e-06,2862.0354398276218,1431.0177199138109,1431.0177237939436,756.8682984624231,0.05
13.29248214748006,177.95570031623353,-223.8234745814518,3116.859491281686,3.649065915300181e-06,3116.85948763262,1558.42974381631,1558.429747465376,807.9952914953712,0.05
11.818928874776768,175.860975455404,-221.4776004933812,3086.574091329166,3.343995187845762e-06,3086.574087985171,1543.2870439925855,1543.2870473365806,803.8390481977123,0.05
10.724765437235028,174.47919836658147,-220.7083048830216,2986.908173404004,3.2483221428342296e-06,2986.908170155682,1493.454085077841,1493.4540883261632,774.2377988293624,0.05
9.507560527149538,173.06976681904368,-220.0383458321417,2631.582544830825,3.1432453053304163e-06,2631.5825416875796,1315.7912708437898,1315.7912739870353,688.4955260448692,0.05
14.189226188641523,181.15224482352832,-222.5840318148772,3029.2091544033065,4.03914430532983e-06,3029.2091503641623,1514.6045751820811,1514.6045792212253,800.4808419104347,0.05
13.894485863535218,179.8220813020863,-224.22325981240945,3133.6841806794746,3.7017497993485697e-06,3133.6841769777247,1566.8420884888624,1566.8420921906122,796.4576168464797,0.05
8.22526001771812,171.66591202666024,-217.17309037801948,1835.3247787052835,3.177739545148032e-06,1835.324775527544,917.662387763772,917.6623909415115,520.0885709717323,0.05
7.239958437641676,170.48415414535484,-216.28405933327247,1525.275864554979,3.336210608471368e-06,1525.2758612187686,762.6379306093843,762.6379339455948,448.55929555621793,0.05
8.284020312771478,171.74240634710614,-219.3065206457222,2176.029617819349,3.11718700934344e-06,2176.029614702162,1088.014807351081,1088.014810468268,584.4303007446991,0.05
13.621597440891335,178.44417854317857,-225.83070389466587,3314.490552266567,3.560574203553973e-06,3314.490548705993,1657.2452743529966,1657.2452779135706,819.1185429566283,0.05
12.914351048379144,176.5159210486326,-225.394713336854,3358.435363461316,3.4389977673888763e-06,3358.435360022318,1679.217680011159,1679.2176834501568,857.0602004051694,0.05
12.333678472157557,176.08958860380022,-223.45403879137484,3290.488588606993,3.408409342755261e-06,3290.4885851985837,1645.2442925992918,1645.244296007701,862.4178801253887,0.05
11.888554545330624,174.7605477734636,-224.94073606154805,3337.752614774981,3.2298297219818367e-06,3337.752611545151,1668.8763057725755,1668.8763090024054,872.7274536862893,0.05
12.490620076984657,175.08382504696408,-226.98306624169,3412.4530398477887,3.2535998885263006e-06,3412.4530365941887,1706.2265182970943,1706.2265215506943,852.4470317284241,0.05
13.309171528184269,177.03696128757193,-227.4005061073077,3479.761929114724,3.384615127788125e-06,3479.761925730109,1739.8809628650545,1739.8809662496694,836.8102382014578,0.05
12.876213427054182,175.61719352655714,-228.9294996960122,3672.033957413009,3.125763367605086e-06,3672.0339542872457,1836.0169771436229,1836.016980269386,861.9190209815586,0.05
6.852496591277974,170.26488797410337,-218.4017186967587,1691.677133628258,3.330340193342974e-06,1691.6771302979178,845.8385651489589,845.838568479299,468.37454103583394,0.05
5.905306843466954,169.24500496495548,-216.47684322264723,1254.3331952665649,3.761651619770036e-06,1254.3331915049132,627.1665957524566,627.1665995141083,345.1497419721416,0.05
4.415101472863485,168.0657714753948,-216.79685281551463,1283.4651173813345,4.0256782159659984e-06,1283.4651133556563,641.7325566778281,641.7325607035064,379.06953513580766,0.05
3.637561676605829,167.52096921199197,-218.72768105182243,1424.432671529378,3.786566093661524e-06,1424.4326677428119,712.2163338714059,712.2163376579721,425.81578330684613,0.05
5.224237920059508,168.74157451861183,-218.61647847193345,1186.326248705188,3.539781663050509e-06,1186.3262451654064,593.1631225827032,593.1631261224848,328.69416551396995,0.05
11.4217259688168,173.45987133814523,-226.56675424994003,3244.9172457212567,3.0840995163839327e-06,3244.917242637157,1622.4586213185785,1622.4586244026782,836.3215447130069,0.05
11.043619431240646,174.2849614901014,-222.86579149149523,3300.1127843767576,3.1640961873774893e-06,3300.1127812126615,1650.0563906063308,1650.056393770427,868.6234259506629,0.05
9.847012438566848,173.0979986706832,-221.69466971991125,2988.0528193873683,3.254313651586842e-06,2988.052816133055,1494.0264080665274,1494.026411320841,787.4057446887603,0.05
10.017192419209175,172.8198147933786,-223.20974511392225,3044.666688986314,3.0621744874854955e-06,3044.6666859241395,1522.3333429620698,1522.3333460242443,812.0800563136079,0.05
9.288117581993944,172.15115349852454,-222.6144534330724,2740.4894970920604,3.049830180920674e-06,2740.4894940422305,1370.2447470211152,1370.2447500709452,739.2474591913236,0.05
9.485239549084111,171.87466791236267,-224.1429112130557,2766.437347766156,3.049965629339701e-06,2766.4373447161906,1383.2186723580953,1383.2186754080608,749.148086805249,0.05
8.631008440684038,171.79334611906722,-221.2283977599884,2504.2704047073967,3.010697613811677e-06,2504.270401696699,1252.1352008483495,1252.1352038590471,671.6497006749477,0.05
10.724909383521815,172.15181527711613,-227.99382278358863,2904.79481665703,2.8807385035226797e-06,2904.7948137762914,1452.3974068881457,1452.3974097688842,738.2283847726331,0.05
10.087227886667806,171.93887425605513,-226.05280436722705,2742.405668876581,2.9520345662517624e-06,2742.405665924546,1371.202832962273,1371.2028359143078,732.8361318531088,0.05
9.27428859197707,170.74900335930988,-227.3063282386818,2251.7093291959523,2.6931239676550965e-06,2251.7093265028284,1125.8546632514142,1125.854665944538,605.4675724436905,0.05
7.413191348493129,170.55531855982454,-220.88888194836449,1965.4891445364392,3.290319395759609e-06,1965.4891412461197,982.7445706230599,982.7445739133793,544.4983075667024,0.05
8.183718727435197,170.83915036790552,-222.97070518563464,2258.45119964825,3.015391967087992e-06,2258.4511966328582,1129.2255983164291,1129.225601331821,626.6473089266581,0.05
8.65870989597641,170.66755756828104,-225.25180277684723,2232.09392320639,2.8944079872293948e-06,2232.0939203119824,1116.0469601559912,1116.046963050399,620.2263986909521,0.05
10.731883629757696,173.18998378917036,-224.68061344065768,3141.211172537732,3.1370659272408133e-06,3141.211169400666,1570.605584700333,1570.605587837399,835.0545285423372,0.05
12.260778372056354,174.21219039589676,-230.4078588289153,3714.155519228111,2.8697338452470423e-06,3714.1555163583776,1857.0777581791888,1857.0777610489224,852.5295767571786,0.05
11.195216334446645,172.42593801601325,-229.9259451211434,3288.8151801513263,2.771480640815426e-06,3288.815177379846,1644.407588689923,1644.4075914614034,782.368247281357,0.05
10.183416410042588,171.21773298075638,-231.3519768912568,2910.4832447441117,2.46548060398073e-06,2910.483242278631,1455.2416211393156,1455.2416236047961,677.6867237031308,0.05
2.846530989460488,166.841928874993,-220.6270824279096,1596.1357850778456,3.5263927824692843e-06,1596.135781551453,798.0678907757265,798.0678943021192,479.99384830518795,0.05
4.505522772894464,167.9803898933506,-220.6432432434781,930.3185521861324,3.3886744892491784e-06,930.3185487974579,465.15927439872894,465.1592777874034,304.388741936613,0.05
5.99266961395455,169.23142382952864,-220.59142545257737,1406.838963332625,3.264631135746863e-06,1406.8389600679939,703.4194800339969,703.4194832986282,404.2601398559971,0.05
6.903727451844341,169.65382325150657,-222.70181371394764,1685.8702925585078,3.0933211287438564e-06,1685.8702894651867,842.9351447325934,842.9351478259144,489.196890983945,0.05
3.799399329923865,167.187072544177,-222.6495920649683,945.8211635832058,3.134799880514994e-06,945.821160448406,472.910580224203,472.9105833590028,316.8592660606084,0.15
5.454224687542557,168.38919794487657,-222.7553300381217,1040.1742095513257,3.122935045992782e-06,1040.1742064283906,520.0871032141953,520.0871063371304,343.18879986279075,0.05
6.151456075974529,168.7035213118026,-224.05299291912797,1261.1672385099475,2.8266330823119374e-06,1261.1672356833144,630.5836178416572,630.5836206682903,394.4890827946249,0.05
4.72653874114525,167.56734083435367,-224.352200719212,958.1688918320224,2.881350395182636e-06,958.168888950672,479.084444475336,479.0844473566864,313.2953728760686,0.15
2.016740709676975,166.13175965472797,-222.506551093406,1819.65193721517,3.189722839301428e-06,1819.6519340254472,909.8259670127236,909.8259702024463,532.0433077014843,0.05
7.380620060894317,169.600342804971,-224.75244382587957,1692.4246913063682,2.935782027915975e-06,1692.4246883705862,846.2123441852931,846.2123471210751,495.5218954952982,0.05
6.120657584545899,168.30814030142258,-226.06138032248583,1234.680976152405,2.67590470604186e-06,1234.6809734765004,617.3404867382502,617.3404894141548,376.6995091177376,0.05
7.824839903111039,169.54646974819266,-226.75905117997848,1682.7689233388537,2.646750120316505e-06,1682.7689206921036,841.3844603460518,841.3844629928019,480.56702979302963,0.05
8.309606925023562,169.61973852489987,-228.85048529948,1772.8094495710543,2.485858881894038e-06,1772.8094470851954,886.4047235425977,886.4047260284566,476.2778198067904,0.05
11.94292647169332,173.73475056506095,-228.47736186126,3414.9372951719456,2.982144736710941e-06,3414.9372921898007,1707.4686460949004,1707.4686490770453,830.5057033909137,0.05
2.9959071134338657,166.46640063064132,-224.21357470510455,1163.336408587635,2.8451977199460936e-06,1163.3364057424374,581.6682028712187,581.6682057164164,370.1512367585711,0.15
9.805991798240814,170.90115168541627,-229.39209214734345,2437.2501988380623,2.53204929442449e-06,2437.250196306013,1218.6250981530065,1218.6251006850557,611.6045104246635,0.05
8.714804324790723,169.8579572424305,-230.87806157991977,2022.151108295831,2.321224342098448e-06,2022.1511059746065,1011.0755529873032,1011.0755553085277,498.696542945767,0.05
7.146804484209182,168.6777746983256,-230.35269617877287,1520.9597598687249,2.1640832229543004e-06,1520.9597577046416,760.4798788523208,760.4798810164041,401.4767819531736,0.05
4.155285411077461,166.95336773526918,-226.044752395967,1150.5588432847842,2.571348118962392e-06,1150.558840713436,575.279420356718,575.2794229280662,352.71482681427835,0.05
4.986452940785602,167.3052073350259,-227.90973018452675,1368.0029903651105,2.3984103816891253e-06,1368.0029879667002,684.0014939833501,684.0014963817604,379.20549312143373,0.05
2.108334447732025,165.80038314077655,-225.84301058769807,1437.8627929203528,2.587589299333576e-06,1437.8627903327636,718.9313951663818,718.931397753971,424.88768552903935,0.05
1.083626195340593,165.45482783545694,-224.2497525582393,2017.0568732152635,2.8292104897072083e-06,2017.056870386053,1008.5284351930266,1008.528438022237,569.0356886482442,0.05
0.0900490526698404,164.85001570385225,-226.20487696101443,2059.309332867783,2.394175123827912e-06,2059.3093304736076,1029.6546652368038,1029.654667630979,560.0666008559012,0.05
1.5704044382575175,165.43290367290714,-227.50751975534203,1556.6406859369868,2.203857494680581e-06,1556.6406837331292,778.3203418665646,778.3203440704222,444.02982950554684,0.05
6.749138778833067,168.47170298642993,-228.3192331884133,1453.1565407039382,2.422811783873132e-06,1453.1565382811264,726.5782691405632,726.578271563375,403.74974337410134,0.05
5.490145821285489,167.58054330913492,-229.84411597757477,1469.7374392797444,2.1377557889716186e-06,1469.7374371419887,734.8687185709944,734.8687207087501,391.6634135100172,0.05
0.1962264920820951,164.82440798923972,-228.45150680588293,1684.4663752716117,1.9681290478320543e-06,1684.4663733034827,842.2331866517413,842.2331886198704,464.14376346663795,0.05
-1.547541251704159,164.20140489326593,-227.8877992745807,2204.332341301678,2.004105342694037e-06,2204.3323392975726,1102.1661696487863,1102.1661716528915,565.5775297165105,0.05
3.775431969627596,166.56200370033082,-229.47999704986705,1447.5371762955804,2.021412127344689e-06,1447.5371742741681,723.7685871370841,723.7685891584963,394.07114362556285,0.05
1.966894716730163,165.619156783837,-229.18617546616912,1404.3913416009775,1.997707907389619e-06,1404.3913396032697,702.1956698016348,702.1956717993427,399.7683881083633,0.05
3.1427563475446307,166.22981202036453,-227.60326931503573,1330.7357404246532,2.2680545095733278e-06,1330.7357381565987,665.3678690782993,665.3678713463538,378.60184801281866,0.05
14.609466806743397,184.7712038653274,-220.9558008485957,2826.345322865049,4.136181897507224e-06,2826.3453187288674,1413.1726593644337,1413.1726635006155,820.1914383824386,0.05
14.382381157099896,182.83985773163133,-222.48410560045969,2909.197825807643,4.07970679229544e-06,2909.197821727936,1454.598910863968,1454.5989149436748,789.3075592452666,0.05
14.207420765185798,184.44946427847583,-223.0627320450618,2313.942127621064,3.795315509906965e-06,2313.9421238257487,1156.9710619128743,1156.9710657081898,654.1453400772422,0.05
14.04166932721808,185.86300299186104,-222.7256956995895,1840.6275176938432,3.5940407008376293e-06,1840.6275140998025,920.3137570499013,920.3137606439419,563.893227950147,0.05
13.78374959575326,185.20833207660849,-224.49578657506905,1639.1087968488046,3.2882594869593187e-06,1639.108793560545,819.5543967802726,819.554400068532,489.6948941838885,0.05
13.362183888420256,186.8736573598356,-224.50386416798108,1285.6039059178756,3.094975246341888e-06,1285.6039028229004,642.8019514114502,642.8019545064254,422.164888811914,0.15
14.140349696665655,181.81648104717684,-224.287925884654,2879.102222034968,3.753036075590496e-06,2879.1022182819315,1439.5511091409658,1439.551112894002,740.4541703820339,0.05
13.908224551662205,180.42638744374597,-226.0704140277732,2963.985461086249,3.4733947523791308e-06,2963.985457612854,1481.992728806427,1481.992732279822,724.7500002790429,0.05
14.066359648435457,183.40476100563592,-224.4789521468689,2345.2316318282105,3.571369524937705e-06,2345.231628256841,1172.6158141284204,1172.6158176997901,623.804825716767,0.05
13.560309843487737,184.14516450029336,-226.41004044989035,1591.4877771991494,2.7898936994328142e-06,1591.4877744092557,795.7438872046279,795.7438899945215,443.84113886870824,0.05
13.150393580731617,185.9843351522017,-226.2925770843453,1204.5723343761922,2.72670025340725e-06,1204.5723316494918,602.2861658247459,602.2861685514463,377.1655128433057,0.05
12.579349349087128,187.8085777284031,-226.28188776567671,1248.8670620090195,2.379657993325108e-06,1248.8670596293614,624.4335298146807,624.4335321943388,386.35197333363175,0.05
13.65264191934162,178.98471650483282,-227.7449737619592,3218.47648429095,3.2237954696424266e-06,3218.4764810671545,1609.2382405335773,1609.2382437573726,758.4854108187366,0.05
12.951431215497182,184.9108102451799,-228.00319704943388,1166.0700831082515,2.3154775092315256e-06,1166.070080792774,583.035040396387,583.0350427118645,347.84862206324897,0.05
12.404638319039035,186.6399331564652,-228.1289422149002,1172.297372460578,2.1162739186971314e-06,1172.297370344304,586.148685172152,586.1486872884259,343.00943353443796,0.05
11.600348595703965,187.2875976018805,-229.79775696079312,1208.1774915598037,1.5784828659581575e-06,1208.1774899813208,604.0887449906604,604.0887465691433,325.46840158097694,0.05
12.192438245773277,185.4087809871476,-229.82421818041263,1113.916957971148,1.7794449867660782e-06,1113.9169561917029,556.9584780958514,556.9584798752965,317.89623221937575,0.05
11.709260997200923,188.6690799260004,-228.0568945020003,1511.7925638016889,1.7478057083122523e-06,1511.792562053883,755.8962810269416,755.8962827747473,413.4051610876463,0.05
10.838281525079328,189.40459726277624,-229.70183462515016,2011.963600736088,1.482041076664316e-06,2011.9635992540468,1005.9817996270234,1005.9818011090646,506.0568574014759,0.05
13.863849897246164,182.3021797906392,-226.21350723114605,2404.733555493233,3.3507729104286333e-06,2404.7335521424598,1202.3667760712299,1202.366779422003,602.2702160437333,0.05
13.617358158665224,181.05892357290932,-228.03867973899412,2416.58541403154,2.7858507467368824e-06,2416.585411245689,1208.2927056228446,1208.2927084086955,579.9733329552308,0.05
13.353302218172695,182.93286945374047,-228.1371613956605,1616.5360851747807,2.5583665881509835e-06,1616.5360826164142,808.2680413082071,808.2680438665736,420.89342744373556,0.05
12.766832001090194,183.8808763032741,-229.3888526874392,1072.1101994295536,2.022511133292795e-06,1072.1101974070425,536.0550987035213,536.0551007260324,315.95302348638563,0.05
12.964536203455689,181.86156852379892,-230.07073890204484,1519.2198220115183,2.203913302764885e-06,1519.219819807605,759.6099099038025,759.6099121077158,385.3338857413575,0.05
13.286089319305727,177.5092008067965,-229.4591266164812,3413.1374537964098,2.9422264108479844e-06,3413.1374508541835,1706.5687254270917,1706.568728369318,783.0213453793941,0.05
12.73376384594618,175.99764351663134,-231.0968441538186,3617.5764891160256,2.7106706689969663e-06,3617.576486405355,1808.7882432026774,1808.7882459133482,807.8106471355928,0.05
12.077541453067932,183.79489458756137,-231.24887340507087,932.7740164276456,1.516071513279999e-06,932.7740149115741,466.38700745578706,466.38700897185856,267.5742444969544,0.2
13.278592323521185,179.5658342388104,-229.8962392367395,2647.2622043891765,2.5674641667475585e-06,2647.2622018217126,1323.6311009108563,1323.6311034783203,607.8203232514317,0.05
11.437041669071638,185.89334236866856,-231.3304266544459,1070.0695681006166,1.3465347474352435e-06,1070.069566754082,535.034783377041,535.0347847235756,271.4679588143987,0.2
10.74412563461182,187.9935722219435,-231.32442096483643,1311.6948528563155,1.147955673022629e-06,1311.69485170836,655.84742585418,655.8474270021355,333.38678760283716,0.05
9.899727345415592,190.06693113381544,-231.3411573179887,2981.9300154187517,9.894229313406812e-07,2981.930014429329,1490.9650072146644,1490.9650082040873,697.6973400856738,0.05
16.575536294103234,180.99861871799916,-214.7674978499087,3046.8607750148567,5.136009707638045e-06,3046.860769878847,1523.4303849394234,1523.4303900754333,826.1158821004955,0.15
16.644029996248303,182.9668946622104,-215.4508630882399,3701.9066125270015,5.566503943140247e-06,3701.9066069604974,1850.9533034802487,1850.9533090467528,1051.094731883537,0.15
15.655072533411994,181.43846340581155,-216.5039346125237,2877.566477460065,4.666043052071929e-06,2877.566472794022,1438.783236397011,1438.783241063054,809.1623575902843,0.15
14.189926521084448,177.5087470854007,-215.03969723677835,1882.0119135113985,3.827401793162446e-06,1882.0119096839967,941.0059548419983,941.0059586694001,559.4060383990862,0.1
15.17705669030684,179.28006446234104,-215.48836396463048,2091.98975103799,4.34374880374435e-06,2091.989746694241,1045.9948733471206,1045.9948776908695,590.9950909548774,0.15
15.761886688872083,183.36999945657317,-217.28273802165484,3610.3907854378745,5.168345650061178e-06,3610.390780269529,1805.1953901347645,1805.19539530311,1043.2342462014824,0.15
10.32573033376345,193.69734489302203,-223.80033390074576,3639.5615904440137,2.874609251858654e-06,3639.5615875694043,1819.7807937847022,1819.7807966593116,1008.8837943335244,0.05
9.791831708144928,194.68409908247872,-222.9214468795093,3963.130779838989,3.076892450215736e-06,3963.1307767620965,1981.5653883810483,1981.5653914579407,1125.0632618630623,0.05
10.789085137701004,193.59562976200075,-222.5939194030003,3230.093074735257,3.072912961647488e-06,3230.093071662344,1615.046535831172,1615.0465389040849,920.3453309488679,0.05
11.039836655621777,192.66562597846035,-223.83046661180063,2988.2157616755726,2.843413894966739e-06,2988.215758832159,1494.1078794160794,1494.1078822594932,828.675947318763,0.05
9.270510902638126,194.60102414692165,-224.4939632839429,4367.765069857885,2.538521283403407e-06,4367.765067319363,2183.8825336596815,2183.882536198203,1194.714315852422,0.05
8.484287954354846,195.74294590833588,-223.15739870731016,4368.5375723963125,3.0348513928310886e-06,4368.5375693614615,2184.2687846807307,2184.2687877155818,1211.896454404677,0.15
7.953976195874335,195.60100766517243,-224.5251911415614,4336.178187410853,2.2549952008920984e-06,4336.178185155858,2168.089092577929,2168.089094832924,1195.3778705359132,0.05
10.25730453217994,193.1558718471677,-225.2505799278636,3689.113498399336,2.5793445453485305e-06,3689.1134958199914,1844.5567479099957,1844.5567504893404,989.1089513417132,0.05
8.023850161867266,195.0157086260223,-226.0157061073588,4812.311907954871,1.974118061175216e-06,4812.311905980752,2406.155952990376,2406.1559549644944,1273.5508713045388,0.05
11.298637967381078,191.54203193380312,-225.17922090703237,2605.612439932894,2.5700837822266724e-06,2605.6124373628104,1302.8062186814052,1302.806221251489,708.4493489368045,0.05
9.254618185826311,193.80109413113752,-226.5160739877368,4564.478286635861,2.029899102200302e-06,4564.478284605962,2282.239142302981,2282.23914433288,1187.1575894692864,0.05
8.148528744023425,194.2331672945648,-227.82496726182052,4881.002800091654,1.6204125248863682e-06,4881.0027984712415,2440.5013992356207,2440.501400856033,1231.3110301369134,0.05
11.536119228392945,190.16641986893276,-226.61807442676692,2029.8873830587013,2.2185701574436944e-06,2029.887380840131,1014.9436904200655,1014.9436926386358,549.718916864094,0.05
10.354931996038705,192.09078574335928,-227.1232268423473,3519.851394498803,2.170332561575604e-06,3519.8513923284704,1759.9256961642352,1759.9256983345679,904.9602760001655,0.05
9.221399471033694,193.05541903946724,-228.25529318329444,4601.737295270359,1.7539794918718964e-06,4601.737293516379,2300.8686467581897,2300.8686485121693,1145.7109474699905,0.05
8.161502850448073,193.48158566414853,-229.58612261545932,5089.810516938079,1.4598208306136355e-06,5089.810515478258,2544.905257739129,2544.90525919895,1227.8889349638025,0.05
9.10353284689452,192.3992099436508,-229.815290591292,4647.323019221738,1.4536110530970616e-06,4647.323017768127,2323.6615088840636,2323.6615103376744,1111.7030147615403,0.05
9.895920495047068,191.86948274934483,-228.78915251044867,3806.529408253288,1.7837767460760971e-06,3806.529406469511,1903.2647032347554,1903.2647050185324,939.5102309422552,0.05
9.996666731784336,191.0025742883873,-229.89448751408577,3409.1982310064777,1.3675227314137284e-06,3409.198229638955,1704.5991148194776,1704.5991161870002,817.124502353684,0.05
10.81721669793745,190.50615912665356,-228.34233664239804,2593.0417602170523,1.610715682071464e-06,2593.0417586063368,1296.5208793031684,1296.520880913884,655.9569149709996,0.05
8.087400298185107,192.78038565962655,-231.22007442237404,5347.260668093586,1.1281762518573735e-06,5347.26066696541,2673.630333482705,2673.630334610881,1232.1636841687337,0.05
9.02714382581224,191.5541692841463,-231.41900524245332,4503.168711630084,9.76121744328719e-07,4503.168710653962,2251.584355326981,2251.5843563031026,1033.3951043477214,0.05
8.862213240597843,197.9868818137092,-215.2344179800764,3001.057718149679,4.670903350341089e-06,3001.057713478776,1500.528856739388,1500.5288614102913,816.5157281398106,0.15
8.701059106259624,197.65433255891384,-217.0130357093555,3487.021298040106,4.305979048939122e-06,3487.021293734127,1743.5106468670635,1743.5106511730426,943.7715358048642,0.15
10.259068885044748,196.9478659780852,-214.7061833898684,2811.7014241606807,4.748499490618242e-06,2811.701419412181,1405.8507097060906,1405.8507144545902,785.3567421693739,0.15
9.857641854219406,197.002467355875,-216.00820283857323,3156.5188178910457,4.637556673170085e-06,3156.518813253489,1578.2594066267445,1578.2594112643012,872.2285416284382,0.15
11.221772069398275,195.65992832773927,-215.79536110545436,2623.61586481124,4.38842902498034e-06,2623.6158604228112,1311.8079302114056,1311.8079345998344,758.3659819800324,0.15
12.5962178824969,194.23175852866555,-214.8028349774763,1966.5874478740584,4.615843914542505e-06,1966.5874432582145,983.2937216291073,983.2937262449511,612.0082179016954,0.15
12.333846853194435,194.01794803410263,-216.39514148003545,2044.3051168402533,4.290351916360884e-06,2044.3051125499014,1022.1525562749507,1022.1525605653026,643.3153654356488,0.15
10.10606229394924,196.29081299509403,-217.66369933752225,3396.7812255616795,4.067011186626252e-06,3396.7812214946684,1698.3906107473342,1698.3906148143453,948.5931167095538,0.15
8.57847279932156,197.24256004029945,-218.6680953258262,3894.692644126636,4.0242275968150855e-06,3894.6926401024084,1947.3463200512042,1947.3463240754318,1057.3722449324555,0.15
13.562268289601429,192.4262656570009,-215.7064355940004,1687.819015508379,4.411817791789182e-06,1687.819011096561,843.9095055482805,843.9095099600984,552.2725826997272,0.05
12.697565890078574,192.9681253083564,-217.5591001158684,1988.0469079023903,4.094757109687065e-06,1988.0469038076333,994.0234519038166,994.0234559985737,628.317679813483,0.05
11.395439064594497,194.65453597671527,-218.10951844187943,2649.787610242532,4.072574074247605e-06,2649.787606169958,1324.893803084979,1324.893807157553,789.2665490027233,0.15
11.932780539355829,193.35616178180348,-219.4065251844764,2381.8380809935143,3.763851485043774e-06,2381.8380772296628,1190.9190386148314,1190.919042378683,727.6317596702377,0.05
10.702370880439537,194.74360601123436,-220.1362493729691,3191.706991925388,3.7012177579348353e-06,3191.7069882241703,1595.8534941120852,1595.853497813303,928.3836907278136,0.15
8.324241689637134,196.8261892580656,-220.42511285805384,4190.718772403554,3.5420809854162518e-06,4190.718768861473,2095.3593844307366,2095.3593879728173,1142.4612790259941,0.15
9.938340985072184,195.9182519796488,-219.2667470948533,3711.0050450079766,3.924857280472933e-06,3711.0050410831195,1855.5025205415598,1855.5025244664168,1038.1836869852461,0.15
9.46574207056331,195.6148524788152,-221.3465276188905,4078.420659207629,3.505305278339877e-06,4078.4206557023235,2039.2103278511618,2039.2103313564671,1141.485644066632,0.15
10.470686306097594,194.4095581948364,-221.66040718022785,3428.52351131195,3.434714634474081e-06,3428.5235078772357,1714.2617539386179,1714.2617573733323,994.4617678848182,0.15
11.300183850518009,193.54001089184635,-221.0872107223533,2820.4926988715565,3.5398254877660733e-06,2820.492695331731,1410.2463476658654,1410.246351205691,832.2047298086613,0.05
8.016001010336037,196.52814618682007,-221.81962080154457,4211.5347414554935,3.247620388879055e-06,4211.5347382078735,2105.7673691039367,2105.767372351557,1152.490857968041,0.15
14.59378520198353,191.33842159837187,-214.4208004369877,1634.96387371153,4.6836481785901046e-06,1634.9638690278816,817.4819345139408,817.4819391975891,521.5175702752854,0.25
14.253039290230438,190.77395030032227,-216.4817473375501,1852.6791451487145,4.343843002643853e-06,1852.6791408048714,926.3395704024357,926.3395747462788,586.2005107223566,0.05
15.206457543490206,189.6130578137849,-215.3553832906374,1945.0474444846143,4.7036871259937324e-06,1945.047439780927,972.5237198904636,972.5237245941507,627.9944701775821,0.05
16.396432943169483,184.58197717938145,-216.0184267195602,3730.3460076129577,5.46067848684789e-06,3730.346002152279,1865.1730010761396,1865.173006536818,1088.093950075557,0.15
16.7203403120992,186.30589292991212,-214.6810934481706,3100.263907982784,5.161195951594455e-06,3100.263902821588,1550.131951410794,1550.13195657199,939.1424689928552,0.15
15.615111446053684,187.948061826838,-216.1010426727564,2446.116513034663,4.845712143474791e-06,2446.116508188951,1223.0582540944754,1223.0582589401877,776.2716761097286,0.05
15.75337809633996,186.136939233006,-217.00758879335348,3153.015430923072,4.886883091104951e-06,3153.0154260361887,1576.5077130180944,1576.5077179049777,953.1873908098393,0.15
15.69759768777852,184.67969456780804,-217.563048378341,3587.654267232053,5.016086061643367e-06,3587.654262215967,1793.8271311079834,1793.8271361240695,1057.997271210708,0.15
14.777916294810632,189.0502625447845,-217.23387519616472,2170.9413379132484,4.497673456434875e-06,2170.9413334155747,1085.4706667077874,1085.470671205461,678.5560144715292,0.05
15.114021507572236,187.26437434008488,-217.9472565115942,2612.791227703175,4.513785222976555e-06,2612.7912231893897,1306.3956115946949,1306.3956161084802,806.3072086120907,0.05
15.23061927249423,185.43230973580052,-218.61115068304932,3152.272432267672,4.575410215189508e-06,3152.2724276922618,1576.1362138461309,1576.136218421541,947.1862520465344,0.15
13.479715465035504,191.63631168736885,-217.49843794610587,1861.715357283963,4.117007181342505e-06,1861.7153531669558,930.8576765834779,930.857680700485,581.1333170303765,0.05
13.858153485623443,190.4437783190114,-218.20061942137315,1970.2809731642983,4.157235122970679e-06,1970.2809690070633,985.1404845035316,985.1404886607667,608.739793060776,0.05
14.312491666144616,188.81631173942495,-218.85630950267185,2161.148376921873,4.14426892356564e-06,2161.148372777604,1080.574186388802,1080.574190533071,668.8819297362647,0.05
14.82360523241296,185.47148266774656,-219.83535868435052,2853.192821768073,4.38022994787525e-06,2853.1928173878428,1426.5964086939214,1426.5964130741515,853.9275502974468,0.05
14.279416377408763,186.4770117789694,-221.19255050768936,2160.42581673746,3.877506392320128e-06,2160.4258128599536,1080.2129064299768,1080.2129103074833,662.2893005791537,0.05
14.689243800412989,186.95696094892224,-219.3759246260362,2468.823109169822,4.122592666159545e-06,2468.8231050472295,1234.4115525236148,1234.4115566462074,754.7646053083389,0.05
13.726259706675805,188.6287662053423,-221.000475036474,1816.2330461480235,3.667619477967668e-06,1816.233042480404,908.116521240202,908.1165249078215,578.5603521028416,0.05
13.423304846096205,190.31187875106744,-219.7979924508813,1959.5008820932032,3.8092648297292665e-06,1959.5008782839384,979.7504391419692,979.750442951234,600.4010006016834,0.05
12.670779309537872,190.7565795526147,-221.69317018040127,1931.8797345443024,3.2664520814677952e-06,1931.8797312778504,965.9398656389252,965.9398689053772,579.2291032640559,0.05
12.972734242490183,191.7813701201377,-218.93034931913223,1999.9539547146196,4.0523545610126455e-06,1999.953950662265,999.9769753311325,999.9769793834871,609.4860401826122,0.05
12.428739233321586,191.90154401406696,-220.5497316830665,2131.352158329242,3.502924715271556e-06,2131.352154826317,1065.6760774131585,1065.6760809160833,634.4175930492801,0.05
11.686337660205384,192.33697329659896,-222.2807664842988,2518.663417683236,3.110216955034434e-06,2518.663414573019,1259.3317072865095,1259.3317103967263,722.4007648590958,0.05
11.950157352118456,191.23286441457356,-223.44649719263003,2197.126383539453,2.962467994773642e-06,2197.126380576985,1098.5631902884925,1098.5631932509605,627.7866623066352,0.05
12.83376850963185,189.4959875749418,-223.0793613888992,1660.4566776587042,3.116166156263425e-06,1660.456674542538,830.228337271269,830.2283403874352,516.5763095347356,0.05
13.569510581777497,187.63556394383605,-222.78338562308576,1511.6474051109751,3.398686024205559e-06,1511.6474017122891,755.8237008561446,755.8237042548305,498.019676446435,0.05
12.783807958064113,188.53422283793387,-224.62355411338,1406.9177782954532,2.833793480672122e-06,1406.9177754616596,703.4588877308298,703.4588905646234,445.2732558716192,0.05
12.149588402994572,189.11553658081024,-226.07012579168432,1597.7313241206034,2.5064696225801995e-06,1597.7313216141338,798.8656608070669,798.8656633135365,461.1315149341508,0.05
12.038693034783464,190.1307508638945,-224.97820346431408,1868.053951840875,2.6082663381920725e-06,1868.0539492326086,934.0269746163043,934.0269772245707,535.7343922825511,0.05
-16.97823240796214,185.4182466268261,-211.58431827156053,3167.344381297611,3.472410828439432e-06,3167.3443778252004,1583.6721889126002,1583.672192385011,887.7807550034089,0.15
-16.90987127610112,186.9536389070001,-211.5119512509997,3041.614077478903,3.367094696016791e-06,3041.614074111808,1520.807037055904,1520.8070404229989,836.1699565771137,0.15
-17.270406673981352,186.0767577770044,-212.82912974813752,3213.472962762575,3.4663866895246834e-06,3213.4729592961885,1606.7364796480942,1606.736483114481,890.3434628893737,0.15
-17.3320095383255,184.50572001112232,-212.96926930788436,3405.573623277727,3.3175617984335847e-06,3405.573619960165,1702.7868099800826,1702.7868132976446,959.0656812690908,0.15
-16.923736468953752,183.84912225299857,-211.8425958315456,3232.5358010248697,3.424074237954275e-06,3232.5357976007954,1616.2678988003977,1616.267902224472,923.6951995418065,0.15
-17.24178415146152,183.3501425297337,-213.0150939237977,3432.97636017919,3.148450195706196e-06,3432.97635703074,1716.48817851537,1716.4881816638201,981.7114228894175,0.15
-16.76936746461708,182.1903691389781,-212.2762485389355,3202.0839216433774,3.1772340360542085e-06,3202.083918466143,1601.0419592330716,1601.0419624103058,930.9609449814409,0.05
-17.45383595769798,185.2442889069813,-214.08893831220277,3173.9685130566177,3.125494585255136e-06,3173.968509931123,1586.9842549655616,1586.984258091056,882.3965889383956,0.15
-17.476246984905117,183.71713551967545,-213.98153873123488,3482.624908636306,3.126070187796414e-06,3482.6249055102357,1741.3124527551179,1741.312455881188,986.3406601703726,0.15
-17.30836682405511,182.22655326721676,-213.89887054313212,3665.936493980745,2.7890585291044742e-06,3665.9364911916864,1832.9682455958432,1832.968248384902,1052.6329547346681,0.05
-16.533341349889103,180.45525584187064,-212.86417567782365,3355.9134913767843,3.0249766103995504e-06,3355.9134883518077,1677.9567441759039,1677.9567472008805,949.8803731280804,0.05
-16.996031916884075,180.15663585928584,-214.30704866818755,3828.934930183215,2.889464712517061e-06,3828.93492729375,1914.467463646875,1914.4674665363398,1070.3129780256336,0.05
-16.233350728870843,178.7099994882797,-213.5699269624413,3455.7746763596315,2.8666637532829337e-06,3455.774673492968,1727.887336746484,1727.8873396131476,953.249901073496,0.05
-15.88876111320095,176.98029255499955,-214.36195827999956,3361.908049643176,2.5588964816239143e-06,3361.9080470842796,1680.9540235421398,1680.9540261010363,906.4487011675799,0.05
-16.982429334412632,187.63012162791944,-214.0731807163312,2309.5283627798394,2.620015563013399e-06,2309.528360159824,1154.764180079912,1154.7641826999275,628.6131445858555,0.15
-16.924757388805194,187.98786593331835,-212.7469756177378,2733.291283385564,3.3185251648684445e-06,2733.2912800670388,1366.6456400335194,1366.6456433520445,743.0315028650697,0.15
-16.60311689835724,188.7547292525151,-214.1512859999495,1793.112824789603,2.536504348701825e-06,1793.1128222530988,896.5564111265494,896.5564136630537,483.2863659018495,0.15
-17.15134630690235,187.0612606575985,-213.09633922495703,2833.015418794208,3.314172535332268e-06,2833.0154154800357,1416.5077077400178,1416.5077110541902,777.0188539538897,0.15
-17.26484918868308,186.4699608004476,-214.06079448975595,2770.896367064226,2.681609798539574e-06,2770.8963643826164,1385.4481821913082,1385.4481848729179,760.3816927198111,0.15
-4.940823405573663,178.036465003082,-199.9635641252888,1765.9413079685974,2.3432848084870266e-06,1765.9413056253125,882.9706528126562,882.9706551559411,524.6127354394495,0.1
-4.340365872400672,177.0604441057139,-199.8432985802449,1308.8310047563025,2.412768487923125e-06,1308.831002343534,654.415501171767,654.4155035845355,366.4900663534304,0.1
-2.92132668170827,174.28927818138854,-200.03168113807988,1755.0690362493588,2.591658435381007e-06,1755.0690336577004,877.5345168288502,877.5345194205086,497.3019796282792,0.15
-3.474749383983548,175.17841464765576,-200.0533156274153,1261.410941635277,2.3729233137664678e-06,1261.4109392623536,630.7054696311768,630.7054720041001,352.67252556111634,0.1
-3.94139395587313,176.0885753284534,-199.9901807879018,1142.0692882833482,2.3663685598832905e-06,1142.0692859169797,571.0346429584898,571.0346453248584,300.8476163294306,0.1
-6.229252170747321,180.95281132804485,-200.13819020822515,3106.056727635664,3.484664282601532e-06,3106.056724151,1553.0283620755,1553.0283655601643,957.4105387672832,0.1
-6.436491259441177,182.1680711673391,-200.08530425831685,3482.630159696409,3.6057179076076414e-06,3482.630156090691,1741.3150780453454,1741.3150816510636,1058.5457926264444,0.15
-5.873510759049173,179.8247807996436,-200.133868255819,2782.9623777872507,3.3467329893660044e-06,2782.9623744405176,1391.4811872202588,1391.481190566992,848.8674407286169,0.1
-6.7956175147408,180.05648068090966,-200.988783726964,2569.974291854918,3.514909538936009e-06,2569.9742883400086,1284.9871441700043,1284.987147684914,803.0524491025908,0.1
-5.451488267766854,178.87318463431973,-200.0959529167471,2205.4939645275304,2.779227620312164e-06,2205.493961748303,1102.7469808741514,1102.746983653379,663.6674750026536,0.1
-6.262511979998529,179.0110273201242,-200.90712826246485,2215.090350745917,3.584216692546964e-06,2215.0903471617003,1107.5451735808501,1107.545177165067,677.966980571854,0.1
-5.077559375873687,177.35479506522483,-200.5243887921533,1412.7782314384035,2.5730010857623976e-06,1412.7782288654025,706.3891144327013,706.3891170057022,400.49657434421096,0.1
-5.686565330132467,178.0593010550532,-200.79206291213168,1680.9996567989729,3.0275677601385144e-06,1680.999653771405,840.4998268857025,840.4998299132703,497.13132847589884,0.1
-4.802817005694271,176.47627836448245,-200.77547890378324,1278.4353881736663,2.65421663533676e-06,1278.4353855194497,639.2176927597249,639.2176954139414,340.8021027526135,0.1
-4.295222136330606,175.44956921616662,-200.89164334973668,1433.4633006094948,2.370080752056191e-06,1433.4632982394141,716.7316491197071,716.7316514897877,392.965748698302,0.1
-3.6936831941199664,174.43194685686635,-200.92421209070915,1778.3300488049845,2.7500796925294195e-06,1778.3300460549049,889.1650230274524,889.165025777532,511.10302974445375,0.15
-3.0393678400212725,173.46022384999912,-200.87968040199905,2394.8757855286026,3.147538095264322e-06,2394.8757823810647,1197.4378911905324,1197.4378943380702,667.7583582681626,0.15
-3.8697568610247504,173.6410070493939,-201.82877797360925,2250.042461675841,3.7086224500658592e-06,2250.0424579672185,1125.0212289836093,1125.0212326922317,634.004194977528,0.15
-6.600625667916494,178.06280868437457,-201.80833922739555,1474.5583551668403,2.710229458734769e-06,1474.558352456611,737.2791762283055,737.2791789385349,436.54464123595915,0.1
-5.759908632017574,176.9924144088068,-201.54593682414725,1325.9809391023375,3.419689781451143e-06,1325.9809356826477,662.9904678413238,662.9904712610137,371.0993000481602,0.1
-7.447669615020843,182.70957107598025,-200.86642644025764,3603.051491629942,3.6803943665253824e-06,3603.0514879495477,1801.5257439747738,1801.5257476551683,1082.1703815354028,0.15
-7.191858799234203,181.33801785761432,-200.9432782336781,3148.1106506934734,3.497892719756405e-06,3148.110647195581,1574.0553235977904,1574.055327095683,958.9390638454181,0.15
-7.224539163401404,179.05523617794145,-201.91541321887345,1843.1758685740024,3.5458401453180404e-06,1843.1758650281622,921.5879325140811,921.5879360599213,571.154270978134,0.1
-7.790557107134989,180.33231787884156,-201.88212444173865,2506.837158719914,3.728917584796663e-06,2506.8371549909966,1253.4185774954983,1253.4185812244157,772.3349284979616,0.15
-6.676099005833735,177.20636510080033,-202.45332152558265,1155.8955686722009,3.4668649588153077e-06,1155.895565205336,577.947782602668,577.9477860695329,332.5059516007364,0.1
-8.27079454073085,179.27289843721798,-202.9161056580436,1836.482182284064,3.4384511676595598e-06,1836.482178845613,918.2410894228065,918.2410928612576,575.1048260048105,0.15
-7.4634722280414145,178.00029676315896,-202.8092567597777,1355.4859846402203,3.466026184752341e-06,1355.4859811741942,677.7429905870971,677.7429940531232,416.896783884961,0.1
-5.189263573913202,175.74777438387906,-201.76305151022717,1386.8867884968356,3.109514108194814e-06,1386.8867853873214,693.4433926936607,693.4433958031749,380.8575629656988,0.1
-6.216953289440117,176.13962951093174,-202.69860663215664,1229.0388858911313,3.5696056108124e-06,1229.0388823215255,614.5194411607628,614.5194447303685,345.9192079438081,0.1
-5.53755797848025,174.97833620996678,-202.80892877425288,1504.9975026666573,3.444872121174829e-06,1504.9974992217851,752.4987496108926,752.4987530557647,442.79539994312665,0.1
-4.58129077177988,174.6678918477668,-201.86474735760527,1668.6533231775977,3.4133348881887527e-06,1668.6533197642627,834.3266598821314,834.3266632954663,483.5016482708995,0.1
-4.765327077514451,173.82827719442918,-202.8420152511773,1978.118956528084,3.693626855803476e-06,1978.118952834457,989.0594764172286,989.0594801108555,562.3986220978682,0.15
-3.0655311615399445,172.66718243605075,-201.67223367507785,2945.5415695999,3.563098114391243e-06,2945.5415660368017,1472.7707830184008,1472.7707865814991,820.7260699106283,0.15
-3.950909908418012,172.80664341700913,-202.75480127507225,2587.8656925971486,3.630267629791076e-06,2587.865688966881,1293.9328444834405,1293.9328481137081,725.0643833361872,0.15
-2.990111986324056,171.81198138985025,-202.5205386279257,3312.823467856555,3.955226711119901e-06,3312.823463901328,1656.411731950664,1656.411735905891,923.4610300672225,0.15
-2.7937704295311803,170.93138210327356,-203.3931010612771,3745.698960258103,4.025167944277456e-06,3745.698956232935,1872.8494781164675,1872.8494821416355,1048.2956881931075,0.15
-3.9438407571687537,171.9107134365729,-203.7617896924306,2839.365417125406,3.841749462294071e-06,2839.365413283657,1419.6827066418284,1419.6827104835777,795.0569424997174,0.15
-8.604297289798426,183.30686037614905,-201.74652507476,3630.804939906037,3.8722076443399805e-06,3630.804936033829,1815.4024680169146,1815.4024718891224,1077.0276942380215,0.15
-8.26895067423905,181.75956216366964,-201.82329410543605,3158.108836007052,3.670318884609909e-06,3158.108832336733,1579.0544161683665,1579.0544198386856,948.5868517831765,0.15
-8.937260760115345,180.6321907359152,-202.91621893897627,2437.9660102943994,3.639699476637913e-06,2437.9660066547,1218.98300332735,1218.9830069670495,739.9671391241287,0.15
-9.415941234963189,179.43418781366773,-204.06449886086784,1583.7619621266404,3.439072004721269e-06,1583.7619586875683,791.8809793437841,791.8809827828562,489.4698253320632,0.15
-9.89944953273623,183.95957418312636,-202.77634725608291,3577.8076252306205,3.562294692366908e-06,3577.8076216683257,1788.9038108341629,1788.9038143964576,1046.559827491526,0.15
-9.50472573995207,182.2291474740817,-202.8488925398675,3115.7885246993487,3.128308423531569e-06,3115.7885215710403,1557.8942607855201,1557.8942639138286,923.9106761146611,0.15
-10.220842703224864,181.0272480768192,-204.06591213222103,2353.708794119441,3.6964040581431977e-06,2353.708790423037,1176.8543952115185,1176.8543989079224,700.1834444250795,0.15
-5.7967262894303655,174.02464664630878,-204.0109139484347,1658.3154295242075,3.530993285972892e-06,1658.3154259932141,829.1577129966071,829.1577165276004,482.372599699249,0.15
-6.545736622682129,175.22975105959804,-203.8514766198995,1323.8945928085006,3.1836386441858817e-06,1323.894589624862,661.947294812431,661.9472979960697,403.0518049069908,0.1
-7.377186884485861,176.68507961994663,-203.65279048213185,1091.1522468966452,3.119434281067807e-06,1091.152243777211,545.5761218886055,545.5761250080398,318.1062987626772,0.1
-8.50942725775306,177.9829303492697,-204.00141554967365,1117.109366857894,3.54166559439378e-06,1117.1093633162284,558.5546816581142,558.5546851997798,351.13352432913985,0.1
-7.549007373414373,175.6258006257581,-204.7451305394032,1130.7429499193208,3.658581066488536e-06,1130.7429462607397,565.3714731303698,565.371476788951,356.33996374389557,0.1
-6.934766643904028,174.31658974506158,-205.2064465854353,1373.645740444642,3.2287211339355864e-06,1373.6457372159207,686.8228686079603,686.8228718366815,416.0087648027881,0.15
-3.699913283704475,170.9504405168041,-204.6850004211653,3103.983230205688,4.236632058373472e-06,3103.983225969056,1551.991612984528,1551.99161722116,873.782992819833,0.15
-2.465233184925792,170.05417667351327,-204.2699107050354,3916.204430257463,4.074044474600217e-06,3916.2044261834185,1958.1022130917092,1958.102217165754,1103.652626275781,0.15
-4.810381729164786,171.82243738513532,-205.11178747947807,2268.0664015568896,4.011226912403115e-06,2268.0663975456628,1134.0331987728314,1134.0332027840582,641.1188075861031,0.15
-3.0759864475049707,169.96042958984043,-205.323966321294,3302.812959308308,4.379931954939623e-06,3302.8129549283763,1651.4064774641881,1651.40648184412,939.0898226726048,0.15
-1.9959952769309448,169.20438833099868,-205.1394456469993,3965.7960278005016,3.9216794407489305e-06,3965.7960238788223,1982.8980119394112,1982.8980158610905,1134.5306276647839,0.15
-2.988593934515346,169.30164315943836,-206.40687832109188,3359.897708524288,4.682895915809062e-06,3359.8977038413923,1679.9488519206961,1679.948856603592,977.3528154420359,0.15
-5.915736883346704,172.9920195449168,-205.2562974039662,1742.0600979729495,3.655725882500933e-06,1742.0600943172237,871.0300471586119,871.0300508143376,502.16310614839733,0.15
-4.86968045628958,172.89240605530935,-203.9300348188473,2189.353685350754,3.671464439653332e-06,2189.3536816792894,1094.6768408396447,1094.6768445111093,618.0922541953955,0.15
-4.344086218585688,170.47549182153307,-206.35375181511185,2622.8083932934737,4.172506301645671e-06,2622.8083891209676,1311.4041945604838,1311.40419873299,753.8021334137386,0.15
-5.865742162278658,171.84713524542116,-206.58640155787555,1529.1392874264377,3.5155117331393896e-06,1529.139283910926,764.569641955463,764.5696454709747,444.8899253722238,0.15
-7.211361230883254,173.31324629248695,-206.6455287958656,1302.5010584397216,3.722283533230636e-06,1302.5010547174381,651.2505273587191,651.2505310810026,399.6956295539558,0.15
-8.622002324628767,176.74745343564763,-205.0816404572204,967.2640248032412,3.4833527238700567e-06,967.2640213198885,483.6320106599442,483.632014143297,312.86195562270484,0.1
-9.746742007295587,178.223129795515,-205.2488549487424,1011.7693510974656,3.2724973893523934e-06,1011.7693478249682,505.8846739124841,505.88467718498146,320.1151160627503,0.15
-4.093647316231191,169.41423236797115,-207.8386479546562,2849.3928975766703,4.447672140702664e-06,2849.3928931289984,1424.6964465644992,1424.696451012171,848.8199265425433,0.15
-10.856791970792742,182.78306690341373,-204.0045061764873,3031.0261504586124,3.789805852980452e-06,3031.0261466688066,1515.5130733344033,1515.513077124209,887.4564368178778,0.15
-11.320893045634596,184.6571425225753,-203.98793220320388,3357.487767768471,3.480200487796275e-06,3357.4877642882702,1678.7438821441351,1678.7438856243357,972.5885261363054,0.15
-11.573972493825243,181.44293358697652,-205.3312249747721,2341.078722972596,3.409296564979964e-06,2341.0787195632997,1170.5393597816499,1170.5393631909462,690.3482824532884,0.15
-12.755940215916656,185.33712439307217,-205.33717975975935,3086.9833565537388,3.4193137836438032e-06,3086.9833531344248,1543.4916765672124,1543.4916799865264,883.9922113231739,0.15
-12.244320227896994,183.31174280810316,-205.2875871278648,2965.3781551848606,3.656966762573616e-06,2965.378151527894,1482.689075763947,1482.6890794209137,860.1415233564855,0.15
-10.716914131879822,179.79195556948983,-205.2937522947605,1656.3093573415656,3.573509110099079e-06,1656.3093537680566,828.1546768840283,828.1546804575373,500.8719709932222,0.15
-12.01708146932314,180.31610318896557,-206.46863647518168,1775.043850999856,3.4609448445958235e-06,1775.0438475389112,887.5219237694556,887.5219272304004,528.0528220218823,0.15
-8.454695923291188,175.09031631701262,-206.3781776484148,1211.5693013811212,3.229665750163301e-06,1211.5692981514555,605.7846490757278,605.7846523053935,382.2138431518272,0.15
-5.682151762567049,170.71464236192045,-207.94472362338055,1556.9994306807614,4.030280940144928e-06,1556.9994266504805,778.4997133252402,778.4997173555212,467.95821812147705,0.15
-7.181544101641569,172.085068281354,-208.10901475643345,1095.8157722294932,3.75651102324481e-06,1095.8157684729822,547.9078842364911,547.9078879930021,344.7121961173466,0.15
-8.554617149516163,173.63616760721754,-208.04119520302535,1057.0087537691377,3.448596779996404e-06,1057.008750320541,528.5043751602705,528.5043786088672,343.140340018916,0.15
-14.120098356012509,185.9520806962649,-206.80250619257083,2761.0421634312866,3.2734233230563127e-06,2761.0421601578632,1380.5210800789316,1380.521083352355,784.4600395453007,0.15
-13.585377184247657,183.86244568575836,-206.6369445830289,2830.655368831008,3.541996356288809e-06,2830.655365289012,1415.327682644506,1415.3276861865022,817.0099422177215,0.15
-12.859690204268826,181.94080682471147,-206.5626658253821,2380.5839053113164,3.3385318619610865e-06,2380.5839019727846,1190.2919509863923,1190.291954324924,697.4628436620374,0.15
-13.094912877928431,180.7485814907028,-207.50383484778283,1875.778487522737,3.2886937562629484e-06,1875.7784842340432,937.8892421170216,937.8892454057153,555.0018014427557,0.15
-9.928489160353454,176.81393930521682,-206.59568963935212,826.8263990409782,3.471161863243035e-06,826.8263955698163,413.41319778490816,413.41320125607007,274.766154211086,0.15
-11.133531386224991,178.5982432134165,-206.59499665166263,1057.887819921825,3.353725515336854e-06,1057.8878165680994,528.9439082840497,528.9439116377753,330.3433974733208,0.15
-12.611654743107946,179.2518487314743,-207.89960939174827,1310.8993573586588,3.2536161609294503e-06,1310.8993541050427,655.4496770525213,655.4496803061375,397.8353282428495,0.15
-10.029078614914935,175.3526016385841,-208.07657559907136,999.9946358719582,3.3698865283989423e-06,999.9946325020717,499.99731625103584,499.9973196209223,329.6978011074118,0.15
-5.31638986690819,169.52832460825877,-209.4257564559123,2386.240382628292,4.18819748268546e-06,2386.2403784400944,1193.1201892200472,1193.1201934082449,692.1806601970728,0.05
-14.781978101974282,184.38231166064452,-207.99421253094872,2661.86537373876,3.287610496877612e-06,2661.8653704511494,1330.9326852255747,1330.9326885131852,765.710538827145,0.15
-15.34090302225598,186.4692679071864,-208.36176679033477,2597.654743502628,3.325904764008473e-06,2597.6547401767234,1298.8273700883617,1298.8273734142665,729.957298565714,0.15
-15.993430383265649,185.1947501335488,-209.58614527759755,2691.4774665281325,3.403779902378245e-06,2691.4774631243527,1345.7387315621763,1345.7387349659562,765.7810453508711,0.15
-6.941346874961269,170.82368569369234,-209.55821684368888,1241.2368629950772,3.7818280452348224e-06,1241.236859213249,620.6184296066245,620.6184333884527,388.56308584264104,0.05
-8.438336603366864,172.19349351646565,-209.6349868242222,967.2682277752592,3.4756480682883407e-06,967.2682242996111,483.63411214980556,483.63411562545366,316.4532793690642,0.15
-9.831557625772623,173.68013808400408,-209.5911332106877,1011.1449299097112,3.284992438153368e-06,1011.1449266247188,505.5724633123594,505.5724665973518,330.85370520621916,0.15
-14.15949919482854,182.21220141016676,-208.04533754426748,2268.4232781481965,3.147600243209867e-06,2268.4232750005963,1134.2116375002981,1134.2116406478983,665.5240238990183,0.15
-13.945021720853026,180.29349738987503,-208.8772827957453,1661.5544219998649,3.01901378523982e-06,1661.554418980851,830.7772094904255,830.7772125094393,498.7065197297057,0.15
-11.628202299900233,177.1972427584928,-208.32040877361524,643.8639340476315,3.221179256621672e-06,643.8639308264522,321.9319654132261,321.93196863440534,221.4108694700094,0.15
-13.29253468894,178.35341865749712,-209.43469796779692,1023.8602725531124,2.9072613920044827e-06,1023.860269645851,511.9301348229255,511.9301377301869,314.58513132775744,0.05
-11.357949504149286,175.30740449934967,-209.72906300558844,689.1942946501426,3.074407363487533e-06,689.1942915757353,344.59714578786765,344.597148862275,239.3546269113956,0.15
-6.611054111544144,169.61382123152893,-211.07538773035947,2188.409599679874,3.843752186772174e-06,2188.409595836122,1094.204797918061,1094.204801761813,627.2156015186711,0.05
-8.284576390177666,170.89280112024224,-211.20795755764132,1320.88281664158,3.45201568837084e-06,1320.882813189564,660.441406594782,660.4414100467978,406.86104733826073,0.15
-15.424515015173348,183.39559345049616,-209.2692594581869,2578.069357247069,3.264812418926653e-06,2578.069353982257,1289.0346769911284,1289.0346802559407,749.3540151352202,0.15
-16.292776764740687,186.8312677624716,-209.92740950478816,2760.266624034043,3.3517292029508325e-06,2760.266620682314,1380.133310341157,1380.133313692886,765.6408877300373,0.15
-16.623826101395437,185.8384103314906,-210.66314941019388,2941.282980774019,3.604396819605193e-06,2941.2829771696224,1470.6414885848112,1470.6414921892078,823.7068365940332,0.15
-16.247080971710766,183.93662380020183,-210.39842802978012,2740.4689204795395,3.204883080844395e-06,2740.4689172746566,1370.2344586373283,1370.2344618422112,788.9392045714802,0.15
-16.596339495976288,184.88984033760445,-210.7665776541099,2969.5217559865214,3.5155646827274987e-06,2969.521752470957,1484.7608762354785,1484.760879751043,841.4222524303243,0.15
-9.7675805588905,172.26120395398556,-211.1694589527358,1067.8247165647845,3.235291241246745e-06,1067.8247133294933,533.9123566647467,533.9123599000378,333.0045686045807,0.15
-11.075948789211692,173.65883122815538,-211.0795539187807,819.3119813735701,3.0745512533473875e-06,819.3119782990188,409.6559891495094,409.6559922240607,262.8211041804296,0.15
-15.096242412958274,181.4914467929605,-209.7315739908867,2197.404409713777,2.9810079219621267e-06,2197.404406732769,1098.7022033663845,1098.7022063473926,652.775288345054,0.15
-14.707452605587736,179.61356104356136,-210.38673863255016,1704.7722782819692,3.015023209017304e-06,1704.772275266946,852.386137633473,852.3861406484962,506.0705568153799,0.05
-12.7974322863781,176.6367823427835,-210.24656094288608,582.1003083935958,3.049947744607704e-06,582.1003053436481,291.05015267182404,291.0501557217718,164.6722749599654,0.05
-14.167714766489722,177.83029192446656,-211.00287349992936,1415.7125525960837,2.9175573024873427e-06,1415.7125496785263,707.8562748392632,707.8562777568205,388.84050439216844,0.05
-12.464146878359289,175.04912185622769,-211.2967723387035,564.748110324172,3.0337957103955474e-06,564.7481072903763,282.37405364518816,282.37405667898383,191.98149620541702,0.15
-7.945540907097237,169.6342138260043,-212.6981318424513,2094.7805945459672,3.455808083858981e-06,2094.7805910901593,1047.3902955450797,1047.3902990008876,616.3854348505847,0.05
-12.32747137367633,173.85605227886984,-212.3044463860417,643.6726057945118,2.914396853010184e-06,643.6726028801149,321.83630144005747,321.83630435445434,198.33996418322425,0.15
-9.680050631873794,170.87733646887577,-212.81592890527267,1434.11702859224,3.1640279369079687e-06,1434.1170254282122,717.0585127141061,717.058515878134,423.7315837327427,0.15
-11.249158923891256,172.2652837843825,-212.7987816550197,1034.3750296740066,2.932416564257322e-06,1034.37502674159,517.187513370795,517.1875163032115,298.7589481212051,0.15
-16.113886565842453,182.63307961478648,-210.7348496897528,2765.5685538640687,3.0649781455449053e-06,2765.5685507990906,1382.7842753995453,1382.7842784645234,807.758586227531,0.15
-15.850670140875629,180.95043988867252,-211.24196838584223,2661.1421767662364,2.949109598263125e-06,2661.1421738171266,1330.5710869085633,1330.571089857673,779.5972736486785,0.05
-15.46275024105349,179.10604131527475,-211.8910710252489,2521.1032474878434,2.9553031899186525e-06,2521.1032445325404,1260.5516222662702,1260.5516252215732,709.6662813552401,0.05
-15.117704002235294,177.406592670505,-212.7040194427756,2461.9857544618326,2.8217661773302944e-06,2461.9857516400666,1230.9928758200333,1230.9928786417993,669.6064219235241,0.05
-13.789280623484377,176.20163771425754,-211.8822686086208,1161.6563626920422,2.8632429143297618e-06,1161.6563598287992,580.8281799143996,580.8281827776426,306.02156366050684,0.05
-13.382974949035974,174.67746306187072,-212.75397622846168,1063.215411759225,2.8198711964097298e-06,1063.2154089393537,531.6077044696768,531.6077072895481,294.6785279982268,0.05
-9.340353692916494,169.5548401610059,-214.2662213648481,1985.970417010512,3.157573971479957e-06,1985.970413852938,992.985206926469,992.9852100840429,583.9587127970422,0.15
-12.965981742780103,173.20484626587856,-213.68774417210216,1007.623355853341,2.7597888907395347e-06,1007.623353093552,503.811676546776,503.81167930656494,305.3654600240279,0.15
-14.767728427871951,175.81269525866972,-213.54926127663416,2247.817555484422,2.339971875783458e-06,2247.81755314445,1123.908776572225,1123.908778912197,598.9532055431032,0.05
-8.513522338685803,199.8143486791085,-212.0166433950569,1671.8809623177276,3.664083381779422e-06,1671.8809586536443,835.9404793268221,835.9404829909055,452.3233286885481,0.15
-6.943739206580447,200.5024880500012,-211.02905153099988,1799.6983458130976,4.090920275500409e-06,1799.6983417221772,899.8491708610886,899.849174952009,485.65791031785466,0.15
-7.522158128807283,200.1486561396641,-213.0825679467144,1892.10625550028,3.384077759391691e-06,1892.1062521162023,946.0531260581012,946.0531294421788,509.7436946631081,0.15
-8.821891763049239,199.53340130862887,-210.4491802464736,1505.4923545223508,4.241608876266364e-06,1505.492350280742,752.746175140371,752.7461793819798,409.4415544975884,0.15
-10.130467415624478,198.7938491069126,-212.0574127035528,1511.2694333418078,3.551535671886027e-06,1511.2694297902722,755.6347148951361,755.6347184466717,418.036552342017,0.15
-10.524699489054605,198.24277625530848,-209.97376013580373,1365.0644432021418,4.153014222150003e-06,1365.0644390491275,682.5322195245637,682.532223677578,379.30344147861564,0.15
-9.021171603866602,199.26169538209197,-213.7315862067052,2058.594616162282,2.991338228677368e-06,2058.594613170944,1029.297306585472,1029.29730957681,563.8987269939977,0.15
-11.781180358101915,197.3657427594872,-211.49314610178627,1414.6931501504466,3.622393327534141e-06,1414.6931465280534,707.3465732640267,707.3465768864199,398.1936222067268,0.15
-12.040026323907936,196.69103450801725,-209.6593384937829,1424.2502301172544,4.035168755072996e-06,1424.2502260820856,712.1251130410428,712.1251170762116,395.0928813784607,0.15
-13.053622642019564,195.8870853838823,-211.28985332278276,1503.790279120925,3.605510253166349e-06,1503.7902755154148,751.8951377577074,751.8951413632177,418.69284191320986,0.15
-13.35726004926462,194.9453681807669,-209.54339232973552,1558.0019265009648,3.952201749560955e-06,1558.001922548763,779.0009612743816,779.0009652265833,422.0400650655446,0.15
-14.178113813706034,194.2207704850675,-211.1164442551621,1645.73414931738,3.531007617953578e-06,1645.7341457863722,822.8670728931861,822.8670764241938,445.70172482894543,0.15
-14.456347129111547,193.1232819201896,-209.6406490410651,1745.9207416986285,3.83941252884023e-06,1745.920737859216,872.960368929608,872.9603727690205,462.2120309805714,0.15
-11.528457659472672,197.4491541437716,-213.09780764091383,1551.1002469226205,2.842752802307629e-06,1551.1002440798677,775.5501220399339,775.5501248826866,442.74232981177084,0.15
-10.508664127864693,198.08710286649355,-214.20803367207523,2061.16909490261,2.690999198341324e-06,2061.169092211611,1030.5845461058054,1030.5845487968047,579.0453035600489,0.15
-15.321773263568527,191.39097433237043,-209.91848766269496,2029.8276452167272,3.806504498622009e-06,2029.8276414102227,1014.9138207051113,1014.9138245116159,536.116167555271,0.15
-15.156166523017497,192.47567429963928,-211.4072414326044,1811.625309408903,3.4456112512793404e-06,1811.6253059632916,905.8126529816458,905.8126564272571,484.06330851777506,0.15
-12.5260756406882,196.3946530920216,-212.9224984137329,1375.9288498051371,2.936556453321355e-06,1375.9288468685806,687.9644234342903,687.9644263708468,395.82908428954215,0.15
-13.601923931617,194.99828533407225,-212.79980167082303,1305.69894589617,2.9655444723428406e-06,1305.6989429306254,652.8494714653127,652.8494744308573,372.7012443835537,0.15
-14.511465425349565,193.5971083653145,-212.67517285135528,1373.6543403728708,2.8572121738856284e-06,1373.6543375156587,686.8271687578293,686.8271716150415,380.60052432231805,0.15
-15.152783844871294,192.38204655019263,-212.94042627659445,1422.6940020931297,2.7530831364409698e-06,1422.6939993400465,711.3469996700233,711.3470024231065,384.9721532219652,0.15
-15.786710045756754,190.9794327323589,-211.10809479653307,2091.4391064295696,3.4676157349005783e-06,2091.4391029619537,1045.7195514809769,1045.7195549485928,556.1647439568312,0.15
-15.982119651552562,189.83580133436325,-210.3047556392233,2364.13171110605,3.6409171673521055e-06,2364.1317074651324,1182.0658537325662,1182.0658573734836,632.1713862460759,0.15
-16.304567703361247,189.7102040172225,-211.4865823210574,2433.872225865611,3.567043663615128e-06,2433.8722222985675,1216.9361111492838,1216.9361147163274,653.0469255546958,0.15
-15.823134901740518,191.0798506916784,-212.4741581956272,1790.5076674494935,3.0622846808514564e-06,1790.507664387209,895.2538321936045,895.253835255889,479.4373940499092,0.15
-15.369814692848632,191.7015833057357,-213.7609146568104,1125.2496327599476,2.434807150194063e-06,1125.2496303251405,562.6248151625703,562.6248175973774,305.42374274271054,0.15
-13.745590258803292,194.2836338039025,-214.26026278517165,1041.5709646714963,2.2584409437522896e-06,1041.5709624130554,520.7854812065277,520.7854834649686,305.1850595646128,0.15
-13.04451216126506,195.3868109124689,-214.03930501612732,1256.5922742026933,2.378760821371164e-06,1256.5922718239324,628.2961359119662,628.2961382907271,373.96917692654745,0.15
-14.620934725979364,192.84768752724835,-214.29466741247552,850.6583906552431,2.0032891790754988e-06,850.6583886519539,425.32919432597697,425.32919632926615,245.88060812667806,0.15
-16.495791849848846,188.3957570065816,-210.808083395838,2708.123983642065,3.849128144634368e-06,2708.123979792937,1354.0619898964685,1354.0619937455965,734.4000585375131,0.15
-16.705681075871087,188.51282533552973,-211.86589060834635,2731.437308368622,3.0825036816986216e-06,2731.4373052861183,1365.7186526430592,1365.7186557255627,739.6217849246628,0.15
-16.506843075423077,189.33253678240965,-212.83766499574207,2174.214266281711,2.968563888862798e-06,2174.214263313147,1087.1071316565735,1087.1071346251374,585.3124796799219,0.15
-15.927789301660944,190.38239850045852,-214.1697757556719,1308.5979046976902,2.3118761407859463e-06,1308.597902385814,654.298951192907,654.2989535047832,350.7910971122502,0.15
-1.5391937520590837,167.92856990162224,-207.53431839072093,4151.240909038224,4.8746926557231775e-06,4151.240904163532,2075.620452081766,2075.6204569564584,1248.264576577519,0.15
-0.1764444257847605,167.43260637462996,-207.21922899147228,4377.917137910606,5.030929079150483e-06,4377.9171328796765,2188.9585664398383,2188.9585714707673,1325.6033912278003,0.15
-1.2244762357394758,168.25179464289283,-206.173952463482,4097.690888161106,4.592675736551017e-06,4097.690883568431,2048.8454417842154,2048.845446376891,1207.6895063827149,0.15
-2.1576471996542312,168.6210622991883,-206.6304174692848,3759.162855590753,4.823257891615662e-06,3759.1628507674955,1879.5814253837477,1879.5814302070055,1107.3931721639037,0.15
-2.9639251733786978,168.64818160691766,-207.7647025790839,3607.247655885988,4.782156128555582e-06,3607.2476511038317,1803.6238255519158,1803.6238303340722,1082.2185150810249,0.15
-2.302304295425437,167.68363886517702,-209.4104621782516,4557.98511934335,5.075853991247119e-06,4557.985114267496,2278.992557133748,2278.9925622096016,1330.2148366376466,0.05
1.1460710584446938,166.86437952897938,-208.2670372214119,4639.765924772223,5.308859648937626e-06,4639.765919463363,2319.8829597316817,2319.8829650405414,1428.05146371477,0.15
0.8277423624163305,166.70073820030646,-210.2720983045789,5083.23138615289,5.328759902107721e-06,5083.231380824131,2541.6156904120653,2541.615695740825,1523.7259234416128,0.05
2.6828448524066086,166.6567859255465,-209.31313207683343,4679.813560925472,5.428000921289155e-06,4679.8135554974715,2339.9067777487357,2339.9067831767366,1440.5316523164784,0.1
2.6204071513008307,166.7141992045398,-211.15402744421505,4487.121939506739,5.34809490963155e-06,4487.121934158644,2243.560967079322,2243.5609724274173,1381.8194782438927,0.05
4.337079642713336,166.94884422091167,-210.34911244953668,4051.579067552308,5.458539098737626e-06,4051.579062093769,2025.7895310468846,2025.7895365054235,1247.9531929519321,0.15
4.055071858299759,167.12379440034286,-211.820517863424,3283.604273812427,5.0779502469459694e-06,3283.6042687344766,1641.8021343672383,1641.8021394451887,1043.402213045209,0.15
-0.6416101554968464,167.15557283582692,-209.0981389755221,4869.313569124697,5.104657790923318e-06,4869.313564020039,2434.6567820100195,2434.6567871146776,1456.42482986369,0.05
-3.803396931458883,168.50285857713027,-209.34946262370408,3687.977723503164,4.627877494926315e-06,3687.9777188752864,1843.9888594376432,1843.9888640655206,1067.9554679970786,0.05
5.960365156340726,167.8129297139985,-211.3351807950005,2436.6257117960467,4.813756217944406e-06,2436.6257069822905,1218.3128534911452,1218.3128583049015,761.6272888527451,0.15
4.830132444218369,167.74520637399684,-213.1522232626696,1923.0246000947648,4.84732168342395e-06,1923.0245952474431,961.5122976237216,961.5123024710432,648.4351119828794,0.15
0.8412466709132822,166.5642467094089,-212.1815645913095,5376.053451308211,5.2503927955064765e-06,5376.053446057818,2688.026723028909,2688.026728279302,1566.5704630666132,0.05
-3.381578418752738,167.600680591765,-211.17162530038496,4715.1439400191775,4.737511143464262e-06,4715.143935281666,2357.571967640833,2357.5719723783445,1325.3078605458247,0.05
2.8035380405846024,166.89377058736702,-213.28523380767805,3811.8448185065545,5.3156639381025215e-06,3811.8448131908904,1905.9224065954452,1905.9224119111093,1152.6773438631699,0.05
-1.2693184768379369,166.8894654155121,-211.25416484565832,5474.156483841397,5.019796829116206e-06,5474.1564788216,2737.0782394108,2737.078244430597,1565.6812323934164,0.05
-2.75671767433362,166.83888992814988,-213.084107672942,5465.418508108072,4.745013810691912e-06,5465.418503363058,2732.709251681529,2732.709256426543,1507.5456424820675,0.05
-0.830087087201721,166.47222808373257,-213.3737208133022,5609.921996198256,4.920840152173195e-06,5609.921991277416,2804.960995638708,2804.961000559548,1573.2700716773522,0.05
-4.96797071208251,168.46351986803182,-211.0990817716579,3588.9041360044152,4.338643710340718e-06,3588.9041316657717,1794.4520658328859,1794.4520701715294,1006.0594188498337,0.05
0.7829612178133151,166.46199267214402,-213.9077785851103,5012.099904415116,5.048761560366261e-06,5012.099899366354,2506.049949683177,2506.0499547319387,1425.2440256357063,0.05
-4.551498675225596,167.5049955615606,-212.93000687367456,4634.242567363289,4.349798635015119e-06,4634.24256301349,2317.121281506745,2317.1212858565436,1275.138033049012,0.05
-6.2689466228587785,168.45692213934618,-212.80093486865064,3354.828354696764,3.879872048071174e-06,3354.828350816892,1677.414175408446,1677.414179288318,934.5252465836327,0.05
-3.4189233474493075,201.29956625975927,-212.0326954936521,2110.850872230065,4.089554179119452e-06,2110.8508681405106,1055.4254340702553,1055.4254381598096,581.3320014714579,0.15
-1.6625903867594063,201.3373700874569,-212.411686990705,2077.874323220956,4.211809131710411e-06,2077.874319009147,1038.9371595045734,1038.9371637163824,581.9754997881641,0.15
-2.910990390554539,200.99769744103548,-213.8682603029488,1584.7750094606345,3.299440360510584e-06,1584.7750061611941,792.3875030805971,792.3875063800374,436.90446310896226,0.15
-4.703400534344444,200.9184797684505,-213.2973543815899,1859.1257930294064,3.4516747034534868e-06,1859.1257895777317,929.5628947888658,929.5628982405406,503.3553876317498,0.15
-5.206952661622726,201.03808806457332,-211.5530379248665,1995.359748099532,4.115458911947843e-06,1995.359743984073,997.6798719920365,997.6798761074955,541.502582573345,0.15
-6.056737514391085,200.72411626784609,-212.6893397283657,1923.1762943907656,3.6410399426095433e-06,1923.1762907497257,961.5881453748628,961.5881490159028,516.5954320662449,0.15
1.732381352958123,200.990025644389,-212.81031808180808,2256.611984501415,4.412352313860052e-06,2256.611980089063,1128.3059900445314,1128.3059944568836,640.0712395399322,0.15
3.440393662067001,200.63566244979285,-212.8282407344084,2282.4263123142973,4.583821093920938e-06,2282.4263077304763,1141.2131538652382,1141.2131584490592,649.3285133600035,0.15
5.165092632841431,200.1392323733973,-212.7144580287261,2129.188280025965,4.758155793665608e-06,2129.1882752678093,1064.5941376339047,1064.5941423920603,611.9979324314048,0.15
0.0216740309444238,201.22278573700137,-212.66841668700013,2124.0475737420247,4.126389441198222e-06,2124.0475696156354,1062.0237848078177,1062.023788934207,602.6682144856225,0.15
0.5051198082687658,200.8409702245916,-214.3262268096088,1484.0269177250102,3.377258494502249e-06,1484.0269143477517,742.0134571738758,742.0134605511344,418.00075498459336,0.15
-1.250915804993906,200.9666950038076,-214.16063767398805,1366.8262048632644,3.220304386920956e-06,1366.82620164296,683.41310082148,683.4131040417843,384.703730421906,0.15
8.568807507840855,198.5628735320014,-212.01731661799997,2413.278140596334,5.255127258442173e-06,2413.278135341207,1206.6390676706035,1206.6390729257307,686.2458812902534,0.15
8.10317017059629,198.73708568081304,-213.85621005395544,2487.33544021281,4.88751622426077e-06,2487.335435325294,1243.667717662647,1243.6677225501633,682.5329231072141,0.15
6.91778391007175,199.45306506620253,-212.4400294275595,2023.5498054659292,4.993150206682307e-06,2023.549800472779,1011.7749002363895,1011.7749052295397,585.8741305369292,0.15
-6.123152443690907,200.3479872330388,-214.23918189793736,2014.4071966700203,2.9785428536793554e-06,2014.4071936914775,1007.2035968457387,1007.2035998242816,542.9991815463209,0.15
-1.3409501306761662,200.70266562383665,-208.70592480318635,2025.278533856602,4.467122530217859e-06,2025.2785293894794,1012.6392646947397,1012.6392691618623,575.112862441187,0.15
-0.0930000378800084,200.61446559336224,-208.7640311567865,2009.187042100488,4.618862728418991e-06,2009.1870374816253,1004.5935187408127,1004.5935233596754,576.7733385398013,0.15
-1.0143199809909187,201.189997584819,-210.0835060602771,2325.8097713877605,4.759760260119126e-06,2325.809766628,1162.904883314,1162.9048880737605,661.4872406949253,0.15
1.5602473989703216,199.72285041900136,-207.7856361439992,1489.2844532667004,3.773787960163117e-06,1489.2844494929125,744.6422247464562,744.6422285202442,427.9082492060962,0.15
1.1546338262752696,200.33175212627924,-208.66260804363296,1888.6443536752129,3.952896743911919e-06,1888.644349722316,944.322174861158,944.3221788140548,544.2541268598015,0.15
0.1450448772161099,199.96277454729207,-207.66040412955712,1712.607402633574,3.996570042170476e-06,1712.607398637004,856.303699318502,856.3037033150721,488.2236453340635,0.15
-1.0774199695136186,200.23907277536225,-207.88593926049,1771.2570307345757,4.615053246014359e-06,1771.2570261195224,885.6285130597612,885.6285176748145,502.0164134539217,0.15
0.8076034785655015,199.4914108188046,-207.12974968143132,1594.5427477029202,3.928017062660812e-06,1594.542743774903,797.2713718874516,797.2713758154687,450.2808890343711,0.15
-0.8735159968865233,199.63773165611295,-206.9942047639692,1677.7515690906898,4.203263797852135e-06,1677.751564887426,838.875782443713,838.8757866469768,470.0958346502229,0.15
-2.218851876327589,199.69000679559656,-207.05229473959943,1592.903345188529,4.414937100888556e-06,1592.903340773592,796.451670386796,796.4516748017331,446.0064673743663,0.15
-1.4813580661013246,198.96493311580596,-206.1324205061796,1617.8460749981598,4.255097134414318e-06,1617.8460707430627,808.9230353715313,808.9230396266285,450.03990880567005,0.15
-2.78989629313063,198.5699216563687,-205.76554648731,1506.8599030259072,4.10634427931431e-06,1506.859898919563,753.4299494597815,753.4299535661257,419.380793250471,0.15
0.0185753144518891,199.11459844131292,-206.40665068555768,1713.050059810135,4.131436491914823e-06,1713.0500556786985,856.5250278393493,856.5250319707858,477.17524609220925,0.15
-2.112566074979584,201.3466496327015,-210.81956229800443,2287.8980399724937,4.640404136736229e-06,2287.8980353320894,1143.9490176660447,1143.949022306449,643.001722856381,0.15
-2.463825905585266,200.9341594748313,-209.2053250692566,2086.563896446224,4.292016546703298e-06,2086.5638921542077,1043.2819460771038,1043.2819503691203,586.7077791648277,0.15
-2.063759795364126,200.4404034960687,-208.1803750074489,1825.1179738519804,4.206164797617153e-06,1825.1179696458157,912.5589848229079,912.5589890290726,515.5510885511043,0.15
-3.3038524288367306,200.30460613124183,-208.06573233692504,1707.183421239899,4.559887806302089e-06,1707.183416680011,853.5917083400055,853.5917128998934,478.50804552971357,0.15
-4.128363379377024,200.67211840926552,-208.95907335284716,1875.8279742845896,4.6724699725059375e-06,1875.8279696121197,937.9139848060598,937.9139894785297,521.3525563314453,0.15
-3.3387139780406594,201.16316765056297,-210.10628402819,2129.184333583601,4.739251731588624e-06,2129.1843288443492,1064.5921644221746,1064.5921691614265,592.7392004119258,0.15
-0.7958817523471741,198.5270552417805,-205.64401155299143,1763.1020778197071,4.063831361342436e-06,1763.1020737558758,881.5510368779379,881.5510409417692,490.02463087857984,0.15
-5.005774277615455,199.9327741248605,-207.93556440129925,1495.571398069014,4.300313500032618e-06,1495.5713937687005,747.7856968843503,747.7857011846638,419.7707748552226,0.15
-3.889113250008185,199.29453454234036,-206.76217121626132,1409.1999411670824,4.139305470357984e-06,1409.199937027777,704.5999685138885,704.599972653194,396.050209133222,0.15
-6.08213154805866,200.3889026750004,-209.3653957932434,1725.1998349885423,4.619454334315319e-06,1725.199830369088,862.599915184544,862.5999198039983,473.7113160696677,0.15
0.7384856021905621,200.8874406374987,-209.7394119147291,2378.9860497422383,4.602241281540582e-06,2378.986045139997,1189.4930225699984,1189.4930271722399,683.3268103554713,0.15
0.3514795457787258,201.2178117291719,-211.0842116611624,2527.790300678093,4.880366983658453e-06,2527.7902957977262,1263.8951478988631,1263.8951527792299,720.6088645582566,0.15
-0.9089993736554038,201.35712192479957,-211.44389657199093,2341.382133944594,4.403786034056452e-06,2341.382129540808,1170.691064770404,1170.69106917419,661.9063365893049,0.15
-1.713311208710061,197.79627604800112,-204.87759646199885,1722.0871537028077,3.435436362177476e-06,1722.0871502673713,861.0435751336856,861.043578569122,480.8548870249042,0.15
-4.83242760237508,200.9882307373284,-210.2869326971326,2024.896657643096,4.436191256913507e-06,2024.8966532069048,1012.4483266034524,1012.4483310396436,553.7391030927292,0.15
7.332104072987964,169.03591170770477,-212.1756575755795,1135.6593172135165,3.78169970508495e-06,1135.6593134318168,567.8296567159084,567.8296604976081,358.9766149233431,0.1
5.987372980931983,168.54412854038796,-213.35308704551448,920.1239296935324,4.221574306873579e-06,920.1239254719582,460.0619627359791,460.06196695755335,358.0289641585063,0.05
9.693310123885416,171.94214968647748,-213.70469464018032,1616.7439935256252,2.9449027447219624e-06,1616.7439905807225,808.3719952903613,808.371998235264,508.44310653743725,0.1
8.559119349090672,170.446244802386,-212.95243883422023,1376.8748920319613,3.208952793934145e-06,1376.8748888230084,688.4374444115042,688.4374476204571,432.3481644147903,0.1
6.977028504077905,169.70513866629244,-214.38253849536244,1062.7043654057638,3.8111216724504814e-06,1062.7043615946423,531.3521807973211,531.3521846084427,350.8986272225208,0.05
2.0746221423956093,168.88300702407767,-200.0287797849458,3757.642860636537,3.1900485339756872e-06,3757.6428574464885,1878.8214287232443,1878.8214319132928,1028.11060148382,0.15
1.4302850487081793,169.3205377114018,-200.0393489674833,4030.610677350723,3.113639010941946e-06,4030.610674237084,2015.305337118542,2015.3053402321812,1105.9718849390692,0.15
1.6050511881689904,168.91758016870796,-200.6327128572981,4072.156703668965,3.2414456938052247e-06,4072.1567004275194,2036.0783502137597,2036.0783534552052,1123.0998435812903,0.15
0.8414849761422633,169.78133744994926,-199.99425459939536,4209.10227908236,3.47356113196941e-06,4209.102275608799,2104.5511378043993,2104.5511412779606,1156.6480087569473,0.15
0.3208572551286436,170.39397974892682,-199.67864319335,4095.258484370464,3.490668137308044e-06,4095.258480879796,2047.629240439898,2047.629243930566,1121.534803926965,0.15
-0.4200039923883609,171.0845746095084,-199.7217390057044,3947.1543331435983,3.526545880808691e-06,3947.1543296170526,1973.5771648085263,1973.577168335072,1082.947739871477,0.15
-1.1372874456026003,171.84984146657544,-199.79203942522184,3549.207008571461,3.3210611337800494e-06,3549.2070052503996,1774.6035026251998,1774.603505946261,975.0267341140345,0.15
0.8913774192865531,169.40856364460078,-200.6418701184902,4329.930684172389,3.1948023876356997e-06,4329.930680977587,2164.9653404887936,2164.9653436835956,1196.7834277239463,0.15
1.0650211491581838,168.95728598791706,-201.31779535189528,4334.728759949991,3.325540305622505e-06,4334.728756624451,2167.3643783122257,2167.3643816377657,1204.1071864621422,0.15
0.1486878181154914,169.9994003296584,-200.6090592732206,4462.821604486195,3.32435826094204e-06,4462.821601161836,2231.410800580918,2231.4108039052767,1235.3125826518512,0.15
-0.3134399951540432,170.58176199533227,-200.31568702167857,4334.23762146017,3.330184087580443e-06,4334.237618129986,2167.118809064993,2167.118812395177,1197.7049643954329,0.15
-0.9949929749876918,171.10708075971715,-200.54320031774347,4133.167310356781,3.317767401945874e-06,4133.167307039013,2066.5836535195067,2066.5836568372742,1144.7205071413011,0.15
-1.824629997065096,172.38115784589016,-200.2111714188852,3178.6273304786746,3.3741205652121745e-06,3178.627327104554,1589.313663552277,1589.3136669263977,877.9864729438332,0.15
-2.273337033609441,173.12243606542663,-200.13299633637484,2621.9220699499565,3.054826895748581e-06,2621.92206689513,1310.961033447565,1310.9610365023916,726.1474200109685,0.15
-1.66002184161608,171.71936444644737,-200.72042551500743,3742.7261788969686,3.7533204811863017e-06,3742.726175143648,1871.363087571824,1871.3630913251445,1037.579384291118,0.15
0.4448583453790045,169.0033988335778,-202.0955156257687,4439.743919186463,3.541423382151836e-06,4439.74391564504,2219.87195782252,2219.8719613639432,1239.62552737225,0.15
0.1878863405689939,169.53486163185872,-201.4033025159071,4566.855086918967,3.1858171349249733e-06,4566.8550837331495,2283.4275418665748,2283.427545052392,1270.1111129746944,0.15
-2.3457440402817165,172.4425498635951,-200.8938732203489,3163.7519439222483,3.4800610943285853e-06,3163.7519404421873,1581.8759702210937,1581.8759737011546,876.8406069942087,0.15
-0.6576284519360078,170.28391364879025,-201.29615834114915,4486.963131000827,3.390708094150785e-06,4486.963127610119,2243.4815638050595,2243.4815671957676,1247.6230221634983,0.15
-2.3274583186786333,171.7618617587956,-201.6331759185946,3706.150212396202,4.028478715784938e-06,3706.1502083677233,1853.0751041838616,1853.0751082123402,1030.7397413678025,0.15
-1.5593626982585918,171.0211141387621,-201.4863557793702,4092.18861084086,4.082980657682544e-06,4092.1886067578794,2046.0943033789397,2046.0943074619202,1139.026382970932,0.15
-0.4945269525602637,169.59423383077447,-202.2608394059559,4509.04280587511,3.61763477553944e-06,4509.042802257475,2254.5214011287376,2254.521404746373,1259.2948738437165,0.15
-0.2656025057073775,169.05779302033585,-202.97963539751697,4427.276994182535,4.493737850712805e-06,4427.276989688798,2213.638494844399,2213.6384993381366,1242.8364571482239,0.15
-1.4183607444463988,170.2827542062892,-202.39161199619548,4412.5425187949,4.134676218571468e-06,4412.542514660224,2206.271257330112,2206.2712614647885,1232.8632809259657,0.15
-1.1994267854319307,169.67777521293647,-203.10728474808187,4370.543599783817,4.246197214427413e-06,4370.54359553762,2185.27179776881,2185.271802015007,1225.1659415602212,0.15
-2.0583269889197937,170.27020223550247,-203.3287127513144,4056.753454047077,4.2223224005485895e-06,4056.7534498247546,2028.3767249123773,2028.3767291346996,1137.1164959577998,0.15
-1.0763781174349238,169.1233118686476,-203.98709953062288,4289.472483304413,4.6283539002905735e-06,4289.472478676059,2144.7362393380295,2144.7362439663834,1214.416602092877,0.15
-1.816236924233448,169.7084174053101,-203.9312705100889,4299.108991946842,4.434563615651765e-06,4299.108987512279,2149.5544937561394,2149.554498190703,1213.1511834067644,0.15
-2.1789500800153068,170.9737453231716,-202.4464265969669,3968.350382742581,3.323967717670008e-06,3968.3503794186136,1984.1751897093068,1984.1751930332744,1106.8344136504047,0.15
12.677095455587253,165.92480634058336,-200.0838361307169,3329.859418413248,1.6585022979562942e-05,3329.859401828225,1664.9297009141126,1664.9297174991354,869.1444662210056,0.15
13.113946484060882,165.93537160062073,-199.7469224762636,4051.224537002487,4.554597234662378e-05,4051.224491456515,2025.6122457282574,2025.6122912742296,1035.5414849025947,0.15
12.452321202047589,165.79058369855252,-199.61398900614583,3102.3363809732964,4.2071860279083455e-05,3102.336338901436,1551.168169450718,1551.1682115225783,800.9223797530456,0.15
4.625329912159239,167.51936252961556,-199.617285773316,2267.8769925705706,4.179307232094407e-06,2267.8769883912632,1133.9384941956316,1133.938498374939,609.1102659276801,0.15
4.947610538805665,167.28261194890055,-199.8578182743504,2134.2811753349374,4.268881170409028e-06,2134.2811710660562,1067.1405855330281,1067.1405898019093,574.839257727242,0.15
5.387206022361672,167.0873784337894,-199.81438739027809,1891.716854537226,4.5946179588095926e-06,1891.7168499426082,945.8584249713041,945.8584295659219,509.84619530779645,0.15
13.7018788926,166.110891829,-199.85736893,4537.18633708311,4.781022431414844e-05,4537.186289272885,2268.5931446364425,2268.593192446667,1154.8618442965235,0.15
13.39145417139092,166.17377841627422,-200.40860085342317,3925.2012189517927,1.7830019703433743e-05,3925.201201121773,1962.6006005608865,1962.6006183909062,1017.3323401938084,0.15
12.7135269090148,166.0656615852623,-200.6340612437591,3758.7942853609775,8.153868473835534e-06,3758.794277207109,1879.3971386035546,1879.397146757423,983.4999579124267,0.15
12.26206416227101,165.95943550058675,-200.56127350255375,3529.644453126833,9.122945261509115e-06,3529.6444440038877,1764.8222220019438,1764.8222311248892,926.472887743651,0.15
11.931132101465964,165.81597299388395,-200.09403104242352,2937.6996339416096,1.4206477131445313e-05,2937.6996197351323,1468.8498098675661,1468.8498240740435,772.6479656476923,0.15
11.094681308958569,165.7436300196514,-199.98488958965055,2466.5689306227446,1.4283530912760365e-05,2466.5689163392135,1233.2844581696068,1233.2844724531378,654.981660429792,0.15
10.179842873856916,165.75513698473077,-199.8401955747718,1881.8819506558705,1.5816225764918664e-05,1881.8819348396446,940.9409674198223,940.9409832360482,492.2014284234493,0.1
9.214777094101684,165.8738956056087,-199.63381868357885,1227.4973473313803,1.3482036136013389e-05,1227.4973338493442,613.7486669246721,613.7486804067082,318.00375193520324,0.1
5.753211327223515,166.8329461486445,-200.2222286906984,1726.9756206970642,4.7887142881923685e-06,1726.97561590835,863.487807954175,863.4878127428892,473.15565692100137,0.15
7.689743260104573,166.2213001127022,-199.8470868408132,862.1592679617561,7.631820843156703e-06,862.1592603299353,431.0796301649676,431.07963779678846,257.38696713588627,0.1
6.396593649877152,166.6472438742141,-199.89905965804152,1305.0593799834212,5.493050792004618e-06,1305.0593744903704,652.5296872451852,652.529692738236,361.0670073208433,0.15
5.08978267987464,167.0745158956815,-200.38197090143743,2127.5154055950047,3.975225182913613e-06,2127.5154016197794,1063.7577008098897,1063.757704785115,581.6141677342274,0.15
4.2022956864117305,167.67951205830704,-199.81510988905063,2566.457410335344,3.853643534656583e-06,2566.4574064817,1283.22870324085,1283.2287070944938,691.8709065000693,0.15
4.597851537862456,167.36855645772573,-200.14629026304377,2414.939024751444,3.883758573420252e-06,2414.9390208676855,1207.4695104338427,1207.4695143176011,654.0232571416866,0.15
13.033825283702557,166.25274219025195,-201.02128594847565,4121.567388395653,7.255568094373366e-06,4121.567381140086,2060.783690570043,2060.7836978256105,1078.9001422480212,0.15
11.600635077846569,165.9173624206281,-200.81278298364649,3594.6778815288167,7.577848523075173e-06,3594.677873950968,1797.338936975484,1797.3389445533326,948.2724038046316,0.15
12.305476684402214,166.09640538450893,-201.0845375145543,4053.0462885893007,6.948520551922212e-06,4053.0462816407803,2026.5231408203902,2026.5231477689106,1066.0607389741274,0.15
10.481762792259875,165.82645253021636,-200.70955971763252,2976.332733856683,7.628385730636429e-06,2976.332726228297,1488.1663631141485,1488.1663707425344,794.6152605900222,0.15
3.728841426428149,167.90127397192325,-199.9306845910287,2873.390047138951,3.5490450701227817e-06,2873.390043589906,1436.695021794953,1436.6950253439982,777.6664488376659,0.15
9.40743540131616,165.85970028457825,-200.5339265531857,2234.0456396523737,7.951237070586378e-06,2234.0456317011367,1117.0228158505683,1117.0228238018053,599.5357806628926,0.1
8.471083873292775,166.00088850371367,-200.21086183229207,1458.6108142693045,7.780846061177011e-06,1458.6108064884584,729.3054032442292,729.3054110250753,392.3327951672471,0.1
10.750144126019071,165.97466147402636,-201.54650609504316,3927.3685440407776,5.747555856440402e-06,3927.3685382932217,1963.6842691466109,1963.6842748941667,1052.7719256435814,0.15
3.187477837168711,168.1814583309905,-200.02301317125944,3188.6114877835844,3.321717925103602e-06,3188.6114844618664,1594.3057422309332,1594.3057455526512,866.8371744378476,0.15
4.050250116812422,167.5875261246958,-200.329473395942,2764.887367383324,3.651388250999581e-06,2764.8873637319357,1382.4436818659678,1382.4436855173562,752.715257641006,0.15
2.635010284229261,168.50709404070392,-200.05673945319305,3489.5199519394027,3.0462479511570223e-06,3489.519948893155,1744.7599744465774,1744.7599774928253,952.0013427719157,0.15
5.538968584811699,166.76337809034337,-200.96574725322156,1926.0015295728444,4.160467915106971e-06,1926.0015254123766,963.0007627061883,963.0007668666561,542.5125660969913,0.15
6.971722308396365,166.3841953073218,-200.29782420269615,1139.9473434878023,5.245106285322179e-06,1139.947338242696,569.973669121348,569.9736743664542,331.8441929956568,0.15
6.273276831194418,166.56191244090488,-200.63960131007332,1518.211608618127,4.501927015541266e-06,1518.2116041162,759.1058020581,759.105806560027,432.0023530948528,0.15
7.673240754440999,166.14464642838635,-200.80342591347585,1646.1060507072914,5.944267842192449e-06,1646.1060447630236,823.0530223815118,823.0530283257796,455.22602569372566,0.1
6.841697940459111,166.32466412171735,-201.13591706213535,1630.280961086273,4.795380106328989e-06,1630.2809562908928,815.1404781454464,815.1404829408266,466.00266448337663,0.1
8.54305331924174,165.9828588800038,-201.24794851563905,2396.815305502546,5.672047652760556e-06,2396.815299830498,1198.407649915249,1198.4076555872969,650.0157652959839,0.1
9.65464249932131,165.91437237262525,-201.41104513363572,3190.926209239949,6.085401772076607e-06,3190.9262031545472,1595.4631015772736,1595.4631076626754,870.2134834080282,0.15
4.489665979904876,167.24188445003526,-200.76456111003364,2521.543880741477,3.663659776280832e-06,2521.5438770778173,1260.7719385389087,1260.7719422025684,693.8129684748258,0.15
4.929935334381471,166.9822361772511,-201.0420211185351,2264.3817011617875,3.890292773763529e-06,2264.381697271495,1132.1908486357474,1132.19085252604,630.9705882331574,0.15
6.014020231045249,166.5251381918388,-201.4452323630892,1851.6606347429072,3.99493738474088e-06,1851.66063074797,925.830315373985,925.8303193689222,541.5033266027687,0.15
12.616840546714958,166.35186068400571,-201.70978381243768,4504.4501842737,5.599363203946825e-06,4504.450178674337,2252.2250893371684,2252.2250949365316,1189.7408477583658,0.15
11.782219216949168,166.15359767596826,-201.69085139998435,4381.700696332761,5.9207104001166825e-06,4381.700690412051,2190.8503452060254,2190.850351126736,1164.5660670736877,0.15
11.1140344257284,166.2419241952145,-202.47389948192756,4609.263033182889,5.735647270184204e-06,4609.263027447241,2304.6315137236206,2304.631519459268,1242.2272898507565,0.15
12.130770641202664,166.47465090573849,-202.48283540433405,4719.364859118476,4.597317743317244e-06,4719.364854521158,2359.682427260579,2359.6824318578965,1262.0318653768647,0.15
3.499272688512899,167.81164977800412,-200.5298568167155,3105.2994846788247,3.4539764168393807e-06,3105.2994812248485,1552.6497406124242,1552.6497440664004,849.3759017231878,0.15
3.9217995113819377,167.43282187285297,-201.02294638236316,2870.577274137149,3.536827245137412e-06,2870.5772706003218,1435.2886353001609,1435.288638836988,792.2074382448296,0.15
5.159839263945311,166.76554553038318,-201.6763510698668,2215.424941074945,3.849677140873209e-06,2215.4249372252675,1107.7124686126338,1107.712472462311,637.0825315618566,0.15
4.435066592324468,167.08437101620746,-201.4637006713032,2551.125494315907,3.4648610263939003e-06,2551.125490851046,1275.562745425523,1275.562748890384,715.7698794775497,0.15
9.974814802445175,166.06145116200102,-202.32493228666823,4063.4365228987263,5.762762185685203e-06,4063.436517135964,2031.718258567982,2031.7182643307442,1109.4210133538652,0.15
8.77226921956974,166.02339943544237,-202.2092468695159,3377.599970122817,5.885170999574979e-06,3377.599964237646,1688.799982118823,1688.799988003994,935.4470913177976,0.1
2.878792956322133,168.12263267926818,-200.6317675017256,3467.573106187991,3.365264621930627e-06,3467.5731028227265,1733.7865514113632,1733.7865547766278,951.7708532462177,0.15
3.236193483235262,167.71245610427823,-201.21498992427468,3294.1239063725598,3.226007577755936e-06,3294.123903146552,1647.061951573276,1647.0619547992837,911.7571329850418,0.15
2.52521959841673,168.05796599184353,-201.3189653312756,3653.3685744346753,3.3915963963233247e-06,3653.368571043079,1826.6842855215396,1826.6842889131358,1011.6516098249723,0.15
2.246809783867011,168.4889935505438,-200.66567502681963,3796.1930570736417,3.2733220415916943e-06,3796.19305380032,1898.09652690016,1898.0965301734818,1045.0475748133297,0.15
6.521031219775651,166.33895912163817,-201.8853863165481,2075.581667522825,4.417577626790683e-06,2075.581663105247,1037.7908315526236,1037.7908359702012,589.1459848228926,0.1
5.835542781722692,166.48217619076,-202.2062184989882,2222.889407330365,3.853217126230505e-06,2222.889403477148,1111.444701738574,1111.444705591791,641.6606311706364,0.1
6.657310973080019,166.26898955744042,-202.6506640577941,2862.5146251609804,4.282799823790118e-06,2862.5146208781807,1431.2573104390904,1431.25731472189,798.8038556928643,0.1
7.5023217133594144,166.13837114114966,-201.99964660057503,2565.3840063613525,5.479661988374305e-06,2565.3840008816906,1282.6920004408453,1282.6920059205072,709.2663939310513,0.1
9.087828864295425,166.1577067634155,-203.1582281109842,4188.817054216139,5.130924599061366e-06,4188.817049085214,2094.408524542607,2094.4085296735316,1165.145472604179,0.15
5.07250069578351,166.6648242641789,-202.46491007644772,2451.688536494477,3.658359989958854e-06,2451.688532836117,1225.8442664180584,1225.8442700764185,718.3383513249188,0.1
11.56466893336554,166.6243866239631,-203.3504079426654,4816.405664446555,5.186656349810532e-06,4816.405659259899,2408.2028296299495,2408.202834816606,1303.0882027419734,0.15
10.372763653408605,166.34488617506744,-203.3197842436627,4707.979635711358,4.708927901626458e-06,4707.97963100243,2353.989815501215,2353.989820210143,1286.5289175400899,0.15
3.744199728177449,167.30162328424123,-201.7602033191721,2945.297485199732,3.6715775664997086e-06,2945.2974815281545,1472.6487407640773,1472.6487444356546,826.2931355521084,0.15
4.397691020742249,166.93268278887598,-202.20652042093863,2563.0704644384,3.601821710183896e-06,2563.070460836578,1281.535230418289,1281.535234020111,737.436520637689,0.15
7.824456391652813,166.1373393714892,-202.9770780349812,3589.615024179362,5.062239673057865e-06,3589.6150191171223,1794.8075095585612,1794.807514620801,995.3247385409882,0.1
5.597333877593445,166.44650874183776,-203.244110726106,3062.2560238904184,4.231277504475779e-06,3062.2560196591407,1531.1280098295704,1531.128014060848,869.7334182669065,0.1
4.528320541480822,166.72257748892648,-203.16772858893825,2848.0824733188565,3.6547390166168018e-06,2848.0824696641175,1424.0412348320588,1424.0412384867977,833.785385952004,0.1
2.91943891606847,167.6086514649617,-202.00909424483584,3395.377981821253,3.686456625516075e-06,3395.377978134796,1697.688989067398,1697.6889927538548,951.3839195409996,0.15
1.7994932374397556,168.46661621452748,-201.36143209704568,4034.5386599176913,3.2058702965066315e-06,4034.538656711821,2017.2693283559106,2017.2693315617807,1119.6538115965652,0.15
2.1267553916974906,167.99024332152229,-202.07889203034236,3796.981132152368,3.203285679954635e-06,3796.981128949082,1898.490564474541,1898.490567677827,1060.9631442494451,0.15
5.976082697992288,166.3572353403018,-204.2468945523612,3628.755189993305,4.826583147512817e-06,3628.7551851667217,1814.3775925833609,1814.3775974099442,1025.4217383342998,0.1
6.849866716118055,166.25273451917667,-203.6841174750368,3612.4617076009167,4.780336825235445e-06,3612.46170282058,1806.23085141029,1806.2308561906268,1009.9547067462763,0.1
8.113065474924241,166.26922024898394,-204.0925344914036,4260.034684052324,4.918386233008419e-06,4260.034679133938,2130.017339566969,2130.0173444853554,1191.9558451910507,0.1
9.529690972474055,166.46119394998794,-204.25486084248496,4625.995409033668,4.720081410264191e-06,4625.995404313587,2312.9977021567934,2312.9977068768744,1285.1509266038984,0.15
10.90632548288738,166.80340663432438,-204.32441538546863,4765.677035269474,3.660388876047056e-06,4765.677031609085,2382.8385158045426,2382.8385194649313,1306.1198975027867,0.15
3.5076711523089803,167.1440121726505,-202.75830700850628,3027.0714424834,3.572324315893022e-06,3027.071438911076,1513.535719455538,1513.535723027862,869.6697961737731,0.15
1.3095158225324095,168.44001606952625,-202.12028675894865,4149.108749840917,3.665713274648936e-06,4149.108746175204,2074.554373087602,2074.554376753315,1158.845152018099,0.15
2.5192076772536085,167.52979828445984,-202.8671911083172,3541.4421778330475,3.846189205330166e-06,3541.442173986858,1770.721086993429,1770.7210908396185,1008.8471364765214,0.15
2.9157398552446794,167.19317191257946,-203.50699057940489,3299.3720506498234,4.364832799640472e-06,3299.3720462849906,1649.6860231424953,1649.6860275073282,959.85196992222,0.15
1.671809902283662,167.9187102422245,-202.9329670493444,3877.288418842023,4.270738479455891e-06,3877.2884145712846,1938.6442072856423,1938.6442115563807,1094.8724763388625,0.15
3.707531446985448,166.86004317661707,-203.8367045019388,3128.372224002981,4.051239922615392e-06,3128.372219951741,1564.1861099758705,1564.1861140271105,927.5001734117714,0.1
4.8231784510587845,166.53184579390955,-204.31480633413287,3469.306833017806,4.87388540597476e-06,3469.306828143921,1734.6534140719605,1734.6534189458457,998.693271330551,0.1
10.142780021965356,167.0117024502335,-205.41930541445117,4494.097788594833,4.499321522375099e-06,4494.097784095512,2247.048892047756,2247.048896547077,1248.8541438220639,0.15
6.922948692466561,166.38545249554824,-205.14310048283448,4424.422908682344,4.710261582638305e-06,4424.422903972083,2212.2114519860415,2212.211456696303,1249.3379832979272,0.1
5.6721432389541455,166.4085596809938,-205.08121236003743,4052.669142047916,4.820172780597135e-06,4052.6691372277432,2026.3345686138716,2026.3345734340444,1155.494089249473,0.1
8.559799349204367,166.59430234641997,-205.33160730876853,4542.94020110382,4.474334059082545e-06,4542.940196629486,2271.470098314743,2271.470102789077,1282.9973342988765,0.15
0.630303198503655,168.37649992741942,-203.22877723318075,4232.092540238523,4.3153614754900834e-06,4232.092535923161,2116.0462679615807,2116.046272276942,1194.894010899518,0.15
2.131732378961206,167.42699672089006,-203.8089584504808,3621.124081391887,3.905589225676769e-06,3621.1240774862977,1810.5620387431488,1810.5620426487383,1048.5447388461507,0.15
2.766505239059317,167.02744395092674,-204.52596032696707,3597.493636750949,4.834963397761754e-06,3597.4936319159856,1798.7468159579928,1798.7468207929562,1069.0927822277313,0.15
1.2726164306206114,167.81487889899364,-203.807733370148,3947.882709566339,4.636297261954218e-06,3947.882704930042,1973.941352465021,1973.941357101318,1134.851104650076,0.15
0.4535202304232458,168.0115055961513,-204.41786607373652,4083.755577901749,4.517293242527418e-06,4083.7555733844556,2041.8777866922278,2041.877791209521,1174.407680303729,0.15
9.261011641572988,167.24438019149707,-206.6537808773106,4150.411705654586,4.397469280752056e-06,4150.411701257116,2075.205850628558,2075.2058550260276,1171.1770700189593,0.15
4.885133306334775,166.48756485081364,-205.4188684007977,4107.976589445996,5.0475435125944696e-06,4107.976584398452,2053.988292199226,2053.98829724677,1184.317403926929,0.1
3.787569760838787,166.6719021369823,-205.16694181328248,3715.273073383565,5.058683480542554e-06,3715.2730683248815,1857.6365341624407,1857.6365392211244,1092.2949286166584,0.1
7.558742109922728,166.76301108935905,-206.60158356630663,4471.849822014945,4.868530904070739e-06,4471.849817146414,2235.924908573207,2235.9249134417378,1280.9220427241914,0.1
5.872126825017924,166.5036642670079,-206.29116966200448,4553.892037727678,4.688400738002686e-06,4553.8920330392775,2276.9460165196388,2276.9460212080394,1309.3254188803683,0.1
-0.204181249033372,168.5783338314155,-203.92676428065093,4308.399532835121,4.447848768562461e-06,4308.399528387273,2154.1997641936364,2154.1997686414848,1224.6995064653222,0.15
1.486454545256423,167.38550067174592,-204.93759533302443,3897.142954690364,4.840763343263835e-06,3897.142949849601,1948.5714749248004,1948.5714797655637,1148.6139909927308,0.15
4.110543211094094,166.5655129206719,-206.61776116953268,4367.429266849119,5.067090632794881e-06,4367.429261782028,2183.714630891014,2183.7146359581047,1284.0540390479716,0.1
2.6164594531990497,166.8430524706653,-205.94586059197684,4027.699682110615,5.16026340062775e-06,4027.6996769503517,2013.8498384751758,2013.8498436354391,1209.5881663609207,0.1
0.1982401772701552,167.7070268651833,-205.69448423641208,4173.939584456584,5.03105920862979e-06,4173.939579425525,2086.9697897127626,2086.9697947438217,1232.3380976913922,0.15
-0.612498496182586,168.41290379072532,-204.8923717997725,4306.179387805107,4.745071606128012e-06,4306.179383060035,2153.0896915300177,2153.089696275089,1240.2258729218343,0.15
8.251126360384262,167.4863523326148,-208.05176457058835,3618.279110194168,4.575609335709893e-06,3618.279105618559,1809.1395528092794,1809.1395573848886,1043.2352183267665,0.15
5.125705270034001,166.5981381600503,-207.3356698347248,4570.952589015512,5.437064816755425e-06,4570.952583578447,2285.4762917892235,2285.4762972262884,1341.7421692465625,0.1
6.312689346395727,166.9210870726763,-208.1479454245376,4250.82852215212,5.070015941643531e-06,4250.828517082105,2125.4142585410523,2125.414263611068,1248.5106298252483,0.1
4.327916477521867,166.67423826860548,-208.46182385237407,4607.4773492565455,5.28397705205904e-06,4607.477343972569,2303.7386719862843,2303.738677270261,1380.5601895148131,0.1
1.3076427404639628,167.08447074716528,-206.576506259828,4136.685182032007,4.994953044488475e-06,4136.685177037054,2068.342588518527,2068.34259351348,1257.1409529453726,0.15
2.6256250285053504,166.69717806899314,-207.51163252271675,4574.022520756221,5.216818266975604e-06,4574.022515539403,2287.0112577697014,2287.0112629865193,1383.5201377518324,0.1
7.133998993714487,167.69881164787287,-209.61449289399428,2974.825434786178,4.8319796560207815e-06,2974.825429954198,1487.412714977099,1487.412719809079,883.2926518567687,0.15
5.679194438382623,167.13424180842702,-209.5532326581336,3700.1208828894937,5.144987786648607e-06,3700.120877744506,1850.060438872253,1850.0604440172408,1117.4572867430809,0.15
6.1332432090943385,193.08181603651863,-199.7648446672881,2029.9059108868823,2.556382018637655e-06,2029.9059083305003,1014.9529541652502,1014.9529567216322,599.0762980733479,0.1
6.897715380960088,193.3692525523024,-200.28538679520835,1889.9699028308844,2.4428170536388603e-06,1889.9699003880673,944.9849501940337,944.9849526368507,570.4647875746348,0.1
6.924542396372924,193.89657896844585,-201.16483246912424,1856.637967524903,2.441654048769855e-06,1856.637965083249,928.3189825416245,928.3189849832785,571.1541884643768,0.1
6.079285951854004,193.6456244181816,-200.61696238328005,2026.720161165896,2.7518008751749656e-06,2026.720158414095,1013.3600792070475,1013.3600819588484,608.2701933834225,0.1
5.1744195334644765,193.28973261385903,-200.04658905565097,2298.944070972418,3.091223598781997e-06,2298.9440678811943,1149.4720339405972,1149.472037031821,677.9041236097478,0.1
6.0944538204605045,194.2603997569192,-201.55895682383905,1881.826695055899,2.729407596439924e-06,1881.8266923264914,940.9133461632457,940.9133488926534,577.8550311799498,0.1
6.962970629778036,194.47453068779888,-202.1310428611106,1749.241548326964,2.673022243935072e-06,1749.2415456539418,874.6207728269709,874.6207754999931,550.4143277426648,0.1
7.015857514877462,195.0820465469166,-203.1616553881109,1598.6230765745258,3.6812163854169e-06,1598.6230728933094,799.3115364466547,799.3115401278711,516.0501842606917,0.1
5.99291497424454,194.88829460048763,-202.4975686258975,1758.3343280145589,3.404494470015125e-06,1758.3343246100644,879.1671623050322,879.1671657095267,551.805029695145,0.1
5.291165549487851,194.5397890875689,-201.80132970179028,1964.7743925923205,3.4084407756991622e-06,1964.7743891838797,982.3871945919399,982.3871980003806,602.8420122468716,0.1
4.681288255049897,195.2468433964112,-202.65374485281893,1936.009938389486,3.438731165479566e-06,1936.0099349507548,968.0049674753774,968.0049709141086,591.9428402998092,0.15
7.170923060150463,196.3979591170015,-205.35366821099907,1286.9208399540248,3.004570624566872e-06,1286.9208369494543,643.4604184747271,643.4604214792977,402.35764669145135,0.3
6.039708166486188,196.41403508125828,-204.861904690112,1186.4138614022906,3.263241195007554e-06,1186.4138581390494,593.2069290695247,593.206932332766,373.8575317281708,0.3
7.086900118881069,195.7104509713152,-204.2380615458157,1511.0759596131677,3.723203889011753e-06,1511.0759558899638,755.5379779449819,755.5379816681858,475.21502930786795,0.3
5.8296230640529245,195.629777858943,-203.57442353596548,1503.354012461846,3.541680025000738e-06,1503.354008920166,751.677004460083,751.6770080017629,483.9116726838663,0.1
5.095159212443163,196.28278164928648,-204.26344808217684,1453.358099400965,3.482015110582396e-06,1453.35809591895,726.679047959475,726.6790514414901,454.33057112050125,0.15
4.713841301149024,195.93809374096912,-203.62820122695868,1583.8684554247334,2.8342922732825862e-06,1583.8684525904412,791.9342262952206,791.9342291295128,489.93344465614496,0.15
3.6544531786390406,195.99171567466456,-203.3902586809513,2075.428002387757,3.0314103340995818e-06,2075.4279993563464,1037.7139996781732,1037.7140027095836,612.5387358685318,0.15
3.1493622394215484,195.21759611294215,-202.3702340255537,2287.5604372793227,3.1321313582787447e-06,2287.5604341471912,1143.7802170735956,1143.7802202057271,675.7352006667944,0.15
4.290438657038325,196.4116689359153,-204.1442565182348,1558.8353204934174,3.066758609602604e-06,1558.8353174266588,779.4176587133294,779.417661780088,474.11696913097126,0.15
3.1014806143173304,196.94943112093767,-204.47704846024092,1805.9402015030048,3.7810520241567897e-06,1805.9401977219527,902.9700988609763,902.9701026420285,521.279520238153,0.15
4.102041823757055,194.4565808254177,-201.5236015619417,2283.2111460508813,3.142824236515588e-06,2283.211142908057,1141.6055714540284,1141.6055745968529,691.9428351932867,0.15
5.21466292912915,193.97119524349372,-200.98236449382009,2204.6366324828127,2.9320778598533985e-06,2204.636629550735,1102.3183147753675,1102.3183177074452,663.3218691376652,0.1
4.438129558225955,193.64519431278785,-200.5281373393802,2357.882787080841,3.157199442115302e-06,2357.8827839236415,1178.9413919618207,1178.9413951190202,703.7557691427867,0.1
1.7980748050731652,195.02807264605383,-202.16423581085124,2189.593604040189,3.4952070277986214e-06,2189.5936005449817,1094.7968002724908,1094.796803767698,648.4055363501077,0.15
2.6888820381275083,194.2866404173094,-201.3731216821637,2169.241560333691,2.696828082433528e-06,2169.2415576368626,1084.6207788184313,1084.6207815152595,658.4700727991458,0.15
4.0947786282114365,193.09059312771743,-199.9522173992316,2119.883247127388,2.365509557191145e-06,2119.8832447618784,1059.9416223809392,1059.941624746449,628.2267511345985,0.1
3.44937125868285,193.6428586077257,-200.6385029069692,2147.703069136172,2.5552455464457574e-06,2147.7030665809266,1073.8515332904633,1073.8515358457087,648.5001839435357,0.1
1.7131073304298678,199.20738912220023,-207.05676681366305,1391.2200106971168,3.6136408098720726e-06,1391.220007083476,695.610003541738,695.6100071553788,394.6029057935512,0.15
2.2946165926134703,198.54478227619185,-206.3388681251033,1356.6092185734085,3.433644160199431e-06,1356.6092151397643,678.3046075698821,678.3046110035264,384.1367888112048,0.15
2.561865814483159,199.2114055496704,-207.4409126978191,1214.88775347321,3.365571710495151e-06,1214.8877501076383,607.4438750538192,607.4438784193909,351.72573375493266,0.15
1.2795589173268238,198.944482110556,-206.5145691444617,1590.236888731321,4.069563687990571e-06,1590.2368846617574,795.1184423308787,795.1184464004423,446.5314538359016,0.15
4.645148726194252,197.05625475767005,-205.2005885962973,1212.2120925794472,3.571070709991044e-06,1212.2120890083766,606.1060445041883,606.106048075259,372.63316402626504,0.15
6.077006695760984,197.12542345289583,-205.9437419793229,1057.2577314563423,3.930534075515016e-06,1057.2577275258081,528.6288637629041,528.6288676934382,336.98890764046416,0.15
3.666705261163262,198.6045313594342,-207.02722885234425,928.9305197824084,3.1206666668373594e-06,928.9305166617418,464.4652583308709,464.4652614515375,279.6381763287445,0.15
4.868434418429262,197.88990795402157,-206.52064249052225,946.1412772861108,3.946460439984322e-06,946.1412733396504,473.0706366698252,473.07064061628563,294.7353067820464,0.15
2.2721931177419745,196.116954583483,-203.3027162817349,2227.054617948472,4.097312016283576e-06,2227.05461385116,1113.52730692558,1113.5273110228918,646.2526194388804,0.15
1.235071357256803,197.1359350697103,-204.30433703680413,2092.4419921593617,4.140811573594166e-06,2092.44198801855,1046.220994009275,1046.2209981500866,592.5773426338823,0.15
2.2787400719007853,197.8188372155393,-205.35143880673388,1683.25306518262,4.174050853503502e-06,1683.2530610085691,841.6265305042846,841.6265346783355,476.62453036317356,0.15
3.535410178811277,197.8250233487473,-205.83030962048468,1240.2565417531398,3.7944846605149622e-06,1240.2565379586551,620.1282689793276,620.1282727738122,365.0877940536803,0.15
1.065487257273409,198.24714862173207,-205.55395059658176,1836.291951158301,4.239164090243872e-06,1836.2919469191368,918.1459734595684,918.1459776987325,513.867204719669,0.15
0.0475907799215786,198.0004157800821,-205.1184614531569,1913.174684468834,4.241865946696336e-06,1913.174680226968,956.587340113484,956.58734435535,532.7162369721373,0.15
0.7495112154048602,195.8815123141672,-203.0022547411789,2125.4338417134863,3.802464734091077e-06,2125.433837911022,1062.716918955511,1062.7169227579755,614.168134488328,0.15
-0.4622403809210434,196.84070460269547,-203.90998283083724,1998.9113881143376,4.032652555039531e-06,1998.911384081685,999.4556920408425,999.4556960734951,566.3963570354533,0.15
3.688223700232688,199.32866948492205,-208.1497403238123,1465.314358810175,3.777305637529821e-06,1465.3143550328693,732.6571775164347,732.6571812937403,430.1483877886231,0.15
7.348552444272829,197.22762117950663,-206.66855005353403,1462.9209641212956,4.018977228031279e-06,1462.9209601023183,731.4604800511592,731.4604840701364,437.5263252249962,0.15
6.2744767371910175,197.99926884158756,-207.32248674686056,1352.9780740962613,4.237654900174595e-06,1352.9780698586064,676.4890349293032,676.489039166958,407.3398914534021,0.15
2.34915504384624,199.91679210624736,-208.483554761146,1722.644758187463,3.831643329072399e-06,1722.6447543558195,861.3223771779097,861.3223810095532,499.08105884847424,0.15
3.421591214168616,199.99157173541525,-209.22464494694603,2067.0195822412675,4.1099817731799135e-06,2067.019578131286,1033.509789065643,1033.5097931756245,602.3687544205895,0.15
4.872219842448053,199.5322242729331,-209.2082669442572,1986.2772305138544,4.887667848562544e-06,1986.2772256261865,993.1386128130932,993.1386177007612,584.3021959342946,0.15
4.082370863223344,200.1692508809767,-210.1982437494548,2364.182861092396,4.9670843796767205e-06,2364.1828561253114,1182.0914280626557,1182.09143302974,689.719912249288,0.15
4.981486353248023,198.7406975569034,-207.84220843502757,1317.4444159745333,4.202721666503058e-06,1317.4444117718117,658.7222058859059,658.7222100886274,393.9381056622344,0.15
2.126293533767875,200.46438276316127,-209.47439728158224,2244.4887756080466,4.244447558942824e-06,2244.488771363599,1122.2443856817995,1122.244389926247,648.4939513655984,0.15
2.919153465583453,200.5790988210624,-210.4652358074477,2623.6930358904688,4.668420726190351e-06,2623.693031222048,1311.846515611024,1311.8465202794448,757.095287597139,0.15
1.5882703498253148,200.93436200224343,-210.6040683157593,2582.273096797566,4.662927344157848e-06,2582.2730921346383,1291.1365460673192,1291.1365507302467,740.9943678018993,0.15
1.346434834280568,201.09709505081972,-211.66673032057787,2468.8526411780585,4.720979294004334e-06,2468.8526364570794,1234.4263182285397,1234.4263229495189,704.7288379266147,0.15
2.5264818591021383,200.85746625026025,-211.6080150484214,2569.972745778819,4.859208168124743e-06,2569.9727409196107,1284.9863704598054,1284.9863753190136,736.2991714382939,0.15
4.070159833377774,200.4355872053683,-211.4365618713641,2452.419491332128,4.82111171584732e-06,2452.419486511016,1226.209743255508,1226.20974807662,710.0094477419202,0.15
5.62202352379274,199.84122708200096,-210.93470537782989,2245.7248161330303,5.13207686816106e-06,2245.7248110009537,1122.8624055004768,1122.8624106325535,661.4515407912029,0.15
6.3760819791903565,198.98206223585305,-209.15482364395424,2018.6330536187884,5.1121448976836575e-06,2018.6330485066435,1009.3165242533217,1009.3165293654666,596.2094290892503,0.15
7.643257652460059,198.02713111507552,-208.19029799065424,2258.994898119249,5.197941917861196e-06,2258.994892921307,1129.4974464606535,1129.4974516585953,654.8517091977407,0.15
8.07019367712713,198.56702954634463,-209.9987785351378,2586.5164141543896,5.644560365807212e-06,2586.516408509829,1293.2582042549145,1293.258209899475,748.6427416135059,0.15
7.119596187288483,199.2206436116582,-210.87068666200025,2242.656690821909,5.481364350034653e-06,2242.6566853405443,1121.3283426702721,1121.3283481516366,658.2400092422552,0.15
21.6684952795,176.834071737,-199.986120944,4991.154947414298,4.308148368567815e-05,4991.154904332814,2495.577452166407,2495.5774952478905,1250.2123172899298,0.15
21.539635594627796,176.2426118042308,-200.05255494053216,4739.5943330069495,4.055236787634727e-05,4739.594292454582,2369.797146227291,2369.7971867796587,1187.4960515337407,0.15
21.57899936461445,176.66885094839836,-200.5840228503558,4225.350159195968,1.7447090764439487e-05,4225.350141748878,2112.675070874439,2112.6750883215295,1069.9208088408714,0.15
21.72114572857437,177.318828735992,-200.41804918213063,4058.884789446484,1.5032246746355616e-05,4058.884774414237,2029.4423872071186,2029.4424022393653,1024.403990032399,0.15
21.43525788234551,176.02071636941278,-200.6906195270245,4313.398924111511,1.5853676212955086e-05,4313.3989082578355,2156.6994541289178,2156.6994699825937,1094.1841632627093,0.15
21.38949859134013,175.5860846846276,-200.1246157456989,4646.716257758337,3.9151482716390025e-05,4646.716218606854,2323.358109303427,2323.3581484549095,1165.440977736827,0.15
14.146208604685988,166.27254020000294,-199.9361121599896,4863.663711852213,4.449841207001578e-05,4863.663667353801,2431.8318336769007,2431.8318781753123,1236.7947597623718,0.15
13.7018788926,166.110891829,-199.85736893,4838.48017579837,4.6552011864328216e-05,4838.480129246358,2419.240064623179,2419.2401111751906,1230.811690569746,0.15
13.857589046071832,166.2909862075553,-200.32659047091525,4226.991151734608,2.041317132920245e-05,4226.991131321437,2113.4955656607185,2113.4955860738896,1090.0514524584523,0.15
21.769411784316464,177.85333923445816,-200.87816125382312,3029.165933221088,7.676570479118335e-06,3029.1659255445174,1514.5829627722587,1514.5829704488292,766.0443976016676,0.15
21.622552365913883,177.19217016486178,-201.16867296937437,2801.647492946784,6.33363389461591e-06,2801.6474866131502,1400.8237433065751,1400.823749640209,712.0920558015484,0.15
21.466137998836004,176.46870766910732,-201.34021118407728,2865.32594650476,6.447819625616059e-06,2865.3259400569405,1432.6629700284702,1432.6629764762897,732.9346070342791,0.15
21.31246568042988,175.78450006609754,-201.42101041554017,2946.515211471949,6.50476698950519e-06,2946.515204967182,1473.257602483591,1473.257608988358,753.9148046051772,0.15
21.261601006196276,175.31959378918538,-200.85692910525117,4302.950939463964,1.3828376915005765e-05,4302.950925635587,2151.4754628177934,2151.47547664617,1094.196913996118,0.15
21.10407619139572,175.01283573541053,-201.622856261056,2769.5393775697125,6.369808304680406e-06,2769.539371199904,1384.769685599952,1384.7696919697605,712.146185907693,0.15
21.03206636948285,174.48860969256378,-201.0270441670784,4437.369871042706,1.6370663706995644e-05,4437.3698546720425,2218.6849273360212,2218.684943706685,1133.3752661631465,0.15
20.97671038226198,174.01047630960895,-200.28513463712252,4776.267041710496,3.773628790331619e-05,4776.267003974209,2388.1335019871044,2388.133539723392,1201.9573228876995,0.15
21.206677395291003,174.84489721020236,-200.2028153848933,4609.749778107815,3.756254754577166e-05,4609.749740545267,2304.8748702726334,2304.874907835181,1156.9526124903691,0.15
16.64421587566601,167.63709743675946,-200.30392324279293,6117.965763082684,3.858174723363951e-05,6117.965724500937,3058.9828622504683,3058.982900832216,1550.499951395628,0.15
15.94232218490431,167.17216778920962,-200.2139305711561,6045.637991967989,4.052201374191144e-05,6045.637951445976,3022.818975722988,3022.8190162450014,1533.592934790548,0.15
16.148038418901947,167.57254616431658,-200.9613510395883,4998.109631885261,1.899743708124755e-05,4998.1096128878235,2499.0548064439117,2499.054825441349,1275.4284870552783,0.15
17.395301766923374,168.22055713598445,-200.38613508851307,6786.826573301866,3.737906360097709e-05,6786.826535922803,3393.4132679614013,3393.413305340465,1724.0204960471983,0.15
16.86255901557402,168.1212399945411,-201.1520281417164,4397.850764923528,1.6424633014815886e-05,4397.850748498895,2198.9253742494475,2198.9253906740805,1118.3783519585936,0.15
15.295276384118202,166.80240159157336,-200.1213254088592,5831.45845813474,4.099885371126951e-05,5831.4584171358865,2915.7292085679433,2915.7292495667966,1479.2277807035812,0.15
14.703826484110554,166.50979045332338,-200.02923700214455,5269.241287487185,4.335276404712104e-05,5269.241244134421,2634.6206220672107,2634.6206654199746,1338.4512273814285,0.15
14.875604792815052,166.78226973640815,-200.62975835520825,4573.16098097058,1.5226015980317507e-05,4573.160965744563,2286.5804828722817,2286.580498098298,1177.1693751592059,0.15
14.292395759764188,166.49777964813472,-200.49881821698216,4557.7875322429645,2.00409391698135e-05,4557.787512202025,2278.8937561010125,2278.893776141952,1171.562662448847,0.15
15.505534922783754,167.15111324644252,-200.80718488771075,4678.937460340186,1.4821943366034562e-05,4678.937445518242,2339.468722759121,2339.4687375810645,1201.7498613675687,0.15
15.624494078321282,167.47781810175962,-201.47886406391515,3897.0568758340087,7.256922439240436e-06,3897.0568685770863,1948.5284342885432,1948.5284415454655,1010.8367989941805,0.15
15.07367459666492,167.09956697839507,-201.2432120233667,4138.030339758846,7.585066223981221e-06,4138.030332173779,2069.0151660868896,2069.0151736719563,1073.5009762730824,0.15
13.737257659369885,166.44253799414142,-200.9400574926124,4105.898130090353,8.550808775372164e-06,4105.898121539544,2052.949060769772,2052.949069320581,1070.0916672488825,0.15
14.461516595729522,166.76157498115225,-201.07403865527465,4130.761864098722,8.04283760681588e-06,4130.761856055885,2065.3809280279424,2065.3809360707796,1073.7678202238324,0.15
14.61442557327698,167.0356531055242,-201.62579142308908,4176.033978638758,6.496951455170478e-06,4176.033972141806,2088.016986070903,2088.0169925678547,1092.4258036249473,0.15
15.059566930389789,167.35851288099096,-201.9021189050058,4039.5229727833816,5.717400009144696e-06,4039.5229670659814,2019.7614835329907,2019.761489250391,1060.3220492555438,0.15
21.805405222802428,178.4419957259998,-201.36307039600055,2083.819350941771,6.23473886447403e-06,2083.819344707032,1041.909672353516,1041.909678588255,539.9603856704655,0.15
21.66569506496773,177.8514842729671,-201.81791317461077,1705.2968528851488,4.953847915527576e-06,1705.2968479313008,852.6484239656504,852.6484289194984,460.871122965872,0.15
21.73836535270836,178.63263730378637,-202.10889669245023,1345.1814574336277,4.506567829665261e-06,1345.1814529270598,672.5907264635299,672.5907309700978,400.50072881333193,0.15
21.58518555521365,178.08341388093663,-202.72327305833417,1256.5316432846075,3.934299238550534e-06,1256.5316393503083,628.2658196751541,628.2658236094534,415.86504325019183,0.15
21.177015600436285,175.5153947710966,-202.0610096949375,2074.075514661833,4.870272610565416e-06,2074.0755097915603,1037.0377548957802,1037.037759766053,553.9691105134738,0.15
21.474727953819244,176.90087556449708,-202.0424840534617,1768.9768915917211,4.528022100042424e-06,1768.976887063699,884.4884435318495,884.4884480598716,483.4370084761151,0.15
21.511711182827344,177.45197207767558,-202.54284538987184,1317.3744087960029,3.917024719470509e-06,1317.374404878978,658.687202439489,658.6872063565138,409.6421216573444,0.15
21.305151473841317,176.11376365465762,-202.13449972474447,1872.6860226029796,4.969825623356452e-06,1872.686017633154,936.343008816577,936.3430137864026,509.7606717376674,0.15
21.393776386444067,176.98735010695242,-202.81537297945428,1329.8252755903782,3.6998564199604815e-06,1329.8252718905217,664.9126359452608,664.9126396451173,427.4588734112395,0.15
21.30886349350003,176.45792246086526,-202.67756362614037,1443.0325857959288,4.213905592322092e-06,1443.032581582023,721.5162907910116,721.5162950049172,443.469408409814,0.15
20.766556089882418,173.65526167807562,-201.1612790616216,4479.737147784768,1.6817234331207882e-05,4479.737130967534,2239.868565483767,2239.8685823010014,1143.9699176166705,0.15
17.61830207010849,168.78611059256005,-201.3196773325105,4347.819025784457,1.5194272690140846e-05,4347.819010590185,2173.9095052950925,2173.9095204893647,1106.6496335337283,0.15
18.18172282767973,168.9523040903993,-200.45240718958576,5513.906516757695,3.21229632012856e-05,5513.906484634731,2756.9532423173655,2756.953274440329,1399.6098729651824,0.15
18.456160090402143,169.6688201960566,-201.4854741811364,4204.598110975833,1.8046510678429204e-05,4204.598092929323,2102.2990464646614,2102.2990645111718,1064.5503723968218,0.15
18.976182606304604,169.8672707750885,-200.4905445433012,5928.487786085156,3.5054306081482934e-05,5928.48775103085,2964.243875515425,2964.243910569731,1505.836326939092,0.15
19.229421641596893,170.63120395122203,-201.500264133915,4019.364096120064,1.76143998754221e-05,4019.364078505664,2009.682039252832,2009.682056867232,1017.2061670146277,0.15
19.698520016972385,170.9381094795828,-200.48606286659688,5642.075672228041,3.5830249073627955e-05,5642.075636397793,2821.0378181988963,2821.037854029145,1431.798839539958,0.15
20.675623745340555,173.076210748224,-200.3669785737027,4909.928516600233,3.627003623294392e-05,4909.928480330196,2454.964240165098,2454.9642764351347,1239.3237138705413,0.15
20.381259175927067,172.67950601101313,-201.3420923975376,4361.421699793026,1.6632998510949497e-05,4361.421683160028,2180.710841580014,2180.710858213012,1115.546564309704,0.15
20.264668333414704,172.04170213360646,-200.4392353905676,4484.066751850365,3.183381276071978e-05,4484.066720016553,2242.0333600082763,2242.033391842089,1134.396167660644,0.15
20.87077345898445,174.29805914138004,-201.87703498529183,2503.457106685875,6.457704501184623e-06,2503.4571002281705,1251.7285501140852,1251.7285565717896,650.6336118653079,0.15
20.992476321746583,174.9921446379267,-202.4283779238837,1921.4174061126405,5.385986017495103e-06,1921.4174007266545,960.7087003633272,960.7087057493133,526.641349996213,0.15
16.268978515723003,167.9836548521133,-201.7723341653985,3603.036652150545,6.647252730416618e-06,3603.036645503292,1801.518322751646,1801.5183293988987,934.6631015804961,0.15
16.98316594662893,168.61631771899383,-202.08464466657,2888.918223841837,6.441998007514803e-06,2888.9182173998392,1444.4591086999196,1444.4591151419174,754.4351835306082,0.15
17.743313812545594,169.3701547376604,-202.36367781439236,2621.84757791607,7.398833482412627e-06,2621.8475705172364,1310.9237852586182,1310.9237926574517,687.121754306464,0.15
21.402063772987383,177.4150808713472,-203.2812553896381,1514.9373668331202,3.630171494142291e-06,1514.9373632029487,757.4686816014744,757.4686852316458,479.37287330376626,0.1
13.38540281701652,166.58021744709305,-201.69364775628384,4424.721738218967,5.824701875986782e-06,4424.721732394266,2212.360866197133,2212.3608720218344,1164.135535533224,0.15
15.61883630185112,167.82928111104235,-202.2989415415128,3737.157657356048,5.232744103293131e-06,3737.1576521233037,1868.5788260616519,1868.578831294396,988.047917152747,0.15
14.086290496912032,166.83494390232153,-201.68376851877773,4312.933211241708,5.829639843196073e-06,4312.933205412068,2156.466602706034,2156.466608535674,1131.8894253598573,0.15
14.439848555585094,167.1713926014854,-202.15038627720264,4222.606790841619,5.191037175769704e-06,4222.6067856505815,2111.3033928252908,2111.303398016328,1114.0060440770546,0.15
14.990062474803608,167.64197673763152,-202.62240938787775,3996.4742487691706,4.543190946050153e-06,3996.4742442259794,1998.2371221129897,1998.2371266561809,1063.0603737979275,0.15
21.643993273733884,178.85348735814412,-202.95036840626656,1406.6233854195432,3.849756312058219e-06,1406.623381569787,703.3116907848935,703.3116946346497,457.781492415056,0.1
21.45741475491472,178.19512837603162,-203.6626076275915,1775.4813051099684,3.811078095712585e-06,1775.4813012988902,887.7406506494451,887.7406544605233,546.7511326816392,0.1
20.64766242395226,174.14197927547536,-202.91550031839145,1721.3676393517674,5.882121975460259e-06,1721.3676334696454,860.6838167348227,860.6838226169447,507.7491476946918,0.15
21.12057265778314,175.76091610084532,-202.9053836534655,1471.7696877205897,4.051697746608853e-06,1471.769683668892,735.884841834446,735.8848458861437,455.8270753854739,0.15
20.851533944871655,174.95985483945176,-203.22964789799605,1589.7454811228645,4.486968067399019e-06,1589.7454766358965,794.8727383179482,794.8727428049162,487.62305962086725,0.1
21.20629352398578,176.5526769353221,-203.4966422729952,1657.1422243093805,3.603737564422689e-06,1657.142220705643,828.5711103528215,828.571113956559,510.5604772045582,0.1
20.869702050723088,175.50600272166167,-203.94436152549247,1978.6139377548209,3.85451956622063e-06,1978.6139339003014,989.3069669501507,989.3069708046702,586.0295361551948,0.1
19.89417339408519,171.7210163721933,-201.5257869105641,4043.065467655892,1.6448174844986653e-05,4043.065451207717,2021.5327256038586,2021.5327420520334,1030.1847301946664,0.15
20.506335478971767,173.38208173753495,-202.19777647418223,2289.907161251502,7.303431130573714e-06,2289.907153948071,1144.9535769740355,1144.9535842774667,602.1088555838403,0.15
20.057541251712905,172.49130588975763,-202.48674831885444,2004.6558433828632,7.207890500996087e-06,2004.6558361749726,1002.3279180874863,1002.3279252953769,528.6223215211244,0.15
20.48461733404961,174.39095199471342,-204.0488094570875,2029.522457331157,4.968717504075751e-06,2029.5224523624395,1014.7612261812197,1014.7612311499373,596.7468332166073,0.1
20.234941291302874,173.35004461579973,-203.37133113359369,1696.3145559795792,5.623164447777643e-06,1696.3145503564147,848.1572751782073,848.1572808013718,511.5179596974867,0.1
19.382224773553727,171.3897408580067,-202.6364359940703,1587.8716623850216,6.921540560649553e-06,1587.8716554634811,793.9358277317406,793.9358346532811,431.55529637929766,0.15
18.548692189240544,170.34570969832606,-202.70404867108596,1920.7352557694608,7.3731563908093726e-06,1920.7352483963043,960.3676241981522,960.3676315713086,520.3257357946854,0.15
21.51044413047413,179.11008765612442,-203.8951796087549,2025.637065990228,3.3878369644867977e-06,2025.6370626023909,1012.8185313011954,1012.8185346890325,614.3042668664566,0.1
16.25517069960943,168.41199342343862,-202.71786184975127,3225.587234652652,4.851415780254316e-06,3225.5872298012364,1612.7936149006182,1612.793619752034,867.9954827038671,0.15
15.515151351324477,168.19775532452135,-203.18457352805203,3599.2030303358456,4.671594985303941e-06,3599.2030256642506,1799.6015128321253,1799.6015175037203,971.1482942688492,0.15
17.722251542671728,170.01647880279162,-203.63961908499863,1979.1824850556247,5.447742851761045e-06,1979.182479607882,989.591239803941,989.5912452516837,586.0563791553778,0.15
16.926980923416615,169.1001276012825,-203.1537482444801,2611.291811867668,5.502331653104702e-06,2611.2918063653365,1305.6459031826682,1305.6459086849998,723.2322554330563,0.15
20.940610411082552,176.3349476821756,-204.6167214388371,2304.3355431583773,4.3219513948679055e-06,2304.3355388364257,1152.1677694182129,1152.1677737401644,673.6369483454864,0.1
21.24541451242592,177.3461718905068,-204.14399988686608,2047.4768974941628,4.134693541915987e-06,2047.4768933594692,1023.7384466797346,1023.7384508144282,612.4860507953622,0.1
21.30077317747557,178.34479175882603,-204.61813252020625,2318.428571336185,4.571540518641542e-06,2318.4285667646445,1159.2142833823223,1159.2142879538628,687.5145823462512,0.1
14.761857560055343,167.85585792757465,-203.30730103772396,3950.526626132463,3.673655667564363e-06,3950.5266224588077,1975.2633112294038,1975.2633149030594,1062.6629584605796,0.15
14.256361700496328,167.44656123955525,-202.96181899160385,4313.378884453799,3.933593364038072e-06,4313.378880520206,2156.689440260103,2156.6894441936965,1151.647778644642,0.15
13.781564598405016,166.97463624569147,-202.34440515842508,4491.214942240298,4.694714932492061e-06,4491.214937545583,2245.6074687727914,2245.6074734675067,1190.227776458657,0.15
13.01285022929918,166.7559451022057,-202.5101088107595,4708.597884283,4.9763535385192e-06,4708.597879306646,2354.298939653323,2354.298944629677,1253.6724280358794,0.15
20.518789855916676,175.28231447954408,-205.0821393779119,2574.259782953128,4.748673579973857e-06,2574.259778204454,1287.129889102227,1287.1298938509008,740.538648054407,0.1
20.00489823657385,174.2575865529769,-205.39779443218265,2610.525762725664,4.7357202930510855e-06,2610.525757989944,1305.262878994972,1305.2628837306922,748.8983777597613,0.1
18.740424328456765,171.34729349225475,-204.10585763268205,1757.1629324622247,5.336147623298478e-06,1757.1629271260772,878.5814635630386,878.5814688991861,556.9614027201962,0.15
19.607003707948657,172.33659845644175,-203.7153229602213,1496.8985769368076,5.890798046780249e-06,1496.8985710460095,748.4492855230047,748.4492914138028,466.93846928241953,0.1
19.862610722341064,173.31148643628092,-204.52528355894285,2215.766403363793,5.3510755533821474e-06,2215.766398012717,1107.8831990063586,1107.8832043574344,647.3269962381854,0.1
20.06792799078458,175.2020383229101,-206.2786869000677,2923.5223522882225,3.765676106648299e-06,2923.5223485225465,1461.7611742612733,1461.7611780269492,832.1254559284597,0.1
21.32275407974502,179.4091285844204,-204.9498567448216,2553.951512697421,3.45181328371402e-06,2553.9515092456077,1276.9757546228038,1276.9757580746173,744.526306131389,0.15
16.05892873859799,168.82290075254377,-203.743519634974,3254.29206836655,4.3219219279196505e-06,3254.292064044628,1627.146032022314,1627.146036344236,899.3553322300043,0.15
19.340324803888528,174.03417598582084,-206.56293309274065,2771.1996375566773,4.591287618620115e-06,2771.19963296539,1385.599816482695,1385.5998210739824,793.3852809655705,0.1
19.048566658248287,172.38570535536138,-205.07959346680715,2331.099225477212,3.96907666398451e-06,2331.099221508135,1165.5496107540675,1165.5496147231443,692.1990268385362,0.1
19.44762451757724,173.3583194922291,-205.577075975688,2453.620740906321,4.633342061695663e-06,2453.620736272979,1226.8103681364894,1226.8103727698315,713.0211164499509,0.1
18.274917046179617,171.60267062345198,-205.2889618111752,2195.08792536828,4.642223439615825e-06,2195.087920726057,1097.5439603630284,1097.5439650052517,673.2924888987712,0.15
17.620297196779617,170.67477250581234,-204.8637486194681,2344.690777647554,3.7627262820139767e-06,2344.6907738848276,1172.3453869424138,1172.3453907051403,709.2443907610814,0.15
14.961965763484056,168.38016309803635,-204.10108554841744,3779.975389582488,3.6573893343517537e-06,3779.9753859250986,1889.9876929625493,1889.9876966199386,1032.1296986314762,0.15
14.137799879842492,167.7978321644035,-203.7958562890661,4195.585509217616,3.502552631422864e-06,4195.585505715064,2097.792752857532,2097.7927563600842,1133.2151656536457,0.15
16.799569182909174,169.68985784842312,-204.35922520164328,2762.760059156152,4.90983169619964e-06,2762.76005424632,1381.38002712316,1381.3800320329917,793.6835237774674,0.15
15.749632513780435,169.36678251048326,-204.9777452215068,3232.946856377436,3.8570339420728365e-06,3232.946852520402,1616.473426260201,1616.4734301172348,908.9078620562594,0.15
13.541501691796023,167.2565012854982,-203.2237742720762,4540.213347821818,3.873093591749132e-06,4540.213343948725,2270.1066719743626,2270.106675847456,1218.2389709590236,0.15
21.00710969304848,177.36362965497952,-205.27408580069857,2548.778530001839,4.324013947995624e-06,2548.778525677825,1274.3892628389126,1274.3892671629264,742.7971744186368,0.1
20.598087710039223,176.2694666117307,-205.8331994036481,2823.500741266132,4.534684742116537e-06,2823.5007367314474,1411.7503683657237,1411.7503729004084,809.7847851228959,0.1
21.058347601659666,178.5310936240274,-205.7783499755198,2810.156307430297,4.49680314389245e-06,2810.156302933494,1405.078151466747,1405.0781559635502,807.9648072357569,0.15
21.05999521708085,179.75898546423352,-206.12006236617069,2970.6506016563767,4.508380206741015e-06,2970.6505971479965,1485.3252985739982,1485.3253030823785,841.6939034373642,0.15
20.67168825867302,177.44157037610267,-206.5112286974444,3021.403124284872,4.720160959145028e-06,3021.403119564711,1510.7015597823554,1510.7015645025165,857.6728594392608,0.15
20.7219621385162,178.7698478002161,-207.03214716103383,3158.323180948121,4.493245004529617e-06,3158.323176454876,1579.161588227438,1579.1615927206828,885.722918698205,0.15
20.14076242719296,176.30405561127466,-207.08774674784715,3081.665099303709,4.816066809257078e-06,3081.6650944876424,1540.8325472438212,1540.832552059888,866.5787412954146,0.15
12.57330801415348,166.92672377592802,-203.3143991189864,4655.122530224884,4.661083838422314e-06,4655.1225255638,2327.5612627819,2327.561267442984,1253.009957904216,0.15
13.123407655816049,167.51199717554323,-204.1301551740189,4379.219107152541,4.282325070571169e-06,4379.219102870216,2189.609551435108,2189.609555717433,1186.6315120982233,0.15
19.41663330777421,175.1496948352248,-207.5163357284386,2923.580204848653,4.608618983998465e-06,2923.580200240034,1461.790100120017,1461.790104728636,825.1089941038599,0.15
18.65304395520045,173.98379454993994,-207.53846183062507,2784.357429552537,4.36089509262175e-06,2784.3574251916416,1392.1787125958208,1392.178716956716,795.8000934216614,0.15
20.198630798041656,177.58633268634247,-207.8286415252347,3202.4372244266247,4.685103562884656e-06,3202.437219741521,1601.2186098707605,1601.2186145558642,888.9395968123665,0.15
20.69348170099402,180.1694736358097,-207.41317511491275,3281.8535747883466,4.882445648377861e-06,3281.8535699059007,1640.9267849529504,1640.9267898353962,914.9205072615682,0.15
14.683467783844238,169.0624922947658,-205.48672124191532,3506.1029116747936,4.019991987495137e-06,3506.1029076548016,1753.0514538274008,1753.0514578473928,975.2420289132746,0.15
18.34142140156388,172.67782035140692,-206.55924774155795,2602.608193686887,4.195437721348283e-06,2602.608189491449,1301.3040947457246,1301.3040989411622,763.7145407823131,0.1
16.576834758268244,170.44583560373974,-205.73552138317365,2850.5410400437536,3.490471410039324e-06,2850.541036553282,1425.270518276641,1425.2705217671125,825.0057975941702,0.15
17.50971280779941,171.36445475974563,-205.96291943846828,2581.353511619254,4.273942722833647e-06,2581.3535073453113,1290.6767536726557,1290.6767579465982,769.3113743173499,0.15
13.864497033666838,168.2263717509797,-204.82941831783245,3907.068564811571,3.9345913450107e-06,3907.0685608769795,1953.5342804384898,1953.5342843730812,1071.1738278409455,0.15
15.480847529547594,170.1578837605009,-206.3639385832763,3073.4044357534517,3.617222640362592e-06,3073.404432136229,1536.7022160681145,1536.7022196853372,875.7017479881372,0.15
20.229349255649986,179.05410606174485,-208.4254237826408,3393.1784231862603,5.188151825488423e-06,3393.178417998108,1696.589208999054,1696.5892141872062,935.2309674674681,0.15
19.430125648993062,176.39592320109367,-208.47984524922745,3067.5447704074777,5.011161184771125e-06,3067.5447653963165,1533.7723826981583,1533.7723877093194,845.5208936406904,0.15
13.425114812524622,168.67704351820373,-205.94025791071184,3663.697794907776,3.5736862505743142e-06,3663.6977913340897,1831.8488956670449,1831.848899240731,1016.9936213922731,0.15
12.06198022939119,167.16595117361692,-204.28360063976731,4605.036864863364,4.349437708133089e-06,4605.0368605139265,2302.5184302569633,2302.5184346064007,1252.7113456890509,0.15
12.652992505215256,167.84745865188066,-205.1660263818654,4141.032315081503,3.8218516802325095e-06,4141.032311259652,2070.516155629826,2070.516159451677,1134.7763158211715,0.15
18.24681901633352,174.9455291083739,-208.87437543228643,2651.5159170109514,4.549711582312909e-06,2651.5159124612396,1325.7579562306198,1325.7579607803316,742.0204906648617,0.15
17.400515237474572,173.26570665980745,-208.20797050923164,2614.384391359455,4.185954148267698e-06,2614.3843871735007,1307.1921935867504,1307.1921977727047,753.5288171393034,0.15
19.507189749370347,177.8288723503703,-209.2496007101426,3260.641773667429,5.324070339897451e-06,3260.6417683433588,1630.3208841716794,1630.3208894957495,889.672371708998,0.15
20.183817783773,180.6512303182479,-208.8290988297729,3491.396113366572,5.2908561859788095e-06,3491.396108075716,1745.698054037858,1745.6980593287142,965.6759775379059,0.15
19.54814315754145,179.4423211605539,-209.88600291208948,3479.2046708224007,5.513950715079513e-06,3479.20466530845,1739.602332654225,1739.6023381681757,947.9723097337984,0.15
14.16037991391444,169.60426885537825,-206.70733963490707,3155.172761356613,2.572368282017882e-06,3155.1727587842447,1577.5863793921224,1577.5863819644908,895.514622793281,0.15
16.529855230507437,171.63313424328575,-207.27216475120397,2722.247190683238,3.642183567892772e-06,2722.2471870410545,1361.1235935205273,1361.1235971627107,793.1633701965102,0.15
14.820611292460056,170.55414036719253,-207.4158416797396,2922.680011309658,3.041983634470214e-06,2922.680008267674,1461.340004133837,1461.3400071758208,843.2363427726128,0.15
11.434526556683284,167.43878913198242,-205.3585861291535,4243.665925738238,3.6277593876891286e-06,4243.665922110478,2121.832961055239,2121.832964682999,1170.1079996592873,0.15
12.81807534778148,169.11861066014788,-207.0841841626112,3169.2348978019068,3.4438990332327333e-06,3169.2348943580078,1584.6174471790039,1584.6174506229029,898.5395606995394,0.15
18.541436025101127,176.68414292720325,-209.85438667187387,2837.2021027819933,4.800678077862874e-06,2837.202097981315,1418.6010489906575,1418.6010537913357,767.5484024386533,0.15
12.099350162952613,168.24953330498656,-206.31151333825196,3638.9828010923006,3.892660662817036e-06,3638.98279719964,1819.49139859982,1819.4914024924806,1013.9337347559261,0.15
17.385869072387905,175.72114004179446,-210.3569366563235,2635.7937866979964,4.515618678501739e-06,2635.793782182378,1317.896891091189,1317.8968956068074,723.5670583416531,0.15
17.402227373831625,177.00682140164656,-211.29100106869427,2704.6174973947677,4.677766307593949e-06,2704.6174927170014,1352.3087463585007,1352.308751036267,727.8883490824878,0.15
16.581395669173563,174.35570076315358,-209.9384470271756,2637.5780028622958,3.984750921291664e-06,2637.577998877545,1318.7889994387724,1318.7890034235234,748.3688738889277,0.15
15.812875308161225,172.82547191924033,-209.13315117004663,2693.7778403214875,3.772179822230586e-06,2693.7778365493077,1346.8889182746539,1346.8889220468336,778.8273100341448,0.1
18.607533759637608,178.20629454288735,-210.7041973871676,3147.234611287411,5.306738210575658e-06,3147.2346059806728,1573.6173029903364,1573.6173082970747,843.4832367729916,0.15
19.481513181249195,181.21391197159863,-210.36031652235232,3651.083333029656,5.662213762846378e-06,3651.083327367442,1825.541663683721,1825.541669345935,1006.6858520461986,0.15
18.655793826928964,179.94950421317887,-211.441453187784,3440.350274395876,5.562919391063598e-06,3440.3502688329568,1720.1751344164784,1720.1751399793977,930.9675996109642,0.15
18.59276736134389,181.83335094099635,-212.0001273318482,3735.042721846308,5.787324906745896e-06,3735.042716058983,1867.5213580294915,1867.5213638168163,1032.8750151231068,0.15
17.65483670006569,180.5454393921508,-213.0575405936133,3259.6775252197926,5.566851229051419e-06,3259.6775196529416,1629.8387598264708,1629.8387653933219,882.7299223754226,0.15
13.6535958540998,170.23134710683803,-207.92210251879544,2959.634197232401,3.360405654972465e-06,2959.6341938719956,1479.8170969359978,1479.8171002964034,846.7049052384278,0.1
14.680256373072512,171.54476822122493,-208.6725636610024,2869.4575959460817,3.6200915134588495e-06,2869.4575923259904,1434.7287961629952,1434.7287997830865,821.7130783282636,0.1
10.75611653247775,167.75988511024363,-206.52082493035957,3785.359249967716,3.8003952950013257e-06,3785.3592461673206,1892.6796230836603,1892.6796268840558,1059.7312235653887,0.15
11.44693035224774,168.68499100870514,-207.5243877342604,2886.589466737188,3.574605627341488e-06,2886.5894631625824,1443.2947315812912,1443.294735155897,827.9374887115774,0.15
12.269958812296148,169.51542941990604,-208.0638875901619,2968.3666513444277,3.7375307146859006e-06,2968.366647606897,1484.1833238034485,1484.1833275409792,842.9004119710502,0.1
17.559655782265008,178.73192766771956,-212.24079931146997,2840.5425122799666,5.120245369600873e-06,2840.542507159721,1420.2712535798605,1420.271258700106,750.3476180841435,0.15
16.263666532408067,177.5477985950276,-212.80426519760996,2498.8098447870684,4.426517083494942e-06,2498.8098403605513,1249.4049201802757,1249.4049246067927,681.9739325147223,0.15
15.02179375785679,173.88873681853903,-210.76467516675112,2751.3295827447087,3.807652151748525e-06,2751.3295789370563,1375.6647894685282,1375.6647932761805,783.242122573322,0.1
15.983929556835994,175.56801866190457,-211.4752958960163,2537.990892472501,3.96826274595435e-06,2537.9908885042382,1268.9954442521191,1268.9954482203818,717.7631928390612,0.15
13.99733785824273,172.49794556347513,-210.1922518176561,2863.0032873595424,3.399373319755959e-06,2863.003283960169,1431.5016419800845,1431.5016453794578,806.0219306925229,0.1
17.61358579993553,182.43818525300412,-213.70335624200072,3742.534886996984,5.7154630952367536e-06,3742.534881281521,1871.2674406407605,1871.2674463562234,1048.0670656484688,0.15
16.456580532509964,179.23355348617423,-213.82223278620685,2513.425981725308,4.686062730565387e-06,2513.425977039245,1256.7129885196225,1256.7129932056853,670.8326217658022,0.15
12.505591239988064,170.8104324036998,-209.5002446612572,2702.80032458822,3.6451525401511815e-06,2702.8003209430676,1351.4001604715338,1351.4001641166863,756.7199277463669,0.1
9.96300635379671,168.18610963189028,-207.93466943086608,3174.6305805676675,4.103979000042998e-06,3174.6305764636886,1587.3152882318443,1587.3152923358232,906.2090036991084,0.15
10.975297951447663,169.4267214857541,-208.9837660422907,2454.9765282774697,3.55046498956157e-06,2454.9765247270047,1227.4882623635024,1227.4882659139673,697.4070872954891,0.1
14.849262839363472,176.59659467928472,-213.3895197338373,2289.730830020857,3.986997695256578e-06,2289.730826033859,1144.8654130169296,1144.8654170039274,662.5251993218582,0.1
15.380728362483834,178.0369835338928,-214.12163341015028,2187.014009584628,4.090814736098301e-06,2187.0140054938133,1093.5070027469067,1093.5070068377215,614.9789722437432,0.15
13.37351449922454,175.87736830302072,-214.20883008593137,1992.845250608154,3.4140675657886406e-06,1992.8452471940864,996.4226235970432,996.4226270111108,584.0501725375927,0.1
14.0442409171789,174.8325105412387,-212.45529575026936,2505.245543924391,3.641338068134597e-06,2505.245540283053,1252.6227701415264,1252.6227737828644,714.698063890077,0.1
12.408998070809876,174.2593825771169,-213.40293524084325,2051.3447156525067,3.3793894246290464e-06,2051.3447122731172,1025.6723561365586,1025.672359515948,593.3434970416768,0.1
13.191636873159418,173.42407445521667,-211.77079602998995,2534.943567208809,3.3295508381626155e-06,2534.943563879258,1267.471781939629,1267.47178526918,715.1756576266623,0.1
11.99270774637468,171.8006251986522,-211.0442170829021,2457.484678654849,3.514653970562818e-06,2457.484675140195,1228.7423375700976,1228.7423410847516,684.9764777910401,0.1
10.48737457360875,170.22477725625942,-210.47298851644584,2214.898600040844,3.6356728465853e-06,2214.8985964051712,1107.4492982025856,1107.4493018382584,619.9828372965239,0.1
10.146795325330164,171.14968506544096,-212.00845869073527,1969.0286992543831,3.512189488699763e-06,1969.0286957421936,984.5143478710968,984.5143513832863,561.583926376903,0.1
8.961600282061466,168.64007182897666,-209.59754309131813,2308.8964125917782,4.17001387084694e-06,2308.8964084217646,1154.4482042108823,1154.448208380896,672.8902511067555,0.1
8.884003805649915,169.6974786879709,-211.3466059080479,1593.6009428396658,3.83107448483298e-06,1593.6009390085912,796.8004695042956,796.8004733353702,458.32685846385783,0.1
7.746996444831665,168.6170972217278,-210.83475088127395,1846.8852140859465,4.248834983618297e-06,1846.8852098371115,923.4426049185557,923.4426091673907,547.6500047221335,0.1
11.417330157270236,172.75465103638962,-212.6718609274632,2076.876597749037,3.195634490063116e-06,2076.8765945534024,1038.4382972767012,1038.4383004723359,594.8399707691232,0.1
11.717190966687603,192.5499088967561,-199.59697706057875,1834.0215245818904,2.4669788443544026e-06,1834.0215221149115,917.0107610574557,917.0107635244347,589.360427807069,0.1
12.762345304349072,192.38534416974323,-199.9428944155841,1970.504880070174,2.390274786768766e-06,1970.5048776798992,985.2524388399496,985.2524412302245,623.0912316219568,0.1
12.031767116504202,192.74999568999664,-200.60990296900985,2170.0062807720064,2.19609482371831e-06,2170.0062785759114,1085.0031392879557,1085.0031414840507,683.1072274122057,0.1
11.464007436991666,192.7790681260395,-200.2375295647412,2030.5120175564357,2.2677458605748065e-06,2030.5120152886898,1015.2560076443449,1015.2560099120908,645.2810668960434,0.1
12.114366994573633,192.58042823993244,-200.0498967963672,1997.9048592192923,2.29969551608588e-06,1997.9048569195968,998.9524284597984,998.952430759494,634.3995619212828,0.1
12.561101683924544,192.578425993684,-200.51173251122057,2176.952765219556,2.154748321356278e-06,2176.9527630648076,1088.4763815324038,1088.4763836871523,681.9041785986776,0.1
12.377347663461055,192.7633238955094,-201.0142875730572,2308.9390783883937,2.140367364593249e-06,2308.939076248026,1154.469538124013,1154.4695402643806,720.2463328943104,0.1
11.960524046509429,192.8887743593352,-201.03384743963088,2271.247711566942,2.0869466059564915e-06,2271.2477094799956,1135.6238547399978,1135.6238568269443,712.2650463903351,0.1
10.984846718548049,192.7040536444707,-199.6947007228768,1843.6479949450409,2.32482064109309e-06,1843.6479926202203,921.8239963101101,921.8239986349307,592.3886602070116,0.1
10.79808303464,192.9150663742485,-200.2605631418785,1991.882119078256,2.4153213874379865e-06,1991.8821166629345,995.9410583314673,995.9410607467887,634.5400262280406,0.1
11.561858904594429,192.92912748704688,-200.81365232793092,2189.994527556677,2.1228359934885646e-06,2189.994525433841,1094.9972627169204,1094.9972648397566,691.1039936881729,0.1
11.13580746363277,192.98750231702252,-200.6842643765502,2106.4185788969103,2.281480306814935e-06,2106.41857661543,1053.209288307715,1053.2092905891952,667.6131494662807,0.1
11.671153704017105,193.06013330270352,-201.3316846434624,2302.0154287738383,2.165478105479058e-06,2302.01542660836,1151.00771330418,1151.0077154696583,722.7030306507017,0.1
11.167100808552878,193.12673778688972,-201.12879786910503,2209.4304047960045,2.115675533751379e-06,2209.430402680329,1104.7152013401644,1104.71520345584,698.0542440003271,0.1
10.69356034764354,193.12689305948533,-200.82115194742,2084.707630054736,2.2849987614131397e-06,2084.7076277697374,1042.3538138848687,1042.3538161698673,661.9333187109589,0.1
12.211451814400554,192.94182800200176,-201.45937476399945,2391.475060459579,2.127618197914621e-06,2391.4750583319606,1195.7375291659803,1195.7375312935985,745.3675175403279,0.1
10.037259901044076,193.07968501276767,-200.38783201812456,1919.565459185679,2.526975289175708e-06,1919.5654566587036,959.7827283293518,959.7827308563271,612.1468028322116,0.1
10.261122330617818,192.8480028936825,-199.8428233283587,1830.690503655862,2.420318741615773e-06,1830.6905012355433,915.3452506177716,915.3452530380903,585.7752323673604,0.1
11.856729714023912,193.1649217292139,-201.8096361920437,2388.598406096822,2.114389413832866e-06,2388.598403982433,1194.2992019912165,1194.2992041056057,748.5624735767284,0.1
11.274429085256068,193.2752678966581,-201.64818444332693,2277.4892268515305,2.1828846952180927e-06,2277.489224668646,1138.744612334323,1138.7446145172075,718.2579256650391,0.1
10.689439678841737,193.33432559165624,-201.3937184770824,2175.7718531044725,2.180240917078048e-06,2175.771850924232,1087.885925462116,1087.8859276423566,689.8415815240173,0.1
10.085482874517067,193.3159271732294,-201.01069326975284,2030.3107813217805,2.276009164230788e-06,2030.3107790457714,1015.1553895228857,1015.1553917988948,645.6418117417393,0.1
9.649089889245644,193.53122855417277,-201.33367761061675,1993.188121777889,2.599356389631197e-06,1993.1881191785326,996.5940595892663,996.5940621886226,635.4314907902572,0.1
9.381319151514472,193.2918245064236,-200.6873979403892,1879.48854268004,2.2996077161101643e-06,1879.4885403804321,939.7442701902161,939.7442724898239,598.2292250064555,0.1
9.444261453433434,192.91393518803423,-199.82350833784443,1716.1019654465026,2.2962196891243253e-06,1716.101963150283,858.0509815751415,858.0509838713612,547.7956844969834,0.1
8.560643599213,193.22859388370392,-200.34865314690524,1745.4344777457827,2.4317226734260816e-06,1745.4344753140601,872.7172376570301,872.7172400887526,549.3059505545972,0.1
8.427243610291272,192.883595070828,-199.608415930927,1646.454537864961,2.31183972862074e-06,1646.454535553121,823.2272677765606,823.2272700884004,513.4775548157847,0.1
11.448244279186744,193.42767695762024,-202.1976044193036,2339.56138206897,2.16074888402108e-06,2339.561379908221,1169.7806899541106,1169.7806921148594,737.8875827577166,0.1
10.790425373096785,193.53079810430165,-201.98635442051923,2228.795574336531,2.0568549493259087e-06,2228.795572279676,1114.397786139838,1114.397788196693,707.002044357375,0.1
10.144570254205703,193.57052507638485,-201.6749486808549,2080.386359880688,2.278538445976356e-06,2080.3863576021495,1040.1931788010747,1040.1931810796132,662.5716428822501,0.1
10.974848090607145,193.73907397767903,-202.6288039802342,2225.008889971588,2.0866648962190258e-06,2225.008887884923,1112.5044439424614,1112.5044460291265,707.5419394725782,0.1
9.462418681357263,193.85071617993705,-201.96462538528573,1991.5917006235,2.563195413208782e-06,1991.5916980603045,995.7958490301522,995.7958515933477,637.4831102745192,0.1
8.760805669603107,193.67885369288817,-201.31735057559249,1855.0190133675355,2.3537863518697944e-06,1855.0190110137492,927.5095055068746,927.509507860661,590.2885412743065,0.1
7.659849909868952,193.12591367034025,-199.97836125278317,1747.6495316403805,2.484467124752189e-06,1747.6495291559133,873.8247645779567,873.8247670624238,535.4398703114916,0.1
7.702465758915261,193.58346080866477,-200.82574503808968,1794.4051433706948,2.337694800367128e-06,1794.405141033,897.2025705165,897.2025728541947,558.7415995859725,0.1
10.21265317661398,193.8355028923808,-202.35369954100003,2111.1346653685346,2.212221683122762e-06,2111.134663156313,1055.5673315781564,1055.5673337903781,674.6993469824805,0.1
10.427862552414396,194.10846881206749,-203.10031469891956,2089.4495247342525,2.434903913357152e-06,2089.4495222993487,1044.7247611496744,1044.724763584578,670.6308354755118,0.1
8.66017353499922,194.1731125468772,-202.2606990496658,1841.779314648791,2.4180850340973528e-06,1841.779312230706,920.889656115353,920.8896585334379,590.9228741689193,0.1
9.791907829729524,194.55047465471955,-203.6108008199845,1940.5980290287464,2.6134351304969487e-06,1940.5980264153113,970.2990132076557,970.2990158210907,625.1250125602172,0.15
9.532249352524746,194.20981887443725,-202.77305051246836,1976.8566831927656,2.525965849330269e-06,1976.8566806667998,988.4283403333999,988.4283428593657,636.0424630309709,0.3
7.765203142339072,194.0667790905592,-201.71149003052216,1774.6881611371311,2.28672460324025e-06,1774.6881588504066,887.3440794252033,887.3440817119279,561.1763108150186,0.1
8.820902455868037,194.63200051527204,-203.22411829772292,1832.312167733921,2.382928409993016e-06,1832.3121653509925,916.1560826754962,916.1560850584247,582.5181383175874,0.3
7.891711082386959,194.56993115007447,-202.6633753673625,1715.866067363505,2.722265907955132e-06,1715.866064641239,857.9330323206195,857.9330350428854,551.4944232241104,0.1
9.051817931651447,195.0752853202452,-204.15806366626737,1746.654168770552,2.451315652007476e-06,1746.6541663192363,873.3270831596182,873.3270856109338,555.2319026068682,0.3
8.005722624932366,195.11315511656184,-203.6820021828684,1649.2169597471163,3.0405329264544448e-06,1649.2169567065835,824.6084783532917,824.6084813938246,518.7782209606175,0.3
8.187182528415327,195.6900552318168,-204.7401140840596,1596.1623349655945,3.292582557167751e-06,1596.162331673012,798.081165836506,798.0811691290885,507.0653386959189,0.3
9.280983967439733,197.9322706361663,-213.92659868994457,2686.416255497149,5.004798558794191e-06,2686.4162504923506,1343.2081252461753,1343.2081302509737,744.7389648530108,0.15
10.094076451792764,197.3878958156614,-212.9730240805931,2750.3323071287277,5.161263790225656e-06,2750.332301967464,1375.166150983732,1375.1661561449957,772.4127125774974,0.15
11.435667650871425,195.9086435513131,-213.88134209262665,2458.5129513184347,4.797793959150997e-06,2458.512946520641,1229.2564732603205,1229.2564780581142,709.9209201169813,0.15
12.33375366772152,193.03501993219413,-201.83850960876157,2547.2106528962167,2.3330298841834906e-06,2547.210650563187,1273.6053252815934,1273.6053276146233,791.5685161421668,0.1
12.678171056292111,192.8558330081616,-201.63450400031545,2567.788342036008,2.419274395267384e-06,2567.7883396167335,1283.8941698083668,1283.8941722276413,793.0900902375129,0.1
13.179157626883724,192.75070455181063,-201.82066130781664,2798.879698365528,2.597796097947156e-06,2798.879695767732,1399.439847883866,1399.439850481662,855.176772529504,0.1
12.725148910518806,193.0359643512115,-202.17716719154424,2841.695467449597,2.6585927651078304e-06,2841.6954647910043,1420.8477323955021,1420.8477350540948,871.5704015441444,0.15
13.217924420278376,192.9165585999453,-202.3361145269164,3105.305163965449,3.1779986236328616e-06,3105.3051607874504,1552.6525803937252,1552.6525835717239,930.0232946466027,0.15
13.730327845149333,192.62110449109463,-202.0562616965895,3192.080026215997,3.26772177782309e-06,3192.080022948275,1596.0400114741376,1596.0400147418593,948.0742242698561,0.15
12.758913924496484,193.2187534348712,-202.66393092407375,3125.185905614892,3.0247667507678867e-06,3125.1859025901254,1562.5929512950627,1562.5929543198292,940.2962362543236,0.15
13.313496271209935,193.0561033779473,-202.80024354964144,3501.6243242309456,3.900099075133407e-06,3501.6243203308463,1750.8121601654232,1750.8121640655224,1029.3710472038292,0.15
12.15133172159764,193.29624642800437,-202.36149100551975,2698.115342904784,2.559578679946989e-06,2698.1153403452054,1349.0576701726027,1349.0576727321813,837.3791622309719,0.15
13.797184283059591,192.7675954769557,-202.56631979836712,3637.1123511186015,3.924759732953168e-06,3637.1123471938417,1818.5561735969209,1818.5561775216806,1062.9391356264732,0.15
14.326636742979831,192.4457619768164,-202.3548875291193,3739.069397610861,4.040559022223994e-06,3739.069393570302,1869.534696785151,1869.53470082571,1082.4223764088385,0.15
14.28309692431134,192.59663802970945,-202.84561737665845,3806.959231449109,4.379253344206176e-06,3806.959227069856,1903.479613534928,1903.4796179141813,1098.882152393388,0.15
14.921251972501056,192.15341152600152,-202.7676899569997,3500.4038970501183,3.98990119996932e-06,3500.403893060217,1750.2019465301084,1750.2019505200099,1004.6134032832844,0.15
14.545151598643717,192.5476022520278,-203.4232727203961,3748.578346213569,4.1863156520622295e-06,3748.5783420272537,1874.2891710136269,1874.2891751999423,1076.7193665945404,0.15
13.7870542592035,193.01434859297603,-203.3205402127575,4074.4022310130495,4.539683000210048e-06,4074.4022264733667,2037.2011132366833,2037.2011177763661,1174.4796246013439,0.15
14.153396657580076,192.96984425928625,-204.09069093017956,3972.663438433917,4.384421683625871e-06,3972.663434049495,1986.3317170247476,1986.3317214091692,1140.0611936869857,0.15
13.397782980820988,193.4560800379462,-204.0391476150192,4136.890885621347,4.512460456993218e-06,4136.890881108886,2068.445440554443,2068.4454450669036,1191.103115432942,0.15
12.261262003110932,193.59723587515936,-203.1224076510605,3194.3996640102923,3.2941435464644647e-06,3194.399660716149,1597.1998303580745,1597.1998336522179,956.9430381355241,0.15
13.04951835726817,193.366258847296,-203.305769592576,3730.317989340266,3.817537545093511e-06,3730.3179855227286,1865.1589927613643,1865.158996578902,1089.3839611823705,0.15
11.625648915402325,193.69196963850257,-202.89786137174465,2690.429387832255,2.7086138058805837e-06,2690.429385123641,1345.2146925618206,1345.2146952704345,832.8913101651862,0.15
12.499270937535323,193.8900748934168,-203.9895368091346,3893.723689926048,4.471376401760015e-06,3893.7236854546713,1946.8618427273357,1946.8618471987122,1132.2499197122813,0.15
12.82637855602344,194.01461040620265,-204.73709692320693,4234.724813489681,5.1892010367621375e-06,4234.72480830048,2117.36240415024,2117.362409339441,1216.398176484837,0.15
13.731510634579378,193.43456939975192,-204.7917444312229,4015.593101810495,4.719821443061274e-06,4015.593097090674,2007.796548545337,2007.7965532651583,1152.992134352239,0.15
11.7614760450001,194.0334897292016,-203.67867024384407,3190.345002735468,3.7274692051441607e-06,3190.344999007999,1595.1724995039995,1595.1725032314685,950.7560244715447,0.15
11.070591464706558,194.0931071112076,-203.3961023830133,2524.648109224472,2.913925432180377e-06,2524.6481063105466,1262.3240531552733,1262.3240560691988,782.2312653648643,0.15
11.828220480081889,194.45914922457249,-204.6136029929832,3800.861840518228,4.637171119246925e-06,3800.861835881057,1900.4309179405284,1900.4309225776994,1102.8341914294263,0.15
11.189473913846872,194.44409528075715,-204.1161511460257,3052.2320651591667,3.561725578547103e-06,3052.2320615974413,1526.1160307987207,1526.116034360446,910.7280710208972,0.15
10.54569962652115,194.5651841565631,-203.9997722614505,2435.1297744040467,3.188183438887263e-06,2435.129771215863,1217.5648856079315,1217.5648887961152,748.7496711695575,0.15
13.265937125889762,193.9551700573029,-205.54422388582665,4032.60850606492,5.876711645091756e-06,4032.6085001882084,2016.3042500941042,2016.304255970816,1158.924350558088,0.15
12.402674423085184,194.51397257029095,-205.46788377846687,4184.912428845678,5.877328432811439e-06,4184.912422968349,2092.4562114841747,2092.456217361503,1200.6976243886293,0.15
10.88011233947973,194.9293639228958,-204.82863047695767,3215.1329489981,4.097751855512677e-06,3215.132944900348,1607.566472450174,1607.566476547926,944.0512028524684,0.15
11.606288189157608,194.8681493178147,-205.2966496085647,3949.753011454187,5.539057894899398e-06,3949.753005915129,1974.8765029575645,1974.8765084966224,1139.5369676193482,0.15
9.880179973000454,195.0615160364784,-204.5271962247534,2158.36996817364,3.1269536526051825e-06,2158.369965046686,1079.184982523343,1079.1849856502968,665.3151174778803,0.15
12.743449195725663,194.54327642009477,-206.36273053972243,4219.107700004074,5.2347409714532834e-06,4219.107694769333,2109.5538473846664,2109.5538526194077,1208.288536809961,0.15
11.840115060289223,195.1258365819356,-206.25396966069712,4262.908833948678,5.714298650946553e-06,4262.908828234379,2131.4544141171896,2131.4544198314884,1217.731181203017,0.15
12.144407011131683,195.21447101024435,-207.2685490871083,4084.93040163829,6.060227411213341e-06,4084.9303955780624,2042.4651977890312,2042.4652038492586,1167.3901503264426,0.15
10.842056047743206,195.5130461060752,-205.9340063447492,3588.257843872884,5.367814363868026e-06,3588.2578385050697,1794.1289192525348,1794.1289246203494,1032.4130729584624,0.15
10.117151300387004,195.4765718851255,-205.3399510445321,2827.944570724935,4.2147856172079175e-06,2827.9445665101493,1413.9722832550747,1413.9722874698605,830.3907047716305,0.15
9.198592214034194,195.68835680812296,-205.2095558088976,2121.2797630655323,3.762775208444068e-06,2121.279759302757,1060.6398796513786,1060.6398834141537,639.0839083152931,0.15
10.993355622582737,195.87986166524243,-206.95587074262733,3951.6225657162654,5.984328632175409e-06,3951.6225597319367,1975.8112798659683,1975.811285850297,1127.7063197547677,0.15
11.444678428288125,195.982732392965,-208.28401205417003,3952.477322546712,5.964074819394353e-06,3952.4773165826373,1976.2386582913186,1976.2386642553934,1126.6220725147489,0.15
9.807401636005466,196.1001112241212,-206.2372471218916,3148.381479783752,5.310574174916474e-06,3148.381474473178,1574.190737236589,1574.1907425471632,909.8221414687642,0.15
10.113454834508158,196.6632640950168,-207.70348659798847,3643.5802250988672,5.8543988408080926e-06,3643.5802192444685,1821.7901096222342,1821.790115476633,1038.4876708236677,0.15
10.629017581189537,196.834738554172,-209.4082915376475,3567.794454047496,5.892131083425887e-06,3567.794448155365,1783.8972240776825,1783.8972299698135,1016.196525740108,0.15
8.424981054347654,196.36919263321403,-205.88977481673777,1938.7185114290369,4.2957379269868425e-06,1938.718507133299,969.3592535666495,969.3592578623874,583.0843542580031,0.15
8.856541181388604,197.0426282218505,-207.25973394892335,2674.5618777773816,5.14663353306675e-06,2674.561872630748,1337.280936315374,1337.2809414620076,769.2047418831601,0.15
9.229034952147966,197.5881304683081,-208.8534353893485,3124.530489473474,5.708857320279541e-06,3124.5304837646167,1562.2652418823084,1562.2652475911657,891.1749141053587,0.15
9.688087622227654,197.7153951142086,-210.63372002904268,3011.638562822836,5.777052958676069e-06,3011.638557045783,1505.8192785228914,1505.8192842999445,856.3608709129469,0.15
22.057581011133053,180.8758836468566,-200.0115169747476,3231.4304105861147,1.4856563746696246e-05,3231.430395729551,1615.7151978647755,1615.7152127213392,805.9531501696581,0.15
22.05145800732862,180.41123385657195,-200.2597445933658,3135.1877675828823,1.3721186776950154e-05,3135.1877538616955,1567.5938769308477,1567.5938906520346,783.2872396608977,0.15
22.079086203606217,179.88051925913746,-200.00743255025407,3633.531515772937,1.912898712151972e-05,3633.5314966439496,1816.7657483219748,1816.7657674509621,907.1503620269652,0.15
21.98590912820486,181.0192313265911,-200.5560372487116,2306.6184284654023,8.218988474256088e-06,2306.6184202464137,1153.3092101232069,1153.3092183421954,583.5041689101057,0.15
22.015565666730907,179.99643953066348,-200.59757008560305,2539.831688062164,8.262720226666268e-06,2539.831679799444,1269.915839899722,1269.9158481624422,639.2259645612568,0.15
21.964989787172048,181.6854234609245,-200.0795772620924,2839.39804890433,1.239312252428473e-05,2839.3980365112075,1419.6990182556037,1419.6990306487264,708.9396009868307,0.15
18.86019675728257,188.2859894527653,-199.94515501384927,1456.0312260491569,3.915610708526224e-06,1456.0312221335462,728.0156110667731,728.0156149823838,379.89156706141273,0.15
19.290732827385277,187.75003892109171,-199.8028202950168,1526.287197629344,4.576692554344077e-06,1526.2871930526514,763.1435965263257,763.1436011030183,393.1014320842726,0.15
21.893023304195747,181.5429611757108,-200.8802575636822,1745.01281249433,7.400381070972804e-06,1745.012805093949,872.5064025469745,872.5064099473556,456.80815467883036,0.15
21.96241043282262,180.5965339325578,-200.9762546379849,1833.8323308545905,7.122997406899944e-06,1833.832323731593,916.9161618657965,916.916168988794,477.4260925874228,0.15
21.90910575134828,181.11145051899751,-201.13563184956664,1569.7813324508895,6.344499260033316e-06,1569.7813261063902,784.8906630531951,784.8906693976944,424.48804559795883,0.15
21.937393668596744,180.18000403728297,-201.2636585660997,1655.0104476983238,6.096576722781525e-06,1655.010441601747,827.5052208008735,827.5052268974503,442.9166981874799,0.15
21.93333548091562,179.6138052348076,-201.2024505362049,1884.7035401991643,6.359267781360723e-06,1884.7035338398966,942.3517669199483,942.351773279216,492.5402528925399,0.15
21.920443297596343,178.96173073152156,-200.9005654827856,2519.020747530178,7.499306783666501e-06,2519.0207400308714,1259.5103700154357,1259.5103775147425,636.5940876319075,0.15
22.009811367776656,179.43234483735668,-200.4556535870138,3013.57427249416,9.201777310417867e-06,3013.574263292383,1506.7871316461915,1506.7871408479687,757.1277548381606,0.15
18.452596432864528,188.7653573233093,-199.63117611880512,1549.522885354127,3.916045688604565e-06,1549.5228814380814,774.7614407190407,774.7614446350864,394.1769832490234,0.15
17.98030536318036,189.27215547425064,-199.88242887896084,1618.33819860927,3.7141204290086097e-06,1618.3381948951496,809.1690974475748,809.1691011616952,419.9989685984676,0.15
18.42055924918753,188.7907015504383,-200.42359315303028,1522.943247335304,3.3048287429247783e-06,1522.9432440304752,761.4716220152376,761.4716253200664,410.18350078972514,0.15
18.85346963751961,188.27075079736665,-200.58089164900352,1376.854312312356,3.7488190650481945e-06,1376.8543085635367,688.4271542817684,688.4271580305875,380.9382764055852,0.15
17.497646323396456,189.75443771241916,-199.98324248376517,1735.8210639629006,3.415841846917086e-06,1735.8210605470588,867.9105302735294,867.9105336893712,457.58910700046243,0.15
19.240362067362074,187.78226063197,-200.43244218403012,1301.5876412621935,3.799759933216529e-06,1301.5876374624336,650.7938187312168,650.7938225309767,358.9985358825428,0.15
21.557825689010723,183.5645186435123,-199.76694754576545,2833.6721097187524,1.419479263882863e-05,2833.67209552396,1416.83604776198,1416.8360619567725,708.6111749071043,0.15
19.63564939642461,187.26892533895304,-199.99890035690115,1462.8688429507426,4.857367663558716e-06,1462.868838093375,731.4344190466875,731.4344239040552,383.5018024938213,0.15
18.998765632853317,188.06826266179,-200.9517645807269,1367.784278569811,3.5008431585547643e-06,1367.7842750689679,683.8921375344839,683.8921410353271,390.00627035387305,0.15
20.43371707846165,186.03759924515552,-199.8524933263303,1748.6329202035129,6.570225146339221e-06,1748.6329136332877,874.3164568166438,874.316463386869,450.490385985571,0.15
20.031827361380003,186.6368640118557,-200.4408920627153,1254.5715063320176,4.498704054178948e-06,1254.5715018333135,627.2857509166568,627.2857554153609,350.28141708414853,0.15
21.80988915573974,182.59548762734917,-199.9424445881164,2866.541768846409,1.5486394221012656e-05,2866.541753360015,1433.2708766800074,1433.2708921664016,717.3490051047078,0.15
21.78957913495554,182.20791993344,-200.85958574287773,1617.439262864662,7.058409489400491e-06,1617.4392558062525,808.7196279031263,808.7196349615357,433.64412743701763,0.15
21.77967257195373,181.68976136842596,-201.63082613682215,1185.9594015562482,5.25848742220307e-06,1185.9593962977608,592.9796981488804,592.9797034073678,372.1582776655788,0.15
21.86537712849225,179.95748566966589,-201.82367281413835,1299.6209359977863,5.366703993737986e-06,1299.6209306310823,649.8104653155411,649.8104706822452,390.2767193387718,0.15
21.86280613394083,180.7890976253335,-201.69229625867536,1264.5015432251978,5.585955740866029e-06,1264.501537639242,632.250768819621,632.2507744055767,382.8383469687902,0.15
21.850398858610923,179.18560804909174,-201.65489398242116,1494.0914728949945,5.288047114168772e-06,1494.0914676069474,747.0457338034737,747.0457390915208,414.0908359364832,0.15
21.773218976906648,179.45753944517682,-202.3747353703754,1278.5127271217316,4.717138477187195e-06,1278.5127224045932,639.2563612022966,639.256365919435,414.1066595661812,0.15
19.2683949640877,187.69927602964623,-201.10346619095017,1263.2039575345125,3.604877334464479e-06,1263.2039539296352,631.6019769648176,631.6019805696949,373.06053126797667,0.15
16.980978165826112,190.22726661005217,-200.01462549016932,1873.3187084293572,3.410785058833725e-06,1873.3187050185722,936.6593525092861,936.6593559200711,503.8107566931124,0.15
16.426308110001294,190.67749660514264,-199.9617944331993,2018.2852671573685,3.682751484195199e-06,2018.285263474617,1009.1426317373085,1009.14263542006,554.9310443618466,0.15
17.852597276518093,189.41035267694383,-200.59499964700927,1684.898005777654,3.386966603743989e-06,1684.8980023906872,842.4490011953436,842.4490045823103,457.5097137314352,0.15
18.6684005673266,188.475504137341,-201.1251458839502,1451.0268310560175,3.322525810940007e-06,1451.0268277334917,725.5134138667459,725.5134171892716,413.3297310880318,0.15
18.23796126581094,188.98111199740663,-201.28373714376443,1606.33418001712,3.194582255372632e-06,1606.3341768225378,803.1670884112689,803.167091605851,453.1533015962009,0.15
19.00373345703129,188.02221623529852,-201.5641860328629,1404.5937700473626,3.267280251701201e-06,1404.5937667800822,702.2968833900411,702.2968866573215,410.2057616137464,0.1
18.64198233475389,188.4733727349848,-201.8172222433918,1532.3601609950213,2.7843974964557687e-06,1532.3601582106237,766.1800791053118,766.1800818897094,441.89045503523585,0.1
17.305137464442126,189.96139175533617,-200.70415464971407,1906.8669851850311,3.352217197523753e-06,1906.866981832814,953.433490916407,953.4334942686241,521.7590492534378,0.15
19.635632613051136,187.19740971478316,-200.87945838403184,1164.674181083535,3.879495993146044e-06,1164.6741772040389,582.3370886020194,582.3370924815155,345.75878418002077,0.15
21.19023223359824,184.37453729168217,-200.52213902110043,1414.5010425888815,6.596449628749552e-06,1414.501035992432,707.250517996216,707.2505245926656,388.857200873531,0.15
21.54667088901209,183.26659737191852,-200.76537385326296,1523.7504255545152,7.350340614768114e-06,1523.7504182041746,761.8752091020873,761.8752164524279,413.8551414546791,0.15
20.82808165701245,185.252458433185,-200.19055083964693,1493.2551097895,7.280934041338129e-06,1493.2551025085659,746.6275512542829,746.6275585352171,397.4930488959225,0.15
20.424644676214918,185.923295601804,-200.82625936654995,1203.7407765787077,4.637268596068956e-06,1203.740771941439,601.8703859707196,601.8703906079882,355.5598369504046,0.15
20.793823161857585,185.12026159123712,-201.2574387576988,1204.4688537665536,5.766171334255959e-06,1204.4688480003822,602.2344240001911,602.2344297663625,371.83295992178466,0.15
19.959887479647488,186.64655295900252,-201.34340685482417,1142.6597818580797,4.068402766176868e-06,1142.6597777896768,571.3298888948384,571.3298929632413,353.61479057838153,0.1
21.55463684874507,182.8079144851881,-201.71510622366876,1244.462548560449,5.548619913217828e-06,1244.4625430118292,622.2312715059146,622.2312770545344,393.95731733757816,0.15
19.472879715942057,187.35244167320363,-201.73055447545912,1337.0354790228168,3.452545348713445e-06,1337.0354755702715,668.5177377851358,668.5177412376811,395.2435617223337,0.1
19.04159704802033,187.916705666826,-202.22806136901164,1489.1301893332468,3.1737671877238884e-06,1489.1301861594795,744.5650930797398,744.565096253507,432.0594560654631,0.1
21.55099083397489,182.336013373419,-202.50050469002093,1508.4807423624145,4.797382984547704e-06,1508.4807375650316,754.2403687825158,754.2403735798987,475.60945752415853,0.1
21.703352169824,181.2975001688197,-202.5354551248266,1438.6236709366465,4.230133665575234e-06,1438.6236667065127,719.3118333532564,719.3118375833901,462.5511571464649,0.15
21.77344676064093,180.32266531201407,-202.47956844868932,1364.554418397504,4.578572922723528e-06,1364.554413818931,682.2772069094655,682.2772114880385,439.80104846167154,0.15
21.664226145148955,179.77706861090545,-203.18284581474748,1674.4631501317488,3.9486575935225454e-06,1674.463146183091,837.2315730915456,837.2315770402032,525.6761381523355,0.1
21.158699910787465,184.0999856276912,-201.76879067505627,1157.7048276874557,4.598113329543039e-06,1157.7048230893424,578.8524115446712,578.8524161427845,380.1131959995297,0.1
19.421294361348007,187.3066137771698,-202.75154445471665,1548.1172624860908,2.99131752558951e-06,1548.1172594947732,774.0586297473866,774.0586327387042,449.9940265088214,0.1
16.09043961199551,190.99786902462844,-200.61992287416143,2381.404055969013,3.1805233984137665e-06,2381.4040527884895,1190.7020263942447,1190.7020295747682,670.5510485444019,0.15
16.72049878444335,190.4963342835722,-200.7221976878417,2142.238743464044,3.255811086708712e-06,2142.238740208233,1071.1193701041166,1071.1193733599275,592.6880128544635,0.15
15.705763562217658,191.36915398609815,-201.3484265192321,2776.3703257845286,3.53304737463579e-06,2776.3703222514814,1388.1851611257407,1388.185164658788,791.9360352988787,0.15
16.41107805767757,190.81527213710655,-201.46918582401923,2425.904883773826,3.115285668600814e-06,2425.90488065854,1212.95244032927,1212.952443444556,684.6326245736436,0.15
17.667973180327895,189.60777899765813,-201.483119808966,1833.3871534713069,2.9000539601711915e-06,1833.387150571253,916.6935752856265,916.6935781856804,514.9505891248546,0.15
17.049462652651567,190.235589742081,-201.5606548323436,2100.1804526099327,2.898503537797088e-06,2100.180449711429,1050.0902248557145,1050.0902277542182,588.7987833691545,0.15
18.12860807207774,189.07325356000604,-202.3659288407677,1688.4915252672215,3.019237741378822e-06,1688.4915222479838,844.2457611239919,844.2457641432296,485.9211353366419,0.1
16.765089368352193,190.53915692977253,-202.35700615817544,2255.0034702906423,3.0950099805389728e-06,2255.0034671956323,1127.5017335978162,1127.5017366928262,643.2462569450184,0.15
16.100716083443515,191.14482336720795,-202.24917092454567,2644.2466528482764,3.1053201857322477e-06,2644.2466497429564,1322.1233248714782,1322.1233279767982,752.5297808009328,0.15
15.30427562132284,191.7648639658393,-202.0845792173081,3205.953010124014,3.562436611560297e-06,3205.9530065615772,1602.9765032807886,1602.9765068432253,918.3435123542471,0.15
15.6619672892938,191.57901849943252,-202.86029767796575,2955.432635108504,3.4477159358154665e-06,2955.432631660788,1477.716315830394,1477.7163192781102,846.764151142449,0.15
15.236200155682884,192.03077044481216,-203.6421981682843,3154.1365530194234,3.683203586633921e-06,3154.13654933622,1577.06827466811,1577.0682783513134,907.8421323516383,0.15
14.8940248878732,192.3982475834608,-204.2199629416786,3344.910240284458,3.995683992616473e-06,3344.910236288774,1672.455118144387,1672.455122140071,964.0078513536787,0.15
18.984474323051703,187.9148354926062,-203.0229802710111,1579.2439010986682,3.4685390409275918e-06,1579.2438976301291,789.6219488150646,789.6219522836036,458.46677807824665,0.1
18.70615441309989,188.34276723460744,-202.5215065461237,1584.6444846914028,3.5168224807534296e-06,1584.6444811745803,792.3222405872901,792.3222441041127,457.5264701148453,0.1
18.475787341515023,188.59377547219825,-203.1386618987731,1637.9395923776913,3.1177187121637365e-06,1637.9395892599725,818.9697946299863,818.969797747705,474.2435222140591,0.1
18.77604978309459,188.12182128352308,-203.75715194181413,1631.3087168630825,3.794239068748333e-06,1631.3087130688434,815.6543565344217,815.6543603286608,477.5318174179471,0.1
18.40038715000071,188.61973436093288,-203.92175401888323,1625.8946652309055,3.179272478114377e-06,1625.894662051633,812.9473310258165,812.947334205089,477.9457369322085,0.1
21.62279238020284,180.7909376782224,-203.3263018265749,1877.9591582848373,3.697669943212629e-06,1877.9591545871674,938.9795772935837,938.9795809912536,575.1107671509021,0.15
21.50434617968477,180.2312448892064,-204.1166560018881,2262.35584564962,3.350363182336645e-06,2262.3558422992564,1131.1779211496282,1131.1779244999916,670.8236370127145,0.15
19.9087038861902,186.60378518246836,-202.2339364106392,1415.021524004753,3.6777645570251775e-06,1415.0215203269884,707.5107601634942,707.5107638412588,421.0320621209315,0.1
20.34975491462538,185.8770539971235,-201.91613877499864,1303.3174458167966,4.382649651308569e-06,1303.317441434147,651.6587207170735,651.6587250997231,400.3753215672622,0.1
21.2808605408658,183.34938653140756,-202.68082215522816,1560.257831292887,5.185220730214493e-06,1560.2578261076662,780.1289130538331,780.1289182390539,486.60829432754264,0.1
20.71431652278197,185.00801763440225,-202.4293788282708,1500.351972809687,4.92445792751641e-06,1500.351967885229,750.1759839426145,750.1759888670724,455.55219624241784,0.1
19.76056010525227,186.7027735437906,-203.1178326685776,1633.7701523208098,3.5139615149896683e-06,1633.7701488068483,816.8850744034241,816.8850779173856,478.82697284170695,0.1
21.353100966384748,182.70769745474632,-203.28820959378976,1902.819404878559,4.806824727873989e-06,1902.8194000717342,951.4097000358671,951.4097048426919,575.5899716735884,0.15
21.398465742393785,181.3962785264436,-204.29576120898037,2395.5844636989527,3.9782764407083065e-06,2395.5844597206765,1197.7922298603382,1197.7922338386145,697.7424588245406,0.15
21.489647554037983,181.85074599681076,-203.4447884038036,1978.260305511489,3.997670452403361e-06,1978.2603015138184,989.1301507569092,989.1301547545797,595.1642904255662,0.15
21.222370308052707,182.56234519632133,-204.2418866859555,2349.776844904843,4.559733149685101e-06,2349.77684034511,1174.888420172555,1174.888424732288,684.9893318565179,0.15
20.98176120852587,184.20990171639093,-202.8283339319579,1717.7153650369523,4.7679686185450575e-06,1717.7153602689837,858.8576801344918,858.8576849024605,517.9266132494611,0.1
19.276789199124817,187.3507726032332,-203.912176663778,1668.0222852519305,3.388473502394651e-06,1668.022281863457,834.0111409317285,834.011144320202,490.95656480654037,0.1
16.371704592713222,190.9610108735569,-203.31308428714624,2370.97436087318,3.025398460953049e-06,2370.9743578477814,1185.4871789238907,1185.4871819492894,686.5136904934561,0.15
15.843114686927056,191.493276744456,-203.74091694591837,2671.2895043348967,3.1002716222901943e-06,2671.2895012346253,1335.6447506173126,1335.644753717584,772.9882647307898,0.15
17.863507450722246,189.33327342665768,-203.5445293178329,1711.9237341378405,2.8524616277277174e-06,1711.9237312853788,855.9618656426894,855.9618684951511,499.74576288942285,0.1
17.170164276358932,190.135958966156,-203.35456248815493,1950.0578645508751,3.004373190116417e-06,1950.057861546502,975.028930773251,975.0289337776242,570.4036828121214,0.15
17.505848269970915,189.77851546909775,-202.44298484307328,1882.259328090243,2.849351384951741e-06,1882.2593252408915,941.1296626204457,941.1296654697971,542.2842274771119,0.15
18.07019576759848,188.98298333478544,-204.6305206495549,1590.3473978130896,3.556960480550991e-06,1590.347394256129,795.1736971280645,795.1737006850251,476.096720724604,0.1
18.73574320653068,188.06456631522144,-204.56884512432376,1623.775702184128,4.389422608522152e-06,1623.7756977947054,811.8878488973527,811.8878532867753,484.3596179846886,0.1
17.429827449305982,189.80874917398907,-204.35819865671,1716.7052943427063,3.0939946116049374e-06,1716.7052912487118,858.3526456243559,858.3526487183505,512.447588610343,0.1
16.837546668632662,190.4928424846169,-204.0879200698194,1986.5382781480296,3.417220905821279e-06,1986.5382747308088,993.2691373654044,993.2691407826252,588.5210518223729,0.15
16.337587528538894,191.0296116818296,-204.39758468630424,2187.30521133366,3.223162585783637e-06,2187.3052081104975,1093.6526040552487,1093.652607278411,645.7454300538711,0.15
15.599946680626944,191.783134978564,-204.56137876230724,2703.254091930038,3.5202975787133257e-06,2703.2540884097407,1351.6270442048703,1351.6270477251678,787.3803864136239,0.15
15.13775244842926,192.2646206645732,-205.0272561922019,2862.63126667004,3.556179254841939e-06,2862.6312631138608,1431.3156315569304,1431.3156351131097,835.3498749868686,0.15
15.70497218938276,191.7224036040104,-205.6087195387544,2245.816822269572,3.8600156320328685e-06,2245.8168184095566,1122.9084092047783,1122.9084130647939,670.9223937222987,0.15
14.490107436453156,192.86267924939452,-205.05368591208853,3431.463576729522,4.167195835838335e-06,3431.463572562326,1715.731786281163,1715.731790448359,991.0114623625885,0.15
14.977312076496563,192.49061688022945,-205.97356299243387,2750.9834160428727,4.4724122022797205e-06,2750.9834115704607,1375.4917057852304,1375.4917102576424,807.434933261398,0.15
14.121078019935595,193.2943915862081,-205.81620815968677,3416.5816142591543,5.124072570718306e-06,3416.5816091350816,1708.2908045675408,1708.2908096916135,989.7948837559602,0.15
21.274853811199613,180.7009661703605,-205.1754245582325,2715.1290525553327,3.951397681653742e-06,2715.129048603935,1357.5645243019676,1357.564528253365,778.3411440504291,0.15
20.221422837742427,185.8911931926635,-203.0108834218807,1622.078607675278,4.435484672120112e-06,1622.0786032397932,811.0393016198966,811.0393060553813,483.21189278386345,0.1
21.01244699682098,183.67843183004996,-203.7982786437358,2069.354816063258,4.394192800228165e-06,2069.3548116690654,1034.6774058345327,1034.6774102287254,614.4603443640307,0.15
20.581155390789608,184.94138460440996,-203.6313987747531,1831.691707427305,3.999773172028479e-06,1831.6917034275318,915.8458517137659,915.845855713539,547.7423261574512,0.1
19.915060536798062,186.16059819565623,-204.27778642313896,1858.6878480394112,4.142592862235467e-06,1858.6878438968183,929.3439219484092,929.343926091002,550.9271345752619,0.1
21.11949040158856,181.9732957973002,-205.29795783352864,2728.530845820451,4.627777381937533e-06,2728.5308411926735,1364.2654205963368,1364.265425224114,778.4310191635278,0.15
20.87377116164271,183.32118906147903,-205.12554895635824,2510.726415324874,4.303174302679154e-06,2510.7264110216997,1255.3632055108499,1255.363209814024,721.6603692484415,0.15
19.31770652917026,187.0073690558456,-205.19454709531504,1738.3794362261765,4.010787123030552e-06,1738.3794322153894,869.1897161076947,869.1897201184818,526.9157462211845,0.1
16.15741548796563,191.23141086390936,-205.17652607573575,2059.576079288111,3.633316562526211e-06,2059.5760756547943,1029.7880378273971,1029.7880414607139,618.3233551350157,0.15
18.489185017903427,188.20705678072,-205.8139228541992,1572.8194604295795,4.025585227135627e-06,1572.8194564039943,786.4097282019972,786.4097322275824,488.05008501234084,0.1
17.657438809045683,189.41532690503016,-205.61132975902328,1519.0633268946867,4.374882734103876e-06,1519.063322519804,759.531661259902,759.5316656347848,471.5716725903259,0.1
16.873343153194043,190.42355654838795,-205.21398879518097,1775.052338724465,4.427937397089478e-06,1775.0523342965275,887.5261671482638,887.5261715762012,543.0742195313428,0.1
16.327508487687087,191.0275554078431,-205.98093510923164,1824.4466642616192,3.7412494224030193e-06,1824.4466605203697,912.2233302601849,912.2233340014343,563.1829123068313,0.15
15.713501635828662,191.71320653389628,-206.540242204014,2026.4684230748728,4.40840802190784e-06,2026.4684186664647,1013.2342093332323,1013.2342137416405,617.9136613275307,0.15
16.24602511036372,191.0640626223713,-206.98199580896292,1647.8826260690548,4.680479201807454e-06,1647.8826213885757,823.9413106942878,823.941315374767,523.5355461536346,0.15
15.879644859900816,191.4676728029376,-207.49863071288632,1628.5080665998912,4.279160828947252e-06,1628.5080623207305,814.2540311603652,814.254035439526,524.2099447737007,0.15
13.6458526050887,193.83936148656915,-206.68321364394703,3447.602768981986,5.350832029033807e-06,3447.602763631154,1723.801381815577,1723.801387166409,1000.1449310552682,0.15
15.252489002768533,192.22085333686877,-207.11022926157463,2188.845881514816,3.926022020721559e-06,2188.845877588794,1094.422938794397,1094.422942720419,662.7131542574641,0.15
14.558026031830522,192.9707054828462,-206.9990370337586,2636.249511300801,4.728362523984528e-06,2636.2495065724383,1318.1247532862192,1318.1247580145816,781.6343933952444,0.15
20.96635709847487,181.1724617725429,-206.34461924459467,2993.4736837034675,4.426562168000505e-06,2993.4736792769054,1496.7368396384527,1496.7368440650148,843.9231303993545,0.15
20.476378560198,184.7068237437261,-204.85397431674,2229.6681096668995,4.36891146551787e-06,2229.668105297988,1114.834052648994,1114.8340570179055,653.5242537787497,0.15
20.397343867038423,184.15473981083855,-206.2192869510104,2547.038814109903,4.536071504350102e-06,2547.0388095738313,1273.5194047869156,1273.5194093229873,733.4447200678422,0.15
19.91544513520052,185.62799949704788,-205.8133320773622,2113.089380099602,4.329022324242096e-06,2113.0893757705794,1056.5446878852897,1056.5446922143121,629.1881084535746,0.15
20.754120011363977,182.60268196430263,-206.4068159743429,2859.9563784862403,4.382263084915771e-06,2859.9563741039774,1429.9781870519887,1429.9781914342516,811.3953352239619,0.15
13.122184304839024,194.43257388693596,-207.58519141477493,3530.0034600750555,5.24179366208262e-06,3530.003454833262,1765.001727416631,1765.0017326584245,1018.9559891936295,0.15
19.19949863721635,186.6903235288337,-206.8519151994897,1900.973320400317,4.375259152699122e-06,1900.973316025058,950.486658012529,950.4866623877881,586.2091567632092,0.15
18.50147777583335,187.70190438371,-207.584295867344,1661.391187349517,4.793539015400307e-06,1661.3911825559778,830.6955912779889,830.695596071528,534.0909975862401,0.15
17.03462108544393,190.09113877708737,-206.75042629663463,1440.1420900165588,4.340740306120357e-06,1440.1420856758184,720.0710428379092,720.0710471786496,468.2294311049091,0.1
17.821868486331216,188.8776102143646,-207.33402157035223,1416.6564824406444,4.585822688869652e-06,1416.6564778548218,708.3282389274109,708.3282435132335,467.3470026543134,0.1
16.46203629148369,190.665676954907,-207.99239522584665,1396.9441009419695,4.668823005665699e-06,1396.9440962731464,698.4720481365732,698.4720528053963,471.4787527238538,0.1
15.852135437732082,191.4168935297713,-208.2843581585723,1517.4212952019302,5.05088845161089e-06,1517.4212901510418,758.7106450755209,758.7106501264093,499.7278633246685,0.15
15.45293384895873,191.94611942463504,-207.96041171715223,1704.212760742525,4.107243731162943e-06,1704.2127566352813,852.1063783176406,852.1063824248844,543.9148874513862,0.15
14.864246287234762,192.63065168438555,-208.10264040652865,2064.218279510526,4.594774517790092e-06,2064.2182749157514,1032.1091374578757,1032.1091420526502,634.2683408021745,0.15
14.05908388592641,193.52254949700315,-207.92319495942596,2721.455636155197,5.113904924629692e-06,2721.4556310412922,1360.7278155206461,1360.727820634551,803.8321441922203,0.15
13.585086911917156,194.0374591378622,-208.8028451836103,2610.266195191504,5.118441423878134e-06,2610.2661900730623,1305.1330950365311,1305.1331001549727,774.2291950036675,0.15
20.541484752667703,181.7543049512228,-207.6524753276545,3229.513998648068,4.681386443279834e-06,3229.5139939666815,1614.7569969833407,1614.7570016647273,903.951747199675,0.15
20.24440258664281,183.42332034223503,-207.64950610557275,2931.456166698681,4.807948817620434e-06,2931.4561618907323,1465.7280809453662,1465.7280857533149,833.1074436743131,0.15
19.7739841192324,185.1317449066472,-207.3996556803858,2420.47973569725,4.894428181592171e-06,2420.479730802822,1210.239865401411,1210.239870295839,709.6957521197246,0.15
12.593008397175442,195.02520192330272,-208.50734580160145,3416.363583665319,5.454982204076169e-06,3416.3635782103365,1708.1817891051683,1708.1817945601506,984.9876649400998,0.15
18.89636355677999,186.37991533992724,-208.76259998472025,2138.860192097085,4.979550125184386e-06,2138.8601871175347,1069.4300935587673,1069.4300985383177,654.3786426964517,0.15
17.92440699130691,188.18489216351733,-208.96353674596983,1557.090155440491,4.6490280438650765e-06,1557.0901507914627,778.5450753957314,778.5450800447595,522.7490457128871,0.15
17.13414241091918,189.6179274090106,-208.4842260138656,1319.4681297470768,4.80791183645842e-06,1319.468124939165,659.7340624695825,659.7340672774943,456.1102352473825,0.25
16.155566900871587,190.7966905594806,-209.4332665700434,1359.7115479082347,4.743996357284079e-06,1359.7115431642383,679.8557715821191,679.8557763261156,461.95855393397983,0.25
15.316245884836231,192.00232181852107,-208.9953704654716,1587.8320755210195,4.993731744876166e-06,1587.832070527288,793.916035263644,793.9160402573756,518.4275706629079,0.15
14.480489236837013,193.0125683769613,-209.131255731441,2048.189561406201,4.976009976660937e-06,2048.189556430191,1024.0947782150954,1024.0947831911055,629.7331149103799,0.15
12.942262874179114,194.7187292952293,-209.7097760917856,2756.1953057646992,5.229289541903775e-06,2756.19530053541,1378.097650267705,1378.0976554969943,806.158497649784,0.15
13.838312887787756,193.65870907863828,-210.33167603287603,1974.4593131599008,4.952851444167511e-06,1974.4593082070494,987.2296541035247,987.2296590563761,609.9867975669247,0.15
15.067625741724571,192.0416531049808,-210.5587336702042,1437.957095934682,4.868243692628423e-06,1437.9570910664384,718.9785455332192,718.9785504014628,484.81388004571824,0.25
15.960566132303594,190.46355722738548,-211.4061488299424,1432.6425865276588,4.9800006457866e-06,1432.6425815476582,716.3212907738291,716.3212957538296,470.897211107354,0.25
19.971029181054934,182.44519251730333,-209.07479697220265,3356.865691708741,5.2956139854760494e-06,3356.865686413127,1678.4328432065636,1678.4328485021774,940.417480726464,0.15
19.217507953888976,183.15141988880703,-210.65350038597705,3511.767130893324,5.482440332642189e-06,3511.7671254108836,1755.8835627054418,1755.8835681878822,991.3881343972631,0.15
19.55933032120564,184.35415203950447,-209.06577750312832,2951.032893592036,5.146606219501774e-06,2951.0328884454298,1475.5164442227149,1475.5164493693212,847.1708804521116,0.15
17.84778494307108,187.2511836128092,-210.93154141347264,2071.5245712263923,5.175206797283842e-06,2071.5245660511855,1035.7622830255928,1035.7622882007995,663.9205960435777,0.15
18.696889400303903,185.1746956012679,-210.78136553122093,2894.9610488481885,5.366614742909992e-06,2894.9610434815736,1447.4805217407868,1447.4805271074017,853.5196244480463,0.15
18.32649972140733,183.78289688920032,-212.34456392642173,3607.067212815081,5.6752631416759125e-06,3607.0672071398176,1803.5336035699088,1803.533609245172,1032.198957190666,0.15
11.846699495561468,195.8185744819056,-209.61781471996383,3304.136791739305,5.559697530366236e-06,3304.1367861796075,1652.0683930898037,1652.0683986495012,947.8433172561417,0.15
10.965965181545192,196.68490121918416,-210.67055837761995,3083.1103260309715,5.325288711117925e-06,3083.1103207056826,1541.5551603528413,1541.5551656781302,881.357037119324,0.15
10.254217913907604,197.3193621610632,-211.71075924493744,2859.166191040965,5.3959719554067805e-06,2859.1661856449928,1429.5830928224964,1429.5830982184684,808.7371905709581,0.15
11.281825817091326,196.32674259896956,-212.2303295161177,2639.62686380578,4.956161613509435e-06,2639.626858849618,1319.813429424809,1319.8134343809709,753.2114220411482,0.15
12.162546648877973,195.5050764179552,-210.96694347099464,2620.776612866244,5.419507082461874e-06,2620.7766074467368,1310.3883037233684,1310.3883091428754,763.807260669509,0.15
17.010997202757277,189.2013723527408,-210.28953635300115,1456.8921009418643,5.244134140925439e-06,1456.8920956977302,728.4460478488651,728.4460530929993,508.07400458182957,0.15
13.901422601202295,193.3095519759358,-211.8599001151981,1662.3001964526384,5.07548960611337e-06,1662.3001913771488,831.1500956885744,831.150100764064,537.8071267892875,0.15
13.164358413548308,194.38117166439608,-211.00260985578507,2174.9119780983065,5.202089111514834e-06,2174.9119728962173,1087.4559864481087,1087.4559916501978,654.7680415843178,0.15
16.707889103089833,188.76730234889877,-212.1827630603597,1701.489103709767,4.982632870792048e-06,1701.4890987271342,850.7445493635671,850.7445543462,587.8380807800113,0.15
15.665691239080973,190.0265098853018,-213.357838491146,1659.6208139598004,5.014571906877805e-06,1659.6208089452286,829.8104044726143,829.8104094871861,548.4325905371737,0.25
17.061279996279023,187.3453055818584,-213.01761382965023,2345.4153974226647,5.255367777077552e-06,2345.415392167297,1172.7076960836484,1172.7077013390162,746.3925305823343,0.15
14.84763455653226,191.74118641219607,-212.5893319953776,1479.7414166474646,4.938185549658654e-06,1479.741411709279,739.8707058546395,739.8707107928251,479.9950015864343,0.25
17.34634912598793,184.35611505786432,-214.1496392037097,3708.904887449014,5.628788245961945e-06,3708.904881820226,1854.452440910113,1854.452446538901,1071.3340151817085,0.15
17.762016716141765,185.64609566612404,-212.7201673388621,3074.865124226641,5.382328114985871e-06,3074.8651188443127,1537.4325594221564,1537.4325648044846,919.6950401661843,0.15
12.70863584124426,194.6718594553403,-212.61048009754404,2047.2571024474169,4.835964966946611e-06,2047.2570976114519,1023.6285488057259,1023.6285536416909,618.4868363184127,0.15
13.692578185906964,193.11669668875552,-213.53676635984735,1533.0064342128128,4.6681266836246645e-06,1533.0064295446862,766.5032147723431,766.5032194404697,517.9336694468976,0.15
16.26381094992097,188.3079201804536,-214.06892159797823,2092.837989299165,5.085062405454977e-06,2092.837984214103,1046.4189921070515,1046.4189971921137,696.0306591357794,0.15
13.295515929821503,192.20400264209863,-199.84648770238985,1911.999444731764,2.4172967959043924e-06,1911.9994423144672,955.9997211572336,955.9997235745304,602.3891505159537,0.1
13.835571014929569,191.99602025391687,-199.7051664234621,1854.3874008859343,2.5414507693257928e-06,1854.3873983444835,927.1936991722417,927.1937017136926,580.43652940678,0.1
13.652439383625405,192.17996072630595,-200.28334567801443,2158.485607041236,2.3741090168722046e-06,2158.485604667127,1079.2428023335635,1079.2428047076726,666.1252372881862,0.1
13.062273021593604,192.39892017865344,-200.39496886703407,2142.7166453314253,2.279676450493627e-06,2142.7166430517486,1071.3583215258743,1071.358323805551,668.2999775804266,0.1
12.816730833173176,192.58540405765729,-200.8445530679484,2294.684659570727,2.249811455404455e-06,2294.6846573209154,1147.3423286604577,1147.3423309102693,713.1298485274971,0.1
12.63623694903246,192.7534515502417,-201.25984216829627,2407.884646869125,2.211282149419668e-06,2407.8846446578427,1203.9423223289214,1203.9423245402036,747.1731769827577,0.1
15.109814357648194,191.48248025426344,-199.7930025081702,2022.3884528852077,3.1319917935070394e-06,2022.3884497532158,1011.1942248766079,1011.1942280085998,603.3346704079487,0.15
14.47785017989315,191.73285540207635,-199.59714767442605,1829.684162136437,2.736222822834754e-06,1829.6841594002142,914.8420797001071,914.8420824363299,564.8158174615653,0.1
15.78943315099942,191.1179360050806,-199.9016446269184,2116.5706119580987,3.6718352312618655e-06,2116.5706082862635,1058.2853041431317,1058.285307814967,601.6844978362399,0.15
14.15339246585895,191.977227351848,-200.1913241720312,2165.106413706636,2.9598487324879606e-06,2165.1064107467873,1082.5532053733937,1082.5532083332423,661.8833527559698,0.1
14.723578481464198,191.78613057300663,-200.43025213307772,2403.5551523795407,3.016604676841404e-06,2403.555149362936,1201.777574681468,1201.7775776980727,718.5048512351395,0.1
15.462670778633331,191.4172875653857,-200.5423652860472,2547.7036871206187,3.718680080228933e-06,2547.7036834019386,1273.8518417009693,1273.8518454196494,736.5519605585797,0.15
14.085025286623203,192.1360633112237,-200.80173687162912,2519.0003046531046,2.965631973751673e-06,2519.0003016874725,1259.5001508437363,1259.5001538093684,762.0608772297719,0.1
13.347991926457706,192.4090226761153,-200.8232236490988,2386.959347477481,2.2650125242414125e-06,2386.9593452124686,1193.4796726062343,1193.4796748712467,734.1962633500907,0.1
13.040035530415032,192.65168008348564,-201.34996726504133,2535.224829663064,2.318838424664063e-06,2535.2248273442256,1267.6124136721128,1267.6124159909514,779.8666857932051,0.1
13.621670661891908,192.45728314515537,-201.375901379798,2704.881255774378,2.6330435641289837e-06,2704.8812531413346,1352.4406265706673,1352.4406292037108,821.602917437879,0.1
14.549049429701869,192.03210986811155,-201.17480330450235,2864.935895743515,3.230243003199184e-06,2864.9358925132724,1432.4679462566362,1432.467949486879,850.9829409937038,0.15
14.134464757032632,192.31203658373096,-201.56591778955868,3064.637116745056,3.3684624134990264e-06,3064.637113376594,1532.318556688297,1532.3185600567592,911.475101376812,0.15
15.146687143677894,191.72373344975708,-201.20565429047176,2973.091165475165,3.7894836294106256e-06,2973.091161685681,1486.5455808428405,1486.5455846323243,861.2212488638526,0.15
14.745910507397678,192.08920692922484,-201.84587455785385,3389.6901228725424,3.968911998433063e-06,3389.6901189036303,1694.8450594518151,1694.8450634207272,982.3307696477577,0.15
22.11332594516479,179.68271252303813,-199.6245247453332,4058.639915417801,4.2806851053370656e-05,4058.63987261095,2029.319936305475,2029.319979112326,1013.6173490621949,0.15
22.05150689919168,179.35689305193722,-200.02974728083325,3732.1074946615145,1.8482909806143943e-05,3732.107476178605,1866.0537380893024,1866.053756572212,933.577407456587,0.15
22.060164396749368,179.05620417905058,-199.7146290124589,4235.357580904423,4.3354725688374666e-05,4235.357537549698,2117.678768774849,2117.6788121295745,1058.1475941507256,0.15
21.979717690818337,178.45126175368,-199.7947375210768,4418.533741254266,4.264264599067624e-05,4418.53369861162,2209.26684930581,2209.266891948456,1104.870017335017,0.15
21.97323472200882,178.8034238473802,-200.2739721205936,3713.302407601521,1.564483131283229e-05,3713.3023919566895,1856.6511959783447,1856.651211623176,931.5567010003579,0.15
21.88479679477383,177.89669026402305,-199.8631622807804,4736.927028924094,4.665537198009674e-05,4736.926982268722,2368.463491134361,2368.463537789733,1185.1368749218202,0.15
21.843556093385526,177.96593134608807,-200.36131716899592,4013.623207779389,1.970811059379034e-05,4013.623188071278,2006.811594035639,2006.8116137437498,1009.7223669034596,0.15
21.779342631600155,177.3608416416211,-199.9260174987302,4581.922550285232,4.127719504840912e-05,4581.922509008037,2290.9612545040186,2290.9612957812137,1146.6179580485023,0.15
21.6684952795,176.834071737,-199.986120944,4901.665714682295,4.4806381613096406e-05,4901.665669875913,2450.8328349379567,2450.8328797443387,1227.1338234177545,0.15
21.870645469993736,178.4517747929285,-200.79939304918665,2881.8919081631952,8.417737937597551e-06,2881.8918997454575,1440.9459498727288,1440.9459582904665,726.2128793157372,0.15
1.85639166846648,192.65045163506892,-199.8304590824463,2271.1879119013697,2.569903743672694e-06,2271.187909331466,1135.593954665733,1135.5939572356367,685.9836386555118,0.1
0.6897929159912111,192.13440292628997,-199.6581435980555,2246.32124070143,3.0318643337185874e-06,2246.3212376695656,1123.1606188347828,1123.160621866647,688.8635896652795,0.1
0.8840435627119653,193.1439467716026,-200.4641323776558,2239.819746317706,2.782053968753677e-06,2239.8197435356524,1119.9098717678262,1119.90987454988,687.3626870901339,0.15
2.2002228047024874,193.48484235819345,-200.5810077331664,2227.906753231638,2.4989731413668123e-06,2227.906750732665,1113.9533753663325,1113.9533778653056,677.943340428804,0.1
2.999181834309611,192.94916396987784,-199.94365740058183,2168.645857211201,2.36558795401334e-06,2168.645854845613,1084.3229274228065,1084.3229297883945,648.1269896758178,0.1
-0.3699310171311721,192.4901679519488,-200.20853138500107,2219.500962074524,3.1364360466209826e-06,2219.500958938088,1109.750479469044,1109.75048260548,685.4531475330383,0.15
1.2727825424182462,194.0984484094212,-201.27036217583736,2230.146791007271,2.9491750080613515e-06,2230.1467880580963,1115.0733940290481,1115.073396978223,671.126989721337,0.15
-0.1286638180248232,193.68011167037693,-201.0943562782661,2199.2601829509968,3.329907449764856e-06,2199.2601796210893,1099.6300898105446,1099.6300931404521,664.3578662911231,0.15
-1.6131667632527498,193.0681815928925,-200.9302749137465,2190.020283781691,3.508625470085602e-06,2190.0202802730655,1095.0101401365328,1095.0101436451582,661.2120753779723,0.15
0.2090076027859175,194.79344822524092,-201.9998823845744,2182.972179967801,3.749626536017879e-06,2182.9721762181744,1091.4860881090872,1091.4860918587137,642.9456960956327,0.15
-1.09824815769569,195.55805449856985,-202.7829556352432,2047.0888573877507,3.819298563178577e-06,2047.0888535684521,1023.5444267842261,1023.5444306035247,592.4295759876322,0.15
-1.40398025253488,194.3143201014647,-201.8146794242388,2087.602292980001,3.5231476800053854e-06,2087.602289456853,1043.8011447284266,1043.8011482515744,617.4528373496771,0.15
-5.62131538188707,199.034780503934,-206.9487968978422,1277.500924608062,4.270059577271246e-06,1277.5009203380023,638.7504601690011,638.7504644390608,362.17926689890993,0.15
-1.577190430795418,191.88068736026355,-200.0955968528785,2294.780457581107,3.5360036811346742e-06,2294.7804540451034,1147.3902270225517,1147.3902305585552,706.8696559427168,0.15
-2.9078333553243105,190.97958166221844,-199.9670526193722,2487.960247675277,2.9731301375029126e-06,2487.960244702147,1243.9801223510735,1243.9801253242035,762.2859974817412,0.15
-3.7805046702121294,189.87063471272396,-199.7279778582769,2819.491238983184,3.54325986927022e-06,2819.491235439924,1409.745617719962,1409.745621263222,861.5852064104897,0.15
-4.978660139315831,189.63173347652,-200.172723505527,2949.5692199645027,3.465673462112287e-06,2949.569216498829,1474.7846082494145,1474.7846117150882,889.4721342981429,0.15
-6.790058716660648,199.40821284114975,-207.9965157993598,1344.3005817395365,4.15423768313145e-06,1344.3005775852987,672.1502887926493,672.1502929468871,375.6864277928151,0.15
-7.277907259620779,198.32848061101072,-206.87881246420676,1238.4417508220404,4.156016132305317e-06,1238.4417466660243,619.2208733330122,619.2208774890282,354.5316661693583,0.15
-3.393054812211121,197.81170551849056,-205.0777443063304,1546.403620997427,4.0759716688173145e-06,1546.4036169214553,773.2018084607276,773.2018125366993,436.0875305087518,0.15
-3.1169811751629912,192.2375693005881,-200.78525294523655,2311.126766447256,3.3583552827344878e-06,2311.126763088901,1155.5633815444505,1155.5633849028056,696.7481952743132,0.15
-2.8398068405116432,196.60364799154624,-203.8894921032075,1752.657731574446,3.800714599714812e-06,1752.6577277737313,876.3288638868656,876.3288676875803,498.3276206638819,0.15
-3.0966835883688986,193.70277308493343,-201.7273650240082,2111.989076072163,3.69100955503518e-06,2111.989072381153,1055.9945361905766,1055.9945398815862,627.5789812649273,0.15
-2.9125469308076606,194.98720729702515,-202.60418771602497,1928.3568903094192,3.817967391537511e-06,1928.3568864914519,964.1784432457259,964.1784470636933,559.9797493866555,0.15
-4.33287571312128,195.5204706471472,-203.32814260884425,1824.3640669023891,3.550150266808037e-06,1824.3640633522389,912.1820316761194,912.1820352262697,529.2550125061392,0.15
-5.184531373851568,196.81177600461515,-204.59520476634748,1528.1066766574545,3.858832590048716e-06,1528.106672798622,764.053336399311,764.0533402581435,437.5751009322984,0.15
-4.563618338271379,191.08446216306675,-200.6538311921876,2672.167657255621,3.642057817976456e-06,2672.1676536135633,1336.0838268067816,1336.0838304488395,804.1860393031814,0.15
-4.772038049057882,192.80928348761333,-201.66396789911423,2306.187146261904,3.778916357785764e-06,2306.187142482988,1153.093571241494,1153.0935750204103,683.0336163134986,0.15
-4.467876525571815,198.44376236133647,-205.9338973762901,1362.6257330797728,4.002658337372639e-06,1362.6257290771143,681.3128645385572,681.3128685412156,384.6625834145549,0.15
-6.019890144251628,198.03814301000588,-206.00273286480527,1316.682635915298,4.038690164008917e-06,1316.682631876608,658.341315938304,658.3413199769941,377.3116733686089,0.15
-8.836558228651745,197.26340234139943,-206.69667889393529,1206.2103031648803,4.030674628608786e-06,1206.2102991342058,603.1051495671029,603.1051535977774,347.5808631614561,0.15
-7.080874748211929,197.0358969856829,-205.5007288333749,1357.7982700293571,3.691836646984701e-06,1357.7982663375205,678.8991331687603,678.8991368605969,393.3055370193199,0.15
-8.540606048430401,195.82167240971052,-205.25884260409052,1473.923929268529,3.861998443885972e-06,1473.9239254065305,736.9619627032653,736.9619665652638,425.6608082039065,0.15
-7.016137157618496,195.87174764111853,-204.5209176082832,1634.18215688354,3.841775686939704e-06,1634.1821530417644,817.0910765208822,817.0910803626579,474.17490324163487,0.15
-7.904740731264292,194.31107134710223,-203.87448315944545,1879.7257659771265,3.771369046850114e-06,1879.7257622057575,939.8628811028788,939.8628848742477,544.7540311126475,0.15
-6.079252282795955,188.63966259030565,-200.38735573614352,3288.1650657167365,3.520235235375732e-06,3288.1650621965014,1644.0825310982507,1644.0825346184859,984.9182950373388,0.15
-6.49512333559642,186.8593155256297,-200.18594891694943,3718.691030328873,3.542123211100277e-06,3718.6910267867497,1859.3455133933749,1859.345516935498,1112.238032724614,0.15
-5.779959972962338,190.0787496606892,-200.7440889572523,2943.204589050217,3.652827106567006e-06,2943.2045853973896,1471.6022926986948,1471.602296351522,880.8666718302684,0.15
-7.652588927660528,188.08808756078733,-201.18668599979077,3377.276495837239,3.7976645707785377e-06,3377.2764920395744,1688.6382460197872,1688.6382498174519,998.5747791147935,0.15
-7.124646373131586,189.8419063179186,-201.36149031335876,3033.8084328960244,3.760810028637825e-06,3033.8084291352143,1516.9042145676071,1516.9042183284173,897.1513192988003,0.15
-10.30947360061374,195.82908221463447,-206.48912797768207,1291.2993540003608,4.030505967230867e-06,1291.2993499698548,645.6496749849274,645.6496790154334,368.7510828089146,0.15
-7.528744634315664,199.86260727485717,-209.4114179214904,1538.5363351517192,4.452635636712318e-06,1538.5363306990835,769.2681653495417,769.2681698021775,421.4390058368311,0.15
-8.743001196221968,198.74199154477952,-208.4494320561217,1275.5973201641011,4.128316821588889e-06,1275.5973160357844,637.7986580178922,637.7986621462089,358.1454216777526,0.15
-10.536395701449454,197.1935581045926,-208.09323331997527,1234.8829539036983,4.12675067202774e-06,1234.8829497769477,617.4414748884739,617.4414790152244,348.67794843716024,0.15
-12.029591881394788,195.51143947180003,-207.9547287937652,1281.643137983432,3.987710587445813e-06,1281.6431339957214,640.8215669978607,640.8215709855714,356.6305302908337,0.15
-11.829863838738351,194.16779556588853,-206.61248066881956,1344.79725826427,3.893918978450108e-06,1344.797254370351,672.3986271851755,672.3986310790946,375.22556870581553,0.15
-6.659913837505239,185.13159590757647,-200.068344436671,3974.194203131939,3.617328976297105e-06,3974.19419951461,1987.097099757305,1987.0971033746341,1188.5272786930655,0.15
-6.66572252741509,183.5824905195508,-200.07819004435976,3909.314746568482,3.77191886500756e-06,3909.314742796563,1954.6573713982816,1954.6573751702003,1174.3228294201153,0.15
-7.723752346716117,184.3197258820362,-200.8887610981543,3891.3267476785672,3.83295350146794e-06,3891.3267438456137,1945.6633719228068,1945.6633757557604,1156.2020668440796,0.15
-7.82899320753629,191.02020707959295,-202.18606356902512,2688.975327272421,4.032317236802983e-06,2688.975323240104,1344.487661620052,1344.487665652369,787.5516416561978,0.15
-7.737455778299926,192.65829594702163,-202.8641788185876,2286.639491938131,3.756494701914636e-06,2286.6394881816364,1143.3197440908182,1143.3197478473128,665.7979258490797,0.15
-8.902770307860987,191.29392543425607,-202.93747883498625,2474.5384907129906,3.969957799407054e-06,2474.5384867430325,1237.2692433715163,1237.2692473414743,716.8243545480514,0.15
-6.298181435885601,193.56147600204247,-202.6777497086364,2166.368669922352,3.930946200525428e-06,2166.368665991406,1083.184332995703,1083.1843369266492,636.4514062582216,0.15
-9.955626027274873,194.29234601614544,-205.1142479911157,1591.9280286680034,3.839291690510937e-06,1591.9280248287118,795.9640124143559,795.9640162536475,456.9900655849114,0.15
-5.968193190899858,195.0925137809187,-203.53225666394965,1841.0637377596968,3.842506453311719e-06,1841.0637339171903,920.5318669585952,920.5318708011016,534.4655148747555,0.15
-4.604091101784803,194.30907459434303,-202.544778900652,2012.243701199896,3.173702960911898e-06,2012.243698026193,1006.1218490130965,1006.1218521867994,589.6076019420773,0.15
-6.318353672206326,191.65742147272616,-201.68320211727877,2616.933848066005,3.6466945021028526e-06,2616.9338444193104,1308.4669222096552,1308.4669258563497,773.0126425928465,0.15
-7.748000569160141,186.1464516752453,-200.94626540209725,3781.8402039621687,3.684578095336268e-06,3781.8402002775906,1890.9201001387953,1890.9201038233734,1119.6162661532505,0.15
-9.102558490552743,187.2633250649633,-202.0489139901485,3484.8126090173787,3.812755803581763e-06,3484.8126052046227,1742.4063026023114,1742.4063064150673,1018.0029772954084,0.15
-9.61402781603716,192.7064846988929,-204.01131142629265,2074.01176829167,3.717729320995817e-06,2074.0117645739406,1037.0058822869703,1037.0058860046995,594.9458568530796,0.15
-10.566477830502924,190.51842250393315,-203.83553618358164,2432.0080266432487,3.730374317701044e-06,2432.0080229128744,1216.0040114564372,1216.0040151868116,694.5623556137026,0.15
-11.306634264127082,192.4805265678695,-205.18424975265748,1773.134962333724,3.862684862538546e-06,1773.134958471039,886.5674792355195,886.5674830982044,499.7205168363463,0.15
-8.935757381837886,189.4754558823892,-202.36219346028264,2919.979374239922,3.4708509763183007e-06,2919.979370769071,1459.9896853845355,1459.9896888553865,850.7117252903673,0.15
-10.537941085721917,188.1203942698589,-203.2706736730944,3062.252531762538,3.81941008085107e-06,3062.252527943128,1531.126263971564,1531.1262677909742,880.4811740651405,0.15
-12.97533866455924,192.38447512210988,-206.7621872640848,1467.325993228731,3.643384209354541e-06,1467.3259895853469,733.6629947926734,733.6629984360576,400.90737772729784,0.15
-13.353682370801703,193.68781626765437,-208.09434101045684,1396.1362614593593,3.865676617802805e-06,1396.1362575936826,698.0681287968413,698.068132662518,375.832264471039,0.15
-14.415744265991464,191.5903869001817,-208.2419316203847,1680.8597382055152,3.790800931986935e-06,1680.8597344147142,840.4298672073571,840.4298709981581,445.0642881644605,0.15
-13.665241365357328,190.71017753790295,-206.8280296123555,1775.627333795614,3.5488594295705323e-06,1775.6273302467546,887.8136651233773,887.8136686722368,485.27297574508464,0.15
-8.983336583709756,185.1370308683425,-201.8643968406302,3758.6748074136754,3.6477874339892194e-06,3758.674803765888,1879.337401882944,1879.3374055307313,1104.3937428437223,0.15
-10.37700566173925,185.88014392934323,-203.00406024755267,3510.300246784705,3.5622474399404994e-06,3510.3002432224575,1755.1501216112288,1755.1501251734762,1017.3325272691192,0.15
-12.446118254967562,190.7433829426322,-205.531192309038,1970.7710933152257,3.697804260397776e-06,1970.7710896174215,985.3855448087107,985.385548506515,549.1200190892191,0.15
-13.529370063037977,189.1698911107168,-206.2482586135411,2197.201406017845,3.5568816504403423e-06,2197.2014024609634,1098.6007012304817,1098.6007047873632,611.506637467924,0.15
-11.800310744975745,186.67404767525164,-204.274340071717,3210.7491788328784,3.6779126360064583e-06,3210.749175154966,1605.374587577483,1605.3745912553954,919.2603173128966,0.15
-13.228323755474568,187.3424030610907,-205.71687418402465,2786.937357630048,3.4310573446236982e-06,2786.9373541989908,1393.4686770994954,1393.4686805305528,788.8475711418733,0.15
-12.046584430782916,188.79775373467743,-204.6789818349043,2628.957387371201,3.7382692619809184e-06,2628.957383632932,1314.478691816466,1314.4786955547352,744.3174551396801,0.15
-14.7798709410369,189.5284738520617,-207.9003667691225,2002.863307691902,3.6910572941145887e-06,2002.8633040008447,1001.4316520004223,1001.4316556914797,543.0183620573697,0.15
-14.511618750734709,187.6226411249896,-207.22441508028285,2457.73743527766,3.1357965626824868e-06,2457.7374321418633,1228.8687160709317,1228.8687192067284,687.2870161040859,0.15
-15.34251477999071,190.3120323365285,-209.13978801438864,2038.7702481871236,3.629662305476024e-06,2038.7702445574612,1019.3851222787306,1019.385125908393,542.6470181564295,0.15
-15.828686144524816,188.87276115651244,-209.4284739908064,2331.0834211848155,3.5981354423143063e-06,2331.08341758668,1165.54170879334,1165.5417123914756,631.8097250094652,0.15
-15.391668017596253,187.85625480684783,-208.45440087991395,2344.5848250817958,3.6076115266968825e-06,2344.584821474184,1172.292410737092,1172.2924143447037,648.6807619909194,0.15
-0.9881127818594851,178.3708332844224,-194.36937728218064,5419.512102470459,5.256109213897659e-05,5419.512049909366,2709.756024954683,2709.7560775157754,1478.7480558596294,0.1
-1.0484952489845292,178.31437416194242,-194.55214146575295,4165.077046835988,2.2190048566656304e-05,4165.07702464594,2082.53851232297,2082.538534513018,1161.7584958651582,0.1
-0.948721895201,178.198792172,-194.406904276,5300.593929855038,5.058991324810239e-05,5300.593879265125,2650.2969396325625,2650.296990222476,1448.159240281279,0.1
-1.0611913731835254,178.47445272804148,-194.46798277259688,4206.428747841601,2.560327817552203e-05,4206.428722238323,2103.2143611191614,2103.2143867224395,1167.3358196245706,0.1
-1.02633110689,178.55344526,-194.33039525,5104.7615033679685,5.019748001562093e-05,5104.7614531704885,2552.3807265852442,2552.3807767827243,1393.5307506489823,0.1
-1.1218760507708585,178.6443703257207,-194.49379722457988,4037.638890573057,2.138398825684814e-05,4037.638869189069,2018.8194345945344,2018.8194559785225,1126.327922259387,0.1
-1.008180645744546,178.14824525380632,-194.5855408461575,4296.791655530039,2.2840858102653168e-05,4296.791632689181,2148.3958163445905,2148.3958391854485,1197.5785982321677,0.1
-1.1184729998496503,178.27314126951896,-194.737512661411,3968.120135182918,1.201226591718654e-05,3968.1201231706523,1984.0600615853261,1984.060073597592,1122.152438511924,0.1
-1.157911301191373,178.49308743939753,-194.6744042725857,3912.7273125452543,1.2530578296862928e-05,3912.727300014676,1956.363650007338,1956.3636625379163,1105.0097300446614,0.1
-1.231618889178779,178.74614282972624,-194.6755574927436,3804.6978241366855,1.1189109191187183e-05,3804.6978129475765,1902.3489064737882,1902.3489176628973,1077.2740231727537,0.1
-1.0771979269804368,178.08576365332715,-194.78641937688195,4064.657304187236,1.202646400451484e-05,4064.657292160772,2032.328646080386,2032.32865810685,1149.6184621814998,0.1
-1.2252641696030142,178.40653403346496,-194.87485087511791,3926.667034891755,9.220091675918186e-06,3926.6670256716634,1963.3335128358317,1963.3335220559234,1119.5574342072791,0.1
-1.217504908420616,178.2331072744771,-194.97290978741512,3962.144688959281,8.80642321219848e-06,3962.144680152858,1981.072340076429,1981.072348882852,1133.569959810103,0.1
-1.2883523084586717,178.6088509223932,-194.8809390932324,3828.236960283413,8.797259547255897e-06,3828.2369514861534,1914.1184757430767,1914.118484540336,1094.0784527497904,0.1
-1.359541520366654,178.86140165937027,-194.8799074665156,3690.399790130334,8.425628257174188e-06,3690.399781704706,1845.199890852353,1845.199899277981,1057.8143721197364,0.1
-1.1576470596841,178.0077348287614,-195.0121918288868,4055.600741100168,8.867061219099202e-06,4055.6007322331066,2027.8003661165533,2027.8003749836146,1159.6716303376277,0.1
-1.3526974252518091,178.43835521277634,-195.11222976705693,3719.634298753793,7.298725073335981e-06,3719.634291455068,1859.817145727534,1859.817153026259,1075.8763772630073,0.1
-1.3055780194635138,178.15959905800125,-195.19470744743768,3821.792010482403,7.262162127590831e-06,3821.792003220241,1910.8960016101205,1910.8960088722824,1106.4749162427074,0.1
-1.2514166922793786,177.9096723884087,-195.26468473081567,3920.120874939767,7.128761316003807e-06,3920.1208678110056,1960.0604339055028,1960.0604410342642,1134.9133733995468,0.1
-1.5087885033407116,178.9916110796449,-195.1087866994933,3399.760335968373,6.804904145438844e-06,3399.760329163469,1699.8801645817346,1699.8801713866385,991.9005223695777,0.1
-1.4528917004829802,178.73117142199268,-195.1418156759399,3513.899163545397,6.806287771167864e-06,3513.8991567391095,1756.9495783695547,1756.9495851758425,1022.8391750127399,0.1
-1.4802077874693778,178.33920764035878,-195.40834441603548,3435.034982665309,6.201394842979652e-06,3435.0349764639145,1717.5174882319573,1717.5174944333519,1008.7940523973257,0.15
-1.5015666101287144,178.5773241221272,-195.3168205675264,3377.520801540634,6.223272389077825e-06,3377.5207953173613,1688.7603976586806,1688.7604038819532,992.945824959587,0.15
-1.6105167166780716,178.82338444357595,-195.39039115432325,3154.173407162618,5.69871472799618e-06,3154.1734014639032,1577.0867007319516,1577.0867064306663,930.2399929148377,0.15
-1.6832933924773932,179.13851624231805,-195.3644058453203,2997.2409035758706,5.8711613239248535e-06,2997.2408977047094,1498.6204488523547,1498.6204547235159,890.2698756610496,0.15
-1.4324342791571982,178.0621444794856,-195.48803732829376,3511.8413978516223,6.211069157068336e-06,3511.841391640553,1755.9206958202765,1755.9207020313459,1028.9497811670662,0.15
-1.5815372064507156,178.2376778677975,-195.64114128358395,3171.7038190935277,5.563242627132612e-06,3171.703813530285,1585.8519067651425,1585.8519123283852,935.5843701107635,0.15
-1.360650924874519,177.78569795169125,-195.545665948622,3659.49025216128,6.027004346510744e-06,3659.4902461342754,1829.7451230671377,1829.7451290941422,1069.2033695506502,0.15
-1.5861556480820145,177.98155250595258,-195.79398020835615,3128.4086153913245,5.292054372471557e-06,3128.40861009927,1564.204305049635,1564.2043103416895,920.7068082613141,0.15
-1.6778754036257315,178.5484905122472,-195.64321891455612,2978.346430979466,5.390087419979881e-06,2978.346425589378,1489.173212794689,1489.1732181847767,883.3467107010758,0.15
-1.7951563919008473,178.93677684267092,-195.6617016552607,2742.3976862359764,4.94160142159477e-06,2742.397681294375,1371.1988406471876,1371.1988455887888,820.6076102549587,0.15
-1.888661243839926,179.30474126541682,-195.6501949399818,2593.1766438733466,4.979649606748692e-06,2593.176638893697,1296.5883194468486,1296.588324426498,786.1752540199815,0.15
-1.487519365894244,177.62841744756628,-195.8566891205148,3310.098427015102,5.17022463141874e-06,3310.0984218448775,1655.0492109224388,1655.0492160926633,968.1062814134854,0.15
-1.811446213925062,178.2829304613562,-195.9881704304172,2641.6686098075347,4.671284496561643e-06,2641.6686051362503,1320.8343025681252,1320.8343072394096,793.8738154338303,0.15
-1.7534442942931612,177.84219242742805,-196.13088418689733,2717.6124614034284,4.443206971205955e-06,2717.6124569602216,1358.8062284801108,1358.8062329233176,807.9954552956318,0.15
-1.633808767870504,177.42909231398335,-196.19945703607027,2926.449085678772,4.3480988847113685e-06,2926.449081330673,1463.2245406653365,1463.2245450134355,859.7927409976708,0.15
-2.131097799461443,179.49275343273396,-195.9689013585203,2251.8863804823104,4.143610710395295e-06,2251.8863763387,1125.94318816935,1125.9431923129605,706.9131448019449,0.15
-2.052589048156286,179.065768981917,-196.02553293718617,2298.156648726489,4.013474238956724e-06,2298.156644713015,1149.0783223565074,1149.0783263699816,711.2189158734218,0.15
-1.9536691166761813,178.70114139382707,-196.0194698721872,2425.871825783286,4.326457183923074e-06,2425.871821456829,1212.9359107284145,1212.9359150548717,742.1365247535189,0.15
-2.214704204025577,178.79852236135366,-196.36686051266204,2084.160709357933,3.444420249714593e-06,2084.1607059135126,1042.0803529567563,1042.0803564011765,664.6529817543528,0.15
-2.066409345919906,178.45906082511635,-196.2887098313958,2221.930242732091,3.841019206812624e-06,2221.9302388910714,1110.9651194455357,1110.9651232865551,692.6916635411042,0.15
-2.3178950914897847,179.22757248468292,-196.36090018537587,2019.517736747431,3.2766027650483023e-06,2019.5177334708283,1009.7588667354141,1009.7588700120168,652.8016745424616,0.15
-2.417888126918373,179.7052271652324,-196.32315705816907,2058.3443867230967,3.400753962172778e-06,2058.3443833223428,1029.1721916611714,1029.1721950619253,671.54855290688,0.1
-2.534250174965306,178.93207501036454,-196.7546595170841,1872.28032930206,2.731899356626674e-06,1872.2803265701607,936.1401632850803,936.1401660169796,627.2026097823837,0.1
-2.0313414350631054,178.08938496694748,-196.4050427603105,2199.124350027465,3.726998927891676e-06,2199.124346300466,1099.562173150233,1099.5621768772319,680.8034939423061,0.15
-1.9446925871192933,177.64439796132356,-196.51080961605655,2284.615023951111,3.5715703678079136e-06,2284.615020379541,1142.3075101897705,1142.3075137613407,693.915556879178,0.15
-2.3475565358185637,178.41861093370892,-196.69461978364924,1880.0988351227536,3.056696904415613e-06,1880.0988320660567,940.0494160330284,940.0494190897252,618.8333671048499,0.15
-1.7996875911138068,177.17934208845506,-196.5759147538528,2477.6412397170543,3.377922038051851e-06,2477.6412363391323,1238.8206181695662,1238.8206215474881,736.2404604501179,0.15
-2.1682440257168607,177.39912257927895,-196.94005479331196,1769.2385575189055,2.9217020000769804e-06,1769.2385545972036,884.6192772986018,884.6192802203037,560.4200050775399,0.15
-1.9831049348949503,176.87282738869246,-196.9914585138008,1918.6500169961275,2.8616502263595093e-06,1918.6500141344773,959.3250070672386,959.3250099288889,585.4260427888343,0.15
-2.6736367320606687,178.62640513938246,-197.0373049440224,1810.9435060354783,2.6902698414754363e-06,1810.9435033452085,905.4717516726042,905.4717543628741,611.5256511758828,0.1
-2.871814174768019,179.0374082693511,-197.14569421837544,1977.213268523241,2.4714910403012914e-06,1977.2132660517498,988.6066330258749,988.606635497366,647.2557299746844,0.1
-2.6520841343313246,179.39485494813212,-196.7629865291214,1973.68432167002,2.6876466656014142e-06,1973.6843189823733,986.8421594911866,986.8421621788333,648.3058842668119,0.1
-2.7571622063225747,179.94493046994032,-196.7152661178323,2182.695193123216,2.8078979510822792e-06,2182.695190315318,1091.347595157659,1091.347597965557,697.0344470966473,0.1
-3.043019477247178,179.58451481400886,-197.19608370376443,2130.1356193302186,2.2597382368444024e-06,2130.1356170704803,1065.0678085352401,1065.0678107949784,678.3238098785798,0.1
-3.1574463271576887,180.214671350299,-197.14723091839417,2426.1045325314794,2.536605212084429e-06,2426.104529994874,1213.052264997437,1213.0522675340424,753.3129826250921,0.1
-2.296440174856861,177.8996851184105,-196.85508403890705,1775.1030213977251,2.964702767762755e-06,1775.1030184330223,887.5515092165111,887.551512181214,580.224610755736,0.15
-2.630786052853224,178.19273467775392,-197.15400921665176,1606.5898323972458,2.5191416734492104e-06,1606.5898298781042,803.2949149390521,803.2949174581937,553.2956666086444,0.25
-2.5748221481724274,177.6341616561327,-197.34314829335852,1408.6553100796082,2.5089898133701303e-06,1408.6553075706183,704.3276537853092,704.327656294299,487.8191359522536,0.25
-2.418096815363033,177.09818351634172,-197.4241629461886,1287.2233471745292,2.743733995313369e-06,1287.2233444307951,643.6116722153976,643.6116749591316,442.7763193177316,0.15
-2.179294749024126,176.5071581561769,-197.4569629649116,1404.6758868017794,2.7126992644293248e-06,1404.67588408908,702.33794204454,702.3379447572394,442.6412271756825,0.15
-2.994039581293349,178.55195454692767,-197.4572064625622,1780.9905214630792,2.565473615353613e-06,1780.9905188976056,890.4952594488028,890.4952620142764,593.4176377498666,0.1
-3.491257757302437,179.80207396348612,-197.65394159886492,2414.760194323431,2.155747119204889e-06,2414.7601921676837,1207.3800960838419,1207.380098239589,746.668926369533,0.1
-3.305503514278424,179.12298190455118,-197.62869836381105,2173.6865642373336,2.449685434404655e-06,2173.6865617876483,1086.8432808938242,1086.8432833435095,688.6820413577559,0.1
-3.6288839339868346,180.51852480780107,-197.6229953666173,2769.6726697168037,2.54651451434062e-06,2769.672667170289,1384.8363335851445,1384.8363361316592,841.4513084722412,0.1
-2.9960638425423074,177.9615313598491,-197.7104903040132,1512.636929785259,2.642465752095654e-06,1512.6369271427934,756.3184635713967,756.3184662138624,504.4929766473767,0.25
-2.8698637255619635,177.38111293345378,-197.84622991062932,1216.0925060438676,2.2441194848228927e-06,1216.092503799748,608.046251899874,608.0462541439936,396.2433923743425,0.25
-3.3719267663639347,177.70411127255537,-198.2979250375528,1399.4302437322392,2.4516030749135508e-06,1399.4302412806362,699.7151206403181,699.7151230919211,459.94715539439443,0.1
-2.3823965240096348,176.0805898607715,-197.98691052621487,935.1511193627824,2.4487886531252347e-06,935.1511169139937,467.5755584569969,467.57556090578555,303.30295953118616,0.2
-2.6701560770466264,176.73899225607605,-197.95093478105397,955.8051760886344,2.408877108165308e-06,955.8051736797573,477.90258683987867,477.90258924875576,317.94353289759346,0.25
-3.207983279909412,177.04208866627852,-198.46180741165577,1038.4208133363816,2.45396287168491e-06,1038.4208108824187,519.2104054412093,519.2104078951722,324.2420487882898,0.25
-3.5083984967067567,178.47609493162807,-198.09381564850247,1946.067779491769,2.5147202630614477e-06,1946.0677769770487,973.0338884885243,973.0338910032447,616.8548907084015,0.1
-3.793220678784685,178.03096420909188,-198.6351652554147,1687.8570181379769,2.3880404392691385e-06,1687.8570157499364,843.9285078749682,843.9285102630087,527.5192639569804,0.1
-4.181288937708561,180.86094663932204,-198.14752483331472,3043.9251543636315,2.493371322270251e-06,3043.92515187026,1521.96257593513,1521.9625784285015,916.745456449929,0.1
-4.036950550387332,180.03385874743083,-198.1814588805725,2732.854809851593,2.2957413226288035e-06,2732.8548075558515,1366.4274037779257,1366.4274060736673,830.9207905977518,0.1
-3.822738941161993,179.26586762234626,-198.16010183263955,2436.2867670753385,2.546166169870589e-06,2436.286764529172,1218.143382264586,1218.1433848107524,750.0915631487545,0.1
-4.087197585389827,178.6412029149131,-198.68694904144388,2146.3909769984352,2.6374432031461243e-06,2146.390974360992,1073.195487180496,1073.1954898179392,658.6480456807403,0.1
-4.291972425158635,178.00467881666214,-199.23412017923212,1750.3949681557049,2.629071109478673e-06,1750.3949655266338,875.1974827633169,875.197485392388,529.8351719769798,0.1
-3.746358411664197,177.40858113760123,-198.9172637975397,1324.011578573724,2.5049960291282044e-06,1324.011576068728,662.005788034364,662.00579053936,409.574443334922,0.1
-2.586176350121947,175.58002886025247,-198.58748248890444,921.7208224424222,2.5508369688656152e-06,921.7208198915853,460.86040994579264,460.8604124966296,224.5846396023175,0.2
-2.939769874049301,176.3244752952125,-198.55386874170603,768.1722296087345,2.319305111035132e-06,768.1722272894293,384.08611364471466,384.0861159640198,207.8782435808822,0.2
-3.243609214450617,175.7908265207929,-199.30134795075213,881.6918918282155,2.384346964157933e-06,881.6918894438685,440.84594472193425,440.84594710628124,247.7258968898672,0.1
-3.551050467565147,176.56680099471794,-199.1850018380693,957.1523503555912,2.3919380672069992e-06,957.1523479636531,478.57617398182657,478.57617637376467,271.4796759974624,0.1
-2.76780687754315,174.98888807113624,-199.2682148409168,1159.7524079051243,2.4776404387954365e-06,1159.7524054274838,579.8762027137419,579.8762051913824,330.6574680105751,0.15
-4.824473731292855,181.2470206498336,-198.7279660685558,3240.809450571662,2.7424264906254804e-06,3240.8094478292355,1620.4047239146178,1620.4047266570444,978.8095639069505,0.1
-4.665019315143977,180.3027176820016,-198.7582986023384,2987.972831702212,2.398025114878023e-06,2987.9728293041867,1493.9864146520933,1493.9864170501185,903.8123950420315,0.1
-4.415787523114357,179.42988756930015,-198.74500381381932,2635.338465429912,2.752971771106708e-06,2635.3384626769403,1317.6692313384701,1317.669234091442,800.7645709226905,0.1
-5.569684723607982,181.6815747666108,-199.37281518155208,3355.5639522408724,2.5386107600673893e-06,3355.5639497022617,1677.7819748511308,1677.7819773897415,1024.1048137200044,0.1
-5.391615465233968,180.6075852591626,-199.4081690432373,3109.1070559571526,2.990948055777852e-06,3109.1070529662047,1554.5535264831024,1554.5535294740503,946.7322932355837,0.1
-4.717885590259998,178.74997957251546,-199.3454708451912,2258.0556235472764,2.776407433025919e-06,2258.0556207708687,1129.0278103854343,1129.027813161842,684.7431462957785,0.1
-5.0982611250030505,179.6185746931018,-199.40097125452635,2759.0998396109303,2.71053934939888e-06,2759.099836900391,1379.5499184501955,1379.5499211607348,839.074393588882,0.1
3.988929060858778,168.873491216864,-197.1046197129384,2672.284416210138,5.197723947795159e-05,2672.2843642328985,1336.1421821164492,1336.1422340936886,733.0506249847352,0.1
3.9575983842878415,168.8286555628916,-197.26463641346731,2066.6056203578432,2.569188408477379e-05,2066.605594665959,1033.3027973329795,1033.3028230248638,586.7622527432205,0.1
4.17545873176,168.718564716,-197.174182075,2403.247471654836,4.457566501880719e-05,2403.247427079171,1201.6237135395854,1201.6237581152504,663.2648052065827,0.1
3.800055403659969,168.95593672736248,-197.2163791707403,2088.594060124107,2.431682090303102e-05,2088.5940358072858,1044.2970179036429,1044.297042220464,593.5221752891296,0.1
3.788650983071805,169.04198984325427,-197.02957696775488,2613.480229146578,4.5642433948699526e-05,2613.480183504144,1306.740091752072,1306.740137394506,719.5963282600759,0.1
4.022404447064925,168.73153562113092,-197.3936047578464,1933.622035680319,1.8973150066947976e-05,1933.622016707169,966.8110083535845,966.8110273267345,560.1472183473477,0.1
3.5565991816607867,169.1289291230871,-197.2049564917803,2071.6265849967813,1.8548379829416e-05,2071.6265664484013,1035.8132832242006,1035.8133017725806,595.9954088144821,0.1
3.5656522523965197,169.23470893414247,-196.9451841787304,2449.332254031502,4.0223537875285846e-05,2449.3322138079643,1224.6661069039822,1224.66614712752,677.5695992846794,0.1
3.801234630568607,168.8539313488536,-197.4584424173263,1904.7223258654703,1.3211506494620802e-05,1904.7223126539639,952.3611563269819,952.3611695384884,563.6594444403078,0.1
3.553295957729956,169.025707638873,-197.45192883632097,2014.9370173753932,1.170606183698444e-05,2014.9370056693315,1007.4685028346657,1007.4685145407275,599.0469016826271,0.1
3.846591686121549,168.74616975729256,-197.64292632328971,1832.3036127184184,1.0479492322914396e-05,1832.303602238926,916.151801119463,916.1518115989554,554.4586035695028,0.1
3.5881426371423606,168.90782481430057,-197.6733534820773,1930.6242132068348,8.740438676828759e-06,1930.6242044663961,965.3121022331981,965.3121109736368,588.3894911258034,0.1
3.357475702779789,169.18791829155592,-197.3911260489288,2106.6152657641346,1.1444623596238714e-05,2106.615254319511,1053.3076271597556,1053.307638604379,625.4235823656344,0.1
3.319148801076475,169.45699767445583,-196.85037889005676,2465.902808841148,3.972636958516363e-05,2465.902769114778,1232.951384557389,1232.9514242837588,684.5327925846874,0.1
3.2855948889499618,169.327610374357,-197.1907942443525,2215.3981199607206,1.7719313127105646e-05,2215.3981022414073,1107.6990511207036,1107.699068840017,643.8011749376835,0.1
3.0154008969383232,169.55959249995632,-197.12020080773075,2352.7726549974386,1.688499292686395e-05,2352.7726381124457,1176.3863190562229,1176.3863359412157,682.1589698843068,0.1
3.0473280713005697,169.71365501222311,-196.7439453007407,2498.627562660835,3.816506056200482e-05,2498.627524495774,1249.313762247887,1249.3138004129478,694.4788003751175,0.1
3.299966780940747,169.10817162838595,-197.6663463293286,2075.670662876857,8.227306227417031e-06,2075.6706546495507,1037.8353273247753,1037.8353355520817,625.492085867143,0.15
2.746255049039572,170.00797559561698,-196.62441160737956,2569.9141468834555,3.760572714719449e-05,2569.914109277728,1284.957054638864,1284.9570922445914,713.4879680400986,0.1
2.6965314103128875,169.83941647946403,-197.04842998640143,2526.139971692582,1.593545752626284e-05,2526.1399557571244,1263.0699778785622,1263.0699938140199,733.2417364718459,0.1
3.644516068531467,168.7626716650121,-197.9261156961804,1945.7874977905503,7.207677206330975e-06,1945.787490582873,972.8937452914365,972.8937524991138,576.0801380206441,0.15
3.3281744938593785,168.9645742082276,-197.95331834191,2140.359384554214,6.394779428301604e-06,2140.3593781594345,1070.1796890797173,1070.1796954744968,622.6746472066392,0.15
3.059198508067756,169.3593632775356,-197.4835701544845,2206.434615812844,9.123460401272493e-06,2206.4346066893836,1103.2173033446918,1103.2173124681524,664.7934313244705,0.1
2.709761869452747,169.65712890957624,-197.4018657674956,2420.821565679968,8.403391064766147e-06,2420.821557276577,1210.4107786382885,1210.4107870416794,727.1180140812949,0.1
3.018456038084761,169.20295155476973,-197.89640105381324,2300.159912685197,6.425079937482683e-06,2300.159906260117,1150.0799531300586,1150.0799595551384,664.0611052637897,0.15
3.412123384006831,168.78127476127406,-198.24765047685983,2200.9699715486736,5.612387930976026e-06,2200.9699659362855,1100.4849829681427,1100.4849885805309,617.7878899175038,0.15
3.0539483954089786,169.01782492689517,-198.25981011189157,2398.883284417345,5.209623222566074e-06,2398.8832792077214,1199.4416396038607,1199.4416448134841,665.6864361123412,0.15
2.41975220990079,170.35199621136775,-196.4907099560525,2637.2804718834554,3.694694608583888e-05,2637.280434936509,1318.6402174682546,1318.6402544152008,732.7565625984414,0.1
2.369512798555647,170.15068689176766,-196.95235516078827,2766.4127477038314,1.667346959565821e-05,2766.412731030362,1383.206365515181,1383.2063821886504,803.602899318044,0.1
2.358515269905457,169.94009960799164,-197.3827575530292,2626.963444353352,8.269716571603749e-06,2626.9634360836353,1313.4817180418177,1313.4817263115342,778.3105765085445,0.15
2.6839823050054554,169.4850231416096,-197.80399468387043,2463.279854125128,6.391403731842808e-06,2463.2798477337246,1231.6399238668623,1231.6399302582658,710.1115222394911,0.15
2.446397317097003,169.72457902382277,-197.677400686072,2578.211703969745,6.749698754119479e-06,2578.211697220046,1289.105848610023,1289.105855359722,745.8128862226863,0.15
3.14473223817648,168.80224972679005,-198.61258287446032,2539.302817912256,4.5026147683498425e-06,2539.302813409641,1269.6514067048206,1269.6514112074356,690.1063118240629,0.15
2.667591480503516,169.31361622752306,-198.19907390624957,2603.8324890239705,5.112956638634333e-06,2603.8324839110137,1301.9162419555068,1301.9162470684637,720.0195082496289,0.15
2.7223856193521723,169.08575245256043,-198.61735025094575,2778.158303999246,4.333187462977278e-06,2778.1582996660586,1389.0791498330293,1389.0791541662168,751.8345098471068,0.15
2.836953520890704,168.82591755373284,-199.0266185505073,2937.7045727129102,3.6775734275206902e-06,2937.704569035337,1468.8522845176685,1468.8522881952417,791.3138968815656,0.15
2.071851033529585,170.75779042376814,-196.3418159545262,2743.484260451079,3.591796299531909e-05,2743.484224533116,1371.742112266558,1371.742148184521,762.7697623707195,0.1
2.017802095548507,170.51572858366924,-196.8465414023275,2960.113208789028,1.5356030210313306e-05,2960.1131934329974,1480.0565967164987,1480.056612072529,860.0810147313903,0.1
2.0025997404327227,170.25416353694047,-197.34251576228908,2836.2996355306404,8.03410906826796e-06,2836.2996274965312,1418.1498137482656,1418.1498217823748,831.6797492418505,0.15
1.71066252365,171.244368382,-196.176533858,2867.8435642072845,3.43208474436164e-05,2867.843529886437,1433.9217649432185,1433.921799264066,798.5446405093293,0.1
1.6608450989507308,170.9158257622638,-196.74906868584355,3280.055112835202,1.5186871132858056e-05,3280.055097648331,1640.0275488241655,1640.0275640110367,953.4001850255564,0.1
1.2865979400226255,171.43530789494878,-196.59353934914745,3618.9183926885694,1.6248505647680642e-05,3618.9183764400636,1809.4591882200318,1809.4592044685376,1050.068009717002,0.1
2.339127266825388,169.61725880572808,-198.06402986417547,2740.149995853057,5.479527359826753e-06,2740.14999037353,1370.074995186765,1370.0750006662922,759.4186928891403,0.15
2.097967073227907,169.94848540022596,-197.77512622937533,2781.4821959978144,6.158491076676409e-06,2781.4821898393234,1390.7410949196617,1390.7411010781527,784.9715069492868,0.15
2.2637178382119965,169.42941403793972,-198.5715931402073,3003.5522219741947,4.32937459070669e-06,3003.5522176448203,1501.7761088224102,1501.7761131517846,810.6854618151527,0.15
1.633124767277888,170.29935277083143,-197.84123333013864,3013.373580379806,6.034839027555921e-06,3013.373574344967,1506.6867871724835,1506.6867932073224,831.6994417205635,0.15
2.482602129928335,168.85267084794853,-199.4962274120174,3355.887033221325,3.219077979708119e-06,3355.8870300022472,1677.9435150011236,1677.9435182202014,909.4597571594894,0.15
2.344170819771843,169.1573263357651,-199.0328308300757,3208.170269118799,3.570798221023506e-06,3208.1702655480008,1604.0851327740004,1604.0851363447985,866.2085774484912,0.15
1.607817991045275,170.63706212185474,-197.29297764494336,3048.4889886133574,7.998575370021872e-06,3048.488980614782,1524.244490307391,1524.2444983059663,881.5841590401672,0.15
1.2242283411688886,171.06987613240835,-197.2081590336481,3232.786695078888,7.841177024494066e-06,3232.786687237711,1616.3933436188554,1616.3933514600326,932.1182280397513,0.15
0.8315682404336473,171.6437561026937,-197.0411825459963,3411.2788980379214,8.182128956525955e-06,3411.2788898557924,1705.6394449278962,1705.6394531100252,988.3989413085081,0.15
1.8259070393884536,169.8699771191733,-198.3486931030311,3104.754357844485,4.6634241861771455e-06,3104.754353181061,1552.3771765905306,1552.3771812539546,839.4680547453486,0.15
1.1848367883789876,170.7364226240236,-197.7958183892068,3125.342724136756,5.781035946105925e-06,3125.34271835572,1562.67135917786,1562.6713649588958,856.3749874272412,0.15
0.751315009203206,171.23871576672553,-197.70527589408263,3113.211679245016,5.931065981802648e-06,3113.21167331395,1556.605836656975,1556.605842588041,845.9434728685385,0.15
1.8324820830638409,169.54177006082818,-198.99195174089508,3441.6653304998745,3.5586880535579957e-06,3441.6653269411863,1720.8326634705932,1720.8326670292813,929.7391030930764,0.15
1.2163131617421383,170.3464470744054,-198.4037358636464,3346.4046402000736,4.442246994970758e-06,3346.404635757827,1673.2023178789134,1673.2023223211602,899.1855610659383,0.15
1.3070966326792914,169.98823572531657,-198.91351932777275,3605.445613097232,4.023742143929811e-06,3605.44560907349,1802.722804536745,1802.7228085604872,973.6255068114394,0.15
1.9292692444142363,169.23126502829177,-199.49280814222217,3640.557266395329,3.217722937530954e-06,3640.557263177606,1820.278631588803,1820.278634806526,989.7894188795416,0.15
0.3250142629612241,171.87953496046865,-197.54042093931048,2992.525336818313,6.252375211877538e-06,2992.525330565938,1496.262665282969,1496.262671535344,821.5339904667063,0.15
0.225827227849873,171.4159371167786,-198.27434999834932,3214.3928822539388,4.865053645316416e-06,3214.392877388885,1607.1964386944426,1607.1964435594962,856.9961725506553,0.15
0.713984933002157,170.84006996424293,-198.3632599330905,3370.542557617325,4.624236120110651e-06,3370.542552993089,1685.2712764965445,1685.2712811207807,902.4545451269132,0.15
1.3539910766596597,169.6441362697248,-199.50188360672016,3866.81837072148,3.5072392531650923e-06,3866.8183672142404,1933.4091836071202,1933.4091871143596,1053.6435455439448,0.15
0.7531203366055982,170.41827967472588,-198.98784321308435,3738.5120901449295,3.856046895590648e-06,3738.5120862888825,1869.2560431444413,1869.2560470004883,1011.3883116437344,0.15
0.9601107991603752,170.02054311214886,-199.37570675921748,3930.081590050755,3.4154595779431635e-06,3930.0815866352955,1965.0407933176477,1965.0407967331073,1070.610116540837,0.15
-0.2421680164528819,172.14711598711813,-198.10100509037025,2800.4345108234847,4.7432596437702725e-06,2800.434506080225,1400.2172530401126,1400.2172577833721,741.5096238012038,0.15
0.1920597753910886,170.94565925640623,-199.0015063013952,3723.8955821205286,3.977667794072167e-06,3723.895578142861,1861.9477890714304,1861.9477930490982,1008.7148757230804,0.15
-0.380281560985783,171.61898037520413,-198.93406425459372,3415.897137769441,3.972546381318178e-06,3415.8971337968947,1707.9485668984473,1707.9485708709938,921.4131299621849,0.15
-0.8715676455903003,172.45197286657935,-198.73083521963525,2769.9431848144936,3.881552282184317e-06,2769.9431809329412,1384.9715904664706,1384.971594348023,738.2711395830673,0.15
-1.5517463859869651,172.78449091061805,-199.41641733922995,2695.301418790024,3.138660219031053e-06,2695.3014156513636,1347.6507078256818,1347.6507109643421,732.7704782293025,0.15
-0.948721895201,178.198792172,-194.406904276,5105.62921753075,4.768622796833617e-05,5105.629169844522,2552.814584922261,2552.814632608489,1397.0518509086633,0.1
-0.9139101986684056,178.06005873638736,-194.4378902427979,5352.902840552989,5.037906401518221e-05,5352.902790173925,2676.4513950869623,2676.4514454660266,1462.9430138937093,0.1
-0.9390508110328007,177.97311695801787,-194.57069739302955,4435.615829179956,2.650276854529354e-05,4435.615802677187,2217.8079013385936,2217.807927841362,1230.77361200555,0.1
-0.8645522847087439,177.87905343391634,-194.47924317153985,5441.913431700997,5.061280962335524e-05,5441.913381088187,2720.9566905440934,2720.9567411569033,1487.8829457638597,0.1
-0.9162280357765642,177.79905595259987,-194.67075755334733,4387.056897392052,2.222989182612523e-05,4387.0568751621595,2193.5284375810797,2193.528459810972,1223.4655119458664,0.1
-0.8045023067305148,177.67814061623125,-194.5263945260012,5284.444277816958,4.763970085944119e-05,5284.444230177257,2642.2221150886285,2642.2221627283293,1447.7014645089987,0.1
-0.8581328112927527,177.57170490460302,-194.75034225950256,4516.559412637322,2.124894363806586e-05,4516.559391388378,2258.279695694189,2258.279716943133,1261.1718095891679,0.1
-0.730641591838,177.45176413299998,-194.580990403,5284.5227284914645,4.6160646388698025e-05,5284.5226823308185,2642.2613411654092,2642.2613873260552,1449.6426719785716,0.1
-0.9991151908410442,177.98243106397334,-194.69846217896324,4120.291429609933,1.5281940747822258e-05,4120.291414327992,2060.145707163996,2060.1457224459373,1157.5550370474514,0.1
-1.0391338085247257,177.89033550695666,-194.8603175932037,4132.769083180599,1.1193163061737843e-05,4132.769071987436,2066.384535993718,2066.3845471868813,1170.9092938440158,0.1
-0.9594985896264898,177.69122055023468,-194.86034545793007,4268.283582717669,1.3692821253808311e-05,4268.283569024848,2134.141784512424,2134.141798205245,1205.248950344016,0.1
-0.935220499354655,177.50380153944027,-194.975116187176,4281.0912070145,1.1108137965450095e-05,4281.0911959063615,2140.5455979531807,2140.545609061319,1213.674560512036,0.1
-0.7918299726573681,177.3374796715503,-194.83108290490097,4513.572400247601,2.081346030034125e-05,4513.57237943414,2256.78618971707,2256.7862105305308,1263.5505715772151,0.1
-0.6395930359027246,177.1934739795505,-194.64488683574237,5285.929893490783,4.540752592916737e-05,5285.929848083257,2642.9649240416284,2642.9649694491545,1450.667483754721,0.1
-0.8871243624892741,177.25491984265588,-195.1003219327489,4379.842813319742,1.0083409708496872e-05,4379.842803236333,2189.9214016181663,2189.921411701576,1245.0654296209423,0.1
-1.016797437899334,177.46030915894374,-195.1730274190109,4313.152851504051,8.33275181712817e-06,4313.152843171299,2156.5764215856493,2156.5764299184016,1233.3485818654888,0.1
-1.0813227592770371,177.72445426308985,-195.081047480461,4178.806597472541,8.844479268588034e-06,4178.806588628062,2089.403294314031,2089.4033031585104,1194.0476439119586,0.1
-0.7157681321471455,177.06615446202073,-194.9361849088128,4628.96949421111,1.8642215170205714e-05,4628.969475568895,2314.4847377844476,2314.4847564266624,1297.6916926138604,0.1
-0.5308269228138629,176.9017059417705,-194.7184671773549,5071.872388328808,4.229506508258861e-05,5071.872346033742,2535.936173016871,2535.9362153119364,1394.5880749379844,0.1
-0.404090864438403,176.57134847001626,-194.8026281967404,4878.217335727134,4.010389267807757e-05,4878.217295623242,2439.108647811621,2439.108687915513,1343.3221250692422,0.1
-0.6234291357211529,176.74697905805786,-195.057647565628,4728.576392587346,1.820793535568474e-05,4728.5763743794105,2364.2881871897052,2364.288205397641,1328.7440911450437,0.1
-1.043442478856864,177.2445104572244,-195.39711502722864,4285.5045780405135,7.048384662023931e-06,4285.504570992129,2142.7522854960644,2142.752292544449,1235.5887938023982,0.1
-0.8215288087012024,176.96384344607722,-195.2310097621732,4533.986072269846,9.408927024982388e-06,4533.9860628609185,2266.9930314304593,2266.9930408393866,1291.6128069081642,0.1
-1.174855600260175,177.57347036116292,-195.37506275522836,4037.376342986971,6.835495306602328e-06,4037.3763361514757,2018.6881680757378,2018.688174911233,1169.5604529625102,0.1
-1.2703388471077557,177.4369859047463,-195.6395898181268,3816.729404279664,5.784656944811615e-06,3816.729398495007,1908.3646992475035,1908.3647050321604,1113.1076682791404,0.15
-0.2600640358347661,176.19582802399495,-194.89828241598457,4801.022263422698,3.920164318963965e-05,4801.022224221055,2400.5111121105274,2400.511151312171,1322.9836325961182,0.1
-0.5145506652701295,176.38946864475082,-195.180357432246,4682.51305353504,1.611837223678377e-05,4682.513037416667,2341.2565187083337,2341.2565348267062,1318.5289353730498,0.1
-0.7638264341751764,176.61293173075035,-195.4210242539932,4641.659500605163,8.019954814056966e-06,4641.659492585208,2320.829746292604,2320.829754312559,1328.5588810725112,0.1
-1.146871005938434,177.04959356357529,-195.71650667881036,4046.676781446598,5.687405186709472e-06,4046.676775759193,2023.3383878795964,2023.3383935670015,1178.1853281838653,0.15
-0.9621631803799982,176.92334139148764,-195.5088363349499,4425.282231178047,6.723590998656303e-06,4425.282224454457,2212.6411122272284,2212.641118950819,1277.0125054362277,0.1
-1.002646510191981,176.7134713247594,-195.7309360855917,4307.982172978767,5.821635819969937e-06,4307.982167157132,2153.991083578566,2153.9910894002014,1255.5084607844135,0.1
-1.3768878603923742,177.21797294684623,-195.95732704849323,3515.5579136844594,4.810687415236704e-06,3515.557908873772,1757.778954436886,1757.7789592475735,1024.110287751207,0.15
-1.2242085604023156,176.82226550606055,-195.9920887890037,3804.585677058967,4.93294947272365e-06,3804.5856721260175,1902.2928360630087,1902.2928409959584,1106.533599811755,0.15
-0.0994084573990772,175.76766344903976,-195.00650316586405,4608.895648326081,3.756129615548658e-05,4608.895610764785,2304.4478053823923,2304.4478429436886,1271.8559246958653,0.1
-0.3922987746515887,175.97965018450753,-195.320307290976,4936.491713503263,1.6544475970633098e-05,4936.491696958787,2468.2458484793933,2468.2458650238696,1393.6474434436318,0.1
-0.6533752740613561,176.20754614985336,-195.5604920035963,4800.352751022125,7.990417579689114e-06,4800.352743031707,2400.1763715158536,2400.176379506271,1376.7933008336393,0.1
-0.2604750236625154,175.53290944439706,-195.47211236764335,4950.694338198181,1.4579941252751926e-05,4950.69432361824,2475.34716180912,2475.347176389061,1401.391444401677,0.1
-1.062773261542257,176.44486470946492,-196.01104941553928,4086.685087943416,5.165009286023757e-06,4086.6850827784065,2043.3425413892032,2043.3425465542127,1188.9894840987715,0.15
-0.8702347611920486,176.41560408549728,-195.74271360691415,4539.174104902171,6.022871110140511e-06,4539.1740988793,2269.58704943965,2269.587055462521,1317.053567161385,0.1
-0.5640890764645279,175.7974531486633,-195.73786391657924,4840.863350769212,7.372893656401849e-06,4840.863343396319,2420.4316716981593,2420.4316790710527,1393.7701376373107,0.1
-0.8430057155690535,176.10625541046164,-195.9273686579701,4460.57434653948,5.633495753739131e-06,4460.574340905984,2230.287170452992,2230.2871760864878,1299.9562832833856,0.15
0.0793456530808999,175.2793478946765,-195.1288854917895,4473.7356202460805,3.583105018342868e-05,4473.735584415031,2236.8677922075153,2236.867828038565,1236.355277518699,0.1
-1.081288770287298,176.07868717969012,-196.2905670321629,3817.4820609022368,4.439054613449058e-06,3817.4820564631823,1908.7410282315911,1908.7410326706456,1109.6446640629472,0.15
-1.4953155685221182,176.97763846486205,-196.2820183514721,3111.85331990816,4.119353585591602e-06,3111.8533157888064,1555.9266578944032,1555.9266620137566,908.3790917501574,0.15
-1.3068936103551625,176.506796083185,-196.31742337366535,3404.0421755053408,4.190175561287155e-06,3404.042171315165,1702.0210856575825,1702.0210898477583,989.6021169389377,0.15
0.2784995697185303,174.72268683941132,-195.2672938677256,4278.30233578256,3.434984907408341e-05,4278.302301432711,2139.1511507163555,2139.151185066204,1185.470776905869,0.1
-0.1194505069899182,175.007623543118,-195.6689751480904,5073.879750447683,1.4089740264193286e-05,5073.879736357943,2536.9398681789717,2536.9398822687117,1443.1871194409127,0.1
-0.4560850018669441,175.29874379299918,-195.95599861295355,4837.92152454178,6.810022484535453e-06,4837.921517731757,2418.9607588658787,2418.9607656759013,1401.2255500649783,0.1
-0.786312472696223,175.65710505949357,-196.1727213713632,4351.327374719312,5.31690523604445e-06,4351.3273694024065,2175.6636847012032,2175.6636900181084,1264.7744669356453,0.15
0.5021299459268368,174.08877858643288,-195.4241346739952,4040.3954241298857,3.287875197512588e-05,4040.395391251134,2020.197695625567,2020.1977285043188,1123.2234027541272,0.1
0.0560605195478633,174.34739214663884,-195.9108890364592,5019.040354997867,1.2443900065047014e-05,5019.040342553967,2509.5201712769835,2509.520183720884,1435.902750336825,0.1
1.71066252365,171.244368382,-196.176533858,2868.809090602936,3.538535809224864e-05,2868.809055217578,1434.404527608789,1434.404562994147,797.4979443376694,0.1
1.3730166843820086,171.85815833442916,-195.99597300106456,3191.2195227368907,3.410149563689074e-05,3191.219488635395,1595.6097443176975,1595.6097784191932,886.2629249125043,0.1
-1.080720812084315,175.5781318532399,-196.6432876378708,3430.7729359644964,3.905981703302627e-06,3430.7729320585145,1715.3864660292572,1715.3864699352391,991.7529806225836,0.15
-1.3853972401142158,176.118702121499,-196.67925216744453,2962.0599564233307,3.5293278720050205e-06,2962.059952894003,1481.0299764470014,1481.0299799763293,860.5868982850997,0.15
-1.6227669351506049,176.65166783934828,-196.6539315189878,2694.5236748652933,3.562190545454288e-06,2694.5236713031027,1347.2618356515513,1347.261839213742,789.357306743511,0.15
0.758783728634756,173.3715310703316,-195.60247642194625,3757.0573981720486,3.091321724987204e-05,3757.057367258831,1878.5286836294156,1878.528714542633,1048.2308856522825,0.1
0.2471740393300804,173.6879096314314,-196.12945446934785,4912.430213415985,1.1841593515899422e-05,4912.4302015743915,2456.2151007871958,2456.2151126287895,1412.8595327694663,0.1
-0.7378535974023323,175.16504049814338,-196.464786117296,4036.6790961928486,4.613581876623755e-06,4036.6790915792667,2018.3395457896333,2018.3395504032153,1170.1845313205656,0.15
-0.3358884579804203,174.74084196556475,-196.19806711984776,4718.590534615827,6.458516628385564e-06,4718.5905281573105,2359.2952640786552,2359.2952705371717,1376.444796561868,0.15
-0.6505794745108576,174.6583619137185,-196.7104462156481,3777.69629089088,4.468585443403841e-06,3777.6962864222946,1888.8481432111473,1888.8481476797326,1092.5231055424438,0.15
-1.0656486237143985,174.96690931942132,-197.0614898597433,2885.0377027109294,3.7063576551645633e-06,2885.0376990045716,1442.5188495022858,1442.5188532086436,827.0992367029781,0.15
0.9324336688495338,172.1001276599906,-196.42428586317172,3998.3598927759926,1.4140674686036384e-05,3998.359878635318,1999.179939317659,1999.1799534583336,1154.274628196132,0.1
1.0546783557157706,172.59387260068195,-195.80000303018485,3513.922311226141,3.266707710160773e-05,3513.922278559064,1756.961139279532,1756.961171946609,978.7619647709581,0.1
0.4550746654018187,172.8576020293715,-196.47651192876907,4506.459782273975,1.1239635653094468e-05,4506.45977103434,2253.22988551717,2253.2298967568054,1311.634934723739,0.1
0.5222469191546367,172.17439648516898,-196.9590354076392,3653.964655336312,7.425013812528052e-06,3653.964647911298,1826.982323955649,1826.9823313806628,1058.5123888216458,0.15
-0.2833876641453239,174.08791152122836,-196.6053151766503,4161.340942180401,5.823161596042346e-06,4161.340936357239,2080.6704681786196,2080.6704740017813,1206.4353745238184,0.15
-1.462342634497059,175.64164012329405,-197.10916170220932,2418.38132816176,2.995516461691658e-06,2418.3813251662436,1209.1906625831218,1209.1906655786381,698.0363176317771,0.15
-1.7632127528069477,176.27015067251284,-197.07403306486395,2089.254664455519,2.819952705184115e-06,2089.254661635566,1044.627330817783,1044.627333637736,616.4027563107447,0.15
-0.7946614623105378,174.27853232640337,-197.187874429529,2922.0038080674767,3.822486182733464e-06,2922.0038042449905,1461.0019021224953,1461.0019059449814,832.3969936953802,0.15
-0.0150726107483329,173.3573305110848,-196.76819056446263,3974.595462361687,6.393634261870453e-06,3974.595455968053,1987.2977279840266,1987.2977343776606,1150.5323796710913,0.15
-1.91210453320868,175.83178173628633,-197.556372847574,1587.8040596956498,2.829617615619379e-06,1587.8040568660322,793.9020284330161,793.9020312626337,467.2017081758396,0.15
-1.2251541760256863,174.612689282551,-197.5320059047636,2220.735303216208,2.839941181706e-06,2220.735300376267,1110.3676501881334,1110.3676530280748,618.8003637279726,0.15
-1.5457435740644785,175.15154575728783,-197.5657706672669,1936.365998818982,2.8104239798273293e-06,1936.365996008558,968.182998004279,968.183000814703,545.1310279538777,0.15
-1.1076418159423416,173.91608091045424,-197.88572045797224,2066.8698369814942,3.102868594772228e-06,2066.8698338786257,1033.4349169393129,1033.4349200421814,552.4098017348595,0.15
-0.0220229244147206,172.67056707552783,-197.3165656892785,3051.754237223509,5.66379284506778e-06,3051.754231559716,1525.877115779858,1525.8771214436508,858.2600286523366,0.15
-0.511462710931182,173.53369362414057,-197.34177180230796,2977.0635455463103,4.420498706720403e-06,2977.0635411258118,1488.5317705629059,1488.5317749834044,838.2896912718293,0.15
-1.636265930863413,174.6004376335553,-198.0875802767119,1588.9769995929312,2.5946230220050297e-06,1588.976996998308,794.488498499154,794.4885010937771,422.37788059713137,0.15
-2.0721416842404707,175.34910860228467,-198.09780881812267,1159.64633994904,2.317277760319842e-06,1159.6463376317624,579.8231688158812,579.8231711331589,320.44635908761234,0.15
-1.7173156096491038,174.10294174749424,-198.57324361444088,1589.6527604023015,2.356639892503295e-06,1589.6527580456616,794.8263790228308,794.8263813794707,406.2574375833232,0.15
-1.3435060271881012,173.31831048295217,-198.66850049822972,2097.3124817312787,3.21766713031672e-06,2097.3124785136115,1048.6562392568057,1048.656242474473,549.0974064823806,0.15
-2.205280214227626,174.8685934668808,-198.6272029067033,1231.544753875056,2.3431497078091927e-06,1231.5447515319063,615.7723757659531,615.7723781091028,311.7061164914325,0.15
-0.7068517716702893,173.0168224719253,-198.01079215533616,2383.698369489788,3.827023665532266e-06,2383.6983656627644,1191.8491828313822,1191.8491866584059,632.5721919962996,0.15
-2.0240038595417245,173.56340346222086,-199.4149033014551,2162.4770756464773,2.6233752583742013e-06,2162.477073023102,1081.238536511551,1081.2385391349262,585.0885987936604,0.15
-2.310023066062395,174.41771495012617,-199.11871484272405,1416.839229792381,2.320238621736604e-06,1416.8392274721425,708.4196137360713,708.4196160563098,381.33260291479627,0.15
4.322746485880857,168.59725281916394,-197.2289226938404,2356.976820635759,4.57632435476074e-05,2356.9767748725153,1178.4883874362577,1178.4884331995013,651.6487893866822,0.1
4.17545873176,168.718564716,-197.174182075,2336.717570307447,4.31235997865322e-05,2336.7175271838473,1168.3587635919237,1168.3588067155235,646.2957690155077,0.1
4.1936377622385965,168.62352992016122,-197.3766272405853,1965.5116194579325,2.412684157243923e-05,1965.511595331091,982.7557976655455,982.755821792387,559.5694069616969,0.1
4.737644363834069,168.14791538609217,-197.6772538502085,1616.191697362429,2.079176539815193e-05,1616.1916765706637,808.0958382853319,808.0958590770972,477.3481683189953,0.1
4.974543227993582,168.0770831891354,-197.46854388251708,2094.7046174449174,4.4274601182996434e-05,2094.704573170316,1047.352286585158,1047.3523308597594,582.955143747604,0.1
4.729635872986882,168.26876401362944,-197.3791335439909,2160.3567006809176,4.364589665293277e-05,2160.356657035021,1080.1783285175104,1080.1783721634072,600.52708261549,0.1
4.523263290648912,168.3304291929435,-197.56324411405112,1743.2143690831765,2.083797134466517e-05,1743.2143482452052,871.6071741226026,871.6071949605739,507.7536896023076,0.1
4.515203335221651,168.44057071937553,-197.3001969355145,2294.550950880457,4.522996519745368e-05,2294.550905650492,1147.275452825246,1147.275498055211,635.8737321060597,0.1
4.332250126377321,168.49596540560614,-197.46324508492543,1838.6592747033808,2.166737808200384e-05,1838.6592530360026,919.3296265180013,919.3296481853795,531.8537242343328,0.1
4.3383256733348965,168.4085753822874,-197.66993536702904,1648.7986709892189,1.3259030323702889e-05,1648.7986577301886,824.3993288650943,824.3993421241246,496.2592227231791,0.1
4.106247085397564,168.58161605610093,-197.62108055665283,1735.8294325818372,1.1792804217892349e-05,1735.829420789033,867.9147103945165,867.9147221873206,522.1415383676784,0.1
4.9831276405257325,167.94338165612336,-197.8124871700001,1469.579230961757,1.893091296110728e-05,1469.579212030844,734.789606015422,734.789624946335,442.54385579337037,0.1
5.255353740573091,167.8648277804182,-197.5698281403872,1854.783414000514,4.049532992901378e-05,1854.783373505184,927.391686752592,927.3917272479221,520.4983176863299,0.1
4.475449431812655,168.25006891652046,-197.84486404873903,1519.8420107598297,1.1157460887789062e-05,1519.8419996023688,759.9209998011844,759.9210109586453,470.83843017511043,0.1
4.694903388614879,168.0405926467437,-198.02875550032545,1427.0011568511434,9.835119886687564e-06,1427.0011470160234,713.5005735080117,713.5005833431317,439.60449271961835,0.15
4.950523396382735,167.82162037564598,-198.2013052726118,1343.8041148415523,8.859525901212423e-06,1343.8041059820264,671.9020529910132,671.9020618505391,407.52943050764367,0.15
4.196440108548332,168.40860718915997,-197.89941265423505,1648.311890312433,9.30378875609873e-06,1648.3118810086441,824.1559405043221,824.1559498081109,504.3892622012147,0.15
4.372838052040547,168.19915615901178,-198.1405305933797,1621.1625150297348,7.908150264236114e-06,1621.1625071215844,810.5812535607922,810.5812614689426,481.1714409092338,0.15
3.931628623286137,168.56513360593587,-197.941397645568,1790.4025481636747,8.01937040594798e-06,1790.4025401443043,895.2012700721522,895.2012780915226,537.0580162592207,0.15
4.064397530045253,168.36602417044787,-198.21555139803695,1824.1148439835315,6.628759104162813e-06,1824.1148373547724,912.0574186773862,912.0574253061453,526.9787113519379,0.15
5.268775207670865,167.7161934798266,-197.96685958898505,1263.211809934078,1.6945811563051745e-05,1263.2117929882666,631.6058964941333,631.6059134399447,393.0428208740564,0.1
5.578325658951888,167.63152721089443,-197.68454533884372,1697.5222527398566,3.927434094794895e-05,1697.5222134655157,848.7611067327579,848.7611460070988,478.19881187926865,0.1
5.2427161112829,167.58137213753102,-198.4067531161465,1288.3349258122112,8.533281675835129e-06,1288.3349172789294,644.1674586394647,644.1674671727465,380.29429084014964,0.15
5.951185176251835,167.37785328295442,-197.81441484332709,1537.2500371771573,3.809510780567989e-05,1537.2499990820495,768.6249995410247,768.6250376361326,436.5716310196552,0.1
5.604095736679556,167.46740615480263,-198.13822275016415,1079.0634103964965,1.6446127154944788e-05,1079.0633939503693,539.5316969751847,539.5317134213118,351.4130484089688,0.1
5.995523697424976,167.20036864097284,-198.32987446731897,907.3318535227868,1.4906802878559535e-05,907.3318386159839,453.66591930799194,453.66593421479485,299.38751000916284,0.15
6.383412881124881,167.1062236710963,-197.9612852721073,1341.0848191878529,3.616022424057438e-05,1341.0847830276286,670.5423915138143,670.5424276740385,384.7529608572858,0.1
4.614074974102315,167.95628162691114,-198.3849777973075,1611.156316508322,6.9635598631886905e-06,1611.1563095447623,805.5781547723811,805.578161735941,462.8065217640596,0.15
4.250032700208585,168.1386957308995,-198.49176474296075,1867.8891567094413,5.951032051038715e-06,1867.8891507584092,933.9445753792046,933.9445813302367,521.599085920321,0.15
4.493078964244066,167.87923902969172,-198.78893579672504,1924.456408790306,5.428859503565272e-06,1924.4564033614465,962.2282016807233,962.2282071095829,524.2284054221642,0.15
4.867404486804367,167.71813110162256,-198.63089954461392,1625.6643968775552,6.558687028162559e-06,1625.664390318868,812.832195159434,812.8322017181212,452.90906798096813,0.15
5.176305898520759,167.46680850054156,-198.8695796031355,1605.0733378570565,6.362892128778842e-06,1605.0733314941642,802.5366657470821,802.5366721099743,439.73237938583367,0.15
4.771236353306171,167.61047262360364,-199.10290324092148,1957.6062643696323,5.177095947042953e-06,1957.6062591925363,978.8031295962681,978.8031347733641,526.32473259978,0.15
5.097635023511057,167.35293464778485,-199.3681944257997,1906.3154716382664,5.109985920936724e-06,1906.3154665282805,953.1577332641402,953.1577383741262,511.4506544740912,0.15
3.741148555121336,168.56113334232393,-198.2523103077238,2017.8452645535635,6.063257124298688e-06,2017.8452584903064,1008.9226292451532,1008.9226353084103,572.4966431011445,0.15
4.106931552444522,168.06310714345585,-198.9134466724504,2209.886710001802,4.844468960953401e-06,2209.886705157333,1104.9433525786665,1104.9433574231355,596.4081001411311,0.15
3.894543948417641,168.32468161920994,-198.58540317101816,2112.8913871009045,5.160017054671502e-06,2112.891381940887,1056.4456909704436,1056.4456961304609,579.7047786115713,0.15
3.5231236902702747,168.5487957276734,-198.6213917277012,2345.955833379501,4.704766923997517e-06,2345.955828674734,1172.977914337367,1172.977919042134,639.6886314551483,0.15
5.536039225395324,167.17924807706848,-199.21491275002415,1588.8123583218571,6.130074234100314e-06,1588.8123521917828,794.4061760958914,794.4061822259657,430.1580141184329,0.15
5.582833951923538,167.3204952993916,-198.64744727099668,1277.246885087264,8.379806757330661e-06,1277.2468767074572,638.6234383537286,638.6234467335354,363.61342054661156,0.15
6.001079249713322,167.03614598634425,-198.91872847597077,1216.1978753009485,7.576179573651992e-06,1216.197867724769,608.0989338623845,608.098941438564,339.4956887709754,0.15
6.885980492417911,166.8208144172574,-198.1270701096578,1207.1563257280056,3.681185402867851e-05,1207.1562889161517,603.5781444580758,603.5781812699298,345.69964489616916,0.1
6.45921148366024,166.91670660614997,-198.54469811982372,790.971068223374,1.4362830507669832e-05,790.9710538605435,395.48552693027176,395.48554129310224,257.3523148109432,0.15
6.978661518003651,166.63933206700426,-198.7696568470101,700.7987961602124,1.4862019739191e-05,700.7987812981927,350.39939064909635,350.3994055111161,228.24044360969646,0.15
7.471710937036432,166.52879183896815,-198.3136310445534,1064.8009093813475,3.579292790424406e-05,1064.8008735884196,532.4004367942098,532.4004725871378,306.64377607766016,0.1
7.617277423477754,166.34928386413458,-199.0428365224093,610.957072833045,1.3085436332118968e-05,610.9570597476087,305.47852987380435,305.47854295924066,203.629565880865,0.15
8.154653757435005,166.24020390974434,-198.5226478765497,848.403087203597,3.50424016865949e-05,848.4030521611953,424.20152608059766,424.20156112299935,246.47814344898345,0.1
4.351691919690366,167.7859440124309,-199.2733804246895,2270.92371920142,4.498949804773696e-06,2270.9237147024705,1135.4618573512353,1135.461861850185,608.9889475114867,0.15
6.457723525482741,166.76721675982637,-199.19001993438624,1086.0595649739464,7.372888705508758e-06,1086.0595576010578,543.0297788005289,543.0297861734175,303.85170342595177,0.15
5.915693457353749,166.92010124407392,-199.53858802331723,1498.2632467055955,5.677572497297696e-06,1498.263241028023,749.1316205140115,749.131626191584,406.04241832060785,0.15
11.694586052004546,165.6939800588234,-199.4503997313656,2376.6516747619366,3.7541971760314806e-05,2376.651637219965,1188.3258186099824,1188.3258561519542,622.8554902684554,0.1
10.833892878114655,165.67482156379947,-199.24973686402237,1711.7363478714944,3.6420407161747006e-05,1711.7363114510872,855.8681557255436,855.8681921459508,442.2086742099376,0.1
3.926620666078461,167.98572073944007,-199.39843345051972,2565.3916991319525,3.941425162519216e-06,2565.391695190527,1282.6958475952636,1282.695851536689,689.1515690483393,0.15
3.694166539637104,168.28154404840947,-199.0034663992406,2479.741770764731,4.227096761861889e-06,2479.7417665376342,1239.8708832688171,1239.8708874959138,666.8305620427465,0.15
3.2686240796327977,168.53638952379416,-199.0409315125397,2720.234338110228,3.827110806884179e-06,2720.234334283117,1360.1171671415584,1360.1171709686694,731.987803374157,0.15
9.8787447621628,165.7678491224441,-199.0083193861042,1206.3884661866275,3.757447448858172e-05,1206.3884286121531,603.1942143060766,603.194251880551,306.2900196524109,0.1
8.951692209751632,165.97409842467977,-198.75499621863065,874.8063468395717,3.431159079949783e-05,874.8063125279809,437.40315626399047,437.4031905755812,238.22529634164303,0.1
8.343830424493385,166.08762225168158,-199.3338062323452,720.0097671691261,1.1941431254406597e-05,720.0097552276949,360.00487761384744,360.0048895552787,216.09962423060193,0.1
3.4571409858527167,168.2331404281028,-199.48663229336165,2850.455720484379,3.50417064043188e-06,2850.4557169802083,1425.2278584901042,1425.227861994275,767.8706312768659,0.15
7.016143946494262,166.48923785935594,-199.50098470622063,927.953951823534,7.452006708425602e-06,927.9539443715273,463.97697218576366,463.97697963777034,268.10981834173504,0.15
2.974053138154606,168.52205477760077,-199.5188447244556,3126.4114834997963,3.401822165218315e-06,3126.411480097974,1563.205740048987,1563.2057434508092,845.0790881888292,0.15
6.57644326315486,191.34417765439144,-196.7280821883241,1171.3234199132128,3.3752052690726346e-06,1171.3234165380075,585.6617082690037,585.661711644209,345.5945179581696,0.15
6.316176530389157,191.2810300334536,-196.73648058107332,1178.2603597628142,3.2260667219508044e-06,1178.2603565367476,589.1301782683738,589.1301814944404,349.562173024662,0.15
6.516408067109464,191.137981312002,-196.34536894899912,1242.8662386684998,3.66188388433952e-06,1242.8662350066159,621.4331175033079,621.4331211651919,366.87695626921794,0.15
6.393898590795017,191.4652631944066,-197.0476831142879,1208.1415686956236,3.091155744566352e-06,1208.1415656044678,604.0707828022339,604.0707858933897,362.46341720895316,0.1
6.639092141017387,191.5783551820032,-197.15867660478756,1219.3444300108647,2.885086343778874e-06,1219.3444271257783,609.6722135628892,609.6722164479755,363.299826243362,0.1
6.0842718762602495,191.45303260499088,-197.16253976680343,1273.7538275106974,2.8047655942185283e-06,1273.7538247059317,636.8769123529659,636.8769151577316,377.7794097180976,0.1
6.306360235418729,191.65635721457056,-197.43210690166285,1362.3199638699327,2.7607633639668687e-06,1362.3199611091693,681.1599805545846,681.1599833153481,398.1184472167286,0.1
6.702785973021571,191.84533436742265,-197.6438919052976,1411.8718183308613,2.80910311473582e-06,1411.8718155217582,705.9359077608791,705.9359105699822,412.15781928288203,0.1
5.810053438516485,191.6639503238811,-197.6324714341342,1491.2072909047338,2.603065443872808e-06,1491.2072883016683,745.6036441508342,745.6036467538996,432.097814914042,0.1
6.1712471815453975,191.97506418059976,-198.0206809210496,1650.3560770620836,2.6936961996621456e-06,1650.3560743683875,825.1780371841937,825.1780398778899,476.18349689061523,0.1
5.484969660049788,191.92271190522015,-198.14712145254484,1718.8648621517202,2.425431969825301e-06,1718.8648597262882,859.4324298631441,859.4324322885761,494.9643281386457,0.1
6.764880330501619,192.15119022848052,-198.19169253029747,1587.489293887202,2.7315399495235066e-06,1587.489291155662,793.744645577831,793.744648309371,461.98240660602346,0.1
5.813002855048175,192.27997972894445,-198.57729137169545,1917.5545424963184,2.559263134896171e-06,1917.5545399370553,958.7772699685277,958.7772725277907,553.0392883214457,0.1
6.360688195780552,192.3107879747435,-198.5382977233232,1777.663617256526,2.6664373316448623e-06,1777.6636145900889,888.8318072950444,888.8318099614817,515.7390502199765,0.1
6.8212185342155065,192.5031961479621,-198.81078727294357,1752.808707232738,2.672408529323757e-06,1752.8087045603295,876.4043522801647,876.4043549525733,513.6577361007187,0.1
6.86638837149642,192.90794914261096,-199.507585356032,1862.8263845515285,2.482612978980072e-06,1862.8263820689156,931.4131910344578,931.4131935170707,552.6571485290822,0.1
6.231307119809215,192.61245556389684,-199.03754658330453,1930.5476770643515,2.6663162900440968e-06,1930.5476743980353,965.2738371990176,965.2738398653339,562.5398289016986,0.1
5.098871479842275,192.23953483680356,-198.70615565409375,1913.365894810091,2.416880221773628e-06,1913.3658923932107,956.6829461966054,956.6829486134857,553.9575145196972,0.1
5.546831049459877,192.69789351319716,-199.21777092656475,2152.8938203911066,2.9577733793709246e-06,2152.8938174333334,1076.4469087166667,1076.44691167444,624.9702106410447,0.1
4.639831745602713,192.6254433893958,-199.30840171263364,2053.709098836083,2.293124475170589e-06,2053.7090965429584,1026.8545482714792,1026.8545505646036,600.3952425620025,0.1
6.185616763510081,190.14455539889423,-194.41389516205612,3090.1254867923253,2.065562686393587e-05,3090.1254661366984,1545.0627330683492,1545.0627537239761,935.4293731985,0.1
5.928135314461226,190.02349634105764,-194.3793626087275,3008.968360976209,1.8006315687768268e-05,3008.9683429698935,1504.4841714849467,1504.4841894912624,913.4407071875473,0.1
6.13719775749,190.013939966,-194.148129577,3856.520833486933,4.57871392060069e-05,3856.520787699794,1928.260393849897,1928.2604396370361,1135.166894348544,0.1
5.904390815577203,189.8997282748788,-194.11174515733265,3746.5822316497215,4.668055237283438e-05,3746.5821849691692,1873.2910924845846,1873.2911391651369,1102.4615940186914,0.1
6.232447772452527,190.27406389748265,-194.67474120222656,2587.3478599393134,8.930478992771224e-06,2587.3478510088344,1293.6739255044172,1293.6739344348962,803.0472525617264,0.1
5.966760604187825,190.15708789135817,-194.64970437028612,2571.659081021633,9.33832443495607e-06,2571.6590716833084,1285.8295358416542,1285.8295451799788,799.7229142039602,0.1
6.283151537433615,190.4180263923793,-194.96154333304293,2280.5412322269844,7.031086221424535e-06,2280.5412251958983,1140.2706125979491,1140.2706196290353,722.9251586541344,0.1
5.99030356734322,190.28006857726209,-194.90463088820024,2296.157363573731,6.837242917687825e-06,2296.157356736488,1148.078678368244,1148.0786852054869,728.7106754165598,0.1
5.644997157144789,189.8947642022894,-194.36626252461116,3056.179364465952,1.9768638006570685e-05,3056.179344697314,1528.089672348657,1528.089692117295,927.9337124531418,0.1
5.69830569937548,190.11851407006347,-194.8105269451905,2353.827613806181,7.608680432237574e-06,2353.8276061975007,1176.9138030987503,1176.9138107074307,744.1776363757687,0.1
5.743660266784175,190.02670112748703,-194.56611006290683,2600.570442976617,1.0077340189972072e-05,2600.570432899277,1300.2852164496385,1300.2852265269785,806.4495880252115,0.1
5.6006602520853255,189.74350088530156,-194.0654097976656,3615.439775576279,4.48691346325772e-05,3615.439730707144,1807.719865353572,1807.7199102227069,1065.2339004758069,0.1
5.479583985188904,189.9461091072284,-194.641909905324,2463.0425911261736,8.663195921132287e-06,2463.042582462978,1231.521291231489,1231.5212998946847,771.7810234911467,0.1
5.263982825333932,189.55999311057968,-194.01576595321907,3447.3856075848616,4.211385352338843e-05,3447.3855654710082,1723.6927827355041,1723.6928248493575,1017.818739971391,0.1
5.322785584594541,189.74262455588843,-194.3571648026392,2940.530840119247,1.719797400365282e-05,2940.530822921273,1470.2654114606364,1470.2654286586105,896.579799359336,0.1
0.8744192629110612,185.88822095896413,-193.8238961467124,2445.2143903682986,2.188314649837783e-05,2445.214368485152,1222.607184242576,1222.6072061257225,700.2353166422822,0.1
0.827855522700056,185.6600660268772,-193.6045856596388,3613.351587282317,5.267280483979033e-05,3613.351534609512,1806.675767304756,1806.6758199775609,1013.5120018270621,0.1
1.04694404667902,185.9598810567508,-193.60732117497517,3220.042201702527,4.499492904567535e-05,3220.042156707598,1610.021078353799,1610.021123348728,911.8696198324665,0.1
6.338082712864551,190.57867301968204,-195.27762555491557,1947.9874024129012,5.844490197830967e-06,1947.987396568411,973.9936982842055,973.9937041286958,621.5847683442823,0.15
6.01813471212333,190.4330749603258,-195.2155433706003,1970.710165000674,5.799817374430088e-06,1970.7101592008564,985.3550796004282,985.3550854002457,631.0823757408018,0.15
6.19464724896866,190.7965816209827,-195.84898516278489,1476.571346622347,4.480803224397119e-06,1476.5713421415437,738.2856710707719,738.2856755515751,453.82494090797763,0.15
6.395380078586484,190.75178980375512,-195.61354562112567,1661.2181336174726,5.01969438500623e-06,1661.2181285977783,830.6090642988892,830.6090693185835,518.8652707477822,0.15
6.454715652864559,190.93747613206352,-195.968434261273,1414.8739457254558,4.331781525946132e-06,1414.8739413936742,707.4369706968371,707.4369750286187,429.58047184053015,0.15
6.0073225359001,190.5993305982703,-195.57462492321025,1659.902858106466,4.968413173521817e-06,1659.902853138053,829.9514265690265,829.9514315374396,520.1824681636289,0.15
5.712703794756866,190.26522088996035,-195.1105918952167,2023.596169283364,6.157769944835464e-06,2023.5961631255939,1011.7980815627969,1011.798087720567,651.1605040882581,0.15
5.758917528055415,190.41259272201515,-195.37851557144668,1792.7505474803656,5.245528584135725e-06,1792.750542234837,896.3752711174185,896.3752763629471,569.4154161070321,0.15
5.391679085001667,190.0756162015766,-194.99324375537728,2082.189589148088,6.483310351426236e-06,2082.189582664778,1041.094791332389,1041.0947978156992,672.4725871736257,0.1
4.467443359663178,189.07937766826805,-193.9059340717596,3441.6085013049355,4.0157227665259104e-05,3441.6084611477077,1720.8042305738538,1720.8042707310817,1015.9317061384216,0.1
4.887379047531822,189.34106281164043,-193.96247555748923,3407.786270742478,4.185373525322154e-05,3407.7862288887427,1703.8931144443713,1703.8931562981065,1005.6842341351432,0.1
4.514667611820186,189.31500541144004,-194.3276184123825,2715.178388466755,1.5347698442138127e-05,2715.1783731190567,1357.5891865595283,1357.5892019072269,834.4545422553127,0.1
4.95077824749211,189.5467696138328,-194.32884487037117,2886.4984405850614,1.6642433014596616e-05,2886.4984239426285,1443.2492119713143,1443.2492286137472,882.1536589534361,0.1
5.068736122298593,189.81328564389787,-194.7556419024941,2265.447031386376,7.865542440826589e-06,2265.447023520833,1132.7235117604166,1132.7235196259592,720.6485785924843,0.1
5.910333293337162,190.73347437925008,-195.91317307070184,1421.3661870974302,4.040001209714774e-06,1421.366183057429,710.6830915287145,710.6830955687157,435.17046475647913,0.15
1.054359052203374,186.21804298407824,-193.950916249796,2304.513542771744,1.6569795970254982e-05,2304.513526201948,1152.256763100974,1152.2567796707701,671.0181433916554,0.1
1.305416928964693,186.29276143261444,-193.6139648647845,3019.049672350396,4.003314748251278e-05,3019.049632317249,1509.5248161586244,1509.5248561917717,863.5247302774573,0.1
0.8461209727629061,186.07098125078008,-194.1024706130761,1913.650265869463,9.327977874897106e-06,1913.650256541485,956.8251282707425,956.8251375987205,566.8450578700628,0.1
0.6804724869423722,185.80736368723052,-194.05062896917937,1934.1781417232485,1.0565496553205358e-05,1934.178131157752,967.089065578876,967.0890761443725,566.1005503205309,0.1
0.7214846218688076,185.6617741183372,-193.80313719510056,2466.411019880553,2.2171259626513662e-05,2466.410997709293,1233.2054988546465,1233.2055210259064,702.489439243584,0.1
0.6399946999739999,185.387481337,-193.604781979,3265.192618699831,4.658839227047453e-05,3265.192572111439,1632.5962860557195,1632.5963326441117,914.9110699006308,0.1
0.5732994906437131,185.53807033710555,-193.91110801298424,2166.160349847834,1.5495415044294712e-05,2166.160334352419,1083.0801671762094,1083.0801826716245,620.042241752347,0.1
4.682739757012844,189.56195929871663,-194.63423982631585,2327.880861487357,8.321845389381498e-06,2327.8808531655113,1163.9404265827557,1163.9404349046013,735.9639681517721,0.1
4.065866249798773,189.0492250496318,-194.31393894054855,2630.7586010535365,1.3469505780600749e-05,2630.758587584031,1315.3792937920155,1315.379307261521,810.0842352837369,0.1
4.000444105285337,188.76647112923345,-193.8466438625456,2934.9815991982746,3.567452905066052e-05,2934.9815635237455,1467.4907817618728,1467.4908174364018,870.9680505122295,0.1
4.208413393683416,189.3985785789047,-194.7996923170692,2051.9899383694983,7.265538260744576e-06,2051.98993110396,1025.99496555198,1025.9949728175184,663.8284580318292,0.1
1.6108931549325745,186.6607683568324,-193.6259828937894,3219.4771744861296,4.12699174038482e-05,3219.477133216212,1609.738566608106,1609.7386078780235,923.9590840160109,0.1
1.3026497818663227,186.56763996712243,-194.0146369135213,2181.8793646916142,1.444266023604953e-05,2181.879350248954,1090.939675124477,1090.9396895671373,645.7167441324322,0.1
1.9742815742279387,187.06378782910272,-193.64596623317448,3102.1049610111145,4.130850979016857e-05,3102.1049197026045,1551.0524598513023,1551.0525011598122,897.7660184293135,0.1
1.6384239511244971,186.9847459222213,-194.06686845769596,2233.827302711069,1.502757981333704e-05,2233.8272876834894,1116.9136438417447,1116.9136588693243,669.5491908675017,0.1
6.105280197581189,190.9659605818836,-196.24521105248607,1271.9466785592845,3.6886862481892128e-06,1271.9466748705981,635.9733374352991,635.9733411239854,379.99685452146366,0.15
4.602870594137743,189.74080315502,-195.0450539830323,1935.206443991828,6.166749138407802e-06,1935.2064378250789,967.6032189125394,967.6032250792887,622.3734448299867,0.15
5.424047460678756,190.2804909031555,-195.3759706642481,1762.9198915171016,5.355043340649884e-06,1762.9198861620582,881.4599430810291,881.4599484360725,559.6881277422583,0.15
5.040272747983371,190.0339369365216,-195.21148554061816,1843.0782359658551,5.8114459978157815e-06,1843.078230154409,921.5391150772045,921.5391208886506,589.6814370395699,0.15
5.558547380212578,190.53219339118496,-195.76341048341484,1494.806381703764,4.432632955787251e-06,1494.806377271131,747.4031886355655,747.4031930681984,463.48581543433716,0.15
5.6706364388296775,190.76994092019865,-196.138254295934,1304.3092752765965,3.623969141984634e-06,1304.3092716526273,652.1546358263137,652.1546394502828,394.43399357569734,0.15
2.040145396062091,187.43943515430652,-194.1336066251925,2275.2476669762545,1.5514228606861994e-05,2275.247651462026,1137.623825731013,1137.6238412452415,689.7836432123675,0.1
2.41073487794428,187.49767515324584,-193.67817875921656,3106.40856847818,3.854857351778736e-05,3106.408529929606,1553.204264964803,1553.2043035133768,906.4676714314925,0.1
4.186352945065895,189.68464458180603,-195.31396385659656,1684.5293730751946,5.571979462617219e-06,1684.529367503215,842.2646837516075,842.264689323587,537.1558658177021,0.15
0.6636816990815738,186.0600863067053,-194.36529085384407,1630.076292226537,7.763486975488709e-06,1630.07628446305,815.038142231525,815.038149995012,497.9232682409164,0.1
0.963434905562,186.41391388096625,-194.33908218805476,1701.640623101748,8.063526485332006e-06,1701.6406150382213,850.8203075191107,850.8203155826372,523.375288362246,0.1
0.4833339026230139,185.71597674184247,-194.25535192315044,1682.0805610524374,8.109440468857173e-06,1682.080552942997,841.0402764714985,841.0402845809389,502.1278705810177,0.1
0.6116560905844207,186.33038889411105,-194.72283154465876,1403.866743977348,6.266319484716463e-06,1403.8667377110285,701.9333688555142,701.9333751218338,443.50007981343526,0.15
0.3620651334893759,185.92678766100124,-194.6399032399992,1395.659473977584,6.631029180208445e-06,1395.6594673465547,697.8297336732774,697.8297403043066,436.3194035567031,0.15
3.4828220406930424,188.39205256085967,-193.78544785452897,2999.580323762037,3.676586495789767e-05,2999.580286996172,1499.790143498086,1499.790180263951,886.390121638335,0.1
3.037255882281181,188.38469308661053,-194.3379118242588,2356.6101401238707,1.2034756353866267e-05,2356.6101280891144,1178.3050640445572,1178.3050760793135,731.5314369153583,0.1
2.9299220827230963,187.95496041627536,-193.7261647953085,3011.895177555741,3.595759422278144e-05,3011.895141598147,1505.9475707990734,1505.9476067566677,886.627315062288,0.1
3.548553474506015,188.7388446883961,-194.34146279720335,2543.0268769369272,1.3892934893372272e-05,2543.0268630439923,1271.5134315219962,1271.513445414931,786.6948514212266,0.1
3.7351345840839634,189.0674648047059,-194.7037446375649,2055.776030452741,7.67080887577902e-06,2055.776022781932,1027.888011390966,1027.888019061775,662.0586947318392,0.1
3.197545901738121,188.8574091142792,-194.91707434388107,1805.9575041037417,6.652893931485805e-06,1805.9574974508478,902.9787487254239,902.9787553783178,582.4386040007826,0.15
3.6615030212471447,189.2967611025928,-195.15271906474428,1734.5444165169883,5.802027578848018e-06,1734.5444107149608,867.2722053574804,867.272211159508,556.3101162615272,0.15
1.2667337073802625,186.87011885509503,-194.46150235093668,1668.173256132293,7.679094471706835e-06,1668.1732484531985,834.0866242265993,834.0866319056938,526.6708735108199,0.1
1.6589852247301524,187.35717589617025,-194.543389277109,1710.4856265428425,7.768290533935733e-06,1710.485618774552,855.242809387276,855.2428171555665,547.1235292994334,0.1
0.8926905982716941,186.7499530192572,-194.813193920948,1411.6265695874033,6.14724752042822e-06,1411.6265634401557,705.8132817200778,705.8132878673255,450.34575404176206,0.15
2.5203695248534776,187.91745762667367,-194.2187970170573,2240.993977455621,1.2436717234557949e-05,2240.993965018904,1120.496982509452,1120.496994946169,690.5241064412247,0.1
2.60663387537029,188.35701108750328,-194.783758066587,1762.1187082260174,7.152488621592184e-06,1762.1187010735287,881.0593505367643,881.059357689253,568.7826236056876,0.15
2.0992218408337706,187.8495431311386,-194.64223678674836,1752.7162528447088,7.368548678694524e-06,1752.71624547616,876.35812273808,876.3581301066288,563.9184860178984,0.15
1.2211039009069826,187.20400828046525,-194.9123170675456,1446.987700558265,6.051639478877848e-06,1446.9876945066255,723.4938472533128,723.4938533049523,464.47509390888735,0.15
4.649823923545807,190.00811133486368,-195.4836650667063,1620.6491545848337,5.089350615420578e-06,1620.649149495483,810.3245747477415,810.3245798370922,512.2536753727511,0.15
4.240139027932566,189.98735411183435,-195.77295464204897,1426.898007147389,4.258031551010163e-06,1426.8980028893575,713.4490014446787,713.4490057027103,446.50592854066025,0.15
5.1038272596610055,190.28934394223728,-195.63771382173505,1545.0948500443155,4.499299690094632e-06,1545.094845545016,772.547422772508,772.5474272718076,483.70969484011147,0.15
4.730052056915444,190.28313741908653,-195.90106473637644,1382.716180803009,4.156131983878473e-06,1382.7161766468769,691.3580883234384,691.3580924795705,427.92212224149694,0.15
5.208064969862527,190.54245088079773,-196.02278693845588,1359.7366487899378,3.8111541319102303e-06,1359.7366449787837,679.8683224893919,679.868326300546,416.3270481008915,0.15
2.6222131435125444,188.74726410811576,-195.31683441418372,1499.4623931888266,5.690906428597613e-06,1499.4623874979202,749.7311937489601,749.7311994398665,482.5430004624366,0.15
3.175293158986672,189.2202809465243,-195.47883147929835,1487.878296743327,4.939507995488218e-06,1487.878291803819,743.9391459019095,743.9391508414175,475.30813437209446,0.15
3.7204028399033504,189.63552875927616,-195.63233921015316,1477.6041802162708,4.564300206435115e-06,1477.6041756519705,738.8020878259853,738.8020923902856,467.3891607366866,0.15
1.613700632931129,187.7004833415128,-195.0236144016966,1488.467976439142,6.08413836922807e-06,1488.4679703550034,744.2339851775017,744.2339912616402,480.56270512190184,0.15
2.085862013601142,188.2287438752959,-195.15748297597668,1487.662918982559,5.858558875161894e-06,1487.6629131240002,743.8314565620001,743.8314624205589,480.2772941106351,0.15
6.13719775749,190.013939966,-194.148129577,3747.0908749708856,4.651611806047653e-05,3747.0908284547677,1873.5454142273838,1873.5454607435017,1102.8709843264587,0.1
6.411563963890238,190.14792475724948,-194.1911344914532,3940.805953510184,4.990892933227062e-05,3940.8059036012546,1970.4029518006273,1970.4030017095565,1158.2936693062663,0.1
6.688877060645966,190.28326797266715,-194.23461401794955,3994.037848027013,4.83640201248482e-05,3994.0377996629927,1997.0188998314964,1997.0189481955165,1174.918419766231,0.1
7.003195533281692,190.43016100626687,-194.28498854069505,3777.398183757237,4.6997598052960566e-05,3777.398136759639,1888.6990683798194,1888.6991153774175,1113.1798756986598,0.1
6.734724877752626,190.42062963903896,-194.54263729523103,2996.3572330986717,1.926760346360248e-05,2996.3572138310683,1498.1786069155341,1498.1786261831376,910.6013605060479,0.1
7.387980725460001,190.593390138,-194.349323049,3897.285328799424,4.745957067772759e-05,3897.285281339853,1948.6426406699265,1948.6426881294974,1146.2119458935506,0.1
7.012550226078808,190.53458115324412,-194.56066691900415,3072.955451280746,1.9792118288728604e-05,3072.9554314886277,1536.4777157443139,1536.477735536432,930.9752247317937,0.1
6.458353451649204,190.27688396659508,-194.46363502062587,3020.3807795075577,1.845846471841679e-05,3020.380761049093,1510.1903805245465,1510.1903989830112,916.3847522869771,0.1
6.508449124884475,190.4118850965233,-194.7438263426208,2529.017079817174,8.707128235952593e-06,2529.017071110046,1264.508535555023,1264.508544262151,785.9925916029538,0.1
7.232816424695685,190.6793486502782,-194.7453844655587,2647.111263068707,1.1984861543893772e-05,2647.1112510838457,1323.5556255419228,1323.5556375267843,815.1856465251811,0.1
6.50214593957586,190.52685581307995,-195.02272846702525,2240.2420204261684,6.910295592622229e-06,2240.2420135158727,1120.1210067579364,1120.121013668232,710.5370008590453,0.1
6.817182312820933,190.60466557038288,-194.92856553801693,2349.462054774508,7.83712802577465e-06,2349.46204693738,1174.73102346869,1174.731031305818,737.4544616487309,0.1
6.615229834502598,190.696735259166,-195.3221050158672,1925.5990149222484,6.1429718864437286e-06,1925.5990087792766,962.7995043896383,962.7995105326102,612.4993626852881,0.15
6.6158172929904575,190.83248980755909,-195.62951882904,1663.5830019461175,5.17606189465118e-06,1663.5829967700556,831.7914983850278,831.7915035610897,518.7025649954182,0.15
7.064279249029014,190.77861865919547,-195.1536507486336,2105.899687494028,7.193565491426473e-06,2105.8996803004625,1052.9498401502312,1052.9498473437968,669.718386382796,0.1
6.8846464638146125,190.89065795070255,-195.565735706453,1735.004814605836,5.460968448916911e-06,1735.0048091448675,867.5024045724338,867.5024100334022,542.9669900424835,0.15
6.702390029392075,191.0103044171853,-195.96180251192555,1431.275006642163,4.473724638795159e-06,1431.2750021684383,715.6375010842191,715.6375055579438,434.1271399731892,0.15
13.474939384859864,191.5110392106024,-195.6402376010212,4776.580128655295,6.810712671693384e-05,4776.580060548168,2388.290030274084,2388.290098381211,1343.7837087518544,0.15
13.43255451452159,191.52836616080089,-195.70807310818648,3190.007101993931,3.251073251861901e-05,3190.0070694831984,1595.0035347415992,1595.0035672523318,915.420813064107,0.15
13.369843222000004,191.529202264,-195.612374984,5004.178290647527,7.160902692460341e-05,5004.1782190385,2502.08910951925,2502.0891811282772,1416.4986411739021,0.15
13.504733007678704,191.51582757430344,-195.73063575853757,3279.8461898166165,3.378061700860649e-05,3279.8461560359997,1639.9230780179998,1639.9231117986167,938.346917544326,0.15
13.579945789188642,191.49132700763917,-195.66833309467697,4604.81421982445,6.666431637868842e-05,4604.814153160134,2302.407076580067,2302.4071432443834,1292.706532439274,0.15
13.67426052419537,191.47224594543667,-195.6937934607521,4367.010616688354,6.166469973920199e-05,4367.010555023655,2183.5052775118274,2183.505339176527,1227.818153415306,0.15
13.578856642260169,191.5057369653828,-195.7823965573991,3197.4177203620407,3.126930678380356e-05,3197.417689092734,1598.708844546367,1598.7088758156738,906.5731013742313,0.15
13.339648293929326,191.5510458525894,-195.73947386268068,2840.897680811493,2.470073512381292e-05,2840.897656110758,1420.448828055379,1420.448852756114,814.0314775281885,0.15
13.25401779642192,191.5587143404641,-195.6724421290553,3142.1083750787934,3.109815603814219e-05,3142.1083439806375,1571.0541719903188,1571.0542030884747,904.4004121414263,0.15
13.230109053995172,191.58055431452075,-195.80829866698184,2406.1104951296475,1.4987676458562016e-05,2406.110480141971,1203.0552400709855,1203.055255058662,696.7634082486343,0.1
13.43870761779922,191.53943323756585,-195.805568526898,2620.052234033781,1.944287590574153e-05,2620.0522145909054,1310.0261072954527,1310.0261267383285,752.8493231408036,0.1
13.513995900147162,191.52543348916407,-195.8227670402812,2579.059697589436,1.8429214173881872e-05,2579.0596791602215,1289.5298395801108,1289.5298580093252,740.446750217849,0.1
13.353334503372434,191.5656802319653,-195.87358666536448,2331.2639166142867,1.345342538038713e-05,2331.2639031608614,1165.6319515804307,1165.631965033856,675.2665543286842,0.1
13.472532338405657,191.5444299220356,-195.9001649276677,2364.078656547923,1.4274979359664356e-05,2364.0786422729434,1182.0393211364717,1182.0393354114512,682.0011529277434,0.15
13.77694887994476,191.4499042624248,-195.7217710685195,4923.181134003198,7.315166245794542e-05,4923.181060851536,2461.590530425768,2461.59060357743,1376.4685101564805,0.15
13.756288317866357,191.46668098600136,-195.81502444807197,3338.1950629103485,3.464045147198795e-05,3338.195028269897,1669.0975141349486,1669.0975487754,942.984881829874,0.15
13.65850444674454,191.4926379799604,-195.82752208208933,2983.51740888883,2.6255869682459517e-05,2983.51738263296,1491.75869131648,1491.7587175723497,851.6624090921421,0.15
13.401676730501096,191.57447876999356,-196.0145665934781,2154.820322747058,1.032973484698541e-05,2154.8203124173233,1077.4101562086616,1077.4101665383964,621.511399184908,0.15
13.57677249054619,191.5193228660992,-195.8858029029303,2415.8764134389708,1.5778339442529525e-05,2415.8763976606315,1207.9381988303157,1207.938214608655,695.1675530152095,0.1
13.705379544702735,191.49557160590615,-195.94252485633297,2375.448843513775,1.4773593393899327e-05,2375.448828740182,1187.724414370091,1187.7244291436841,681.0848877443254,0.15
13.55943797820048,191.5399465003704,-196.0146140652489,2215.358778749926,1.11917962297607e-05,2215.35876755813,1107.679383779065,1107.679394970861,636.2960001136499,0.15
13.120871117164883,191.59050317447296,-195.73956666380437,2539.8075424536114,1.746529976484241e-05,2539.807524988312,1269.903762494156,1269.9037799594555,734.7241138284223,0.1
13.8893861076,191.423391618,-195.75274100500005,4304.285274442238,6.117771912747926e-05,4304.2852132645185,2152.1426066322592,2152.142667809979,1209.7487574602317,0.15
13.85938457179655,191.45128424373956,-195.91366457440577,2799.843887821073,2.2919375778853183e-05,2799.8438649016975,1399.9219324508488,1399.9219553702244,796.6679206112257,0.15
13.246055413882946,191.598563290661,-195.9656324601939,2161.062144446224,1.0636230138007446e-05,2161.062133809994,1080.531066904997,1080.531077541227,626.1472982432786,0.15
13.10081654966209,191.61482005142528,-195.8971184614369,2205.448159641459,1.1312398954228982e-05,2205.44814832906,1102.72407416453,1102.7240854769288,642.8853925639339,0.15
12.967769221255692,191.62433851607395,-195.81443575126875,2278.6922870868125,1.3029364480336256e-05,2278.6922740574482,1139.3461370287241,1139.3461500580884,665.5808506232506,0.1
13.286312460128864,191.61527664096744,-196.14424556114025,1976.658705930726,8.801943327375748e-06,1976.6586971287827,988.3293485643914,988.3293573663346,568.8042658373635,0.15
13.826186834110135,191.4816713562871,-196.0853854328584,2239.311431728593,1.1571914764837934e-05,2239.311420156678,1119.655710078339,1119.655721650254,637.0320628815838,0.15
13.482547370018104,191.5784287950361,-196.1741040081675,2008.0981653662168,8.954580944465051e-06,2008.098156411636,1004.049078205818,1004.0490871603988,574.5558709522312,0.15
13.665865195242946,191.5289197277956,-196.1260289354456,2127.355226028129,1.0255896820221007e-05,2127.355215772232,1063.677607886116,1063.677618142013,606.9495224443821,0.15
13.788306349334722,191.51569365835016,-196.2739072122443,2012.7362778919423,9.129658807205606e-06,2012.7362687622835,1006.3681343811418,1006.3681435108006,569.638926460015,0.15
13.114464551078862,191.6378590009514,-196.08053714185493,1985.2289296639976,8.896474067141856e-06,1985.2289207675235,992.6144603837618,992.6144692802359,575.2186086398218,0.15
13.350463076019055,191.63520209526607,-196.38094414194265,1762.8595786189182,7.663613397251396e-06,1762.859570955305,881.4297854776524,881.4297931412658,501.86724247704143,0.15
13.589823581190656,191.57490705714943,-196.33448186698524,1882.3619382371985,8.270810548964331e-06,1882.361929966388,941.180964983194,941.1809732540045,534.0007148119917,0.15
13.744696955182851,191.5540157385069,-196.4821263842082,1797.1167299396473,7.722176315171549e-06,1797.1167222174709,898.5583611087354,898.5583688309118,505.1368477506922,0.15
12.950334887879755,191.6518200038654,-195.99397654840624,2031.4816700583688,9.288153290919e-06,2031.4816607702155,1015.7408303851078,1015.740839673261,592.0587517745942,0.15
12.791638072901176,191.65979055489845,-195.8976891033188,2104.7545702019797,1.0004588840239312e-05,2104.7545601973907,1052.3772800986953,1052.3772901032844,617.1553994799525,0.15
13.148526536549369,191.66180749193384,-196.2913848708488,1789.4356648250043,7.676830057058912e-06,1789.4356571481742,894.7178285740871,894.7178362509172,513.1058554664329,0.15
13.161884258310558,191.68375495619733,-196.4601539263299,1642.4349221615855,7.086411364871469e-06,1642.434915075174,821.217457537587,821.2174646239985,468.1032124229952,0.15
13.523127488970346,191.61881038108555,-196.5422443842193,1675.6309861453385,7.283507015507453e-06,1675.6309788618314,837.8154894309157,837.8154967144228,472.1246134505258,0.15
13.287453759380924,191.67965817879585,-196.6026106756432,1555.9101053554589,6.823862624113092e-06,1555.9100985315963,777.9550492657982,777.9550560896607,440.4352264936575,0.15
12.95473344920346,191.6810795228353,-196.2013293074972,1822.9526582623612,7.81013033198372e-06,1822.952650452231,911.4763252261155,911.4763330362457,526.5159038042008,0.15
12.981609092382651,191.7085058708832,-196.4147108570523,1634.7055167766432,7.063281211723432e-06,1634.705509713362,817.352754856681,817.3527619199622,468.53840686679865,0.15
13.693373957832724,191.59805268899817,-196.71646544155476,1572.5510204145892,6.888071187895795e-06,1572.551013526518,786.275506763259,786.2755136513301,439.9138983344942,0.15
13.434019224951491,191.6734000276447,-196.78656708648077,1445.5402559137754,6.49996293195979e-06,1445.5402494138125,722.7701247069062,722.7701312068691,407.07968349311477,0.15
13.058466101585845,191.728637468154,-196.63579093392173,1465.4140694290893,6.539291135854326e-06,1465.414062889798,732.707031444899,732.7070379841903,417.1517253230363,0.15
12.772295212488675,191.69317954077377,-196.1099982803816,1862.956727757901,8.113576395415978e-06,1862.9567196443247,931.4783598221624,931.4783679357387,542.9435149963067,0.15
12.588831579608284,191.6961551516777,-195.9897421036792,1941.5024505795695,8.644753718231942e-06,1941.5024419348158,970.7512209674079,970.7512296121616,570.5019126504482,0.15
12.557592628616431,191.73766191309724,-196.2375759518856,1688.7645319778485,7.293460148643459e-06,1688.7645246843883,844.3822623421942,844.3822696356543,491.5784071969361,0.15
12.7712304431026,191.7292428622157,-196.34583307535647,1642.4239120471495,7.077112029699549e-06,1642.4239049700375,821.2119524850187,821.2119595621308,473.9442580684982,0.15
12.8097465583262,191.76337816430768,-196.59811620983197,1439.5531991524963,6.422208935340963e-06,1439.5531927302873,719.7765963651436,719.7766027873527,412.5503419014434,0.15
13.174102293264538,191.73643819705637,-196.83396478121944,1348.416841430167,6.06415950629181e-06,1348.4168353660075,674.2084176830037,674.2084237471634,383.49253511143297,0.15
12.354975185446667,191.73235841263644,-196.0903962041264,1780.6007172791967,7.791200903945844e-06,1780.6007094879958,890.3003547439979,890.3003625351988,523.9476459971625,0.15
12.556931046293162,191.78204949891668,-196.50984566889804,1449.9547831035309,6.478931257772645e-06,1449.9547766245996,724.9773883122998,724.9773947912311,418.30641361249474,0.15
12.311405521040298,191.78062720909696,-196.3623864872918,1518.187549818227,6.665814937654526e-06,1518.187543152412,759.093771576206,759.0937782420209,442.0100105873091,0.15
13.63250400489643,191.64901803647496,-196.98132188517317,1352.1282201236952,6.191430987616095e-06,1352.1282139322643,676.0641069661322,676.064113157563,380.851721363846,0.15
13.5612121860111,191.70738461408095,-197.2761096399787,1173.937699500307,5.343447217348551e-06,1173.9376941568598,586.9688470784299,586.968852421877,343.6584549491929,0.15
13.342196919756276,191.7324619197212,-197.05420770230975,1251.8169065044092,5.789613265532172e-06,1251.816900714796,625.908450357398,625.9084561470112,359.2001876291918,0.15
13.23703831235787,191.80027886181875,-197.354545971491,1092.0722218402364,4.949203399348081e-06,1092.072216891033,546.0361084455164,546.0361133947199,332.75743277618886,0.15
13.050310478705812,191.8011495276081,-197.10025631563636,1161.5790088834804,5.387444588954197e-06,1161.5790034960357,580.7895017480179,580.7895071354625,341.549316947164,0.15
12.902220488968306,191.78906884954236,-196.8523112750976,1277.115329122172,5.863338430251275e-06,1277.1153232588335,638.5576616294168,638.5576674927552,367.88856594211256,0.15
12.27810283555304,191.842247170286,-196.6957258498156,1264.996947293354,5.770365493609187e-06,1264.9969415229884,632.4984707614942,632.4984765318598,369.2065376555497,0.15
12.59611105668354,191.82862313077345,-196.81562985103565,1244.8463500203088,5.790888746489618e-06,1244.84634422942,622.42317211471,622.4231779055988,362.1169230812738,0.15
12.08464627478488,191.76687110403213,-196.19820184947488,1609.8202831098558,7.033985609201873e-06,1609.8202760758702,804.9101380379351,804.9101450719207,474.4171781240698,0.15
12.01991782198014,191.8268197263424,-196.51569044975184,1340.4805216789914,6.025529877010855e-06,1340.4805156534615,670.2402578267307,670.2402638522607,392.5646165630022,0.15
11.771277331088708,191.7975883967753,-196.30948492771384,1445.228580959073,6.319246257471589e-06,1445.2285746398268,722.6142873199134,722.6142936391597,427.45661833073046,0.15
12.312373478639492,191.9162447112615,-197.1158702332724,1053.9161815551358,4.874561232837059e-06,1053.9161766805746,526.9580883402873,526.9580932148485,324.6755519417415,0.15
12.890709919047506,191.8797566695796,-197.4036121452129,1039.0004548713962,4.690033487937307e-06,1039.0004501813628,519.5002250906814,519.5002297807148,328.86202254394465,0.15
13.11846993200722,191.8761818937472,-197.67793506712096,1032.709771980833,4.239703770766158e-06,1032.7097677411293,516.3548838705647,516.3548881102683,342.8673926936402,0.15
13.478202976918094,191.77421310125607,-197.6017634210644,1063.4833544886362,4.640944960188547e-06,1063.4833498476912,531.7416749238456,531.7416795647906,337.00135249862615,0.15
11.670648372611645,191.8693274313622,-196.66617880917744,1176.8739711994783,5.354581215394056e-06,1176.8739658448972,588.4369829224486,588.4369882770297,350.7856587414849,0.15
11.407267943274736,191.82166249773556,-196.4177644050762,1298.4505742955855,5.834715161403176e-06,1298.4505684608703,649.2252842304351,649.2252900651504,385.70298641818846,0.15
11.95620525927968,191.90075968037365,-196.878003715006,1105.205222991282,5.10193734844314e-06,1105.2052178893446,552.6026089446723,552.6026140466097,331.47092032390975,0.15
12.721658119252668,191.8644723361963,-197.1351235509676,1101.78363705547,5.163684476372731e-06,1101.7836318917857,550.8918159458929,550.8918211095772,332.2803982821676,0.15
11.933169658596428,191.98386948741677,-197.27522666700312,974.9180947219862,4.266109763479787e-06,974.9180904558765,487.45904522793825,487.459049494048,319.8550140101054,0.15
12.52315809555497,191.94874727479595,-197.44453672988,1003.7188435747262,4.335591841406696e-06,1003.7188392391344,501.8594196195672,501.859423955159,329.3400434308506,0.15
12.221497493311164,191.9923137111079,-197.45969597513533,979.7839431621716,4.194269345904376e-06,979.7839389679023,489.89196948395113,489.89197367822044,329.98139234100967,0.15
11.955037675555028,192.0658034847295,-197.67406140719535,968.1734411834724,3.7861643373155007e-06,968.173437397308,484.086718698654,484.0867224848184,348.63941225025263,0.15
11.265171668811217,191.9051667044002,-196.81149711407448,1039.8978536911582,4.728496507918443e-06,1039.8978489626616,519.9489244813308,519.9489292098274,318.88600017676595,0.15
10.98491496412698,191.83491835894284,-196.51540207319687,1178.263207848271,5.257034694254222e-06,1178.2632025912362,589.1316012956181,589.1316065526528,353.5433883102235,0.15
12.726894064360884,191.9673458369281,-197.7434466488812,1007.6245885301074,3.933410783273951e-06,1007.6245845966966,503.8122922983483,503.8122962317591,349.80267194370464,0.15
13.379756053391285,191.8529188708645,-197.9677593094476,1052.5857806598126,3.803385634262447e-06,1052.585776856427,526.2928884282135,526.2928922315991,362.91702549417687,0.15
12.964629259860995,191.97018440828296,-198.0490037678593,1079.0356204475484,3.660604887632797e-06,1079.0356167869434,539.5178083934717,539.5178120540767,380.8898559099907,0.1
11.591861767417225,191.95803976015992,-197.0670968016868,979.195575701066,4.502580757556069e-06,979.1955711984853,489.5977855992426,489.59779010182336,310.19594455470263,0.15
11.151039762915405,192.0126040206628,-197.25720945569725,890.7849122616453,3.863773402294148e-06,890.784908397872,445.392454198936,445.39245806270935,304.230283362935,0.15
11.551576514386747,192.06661962194843,-197.5314071009988,925.4265833065537,3.740767937772788e-06,925.4265795657857,462.71328978289284,462.7132935236608,330.4060550121746,0.15
12.33302035786239,192.03260052928192,-197.7445613803664,998.0343584710608,3.6867372020227626e-06,998.0343547843237,499.01717739216184,499.017181078899,355.0084932260537,0.15
11.575420988945265,192.18246850150769,-198.02778111676247,1127.9340429729757,3.457023774030114e-06,1127.934039515952,563.967019757976,563.9670232149997,393.41329585419305,0.1
12.060573847674652,192.14407679531485,-198.1056378604096,1155.7596685381557,3.2010210936948136e-06,1155.7596653371345,577.8798326685672,577.8798358695884,402.0455002449185,0.1
12.537722276946177,192.0695330254082,-198.11849332060413,1130.1944364373337,3.4619707841244524e-06,1130.1944329753628,565.0972164876814,565.0972199496523,395.7904032883271,0.1
13.262657548132188,191.94728341100895,-198.3798765403868,1202.268757568442,3.2722611536839245e-06,1202.2687542961808,601.1343771480904,601.1343804203516,412.960941917457,0.1
12.7897155620669,192.08229533890213,-198.47194696037417,1295.9066378161422,3.096522759113549e-06,1295.9066347196194,647.9533173598097,647.9533204563324,440.0040129457837,0.1
10.797994744516274,191.92844642451104,-196.93917965467884,934.3048779283776,4.130860442464578e-06,934.3048737975171,467.15243689875854,467.152441029619,295.6288347897216,0.15
10.497769403225576,191.8318767617552,-196.59868519226436,1075.8247471224324,4.681538610074362e-06,1075.8247424408937,537.9123712204469,537.9123759019856,323.6169624003431,0.15
13.123438695257194,192.06272759975917,-198.84326160827143,1446.3733555027727,2.8779943081211697e-06,1446.3733526247784,723.1866763123892,723.1866791903835,478.61621469668677,0.1
10.276960766104724,191.9436422656468,-197.0749713653285,865.5968135041879,3.469459945601176e-06,865.596810034728,432.798405017364,432.7984084868239,284.66386411089854,0.15
9.938357329892709,191.8124758482704,-196.66101998595812,1029.7360752911477,4.346748653042875e-06,1029.736070944399,514.8680354721995,514.8680398189482,308.7954062631621,0.15
11.040290530460648,192.1630227871174,-197.82418592601724,1032.1718955325407,3.21693004888374e-06,1032.1718923156106,516.0859461578053,516.0859493747354,365.36112295872204,0.1
11.04981245561492,192.3719779502989,-198.5849855225185,1408.2964112889806,2.774990951689096e-06,1408.2964085139897,704.1482042569949,704.1482070319857,469.5493613362728,0.1
10.620014107825726,192.06578960653036,-197.4663277572085,853.3725768270415,3.0666778872437305e-06,853.3725737603636,426.6862868801818,426.6862899468597,310.7592502301443,0.15
9.65382469678828,191.94974554547852,-197.1971857358567,835.8386610328276,3.23891925281409e-06,835.8386577939084,417.9193288969542,417.91933213587345,281.8095362921882,0.15
9.302727142782285,191.77221159338225,-196.69012951011973,1019.9022482910772,4.038184466391201e-06,1019.9022442528927,509.95112212644636,509.9511261646308,301.686877157355,0.15
6.939153127977154,191.29672751287944,-196.44126544588937,1222.2609668199386,3.779677179595861e-06,1222.2609630402615,611.1304815201307,611.1304852998079,357.55795335125214,0.15
7.078916398679291,191.5257362034999,-196.86306645360008,1139.9809631770115,3.294392940008488e-06,1139.9809598826187,569.9904799413093,569.9904832357022,335.293703095407,0.15
7.419727530255671,191.447886845329,-196.5331752691385,1179.134673139254,3.810192332350328e-06,1179.1346693290616,589.5673346645308,589.5673384747231,342.46100363866395,0.15
7.977199808616596,191.58536768503933,-196.61505220930988,1160.4314770519777,4.125291128331338e-06,1160.4314729266866,580.2157364633433,580.2157405886344,335.17615003728736,0.15
7.631895000135433,191.7006077050684,-197.0264726910365,1103.0606250071985,3.294190988581093e-06,1103.0606217130075,551.5303108565038,551.5303141506947,328.9531552980575,0.15
11.75444861779486,192.29680049660135,-198.5982595158075,1413.8754917325025,2.9283111903925614e-06,1413.8754888041913,706.9377444020956,706.9377473304069,473.3946824766356,0.1
11.374882127974272,192.47959259602396,-199.111327901259,1641.4294573119123,2.577610607802455e-06,1641.4294547343018,820.7147273671509,820.7147299447614,535.3258148533238,0.1
12.30352674088497,192.1965920619741,-198.54875628235516,1363.2576577040757,2.990042507364785e-06,1363.2576547140332,681.6288273570166,681.6288303470591,459.0736999300929,0.1
12.02322313784679,192.35666246580777,-199.04680046529683,1613.8332949662663,2.552481826505345e-06,1613.8332924137844,806.9166462068922,806.9166487593741,527.6928914698477,0.1
12.59285792834456,192.2178254760537,-198.95186801094027,1540.244273416767,2.743607336881691e-06,1540.2442706731597,770.1221353365798,770.1221380801873,506.78977207766627,0.1
12.36370610600613,192.38329366857764,-199.479318047956,1786.3413457289923,2.4990410297277146e-06,1786.3413432299512,893.1706716149756,893.1706741140167,574.5713092685569,0.1
12.958006054712667,192.20651947275397,-199.36282946736588,1712.8876547076386,2.508662663910243e-06,1712.887652198976,856.443826099488,856.4438286081506,551.5977554663866,0.1
10.021667973669858,192.10438513748068,-197.6472600364082,899.5963936024855,2.8238730731555142e-06,899.5963907786124,449.7981953893062,449.79819821317926,316.9302139159937,0.1
10.517597070122376,192.2459324032244,-198.0767839918284,1122.521283601603,2.7968780416657104e-06,1122.521280804725,561.2606404023625,561.2606431992406,385.6092056445012,0.1
10.427675892982768,192.4278183109517,-198.6476484057613,1401.1579299444552,2.826170021923333e-06,1401.1579271182852,700.5789635591426,700.5789663853126,463.20911528379224,0.1
10.618452740606829,192.5959401591492,-199.2075235986652,1650.509946781572,2.5670964921490053e-06,1650.5099442144754,825.2549721072377,825.2549746743342,535.0692204398338,0.1
9.844753722544532,192.3423805811322,-198.3688524633372,1231.2735307968728,2.4570122337614985e-06,1231.2735283398606,615.6367641699303,615.6367666269425,407.7692851571854,0.1
8.972490932923009,191.9227910170556,-197.22987803851385,915.839694098273,3.132700312568348e-06,915.8396909655727,457.91984548278634,457.9198486154866,296.1458386864318,0.15
8.621006488586943,191.6977670510654,-196.6736021578688,1084.6331406191723,4.296314088011132e-06,1084.6331363228583,542.3165681614291,542.3165724577432,315.50337168308585,0.15
9.340105296499006,192.1330378049869,-197.79430360935345,995.4880214002304,2.6751313074483326e-06,995.4880187250991,497.74400936254955,497.7440120376809,335.1567019403712,0.1
8.308368813135836,191.8395603656273,-197.1515869232729,1001.282409830144,3.288864712449881e-06,1001.2824065412793,500.64120327063966,500.6412065595044,312.56749895384223,0.15
7.833147990435055,191.9433916023035,-197.5271686496871,1175.172751714558,3.0096565707223336e-06,1175.1727487049013,587.5863743524507,587.5863773621073,355.820442105213,0.1
8.524779443554328,192.1334204398001,-197.8703490400124,1164.0046826771668,2.5950511289155208e-06,1164.0046800821156,582.0023400410578,582.002342636109,364.20732769077875,0.1
7.203416063936899,191.7946967795637,-197.38150141999532,1233.0534731782184,2.956468298940399e-06,1233.05347022175,616.526735110875,616.5267380673433,366.67650935347143,0.1
7.259171595892177,192.05115056729943,-197.89322909892385,1408.8929273065169,2.710185478802328e-06,1408.8929245963313,704.4464622981657,704.4464650083512,415.04562631349694,0.1
7.819048700705276,192.1862158792526,-198.0802773711423,1370.8165276312814,2.8024301387063936e-06,1370.8165248288512,685.4082624144256,685.4082652168557,412.8406172664781,0.1
9.05790385473972,192.37901264028977,-198.47432858979755,1288.877795283865,2.2418200879818403e-06,1288.877793042045,644.4388965210225,644.4388987628425,413.7512098511078,0.1
10.103871099442326,192.53530676345676,-198.93042074157557,1479.1218463182872,2.339981515837952e-06,1479.1218439783056,739.5609219891528,739.5609243291344,482.987907503519,0.1
9.50742244448637,192.5840738206409,-199.01277560398484,1483.2482383436688,2.381273210898425e-06,1483.2482359623957,741.6241179811979,741.624120362471,477.6010202867136,0.1
10.004286081405953,192.6969522862391,-199.36672669678237,1636.2567635346477,2.211529203343181e-06,1636.2567613231186,818.1283806615593,818.1283828730884,527.7737094666469,0.1
8.225532188161866,192.4799149661212,-198.7140425718767,1465.8765325334764,2.221527308092442e-06,1465.8765303119492,732.9382651559746,732.9382673775018,451.0102416058844,0.1
8.929867506392274,192.6476705219044,-199.1305964518465,1492.5982544640658,2.058039939092432e-06,1492.598252406026,746.299126203013,746.2991282610528,473.12379066031275,0.1
7.468457516252791,192.3909893588905,-198.5472463023796,1579.1513639276209,2.6887140868557195e-06,1579.1513612389067,789.5756806194534,789.5756833081675,469.041247080398,0.1
7.529873329247312,192.71043594516712,-199.17543301301535,1692.744346695834,2.345532086468658e-06,1692.744344350302,846.372172175151,846.3721745206831,508.6744950921134,0.1
13.261431512972203,191.5463093263883,-195.58390003564395,4888.173822931872,6.999212265883788e-05,4888.173752939749,2444.0868764698744,2444.0869464619973,1381.8067078041504,0.15
13.369843222000004,191.529202264,-195.612374984,5634.625016329225,7.951216893174941e-05,5634.624936817057,2817.3124684085283,2817.312547920697,1585.2603143479475,0.15
13.16226809457529,191.56948012177443,-195.6298498066209,3354.2907557153862,3.437864248252412e-05,3354.290721336744,1677.145360668372,1677.1453950470143,961.7991572259407,0.15
13.140557727068147,191.5633961373368,-195.55247703960387,4700.742503546774,6.673485011202269e-05,4700.742436811924,2350.371218405962,2350.3712851408122,1333.6131280532704,0.15
13.050964759167714,191.5890654099975,-195.64220749267187,3073.9919281057105,2.8638361601467345e-05,3073.991899467349,1536.9959497336745,1536.995978372036,888.3900331537686,0.1
13.005327152283511,191.57986177630488,-195.51779237547655,4286.615100794948,6.161176473285251e-05,4286.615039183183,2143.3075195915917,2143.3075812033567,1224.1265068386947,0.15
12.903732500677114,191.60917566494976,-195.6334883282268,2970.879586601406,2.596348891057811e-05,2970.879560637917,1485.4397803189586,1485.4398062824475,861.3813496884684,0.1
12.835040921057782,191.5972686085536,-195.4745813899352,4311.408858355831,6.027866370870278e-05,4311.408798077167,2155.7043990385837,2155.7044593172477,1235.9464741908612,0.1
12.724403777596462,191.6283450155368,-195.6125099802402,2879.745065205161,2.412364012558244e-05,2879.745041081521,1439.8725205407604,1439.8725446644007,838.1646062855774,0.1
12.641675161525413,191.61216445845312,-195.42635326444884,3973.272147426253,5.55585394796222e-05,3973.2720918677137,1986.6360459338568,1986.6361014923962,1139.9551627715846,0.1
12.515016527258847,191.64793831205057,-195.60591655845693,2732.0700833102915,2.038513562370349e-05,2732.070062925156,1366.035031462578,1366.0350518477135,798.8137075095901,0.1
12.649928666510496,191.6595898094129,-195.78111232221224,2179.763672564459,1.11826895055127e-05,2179.7636613817695,1089.8818306908847,1089.881841873574,642.505816281962,0.1
12.805408026163942,191.63678647221064,-195.7447778547956,2347.948162431315,1.39039794238557e-05,2347.9481485273354,1173.9740742636677,1173.974088167647,686.7568678641153,0.1
12.422264516556035,191.62341999076557,-195.3725540370574,4005.5293445094994,5.3483133166452985e-05,4005.529291026366,2002.764645513183,2002.7646989963164,1152.346607392549,0.1
12.273086568252172,191.6636478676729,-195.59448594053276,2621.659606326528,1.9016618402104774e-05,2621.6595873099095,1310.8297936549548,1310.829812671573,772.245989369686,0.1
12.417939121499122,191.6867448928557,-195.8227915536166,2079.002077362018,1.0056291877386093e-05,2079.002067305726,1039.501033652863,1039.501043709155,617.568143419294,0.15
12.117569408825892,191.71186162781615,-195.8660545230477,1938.145529667248,8.943415853514044e-06,1938.145520723832,969.072760361916,969.0727693053319,578.3038059319645,0.15
11.858724041136677,191.7023414341728,-195.74769746098693,2051.1221288550005,9.427323232998166e-06,2051.1221194276773,1025.5610597138386,1025.5610691411619,618.0328660681229,0.1
12.023071824325909,191.67088626772852,-195.5662308821075,2636.0389263464804,1.7528709773841625e-05,2636.038908817771,1318.0194544088854,1318.019471937595,777.4945404440155,0.1
12.173435639995606,191.62943583861963,-195.3126470083733,3599.3411427280794,4.839137810358383e-05,3599.341094336701,1799.6705471683506,1799.6705955597288,1036.6245277283185,0.1
11.89142435341216,191.6281553728998,-195.2460791073844,3746.69085891284,4.824595829639112e-05,3746.690810666882,1873.345405333441,1873.3454535793992,1083.6897645571169,0.1
11.825896606862432,191.7430771118181,-196.000415377424,1757.484773947756,7.436319223945565e-06,1757.4847665114366,878.7423832557183,878.7423906920376,523.2308557964715,0.15
11.519099303132895,191.7647253467792,-196.1096064023342,1590.7087205660628,6.797345190498202e-06,1590.7087137687176,795.3543568843588,795.354363681704,473.55403892478154,0.15
11.590556835253452,191.7116879776175,-195.7918789249869,1936.4877923966133,8.106339499356503e-06,1936.4877842902738,968.2438921451369,968.2439002514764,584.168035825986,0.15
11.728275292605966,191.6681510189252,-195.5114889627383,2483.7207496284605,1.6096093701219408e-05,2483.720733532367,1241.8603667661835,1241.860382862277,737.7134483453799,0.1
11.572056645803944,191.61678512160844,-195.17232132073508,3816.399510193643,4.817310812417876e-05,3816.399462020535,1908.1997310102674,1908.1997791833755,1105.2705796364596,0.1
11.3563120721422,191.7216468430622,-195.8678111058708,1794.133650355761,8.170451916344139e-06,1794.1336421853089,897.0668210926544,897.0668292631065,542.0770463744723,0.15
11.356416190133665,191.66839132603957,-195.54252355239305,2335.984726732546,1.4432121784715574e-05,2335.9847123004242,1167.9923561502121,1167.9923705823337,702.5989698325214,0.1
11.210769576728811,191.59124650946865,-195.0909584677028,3510.2390358850657,4.25419396906957e-05,3510.238993343126,1755.119496671563,1755.1195392135028,1020.9213339921037,0.1
11.14614553829364,191.70034496060453,-195.7789011539666,1900.2845430021043,8.158054698944893e-06,1900.2845348440496,950.1422674220248,950.1422755800795,574.934050979811,0.15
10.946820973608718,191.6440896712857,-195.5122527772401,2393.3246224865134,1.3817420976390723e-05,2393.3246086690924,1196.6623043345462,1196.6623181519672,722.8030980865925,0.1
10.802763294191772,191.5461650937116,-195.00173295578008,3284.31897324223,4.155320771370111e-05,3284.3189316890225,1642.1594658445113,1642.159507397719,960.0984661701178,0.1
10.929693755500075,191.70172624346029,-195.84563842523792,1792.6791050377408,7.79897698600579e-06,1792.6790972387637,896.3395486193818,896.3395564183589,542.8316849568396,0.15
11.131567716038148,191.75712214932892,-196.1011887863137,1543.5420365176235,6.59062216936003e-06,1543.5420299270013,771.7710149635006,771.7710215541229,462.92666173906554,0.15
10.710775552183264,191.67253550625435,-195.76472953550868,1846.1795151561,7.690380891470525e-06,1846.179507465719,923.0897537328595,923.0897614232405,563.9967648314735,0.15
10.487861355753823,191.59705053410772,-195.46503618575505,2400.84223129116,1.6012310372768768e-05,2400.8422152788494,1200.4211076394247,1200.4211236517351,728.5652571534052,0.1
10.463435481243147,191.66606481578515,-195.8355608523137,1712.5568110669367,7.580095632600382e-06,1712.556803486841,856.2784017434205,856.2784093235161,519.0056150882372,0.15
10.215287637526131,191.62479794230651,-195.7492962731475,1823.4461770631704,7.401545441892412e-06,1823.446169661625,911.7230848308125,911.7230922323579,557.1379136980619,0.15
9.97362885029162,191.5258266519243,-195.41412528127856,2221.746003963014,1.2275321964519002e-05,2221.7459916876924,1110.8729958438462,1110.873008119168,680.8964626586865,0.1
10.343947148591749,191.47609438317653,-194.9045759203208,3604.845243308886,4.150694759791967e-05,3604.8452018019384,1802.4226009009692,1802.4226424079168,1056.826285359601,0.1
9.831619233122083,191.37520335736167,-194.79980215952932,3450.615302388491,3.7651419393096216e-05,3450.6152647370714,1725.3076323685357,1725.3076700199551,1016.2320432829329,0.1
7.387980725460001,190.593390138,-194.349323049,3784.0444605906137,4.512825448926696e-05,3784.044415462359,1892.0222077311796,1892.022252859434,1114.6094649845654,0.1
7.540020269630161,190.76874358918036,-194.71976537730052,2903.317827904059,1.7140465921461645e-05,2903.317810763593,1451.6589053817966,1451.6589225222624,884.214509234016,0.1
7.783582838885772,190.74576188544216,-194.41802201155812,3462.2284993413323,4.23325467444395e-05,3462.2284570087854,1731.1142285043927,1731.1142708369396,1020.2912138972189,0.1
8.226869344790357,190.90808610218613,-194.4963810080073,3483.572436744351,4.071640613170857e-05,3483.5723960279447,1741.7861980139724,1741.7862387303785,1028.4669682806243,0.1
7.905432326324286,190.9329796808656,-194.878441801874,2728.985772562404,1.4969607780133408e-05,2728.985757592796,1364.492878796398,1364.4928937660059,836.4138715129995,0.1
7.462658868968529,190.8597792447496,-195.04262416282145,2344.925785938274,8.607122337720484e-06,2344.925777331152,1172.462888665576,1172.4628972726982,733.083676467547,0.1
9.44333034182081,191.40270180805712,-195.2384362629692,2484.27653373814,1.3937270557381804e-05,2484.2765198008697,1242.1382599004348,1242.1382738377054,758.8742191540442,0.1
9.279888891872847,191.24008067259484,-194.69130690731976,3360.367543964216,4.103120141344123e-05,3360.3675029330147,1680.1837514665074,1680.1837924977087,989.6479268318506,0.1
8.873295537064815,191.28794480222345,-195.23236503657196,2517.3879951689783,1.726509348997092e-05,2517.387977903885,1258.6939889519424,1258.6940062170358,771.851903433716,0.1
10.69995197344383,191.73849421552796,-196.11176284370305,1485.1970729116506,6.372013648883636e-06,1485.197066539637,742.5985332698185,742.5985396418321,445.5656811801682,0.15
8.36468040440206,191.11569989454455,-195.05593419267356,2533.4491805659427,1.4080199331464904e-05,2533.4491664857433,1266.7245832428716,1266.724597323071,779.3065466701723,0.1
8.729325434480776,191.0776593784096,-194.5875624027433,3492.77016651347,4.076498405214223e-05,3492.770125748486,1746.385062874243,1746.385103639227,1029.6729352298846,0.1
9.927227507249668,191.61564203287045,-195.8536084677673,1648.7838427982945,7.230384503567311e-06,1648.78383556791,824.391917783955,824.3919250143394,501.7102508055174,0.15
9.547657856248115,191.54226473244424,-195.74730999766012,1756.563933864022,7.443454577692312e-06,1756.5639264205674,878.2819632102837,878.2819706537382,535.8876302101531,0.15
9.692534250243312,191.67771990354117,-196.2203216402931,1352.8684515726195,5.415084258571522e-06,1352.8684461575353,676.4342230787677,676.4342284938518,402.5634890925974,0.15
10.207466915484634,191.70837353014684,-196.14433544074416,1422.6769314309088,5.735033391361959e-06,1422.6769256958753,711.3384628479376,711.3384685829711,423.8937026761953,0.15
8.05410150440586,191.137798904094,-195.3656133379725,2018.53597741101,8.051993863298324e-06,2018.535969359016,1009.267984679508,1009.267992731502,637.8064583573436,0.15
7.662212864436484,191.0081798932337,-195.2906777112085,2065.3530174877296,7.991259887445396e-06,2065.35300949647,1032.676504748235,1032.6765127394947,654.0425846928421,0.1
7.318485193030931,190.9632215132997,-195.42696146593,1881.0718567358765,6.317451981679971e-06,1881.0718504184244,940.5359252092122,940.5359315266643,593.8357459685657,0.15
7.09804535751038,191.0714857906173,-195.84259571369725,1520.83093850334,4.982183781432958e-06,1520.830933521156,760.415466760578,760.4154717427618,465.20857005390815,0.15
7.659737066660025,191.1655578819495,-195.711297411139,1679.2236663122137,5.833243797087542e-06,1679.2236604789698,839.6118302394849,839.6118360727288,518.4936391548243,0.15
8.444724600119107,191.29229382669624,-195.5567582067124,1887.3748213020144,7.31495177272022e-06,1887.3748139870627,943.6874069935313,943.6874143084831,588.8777022655512,0.15
8.079444583541708,191.28407489095608,-195.7662160085133,1675.147416348293,5.836837873696186e-06,1675.1474105114553,837.5737052557276,837.5737110925654,513.9929153555976,0.15
7.820832301423657,191.37594940061905,-196.15804516500145,1365.5475706635298,4.694094128592002e-06,1365.5475659694357,682.7737829847179,682.7737876788119,406.09156519433037,0.15
9.159885293197108,191.44471009843,-195.60339963886076,1861.254545673912,7.757849473565976e-06,1861.2545379160624,930.6272689580312,930.6272767158807,573.9203195768694,0.15
8.79261550797707,191.4076611080807,-195.70416957180365,1746.756294397524,7.141951345044249e-06,1746.7562872555727,873.3781436277864,873.3781507697377,537.9188497444128,0.15
9.094486093430136,191.58526568183208,-196.1410482744893,1419.4049435218635,5.7640028922407896e-06,1419.4049377578606,709.7024688789303,709.7024746429332,423.7065477460514,0.15
7.306830910675164,191.2751624204016,-196.1916822978142,1333.1570968777353,4.351554615455125e-06,1333.1570925261806,666.5785462630903,666.578550614645,395.07742883524196,0.15
6.935193341269804,191.1582788956476,-196.1413820609419,1337.416405872808,4.307935716618826e-06,1337.416401564872,668.708200782436,668.7082050903718,399.22462995038586,0.15
8.412211922681362,191.46349565645295,-196.0900427097789,1390.4293966708012,5.310909132677517e-06,1390.4293913598922,695.2146956799461,695.2147009908551,413.6146036366257,0.15
17.88441657545648,189.29687412044336,-197.2723385269116,3297.731926062373,2.1419092713357976e-05,3297.7319046432804,1648.8659523216402,1648.865973740733,853.2548937320539,0.15
17.7783606518,189.378982068,-197.008713501,4568.887228910728,5.044423967253533e-05,4568.887178466488,2284.443589233244,2284.4436396774836,1198.6570408252014,0.15
18.01323529146104,189.17230792986624,-197.09820541744645,4498.168928022424,5.215842794820556e-05,4498.168875863996,2249.084437931998,2249.084490090426,1178.9469115768277,0.15
17.65804069465233,189.4975535365233,-197.2970434568687,3050.626381164589,1.7166008138702177e-05,3050.626363998581,1525.3131819992905,1525.3131991652986,789.0221589902363,0.15
17.840073790783226,189.35077268771624,-197.60556733415672,2658.4257981682854,9.581633936694558e-06,2658.4257885866514,1329.2128942933257,1329.2129038749597,679.7864925207712,0.15
18.082304532114293,189.11893741314128,-197.4147517621484,3346.482435526564,1.959982832971693e-05,3346.482415926736,1673.241207963368,1673.2412275631962,862.2712323895307,0.15
18.263720014490566,188.9378150037349,-197.19595384487656,4552.96377882602,4.96345431354867e-05,4552.963729191477,2276.4818645957384,2276.4819142302813,1188.9218220465343,0.15
18.122596491054075,189.09219918558424,-197.8235691666035,2680.061224108,9.207593366599675e-06,2680.0612149004064,1340.0306074502032,1340.0306166577966,681.5342779585092,0.15
17.52097741813405,189.63145338288516,-197.61850599313917,2462.7918621609965,8.513762087109648e-06,2462.7918536472343,1231.3959268236172,1231.3959353373793,628.6218419990402,0.15
18.33661277475728,188.8748165912591,-197.58272711030915,3167.548343039312,1.6127318824806433e-05,3167.548326911993,1583.7741634559966,1583.7741795833153,810.9221749077108,0.15
18.53831570394026,188.6638209545344,-197.30588621444724,4433.450693567497,4.5012769903032497e-05,4433.450648554727,2216.7253242773636,2216.7253692901336,1152.2643442089054,0.15
17.682565173106166,189.50934055766507,-197.99985656998763,2250.957550098934,6.8712831817830325e-06,2250.9575432276506,1125.4787716138253,1125.4787784851087,565.8158162501509,0.15
17.935525415940546,189.27729766275888,-198.0187939708114,2385.901596367893,7.211309221487399e-06,2385.9015891565837,1192.9507945782918,1192.9508017896012,600.9237280570751,0.15
18.37350387220917,188.84463322116665,-198.00753908649023,2642.268282268692,8.080716241476643e-06,2642.2682741879757,1321.1341370939879,1321.1341451747041,669.0395712680098,0.15
18.12426997795472,189.10000855032197,-198.21390989053927,2324.8851360454323,6.52389262464636e-06,2324.8851295215395,1162.4425647607698,1162.4425712846626,582.8594043400411,0.15
17.362214743814434,189.78523706775684,-197.98189867514915,2107.372167953337,6.535870618038667e-06,2107.3721614174665,1053.6860807087332,1053.6860872446036,528.0871664812279,0.15
17.852845842049547,189.36571127243155,-198.340728115967,2081.0577708441333,5.878433047836658e-06,2081.0577649657002,1040.5288824828501,1040.5288883612832,517.2607360356867,0.15
18.83839619222367,188.34386459422845,-197.4293869029828,4293.0476216745055,4.388889953928595e-05,4293.047577785606,2146.523788892803,2146.5238327817024,1112.1450336982434,0.15
18.61811919734244,188.5850875688811,-197.75448224918492,3295.430066140548,1.5192754702425758e-05,3295.4300509477935,1647.7150254738967,1647.7150406666515,841.011025209343,0.15
19.16478532246696,187.97025785753132,-197.56791115573597,4233.836931101011,4.2094056256812685e-05,4233.836889006955,2116.9184445034775,2116.9184865975335,1092.978881597318,0.15
18.912139210112127,188.2607149002293,-197.92958048145584,3476.696615027075,1.846944250168325e-05,3476.6965965576323,1738.3482982788162,1738.3483167482589,885.1282512629435,0.15
18.633653272695497,188.57058822836265,-198.23954217094143,2604.423905090587,7.376490548971902e-06,2604.4238977140967,1302.2119488570484,1302.2119562335388,656.4335358143629,0.15
19.51743535176468,187.53377038218852,-197.72296063677229,4019.719858422156,3.812482472303046e-05,4019.7198202973314,2009.8599101486657,2009.8599482734903,1033.262175058873,0.15
19.22726448379817,187.88667947913711,-198.13781052977032,3419.8206281961952,1.5641839480568635e-05,3419.8206125543556,1709.9103062771778,1709.9103219190174,867.5927714495225,0.15
17.53760422001672,189.65722222124217,-198.41900415238916,1917.716989345148,5.410201056505351e-06,1917.716983934947,958.8584919674735,958.8584973776746,473.83200523312894,0.15
18.3299032171217,188.8951361609668,-198.4288385668436,2242.4961964881336,6.120655338298078e-06,2242.4961903674784,1121.2480951837392,1121.2481013043944,559.5642739937605,0.15
17.767286797996146,189.46296367042743,-198.8569813182395,1783.7109957134578,4.6979663945572185e-06,1783.7109910154913,891.8554955077457,891.8555002057121,440.2957991580349,0.15
18.05059745346569,189.18348644261587,-198.706296286908,1897.788723881298,5.133359497983341e-06,1897.7887187479384,948.8943593739692,948.8943645073288,468.8866766893476,0.15
18.296441023085432,188.9340974370974,-198.8454095109194,1896.22209652433,5.210657688877997e-06,1896.2220913136723,948.1110456568362,948.1110508674939,468.41929007265094,0.15
17.178040355343505,189.96223708835532,-198.39214754916972,1816.5940139071265,5.336473648046983e-06,1816.594008570653,908.2970042853265,908.2970096218,449.02916519229944,0.15
18.901172169589085,188.26858304412272,-198.48466609524075,2482.314691537041,7.434072378874173e-06,2482.314684102969,1241.1573420514844,1241.1573494855568,623.3715460257855,0.15
18.5887738567905,188.61941217356056,-198.78886992409764,2056.0823592811653,5.536508561694963e-06,2056.0823537446568,1028.0411768723284,1028.041182408837,511.0460219442762,0.15
18.885415335312363,188.27925528565197,-198.9992089209702,2001.001696824229,5.6853975738434045e-06,2001.0016911388313,1000.5008455694157,1000.5008512548133,498.3739072775068,0.15
19.895023580447045,187.023435169144,-197.89601976965383,4268.57054118275,3.63847265690815e-05,4268.570504798024,2134.285252399012,2134.2852887837385,1091.105770946195,0.15
19.56779961302733,187.4472485240168,-198.3985157032115,3250.329932025925,1.3215718673823668e-05,3250.329918810206,1625.164959405103,1625.1649726208218,820.2789838916465,0.15
19.19478499912205,187.91096143537345,-198.7903596019584,2286.61545071107,7.173358651752253e-06,2286.6154435377116,1143.3077217688558,1143.3077289422142,572.028588512672,0.15
22.105870441631435,181.09871635251417,-199.39065904085228,3994.8952573901774,3.8311788816559726e-05,3994.8952190783884,1997.4476095391942,1997.4476478509832,997.9075965548258,0.15
22.1325670931,180.339316212,-199.521455978,3768.3649096960567,3.612467078664095e-05,3768.364873571386,1884.182436785693,1884.1824729103637,942.3691696455822,0.15
19.11637241800102,187.98912647819745,-199.40705837581112,1754.044262350992,4.958008501684707e-06,1754.0442573929836,877.0221286964918,877.0221336545003,440.3616238682714,0.15
17.379899530346375,189.81829379301263,-198.878112233256,1732.4890472925065,4.353927393613966e-06,1732.4890429385791,866.2445214692896,866.2445258232169,429.7560054425058,0.15
16.96412669307701,190.16647479551511,-198.8547131578621,1693.734074218118,4.392688566031383e-06,1693.7340698254293,846.8670349127146,846.8670393054033,425.7601415093006,0.15
18.78486961268796,188.38904764766804,-199.42669266442772,1692.8445451437924,4.480173356998217e-06,1692.844540663619,846.4222703318095,846.4222748119829,424.5834067201727,0.15
18.627351131825076,188.57375228212857,-199.1858289845774,1791.927581254727,4.95550523724125e-06,1791.9275762992218,895.9637881496109,895.9637931051162,445.9638861644581,0.15
18.07021001762854,189.17254256643488,-199.24398829262825,1693.454795821173,4.027553773011089e-06,1693.4547917936193,846.7273958968096,846.7273999243635,422.3281659940709,0.15
18.41623383904309,188.8074836141056,-199.12793550777383,1787.4336742176051,4.538944696909323e-06,1787.4336696786604,893.7168348393302,893.7168393782749,443.4685577245893,0.15
17.641313960413996,189.59825652884467,-199.36156740786387,1674.9534935242727,3.728302379652383e-06,1674.9534897959704,837.4767448979852,837.4767486262875,423.4416635470044,0.15
20.293813613498628,186.4258938203997,-198.0883934195143,4345.297280142752,3.651925945517016e-05,4345.297243623493,2172.6486218117466,2172.6486583310057,1105.854133337349,0.15
19.95732064562261,186.892458881738,-198.707972727916,3035.5099732730764,1.151445767365807e-05,3035.509961758619,1517.7549808793094,1517.754992393767,763.3029720340601,0.15
20.70664314253101,185.7252451451924,-198.3009920256701,4354.932079847246,3.7140132497965785e-05,4354.932042707113,2177.4660213535567,2177.4660584936896,1103.117492158871,0.15
20.370208978421324,186.2386545825626,-198.94000066477847,3012.941292083357,1.206872873395017e-05,3012.9412800146283,1506.4706400073142,1506.4706520760428,755.7673545758067,0.15
22.01056926328789,181.9568821277801,-199.22742886458727,3963.8482056749526,3.7559291625946215e-05,3963.848168115661,1981.9240840578304,1981.9241216171222,990.9294773383922,0.15
19.53339849399313,187.45761188595165,-199.20976578531875,2028.6760435982928,6.567163829768096e-06,2028.676037031129,1014.3380185155645,1014.3380250827283,509.5069544373802,0.15
20.007886150785648,186.7594195390325,-199.52499866929176,1943.826541158272,6.610531018294463e-06,1943.826534547741,971.9132672738705,971.9132738844015,492.22310048057386,0.15
17.200308157410802,190.0029800378135,-199.41369841338565,1720.016786128215,3.795770929240188e-06,1720.016782332444,860.008391166222,860.008394961993,443.4100450806158,0.15
16.715433560287085,190.40289040084852,-199.3757393610848,1771.130122568804,4.013504650941997e-06,1771.1301185552993,885.5650592776497,885.5650632911543,466.333920271825,0.15
21.51060673540269,183.9416048426411,-198.78372265656324,4198.958342237224,3.739169145969149e-05,4198.958304845532,2099.479152422766,2099.479189814458,1054.3212477384332,0.15
21.818629242984173,182.91856248508665,-199.02434831308875,3772.543582131012,3.799749916706284e-05,3772.543544133513,1886.2717720667565,1886.2718100642555,945.8820521914733,0.15
21.19733621252613,184.57736286703084,-199.4978274151669,2850.444578971124,1.2700941564424578e-05,2850.4445662701823,1425.2222831350912,1425.2222958360328,713.3906878936866,0.15
21.120426646005235,184.90242894010288,-198.5338412730093,4301.368555174041,3.775236997822798e-05,4301.368517421671,2150.6842587108354,2150.6842964632056,1084.6745250626764,0.15
20.797945606496626,185.45453281834065,-199.225748715185,2972.0756994474727,1.1932523330783596e-05,2972.0756875149495,1486.0378437574748,1486.037855689998,744.5222654812824,0.15
13.8893861076,191.423391618,-195.75274100500005,4274.095392091412,6.017375341807583e-05,4274.095331917658,2137.047665958829,2137.0477261325827,1192.7481320569393,0.15
13.97824702375637,191.4148791979858,-195.89622695742392,3190.479690559795,3.151371028077177e-05,3190.4796590460846,1595.2398295230423,1595.2398610367527,901.203626834389,0.15
14.05756634155716,191.3792123861269,-195.7998056226592,4047.509394196276,5.6516939293520654e-05,4047.5093376793366,2023.7546688396683,2023.7547253566077,1129.0464030438152,0.15
13.965265130021477,191.4355097442115,-196.0363915259651,2359.579397433518,1.3834487028555804e-05,2359.5793835990307,1179.7896917995154,1179.7897056340025,670.0177610142669,0.15
14.109816165983592,191.3809262336272,-195.95638753452045,2883.084657445818,2.4899838040755365e-05,2883.0846325459797,1441.5423162729899,1441.542341172828,811.988457260692,0.15
13.957325276949668,191.4607724950441,-196.227615181505,2120.202461795062,9.97799072822386e-06,2120.202451817071,1060.1012259085355,1060.1012358865264,599.1330629007824,0.15
14.247496209507132,191.323044847181,-195.85398558259905,4173.139350643394,5.649284388773722e-05,4173.13929415055,2086.569647075275,2086.569703568119,1163.3999631417119,0.15
14.305037345783154,191.3270845447921,-196.0714013319548,2639.351782730059,1.980707622794145e-05,2639.3517629229827,1319.6758814614914,1319.6759012685675,739.301440243223,0.15
14.144538630883762,191.39245394629995,-196.1577069188152,2290.1036014872484,1.2326084887237629e-05,2290.1035891611637,1145.0517945805818,1145.0518069066666,646.3936018267913,0.15
13.94606456258944,191.4909442050805,-196.45214311890777,1885.2351307477827,8.157433945336734e-06,1885.2351225903487,942.6175612951744,942.6175694526083,528.2859201624348,0.15
14.098219138360244,191.42787890339383,-196.33342386049085,2067.9456071016057,9.265081109543109e-06,2067.9455978365245,1033.9727989182622,1033.9728081833434,580.0393068516432,0.15
14.46178651673979,191.2524415416582,-195.91630003924496,3960.660623741708,5.254306788738775e-05,3960.6605711986404,1980.3302855993202,1980.330338142388,1100.8301931743426,0.15
14.323419760383134,191.3471933354933,-196.3215604292604,2156.4477051194704,1.0380820497568572e-05,2156.4476947386497,1078.2238473693249,1078.2238577501455,603.8154827332568,0.15
14.703323563206482,191.16458733064303,-195.98789387400663,3824.4329298808384,5.2092086068326974e-05,3824.432877788752,1912.216438894376,1912.2164909864623,1057.6668690366253,0.15
14.521387304592956,191.2556957849354,-196.166324213383,2667.6623320324184,1.947914884906431e-05,2667.6623125532697,1333.8311562766348,1333.8311757557835,742.9746185359218,0.15
14.974910639892563,191.0565026658673,-196.0699192613358,3605.599198158019,4.8117970228856166e-05,3605.5991500400487,1802.7995750200243,1802.7996231379948,993.47489825842,0.15
14.776873197854655,191.1623518957992,-196.2787510799992,2742.856372395381,2.1139102160240383e-05,2742.856351256279,1371.4281756281396,1371.4281967672416,758.6823090000538,0.15
14.17537876770211,191.4263997168304,-196.55990125069025,1859.532819780832,7.722867844160914e-06,1859.532812057964,929.766406028982,929.7664137518499,517.8522807714202,0.15
13.929423050192344,191.52021146328045,-196.65572824893616,1693.402569176659,7.24164242430088e-06,1693.4025619350166,846.7012809675083,846.7012882091507,472.1625305054418,0.15
15.067483039575354,191.04588126916863,-196.39520889519247,2692.784865942161,1.9395515894753515e-05,2692.784846546645,1346.3924232733225,1346.3924426688386,741.4264086228554,0.15
14.397434019951373,191.3455806014856,-196.57444409581444,1928.6620968773427,7.912133753789562e-06,1928.662088965209,964.3310444826045,964.3310523947382,534.7979766159751,0.15
14.332892329608022,191.3879366808383,-196.74447778343637,1739.0312184016925,7.046963936817612e-06,1739.0312113547286,869.5156056773643,869.5156127243282,480.99138469905273,0.15
15.279340047137335,190.9259718095651,-196.1634005753451,3467.443384564592,4.5335107313702255e-05,3467.443339229485,1733.7216696147425,1733.7217149498497,951.1011467017039,0.15
14.575922404675202,191.26339338842067,-196.45945123070723,2107.069046857723,9.729492979418304e-06,2107.0690371282303,1053.5345185641152,1053.534528293608,585.5816544810552,0.15
14.578668093994764,191.29214363855507,-196.7576469957648,1809.721706252567,7.047948913488458e-06,1809.721699204618,904.860849602309,904.8608566502579,498.0036381133618,0.15
14.831966462971971,191.1689825676088,-196.5892354434282,2060.863808179556,9.15537935327008e-06,2060.863799024177,1030.4318995120884,1030.4319086674677,568.922550123095,0.15
14.87862943806408,191.18037309110997,-196.9028966548061,1780.9785013270057,6.947593351421531e-06,1780.9784943794123,890.4892471897061,890.4892541372996,486.01964243420343,0.15
14.141666331096902,191.4695360541497,-196.84562298027865,1588.140840935372,6.634194419786543e-06,1588.1408343011774,794.0704171505887,794.0704237847832,439.3218458045519,0.15
14.38723118318739,191.39204440897785,-196.9849646025989,1537.0960911837335,6.2110161267581484e-06,1537.0960849727173,768.5480424863587,768.5480486973748,423.3200787483328,0.15
13.897908233642983,191.5610358129865,-196.91727307388675,1463.357184188202,6.379709712410572e-06,1463.3571778084922,731.6785889042461,731.6785952839558,407.66422326283885,0.15
14.122893753471148,191.5050063061048,-197.10794006876077,1373.4448042746872,5.855222870130402e-06,1373.4447984194642,686.7223992097321,686.7224050649551,383.31640101383334,0.15
14.61678325694683,191.31171958322875,-197.09818243476104,1525.6541595977706,5.969136576597072e-06,1525.654153628634,762.827076814317,762.8270827834535,417.9835726376541,0.15
15.392705616368042,190.90574690854703,-196.52043559039151,2548.5844613393683,1.6759793299298217e-05,2548.584444579575,1274.2922222897876,1274.2922390495808,696.0165473597032,0.15
15.619432571846422,190.7689410675776,-196.26967019896605,3612.590412434591,4.604090438660724e-05,3612.590366393687,1806.2951831968435,1806.2952292377477,987.3647037843101,0.15
15.12305054966761,191.05413029574527,-196.73479738366203,2033.124326231743,9.276149457698996e-06,2033.1243169555935,1016.5621584777967,1016.5621677539463,555.0683315370575,0.15
15.746276159235135,190.7396830624855,-196.6372037242629,2480.646649999819,1.5064746484462408e-05,2480.6466349350726,1240.3233174675363,1240.3233325322828,670.4743568800658,0.15
15.994993563320245,190.5810754535731,-196.3893925981361,3698.7636698290335,4.649902379783862e-05,3698.7636233300095,1849.3818116650048,1849.3818581640287,1003.6903718470301,0.15
17.42412107713505,189.6799166470695,-197.0782041362024,3223.7273169733417,2.369668332452865e-05,3223.727293276658,1611.863646638329,1611.8636703350126,841.932762119029,0.15
17.348342618595797,189.72514213092612,-196.85014948163155,4325.297125907865,5.411567531097894e-05,4325.29707179219,2162.648535896095,2162.64859001177,1143.7022266543136,0.15
17.592965510513313,189.5332412496801,-196.93945958211037,4133.048544216719,4.974789456971252e-05,4133.048494468824,2066.524247234412,2066.524296982307,1089.4547067764265,0.15
17.173585308388585,189.87308529512904,-197.03833163118657,3013.46578161682,1.9784033666831064e-05,3013.4657618327865,1506.7328809163932,1506.7329007004269,788.6936404490841,0.15
17.07450527400943,189.9252039121393,-196.752515081758,3903.3215334969295,4.7216653043862594e-05,3903.3214862802765,1951.6607431401383,1951.6607903567913,1038.4042690280262,0.15
16.499718360555846,190.32591605412227,-196.85274666907029,2718.54773482573,1.7350073531938064e-05,2718.5477174756566,1359.2738587378283,1359.2738760879017,721.2152222616749,0.15
16.388416490567952,190.36402268877728,-196.518128648076,3715.389344320582,4.667533426991279e-05,3715.3892976452476,1857.6946488226238,1857.6946954979583,1001.4060190016152,0.15
16.756965100194684,190.1387916535853,-196.6423152370785,3580.321181215053,4.511782306379289e-05,3580.32113609723,1790.160568048615,1790.160613166438,957.6033814428494,0.15
16.848764559791167,190.10844399126637,-197.0247014043001,2745.582424113821,1.6697663126737833e-05,2745.582407416158,1372.791203708079,1372.7912204057423,720.4000024825162,0.15
17.7783606518,189.378982068,-197.008713501,4114.524688319476,4.833503669456825e-05,4114.524639984439,2057.2623199922195,2057.2623683272564,1082.2878202681954,0.15
17.35404070708089,189.7528010216589,-197.3399564089363,2635.553226478313,1.0851926494535554e-05,2635.553215626386,1317.776607813193,1317.7766186651197,681.6693705118192,0.15
15.170929198535696,191.06919271077487,-197.08514289226045,1746.6888449323787,6.865024335036633e-06,1746.6888380673545,873.3444190336772,873.3444258987015,470.5742443820534,0.15
14.891882986085964,191.20525869009907,-197.18924562580648,1560.5676510078476,5.87083710330284e-06,1560.5676451370105,780.2838225685052,780.2838284393424,422.7630581637332,0.15
14.399448485846625,191.42042719577984,-197.2941559625146,1320.1900496905157,5.485147076088581e-06,1320.1900442053686,660.0950221026843,660.0950275878314,367.31797277136684,0.15
13.86000438778806,191.6076366091884,-197.20823009242147,1253.7872184309804,5.550693833475998e-06,1253.7872128802865,626.8936064401432,626.8936119908371,356.6992925381997,0.15
13.811144577061752,191.66320182766265,-197.537441720177,1091.693716878878,4.694934921259388e-06,1091.693712183943,545.8468560919715,545.8468607869064,331.19601474860343,0.15
14.117340753675236,191.54364277192747,-197.4353541468537,1168.5330085202006,4.959527090547749e-06,1168.5330035606735,584.2665017803367,584.2665067398639,338.1545845710236,0.15
14.733260202605123,191.30364311250185,-197.45965153185767,1308.2709465636428,5.130290136436866e-06,1308.2709414333526,654.1354707166763,654.1354758469665,360.2139149313949,0.15
14.437017280378235,191.44741512159413,-197.65682464290805,1135.0142127201943,4.630517298832914e-06,1135.0142080896771,567.5071040448386,567.5071086753558,329.6242000091176,0.15
13.756592441980668,191.7260916655439,-197.89541923008352,1025.7176010936282,3.951908167378165e-06,1025.71759714172,512.85879857086,512.8588025227682,339.72304170964384,0.15
15.460541437107103,190.90848656703747,-196.86961712777244,2033.65345950752,8.636599561135138e-06,2033.6534508709203,1016.8267254354602,1016.8267340720598,548.8247867139373,0.15
15.840607931745293,190.7292044056572,-197.0187355496164,2075.6104020045004,8.158090331266105e-06,2075.6103938464103,1037.8051969232051,1037.8052050812953,552.2883829831638,0.15
16.122296882919095,190.54545885764705,-196.75861775507096,2500.661783821356,1.5264474979528553e-05,2500.6617685568813,1250.3308842784406,1250.3308995429154,667.5082654272704,0.15
16.22811252235802,190.51823270895457,-197.10814775050463,2180.213293627577,9.027289209480347e-06,2180.213284600288,1090.106642300144,1090.1066513274332,574.7282034520093,0.15
16.56341821927499,190.3160778012573,-197.18976247729648,2284.692220218549,9.374992515351947e-06,2284.6922108435565,1142.3461054217782,1142.346114796771,596.685941271146,0.15
17.099461774808553,189.94796474112871,-197.29594849035172,2505.6553018425466,1.0491630339274224e-05,2505.6552913509163,1252.8276456754581,1252.8276561670884,649.1083167341081,0.15
17.18732501755559,189.90348212441648,-197.6183713324893,2284.440469557788,7.787054116798364e-06,2284.440461770734,1142.220230885367,1142.2202386724211,582.1844084563645,0.15
15.500729031984749,190.9313136880401,-197.25830326558636,1749.7451670531475,6.533435743347123e-06,1749.7451605197118,874.8725802598559,874.8725867932916,463.83424854897254,0.15
16.392726337240116,190.4557379216472,-197.49866426581903,1966.7468659295023,7.215836625536777e-06,1966.7468587136657,983.3734293568328,983.3734365726694,505.7196892881193,0.15
16.819677106140496,190.17169430381568,-197.5333728915384,2139.9948299728826,8.035185501663558e-06,2139.994821937697,1069.9974109688485,1069.997419004034,548.3203946496826,0.15
15.12728453309599,191.13707432114205,-197.50150451125205,1416.4713254970138,5.412377245435785e-06,1416.4713200846365,708.2356600423183,708.2356654546955,379.7834017863396,0.15
14.106503852449316,191.5903271816578,-197.7959300293611,1052.2756444890683,4.141612256120548e-06,1052.2756403474561,526.1378201737281,526.1378243153403,326.3279271626457,0.15
14.818043262841956,191.3080457887701,-197.7850203036081,1205.8301482945888,4.508668372006892e-06,1205.8301437859204,602.9150718929602,602.9150764016285,338.0701366676132,0.15
14.46183306372559,191.48145610411956,-197.99980489014632,1081.9918877453954,4.029997527458492e-06,1081.9918837153978,540.9959418576989,540.9959458876965,331.80614236472627,0.15
15.92840951839854,190.73329727748197,-197.4994795892436,1741.9248883045211,6.622860930751788e-06,1741.9248816816603,870.9624408408301,870.962447463691,451.4603938585727,0.15
15.496196206974927,190.9796780249232,-197.64949893896275,1515.8322010893212,5.567561515306692e-06,1515.8321955217598,757.9160977608799,757.9161033284413,397.3798195331498,0.15
14.076362666771656,191.64906559379637,-198.162242757984,1045.95611231191,3.538677631292977e-06,1045.9561087732322,522.9780543866161,522.9780579252938,348.635750469109,0.15
13.689048912467886,191.80303665830908,-198.2983985155753,1089.1531057547147,3.415626700084001e-06,1089.153102339088,544.576551169544,544.5765545851707,380.048943624655,0.1
16.991082891543595,190.07980858892128,-197.9610989268188,1956.6183584772805,6.216736594737909e-06,1956.6183522605438,978.3091761302719,978.3091823470086,489.814302537154,0.15
16.205204918342897,190.6084432625753,-197.844416735532,1691.383467577285,6.049207132408027e-06,1691.383461528078,845.691730764039,845.691736813246,428.39626945087633,0.15
16.56524421109024,190.3858760971196,-197.94856152949117,1787.7680586347833,5.956070014294532e-06,1787.7680526787133,893.8840263393566,893.8840322954267,448.5919454982527,0.15
16.263299710629173,190.6215112142065,-198.30577722950517,1592.2621227201537,4.9426515279114965e-06,1592.2621177775022,796.1310588887511,796.1310638314026,404.41668276755684,0.15
13.615414820557277,191.89627942713372,-198.75051461799356,1321.694257852943,2.774726640917475e-06,1321.6942550782164,660.8471275391082,660.8471303138349,441.0395862662099,0.1
15.24111519410906,191.14474458945415,-197.97538741986693,1300.9662154277064,4.61709911336096e-06,1300.9662108106072,650.4831054053036,650.4831100224028,353.9467070135101,0.15
14.88425876595822,191.3350128817385,-198.1914697168457,1184.0110529427204,3.90796173429112e-06,1184.0110490347588,592.0055245173794,592.005528425341,348.8352778950165,0.15
14.47785957316028,191.5291336464697,-198.3785129019329,1130.6819341164658,3.473113831835845e-06,1130.681930643352,565.340965321676,565.3409687947898,363.2704131723914,0.15
14.063317562707768,191.7122066091917,-198.55986770528648,1169.2031247682287,3.1249975815872257e-06,1169.203121643231,584.6015608216155,584.6015639466132,396.08222867896757,0.1
15.755735016146966,190.89738985748068,-198.08579314687384,1457.870919312194,5.345440742191748e-06,1457.8709139667533,728.9354569833766,728.9354623288174,380.1308473518651,0.15
14.057512985031796,191.81448378786453,-199.15775339370188,1528.350486866164,2.7627310790843044e-06,1528.3504841034328,764.1752420517164,764.1752448144475,490.38386989288404,0.1
16.726352955768892,190.31264033211656,-198.39567954750217,1688.9147296012952,4.967529782886831e-06,1688.9147246337654,844.4573623168827,844.4573672844125,420.6465015843235,0.15
16.4807145513829,190.52941791820797,-198.8310805291974,1644.0914701675847,4.345289930820436e-06,1644.0914658222948,822.0457329111474,822.0457372564373,424.1643856899298,0.15
15.93157485732224,190.8787918744422,-198.7512264946191,1559.503392561356,4.287232671738315e-06,1559.5033882741232,779.7516941370616,779.7516984242943,420.06002595279654,0.15
13.47520923759612,192.029884268927,-199.25604105230985,1606.9816902624625,2.531624353710407e-06,1606.981687730838,803.490843865419,803.4908463970435,518.4793721038286,0.1
14.485735902795708,191.5900212757425,-198.78780477361343,1296.655708976217,3.147216077587296e-06,1296.655705829001,648.3278529145005,648.3278560617166,421.58191820679457,0.15
15.29376771043578,191.21306912148967,-198.6534850768481,1393.0059384834076,3.799469233570918e-06,1393.0059346839384,696.5029673419692,696.5029711414384,402.036719769002,0.15
14.802858127427587,191.43214715414683,-198.61292488726744,1275.2979284782205,3.443424928743283e-06,1275.2979250347955,637.6489625173978,637.6489659608227,394.89255239227595,0.15
15.515233853388784,191.1863266911996,-199.26132359384968,1723.7640636907372,3.773953609098136e-06,1723.7640599167835,861.8820299583917,861.8820337323455,497.8095364954317,0.15
14.886366810564354,191.49260894698173,-199.22365622009576,1609.5297485464614,3.1328766126529696e-06,1609.5297454135848,804.7648727067924,804.764875839669,496.043278927164,0.15
14.48241130384642,191.65920655387671,-199.19234664052968,1564.2148647433426,2.9837251780382626e-06,1564.2148617596174,782.1074308798087,782.1074338635339,493.4069400457497,0.1
16.148667894686422,190.8123537741602,-199.33944824002805,1802.317085259656,3.768513947164456e-06,1802.317081491142,901.158540745571,901.1585445140851,493.2816692901067,0.15
22.1325670931,180.339316212,-199.521455978,4561.182379507875,5.189203910218133e-05,4561.182327615837,2280.5911638079183,2280.591215699957,1138.9718892727449,0.15
-1.02633110689,178.55344526,-194.33039525,5184.410854141012,5.199773542501667e-05,5184.410802143277,2592.2054010716383,2592.205453069374,1414.6404831905056,0.1
-1.0654087851635214,178.7565810800035,-194.2878460428465,4980.348891190485,4.864443141562891e-05,4980.348842546054,2490.174421273027,2490.1744699174583,1359.85776320835,0.1
-1.1747193447390798,178.88127623116787,-194.4654100662815,3788.895650497551,1.845073296723752e-05,3788.895632046818,1894.447816023409,1894.447834474142,1060.0417080859181,0.1
-1.1035643688383638,178.98116642547834,-194.24199891745684,4824.470502540433,4.854036927249406e-05,4824.470454000064,2412.235227000032,2412.235275540401,1316.1695551671087,0.1
-1.2956063081716267,179.00305592549134,-194.6625402577415,3688.5443887447946,1.0587363153328786e-05,3688.5443781574313,1844.2721890787157,1844.272199666079,1046.4372901140057,0.1
-1.1395847554070224,179.23561533802967,-194.19176238118496,4323.644789054418,4.50909369470085e-05,4323.644743963481,2161.8223719817406,2161.822417072677,1181.417676215927,0.1
-1.2228578666454863,179.12451039008783,-194.43667805863865,3738.57981302288,1.8861865107831327e-05,3738.579794161015,1869.2898970805074,1869.2899159423725,1045.5924714769142,0.1
-1.1697176925603534,179.52404861530007,-194.1373494792404,3924.311759262888,4.23517943875326e-05,3924.3117169110933,1962.1558584555466,1962.1559008073411,1072.9265280653608,0.1
-1.275647812268359,179.41755410152015,-194.41151549270828,3694.4050315196473,1.89669790505172e-05,3694.4050125526683,1847.2025062763341,1847.2025252433132,1032.3928269959483,0.1
0.5022661058098689,185.17706298863067,-193.6066574023818,3179.688102669344,4.5317385730936734e-05,3179.6880573519584,1589.8440286759792,1589.8440739933649,885.9902063299951,0.1
0.6399946999739999,185.387481337,-193.604781979,3114.606098120704,4.3877812603360537e-05,3114.6060542428913,1557.3030271214457,1557.3030709992581,873.1189163387298,0.1
0.4841030265428998,185.3250467327188,-193.8171146773547,2396.2695530781625,2.0570164988294797e-05,2396.2695325079976,1198.1347662539988,1198.1347868241637,677.4660140247992,0.1
-1.4357072607973258,179.15855741886665,-194.8721951990751,3537.3941432735915,7.983810551517086e-06,3537.394135289781,1768.6970676448905,1768.697075628701,1017.6840988974451,0.1
-1.188464750214606,179.85089607081733,-194.0793360820645,3663.964845033339,4.051820185440835e-05,3663.964804515137,1831.9824022575685,1831.9824427757703,1000.5403377954888,0.1
-1.3316559541091335,179.7834483878892,-194.39320587777752,3424.4308478326843,1.7218102382044388e-05,3424.4308306145817,1712.2154153072909,1712.2154325253935,959.8201516693629,0.1
-1.348307922681262,180.11363908308834,-194.34346358129017,3218.7832926124665,1.660684365891182e-05,3218.783276005623,1609.3916380028115,1609.391654609655,900.7393929987394,0.1
-1.4967618368683262,179.99277787794293,-194.66074147478147,3137.9436240843984,9.861181508630904e-06,3137.943614223217,1568.9718071116085,1568.9718169727898,898.9815994617587,0.1
-1.3619099120719391,179.30169262958424,-194.6482948562528,3511.0273699651,1.0541130186378916e-05,3511.02735942397,1755.513679711985,1755.513690253115,998.2791002522304,0.1
-1.4220613601060113,179.634514857234,-194.6294023940597,3359.3244151122003,1.0273401642133751e-05,3359.3244048387987,1679.6622024193994,1679.662212692801,956.6774811223701,0.1
-1.5197119596212918,179.4871774459559,-194.88410237844184,3321.6505788837653,7.984661530911205e-06,3321.650570899104,1660.825285449552,1660.8252934342133,960.8187793823269,0.1
-1.5608342688597725,179.7556510774024,-194.85835624069472,3181.8340305308766,8.23320908856366e-06,3181.8340222976676,1590.9170111488338,1590.9170193820428,922.2240698453747,0.1
-1.18909038671,180.222581671,-194.01826371,3320.9242732382986,4.074000998376128e-05,3320.924232498289,1660.4621162491444,1660.4621569891542,904.841192979975,0.1
-1.4850442724603223,180.31724888916375,-194.56942445887236,3020.951812798514,1.0315622644629664e-05,3020.9518024828913,1510.4759012414456,1510.4759115570682,861.1688268653581,0.1
-1.171173886044249,180.55820799459448,-193.9674929386784,3194.7736568683085,4.111767450080314e-05,3194.7736157506342,1597.3868078753171,1597.3868489929914,867.6793892083534,0.1
-1.2559265745930823,180.7065858409779,-194.12239325771185,2913.6749260933884,2.2851785700211616e-05,2913.674903241603,1456.8374516208014,1456.837474472587,804.1497500577486,0.1
-1.1336781409981316,180.92914638805496,-193.91557033098744,3237.641299721221,4.587823814638327e-05,3237.6412538429827,1618.8206269214913,1618.8206727997297,874.3304885182923,0.1
-1.3790143314653431,180.4948924523333,-194.35189330053788,3065.424530734032,1.5448772312087928e-05,3065.4245152852595,1532.7122576426298,1532.7122730914023,858.9796907662665,0.1
-1.5529180880217794,180.65339750249203,-194.65774123707268,2814.5942101520504,9.365777397008637e-06,2814.594200786273,1407.2971003931366,1407.2971097589138,810.6365097298259,0.1
-1.415329880678666,180.92380539478103,-194.4141562303112,2773.1046822692583,1.1906292741577069e-05,2773.1046703629654,1386.5523351814827,1386.5523470877756,782.9757850267056,0.1
0.1614089289992213,184.6153725731293,-193.61801700522585,2911.370094541395,4.249489459086816e-05,2911.3700520465004,1455.6850260232502,1455.6850685181446,804.4481417828003,0.1
0.3343972380256461,184.9077397500507,-193.6110557159768,3015.021593888958,4.327318584212805e-05,3015.021550615772,1507.510775307886,1507.5108185810718,837.2050436780708,0.1
0.0960280417263736,184.79273187264027,-193.9193002394024,2158.794323631216,1.6997752306351567e-05,2158.7943066334633,1079.3971533167316,1079.3971703144841,605.5503376138942,0.1
-0.0369157029636349,184.49497657107943,-193.85544979674103,2179.9873273300736,1.8505365990253955e-05,2179.9873088247077,1089.9936544123539,1089.9936729177198,607.5067602198575,0.1
-0.025571380961902,184.2824370027001,-193.62831455897305,2861.7323198737827,4.270740883585244e-05,2861.732277166374,1430.866138583187,1430.8661812905957,787.1917910591753,0.1
0.2952567252456177,185.11041036081025,-193.90751134054585,2158.7494093935697,1.730962110247429e-05,2158.749392083949,1079.3746960419744,1079.3747133515953,610.8437606782509,0.1
0.029131686978568,184.976320984775,-194.20443373815093,1689.9046203011285,8.596379127819874e-06,1689.9046117047494,844.9523058523747,844.9523144487538,490.30148378154564,0.1
0.4003753109159707,185.3782642818235,-194.02052052571852,1910.590747890035,1.0373953680401022e-05,1910.5907375160812,955.2953687580406,955.2953791319943,550.9573381648909,0.1
-1.6350429064063483,180.31394414050203,-194.8460808733317,2883.070579489828,8.130011266142443e-06,2883.0705713598168,1441.5352856799084,1441.5352938099197,841.447762973695,0.1
-1.601776262622277,179.33486956845576,-195.11199258337328,3181.9932683537395,6.882737185884861e-06,3181.9932614710024,1590.9966307355012,1590.9966376182383,935.8338874899371,0.1
-1.6663994176884935,179.6777440431003,-195.08611085167504,3013.5793536570786,7.05011583789094e-06,3013.5793466069626,1506.7896733034813,1506.7896803535973,890.009825041598,0.1
-1.675900896278078,180.00470396444462,-194.99348574940757,2923.9552502144725,7.5418300674024925e-06,2923.9552426726423,1461.9776213363211,1461.9776288781513,861.5284522120023,0.1
-1.8308362401203104,179.9152605442751,-195.29681229545184,2683.224849680068,6.368547302279232e-06,2683.2248433115205,1341.6124216557603,1341.6124280243077,813.9332516080874,0.1
-1.760361335151115,180.7236447301648,-195.01345292395936,2576.345152274966,7.514865492008908e-06,2576.3451447601005,1288.1725723800503,1288.1725798949158,768.9222617695306,0.1
-0.6716785818989376,183.28422053445317,-193.94332330906025,2166.6121902042364,1.889133442374917e-05,2166.612171312902,1083.306085656451,1083.3061045477855,597.2278883307574,0.1
-0.6440058517743346,182.9687224656399,-193.69721354642917,2612.0939529616226,3.898745123201837e-05,2612.0939139741713,1306.0469569870857,1306.046995974537,710.5536187736762,0.1
-0.4363916844562784,183.46899163819853,-193.6643712147936,2758.72770599672,4.267033055900408e-05,2758.7276633263896,1379.3638316631948,1379.3638743335252,750.8647432819895,0.1
-0.5149983430342382,183.68848717382764,-193.96439587701215,2049.409422858492,1.5927270205053863e-05,2049.4094069312214,1024.7047034656107,1024.704719392881,567.4476444562034,0.1
-0.2262307091752479,183.90305767807203,-193.64298453679032,2854.1269550290963,4.166705909480125e-05,2854.126913362037,1427.0634566810186,1427.0634983480777,779.3728383602096,0.1
-0.2752545515634313,184.18652050189783,-193.97419432591084,2005.7779624149337,1.4843372047639751e-05,2005.7779475715615,1002.8889737857808,1002.8889886291529,559.1234039872159,0.1
-1.2482123393551257,181.1538474738968,-194.14423357588203,2716.4048192816963,1.851154449922618e-05,2716.4048007701517,1358.2024003850759,1358.2024188966204,751.5008936116686,0.1
-1.073636669022539,181.3381276385178,-193.86275050531327,2709.382162254288,3.591019706730506e-05,2709.382126344091,1354.6910631720455,1354.6910990822423,737.6057154095844,0.1
-1.608304194227666,181.10197632534224,-194.75761349361804,2536.4726341057853,8.547136537843656e-06,2536.472625558649,1268.2363127793244,1268.236321326461,740.2935779514099,0.1
-1.203979765514098,181.64037157839343,-194.1618225579657,2605.652201889309,1.770830260798994e-05,2605.6521841810063,1302.8260920905032,1302.8261097988056,719.7864924003404,0.1
-0.9869330857196646,181.787938591684,-193.8095484649946,2829.7883529704536,4.008737204584333e-05,2829.7883128830817,1414.8941564415409,1414.8941965289127,766.0896640309929,0.1
-1.4210595881477208,181.3984556648936,-194.48024354636496,2514.002265398799,1.0641846279650948e-05,2514.002254756953,1257.0011273784764,1257.0011380203225,715.0521819912353,0.1
-1.8188954262397836,181.11151126840056,-195.1038541996849,2392.8471348667526,6.964509398713164e-06,2392.8471279022433,1196.4235639511217,1196.423570915631,722.3365190647675,0.1
-0.1605901163336975,184.59275706754696,-194.1466033655473,1792.458778354728,1.0627337349097404e-05,1792.4587677273908,896.2293838636954,896.2293944910327,510.06731726261404,0.1
-0.2624207461351693,184.79621398654072,-194.46894983793504,1495.565614236349,6.993240886090493e-06,1495.565607243108,747.782803621554,747.7828106147949,444.69099698162705,0.1
6.107840951296077,191.1158273173577,-196.5324919499911,1199.342486646586,3.1716182370117617e-06,1199.3424834749676,599.6712417374838,599.6712449091021,355.5935407487829,0.15
-0.6296169345974153,183.9148927877112,-194.307343254666,1733.4015350449845,8.74211193258909e-06,1733.4015263028725,866.7007631514363,866.7007718935482,495.2465107419501,0.1
-0.8149804208358091,183.42990555040348,-194.2668131490286,1857.399875890568,9.760444710665712e-06,1857.3998661301232,928.6999330650616,928.6999428255064,525.927712148213,0.1
-0.9290551456677316,182.8581525754226,-194.13782620754043,2146.634994744699,1.408834057897326e-05,2146.634980656358,1073.317490328179,1073.3175044165198,596.2229391712216,0.1
-0.8337459881399417,182.39216256415216,-193.7468008115707,2735.2958187902204,3.7884265420308655e-05,2735.295780905955,1367.6478904529774,1367.647928337243,740.8486717420141,0.1
5.749356451469236,190.97609272418725,-196.4726865751584,1215.9124718018263,3.304672385067581e-06,1215.912468497154,607.956234248577,607.9562375532494,363.97037043582424,0.15
5.888252624234912,191.2246999616804,-196.84985411235087,1181.052601991332,2.774393579629451e-06,1181.0525992169385,590.5262996084692,590.5263023828628,356.35810697614363,0.15
0.203331414360441,185.3147026695379,-194.26467254318223,1639.2920032297577,7.989934901238242e-06,1639.2919952398229,819.6459976199114,819.6460056098463,483.407987973927,0.1
-0.0721752308636919,185.1878818998773,-194.5403905380232,1426.9400290120338,6.817883526015451e-06,1426.9400221941503,713.4700110970751,713.4700179149587,434.3386687295287,0.1
0.1403628205163697,185.5564228412141,-194.5829406606756,1412.2330224290265,6.663156388422587e-06,1412.23301576587,706.116507882935,706.1165145460915,436.6624440408384,0.15
0.0257834190620868,185.8084329514909,-194.9487291011835,1234.494264729365,5.684772492510933e-06,1234.4942590445926,617.2471295222963,617.2471352070688,392.5800320289037,0.15
-1.7792747993817395,179.52192731168358,-195.355209179463,2808.874269246492,6.196728324294387e-06,2808.8742630497636,1404.4371315248818,1404.4371377216103,845.0626244885337,0.15
-1.848213551300251,180.34562144384387,-195.21335605997064,2570.3294210302097,6.774573154627424e-06,2570.3294142556365,1285.1647071278182,1285.1647139023914,779.6007535770073,0.1
-1.688307369166818,181.5993807415995,-194.95170016690173,2240.470124639411,7.227816153351699e-06,2240.470117411595,1120.2350587057974,1120.2350659336137,668.8283402302367,0.1
-1.995151866794976,179.74547942455166,-195.63643082438227,2473.203950995739,5.360905080518985e-06,2473.203945634834,1236.601972817417,1236.601978178322,765.53781637439,0.15
-2.067481991853529,180.2516007525573,-195.59456200488705,2376.9092370387334,5.720245233379033e-06,2376.9092313184883,1188.4546156592442,1188.4546213794893,743.7668592907075,0.1
-2.040161605707876,180.81402196830552,-195.45965447308183,2342.598377678113,6.120971901806295e-06,2342.598371557141,1171.2991857785705,1171.2991918995426,726.3098543438925,0.1
-2.012067996169097,181.40973940296567,-195.41842840612256,2243.9250060194645,5.959037119004399e-06,2243.9250000604275,1121.9625000302137,1121.9625059892508,692.3436470930792,0.1
-1.370592983987903,181.95918864544151,-194.53140145098496,2220.5102216651408,8.51366173187352e-06,2220.510213151479,1110.2551065757395,1110.2551150894012,636.3910649053286,0.1
-1.1017054388946723,182.20156428551627,-194.15643613000069,2306.393576188976,1.5928974440031053e-05,2306.393560260002,1153.196780130001,1153.1967960589752,638.8749201221129,0.1
-1.1344441877628757,183.15550927661928,-194.61408539336267,1768.7476805555225,8.017124584529111e-06,1768.7476725383979,884.3738362691989,884.3738442863236,517.1992129956752,0.1
-0.992255397910818,183.69354372821724,-194.68947646617244,1578.0216051277048,7.344729163143919e-06,1578.0215977829757,789.0107988914879,789.0108062362169,469.9415761220128,0.1
-0.4513413523543158,184.3920491093612,-194.40759468658948,1570.607444001255,7.538771340218467e-06,1570.6074364624837,785.3037182312419,785.3037257700132,458.3672739958942,0.1
-0.8070088797978358,184.2158832587768,-194.76403727765037,1415.5854334268315,6.68261057192364e-06,1415.585426744221,707.7927133721105,707.792720054721,430.0462675020645,0.1
-0.5820018062288947,184.6509270772471,-194.7780973725544,1330.614451471656,6.406594795314953e-06,1330.614445065061,665.3072225325305,665.3072289391254,408.7391602171042,0.15
-0.1835897508442303,185.42900862904563,-194.88431600100336,1240.8807368505368,5.870596860100561e-06,1240.88073097994,620.44036548997,620.4403713605668,389.58387257253094,0.15
-0.3732732302312906,185.0631265810684,-194.82692830599288,1273.6203154724335,5.9173170695486606e-06,1273.6203095551164,636.8101547775582,636.8101606948753,395.0971238283718,0.15
-0.6372301982440612,184.96158074429624,-195.06775402402783,1221.157370174425,5.672772163974258e-06,1221.1573645016529,610.5786822508264,610.5786879235986,386.7459974415059,0.15
0.2561003774467402,186.1964178536832,-195.0205429001584,1242.9176322692545,5.464095147923548e-06,1242.9176268051592,621.4588134025796,621.4588188666748,399.18937234043244,0.15
0.4992196490646757,186.64155386540068,-195.15859504386444,1254.6703774496575,5.194600865660269e-06,1254.6703722550567,627.3351861275283,627.3351913221292,408.2277942540531,0.15
-1.6078331384629805,182.28750267849924,-194.9983472587636,1944.4596019935943,6.518471598241056e-06,1944.4595954751228,972.2297977375614,972.2298042560329,585.8584474510643,0.1
-1.2631329247477383,182.56595941092493,-194.5644420822832,1962.013315993264,8.051853746447027e-06,1962.0133079414104,981.0066539707052,981.0066620225589,567.3327661530996,0.1
-1.4857520956170769,182.90304075145207,-195.0276238754004,1702.6273080423937,6.267267714479562e-06,1702.627301775126,851.313650887563,851.3136571548307,517.847489062971,0.1
5.359809772859271,191.09221789504835,-196.8897083880772,1227.254870259168,2.7336668145421653e-06,1227.2548675255011,613.6274337627506,613.6274364964174,375.86850989913046,0.15
5.550213461622232,191.3664165083146,-197.25784636328348,1329.5267497777504,2.4647027353043544e-06,1329.5267473130477,664.7633736565239,664.7633761212265,392.6065067167135,0.1
5.253348485668183,190.81019376876668,-196.4658127875993,1234.5294098214683,3.164420346215564e-06,1234.529406657048,617.264703328524,617.2647064929444,373.9318514908414,0.15
4.690772789557125,190.58144395036817,-196.4250751387769,1298.785434658216,3.190415636096685e-06,1298.7854314678004,649.3927157339002,649.3927189243158,399.8267192055113,0.15
4.782562519177569,190.9103899165114,-196.8962961758836,1324.651984645674,2.7881890387751115e-06,1324.651981857485,662.3259909287425,662.3259937169315,406.25460389689215,0.1
4.937956863607515,191.225106834804,-197.3111429184665,1434.714953838131,2.3756127916786823e-06,1434.714951462518,717.357475731259,717.3574781068719,425.43891134664096,0.1
4.151825895609334,190.2965905426808,-196.32499274045048,1357.19213640407,3.4271349184350086e-06,1357.192132976935,678.5960664884675,678.5960699156025,424.1603661707549,0.15
3.612428182308126,189.9661496942705,-196.2069985049384,1384.3653815109094,3.696743352349344e-06,1384.365377814166,692.182688907083,692.1826926038264,437.9367072045704,0.15
3.616469195156923,190.30313712309493,-196.67172632890816,1453.747485473871,2.956460132148085e-06,1453.7474825174108,726.8737412587054,726.8737442151655,459.1070497422835,0.1
-0.5047811935092019,185.32126121182168,-195.17361216191787,1168.0021045535275,5.042429634696583e-06,1168.0020995110979,584.0010497555489,584.0010547979786,376.4487518563577,0.15
-0.320039955870785,185.7275692510184,-195.2716179128851,1163.1095823353778,4.777087277689194e-06,1163.1095775582905,581.5547887791453,581.5547935562325,380.7476603891776,0.15
-0.1112638993336261,186.07000483540665,-195.31505621711372,1179.0191533685263,4.700370923650181e-06,1179.0191486681554,589.5095743340777,589.5095790344486,388.22174649578045,0.15
0.1235854891514763,186.4103310824912,-195.3493959863316,1203.8338525023305,4.74475888468649e-06,1203.8338477575717,601.9169238787858,601.9169286235447,397.10924674072623,0.15
-1.9506815988192865,182.0575026463952,-195.4277587933657,2089.350529333768,5.510794851186772e-06,2089.350523822973,1044.6752619114866,1044.6752674222814,640.1650066523366,0.1
-2.3079576074945254,181.1820231041713,-195.83632833022804,2376.04467466022,4.896416930214649e-06,2376.044669763803,1188.0223348819015,1188.0223397783186,738.1704424162936,0.1
-1.842730023691638,182.67216111236863,-195.43807609693968,1881.261147068588,5.338652837972381e-06,1881.2611417299352,940.6305708649676,940.6305762036203,577.6374353660606,0.1
-2.2548497107731564,180.00265239656378,-195.95935679379127,2289.262585136175,4.551597458002634e-06,2289.2625805845773,1144.6312902922887,1144.6312948438863,730.5437061078553,0.1
-2.3064744082222908,180.54139011789292,-195.89800946867223,2347.0640885610023,4.806183657232806e-06,2347.0640837548185,1173.5320418774093,1173.532046683593,739.7647538287983,0.1
-2.5431556317568007,180.26985166555363,-196.3026017148889,2365.331851372008,3.761510283081059e-06,2365.3318476104973,1182.6659238052487,1182.6659275667591,748.6709756436118,0.1
-0.5957837020759867,185.5825243755233,-195.45520291675916,1186.681785015277,4.5411074306899885e-06,1186.6817804741695,593.3408902370847,593.3408947781923,393.2227216842678,0.15
-0.9390001524624264,184.61682082567032,-195.18791990219603,1272.692785488415,5.451504085915753e-06,1272.6927800369108,636.3463900184554,636.3463954699596,403.6591163204364,0.1
-1.7154161453533658,183.27784444266757,-195.47069416913132,1728.3334781228086,4.896539580013052e-06,1728.333473226269,864.1667366131345,864.1667415096741,530.2282486265286,0.1
-1.1598354492480525,184.04648776288653,-195.11480741113573,1403.457566599385,5.916481662648459e-06,1403.4575606829032,701.7287803414516,701.7287862579334,436.48522086360214,0.1
-1.3353942768943383,183.48338025858533,-195.0574214565598,1541.9777766749448,6.186208337142789e-06,1541.9777704887365,770.9888852443682,770.9888914305766,472.9106981063409,0.1
-1.5575341391395066,183.8549267093132,-195.50691423353263,1617.030338198678,4.702295329408168e-06,1617.0303334963826,808.5151667481913,808.5151714504867,496.22954916494933,0.1
-0.916229071710099,185.1398307491974,-195.4930960645153,1263.245153287343,4.420906126815279e-06,1263.245148866437,631.6225744332185,631.6225788541246,406.9194684872649,0.1
-1.2248795485782242,184.81632271340607,-195.62236506135736,1442.682994503207,4.283303666921288e-06,1442.6829902199033,721.3414951099517,721.3414993932554,450.0282128141707,0.1
-1.3684267414943363,184.38035947298863,-195.54139572563997,1508.6287374314295,4.693161858768042e-06,1508.6287327382677,754.3143663691338,754.3143710622957,466.29926435674025,0.1
-2.248186853243203,181.8451357057328,-195.79308110315225,2301.548699576595,4.655835233074584e-06,2301.5486949207598,1150.7743474603799,1150.7743521162151,706.3468474169294,0.1
-2.224150457872541,182.4424371100834,-195.8637551866512,2240.524046103363,4.585777712390449e-06,2240.5240415175854,1120.2620207587927,1120.2620253445705,681.2017544620295,0.1
-2.109888412086612,183.02702048504585,-195.86909014853725,2072.1487177033127,4.0143952144807774e-06,2072.1487136889177,1036.0743568444589,1036.0743608588539,628.4216417420066,0.1
-1.9601074099325992,183.67840674744403,-195.9009762735734,1965.9916245096365,3.877572875122339e-06,1965.9916206320636,982.9958103160318,982.9958141936047,592.3269727523451,0.1
1.0873031057052844,187.59378182224611,-195.47439464660067,1339.2867474142674,4.574870649992279e-06,1339.2867428393968,669.6433714196984,669.643375994569,441.2825819777138,0.15
0.2014637744560184,186.8541731652292,-195.6448261615043,1293.9731726335656,4.06703958251514e-06,1293.973168566526,646.986584283263,646.9865883503026,433.15911177389967,0.15
-0.010171505491281,187.19096044542204,-196.098927108643,1503.153612232182,3.307028156595969e-06,1503.1536089251538,751.5768044625769,751.5768077696051,493.8118897552958,0.1
0.5284984731650219,187.42985843569372,-195.8428554979584,1386.3400018280129,3.722609484902686e-06,1386.3399981054033,693.1699990527017,693.1700027753112,463.816780540667,0.15
0.7414891158920875,187.08726176818067,-195.3258646832473,1289.7298880847616,4.829329159721802e-06,1289.7298832554325,644.8649416277162,644.8649464570453,423.32587560379386,0.15
5.1445648595899565,191.56307284343512,-197.74373095591983,1543.7052443410496,2.273998955427227e-06,1543.7052420670507,771.8526210335253,771.8526233075243,447.8456234032911,0.1
4.720208329433028,191.8163363133501,-198.2622812707021,1721.8453435901104,1.924252522081939e-06,1721.8453416658579,860.9226708329289,860.9226727571814,498.9442351348771,0.1
4.07762700798466,190.65419342177356,-196.8929005636028,1443.8997491938565,2.776700011729696e-06,1443.8997464171564,721.9498732085782,721.9498759852783,445.2085741929169,0.1
3.5774445882896453,190.5904372264065,-197.07296956924657,1589.0123769555616,2.710152624781366e-06,1589.012374245409,794.5061871227045,794.5061898328571,486.73207005627404,0.1
4.423038679822428,191.39898176074783,-197.78097049962489,1680.1542506184348,2.279309312557213e-06,1680.1542483391256,840.0771241695628,840.077126448872,493.02940739623835,0.1
4.264072792184391,191.04963124873285,-197.35715464573488,1569.2559321213714,2.7894144750783328e-06,1569.2559293319568,784.6279646659784,784.627967455393,468.76450896522834,0.1
3.764359135842665,190.84882462938683,-197.315088281289,1658.2709902686752,2.610074372629716e-06,1658.270987658601,829.1354938293005,829.1354964393747,498.7968794172657,0.1
3.0923458684227927,189.61102151476624,-196.09209654478448,1411.1727914175697,3.711353258799049e-06,1411.1727877062165,705.5863938531082,705.5863975644614,451.8438513077149,0.15
3.04132693990106,190.0087861065214,-196.643078323428,1516.8324242687152,3.142558434979375e-06,1516.8324211261568,758.4162105630784,758.4162137056368,481.4164974346597,0.1
3.23541129204718,190.3828143183276,-196.99433743233223,1602.26177303787,2.7771757888796887e-06,1602.2617702606942,801.1308851303471,801.1308879075228,494.4051288639999,0.1
1.5044346110332405,188.1348386181313,-195.6324532813328,1400.286781306637,4.4784327419531385e-06,1400.2867768282044,700.1433884141022,700.1433928925348,460.4428012255504,0.15
1.984428147675224,188.676008753048,-195.80505215948915,1428.6979048269866,4.152264036062343e-06,1428.6979006747226,714.3489503373613,714.3489544896253,466.83678648898433,0.15
2.553357268750921,189.18633545925044,-195.95508886859665,1435.4308142819573,4.023833812647603e-06,1435.4308102581235,717.7154051290618,717.7154091528955,464.98506151919514,0.15
0.8682949374639237,188.01053430922843,-196.0755342333839,1503.4283392890804,3.445203313838287e-06,1503.4283358438772,751.7141679219386,751.7141713671418,501.39579401379626,0.15
3.1963091102636745,190.75753064725208,-197.46743062829648,1819.3740567616967,2.53011669078043e-06,1819.37405423158,909.68702711579,909.6870296459067,548.4229365388386,0.1
3.7230862064454993,191.1954313094301,-197.77519692809025,1809.536241598832,2.3589477600274324e-06,1809.5362392398843,904.7681196199421,904.7681219788899,535.7330565442701,0.1
3.8981902338894,191.63157603856408,-198.263429525035,1903.66594578246,2.3158997782876333e-06,1903.6659434665603,951.8329717332801,951.8329740491799,558.663453109511,0.1
-0.211406053475112,186.41378362873655,-195.67961498791288,1267.0292440718229,3.923969018625984e-06,1267.029240147854,633.514620073927,633.5146239978959,425.57045267375105,0.15
-0.4996698378539397,185.986255347097,-195.64122697178792,1250.4240257037911,4.0772778738132105e-06,1250.4240216265132,625.2120108132566,625.2120148905345,414.3577299309166,0.1
-1.311260513838936,185.22511809623484,-195.93628772773897,1616.3619708650906,3.704766409024359e-06,1616.3619671603242,808.1809835801621,808.1809872849285,497.8046545245694,0.1
-0.2403394313746421,186.77417873116173,-195.97471665386595,1431.664430579225,3.4717221959330507e-06,1431.6644271075027,715.8322135537513,715.8322170254736,470.95583170950323,0.1
-2.589235733654879,180.8917924860462,-196.24199872841004,2548.2310305487194,4.1150671850098125e-06,2548.2310264336525,1274.1155132168262,1274.1155173318932,789.073590399948,0.1
-2.5902708762188875,181.56358786355096,-196.2129825610197,2609.6641106160428,4.117945704760544e-06,2609.664106498097,1304.8320532490486,1304.8320573669941,796.2986793009189,0.1
-2.492268849354662,182.092891398724,-196.1322600616988,2487.056953682068,4.0211729737056266e-06,2487.056949660895,1243.5284748304475,1243.5284788516205,755.1200050015412,0.1
-2.889802245684916,180.5924584168326,-196.6911795732565,2656.8715867225324,3.4286774511470546e-06,2656.871583293855,1328.4357916469276,1328.4357950756048,821.2214591732486,0.1
-0.6871789669296686,186.40087143348217,-196.0922455282385,1548.2777782001288,3.2899699533567707e-06,1548.2777749101588,774.1388874550794,774.1388907450494,493.8007423042558,0.1
-0.9922007204781446,185.7137160126194,-195.9230349337228,1495.402508982334,3.523764049451429e-06,1495.40250545857,747.701252729285,747.701256253049,471.263851229639,0.1
-1.4562573696572174,185.6139159358634,-196.27818864819383,1832.7755638684,3.2436907009519186e-06,1832.7755606247092,916.3877803123546,916.3877835560454,558.1451957127871,0.1
-1.276812767336201,186.1302103790527,-196.4124106445742,1857.2194251263104,2.930408768584729e-06,1857.2194221959016,928.6097110979508,928.6097140283596,569.7409871693442,0.1
-1.5820438379880948,184.70971745326707,-195.93281882045267,1733.6916602772496,3.988805724750059e-06,1733.691656288444,866.845828144222,866.8458321330277,526.4130739093331,0.1
-1.8095686706155,184.22129549755533,-195.9457090830908,1869.9954460170568,3.859626650322366e-06,1869.99544215743,934.997721078715,934.9977249383418,563.3162247827686,0.1
-0.5037690414230139,186.96692406290688,-196.32657496849964,1673.6737468797608,3.135174950659538e-06,1673.6737437445859,836.8368718722929,836.8368750074678,532.9368662649314,0.1
-0.3124508673123657,187.3613391885776,-196.45972746401804,1741.850099443251,2.743345204829684e-06,1741.8500966999059,870.9250483499529,870.9250510932982,554.9211606994961,0.1
-0.7369419765869188,187.3243433765664,-196.7385070816154,1945.0907743989249,2.849245721773952e-06,1945.0907715496792,972.5453857748396,972.5453886240853,607.2153069979332,0.1
0.1702343701612724,187.76853484259647,-196.411520647004,1703.8598419498842,3.0683146793524342e-06,1703.8598388815694,851.9299194407847,851.9299225090995,549.8472852068029,0.1
-0.3693859709411261,187.69774225918428,-196.7399318046255,1908.824924996983,2.833535913980107e-06,1908.8249221634471,954.4124610817236,954.4124639152595,601.6326032787189,0.1
-2.324990713623881,183.41966120481635,-196.2171531968556,2310.4959799239105,3.66763662333529e-06,2310.495976256274,1155.247988128137,1155.2479917957735,689.4280490689772,0.1
-2.611220016757379,182.7576228403074,-196.3728772986363,2608.099651908185,3.582034222273514e-06,2608.0996483261506,1304.0498241630753,1304.0498277451097,780.1805889475229,0.1
-2.3180901008509163,184.0370364251727,-196.3950213742644,2359.304671228116,3.278541247236552e-06,2359.304667949575,1179.6523339747876,1179.6523372533286,699.4849526523103,0.1
4.239718055042212,192.12577482326304,-198.80182789722792,1894.15450670276,2.09110691380785e-06,1894.1545046116532,947.0772523058266,947.0772543969334,552.5075973087427,0.1
2.489267216636383,189.6740970628426,-196.59578902703203,1571.876955645709,3.13364642153931e-06,1571.8769525120624,785.9384762560312,785.9384793896777,502.84997517422744,0.1
2.5631918739389445,190.25596737288316,-197.21376523192623,1800.629110142569,2.6952340692693182e-06,1800.629107447335,900.3145537236675,900.3145564189016,553.6326592086345,0.1
1.3107674075158604,188.5984352258793,-196.28122023738217,1601.8144733561555,3.449592668483335e-06,1601.8144699065629,800.9072349532814,800.9072384028741,525.4347926634044,0.1
1.8814126713284955,189.1670228684132,-196.44361392757497,1595.293263962819,3.208517854248389e-06,1595.2932607543012,797.6466303771506,797.6466335856685,516.761624211688,0.1
0.5933616396422908,188.45855867281276,-196.67585195918656,1813.8867229003497,2.855491188380863e-06,1813.8867200448585,906.9433600224293,906.9433628779204,579.4792498913151,0.1
-0.7821795719409996,187.8863501582878,-197.13664504957487,2135.25347272462,2.641167164550056e-06,2135.253470083453,1067.6267350417265,1067.6267376828937,662.4033982815365,0.1
-0.1391731165890228,188.20793422404407,-196.95740845284757,1988.9327886598985,2.632968402064432e-06,1988.9327860269302,994.4663930134651,994.4663956464334,625.5416360927837,0.1
2.430537285057834,190.8701417981336,-197.93316999344265,2037.451491392532,2.377861092484369e-06,2037.4514890146709,1018.7257445073354,1018.7257468851966,613.5737022261249,0.1
3.1840065899524053,191.32259838782576,-198.1252755964771,2016.5390602174157,2.4967137020134065e-06,2016.539057720702,1008.269528860351,1008.2695313570647,598.0027961342736,0.1
3.3491958745748924,191.9088244841486,-198.741228442017,2087.1715602682625,2.370533237743691e-06,2087.171557897729,1043.5857789488646,1043.585781319398,614.3647933800647,0.1
-1.7804927233964396,185.2208451318058,-196.364559645028,2030.3351616769708,3.1931453174866064e-06,2030.3351584838254,1015.1675792419127,1015.1675824350581,608.964929424538,0.1
-3.3165400981885567,180.9713108800169,-197.145391109965,2975.824358573657,3.0522795994629105e-06,2975.824355521377,1487.9121777606886,1487.9121808129682,900.6559329282949,0.1
-2.9596596564185247,181.3335109888683,-196.6734132482942,2853.0287929043857,3.4435090428017185e-06,2853.028789460877,1426.5143947304384,1426.5143981739473,866.2629087890916,0.1
-2.869136043570752,182.0603329960716,-196.5707257452398,2898.858262168163,3.7206746141824194e-06,2898.8582584474884,1449.4291292237442,1449.4291329444188,870.0008851837855,0.1
-3.221033364602772,182.61720821328407,-196.99498932069324,3188.9994124670698,3.2573764575597308e-06,3188.999409209693,1594.4997046048466,1594.4997078622232,947.4595933759167,0.1
-3.337549029631123,181.7647569276861,-197.0888802863715,3205.347658073675,3.12928330644577e-06,3205.3476549443917,1602.6738274721959,1602.6738306014793,960.1163772375078,0.1
-0.6482975446836948,188.45749808792465,-197.43707231002435,2227.923314272849,2.516538882560442e-06,2227.92331175631,1113.961655878155,1113.961658394694,690.8513432618275,0.1
-1.0778343358551912,186.77741306957947,-196.6382405113292,1946.946541592985,2.661784499527217e-06,1946.9465389312006,973.4732694656003,973.4732721273848,601.298766031303,0.1
-1.835603965100535,185.8081602159638,-196.69150697945403,2195.913271257699,3.1355552787940924e-06,2195.9132681221436,1097.9566340610718,1097.956637196627,658.3042287401942,0.1
-1.688061666083987,186.488685926438,-196.92180429983063,2240.462301456781,2.7858375197363464e-06,2240.4622986709437,1120.2311493354719,1120.2311521213092,677.7654588977011,0.1
-1.430054631950651,187.30716047759628,-197.1928693375013,2289.702352303194,2.4666696819361764e-06,2289.7023498365243,1144.8511749182621,1144.8511773849318,700.5452694238372,0.1
-2.0934188597674344,184.6558545277014,-196.40305299061205,2216.223009027011,3.1893462136380783e-06,2216.223005837665,1108.1115029188325,1108.1115061081784,658.6331209966108,0.1
-2.8844335088574486,183.5419976038021,-196.81050730717504,2875.179345477732,3.140363170674719e-06,2875.179342337369,1437.5896711686844,1437.5896743090477,849.3868006089716,0.1
-1.4518618445734406,188.09641919621492,-197.66348167161527,2427.866817484188,2.825469126372554e-06,2427.866814658719,1213.9334073293594,1213.9334101548284,746.7079459220665,0.1
-1.1855982610560425,188.70592657573025,-197.88866673658967,2391.3057993448056,3.0125591017326517e-06,2391.3057963322462,1195.6528981661231,1195.6529011786824,738.6740126814224,0.1
-2.736031322412538,184.52735390576208,-196.935182621198,2767.502490789855,3.147773456193483e-06,2767.5024876420816,1383.7512438210408,1383.7512469688143,818.1429465584936,0.1
-2.360257220226939,185.25008396839897,-196.87129069397207,2510.8029585301188,2.813156262965825e-06,2510.8029557169625,1255.4014778584813,1255.4014806716375,744.2465045064813,0.1
-3.779978794954765,181.3416837774241,-197.61514864198884,3262.081370836193,2.895170123825252e-06,3262.081367941023,1631.0406839705115,1631.0406868656814,979.6720776589491,0.1
3.6747970831904895,192.4913711315059,-199.3492020318728,2036.0979584123231,2.2195883364394207e-06,2036.0979561927347,1018.0489780963674,1018.0489803159558,599.8696950941661,0.1
1.790655643638685,189.73238986123488,-197.09482669989703,1846.0946271094108,2.6523639431600917e-06,1846.0946244570468,923.0473122285234,923.0473148808874,576.1791570544676,0.1
1.731458453737932,190.33440571659432,-197.71730068794847,2039.266255782483,2.514086725424336e-06,2039.2662532683964,1019.6331266341982,1019.6331291482849,623.7714462273952,0.1
1.6527807915995678,191.0253500055,-198.39695124570315,2176.1642957294857,2.440866739943278e-06,2176.164293288619,1088.0821466443094,1088.0821490851763,659.6793993521197,0.1
0.8902150752147312,189.7383113000172,-197.5904661580177,2094.523530475269,2.296217446418974e-06,2094.5235281790515,1047.2617640895257,1047.2617663857434,649.3208171340854,0.1
1.128222840271344,189.13039706737808,-196.916457273436,1867.6198083348925,2.810778351721272e-06,1867.619805524114,933.809902762057,933.8099055728354,591.5617551949776,0.1
0.1758663042375072,189.0317812600507,-197.3932383260292,2117.647135082392,2.530463370511904e-06,2117.6471325519287,1058.8235662759644,1058.8235688064278,660.5378714115751,0.1
0.8687074177124768,190.4272569362712,-198.18529696089547,2186.8483900442566,2.313825793138944e-06,2186.8483877304307,1093.4241938652153,1093.4241961790412,671.2714050109844,0.1
-0.0837150136407184,189.84134181650455,-198.13448761397007,2297.63560710539,2.21861151676156e-06,2297.6356048867788,1148.8178024433894,1148.8178046620008,711.8773031065404,0.1
-0.5847852131256666,189.09991998178756,-197.84114919261077,2328.467695846003,3.3118587196522063e-06,2328.4676925341446,1164.2338462670723,1164.2338495789309,722.5222121435171,0.1
2.4826560525873136,191.54377296287032,-198.5992755396704,2176.2222679647957,2.4905481500177505e-06,2176.2222654742477,1088.1111327371239,1088.1111352276719,649.0027681163052,0.1
1.6816115397584297,191.81454530328452,-199.10603948958203,2252.5856757879646,2.281452151719397e-06,2252.5856735065126,1126.2928367532563,1126.2928390347083,681.4907662395716,0.1
0.7853680515660874,191.24235520934025,-198.8948907939872,2252.5534787777965,2.8788241359386e-06,2252.5534758989725,1126.2767379494862,1126.2767408283103,690.3354414065575,0.1
2.688114383884891,192.2465259715271,-199.25810425775865,2240.9673027768367,2.6226189577898207e-06,2240.967300154218,1120.483650077109,1120.4836526997278,667.2470889175308,0.1
-3.651755610818465,183.24658297206668,-197.47737440224927,3481.6780020641727,3.0289171777987058e-06,3481.6779990352557,1740.8389995176278,1740.8390025465449,1033.3199395890535,0.1
-3.792970393504686,182.26571317142543,-197.5576416595497,3504.698668174236,2.903398257397712e-06,3504.698665270838,1752.349332635419,1752.349335538817,1045.0416420704971,0.1
-4.336565273060624,181.8052527375348,-198.14035784238607,3540.3897091927925,2.6325040921226205e-06,3540.3897065602882,1770.1948532801441,1770.1948559126483,1062.2793636486176,0.1
-2.5146380419485985,186.14538996775448,-197.35434538049384,2699.3778622913824,3.1437290657470326e-06,2699.3778591476535,1349.6889295738267,1349.6889327175556,808.3819749155602,0.1
-2.0485108687002604,186.91686433505524,-197.38835859504948,2520.4055969043466,3.1358194888698318e-06,2520.405593768527,1260.2027968842635,1260.202800020083,762.017044387599,0.1
-2.5883848802749694,186.95282446100703,-197.75439362859967,2738.3757439220435,3.501761848109421e-06,2738.3757404202815,1369.1878702101408,1369.1878737119027,829.2181765652523,0.1
-2.109567115969334,187.5928094756452,-197.76754633359147,2585.923507542215,2.689531946067832e-06,2585.923504852683,1292.9617524263415,1292.9617551158733,788.2581999310311,0.1
-4.349364430741126,182.8562139286309,-198.0914376011129,3776.1932973314033,3.209970444593776e-06,3776.1932941214327,1888.0966470607164,1888.096650270687,1129.4841644315575,0.1
-3.4324330467703312,184.25080230918644,-197.4565732932604,3233.241724671805,2.9794082474288987e-06,3233.241721692397,1616.6208608461984,1616.6208638256066,957.3288848835408,0.1
0.1631555932603784,190.6371795765929,-198.63473991553724,2264.292332813309,2.691042518271434e-06,2264.2923301222663,1132.1461650611332,1132.1461677521756,696.5362055752676,0.1
-1.2755787607351408,189.5890421027185,-198.48816035043288,2435.8386569516056,3.2111771370855578e-06,2435.8386537404285,1217.9193268702143,1217.9193300813913,756.6714923457221,0.1
-0.5793713485247974,190.4081026716256,-198.7496648653876,2339.341415331582,2.810970064670067e-06,2339.341412520612,1169.670706260306,1169.6707090712762,724.1257491450706,0.1
-2.1040085866490306,188.5836452047539,-198.2882069768944,2608.7008692304325,3.0893769164320483e-06,2608.7008661410555,1304.3504330705277,1304.3504361599048,804.6515549208932,0.1
-0.3430560071852344,191.3213368597333,-199.32542917957508,2285.3536509990354,3.131713098847566e-06,2285.3536478673223,1142.6768239336611,1142.6768270653743,707.1385497644969,0.1
-3.104329483387272,185.3150881151388,-197.48249435752783,2988.658297324129,3.2655983850903925e-06,2988.6582940585304,1494.3291470292652,1494.3291502948637,888.4022367862932,0.1
-3.4173356243999127,186.43286053514203,-198.0830910664517,3128.855919027996,2.709690961747702e-06,3128.8559163183054,1564.4279581591527,1564.4279608688435,945.7438982265523,0.1
-2.4797935749419717,189.72820822061092,-199.0920589784201,2629.5836450767624,3.251523561977172e-06,2629.583641825239,1314.7918209126194,1314.791824164143,818.8328325901765,0.15
-4.215069852079094,183.98233602206005,-198.05954724755696,3666.308623321642,3.257342162140661e-06,3666.3086200642997,1833.1543100321499,1833.154313289492,1096.0116923422524,0.1
-5.003352739429536,183.5096877012033,-198.67981426380027,3872.8166404702456,3.550237603956817e-06,3872.816636920008,1936.408318460004,1936.4083220102416,1170.9011697658698,0.1
-4.991305876536417,182.32438955627092,-198.72011241989603,3656.453082722858,2.9105377094081536e-06,3656.4530798123205,1828.2265399061603,1828.226542816698,1105.7054364459877,0.1
-3.039307456446104,187.5961584469121,-198.31138322773108,2935.145293159041,3.436647713824372e-06,2935.1452897223935,1467.5726448611967,1467.5726482978444,897.6731956070571,0.1
-4.006691275411762,187.41850874017112,-198.80286380857703,3162.7229764009558,3.096519066945015e-06,3162.722973304437,1581.3614866522184,1581.3614897487373,969.7253519983816,0.15
-4.869742800279028,184.81830377826557,-198.6972651322424,3748.941485428282,3.544048045636202e-06,3748.941481884234,1874.470740942117,1874.470744486165,1137.8658730272618,0.1
-3.951245896185628,185.192462867891,-198.08484043577133,3463.8721980044534,3.7269924235429488e-06,3463.872194277461,1731.9360971387305,1731.936100865723,1039.4447413320445,0.1
-1.5164798795388374,190.66270247311047,-199.2715986890404,2405.7742010279167,3.136958092334985e-06,2405.7741978909585,1202.8870989454792,1202.8871020824374,751.5377656155965,0.1
-3.4194634572247287,188.59793201861555,-198.9621289112421,2872.21341409818,3.4845084133248284e-06,2872.2134106136714,1436.1067053068357,1436.106708791344,886.999588366248,0.15
-4.520942665363004,186.15085281161728,-198.72896445416072,3482.382739128097,3.5051401227019897e-06,3482.3827356229567,1741.1913678114784,1741.1913713166186,1062.083113320806,0.15
-4.613674208200671,188.54279350555785,-199.5570572367052,3157.447371129376,3.35588582554334e-06,3157.44736777349,1578.723683886745,1578.7236872426308,959.5392680468908,0.15
-5.258493524383582,187.31113656489717,-199.51429007408728,3462.109112583363,3.6682377309655927e-06,3462.1091089151255,1731.0545544575627,1731.0545581258004,1047.1832787439505,0.15
-5.599585757272168,185.7178267758491,-199.3731962045027,3760.973363074173,3.487507821226524e-06,3760.973359586665,1880.4866797933325,1880.4866832808405,1134.1568669936216,0.15
-5.755921615820793,182.9097224342516,-199.35877503867067,3819.095812250913,3.5427826908464263e-06,3819.09580870813,1909.547904354065,1909.5479078968478,1159.6258933004772,0.15
-5.769078685653165,184.25832089209536,-199.33466165402837,3996.080635844784,3.5453329862699e-06,3996.080632299451,1998.0403161497254,1998.0403196950585,1205.3242700774942,0.15
