x_mm,y_mm,z_mm,TAWSS_vector_Pa,OSI,RRT_1_per_Pa,mean_WSSx_Pa,mean_WSSy_Pa,mean_WSSz_Pa,mean_WSS_vector_magnitude_Pa,peak_WSS_magnitude_Pa,t_peak_WSS_s
9.193898110331066,1.757732833549721,1665.4742932616457,0.6902245918951061,0.105122401189865,1.8344973069786807,-0.0600961114601947,-0.1939229009983443,0.5058908952543948,0.5451084589744897,2.781327531523089,0.2
9.203824995887032,3.926195718160781,1662.5828841702016,0.6574551682295823,0.1436170879029348,2.1339635076489123,-0.0485568603792818,-0.150013565823429,0.4412878532953869,0.4686115748538487,2.7361733638190238,0.2
8.83330246115959,4.914863187516724,1663.7816106000096,0.6523092220378492,0.1560488952449608,2.228536631586427,-0.0382778418451835,-0.1647824516049805,0.4156147685266215,0.4487249551236367,2.720446279486881,0.2
9.065619584767168,5.38808501604536,1661.7566087243613,0.6531022082726844,0.1567999366382352,2.230701671887366,-0.0412077295868968,-0.1478613463319789,0.4211916024487754,0.4482894385217875,2.7998077903513687,0.2
9.065079772803909,3.1442535764478614,1664.2329655250776,0.6903328794576978,0.125806854335139,1.9356000190558411,-0.0527277698261438,-0.1840116973158741,0.4798665296501792,0.5166356634403145,2.809424965076622,0.2
9.7784499034861,1.3814511299259244,1664.0054632813335,0.7038174833996708,0.1037340856575583,1.792764469074148,-0.0643088193774567,-0.1788610867575031,0.5244153175759403,0.5577977571791336,2.8439255719600585,0.2
9.727286409253333,2.472343405725032,1662.3170453997157,0.6791878126757318,0.1300631451413633,1.989997450708359,-0.0537995766034533,-0.1484971778660684,0.4770468703277127,0.5025132065591542,2.792176476272504,0.2
9.630823127561545,5.709171353931671,1657.5976885732675,0.6593952738904085,0.199075531158098,2.519803481373768,-0.0416775151859543,-0.06900128285368,0.3885830237443506,0.3968563451046633,2.8433585807989976,0.2
9.466444353275412,6.262318693441268,1657.9298686419595,0.658324906215931,0.1985514737017318,2.519512708773436,-0.0392644139713725,-0.0694571703106216,0.3887998462918136,0.396902145608476,2.9071961474264008,0.2
9.606626322219416,6.581638890929886,1656.40955033,0.680797032228521,0.1976683406709758,2.4292304863408267,-0.0382357233824748,-0.0627793704527527,0.4050369941338428,0.4116529928398477,3.040708511174198,0.2
9.688032691653282,3.5832529737141,1660.645260873115,0.6628640356378624,0.1462779200400182,2.132472197464375,-0.0506371274237396,-0.126375446129322,0.4487417814610414,0.4689392908329843,2.764207098767518,0.2
9.28515337874068,5.858650726313678,1659.7304163767328,0.6428620325341505,0.1740337652051258,2.386050390791856,-0.0401799861353685,-0.0942537321461849,0.4063850627650442,0.4191026324754739,2.833843736537669,0.2
9.656383822645491,4.713205263812066,1658.999575331579,0.6486329640474325,0.175923544417071,2.378611465237525,-0.0426523265226433,-0.0921447306317889,0.4079675322983522,0.4204133439254827,2.757980272354505,0.2
9.672836448761249,9.926375366128855,1652.9063860778456,0.7185312995204772,0.2388398296918175,2.664510096683859,-0.026305451274608,-0.0430483936700207,0.3718972788118632,0.3753035131090549,3.439430184903127,0.15
9.78797608810548,10.50363135660806,1652.5197227736194,0.8677730962298951,0.2163136846955712,2.031072548703228,-0.0431432788274164,-0.0660241276080636,0.4859924774815468,0.4923507043795488,4.102167187231912,0.15
9.68681189897,9.70332172804,1652.33902884,0.7516598313068337,0.1864498167707231,2.121493000679832,-0.0374371336168505,-0.0700841902435536,0.4646210499004197,0.4713661556646901,3.808788719650671,0.15
9.632704882904708,9.270648775230566,1652.9057720110231,0.7244423791671155,0.2512223064862863,2.774308286822511,-0.0247578720796141,-0.0364665894575478,0.3577451443692631,0.3604502083455644,3.425071277353844,0.15
10.170683619097108,11.750391157565751,1653.472288325951,0.7805305606186653,0.2532250162689559,2.5958462170348517,-0.0414973147503677,-0.0618231738379218,0.3779664834111695,0.3852308327965077,3.505842580930568,0.15
10.58421219236022,12.504754758008614,1652.8583939089615,0.8840894037609843,0.2036762301921998,1.908566641671628,-0.0789279801676292,-0.1093297634282605,0.5063048020335805,0.5239534099391704,4.183084849968546,0.15
10.091889322787182,11.511893732012826,1652.710617350882,0.9079672379188712,0.2621217596531606,2.314968622522721,-0.0431260258469992,-0.0698396784076699,0.4241011285636593,0.4319712976974422,4.001297093777784,0.15
10.596102889394778,12.54557046707643,1653.5403209554725,0.7486319586250046,0.2456134052029854,2.625472172183066,-0.0481838669047491,-0.0673047240881979,0.3717807298275958,0.3808838694216688,3.5064149075694373,0.15
11.1012175674,13.2468539961,1652.93781284,0.8684930588011608,0.2047595385671803,1.949969314145149,-0.0817471429827673,-0.1052356531445242,0.495213102939525,0.5128285828633113,4.0958477911585245,0.15
10.963491792390794,13.060509473640382,1653.79756434773,0.7464217515114226,0.2282312038823906,2.4648252089784704,-0.0580748972791641,-0.0832493395100444,0.3928053761634236,0.4057082816085134,3.528973454021851,0.15
9.759671810032025,10.57022512168589,1653.4065176287424,0.7369899293937943,0.2425961566640702,2.635684506988852,-0.0262221267346177,-0.0373814574720509,0.3766503927657156,0.3794080806516763,3.4118465151563258,0.15
10.48945716578688,12.387965031444152,1654.1673816647603,0.6960911405459353,0.2186813149546232,2.5533204244794114,-0.0473236862285182,-0.0719943321428054,0.382053098741917,0.391646888660238,3.2667528078197376,0.15
9.845626892907308,10.98591458031769,1654.1639275249338,0.6615125529497774,0.2257846350762692,2.756386592945734,-0.0253998156746998,-0.0305185165559049,0.3606145028894813,0.3627938122175039,3.01988226963702,0.15
10.05329375215194,11.558229321626186,1654.4755387063333,0.6740064913799612,0.2301396724045721,2.748950260813693,-0.0298483184016791,-0.0440631551880078,0.3598609879692473,0.3637752251304825,3.096707859914722,0.15
10.220137574275014,11.940416837297963,1655.0848970179563,0.6591572018114106,0.2213378019689011,2.722092910548961,-0.0358756375984619,-0.0633418586581007,0.3600796331020734,0.3673643894095926,3.055910395302581,0.15
10.80574528288812,12.833792169780358,1654.8244658174146,0.6993309461882689,0.2230288269320239,2.5813844361048908,-0.0472750238410111,-0.0746327629784776,0.3771806987978666,0.3873890250570049,3.264475778737045,0.15
8.803916941987099,6.772717512555152,1662.5958721846298,0.6036557713901118,0.1828214568673646,2.6114207293390703,-0.0320040293335763,-0.129117369486437,0.3590854657246178,0.3829333162462457,2.5928000765220798,0.2
8.836902928072139,8.739639609389942,1665.5158982207276,0.551254722175976,0.2420070829263147,3.515684534757327,-0.0395369088523334,-0.1097022598489191,0.2594381406037148,0.284439627649648,2.3842683008198957,0.2
9.596225523392263,10.449242818576222,1665.0083948603408,0.52947060671241,0.2630256788474325,3.984986560077264,-0.0482310396482976,-0.0966610151125483,0.2264999772552845,0.2509418751918228,2.3520078362721835,0.2
9.762020228307096,10.88386612696424,1663.1769739715205,0.5321806329104253,0.2664242942433172,4.022381595613784,-0.0323858266338784,-0.0745411688785708,0.2349493016856983,0.2486089338441813,2.3859710274588477,0.2
8.929576180127029,8.895291291015916,1663.4373636172568,0.5603461397817787,0.2272684323704652,3.271735686828368,-0.0353448237803964,-0.1125587307655846,0.2819611225655507,0.3056481622356858,2.4569249590712965,0.2
9.579973921963148,9.944499310658165,1654.5072948242023,0.6740674168679458,0.2248097021705953,2.695464096450345,-0.0240624062756276,-0.035807704069839,0.3684767018012096,0.3709936264099749,3.1445407449711507,0.15
9.599132102039404,9.59199859462219,1653.5775929817314,0.7122915457847583,0.2136013511645022,2.450988366403024,-0.0283166032862541,-0.0309438954092188,0.4058368664152991,0.4079986725794057,3.389248966848177,0.15
9.595908983244302,8.790288050273949,1653.528895676296,0.6888118548453296,0.2308201807499115,2.696664352516449,-0.0274524356528277,-0.0374397979710057,0.3679108622805112,0.370828501169168,3.1736885081021464,0.15
9.542859801320196,9.101913185275048,1654.1019837433876,0.6884323256847296,0.2216851533021445,2.6095905758423523,-0.0277997185673275,-0.0445645881641825,0.3795851019859698,0.3832018743695872,3.2028067922632664,0.15
9.57708440347738,8.188756944113141,1654.3055189916372,0.6553835037897247,0.2274960277334687,2.7996365915269457,-0.02726276467188,-0.0380981960467034,0.3541036646917004,0.3571892162813144,2.9538698327814377,0.15
9.466876847625189,8.818302502565222,1655.0619010861403,0.6541103060711055,0.2252177768588258,2.7818286754311834,-0.0261061025334453,-0.0463871036458176,0.3555130601294919,0.3594757681635444,2.9740093668981515,0.15
10.622613867551491,12.5577244549041,1656.0483185841426,0.6545253056829968,0.2338218138928731,2.8699286578089507,-0.0317496258738869,-0.0643838781172899,0.3409657034618004,0.3484407172558257,3.054300128062964,0.2
9.93199535861037,11.387024944822947,1656.2168711794384,0.6346013733228155,0.2301572443793919,2.919834484917464,-0.0251433937851621,-0.0500170171320536,0.3378789681003178,0.3424851665961016,2.906516428230644,0.2
10.411037633802271,12.220618125796896,1657.5121693027506,0.6122381761397504,0.2451738305282833,3.204834239036056,-0.0240387134466731,-0.0490455022826051,0.3072109010106661,0.3120286184600855,2.844949348734584,0.2
9.48821659941724,9.876335814106096,1655.9139290615992,0.6246987600331081,0.2358247482065124,3.02975304333103,-0.0219234802239132,-0.0287579515514612,0.3280729823764662,0.3300599044536516,2.823046322974831,0.15
9.381841617601722,8.258910459406904,1656.2446143153602,0.6283804424379802,0.2262873294203951,2.907049605671278,-0.0296250651121277,-0.0509622958545001,0.338903036444491,0.3439913780793865,2.7739615538773585,0.15
9.827392683819948,11.032992524399898,1655.0739707793782,0.6134211432007092,0.2372323472238139,3.101982630444892,-0.0190267810508989,-0.0303612923321274,0.3203770764274818,0.3223744679242701,2.8454079351937898,0.15
9.301570746470736,10.012360987432457,1661.5965763572722,0.5368268940121732,0.2478824462855764,3.694304209251989,-0.028820841556488,-0.0765827063052598,0.2580230262193445,0.2706869665729224,2.378444720438746,0.2
9.947693890631731,11.32642520478419,1661.313022345257,0.5403659475755447,0.2591424740091631,3.841685514864313,-0.0306728797856405,-0.0659089408330669,0.2499450557408455,0.2603024105254798,2.456088066302203,0.2
8.98951097992156,7.222777115509103,1660.657173476205,0.6057349742123945,0.1922713430840878,2.6823745078466144,-0.0341043784716158,-0.1021744514740389,0.3569035027212925,0.3728040201227497,2.6475753792995778,0.2
9.142244158451009,7.541987942844615,1659.0476813229157,0.6083813986528174,0.215120271604576,2.8849117381327605,-0.0315063434906199,-0.070400557006213,0.3379411196268804,0.3466310552180855,2.6647465462386686,0.2
8.945248972373598,8.416562553391476,1661.4803848871102,0.5495333100655126,0.2306470282227659,3.3779577277679955,-0.0261811308306123,-0.0785736499443744,0.2842156796995823,0.296036860313452,2.359801584812021,0.2
9.620761463465236,10.674976600758272,1657.5728980737092,0.6021248295387109,0.2343268619765748,3.125617447258814,-0.0240468690406186,-0.0458997836458965,0.315712693626182,0.3199367858907385,2.7396255984167013,0.2
10.165563656124448,11.783444327269608,1659.3797299682203,0.5654749454404904,0.2502482488810346,3.5403654595681773,-0.0304889358987649,-0.0598692206409493,0.2743499543242157,0.2824567156753277,2.600744274494878,0.2
9.320688195255231,9.18149670211893,1657.123790491519,0.5930923451837273,0.2381793336738053,3.219910214163253,-0.0256471247455321,-0.04810205015286,0.3057461249782379,0.3105676660179379,2.5894677635724515,0.15
9.229303894691988,9.17446925271642,1658.4886033888663,0.5757063634325815,0.2391215309527952,3.329129869358454,-0.0252927895850435,-0.050223292040124,0.2950683189851446,0.300378789426051,2.480655626194464,0.2
9.454628773145954,10.348537455912291,1659.623998749701,0.5608949878957699,0.2424618162116073,3.4613603657392766,-0.0271379628815853,-0.0597386036671029,0.2813542405498809,0.2889037529573781,2.526152148855218,0.2
9.092516309991463,8.897152092878574,1660.094216656703,0.5555901486729165,0.2402432417279889,3.4645641893050887,-0.0264543319945431,-0.0692849065973064,0.2789459664825284,0.2886365918942829,2.383096919426664,0.2
9.274319931797612,7.838349470254346,1657.599580785493,0.6173155868873877,0.2250067452358367,2.945375840976416,-0.029307895440712,-0.0592037622703158,0.333026370313101,0.3395152449096248,2.6928677666739205,0.2
9.582401044151416,7.444325829032753,1655.2705790130674,0.6590356914380657,0.2141808856068692,2.654420970761448,-0.0309504664051163,-0.0469629686853455,0.372507768517586,0.376729995360585,2.884071051068267,0.2
8.583748219627934,6.61764712374497,1664.793156135657,0.6015206580314718,0.1876950739494503,2.661586732073744,-0.0380930651607633,-0.1598114301805645,0.3378927853258384,0.3757157292487936,2.4947802124053724,0.2
11.267104376066994,13.461837801842778,1654.5607054764562,0.6250968972286796,0.2510782693630318,3.213363448527858,-0.0393280741686378,-0.0622594672336892,0.3023619554721022,0.3112004029479239,2.836066717073531,0.15
11.319117373120044,13.551031924665534,1653.7451928089238,0.6731104456797924,0.2788282665092332,3.358567276967768,-0.0535488659166065,-0.0703040617924581,0.2843282315487455,0.2977460082034846,3.039546711375232,0.15
11.1012175674,13.2468539961,1652.93781284,0.868488884529906,0.204770623641231,1.9500519028901024,-0.0839678214320248,-0.0993379809602671,0.4960365407550119,0.5128068635085742,4.101345798361022,0.15
11.75318645220973,13.9865158821459,1654.0444837737266,0.6570045346680061,0.2686067236544009,3.2889017647331418,-0.0375665283412123,-0.0579367844856682,0.2961084748482012,0.3040528637014913,2.961466677595278,0.15
11.711955795818977,14.013783937233027,1653.0039709992689,0.7919353517910334,0.2289372416269781,2.3292195180461515,-0.070379200340623,-0.0846049243866524,0.4149838758208308,0.4293283618191739,3.6066633071774303,0.15
17.025310615806365,16.186482832629867,1653.1477304735442,0.6954436975615739,0.2372462181345251,2.7362706556851664,-0.0209831897233235,-0.0590437595929021,0.3600489225108862,0.3654609232176261,3.237212163345992,0.15
16.6097112387,16.225027575400002,1652.54146609,0.8131726615340216,0.2611624975125183,2.574451495100159,-0.0248504930874157,-0.0645027901020589,0.3822322067780726,0.3884322551437679,3.4809103046359646,0.15
16.068979981672094,15.97993408823286,1653.5124291646368,0.6920176390283891,0.2803160182337528,3.288928622311817,-0.0299125416505783,-0.0531921444434152,0.2978631727473635,0.3040503807884681,3.088088798595208,0.15
12.17673291557712,13.270168892690055,1661.695245364877,0.5504931988327724,0.2913841839328442,4.3538234631062975,-0.0409878792253367,-0.0593970083465322,0.2180512563927382,0.2296831758278356,2.441506087389228,0.2
10.961160566749191,12.58706681715083,1660.4283680793365,0.5581215870675719,0.2685887053627618,3.871298255049123,-0.0319706456975969,-0.0622491367520082,0.2486516421794543,0.2583112780565937,2.540602119642592,0.2
10.904000065601188,12.258840434682044,1662.449658994141,0.5457631320952304,0.269978656100333,3.982884141826457,-0.0375875628825409,-0.068458070000679,0.2386189243675319,0.2510743381908727,2.487048032084055,0.2
12.03696043731254,13.46871549118061,1659.8872845829994,0.5552260716299234,0.283905830420735,4.1673224338290895,-0.0294177747648,-0.0535534333741156,0.232052791257812,0.2399622337552516,2.4446347329224,0.2
13.392875180051258,14.092382091358258,1660.274175965448,0.5717027250927862,0.2934097278691063,4.2334055446565095,-0.0381458600695194,-0.0532296239668234,0.2269575037035462,0.2362164431097843,2.5213616922082944,0.2
12.403845035421584,13.070993219378597,1663.642859659603,0.5457786161511817,0.2961262910765063,4.493577794196403,-0.0531888159605251,-0.0641549438689622,0.20634695337141,0.2225398214517464,2.421238806358564,0.2
11.6703932377211,12.363815533801676,1665.3175679884998,0.5271659273361813,0.2913491532981106,4.545718317327194,-0.0679217805583008,-0.0756129874225975,0.1950991826275482,0.2199872341821618,2.3112830239335143,0.2
10.74613952462768,11.876849349746958,1664.1025124786347,0.5416692459465887,0.273394918230236,4.073485556588006,-0.0496015674992062,-0.0768471504999302,0.2278147136678117,0.2454900075397862,2.4483865862746708,0.2
11.202408951091869,13.34316645777367,1655.4041698516996,0.5788991334000625,0.2520490816009301,3.4833842483960424,-0.0224716949107564,-0.0479796908426766,0.2821458108089733,0.2870771435739423,2.6304507681051,0.15
11.236311295478414,13.036237659397475,1658.803608042192,0.5733360223282935,0.2612153118297156,3.652197884828636,-0.0355034066894495,-0.0607177441700102,0.2646196039817663,0.2738077266169055,2.592440126917633,0.2
12.597616155032847,13.986577228368684,1658.6068498947243,0.5747847052503519,0.2825298568272706,4.000047611949467,-0.0257386687500392,-0.050380806598165,0.2435114112534317,0.2499970242885781,2.508390406321014,0.2
13.937390385351252,14.60074657154759,1658.4499762177895,0.5815917921605046,0.2850866648013701,4.000261400205804,-0.0294125609307268,-0.0504009357292215,0.2430771050127037,0.2499836635547248,2.569907543882401,0.2
11.695796991686551,13.660332793872684,1656.7749826575202,0.615728919473251,0.2483588473570987,3.2269986712308034,-0.0342499002202516,-0.0657400539302253,0.3008890064058879,0.309885470023634,2.7960825983267004,0.2
12.993634736542091,14.477061696643382,1656.7083991618558,0.6027869503258217,0.2626409195779591,3.49462284640777,-0.0283151182093758,-0.0557243619440437,0.2792438202917728,0.286153912439487,2.675389161013773,0.2
12.1211885786206,14.166007326124015,1655.1935299705233,0.6474103432215736,0.2433083408500811,3.008698113408377,-0.036420847902123,-0.0652493761193385,0.3238605232080644,0.3323696703047282,2.931488982354084,0.15
12.510580867492209,14.585342808314111,1653.8958037507127,0.6858004777995512,0.2674173818436119,3.1346926526791417,-0.0577072898123562,-0.0711152417571469,0.3055817673962309,0.319010541319043,3.0534432251073684,0.15
12.775943894293542,14.86014393617966,1652.9957636609236,0.7736437494485003,0.2356081949533727,2.4444490713226057,-0.0659232034612467,-0.0820800536947214,0.3953121986334235,0.4090901347594593,3.413959438368188,0.15
13.336535679021836,14.868438316803166,1655.1765447058146,0.6344354647639663,0.2593975967418488,3.2755376177547566,-0.0327933308871408,-0.0590094455577539,0.2977356879128575,0.3052933950688248,2.793484982624394,0.15
15.631353453899235,16.018953284102256,1652.693258827121,0.7927233084601247,0.2522810548306743,2.5461803040957447,-0.0391847637516603,-0.0671826257277799,0.384967287693829,0.3927451635657601,3.414170029349023,0.15
16.844332001444855,16.033113783149187,1653.968303020234,0.6431660402772879,0.2382817749079469,2.9703862971485417,-0.0257505925650227,-0.0563699428941971,0.3309032615529754,0.3366565490017114,2.940618712508836,0.15
17.416029134185916,16.136340303682577,1653.7453579147696,0.6633405435665285,0.2118406957953462,2.615777592712818,-0.0062611616309793,-0.0598623694859155,0.377527671975289,0.3822954989697353,3.129102855826404,0.15
14.381813001197274,13.837332516907994,1663.7180064530216,0.54020761683754,0.3310035542064183,5.476861140183204,-0.0537760560956109,-0.0474826337923574,0.1679026647048352,0.1825863344723304,2.3318482946337027,0.2
13.421662879109723,13.758164384847452,1662.3235865930917,0.5366986763423137,0.3091677660850206,4.881887261002601,-0.0490703008344226,-0.0531895358963901,0.1916296398035933,0.2048388146912324,2.329621600694638,0.2
14.773842145638968,14.27724769071638,1661.8642821054934,0.5545691358129624,0.3198214317673913,5.0039294418389,-0.0464647103306993,-0.0453487800876636,0.1890019095297743,0.1998429457535493,2.418773680460319,0.2
16.255307782316933,14.27509728584672,1663.5686181688725,0.5410326410997917,0.3692141546095114,7.066197845064453,-0.0329461170077525,-0.0305924324035881,0.134187308014527,0.14151882270017,2.279174715584656,0.15
16.25613762837538,15.80101720994531,1654.834697123244,0.6477617957770503,0.2525810113671395,3.119763313760075,-0.0346520134812943,-0.058555534884532,0.313232411072481,0.3205371367723266,2.892260190552392,0.2
17.218374919858935,16.000045785970077,1654.469855133628,0.6275458009252016,0.2453711069669431,3.129081640249574,-0.0060569214138186,-0.0524010936646212,0.3151990924332554,0.3195825852342543,2.868476342852023,0.15
17.89545344569998,16.056960703500256,1654.52276638,0.649045890669688,0.2344497860946328,2.9010014384897964,0.0091941480998663,-0.0528445042822105,0.3405097804634452,0.3447085502034704,2.994893184774602,0.2
13.685169687263372,15.199173835757149,1653.9815337187,0.6615371308170985,0.2867706497436519,3.5446127512208223,-0.0513081562817095,-0.0611748569927256,0.2705842299574413,0.2821182651491573,2.8665618647310995,0.15
14.269217678684612,15.59480751911778,1652.8699976775604,0.7741595166456452,0.2709352560128212,2.8195597134033514,-0.0561751122908242,-0.068413568527132,0.3434405589505308,0.3546653029713456,3.2360910124154563,0.15
14.81321767683088,15.4132700955824,1655.1800612113398,0.6301501469046447,0.2627106399101447,3.3438570059760004,-0.0368237311507374,-0.0575954607578047,0.2911377290672632,0.2990558502390629,2.759351869229106,0.15
15.09456578006214,15.707358129142802,1653.826255127991,0.6708829798362633,0.2844467356584199,3.457551248933368,-0.0439317350378968,-0.0570665632414384,0.2801121099698499,0.289222032589826,2.930201731427933,0.15
14.438043112780711,15.067547511408886,1656.6200764894577,0.6016742349026788,0.2706132229155253,3.6227653928322714,-0.0310638102813316,-0.0533938662129397,0.2690314576283425,0.2760322271981852,2.673349697694157,0.2
15.600914091771994,15.130072437574825,1658.089503539038,0.5904209758438976,0.2936574446058448,4.104114054652645,-0.0270679490642864,-0.0463228194404851,0.2376777589460151,0.2436579458278811,2.634342785668887,0.2
16.622906271613743,14.706823933305376,1661.5472723596276,0.5551674713128208,0.3525998926090565,6.110098234653792,-0.0222766600478441,-0.0324988424951771,0.1588499718020618,0.1636634897829365,2.3740451454980858,0.2
15.213028262914076,14.716536836474466,1659.9855869765788,0.5682156336252836,0.3108188099665325,4.651348422125458,-0.0341040363408567,-0.0444641570200965,0.2075600248534163,0.2149914195297038,2.5099481496652696,0.2
16.99470290207973,15.121767274729924,1659.524791997893,0.5716307325342518,0.3354214527512364,5.314730047790099,-0.0142623785902603,-0.0340710075057352,0.184495388536156,0.1881563110464673,2.4766438816199576,0.2
17.36544947026406,15.517681729455097,1657.501327339159,0.5993635812602404,0.3093967516339871,4.376725968541494,-0.0075385471896869,-0.0389107939278017,0.2250173788759596,0.228481291080977,2.629534477064781,0.2
17.673586265934613,15.834851163487006,1655.789711467057,0.6238095442509608,0.2761533049677102,3.5806947749513647,-0.0029510232464773,-0.0460660675274439,0.275434136052472,0.2792754096203529,2.765025493164591,0.2
16.025952899502414,15.50952221219983,1656.3478582160467,0.6131719025274421,0.2722183683458975,3.5798848618607635,-0.0272437445678637,-0.0507771597373033,0.273330400624437,0.2793385928843021,2.758379205183736,0.2
9.85264130519465,7.8341911954454595,1651.8332795361057,0.781612218083464,0.2054175101366296,2.171559513785682,-0.0322558702323883,-0.0510280124413416,0.4565244924669241,0.4604985466213168,3.918461728490654,0.15
9.9605112521,7.3356970004700015,1651.68514401,0.7746492128802029,0.1821579503368231,2.030736466922124,-0.0353540932978349,-0.0476449472313489,0.4888450736837331,0.4924321871836207,3.908954657674996,0.15
9.87055138955606,7.58011929032616,1652.1566770422494,0.7249811539646678,0.2320845210382374,2.5742189395534925,-0.0286665057637154,-0.0313411288922412,0.3861383743619864,0.3884673462053906,3.535671244196833,0.15
9.76505215741926,8.047611995919032,1652.4406850129824,0.7169219241631564,0.244978974357952,2.734778484864422,-0.026621336059198,-0.0312195066059279,0.363351239078206,0.3656603288107173,3.46926766778616,0.15
9.74469853163196,8.46193490677437,1652.0140135334968,0.8004763459851624,0.2599047898323823,2.601584911746296,-0.027231851788572,-0.0462053438085592,0.3806209423671838,0.3843810730470284,3.805130460428938,0.15
9.670948756441296,8.62148792455166,1652.7405123772824,0.7044300482073202,0.2609443999110997,2.9691573219894307,-0.0234194602731807,-0.0332585437500716,0.3343304855512419,0.3367958957897077,3.298368646266133,0.15
9.681330739812928,9.192968501078877,1652.2113553606816,0.8112562953551755,0.2790684297023768,2.789678433665645,-0.0255243276384153,-0.0477236839900026,0.3543551614333682,0.3584642544933026,3.778868544756369,0.15
9.68681189897,9.70332172804,1652.33902884,0.7548875110363207,0.1898160301281078,2.1353467776167108,-0.0359609870275214,-0.0752193474500806,0.4608267021059075,0.4683080099599155,3.8098370177779066,0.15
9.713418294783086,7.913233699717431,1653.2468925295375,0.7008103257575943,0.2174958792883082,2.5254846037185685,-0.0304724695574831,-0.0361763677189678,0.3931283241465546,0.3959636097276468,3.287433131871605,0.15
9.924997408106371,7.274379496170875,1652.2187374269142,0.715488822755163,0.2001907761810157,2.330892049910097,-0.0313381274673627,-0.0373835855960374,0.4262379672281376,0.4290202972027685,3.5598016199782303,0.15
9.833266274480335,7.586469928491022,1652.554517042788,0.7007969826905749,0.2111666192677741,2.470190217283577,-0.0318997681065826,-0.0248162092195082,0.4028046181752573,0.4048271234349238,3.3956028814191246,0.15
9.878880517547138,7.186211743380866,1652.8964992619296,0.7006751059412467,0.1997231750356711,2.3764654315287723,-0.0328965456923453,-0.0326269820001738,0.418234431491547,0.4207929922871646,3.347770905157848,0.15
9.678982339696402,7.5565378421465885,1654.1936927246832,0.6733212072015712,0.2204330365590653,2.656206661995018,-0.0319645736081522,-0.0397004740876706,0.3730105455630233,0.3764767306354552,3.057298319226448,0.15
9.814370810242997,7.051495209224388,1653.8067683676595,0.6986434478741314,0.2062576962050153,2.436396220999954,-0.0354537645823157,-0.0337584207697434,0.4075122796929433,0.4104422718196372,3.189865321577216,0.15
9.723912897138783,6.850113478071465,1655.0002149835373,0.6975406985723299,0.1999566553105655,2.3890016755065995,-0.0370671302632902,-0.0556681275950622,0.4132074494921286,0.4185848885132929,3.1498791673219597,0.2
13.646155638799998,0.3641305494789928,1649.25378615,0.7039857404194211,0.3348705994812781,4.301121765730999,-0.0751182759202748,0.0920858357254516,0.1998312406676501,0.2324974865783751,2.9442385976408367,0.15
13.589623680338672,0.4339789122259844,1649.2944129121886,0.6883568163677528,0.3325595848928635,4.338065399277661,-0.0748337910364047,0.0912039614392164,0.1980405512360429,0.2305175021488869,2.9048588651417058,0.15
13.6139531142,0.404311364681,1649.17688122,1.037757487807116,0.3768447864435299,3.912202506867784,-0.0725878580313443,0.0887644422639331,0.2284482420274554,0.2556104900614225,3.777887883745597,0.15
13.53347686626578,0.5043409263553998,1649.218858343923,0.9666724497025584,0.3421593964279055,3.2769659596584018,-0.0573662660823024,0.0684786036055612,0.2917920780758312,0.3051603258351338,3.845447766742444,0.15
13.624789481625214,0.3894802982140516,1649.4019789267254,0.6751951278659127,0.2487185367171474,2.947000788917868,-0.0472538694680671,0.0545287232172054,0.3315678038207787,0.3393280394631986,3.3031404851846093,0.15
13.354835957020615,0.7230043417221051,1649.4891300321724,0.6678203086818377,0.2668331435149081,3.211024096719402,-0.0391056841070528,0.0413513725696111,0.3061824016987907,0.3114271241444955,3.21790479241958,0.15
13.244996602166545,0.8639913379912644,1649.369603307313,0.7435083918381501,0.2311296413890646,2.50115843724508,-0.0188482677275606,0.0126618990191781,0.3991694404005783,0.3998147358875265,3.485580193848659,0.15
13.41665465492888,0.6496972971414134,1649.279831503595,0.8353651476854138,0.2896575365353853,2.845553113514309,-0.0395985630879593,0.0434926800988105,0.346468239501365,0.3514255261132631,3.627632938782594,0.15
13.50540993722696,0.5372627259832694,1649.4005472021793,0.6774751371168505,0.2703437804498392,3.213648930977324,-0.0496773070620926,0.0567516835410698,0.3018938500324212,0.3111727576589654,3.270747896135382,0.15
13.232749960498625,0.8705811387871134,1649.6616364204394,0.6309941078006015,0.2409923450379209,3.0593706830551053,-0.033724944179756,0.0304888959654695,0.3236873916763808,0.3268646083126462,3.1030655682377786,0.15
13.4200579938759,0.6366102521446626,1649.683504828645,0.6725006142292675,0.2124493605476233,2.5856097768942905,-0.0175192215890734,0.0101374682884629,0.386225949109473,0.3867559633074839,3.397428968730062,0.15
12.993662785667308,1.1807026963625125,1649.5017863867856,0.6807240730146333,0.2651836503332165,3.128027501385565,-0.0225903698396407,0.0152138927142025,0.318528005497498,0.3196902839112023,3.087562591869797,0.15
13.593733952390622,0.4243425385604423,1649.615987287791,0.6918439378585112,0.2093800938130272,2.486775077525309,-0.0281586316431825,0.0260657368114854,0.4002923762545504,0.4021272406329327,3.4662648107743737,0.15
10.039177089428156,7.0072424177229164,1651.585813899874,0.7486677688608262,0.1422835109697055,1.8669896408497264,-0.035918765338852,-0.0573089763790856,0.5313342019666875,0.5356216114540775,3.945203319333508,0.15
10.037338346787388,6.871929305833294,1651.9372933187228,0.706991122223756,0.213326440038751,2.46699576747141,-0.0290020114153861,-0.0366639192743024,0.4026466639788137,0.4053513237377651,3.535607397351328,0.15
9.9605112521,7.3356970004700015,1651.68514401,0.7691705162612732,0.1784395278641561,2.0215510738301754,-0.033149740263516,-0.0500643357915979,0.4910119531718266,0.4946696687238914,3.897583693553876,0.15
10.046345607212873,6.623431341664342,1652.4447776847735,0.6942313285551774,0.1947835020219963,2.359705426002216,-0.0306546731166481,-0.0416523714697994,0.4206142038829762,0.4237817097764562,3.3785211678636142,0.15
10.16195431118523,6.358375317120898,1651.9352821004518,0.695941405988928,0.2085936441393982,2.465461971785375,-0.0305892611186781,-0.0315159475495327,0.40321860046772,0.4056034980234741,3.409945315391492,0.15
10.185492887159697,6.457719584231024,1651.416950005104,0.7554460078032362,0.1876270135594103,2.118815318781228,-0.0396057484344111,-0.0248131348779193,0.469642078530254,0.4719618511042359,3.753501921196014,0.15
10.308647089288009,5.887142454305714,1651.7684257320398,0.6913447922267814,0.2517665104921431,2.913499421857221,-0.0307882903167046,-0.0117520205830036,0.3416441252233121,0.3432298604550764,3.228888226488165,0.15
12.9765173679763,1.179805971553553,1649.970888493172,0.5840293399683795,0.2245386888959966,3.1079550477474114,-0.0273019227120134,0.0165523220230359,0.3201669718452394,0.3217549754217911,2.924511457100804,0.15
12.629241039626995,1.6515168209433442,1649.6963687072864,0.6522779133541671,0.3070003515106069,3.9717400213753913,-0.0313595078139604,0.0252112038495093,0.2485428507344321,0.2517788159894981,2.865056025221472,0.15
10.84495213811049,-0.810650928058706,1665.2176874237496,0.788883201851631,0.067215808428775,1.4644883022815718,-0.0930406550440802,-0.1973403120526342,0.6470396171930812,0.6828323575149552,3.176594768444087,0.2
10.429249388685692,0.3516068119931812,1663.944947843272,0.7182101324862441,0.0911193358991779,1.702636358427838,-0.0712813622321028,-0.1752920584436876,0.5560051230897832,0.5873244718698297,2.90493741879395,0.2
13.286612444546844,0.7886260733351992,1650.015556672991,0.651626334617283,0.2046742046197233,2.5981845421420866,-0.0131980167855421,-0.0019855142644816,0.3846526543213619,0.3848841311231668,3.198959022542511,0.15
13.548096261819005,0.4714974058106564,1649.9276193377402,0.691289052991022,0.2011764525854176,2.420446611171349,-0.0156695119381116,0.0044321094966271,0.4128258458407855,0.4131468942072888,3.372586542635464,0.15
10.009264932296034,4.879097922873164,1656.5500151730466,0.6503692200393852,0.1989165771947397,2.5534254371559832,-0.0427205090821065,-0.0554902600455433,0.3853186451875994,0.3916307817132912,2.71760414824683,0.2
10.49938234285226,1.0855134222645253,1662.2238716659722,0.7182166263548093,0.1094289503863786,1.782438281250935,-0.0719893261071367,-0.1455278764655325,0.53702233271592,0.561029243210704,2.9112513176497594,0.2
13.087858202115486,1.0054122577443565,1650.4969031188248,0.6522984545961221,0.2024806786344032,2.5763714624888125,-0.0317264697931767,0.0111645291286168,0.3866828255364972,0.3881427870785315,3.083287363013778,0.15
13.480750169291992,0.532765224210438,1650.3816117636443,0.6925294519839431,0.1968758664471951,2.381832637194363,-0.0094735037595659,-0.0116018877715087,0.4195775117604979,0.4198447801848631,3.2729080456326027,0.15
10.07063291971528,6.253442482553687,1653.0926766919567,0.6710832487393649,0.2051217293403035,2.5266834466144728,-0.029594914768099,-0.0432716508581046,0.392288335579545,0.3957757357139096,3.135099677908258,0.15
10.26443612784331,5.8198917179057705,1652.3910701702605,0.6587979577514446,0.2185854765437583,2.696939803961982,-0.0275743751329549,-0.0353568231339153,0.3680696098832321,0.370790626669136,3.0941349076422253,0.15
10.408505348706758,5.156416028496992,1652.9909141730204,0.6532691616288635,0.2270863544849088,2.8044816091326776,-0.0305383592455586,-0.0261369983111287,0.3542992445375396,0.3565721368054408,2.9223579139964992,0.15
10.13236052044816,5.568535827763513,1654.176174688855,0.6716330052791533,0.2110840858643346,2.5767157371659675,-0.0343914640266636,-0.0399430542248244,0.3844949252285536,0.3880909273678214,2.8934360803354835,0.15
9.971218370886888,5.562236530345988,1655.432174662422,0.6680957682969952,0.2037406114494668,2.526150153045452,-0.0386644317259022,-0.0514034667628281,0.3905986698867457,0.395859287617733,2.840655059046048,0.2
10.576998968554364,5.024907014976647,1651.9154058271472,0.6842037704621889,0.2656709242284062,3.1185905718513234,-0.0308661373051054,-0.0094425087132561,0.3190289402429906,0.3206576743436888,3.072063963959581,0.15
10.82770104744031,4.21909459938614,1652.56092712428,0.6591843718810613,0.2355874302947439,2.868672730202833,-0.0357784942409336,-0.0135423553887828,0.346487763142029,0.3485932673572331,2.926861245312666,0.15
10.42614282692088,5.691511401727389,1651.1736701162663,0.7791723627795032,0.2624939773405678,2.7018537532361835,-0.0341805619277862,-0.0118630417600527,0.368343591827281,0.3701162576998241,3.50657862679928,0.15
10.847413812011371,4.61270110701381,1650.813968870378,0.7831708476399899,0.304687631148867,3.268765336082036,-0.0400991150068515,0.0203029115929312,0.3026062016727081,0.3059259069354323,3.3467005567048176,0.15
11.119878393040494,3.836491259248005,1651.5610732092698,0.698056206913291,0.2813493771018805,3.2758868474005163,-0.0329480900643744,0.0008160469454238,0.303476429580995,0.3052608489189792,3.0521856829977985,0.15
11.467953248213648,3.380600201339609,1650.3741237199338,0.7265462548854391,0.3795601788729182,5.713952608548605,-0.0563333754782203,0.0785955531541805,0.1458693272109169,0.1750102019579068,2.865896807485077,0.15
12.61823947111554,1.6091392849233035,1650.4473065168268,0.6187136972786086,0.2594987817635464,3.3601834857635136,-0.0489765336886294,0.0400535456473495,0.2907996505133133,0.2976027958701714,2.8439734633931515,0.15
12.11472103299208,2.359272888655691,1649.981946029973,0.7346055612691961,0.377899282869314,5.574392925718465,-0.0526479113827229,0.0604309810920559,0.1604920164551312,0.1793917316783178,2.982631409999813,0.05
10.207638068105952,2.336699557616725,1660.6728008565915,0.6738526627248207,0.1379764240632571,2.049595701839043,-0.0534610298220707,-0.1301304806199316,0.4671781896490339,0.4879011012282709,2.795218399688151,0.2
11.236069196731862,-0.3662463256941048,1663.2572580443116,0.7595101649902877,0.0836932583561737,1.581331673523284,-0.0935983676167292,-0.1604038613188869,0.604493501024783,0.6323784040649432,3.1002259882730274,0.2
11.976717438639485,2.4062968436336734,1651.2847091623191,0.6458447492020271,0.2859945484872673,3.617570759852724,-0.0485117696801256,0.0353119536822941,0.2698378066311165,0.2764285943202148,2.764220029276248,0.15
10.1250928552113,3.8841440816104,1657.8975609980057,0.6560562827608273,0.1782414248487572,2.368638452699868,-0.0465469474205227,-0.0758728370099106,0.4126930775117117,0.4221834695202893,2.737966451771833,0.2
11.391683426368038,3.08239905465026,1652.6840755021694,0.662857674776674,0.2214536643650065,2.708022483228824,-0.0330906544057603,-0.0216755727878273,0.3671482526855156,0.3692731527131496,2.8675160807654154,0.15
10.760959683259951,4.038530129719338,1653.6906570425067,0.655597215221316,0.2166356340698186,2.6914583832002124,-0.0378453726627085,-0.0218416159377226,0.3689673928998705,0.3715457783935617,2.8426654818276877,0.15
10.611536553969271,3.9318857848902176,1655.0071766014862,0.6601815194788825,0.1994803830882748,2.520193080754598,-0.0414855846419742,-0.0500550635450996,0.3914328865352034,0.3967949946519888,2.6938981785548086,0.2
10.557591785722556,3.454857897565747,1656.5872512990345,0.6441551766640609,0.199561594272857,2.583592732996634,-0.041536558889667,-0.0615021430207896,0.3798763289767824,0.3870579086356731,2.647032230121341,0.2
10.297309306121852,2.827427685272896,1659.2849550431072,0.6688213778558147,0.1473174987568224,2.119707546385599,-0.0581014546660799,-0.09897277377049,0.4575905605995871,0.4717631928541941,2.7822210173758237,0.2
11.616949245766744,0.0229920513032724,1661.2830247796492,0.748413935221045,0.1046199433574844,1.689714689888352,-0.0837560257953951,-0.1301554923627418,0.5712184533749973,0.5918158881994895,3.072665873560668,0.2
11.040454272918996,1.2639258234749833,1660.026749669346,0.7161500170621393,0.1248581959145068,1.8611035395661395,-0.0697563294255549,-0.1164900790104963,0.5198770914323968,0.5373156187930953,2.950099171439907,0.2
12.75343025704072,1.344751725159597,1651.3317250723712,0.6621817866476648,0.2094503202510125,2.598797091049043,-0.0411900748919064,0.0101448100323436,0.3824479448883875,0.3847934120921826,2.994893171335527,0.15
13.38083754800762,0.6069535497322736,1651.0432523591874,0.6783813106557703,0.2028133394085264,2.480086439557758,-0.0296136166680222,0.0016994523719208,0.4021192149585031,0.4032117526429107,3.046477755333308,0.15
12.40604395970527,1.6583940954275176,1652.292051491895,0.6723749692504939,0.2153763929859721,2.6126879891758104,-0.0567413179443491,0.0150951632157525,0.378217222468466,0.3827475780280432,2.862875633318901,0.15
11.052856356279287,2.0208457063943066,1658.0404169785377,0.6972593306391824,0.1464805740561471,2.0284410288593104,-0.0604565912044846,-0.0863171557354308,0.4815941588183339,0.4929894366031177,2.9557405219341755,0.2
11.609709297508168,2.356489060958333,1654.279445823439,0.7061597232917786,0.193637008622679,2.311163975889437,-0.0491449559327165,-0.0278889980568125,0.4289767422532449,0.432682410435701,2.9644091965219457,0.2
11.416633609821492,2.215639227876625,1655.8322440419845,0.7022543096569698,0.1716874279442866,2.168643065069268,-0.0563511934387376,-0.0574954974961568,0.4540357591916688,0.4611178372813782,2.986945066332052,0.2
11.987697545950988,0.3431935942914713,1659.294548029781,0.7377531006263903,0.1242273900902763,1.803573475805856,-0.0825083333406058,-0.0967415699667293,0.5396791516799246,0.5544548161827393,3.033619599822649,0.2
13.231646128195376,0.6848963169149662,1652.007583341056,0.6963041234516094,0.199158048088365,2.386891289013221,-0.0462051125351342,0.0041223284610694,0.4163788803131557,0.4189549832466044,2.993945030148246,0.15
13.007282701934274,0.7394980076023865,1653.4118926710423,0.730237523347975,0.1934936960156654,2.2339139888019446,-0.054874975609755,-0.0111726928094417,0.4441281151597399,0.447644808624124,3.025048152948287,0.2
12.34805460796822,0.578681698538574,1657.2926210622124,0.7273839549059222,0.1458518202891562,1.940980952570275,-0.0685051473580383,-0.0703240650979407,0.5057629102697128,0.5152034071616136,3.019804427895328,0.2
12.694055634728215,0.7143050281213993,1655.29593639237,0.7376447946744583,0.1706633968006154,2.0581769987258305,-0.0747187173366544,-0.0253915410578336,0.4794152590406346,0.4858668620915871,3.0534931388012847,0.2
13.681244845708813,0.3179917700097478,1649.560733755707,0.6837607594343602,0.2162634987617662,2.5772148309412604,-0.036677080611278,0.039155232337324,0.3842888213121141,0.3880157711318059,3.40654684999955,0.15
13.700619485073956,0.296166321238846,1649.3837053266527,0.6710707483370031,0.2518249656465873,3.002227544359517,-0.0415023378255328,0.0485516888373148,0.3269045439965265,0.3330860120442122,3.311055570511426,0.15
13.776998200606288,0.2008150537857034,1649.565594808655,0.6803820441921181,0.2147936168367007,2.5766647695403697,-0.0325117179398904,0.0349983948733709,0.3851475392225825,0.3880986039865721,3.3849561103937065,0.15
13.701695522644275,0.2892969496322417,1649.7578433777735,0.683563571383622,0.2092086562549828,2.5154148463098744,-0.0268255429042445,0.0232041858386263,0.3959633263584157,0.3975487389155727,3.326047415855153,0.15
13.687722617017505,0.295655216572085,1650.1106483903386,0.6971896037569659,0.2036257724787513,2.4197955117763734,-0.020032654607718,0.0090540647849358,0.4126729228182162,0.4132580604986325,3.303741076708087,0.15
13.829520503197562,0.1274849081536856,1650.0377141307135,0.6999627181981597,0.2058283031518136,2.428254541889339,-0.0157563159484037,0.0063144801020329,0.4114684608411493,0.4118184410856431,3.3198818738243503,0.15
13.87581373321604,0.07732989481566,1649.8004028458593,0.6886280349141216,0.2047656174017983,2.4593388563774217,-0.0265246673207436,0.0249390093569532,0.4049801236335228,0.4066133454553671,3.316484699128569,0.15
12.107585713951986,-1.8112824112137424,1664.398383565862,0.7782489622543997,0.0634610148349744,1.4717309383231278,-0.1170472298536458,-0.1635583827603963,0.6490229836629398,0.6794720243765398,3.063919789554935,0.2
12.538776560885966,-1.462095857430316,1662.5269178484973,0.7724381862181058,0.0767462328496351,1.5293448914200465,-0.1115614520698149,-0.1379352396220799,0.6293489441212551,0.6538747444152166,3.077514339189192,0.2
13.05295871587338,-3.151700491823439,1665.409399681473,0.8200567940298639,0.0498976894949888,1.3546117270034106,-0.1594789518887231,-0.1553287365893544,0.7038512731118017,0.7382189154763475,3.173805211911921,0.2
13.464527114652071,-2.7500728404549912,1663.5291097401523,0.8067196637946196,0.0634609345917909,1.419790438157129,-0.1422636411677831,-0.1371606444855637,0.676038291395788,0.7043292961586557,3.188595112526284,0.2
13.827927842371365,0.1153170520288186,1650.4178443386015,0.7202234506183398,0.2013272324565702,2.324379947723542,-0.0258837021066303,0.0120149770268418,0.4292748180778732,0.4302222624917165,3.313414488432817,0.15
13.70414807763423,0.240438513931039,1650.8124604347563,0.7032714006528921,0.1962143727824531,2.340344686384269,-0.0273740886990383,0.004198035505561,0.4263890622431469,0.427287487103003,3.195979083303722,0.15
13.996199666360786,-0.0734018449023376,1650.0857141035474,0.7186665589992036,0.1967297613014366,2.2941022693398603,-0.0281561427560927,0.0221377834213142,0.4344263713072018,0.4359003577847273,3.3811011096766577,0.15
14.142635628373494,-0.2573611502358336,1650.4316917757408,0.739288796744309,0.1973980608201012,2.2350341980697515,-0.0296641720994902,0.0190180665999384,0.4460307236568852,0.447420447017604,3.346423545674773,0.15
13.872207933070747,-2.5092552310572462,1661.8969849965358,0.7977292623389268,0.0790726872912432,1.489043463341588,-0.1284763188281298,-0.1128590632344284,0.6494349171792682,0.6715720693309266,3.1962702579576603,0.2
12.968305837609591,-1.148618991711129,1660.5549144511197,0.7674275438184353,0.0966924386476207,1.6154601802858948,-0.1026760062535328,-0.108995535233254,0.6006344274751372,0.6190186624241185,3.087906921638429,0.2
14.363073093836205,-4.02301494725132,1664.5373937186018,0.8292174192241024,0.0628211796070789,1.3792483521394034,-0.170653877689318,-0.1191442688432578,0.6945172053532417,0.7250325863713107,3.2635886723330114,0.2
14.495356228875544,-3.4673008511719248,1662.8258177989471,0.8189200590329727,0.073717205389692,1.4322891136869815,-0.1440727020907242,-0.1150445556551537,0.6733998780095999,0.698183062654028,3.285033968290342,0.2
15.23997114719016,-5.215979015391047,1665.226812217683,0.8223803527710856,0.0696076531336788,1.4126440284108672,-0.174076172269958,-0.1027636446306264,0.6784163898473395,0.7078924200918012,3.24987601690409,0.2
15.232512339806853,-3.630539443139605,1661.2087180194123,0.8038520251998371,0.0917835111438442,1.523713625455646,-0.1235706362090612,-0.092461826035811,0.6378866532756868,0.6562913025739752,3.289993221062134,0.2
13.801341062447891,0.0667802985118907,1651.5944893888154,0.6944237203324548,0.1996022680458998,2.396893887036972,-0.0411726009396239,0.0113188638269102,0.415015740703479,0.4172066212059955,3.001775159942195,0.15
14.0256547483908,-0.139330849131742,1650.8562573351924,0.7175249927871076,0.201491125750413,2.3344024197655173,-0.039692335566177,0.0215698933294021,0.4259865399373093,0.428375155685645,3.155117984702283,0.15
14.320908453484252,-0.4825361053526136,1650.851361964306,0.7241866095644537,0.2025635827312584,2.321268472234649,-0.0313676371964772,0.0165519355779465,0.4293365026116678,0.4307989411656962,3.163610882295297,0.15
14.336974413053795,-2.2831743668362408,1659.9347220525783,0.7856530146052871,0.1031179081618675,1.6035323282559448,-0.1059197892813731,-0.0911315188840845,0.6077680229790821,0.6236232237909624,3.223143949267176,0.2
13.386873066146292,-0.9051369667307356,1658.5345233027028,0.7601224223355206,0.116191767818327,1.7138474991991053,-0.0915878786579069,-0.0790218068585303,0.5708055941928352,0.5834824863164944,3.109603333216353,0.2
15.65110972134744,-4.752340658714203,1662.989821682837,0.8113877430056143,0.0813843723915268,1.4720620756548868,-0.1475398153181952,-0.0931505374775184,0.6565283897909802,0.6793191785442355,3.275636118053089,0.2
16.234770786057442,-4.76993497306356,1661.2453244458145,0.8008793491759189,0.1045181367018983,1.5786154074236671,-0.120321663609637,-0.0796283763986678,0.616815891518759,0.6334665145781267,3.3115231211391296,0.2
16.413036972190127,-6.14639485183707,1664.3210321760964,0.7952761953619412,0.0900688387597191,1.5337023690666207,-0.1432418132430557,-0.0849833933139951,0.6303854052468953,0.652016988542946,3.246578699398014,0.2
13.92856923465219,-0.2006043173306427,1652.730838263292,0.7096480538608804,0.1967943520191646,2.3237515975841445,-0.0507643615487311,0.0027150780134146,0.4273253036868573,0.4303385960184539,2.9028458251103624,0.15
16.27984400682806,-4.355806001752192,1659.8805360001782,0.7842538780250008,0.1183102460438149,1.6703321005392695,-0.0993219635409012,-0.0737689020272897,0.5857602219586877,0.598683339485093,3.2969272585415395,0.2
15.47223531715706,-3.2467544240012987,1659.2618122602462,0.787312618032664,0.1168656077893091,1.6575691459825432,-0.0979460227428228,-0.0725551771189212,0.5908509682074687,0.6032930827795051,3.283394424429711,0.2
14.318796693972551,-0.5466670418271631,1651.8683252754674,0.6881071237629123,0.2090568111877426,2.497501489120524,-0.0442352717237607,0.0152765186293952,0.3976558287950371,0.4004001616640246,2.8878574584706107,0.15
14.218386573647594,-0.3882526773216748,1651.283745855434,0.6987525888666372,0.2046255999827571,2.422555424805279,-0.0336817394630378,0.0113009855137792,0.4112555710476001,0.4127872533939563,3.003928994749279,0.15
14.538080307614312,-0.7592212632072388,1651.3604133833066,0.7053769706869865,0.2052880781748828,2.4051990477559198,-0.0257215574066952,0.0045896202901564,0.4149442227824707,0.4157660052846822,3.032109300339636,0.15
14.765909390256695,-2.135147015435567,1657.9847622788463,0.7832178361109965,0.1217225719257839,1.687629109115891,-0.0876007369632505,-0.0674380993553217,0.5821429942980716,0.5925472573318413,3.252948210639257,0.2
13.870475326283533,-0.3731332562214464,1654.2764837077266,0.7353431351103494,0.1724139289238635,2.0756519635832515,-0.0619295930713661,-0.0182949660106973,0.4774290090257556,0.4817763370472159,3.02909830943971,0.2
13.922646592451793,-0.8482585355760357,1656.2997129821777,0.7695332945974729,0.1349180362519246,1.7797221749646397,-0.0758403746232286,-0.0519626556669332,0.5543134329727548,0.5618854527223432,3.1726217728031543,0.2
14.57785148055716,-0.8937187674898945,1652.481910236476,0.7118637736104892,0.1983523824076023,2.32848375439417,-0.0362474729693874,-0.0041284470293011,0.4279117005168215,0.429464022719876,2.930547983648,0.15
14.801580094043198,-1.0994841788247978,1651.9748956952703,0.6995825259220888,0.201346868357738,2.39311725453352,-0.0259348584153406,-0.0022900884594126,0.4170531347986794,0.4178650244176714,2.964817609425118,0.15
16.75802311913955,-5.781973326960101,1662.3040390073118,0.7866364078918688,0.1057556697231927,1.612243018527752,-0.1212945036109475,-0.0753729284711543,0.6035904655741877,0.6202538876013665,3.2732056398664158,0.2
17.047191056387177,-5.487607017289162,1660.4701727408858,0.7773573185954668,0.1214256091491979,1.6990183930980267,-0.0979645021638957,-0.0727524568038488,0.5757870610589318,0.5885751467213833,3.309074137051437,0.2
14.581544102828524,-1.0198635452994531,1653.509647904742,0.7199363824562258,0.1850660732533709,2.205242910964383,-0.0486893684217738,-0.0082696419299543,0.4507674218871242,0.4534647838694043,2.942510222901667,0.2
17.26612166020824,-5.272338732324456,1658.9581716359764,0.7718349437295089,0.1318214141598028,1.7594909700127082,-0.0802656779221129,-0.0733284563352416,0.5578510169737885,0.5683461961687575,3.3494558820399503,0.2
16.6381228005349,-4.296686390564942,1658.28979900117,0.7686163107562106,0.1331164951040441,1.7730958841440596,-0.0788160306220656,-0.0643713600186531,0.5547285560904566,0.5639852920208756,3.275672929266064,0.2
15.946956513479511,-3.2683618319828227,1657.4599632095396,0.7783557979841862,0.131709413937782,1.74421983770123,-0.0770696946606051,-0.0567857184312116,0.5652734021543344,0.5733222260090425,3.281263845823302,0.2
15.122880839099365,-1.5232213952502045,1652.7194695241385,0.7032121198631138,0.1999962732019057,2.370047266555129,-0.0370488351022872,0.0002743888962692,0.4203026937493585,0.4219325133770445,2.8808598342094247,0.15
15.371086794304071,-2.340022604717274,1656.2115700846657,0.7679890828648244,0.1391941206276731,1.8044354557109057,-0.0644973954039222,-0.0485577510523372,0.5482779719852228,0.5541899527827795,3.253720811840089,0.2
14.8499114734518,-1.5094774515911498,1654.8012009449762,0.7534440241585004,0.1583589871976303,1.9424462537344989,-0.0597225341206558,-0.025953107505256,0.5106798324001681,0.5148147590068064,3.155056174369604,0.2
15.511507581409148,-2.053187576912327,1653.6128402856805,0.7129387203437391,0.1953226173134351,2.301853002441708,-0.0379670770124218,-0.0126786504428001,0.4325846074652913,0.4344326066604785,2.983584268729663,0.2
17.423865997099323,-5.122388365390592,1657.76423055,0.76213248841099,0.142675954746499,1.836019490093596,-0.0693646927902985,-0.0611884456362602,0.5367450479737778,0.5446565275562637,3.341686278422235,0.2
17.016377135366582,-4.400985080530847,1656.9465406362897,0.751047205509439,0.1455445771243758,1.878197009464445,-0.059928829120858,-0.0550498418522684,0.52617009957385,0.5324255096568081,3.2632161475917507,0.2
16.52961212230665,-3.585117185229491,1655.903126275563,0.7460848006099356,0.1533059543991433,1.933015911847589,-0.0522601986778588,-0.0428178392129901,0.5128957216305875,0.5173263157695343,3.223358462384866,0.2
15.981858261336686,-2.7310884540380016,1654.68207952288,0.738833275737692,0.1709893046327389,2.0569017193390504,-0.0430713307114045,-0.0298822727162533,0.4833335611541886,0.4861680996218587,3.173850594063041,0.2
22.379338271485715,-8.825986490154166,1665.3861905942188,0.793704759981499,0.1067802524861396,1.602048646901172,-0.0853754516754904,-0.0988010282497387,0.6103900319768943,0.6242007706409484,3.1425145618106924,0.2
24.212630684065537,-8.734006405576993,1664.2417354782117,0.8039764313298323,0.1034810031323351,1.5684211424322292,-0.0705788910740313,-0.1158257780141034,0.6229897132836288,0.6375838561123003,3.352125627427225,0.2
23.14978373554714,-8.59485336276275,1663.7789641603058,0.7926084390133121,0.1119638316291571,1.6256951301635647,-0.0622030153617702,-0.0913467575846144,0.6051123813656192,0.615121483386241,3.2049925952432043,0.2
24.29869757291281,-8.438607437167992,1662.590517782911,0.7971454197069903,0.1086991607459072,1.602956252767279,-0.0617797503985762,-0.1017164697784867,0.612390831235089,0.6238473434778026,3.337776963735793,0.2
23.78999654089084,-8.394617607804163,1662.3914483581016,0.7755138850814532,0.1155348928788048,1.6769630582869606,-0.0486330110850409,-0.0810503462633975,0.588777133045984,0.5963160578036304,3.173334378521508,0.2
24.375741683700017,-8.206062698361201,1661.07664586,0.7620434912523181,0.1182824647717923,1.7188901994566312,-0.0417576721684312,-0.0790136080121908,0.5748654840053925,0.5817707264350661,3.154252009175618,0.2
17.313123616347614,-7.428803202661946,1665.3645564230635,0.7544111857683701,0.1038704397454388,1.6731105332645273,-0.1193783571219386,-0.0888102464282221,0.578872921364734,0.597689142539093,3.028760516833637,0.2
21.23091033378111,-8.601136394304996,1664.023767453379,0.7593086875882514,0.1257290343672474,1.759403687201741,-0.0685013158945858,-0.0662356275057179,0.5603301350164808,0.5683743914339857,2.9484775017659826,0.2
17.638518095501286,-7.029619627531428,1663.176767381408,0.7501462549155324,0.1141107420068655,1.7272745323631795,-0.1090687952423798,-0.0688047795472958,0.5644016788220632,0.5789467633913671,3.073279852670576,0.2
19.0897120305182,-8.244158292580067,1664.239557153864,0.7321495578359942,0.1254846596112015,1.8234782542062535,-0.0898979022135634,-0.0672718831165059,0.5367850062126951,0.5484024817369113,2.899661200225771,0.2
20.141885226659845,-8.324198895089545,1662.807342036399,0.6784602783044473,0.1395313153130135,2.044457261808976,-0.0914289165879781,-0.0452738832341297,0.4783686978626693,0.4891273682655417,2.688564013614739,0.2
17.6849733854429,-6.49283723229521,1661.281878156649,0.7555268656995819,0.1258764933159218,1.768907388750611,-0.0896947787427007,-0.0757972984423864,0.5529892707434325,0.5653207207791163,3.149655257957558,0.2
17.700881417659044,-6.128798079849747,1660.0262364633777,0.7537989727111462,0.1333111906276304,1.8089093631944384,-0.0818081796776408,-0.0691910618852738,0.5423367886303224,0.5528192956191309,3.216438674039844,0.2
21.258895418131587,-8.422669579840258,1662.4848221304208,0.7013729028347211,0.1389826366191676,1.9746627380578103,-0.0588675149431415,-0.0572554942574255,0.4997130938269074,0.5064155922563035,2.7790532568498074,0.2
22.309545475824084,-8.46672753093863,1662.806574915688,0.7682149519474933,0.1261770689321167,1.7410903573233414,-0.0572494524179162,-0.0675076524952966,0.5674912118908373,0.5743527300543702,3.0687808063316693,0.2
18.821218210742447,-7.687052619028026,1662.1937192092594,0.6938816090358737,0.1341477653478239,1.969603989916422,-0.0747316977258733,-0.0654009905619736,0.4979093282720451,0.507716274499644,2.8255393371541704,0.2
18.135627425132,-6.240900301891108,1658.7122828464126,0.6990829243014586,0.1490200062385234,2.0377877546413163,-0.0634283459672223,-0.0577784308025226,0.4831694363267515,0.4907282408201614,3.022234897019358,0.2
22.42026529578005,-8.332613589642673,1661.57487451246,0.755525409697375,0.1320004669580306,1.7983476912837248,-0.0509602641944625,-0.0614523433946266,0.5503054177502085,0.5560659959399532,3.011329222537871,0.2
20.547306087725183,-8.204819490094899,1661.270873546287,0.6914539327756788,0.1522024426664476,2.0791232056246143,-0.0692994315187832,-0.0501889330141571,0.473299802540115,0.4809719776561187,2.7656719151394262,0.2
18.99501213782798,-7.373676648666311,1660.2214756519234,0.6899913276799928,0.1517479908591847,2.0808115098263404,-0.0657866382030766,-0.0539139493281772,0.4729949320346928,0.4805817323085922,2.860623659551897,0.2
19.3121207377582,-7.266200799648503,1658.607722853911,0.6620912298726174,0.1641405269760181,2.2485086720932137,-0.0543390738484936,-0.0380047571725611,0.4397679843563191,0.4447392231176346,2.8182380666913778,0.2
18.48193525899665,-6.348918444323148,1657.6885321457542,0.6609268321671626,0.1622010216151923,2.239537242302313,-0.0522358848396814,-0.0474344984645605,0.4409106724154052,0.4465208173863495,2.8713365395333192,0.2
17.85223119579318,-5.370366286389848,1656.6424774907116,0.7082266810297541,0.1590584652108839,2.070702980344078,-0.0481383373668428,-0.0545863010134479,0.4774120652233842,0.4829277832177722,3.1342226783244875,0.2
22.35520107552443,-8.189667718839885,1659.9041935468326,0.6977955330978143,0.1484462007827643,2.038215141913037,-0.044041469235905,-0.0440108801770391,0.4866586248190377,0.4906253414747059,2.780298320982697,0.2
20.70446560372549,-7.992256707030353,1659.1834254174985,0.6353701225779157,0.1709951001407627,2.3918880526687047,-0.0400986412815648,-0.0327145404097224,0.4148644953179134,0.4180797671045969,2.636315241513247,0.2
19.411263788110624,-7.115292452279839,1657.4393916798558,0.6257443252975012,0.1744642583375927,2.454564260201741,-0.037858964400958,-0.0484039166197244,0.4027431091466913,0.4074042860535294,2.7193422701510883,0.2
20.12327981510848,-7.614802704861767,1657.869480528131,0.605078097604369,0.1782923024554707,2.5686037904572885,-0.0294984007896044,-0.0384077679753674,0.3862927311186541,0.389316563229851,2.550345023859484,0.2
19.07587372872803,-6.63122505609127,1656.3523402802202,0.6352080517338482,0.1790557684225852,2.452587076474339,-0.0476262426393482,-0.0408429503268759,0.4028766132077911,0.4077327201110132,2.7931911824841587,0.2
18.389969159836223,-5.687067677687288,1655.1904817964307,0.6595092926643429,0.180640549130455,2.373937671542445,-0.0310855542330876,-0.0472462255282017,0.4174272459015011,0.421241051097293,2.936511271516752,0.2
24.458648225499683,-7.995461822488354,1659.3754947033708,0.7537351828198561,0.1293985996492658,1.7899634399913218,-0.0294257093471193,-0.0576088429930147,0.5549128039426877,0.5586706284933106,3.112626120539534,0.2
22.52005496120893,-8.074382955802127,1658.3163206812312,0.6561240578873159,0.1648895023997962,2.274029055895453,-0.0215112223855536,-0.0281524761217084,0.4383185070352545,0.4397481190521666,2.6302785135518554,0.2
21.319765595615145,-7.962071080392586,1657.591845316971,0.5873990960379946,0.1846237945433564,2.699030591383616,-0.0334963518955882,-0.0272829347521991,0.3679760893376995,0.3705033959942505,2.4194461922655965,0.2
20.188172467301303,-7.480798025015756,1656.7036643605338,0.6036514316626207,0.1868120043070254,2.6447136815192183,-0.0384114453159538,-0.0354168119752344,0.3744856106276079,0.3781127639592215,2.609695062501553,0.2
21.13594214685213,-7.774991314726503,1655.9608631507017,0.5654161521030191,0.2026140503627876,2.9735917811723773,-0.04173586406618,-0.0235334591040215,0.3328628927365907,0.3362936386667496,2.413662724165366,0.2
19.85993426641356,-7.029222226068893,1655.0169670536436,0.6174060976344982,0.1927251289013787,2.6355547640405272,-0.0322982352985609,-0.0367514482519965,0.3762589797396949,0.3794267581322863,2.786442324601006,0.2
19.038741867138043,-6.064061993569248,1653.412208578999,0.6118761223154529,0.2090176349455472,2.808276263468114,-0.0158323819149688,-0.0356010609971161,0.3539522818599834,0.3560903223833961,2.786941664388197,0.2
24.54937843835884,-7.813716320678973,1657.3594805885111,0.7073697594867692,0.1443679864297725,1.9875710669505853,-0.0129209441632836,-0.035628875498272,0.5016971918091359,0.5031266638099345,2.9411202714366307,0.2
22.71323243538892,-7.957667800661708,1656.1785857901507,0.597017741228968,0.1934051759040799,2.731605311245741,-0.0249488615684734,-0.0188727566255221,0.36474603885469,0.3660850987084779,2.445677650791798,0.2
21.68035710347184,-7.79306961017541,1654.488699160346,0.5437469876384009,0.2184669730722248,3.26620764241416,-0.0217735719493265,-0.0167690867215756,0.3049295077527963,0.306165470625397,2.300439361001626,0.2
20.46462970981027,-7.163907682439422,1653.0290519550783,0.5442069057736998,0.2220746491495794,3.3058092706387256,-0.0251551624184361,-0.0174355679590421,0.3009453970367487,0.3024977904447545,2.4029662301296724,0.2
19.750153229666065,-6.456879744891579,1651.471181403827,0.5843039121519512,0.2156906964944092,3.0098173324913557,-0.0204030495633302,-0.0192784817602118,0.3310581687936178,0.3322460765990263,2.653913537181959,0.2
24.632812792283527,-7.694609228950107,1655.2186686062144,0.6366051038851485,0.1694529373928613,2.3761102402012635,0.0002684967129506,-0.0147379133678546,0.4205976765893671,0.4208558942598964,2.693054774379751,0.2
22.05840239198504,-7.776276735346846,1652.9521928365405,0.5177137196311191,0.2309388092233605,3.589461258560767,-0.0118965933121119,-0.0129282059049805,0.2780388129816407,0.2785933397707044,2.185961503498964,0.2
23.212348042638222,-7.863878446515435,1654.0354929485234,0.5538868415750174,0.2176138479243978,3.19672708590202,-0.019252331410152,-0.0086446562168922,0.3121072529881817,0.3128199477553556,2.3070389310081154,0.2
22.1653271835,-7.45561219728,1645.4145268,0.5522816306858173,0.3056433392917256,4.658112542491595,-0.0317390449402492,0.0022231116646398,0.2123084108443208,0.2146792270212317,2.134214640359284,0.2
22.62918778956451,-7.62201306278868,1645.872705602472,0.4714441535090986,0.2639566507971329,4.4931196292643225,-0.0492849345188564,0.0053758643101355,0.216970430961398,0.2225625139127965,2.0311066194315472,0.15
21.92732359191652,-7.390593777425246,1645.950503390992,0.4565561465290361,0.2529465354985019,4.43286863886211,-0.0264977846831095,0.0008950530496381,0.2240241314543446,0.225587555478904,2.036513411597812,0.15
22.72621061490669,-7.622311625673188,1645.255694456185,0.6760159284447691,0.3282598863386337,4.306667364768996,-0.0465713541248354,0.0015088136636398,0.2274748168872165,0.2321981047759975,2.63999634748065,0.2
22.498983087826083,-7.614368787196172,1646.5850731979626,0.4552944014412741,0.2073354769542571,3.75238692587905,-0.0292303583454663,-0.0005660445677599,0.2648885366341424,0.266497037686415,2.0685124105507224,0.15
21.599896860511283,-7.287211149873848,1646.71419490224,0.4313235772217751,0.2156917911205645,4.077344495297112,-0.0228682682674804,0.0001990054012076,0.244189119555763,0.2452576673747875,1.981869405980092,0.15
20.49135969550596,-6.831281158545999,1649.494221938625,0.4910100354703106,0.2379520256036997,3.885964500161217,-0.0265265537693197,-0.0001580967483377,0.2559654751808012,0.2573363704065008,2.1092427851603053,0.15
21.59718450724668,-7.55518587002833,1651.289266755722,0.5198542110951615,0.2294278344664304,3.554719367821283,-0.0302325837093595,-0.0072531304453303,0.2795928548318757,0.2813161593155265,2.2499709243757424,0.2
22.010475996895742,-7.58179595370463,1649.2814405856416,0.5025388261189765,0.2212299473228496,3.5690634288221585,-0.0303273201524075,-0.0015426792962171,0.2785351257109725,0.2801855500590008,2.193542712315954,0.2
21.13182610771364,-7.113214281145144,1647.8546899811845,0.4627617907195004,0.2236202406895559,3.909365509679407,-0.0243323251849497,0.0002296733315427,0.2546359577450215,0.2557959846742512,2.0509003323663992,0.15
23.19145948218546,-7.73283690554972,1645.7217161330238,0.4522928167839355,0.2729908176167849,4.869752502134266,-0.0486151286441523,0.0017070252920269,0.1995043051744537,0.205349245071845,1.9223705435000995,0.15
23.381509547337245,-7.74158367487838,1645.089156561687,0.6659368464319722,0.3356528285377907,4.568511528947348,-0.0554960652387855,0.0004389512662137,0.2117372983717907,0.2188896741671164,2.7516760701290246,0.05
23.92762727833294,-7.780845718776963,1644.9655296845915,0.6023496307611765,0.2497516053277066,3.317035012596015,-0.0236281073369114,-0.004592034847969,0.3005116176736008,0.3014740562588662,2.711685971264744,0.2
23.730828391007982,-7.782452596053308,1645.5334870711722,0.4519050328512776,0.2521540208301146,4.464172302035251,-0.0503297536049092,-0.0006343122469751,0.2182774908778574,0.2240056907176482,1.9965260605895605,0.2
24.69560024102133,-7.643096735944612,1653.1491214431308,0.5748819959083102,0.1849993334458023,2.761085300643433,-0.0011895934569378,-0.0053975624838069,0.362134247406715,0.3621764238022504,2.41074892893065,0.2
23.20807479411172,-7.832644880908729,1652.2181479792882,0.512129765376819,0.236296978345437,3.7023279019507216,-0.0166642685090584,-0.0073304135225694,0.2694860983376306,0.2701003332182191,2.1006984156669133,0.15
23.16095120917154,-7.745129937815209,1646.3891668623876,0.4227577713222473,0.2223899396180165,4.260329643815183,-0.0372007805605791,0.0010525321335548,0.2317545518118813,0.2347236208474437,1.8729481159822736,0.15
22.40968712191022,-7.633768116032485,1647.7501839287854,0.4720299454256323,0.2152755951519251,3.7202811308694095,-0.0361566978022178,0.0024690012819889,0.2663425719132217,0.2687968905635648,2.072370031572468,0.15
23.16648392617043,-7.758369905333694,1646.9763020032397,0.4055615405638089,0.2285078768112736,4.541047098795042,-0.0319084087904972,0.00186713901088,0.2178815387267724,0.2202135274627185,1.771436911201008,0.15
23.17664680924161,-7.810241271390558,1650.4812933200171,0.4756774076782895,0.2418960927790466,4.072516947269033,-0.0212864204420506,-0.0016188834094379,0.2446186456647866,0.2455483949970016,1.99941899192739,0.15
23.313576783864185,-7.798099770625379,1648.96718352845,0.4522988485950084,0.2458540241606889,4.349719832151419,-0.0252425787954786,-0.0001192160317747,0.2285098372014048,0.2298998644943505,1.939898375307281,0.15
24.27750704667678,-7.780601364722168,1645.1284346782936,0.5077222373820282,0.2485515372464387,3.916470271029292,-0.0465345987025186,-0.0033203686677135,0.2510336871521091,0.2553319521910194,2.4067294630516467,0.2
24.331180136394035,-7.77662506117498,1644.882554747614,0.606440244879539,0.2105868341076254,2.848811447910638,-0.0026496965448292,-0.0018306418426255,0.3510088079418549,0.3510235823902685,2.9079316533978408,0.2
24.15972190688792,-7.786300646906115,1645.4375402817996,0.4529086374115954,0.1953733395070374,3.624027559275924,-0.0304682296183698,-0.0016223872299472,0.2742440179953205,0.2759360914462247,2.23311928832181,0.2
23.615697631569287,-7.783565185391846,1646.03675315657,0.4265025914033228,0.2213718152503029,4.207491860834187,-0.0362322257330635,-0.0004214503070333,0.2348929292867477,0.2376712856674992,1.9228915175090275,0.15
24.12287654776008,-7.7893328844962735,1646.0280708226528,0.4305260305866435,0.2056852949700011,3.9460140545373137,-0.0368808467555718,-0.0008888735645283,0.250720667446377,0.2534202833996885,1.967107127220008,0.15
24.730928677389297,-7.640547785488612,1651.3317721976634,0.5328508637189453,0.2054715992640452,3.185936760862861,-0.0118006149643797,-0.0010028602768284,0.3136559157335856,0.3138794254438263,2.164740391951597,0.2
23.87729500245524,-7.795506911151,1646.7000315575228,0.428904572666105,0.2250358416972936,4.239681586202201,-0.0384876945209835,0.0002598399142997,0.2327053133679363,0.235866769630635,1.9052273178030692,0.15
23.69776493481849,-7.798353130144431,1647.7568234856542,0.4403958898725678,0.2323426197601885,4.241773985867272,-0.0329534727308904,0.0020005242481429,0.2334273488923489,0.235750420303344,1.908185495565519,0.15
24.74174574920005,-7.661140170010308,1649.83103278,0.4965566033299294,0.2232241360719402,3.6380865580666497,-0.0201978432757077,0.0009008791687892,0.2741251970689654,0.2748697657516482,2.036763362063983,0.15
24.73346825051806,-7.690315730703461,1648.4986501687251,0.4626104081038591,0.2206221484987425,3.868678425823639,-0.0069202070825827,0.0048257145245928,0.2583484870602315,0.2584862037963522,1.9430809984878847,0.15
24.60304089015376,-7.758780872692389,1645.221693569135,0.4921749851596917,0.2051480608894128,3.4454541834596824,-0.0311839498195331,-0.0014298634824702,0.2885538454537934,0.2902374975121191,2.4711611613532622,0.2
24.5729352525,-7.76132591695,1644.8360662,0.6333008903971047,0.2249133746363292,2.870056392497313,-0.0173573360814705,-0.000565979703024,0.3479921395762731,0.3484252095582948,3.022900948303497,0.2
24.63645602425887,-7.752572319071244,1645.7220278390373,0.4473590381585799,0.1842631293414132,3.539879577527993,-0.0268334844935433,3.150762124550166e-05,0.2812181759178868,0.2824954855380506,2.0747533247195427,0.2
24.673338151864467,-7.740030825000363,1646.412764367803,0.4370166242712901,0.2059274585372155,3.890608859945885,-0.0226205350683848,0.0021095159511986,0.2560231631124827,0.2570291787218901,1.9383907419915407,0.15
24.70824992662958,-7.719041556333167,1647.3323270559968,0.4539886136436063,0.2090294012992372,3.7850876093571975,-0.0106430943473844,0.0039923465006549,0.263950020448369,0.2641946774304188,1.945323350016424,0.15
13.6139531142,0.404311364681,1649.17688122,1.0383761805223155,0.3767648127816585,3.907334193363376,-0.0723282247322229,0.0892156162748908,0.2287112532595857,0.2559289660194677,3.7800908103533537,0.15
13.660692782400004,0.346229222126,1649.15250489,0.97721151721005,0.3680187047947982,3.876761121807634,-0.0646623228128885,0.0796951679724613,0.2366522031495277,0.2579472834616453,3.649588388683769,0.15
13.660692782400004,0.346229222126,1649.15250489,0.9741953345027756,0.3673318601524962,3.868631102429096,-0.064026291756614,0.0790999001754621,0.2376143765928746,0.2584893657532,3.643285659993402,0.15
13.699569180970435,0.2979286874433041,1649.132235463918,0.996681474372063,0.3723361626091683,3.9295762817938487,-0.0586156633555038,0.0728479622161554,0.2366804464690308,0.2544803633493789,3.6962263277389424,0.15
13.68605826179488,0.3147916839949886,1649.1949247505022,0.7788932148877086,0.3844594198306727,5.555939906954374,-0.0816856973003738,0.1009906410762555,0.1245947617760491,0.1799875478761567,2.840978275720825,0.15
13.73664001222777,0.2522413859458832,1649.2453809654685,0.6457716325678962,0.3213670589917916,4.334405037261741,-0.0612022148523926,0.0754340860214501,0.2092656059215777,0.2307121718905508,2.860104869605841,0.15
13.771350564453288,0.2088111763390021,1649.094816563637,0.900125493749345,0.3815983915560132,4.6914742829783895,-0.0633840401544047,0.0790133985770965,0.1875456811666497,0.2131526125227203,3.289305948026119,0.15
13.79953652264597,0.1746293968402157,1649.3804488154392,0.6677667033485992,0.2433585081627888,2.917550439798232,-0.0350593041971068,0.0417214474575926,0.338393234273153,0.3427532858932018,3.2902182849731987,0.15
13.871137911432347,0.0866998902737253,1649.2492568313462,0.5895408014332679,0.2899095485439328,4.036917020805954,-0.0503981288307769,0.0627257608405029,0.2342810863803031,0.2477137862497738,2.763494276670546,0.15
13.942320959364698,-2.3178938770922463e-05,1649.4731027978846,0.6521440674255862,0.2200691944143285,2.738897392340158,-0.0319226869780228,0.0375649155796606,0.3617671129752584,0.3651104283047215,3.1977094313086725,0.15
13.880271623962916,0.0737301927461004,1649.0380791544246,0.8140603739166118,0.3321489893345924,3.659227648234943,-0.0538727240651768,0.0686776581954915,0.2589671862066365,0.2732817130091258,3.267960772942597,0.15
14.089005952448565,-0.1793666679458843,1649.802463127601,0.6958983851641929,0.2000414770899516,2.3953168484700567,-0.0348944480136408,0.037449046095979,0.4143314918618704,0.4174813034186784,3.312547847486681,0.15
14.163623292351518,-0.2680109550157156,1649.4800997694383,0.6655679350908148,0.212387833715345,2.611983085621645,-0.0344474188386469,0.0427595517187674,0.3788928419527564,0.3828508712421477,3.240272400182248,0.15
14.01045292474532,-0.0841498284697558,1649.2065069369946,0.60395249486882,0.2686259801431673,3.57810130763094,-0.0444587077671657,0.0566403584333668,0.2700428711958724,0.279477833080724,2.921668521487535,0.15
14.045650223440346,-0.1309611545264677,1648.9520353374187,0.7360098738456055,0.3092707501245505,3.5617961735149364,-0.0522832877666453,0.0683785640623529,0.2672366884596813,0.2807572222789931,3.08721438381668,0.15
14.224877353604404,-0.3455795214389168,1649.1505228382491,0.6152195606976404,0.2587248949223892,3.368428673861017,-0.0468361924774088,0.0613589114251658,0.2866632551797047,0.2968743283062494,2.991310364598128,0.15
14.269601520330124,-0.4072671805574722,1648.8357904620598,0.7070841174863682,0.2812074304528973,3.2319627996366544,-0.0437524533334901,0.0605980737903673,0.3002462924786571,0.3094095019015759,3.094503558933715,0.15
14.483243864677174,-0.6579769808843626,1649.0808091838142,0.6124002757303277,0.2491974746850074,3.255387726035675,-0.0492348010209711,0.0658126445901316,0.2959832250011651,0.3071830713135278,2.918546351099664,0.15
14.534750351075695,-0.7317523809856489,1648.698717722461,0.7289455487703574,0.2863695204291703,3.210788513154641,-0.0509709827821597,0.0706726865485248,0.2990124024186696,0.3114499743296662,3.0862965146467145,0.15
14.41236359722372,-0.5665154107824394,1649.4651170388884,0.6658926507525363,0.2075309020802846,2.5673542449499287,-0.0407080062322809,0.0522994101341479,0.3838262492418559,0.3895060457539248,3.195511812383688,0.15
14.29625495956746,-0.4269125088363111,1649.742033079051,0.7028393303811912,0.2013889012738928,2.382363367727511,-0.0380037933759444,0.0438600178122898,0.4157200041544238,0.4197512493460978,3.2854712062003157,0.15
14.277680308437198,-0.4084439066099604,1650.1039111613409,0.7370785365705061,0.2007274426984024,2.266675470000945,-0.0369072637156138,0.0360990540942111,0.4381436733753504,0.4411747571431489,3.3497342233751093,0.15
14.631989366607757,-0.8286642702531803,1649.3891025052724,0.6537436788450065,0.2125936269817194,2.6611301021713025,-0.0388672706719175,0.0515150010135429,0.3701976473218766,0.3757801992409418,3.0713469575093675,0.15
14.807284640608492,-1.0435920383614177,1649.0510161764282,0.6065088309326844,0.2414355208999841,3.1883354885993733,-0.0486381743788165,0.0659206297257778,0.3027555211439118,0.3136432798793382,2.840145573652993,0.15
14.859882990107833,-1.1250223810528366,1648.5318634802013,0.7738882177237228,0.3133951192835296,3.462332488885609,-0.0639374517065117,0.085227185937747,0.2684526862502797,0.2888226371124343,3.068611517601349,0.15
14.556252766622151,-0.7356079450370802,1649.8753125545984,0.7188929200326516,0.2047768728246367,2.355892239637384,-0.04150400421372,0.0477740154274868,0.4197235180754082,0.4244676319125355,3.218471619237124,0.15
14.466771650303588,-0.6376208974441445,1650.4217275425076,0.7482908463306246,0.2054243665027798,2.2683117965944564,-0.0354446785332315,0.0307532513358287,0.438351874709169,0.4408565001960295,3.298796974953742,0.15
14.951236157878888,-1.2005838748040445,1649.6191386307337,0.653501845665787,0.2231737662033078,2.763859370237081,-0.038864484339549,0.0493738840177595,0.3563149630088549,0.3618129094296939,2.914447669648449,0.15
15.157714541287142,-1.4547547851666762,1649.0063137157674,0.609700169198038,0.2587884480105994,3.3998173495348327,-0.0540448766285644,0.0712666871664082,0.2802047392783162,0.2941334481209178,2.776466560660764,0.15
15.260074160286036,-1.6012977393503212,1648.3284522125143,0.7655275643519679,0.3426545817791188,4.15102233614518,-0.0814641953489403,0.1020327996008402,0.2024546255360733,0.2409045095451458,3.09914622749821,0.05
14.864616663917168,-1.098976455618761,1650.256029698424,0.7063211516420616,0.2187280829268195,2.516757776389876,-0.0340318182581056,0.0350422306384384,0.3943225305475472,0.3973366087833985,3.0793183180258046,0.15
14.712994861950673,-0.9351608341602152,1650.8111012818315,0.7085157092194152,0.2154739694922243,2.480267459663477,-0.02606336335246,0.0161810856466602,0.4020135077611599,0.4031823245932033,3.0650569494554607,0.15
15.192102478331703,-1.48397557895303,1650.67538534202,0.6856664418501133,0.224998371476304,2.651684463718024,-0.030421886693685,0.0267428532501595,0.3749371947701972,0.3771187762656585,2.9636754550579267,0.15
15.20831379670524,-1.496301230445764,1650.1102897215208,0.6728063967096936,0.2254213841451139,2.706532092347135,-0.0287382590635638,0.0321102035207717,0.3669549428570772,0.369476498293722,2.982757350206382,0.15
15.438218844162632,-1.764366827759081,1649.603677525489,0.6273866318877304,0.2446719746365789,3.121305352615191,-0.0235734219660902,0.031129560888276,0.3179902619730566,0.3203787797186034,2.812323481529691,0.15
15.564150771409157,-1.905767334790582,1650.2951662567011,0.6493341281217575,0.2429274451927505,2.9953395528707083,-0.023356421349643,0.0237436401938766,0.33218647271431,0.3338519664795961,2.833122563889481,0.15
15.6999802170145,-2.0787887697035714,1648.9407136146187,0.6089505164086093,0.2777750927526575,3.694836860831867,-0.0364845712474855,0.0495475583771961,0.2635606669071418,0.2706479440542489,2.702859058423775,0.15
15.75425832233033,-2.1762648678522223,1648.0805861818126,0.7296327365527657,0.35416025008991,4.698830532710992,-0.0806979531946563,0.0973174927011933,0.1711988175207301,0.2128189116501397,3.11840979234582,0.05
15.046950570296335,-1.3386113810894946,1651.3166101920856,0.682447121157913,0.2158506770548198,2.5784242241345545,-0.0262894633984428,0.0117628764701087,0.3867628934664317,0.3878337748458165,2.9410634439800805,0.15
15.538296029607066,-1.8903245879159225,1651.057629358737,0.6513074682690608,0.2351099193352313,2.8981325903443143,-0.0268219554887088,0.0193629569044908,0.3434603416050273,0.3450497756147155,2.797090293427809,0.15
15.403331539835646,-1.7745144291977408,1651.8903026293092,0.6727771410408501,0.215948315124872,2.616383536298601,-0.0273680416320776,0.0071056217417048,0.3811596272032554,0.3822069609162501,2.844299650287621,0.15
15.820812431876623,-2.294867341069382,1652.5523168769505,0.677014258936494,0.2146067454812847,2.5877867486588197,-0.0194499874563829,-0.0103625656552801,0.3858016692960335,0.3864306054269245,2.7811452363423608,0.15
15.915764114681693,-2.3112187538139164,1650.6650052539917,0.6346021642148582,0.2434432001771977,3.071036129118625,-0.0152631495512527,0.0108867544018958,0.3250828409951217,0.3256230008231769,2.747676708857102,0.15
16.05416597742402,-2.4629617782187765,1649.7969991975262,0.6230090033834716,0.2432703108986924,3.126076391216948,-0.0132810776141845,0.0163790934619219,0.3191940355492545,0.3198898154919082,2.692817895583972,0.15
16.25068804773849,-2.7011313406106066,1648.7764659891252,0.602008718897287,0.2983377025985453,4.1185326443200765,-0.0425712025611376,0.0532864221486885,0.2330289260460387,0.2428049226170669,2.527526805501496,0.15
16.368036669073458,-2.868517040605009,1647.7782464603904,0.6474120141884012,0.3426324767745804,4.907656303288294,-0.0772607910273923,0.0894770972322288,0.165964096832246,0.2037632503584178,2.6013708271437355,0.05
16.04021457267489,-2.479376061921199,1651.502221420754,0.6347020604466558,0.2326975004477539,2.947114955272319,-0.0056843239620762,-0.0095691101084833,0.3391323019014701,0.3393148944567037,2.729422372391712,0.15
16.40015384214292,-3.0462223712938186,1653.4494960209308,0.6970550765751155,0.1966894181209985,2.364913974949747,-0.0186663388319063,-0.026105212781129,0.4216287735668752,0.4228483617554204,2.978130170853954,0.2
16.383882758605527,-2.909173726614933,1652.1495890629935,0.676160684403066,0.2106884384153641,2.555961453482812,-0.0056516015870028,-0.0219912302090517,0.3905827821486086,0.3912422069735743,2.8478766589558013,0.2
16.589160179828106,-3.0995437717879804,1651.3693975866993,0.6344617841099536,0.2230821817472346,2.8458606779518667,0.00304779470203,-0.0209221738796368,0.3507508818239804,0.3513875460409708,2.6990653720369875,0.15
17.540523985593698,-4.691198388034678,1655.3318548258246,0.7005683599005073,0.1673087704543323,2.145251098713195,-0.0332339958771656,-0.051405942910509,0.4621092174378696,0.4661458980721832,3.139768363178866,0.2
17.081777830768516,-3.943728266658536,1654.1929963996342,0.6867910469923361,0.185273904858334,2.313197029087909,-0.0271231556446868,-0.0319148145778079,0.4302684157594634,0.4323021287963087,3.019128994671392,0.2
16.423832796683495,-2.886941712665618,1650.6417578390267,0.6106743823969148,0.2377494068657002,3.122078534611781,-0.0009530086346416,-0.0063849628334267,0.3202343735477584,0.3202994379910261,2.6534222787911768,0.15
16.7283884515564,-3.217135846166029,1649.6942747948742,0.5871559861930984,0.2524809966650926,3.4403922742429662,-0.0085753477486125,0.008429028697614,0.2904157077542332,0.2906645290092807,2.55448212079509,0.15
16.973517710302676,-3.493870049350797,1648.5988474624362,0.5652259020792677,0.3276042956425925,5.131230316875331,-0.0394354264039243,0.0451318488550597,0.1854403953781815,0.1948850350200127,2.344137577145125,0.15
17.134714012127404,-3.695508795540893,1647.4100969060291,0.6092607112697969,0.3655053118010288,6.101852408846838,-0.0649294772299959,0.0696709473138778,0.1333727988502928,0.1638846587882294,2.588599832605393,0.05
17.088179087761322,-3.636539294086596,1650.6860951855358,0.6068022429955933,0.2316793922306543,3.070922086282564,0.0039814738074988,-0.0170161717686951,0.3251658219054045,0.3256350932727595,2.62153280198685,0.15
17.460020986211966,-4.01814260756272,1649.6521263876668,0.5685628251663899,0.267713466491504,3.785885813273348,-0.0078163032671217,0.0030719072203005,0.2640054301649323,0.2641389754793955,2.433907077105129,0.15
17.817508974829884,-4.381417472611147,1648.3824390969037,0.5538876346439744,0.3629752215438037,6.58793379322578,-0.0338439247615321,0.0335866537830472,0.1441094630250186,0.1517926608534343,2.2782805440646894,0.15
18.103334901229083,-4.6708779390884985,1646.9624730905318,0.5674953438145743,0.4039495166350381,9.17293142891118,-0.0527522377046328,0.0502604298786997,0.0810904863832247,0.1090164041615101,2.557920732254653,0.05
17.25926946919212,-3.9183659900900767,1652.1541991025724,0.6447988191153543,0.2081652904446844,2.657105676319761,-0.0014289166401723,-0.0307144535531451,0.37509120949274,0.3763493521962798,2.7907992509976407,0.2
17.972604452445466,-4.919414197727956,1653.632310602561,0.6590134489531643,0.1938859866816625,2.478520500769036,-0.0195591504436255,-0.0371847163975449,0.4012729194074011,0.4034665033796249,2.9917384157805103,0.2
17.73520524895855,-4.356265629338984,1650.6973324874468,0.5722146036270456,0.2382210694489809,3.337923490322126,-0.0007757319434427,-0.0153474361759435,0.2991930764854078,0.2995874539663266,2.451028511540001,0.15
18.356567934190306,-4.966629366476416,1649.6707716829774,0.559967685884725,0.275230299777164,3.9725490854628926,-0.0024840558019195,-0.0097486851392429,0.2515264317768619,0.2517275377815696,2.4022121660731752,0.15
18.939179482974424,-5.470202159195911,1648.089910056115,0.5526870816727555,0.3547026690616704,6.226343179446649,-0.0275353407354406,0.0192143440472694,0.1570589588465222,0.1606079156222918,2.262089590620357,0.15
19.054075463532115,-5.534679754400504,1646.5467247292488,0.5922595611231923,0.3956070546017668,8.086987516124257,-0.0594365379501351,0.0474496940506399,0.0975012427890768,0.1236554400518299,2.691245290889477,0.05
18.452324593948266,-5.186858066891737,1651.3687813751926,0.6038904104608255,0.2246686462290182,3.007157680468329,-0.0065256491623986,-0.0248825517684296,0.3315434791335369,0.3325399284829858,2.731384464731843,0.2
19.254449987066977,-5.859774088684672,1649.8625143337138,0.5656351171083688,0.246190338141355,3.4827755689147226,-0.0045676177274168,-0.0161376291108476,0.2866370687272909,0.2871273156173002,2.518514933715153,0.2
19.92009676919429,-6.331646367018209,1648.452196048063,0.4983424342437455,0.2750023468425921,4.459273881680581,-0.0281451882853956,0.007350076573062,0.2223570888808068,0.2242517563471851,2.12455453216686,0.15
19.97369220084161,-6.311989043593337,1647.3507666085482,0.5026746847937348,0.3360962683134602,6.0686787522816,-0.0441791749226983,0.0265775569389761,0.1565070335213657,0.1647805133240966,2.065421792414892,0.15
19.999740201948004,-6.280035194391668,1646.1618814937897,0.557235719183484,0.3701127962038111,6.908196616752954,-0.047166874310718,0.027896810721999,0.1339822060001247,0.1447555788402021,2.339214536006242,0.05
21.30146681015196,-7.108046511866613,1646.1427197898813,0.4212871238370935,0.2730114863914328,5.2286303293238,-0.0160365204935386,-0.0013762819518235,0.190576197313846,0.1912546760844204,1.949336283957222,0.15
20.768344036376693,-6.788090287781366,1645.8737357799046,0.4980341346386769,0.3101020282585661,5.286771844065272,-0.0252744956376446,0.0050760584328233,0.1873864041429907,0.1891513440517698,2.074270226761268,0.15
21.361119902311422,-7.113601628486378,1645.6682264995204,0.4635189366352206,0.2670789850834962,4.631203331642839,-0.0129346439455338,-0.003884545721929,0.2155038349424321,0.2159266023081883,2.0262780582257056,0.15
20.798131502406985,-6.8482472710214095,1646.6775102557967,0.4369545349723914,0.296515312380576,5.623439400848358,-0.0270024925082581,0.0084387284783531,0.1755623415516521,0.1778271141054954,1.9892766529196364,0.15
21.805408906597567,-7.317224928818372,1645.5244416203695,0.5100688327422601,0.234900367854049,3.697703565327348,-0.0059688441753962,-0.010262517707423,0.2701774052394824,0.2704381198581754,2.1876530404724828,0.15
22.1653271835,-7.45561219728,1645.4145268,0.5492908646938846,0.3057874980700523,4.686951343155861,-0.0355631622122929,0.002227218064715,0.2103617546853473,0.2133583062389273,2.1219854948331247,0.2
17.766506933125218,14.251348953176606,1664.6621335888244,0.5339005070054087,0.4202939270542573,11.749469513885476,-0.0016532674475141,-0.0166221127310185,0.0834549133496441,0.0851102255142842,2.1879417822937954,0.15
18.360892462819727,14.705243800527445,1662.5866104317638,0.548032772205946,0.3943255111444381,8.633627729994783,0.009681316561868,-0.0205228699231978,0.1135816212535569,0.1158261661579198,2.2465204356833155,0.15
19.45991299534114,14.47490900121317,1664.1249934958353,0.5349540780560217,0.4198619606796644,11.66312121028104,0.0381200650564879,-0.0130892834441046,0.0756765321968111,0.0857403418836546,2.1632778767432037,0.15
21.134319918238297,14.39946997301868,1664.6542324481948,0.5374710043526115,0.391498018434433,8.573877906950372,0.0771540809352955,-0.0177889449564682,0.0856395747789778,0.1166333380125876,2.141248101073759,0.15
20.34588992595946,14.740191218080993,1662.8646212257313,0.5448186921900069,0.388271412262233,8.213981033174598,0.0543151010271095,-0.0193235425736799,0.1072286616035262,0.1217436461030532,2.194229476369037,0.15
22.165967975504024,14.597185067500094,1663.3292180578774,0.5371308344634569,0.3598138086116922,6.640253865155735,0.0858399768437935,-0.0284457744752723,0.1204229540406127,0.1505966519213112,2.116347057144098,0.15
21.30787593258492,14.989800478708744,1661.3598740762145,0.5523161468116976,0.3583123471330796,6.389255543091656,0.0665238189000925,-0.0270088977327342,0.1390731607997731,0.1565127569645017,2.236675588412362,0.2
19.62076711433134,15.073647241568487,1660.959308305794,0.5519799438184698,0.3723692257884122,7.097269597920772,0.0322700279697295,-0.023154655198171,0.1351854553621225,0.14089925515764,2.2730001725529294,0.2
22.99970812507312,14.169026799505192,1665.3023603773318,0.5308530501086274,0.3484397679399639,6.214560577740143,0.1148243677181543,-0.0326780986453413,0.10789028825509,0.160912422928483,2.067193172976362,0.15
18.11597596843462,15.030490717800092,1660.7191177433906,0.5530632611712791,0.368629458262654,6.881723249326028,0.0049492176821078,-0.0253301638878466,0.143002074800165,0.1453124404701884,2.3117270028410157,0.2
18.77129782116288,15.323935834094708,1659.3301468797724,0.5669721678499733,0.3513656045610634,5.933199385013851,0.0152688100926434,-0.0272096774650106,0.1656299605441397,0.1685431307981681,2.3936905253566154,0.2
19.48030217289157,15.66361356493488,1657.45598219179,0.5927501186968037,0.3227300850262824,4.758425983526891,0.0238198671813964,-0.0320214137052837,0.206329221394867,0.2101535262840868,2.5510217604352268,0.2
18.596836729907544,15.906523888608609,1655.7572253225503,0.6225166650582964,0.2797597377165837,3.646886998315837,0.0136266091643625,-0.0430785846792902,0.2704583844256144,0.2742064671764736,2.736063397366709,0.2
20.416369965048883,15.34635732803676,1659.3988876095318,0.5594536954793577,0.3501302649864206,5.963372221639932,0.0449981582425851,-0.0267797304405135,0.159304948698749,0.1676903541877182,2.3214633656102674,0.2
17.55752777611294,16.299572180825493,1652.775593469189,0.7048185102420333,0.2051753447890721,2.406184383552503,-0.0038687332088627,-0.0631176606679173,0.4107566433023454,0.4155957485367745,3.398132526717311,0.15
17.76071321098038,16.381056132209544,1652.3411028330163,0.8405533717678654,0.1952967713589066,1.952215037318176,0.0042422198172208,-0.0748174159514896,0.5067275351712213,0.5122386524456517,3.82245902706212,0.15
17.167630080777283,16.3117033733845,1652.447113621531,0.813316188938874,0.1901852413972475,1.9843052665234235,-0.0057552980206947,-0.0761860798947445,0.4981294159683678,0.5039547174876158,3.7691105094107056,0.15
16.6097112387,16.225027575400002,1652.54146609,0.8122140124189191,0.2609227357210492,2.574905227766672,-0.0240616799935944,-0.0613910801785053,0.3827252517761623,0.3883638081962899,3.479664278048032,0.15
18.2754692761,16.4229534007,1652.24446649,0.8604814895137669,0.2156498628767476,2.043501825438504,-0.006170529460942,-0.0701275692748778,0.4842658372658546,0.4893560590705201,3.736109243639386,0.2
18.17994991925888,16.333219129591747,1652.830656995814,0.6980871128942111,0.2079585912361665,2.452539150426896,0.0007759000047,-0.0599753345097816,0.4033048793408267,0.4077406877790053,3.2970861771180613,0.15
17.650126992823335,16.239240729828243,1653.2214899861783,0.6647901104650099,0.1863337213844035,2.3978257665752847,-0.0084713575063043,-0.0637518522348725,0.4120558648457679,0.4170444800200218,3.23716387767667,0.15
18.059895154128544,16.21805889658486,1653.554633540998,0.6606351607965516,0.1996019152015521,2.519481423324065,0.0009158408156272,-0.0602626737355501,0.3923044695979092,0.3969070741075974,3.1110084142649224,0.2
18.53926877430943,16.363171224901215,1652.7179809625304,0.7076604476590627,0.2268764558536856,2.5869375344611423,-0.0005909018245722,-0.0550929248550251,0.3826108853659054,0.3865574590336212,3.24601783881338,0.15
18.2754692761,16.4229534007,1652.24446649,0.859470573381249,0.215332105131343,2.0436216867138453,-0.0048625930434325,-0.0697363247673579,0.4843082315463154,0.4893273576519955,3.7326274856075714,0.2
18.665741455649457,16.443674058871107,1652.1683936194263,0.8249781668244696,0.1948929126195051,1.9864390917704349,0.0130997477271352,-0.069021284919967,0.498487192619329,0.5034133712646278,3.711988651301127,0.2
19.079511251393832,16.359120357535108,1652.786742564802,0.7186005313410274,0.2521943016291147,2.80783240214404,0.0124246618400234,-0.0491349130135458,0.3525220533232725,0.356146613037305,3.1688152848958118,0.2
19.32983330747161,16.456681201243637,1652.0333958152817,0.8109002227670549,0.2412796143214685,2.3832628023789213,0.0152018376149639,-0.0551941797702835,0.4156689251252291,0.4195928367621991,3.485881940628928,0.2
18.60496837303678,16.29855848134648,1653.1763365345262,0.6764494599984652,0.2053034409826197,2.50818510831253,0.0211039661213652,-0.0571693957752123,0.3940097865023709,0.3986946564214254,3.1271793413543345,0.15
19.25561366724032,16.26709289022748,1653.4360921792577,0.6608298394282446,0.2356212926900158,2.861896242758062,0.0271644462629205,-0.0488386680049855,0.3449207002813231,0.3494186773998073,2.9020306404284018,0.2
24.32943114533796,14.204935474433158,1663.6344656171248,0.5621090663620567,0.3101121885763984,4.684382233596999,0.1103415878343703,-0.0531601201838825,0.1748440682459284,0.21347532078571,2.3544303411262484,0.2
27.5296027672,14.5686500697,1649.84979872,0.7178621537434766,0.2099342807536254,2.401223256754031,0.0480898668236878,-0.0606864282188643,0.4091928550926567,0.4164544038907061,2.832179459055125,0.2
26.580718380298503,14.939224819593258,1650.1408286720111,0.7151814368550988,0.2231973789836279,2.525710517905638,0.0486704723150913,-0.0569043466256856,0.3887829909274177,0.3959281924474928,2.8907174565687463,0.2
27.355854951725068,14.540331750401592,1650.875313955698,0.6494091051026658,0.2357610816088661,2.913767185002832,0.0373723374427633,-0.0507245840017368,0.3373653971165353,0.3431983190513651,2.7242634204907765,0.2
20.25776201535041,16.428103740244975,1651.8329483522473,0.7805044640516173,0.2637518159049447,2.711603176477429,0.01184759774345,-0.0444326371989473,0.3659072810821291,0.3687855246205579,3.2590887480750643,0.2
20.14015060226128,16.29928589812325,1652.9440919951107,0.6894925902787147,0.2924452161350211,3.493877333334926,0.0171179234160697,-0.0374749813436283,0.2832342001860904,0.2862149711036061,2.925047259730668,0.2
20.9803251407298,16.087253235070914,1654.0365360483502,0.6236303138425291,0.268972822006437,3.470401429881479,0.0392013937358961,-0.0400548713137195,0.2826480429693265,0.288151103036559,2.756388622999934,0.2
20.018953980200543,16.10845181013543,1654.4266342610294,0.6029855035542159,0.2660834834062182,3.5448857695833693,0.0362589278039863,-0.0419301461448255,0.276596473658427,0.2820965370958991,2.597988506123148,0.2
18.844082840036723,16.16948916758484,1654.094951552547,0.6375627348619959,0.2380534973396663,2.9938805926698278,0.0168372980542012,-0.0499125713087248,0.3298348554589502,0.3340146572473148,2.850915492698084,0.15
21.4818390278121,16.174820543872404,1652.7629081880875,0.6631785275365623,0.2914361403721239,3.6149350029541263,0.0253659906553382,-0.0346592247571086,0.273275580126189,0.2766301466507141,2.872954047882472,0.2
21.59393920656624,16.292095908249372,1651.520398767895,0.7367565575847095,0.2543223856976845,2.7623608364758305,0.0310629050578468,-0.0415486866910726,0.3582728762762822,0.3620091867779959,3.100013498203114,0.2
23.07304738510817,15.898659643269454,1652.4000722315664,0.6420597730929387,0.2919294272090018,3.7426902054624662,0.0343456781481175,-0.0345061301935314,0.2627143999111444,0.2671874895070121,2.7372172493305564,0.2
26.19653965025504,14.970923747260713,1651.436801236545,0.6535235489496063,0.2579239086353042,3.160507784572083,0.0346052063124755,-0.0435001466173293,0.3114839446030825,0.3164048526890102,2.7766056471285583,0.2
23.43805212735862,15.932404792245723,1651.0456792346129,0.7310497444498308,0.2593391396663943,2.8419577015098856,0.0471523750282722,-0.0433918648861528,0.3459861002517121,0.3518701208919177,2.970130144549564,0.2
24.693905571632456,15.453424304611616,1652.1525241012562,0.646466735511939,0.2854609162010367,3.605100697518577,0.0370225764001436,-0.0377175077768661,0.2723031854248541,0.2773847622864762,2.765792615904433,0.2
25.26960944884355,15.40199482954913,1650.530535617634,0.7395309099661336,0.2591076792045201,2.8066658979421923,0.0417504833431585,-0.0457513078635657,0.3508697500128618,0.3562946344034699,2.966957122253993,0.2
21.79915347491084,15.505434204722926,1657.728835061801,0.5690296905127379,0.3065174813623709,4.541437532485615,0.0632279992840861,-0.035810345239217,0.2078593253230296,0.2201945953999902,2.4488198775168515,0.2
26.01468073232888,13.51213878711581,1664.810928946289,0.5486588884609872,0.2886662701695136,4.312198727203941,0.1215998639326806,-0.0721872947482839,0.1837938995454118,0.2319002586062184,2.2591956495688064,0.2
23.38321867066048,14.718685153416356,1661.5363345715975,0.5505960137459902,0.317186720783464,4.967400796620848,0.0925488453514432,-0.0426894338051938,0.1736060379886154,0.2013125255929147,2.307897480331372,0.2
23.488829671934923,15.158900320222282,1658.1163308783568,0.5649271521340017,0.2861909321585963,4.139533823287807,0.0750857529665444,-0.0456297260644657,0.2250280389522555,0.2415730955921395,2.481796789820647,0.2
24.65779242206924,14.652479079267817,1659.6757517091155,0.5672170551599542,0.2802794953253124,4.011900335643468,0.0843149297583007,-0.053989712495486,0.2282671047317957,0.2492584352396705,2.505660919220936,0.2
25.152734996683726,14.761494718472806,1657.375902985102,0.568571972280966,0.2621691398032612,3.697569538512916,0.0722533600663057,-0.0531977653282317,0.2551304147082921,0.2704479225026769,2.560067191424279,0.2
22.557843760156302,15.140091998232878,1659.591765724812,0.5622682188006661,0.3183591113786561,4.895678049967809,0.0743036746164579,-0.0383186621807663,0.186369327178485,0.2042617978129864,2.3882234960846778,0.2
26.52317710267168,14.11366805350556,1658.3800355259548,0.5678533821192987,0.2506580825252262,3.5313315342374927,0.0794287486218907,-0.064088673434057,0.2641481271409265,0.2831793022843227,2.567958477946882,0.2
26.181570188530326,13.73662094438578,1662.6695778703986,0.5614258534292514,0.2666907626532282,3.817206568408101,0.1167440268964066,-0.0759962925055151,0.2218660731414037,0.2619716753806782,2.4124866089829324,0.2
26.348650249629443,13.936616484925494,1660.5257743345271,0.5624906684524135,0.262062038651227,3.735863038600333,0.0924524187572576,-0.0681580746917217,0.2417795333526238,0.2676757658585517,2.4882606804991974,0.2
25.016193455452207,14.296948774445102,1661.5888506708811,0.5590300474805722,0.2845872753954411,4.152058835709293,0.1029251703495187,-0.060162591763722,0.2092674916483546,0.2408443713272118,2.415043202723485,0.2
27.15922349870677,14.48909877554223,1652.2315575485322,0.6160482211718017,0.2111262627165118,2.8096177396451667,0.0407810154822029,-0.0539877739502052,0.3494302388674422,0.3559203039934865,2.7087238369467097,0.2
25.754720906288743,14.982473747464306,1653.118640259804,0.6110694739863745,0.2366246334092525,3.106735372194536,0.0476391501380278,-0.049396513585108,0.314480624031076,0.3218812934471531,2.7265951216622635,0.2
20.937746486546416,15.88405962733857,1655.622596712078,0.5973770231341129,0.2834306496950834,3.864777501762612,0.0430222247808017,-0.0392266080270871,0.2521119336242513,0.2587471075744799,2.652643098253255,0.2
22.30492613687761,15.867889316076,1654.2515440934312,0.5961364125536229,0.2651591217311261,3.5715000347934924,0.0553536762774265,-0.0426621099765664,0.2711323983988577,0.2799943973842971,2.634680729245969,0.2
23.303075232319088,15.444212427100036,1656.1111646149484,0.5821222586998401,0.2710231880407893,3.751148818371213,0.0654568267334901,-0.0451274973589818,0.2544532843965484,0.2665849979351686,2.599387794338144,0.2
24.09993811632,15.464711720852344,1653.962579835625,0.6002528777166584,0.2573605157660597,3.4330037622513494,0.0563333028405118,-0.0460436086907496,0.2820575577527901,0.2912900973182168,2.668368461889828,0.2
25.32774953209228,14.939585706783143,1655.140525743946,0.5862967956778126,0.2419147020134525,3.3043741677529828,0.0674157390482388,-0.0550315188733559,0.2898466188185246,0.3026291664421323,2.6591406701300326,0.2
26.933566331477145,14.398289183646382,1654.0859136062966,0.5895238431984496,0.2183570996733594,3.011409537932196,0.0530349264831538,-0.057731314342973,0.3226842870797528,0.332070410020238,2.6695470741916107,0.2
26.714161983752994,14.26800120341446,1656.2326334858867,0.5765644616760658,0.235045330504741,3.273034301257523,0.0711656031428659,-0.062513889725343,0.2904722925301959,0.3055268927721878,2.615252379941191,0.2
25.728512023836856,-9.049112990606863,1665.1589942020012,0.7228895651741929,0.1084164101584893,1.7663369948847227,-0.0525335347915112,-0.112735413939276,0.5523126679026362,0.5661433819797583,2.963427509451327,0.2
25.927360280261787,-8.679618694982995,1663.365532665527,0.7234061717850692,0.1143358954097101,1.7921674101361431,-0.0545594476235395,-0.1067243729850168,0.5449576664656791,0.5579835869931562,3.0106718590081702,0.2
27.400194715691924,-8.692570052361457,1664.2998897495818,0.6418905087369945,0.1238253037573852,2.070710908225621,-0.0452883730581216,-0.0953359920036507,0.4712509627625175,0.4829259342903126,2.552933509385765,0.2
27.449606540036825,-8.30496453985542,1662.0834016065849,0.6568622571403318,0.1321389884947429,2.0692450993862312,-0.0495963724311254,-0.0859743264819438,0.4729657519895328,0.4832680286625373,2.668505437249822,0.2
30.26085867385933,-6.645217953604128,1663.7404713294236,0.7321808521662189,0.1187561435773951,1.7912193958725302,-0.0815029003735849,-0.1240603423469366,0.5381836513879421,0.5582789033572768,2.882609867387836,0.2
28.99638606011175,-7.727843463425919,1663.9525039475884,0.7170309716147832,0.1211643706724973,1.8406926229717977,-0.0733749514512773,-0.1174170409788342,0.525333924225665,0.5432737587579942,2.879200329363574,0.2
25.692836115782967,-8.369766945789118,1661.822984942978,0.7489626912616927,0.1166279209864525,1.7413631103050886,-0.0471840372790392,-0.0978669870176227,0.5638913426449603,0.5742627681051535,3.2080318795411835,0.2
26.840568293075822,-8.183807548273695,1660.8561287236366,0.6598243655315175,0.1310596393445682,2.05392928689589,-0.018390568027163,-0.0833690544082206,0.4793280915716644,0.486871678776879,2.8049582363664607,0.2
28.157596176962866,-7.843866278609373,1660.5646672272196,0.6040967021016038,0.142097352825814,2.3125899231049325,-0.0429688024742755,-0.0752447189613521,0.4236451117161448,0.4324156176627193,2.4564361256567357,0.2
29.138907516113083,-7.401107565822871,1661.882355620103,0.6800520893011059,0.1321798970299683,1.9989059626926189,-0.0574088683365311,-0.08628209609084,0.4894214499214219,0.5002736590234359,2.803563804448892,0.2
30.47640097612132,-6.261534618826578,1661.68254144957,0.7079663611489034,0.1275066078167535,1.8960020760285865,-0.0645747210861691,-0.1002390357120949,0.513770363627365,0.5274255828319688,2.8309015615452293,0.2
25.73309904918932,-8.141202111941519,1660.5334248281863,0.7454994064333479,0.1219665220631031,1.7741585988632556,-0.0304834178664697,-0.0925072068077083,0.555168122990855,0.5636474668277814,3.216760731403146,0.2
25.030783663935942,-7.989875189555205,1659.5505317006844,0.7632211543453389,0.1221310506306198,1.7337177635290146,-0.0320451019155828,-0.0789913946743023,0.5704613201225746,0.5767951514579175,3.2357763709276504,0.2
26.764222814167223,-7.892463067265013,1659.1112876402242,0.6886099754003643,0.1330586258702921,1.9787913882022212,-0.0326559534991349,-0.0802999809488565,0.4978686590518836,0.505358981225668,2.9522396819047927,0.2
28.449525272904104,-7.5033350921108735,1658.8829064517363,0.5860314226709881,0.151627915570259,2.4490956898817826,-0.018186266823882,-0.0595742996657234,0.4035349624696497,0.4083139765144373,2.424004385724427,0.2
29.452479939111093,-6.962827955863316,1659.737104053752,0.6762063029014281,0.1382809434031792,2.0441812495281,-0.0438266035687085,-0.0743583088485268,0.4815187067724623,0.4891934119006573,2.8017210320892234,0.2
30.704073754268432,-5.898593708740527,1659.622132001518,0.6791152181695705,0.1353132350478869,2.0188615618378094,-0.0498945621255571,-0.0789264602311292,0.4864479744173803,0.4953286638880183,2.7566457307423486,0.2
25.77608239825065,-7.735097810776884,1657.7449862824049,0.7334450300015287,0.1298977937942227,1.841962398480027,-0.0030140133163695,-0.0616046313789293,0.5393842582224767,0.5428992474684565,3.156558760189839,0.2
27.78682834956124,-7.440280800078296,1656.8905295076356,0.6373531896910168,0.1490566030936617,2.235387228117741,-0.0240021075069992,-0.0595050204313596,0.4427243873598411,0.4473497868385104,2.7503202882579028,0.2
30.94377588523539,-5.55881769113364,1657.5591217197705,0.6486632486186071,0.1428718326102803,2.1583735307687872,-0.0315458444854254,-0.0529592040404095,0.4591928117446113,0.4633118344644505,2.6650942771748496,0.2
29.52759257009486,-6.749451062082328,1657.6920721700078,0.6424888573227633,0.1474030312906051,2.2071194090794197,-0.0353766490411568,-0.0612013724313857,0.4475306568452165,0.4530792470431384,2.7089356495393577,0.2
26.541853837613942,-7.459796187563559,1655.821126238636,0.6601833926207845,0.1475679212032633,2.14896814408878,-0.0023186667610975,-0.0442902566340124,0.4632212758729639,0.4653396108968505,2.8426292190195133,0.2
30.090015816968226,-6.205450334803815,1655.917527077047,0.6164064499597202,0.1522235155818883,2.332397766640989,-0.0325732969936573,-0.0487804724115065,0.4247120132962586,0.4287433362792803,2.623885926009033,0.2
31.19594876244112,-5.245326371940174,1655.493466333984,0.6136042273450147,0.1488940832421503,2.320830980667628,-0.0321665792996213,-0.044523777567438,0.427364771211024,0.4308801495369268,2.5557238263478177,0.2
27.92311562643898,-7.204698512257269,1655.2411504640957,0.62106976483442,0.1540970000262868,2.3274228214419983,-0.0083455466296163,-0.0504400423323472,0.4266071833251612,0.4296597896983889,2.7119079372468358,0.2
29.02250589431953,-6.888094247599785,1655.621785152237,0.5504926666594981,0.1654234298414845,2.71470686781378,-0.0105199500572427,-0.0344249840956288,0.3666008885033525,0.3683638966166997,2.3430679637077647,0.2
31.5633591948278,-4.7356618037103,1644.3139001780924,0.6439719922493417,0.2210759455207242,2.7836655544242124,-0.0161435776825858,-0.0219743747142626,0.358202252059169,0.3592385580985662,3.0730604664961847,0.2
31.42638236922154,-4.845284666973217,1644.143966430832,0.8869451184182177,0.2346723826312262,2.124666642398504,-0.0032750865926438,-0.015934185298197,0.4703808666348206,0.4706620700135411,3.760148125176415,0.2
31.67620935234393,-4.634131648684135,1644.1451721377025,0.7916150524677826,0.2127234935104964,2.198648733062673,-0.004919140182953,-0.0183491652752941,0.4544279053738045,0.4548248135148994,3.476174911736708,0.2
27.291925036575176,-7.172018191838497,1653.8816060444178,0.6378259733838861,0.156027494961655,2.2789986850858823,0.0078529478686232,-0.0332687053870897,0.4374556922741622,0.4387891956867521,2.788643598029293,0.2
30.161508844377583,-6.067258565620028,1654.096519346753,0.5639859665372441,0.1632145970340248,2.6323791766809705,-0.0155908649559375,-0.0306191518648265,0.3783273875159693,0.3798844820148014,2.400879513640006,0.2
31.458170788696645,-4.9573978587816825,1653.4253395050753,0.597826752911077,0.1522773256763867,2.405257886376355,-0.0108764128388797,-0.0234281812168182,0.4149526936651445,0.4157558346088832,2.5013409879434394,0.2
29.010591359263408,-6.700142802816173,1653.5128292137383,0.5737673173579899,0.1672367298405311,2.618778786214582,-0.009274621260061,-0.0357790015159235,0.3800643384106323,0.3818573776693409,2.5012367110125577,0.2
32.14267962091311,-4.2036374430058965,1644.5750822566158,0.5142677280525506,0.1569101695002596,2.8338240855106287,0.0003700492381486,-0.0086447041670996,0.3527739581950392,0.3528800552980723,2.488431502962655,0.2
32.036283430414194,-4.298860486511923,1644.1547090523522,0.7317608488623556,0.1915994502892664,2.2155710970304967,-0.009783428010157,-0.0257047662063371,0.450512131838419,0.451350896091887,3.1439547683861315,0.2
32.5264415542,-3.77241384733,1644.1853514500003,0.7055687570066607,0.2391252205575786,2.7164303100573406,-0.007804650141209,-0.0247608508204514,0.3672135929153411,0.3681301877311519,2.8311374709455857,0.2
32.45174520564878,-3.890717310534352,1645.0623247711103,0.5217827736234852,0.1144339267034836,2.48531507918759,-0.0081356120004321,-0.0190418218546676,0.4018302913584683,0.4023634702795446,2.506040971941875,0.2
31.837243759843226,-4.496243368622487,1644.4305973408452,0.5747954330337223,0.1775393310794354,2.6976148577641244,-0.0164050293118883,-0.0239149688230459,0.369561683086727,0.3706978396570792,2.8598159330853035,0.2
31.386336717472165,-4.881171143047927,1644.2836614673747,0.6879148712049145,0.2470740023270199,2.8737026901885985,-0.006595461159669,-0.0132573607264847,0.3476679267376133,0.347983110227165,3.10418120909275,0.2
31.25661882433807,-4.981020843421226,1644.1450773235767,0.876175135317441,0.2527087335685868,2.3076519185113016,0.0047314402167344,-0.0067667719376197,0.4332622475898359,0.4333409176567296,3.563346151622339,0.2
31.60321028732021,-4.706951007174119,1644.552869826093,0.5780659985850461,0.1302806047085546,2.339485431307687,-0.0154359028440805,-0.0210135923540984,0.426648446010448,0.4274444228708176,3.021475992892268,0.2
31.390444198433684,-4.88230061797829,1644.483191492544,0.6044675985037127,0.144295594129494,2.325453895646734,2.0938289408783256e-05,-0.008644854847959,0.4299366720242606,0.4300235759874694,3.1590297181685574,0.2
28.010455386578187,-6.873995331382881,1651.9891975521623,0.599892481425707,0.1612157734140166,2.460216934685418,0.0007673113774306,-0.0235421773485405,0.4057851544418165,0.406468220709109,2.593941940015761,0.2
31.72293243162685,-4.687257315952795,1651.354991025662,0.5207379327839585,0.1675695402304704,2.8883510709970874,-0.0024916515535193,-0.0064286682581936,0.3461496435449634,0.3462183008296114,2.1265514931490417,0.2
30.37173293933587,-5.81576847759023,1651.6863863842543,0.5383317359548156,0.1693481911730207,2.8089830475683244,-0.0054301329358361,-0.017586346483447,0.3555246122385975,0.3560007244848552,2.271510372154453,0.2
29.15203486189558,-6.469796152416682,1651.3155103606225,0.5825568617016972,0.1630306453052336,2.5470723192264826,0.0008099421706108,-0.0237727600190777,0.3918863901450327,0.3926076195212584,2.6022691854356648,0.2
28.578939216428743,-6.61844940717717,1650.482721673101,0.580524648766941,0.1664642099223892,2.582301200899734,0.0211607335107496,-0.0115517174239754,0.386500325206857,0.3872514947720183,2.5290786911836585,0.2
31.877993832793106,-4.470632286147857,1645.022904909631,0.5172474647779036,0.097143951262121,2.399505472900888,-0.0057035090086918,-0.0109845149915152,0.4165687095930095,0.4167525397602229,2.491211130025419,0.2
32.34561780165993,-4.030964882875583,1646.135250542264,0.5098741765557488,0.1052845443346239,2.4844076349409256,-0.0040565461773187,-0.0109770200132058,0.4023402794189237,0.4025104358624216,2.2549244493847707,0.2
31.44446471785221,-4.845401705229134,1644.8302627097007,0.5586092340851234,0.1100027183265578,2.2950931346454264,-0.0037973534317739,-0.0096801643399439,0.4355880689321882,0.4357121656217633,2.826505190375041,0.2
31.23074596075593,-5.0050384108837775,1644.3110745867957,0.6370459349384725,0.2289353200701953,2.895518362320435,-0.0012844487817767,-0.0082881343658731,0.3452594501947144,0.3453613049093604,2.91113917717462,0.2
31.161473304600005,-5.0549649451,1644.14627319,0.7992805694407108,0.2347051527902064,2.3579898652695963,0.0045984866792746,-0.0055189077562889,0.4240291873774817,0.4240900330950604,3.2837876376658155,0.2
31.181572917192188,-5.049006074839498,1644.5951099069912,0.5454995732387015,0.1347985150637332,2.5098227664108803,0.007786259263659,-0.0011730398533274,0.3983566939245044,0.3984345083577472,2.758326505918143,0.2
30.730071831974342,-5.487719597105204,1649.517106958068,0.5181219237827739,0.1662669814360726,2.891604276350788,0.0036956075992302,-0.0059162694980394,0.345758427673469,0.3458287872163485,2.152437675281966,0.2
31.980654231985977,-4.428481584154834,1649.2962459464063,0.4982029088824123,0.161150892253572,2.961811390484163,0.0066788708461894,0.0036566587575653,0.3375453507378557,0.3376312223029608,1.9533680484611649,0.2
31.39526688637715,-4.892350668027491,1645.2060672986574,0.5222644080802955,0.1010087585231503,2.399474903989732,0.0040326466657139,-0.0030765654830976,0.4167269817366936,0.4167578491182582,2.48799247269638,0.2
29.664555257255014,-6.119424833326869,1649.125956824193,0.525486855844459,0.1694322138277068,2.8783766151302026,0.0049898903494918,-0.0105534599502129,0.3472218731092047,0.3474180531982835,2.2354311101416195,0.2
29.53372741542893,-6.235331584403741,1650.2004522317714,0.528792351266002,0.1731274084473442,2.892719567929776,0.0193159117775178,-0.0069946201158107,0.3450845066399655,0.3456954525030807,2.277797131181785,0.2
28.96324272340012,-6.433751237670279,1649.4674860100004,0.5592672669638846,0.1652924827861135,2.6710691815201546,0.0034662067388393,-0.0136784210362317,0.3741158989035298,0.3743819167689552,2.416377690501711,0.2
29.29652590111649,-6.264411486426456,1648.5942064167175,0.5588508439159066,0.1540963879919308,2.586538792054916,0.011076061700145,-0.0075379811855958,0.3863848389837138,0.3866170509685395,2.447713038190563,0.2
31.219519339941296,-5.072320188917362,1647.561468112862,0.4949996413491629,0.1437942745570885,2.8357257332440926,-0.0006859825083402,-0.0055119443819094,0.3525996659170244,0.3526434126815191,1.9729288514887515,0.2
32.191811799547565,-4.207585823266626,1647.5259662496758,0.5415908432556906,0.1269128212116872,2.4745051760435186,0.0187526754672289,0.017843753162237,0.4032913110272489,0.4041211995356978,2.2665275185664515,0.2
31.582190652361465,-4.749085523352238,1645.9661781785617,0.5217650353273895,0.1089900201922715,2.4507961508202074,0.0050109099106443,-0.0003190234637066,0.4079997771822107,0.4080306718554826,2.29712958021713,0.2
31.10403071356841,-5.114523286936951,1644.933077253978,0.5185852448275913,0.1087919884046056,2.4645753950999194,0.0066626441960818,-0.0020291693766936,0.4056896242891861,0.4057494049434255,2.5615932498985705,0.2
31.07356882737093,-5.125757317640318,1644.3275072119973,0.6035571062484459,0.2200160621720253,2.9588198207336043,-0.00079635799095,-0.0071338856218155,0.3378963531947381,0.3379725906229943,2.764733147867256,0.2
30.94408297825458,-5.226954098676073,1644.6013900799524,0.5288017326608173,0.1351944216297105,2.5918846174167234,0.0005063045525086,-0.0061394007398191,0.3857704615405053,0.3858196438530812,2.6653273741859445,0.2
30.133013605656625,-5.836481485811918,1648.2367037386307,0.5131709186441189,0.1601328251625606,2.8668089123286697,0.020945814983848,0.0021400722725232,0.3481838824808311,0.3488199006566202,2.142216385115296,0.2
30.42358996855065,-5.6309315492865375,1647.1951126703996,0.5135521957478709,0.136558695961377,2.678866873415208,0.0002814354149369,-0.0071603635688174,0.3732233731679221,0.3732921594290087,2.218474848579426,0.2
31.0233421842789,-5.185878564965008,1645.536352203882,0.5194625116008639,0.1002904744557378,2.40808213181947,-0.0073326172181545,-0.0103870769501633,0.4150735388175173,0.4152682281000241,2.4857160099965845,0.2
29.664431552367507,-6.065212373978067,1647.6450915388025,0.5432468091837587,0.142522271648376,2.574683386810612,0.0187747782891434,0.0004078661633342,0.3879430127297435,0.3883972705625563,2.375559464144178,0.2
30.72615566279857,-5.41507799712287,1646.4420511652538,0.5272821764957585,0.1148806390448504,2.462246681202024,0.0052321132717878,-0.0034996284165013,0.4060843667086483,0.4061331497101737,2.403473194007416,0.2
30.75441652294027,-5.368959866999324,1645.016356115101,0.5010055617300251,0.1126195946365287,2.576260696777436,-0.0069498124667802,-0.0104353107696876,0.3879569339133513,0.3881594751846615,2.496723219322623,0.2
30.08772259684024,-5.816192697015719,1646.5839653258745,0.5197645244099793,0.1260862313929082,2.572716386523671,0.0126822869269284,-0.0006246607876246,0.3884867685518074,0.3886942242208162,2.318511992175951,0.2
30.47848007478183,-5.563264701432812,1645.6465369593927,0.5161407961190395,0.1058561954339376,2.457803241012923,0.0072277501260268,-0.0017820403345288,0.4067992875870511,0.4068673941482291,2.493883308683197,0.2
25.52854873277554,-7.585947527973722,1655.8567253562755,0.6931865340881871,0.1462742372466159,2.0391688819848754,0.0004056850365209,-0.0347834095832379,0.4891605668210329,0.4903958710014373,2.9780430304134997,0.2
25.808348076792058,-7.458246121191423,1654.394011769392,0.6563481091661736,0.1562234988488305,2.215948070506613,-0.0040662199716785,-0.0226392839202263,0.4506875345004448,0.4512741130126659,2.8100994489667257,0.2
26.04453088410981,-7.343256135749804,1652.3221710294667,0.6228802561020047,0.1664327497269274,2.406478768993142,0.0076061004326037,-0.0082629189842197,0.4153931179398318,0.4155449085546658,2.6642772265261683,0.2
25.744094778868902,-7.412608044273127,1650.7859506794443,0.5491407102494934,0.1942017287704124,2.9774970327962524,-0.0068619662766557,-0.0002026917687079,0.3357823911405701,0.3358525597121658,2.293133136691361,0.2
27.048761892307468,-7.06890628466824,1650.8406938289204,0.5740397731603374,0.1768979970086066,2.695804350591928,0.0080722821353239,-0.004896543559624,0.37082663240603,0.3709468010096602,2.439667572420746,0.2
26.24069043393337,-7.292523326272152,1649.750595682396,0.5225775909818005,0.2062016908526155,3.2566413269944148,-0.0004475106929903,0.0038026746842595,0.3070409521706584,0.3070648252575328,2.130932311643269,0.2
27.7864775965306,-6.829729430147192,1649.174391987514,0.5529413770268715,0.1747096142084024,2.7798392779662,0.0214289292092923,0.0020836828541278,0.359088165332042,0.3597330277064164,2.3737812498350466,0.2
28.95735845537604,-6.403053099621514,1648.562819163073,0.5798282362750504,0.1496908977778294,2.46160985407056,0.0150891771587772,-0.0032288978621261,0.4059450462076438,0.406238217785155,2.589478815720052,0.2
25.296754285774742,-7.568419278023698,1648.6692049614903,0.4786039995486943,0.2135324751291101,3.646853228991096,-0.0129899533199551,0.0037274318617516,0.2738757866149159,0.2742090062880459,1.9699442663841955,0.15
26.54061969962605,-7.230657826805774,1648.4452611792951,0.4969623953261607,0.2019515232281429,3.375666784171561,-0.0059692140883527,0.0047484894170315,0.2961395560115679,0.2962377698797113,2.029028572691524,0.15
27.85125344870012,-6.80468216508621,1648.0798755048183,0.5410403639865711,0.1696640547148681,2.797592815683262,0.0183039058750352,0.0084735124978743,0.3568806293521777,0.3574501601498315,2.2977068653389097,0.2
28.93175961680484,-6.396015425306204,1647.627483731529,0.5655192350302752,0.1410438398276355,2.4630952819338976,0.0313619352386668,0.0091656372145391,0.4046763149100672,0.4059932262201609,2.572741901249992,0.2
25.884550374152496,-7.454385687956453,1647.4647701435758,0.4705288894327346,0.1959889833859454,3.4953799390648865,-0.0174442555084034,0.0045597818159935,0.2855232038224732,0.2860919320454555,1.9584667735428591,0.15
26.882499820544,-7.152885731158828,1647.3232729211115,0.4773342649076162,0.1875631843550252,3.352626632889884,-0.0098458043966824,0.0054759504996881,0.2980607519378144,0.2982735954519409,1.9793543095664077,0.15
27.944749998432844,-6.782978229929991,1647.005476980954,0.5286808315635116,0.1572129836305442,2.759002385444153,0.0184001090017467,0.0134072981105767,0.3617341204711651,0.3624498497267579,2.3291215713756093,0.2
27.25801294107116,-7.055302850586405,1646.3270860094854,0.4789985784211282,0.1644010969511941,3.11039286648812,-0.0159181352677765,0.0053169932464423,0.3210644634954067,0.3215027949601361,2.0736622079822578,0.2
28.87796971979204,-6.418856941851766,1646.5644266068111,0.5405698065928848,0.1285863317505775,2.490349710442412,0.0363795364854145,0.0184771040813247,0.3994715912805032,0.4015500296230884,2.5053782542320278,0.2
26.4190619327095,-7.335637522281649,1646.398887794629,0.4497837860578979,0.1806207722050544,3.4806434876877703,-0.019779794282705,0.0040940233109052,0.286592263413732,0.2873031965317169,1.9446537325034865,0.2
26.83410859059106,-7.231858808366991,1645.6081651710217,0.4400748237919679,0.1717990157912111,3.4618129762605623,-0.0306324106110682,0.0006478332510608,0.2872364713495465,0.2888659805880664,2.034684078547805,0.2
27.580935334112347,-6.979692473524762,1645.1020240794348,0.484704196519389,0.1540090083338007,2.9814561960186667,-0.0227744045370474,0.0043396963778057,0.3346043358390741,0.3354065712370235,2.477028541190987,0.2
27.47483908268396,-7.000560292310289,1645.6222252078628,0.4641431816229858,0.1539347612232804,3.1128633160706167,-0.019641940145461,0.0045067712965632,0.3206149258193809,0.3212476419498897,2.196570302280702,0.2
27.13645300263867,-7.148184038639305,1645.0559827922432,0.4556120870993407,0.1687260579615927,3.312741066888524,-0.0137666719899406,0.0067448761552994,0.3014753016716516,0.3018648242674895,2.2732141776662123,0.2
27.3528144181046,-7.083627384069924,1644.673561707227,0.5009210665286676,0.2288028175061112,3.6805738355325968,-0.0246116940575501,0.0011158018970261,0.2705774398486695,0.2716967637888169,2.401999904946948,0.2
27.638975008373,-6.974588570538995,1644.648713193199,0.5147898573989547,0.2276637207426385,3.566436722587204,-0.0261580408216468,0.0006291400876962,0.279168378514916,0.280391908726918,2.4819873193143893,0.2
27.5068729503,-7.03526009694,1644.40811162,0.6624505088966877,0.2542913583617653,3.071822628423592,-0.0035713990948759,0.0113296250477864,0.3253228166088082,0.3255396293871248,2.7864512644244144,0.2
27.693735562326022,-6.962921854114235,1644.3875425143144,0.7048996816683274,0.2643244238453539,3.009733986399353,-0.0199714919537315,0.0043870662659567,0.3316254851442295,0.3322552772168193,2.861719523869093,0.2
27.836272363560724,-6.900073070600532,1644.527078897078,0.5565488311775402,0.2764974579155111,4.019613186026347,-0.0248419489055298,-0.000745949957687,0.2475356291773115,0.2487801571246625,2.3765180465981044,0.2
28.08356488074172,-6.749700160298071,1646.074204976847,0.4956572382397944,0.1403821575657489,2.80509336236775,0.0087262055036719,0.0127163871722917,0.356160616803604,0.3564943732054288,2.2895952952362486,0.2
28.15408227851229,-6.743164698329053,1645.2935464811244,0.4833242865795693,0.1349921636998094,2.8341915404310187,-0.0087137449053601,0.0076815122712046,0.3526430365185357,0.3528343041514836,2.4500414988904704,0.2
28.78468712903876,-6.47206367729482,1645.5626764339474,0.5079060894149684,0.1206043292932125,2.59474219206273,0.0113114882011824,0.0116711276717312,0.385051870360303,0.385394742899307,2.475921401039133,0.2
27.947268284849336,-6.860841162242751,1644.3603744659852,0.6880975463732236,0.2520481798250125,2.930574014416662,-0.0026076989604668,0.0112113670975686,0.3410358799256031,0.3412300781623673,2.768479908734947,0.2
28.66941669848558,-6.536932953770558,1644.8298209309642,0.5092736901098815,0.1644846035409494,2.9262155216786754,-0.0120883998292886,0.0024184167325098,0.3415158952868958,0.3417383280867611,2.627896922259934,0.2
27.934778627927788,-6.847957077839174,1644.8437565262925,0.4965297574149541,0.161018440075357,2.97063059238513,-0.0215652964255271,0.0037039644328997,0.3359169694063303,0.3366288634350514,2.547425401953565,0.2
28.284494644227017,-6.707959723342606,1644.6856555231398,0.4949737405410312,0.1952445501404087,3.3146399799378066,-0.0068154464012905,0.0070380890786227,0.3015327701009344,0.3016918899345331,2.446241388836826,0.2
28.0366298361208,-6.816890705123906,1644.544889419822,0.5340516704480798,0.2559130075437925,3.8356775469366218,-0.0271429449461354,-0.0019063675561957,0.2592863268437593,0.2607101321117708,2.3875135038007107,0.2
28.24759563482068,-6.735486502712445,1644.3294192088024,0.6887598680756337,0.2258661112491501,2.648130865631407,0.0017582323134725,0.0132938038553047,0.3773866780516949,0.3776248421021916,2.9306396394094483,0.2
28.5537867021,-6.6021859888600005,1644.29926926,0.7639998573484579,0.2830939275060247,3.0172063716431183,0.0014489543686877,0.0105836619201085,0.3312602203631444,0.3314324168868228,3.0654777839407816,0.2
24.87539173478224,-7.728225678519791,1645.0559080326916,0.5094609947070078,0.2338496674196979,3.687500194746226,-0.0348311054136123,-0.0031538903740626,0.2689217821428208,0.2711864263559232,2.513566859261173,0.2
24.5729352525,-7.76132591695,1644.8360662,0.6360152292225716,0.2282085656300688,2.8924557514104463,-0.0155593295953272,-0.0026979782222579,0.3453661460763656,0.3457269828630466,3.023036444837392,0.2
24.973045993539337,-7.716325516810447,1644.7640869788313,0.5942196138571889,0.2169610634858343,2.972876293136548,-0.0131107931685441,-0.000805375612967,0.3361180049662038,0.3363745751239938,2.8262758997770767,0.2
24.98345352106557,-7.709483030707034,1645.383251738663,0.4665474758791985,0.1756662550311154,3.3043194249202403,-0.0266080483327849,0.0004320876298323,0.3014618915191395,0.3026341801153616,2.3263228712243014,0.2
25.293124869540573,-7.660359448514578,1645.0565943813583,0.4774302697692412,0.2348073284727477,3.949103676701724,-0.0391090075424905,-0.0040856701271838,0.2501503206733206,0.2532220174161637,2.331789216754234,0.2
25.521420313293664,-7.620648001420203,1644.6740075763555,0.6162930381684262,0.2689769618536409,3.511781216646781,-0.0205877229575323,-0.0009722583976377,0.2840088989728184,0.2847557801322397,2.652130547014902,0.2
25.4135387844346,-7.630785619365525,1645.375306542012,0.4527640547243194,0.1833950237257481,3.4880309278139,-0.021460041591708,0.0018857398204966,0.2858841807859805,0.2866947056076545,2.1940397377208813,0.2
25.236058688768512,-7.655540535599933,1645.914775965258,0.4281928657288106,0.194626088876154,3.823830613556707,-0.0163564094709158,0.0030968963228897,0.2609874869221953,0.2615178602458694,1.919015112571676,0.15
25.50480505865048,-7.581723729974209,1646.5199320807974,0.421011164260349,0.2093092496957098,4.085499662692489,-0.0042441703994843,0.0067330043292454,0.2446386675233763,0.2447681024506472,1.8402465222311843,0.15
25.769657153541488,-7.5568786540991475,1645.0875932980312,0.4645389191946258,0.2355521880085971,4.0701266288265305,-0.0315331623918891,-0.0019915478482741,0.2436525145656597,0.2456926015317397,2.234209289787716,0.2
26.172665371963205,-7.465890927996858,1644.5773993003502,0.6412149247804086,0.3624506103780163,5.669016414102196,-0.0328046109448532,-0.0045566281466538,0.1732603605899983,0.1763974430401028,2.94578379771546,0.05
25.934105697501312,-7.498172309691072,1645.7187355054295,0.4404727025626762,0.1807242444053953,3.5553721317393934,-0.014928591506546,0.0047752186283044,0.2808274540512405,0.281264509858992,2.0255435560012924,0.2
26.55854307923881,-7.340956399447994,1645.030069285992,0.4427279964413729,0.2223148650387053,4.067058194213551,-0.0395197091028202,-0.0037123377046591,0.2426528090526766,0.2458779668859325,2.097548902271607,0.2
26.75868948774956,-7.295121844511734,1644.49841009767,0.6173012392890842,0.2869719689573183,3.802210021262171,-0.025475697850433,-0.0005469079863847,0.261767617581767,0.2630049351319217,2.464753011548181,0.2
26.999704805716743,-7.20819536044098,1644.716594794238,0.4776629136855312,0.2601847359566297,4.364873469627962,-0.0258108143133894,-0.0006829232271478,0.2276421128504192,0.2291017155384425,2.1799924496159564,0.2
27.19498752938672,-7.14934777413447,1644.44430031636,0.6044970501222735,0.2295075667309599,3.057881825722156,0.0058150203832129,0.0127575445592439,0.326723074746842,0.3270237559830612,2.565057064950291,0.2
27.5068729503,-7.03526009694,1644.40811162,0.6616455236101112,0.256002598638164,3.097129926930217,-0.0050528211250153,0.0085121069002163,0.3227278019137961,0.3228795767671169,2.7764301913090823,0.2
27.924969297112924,12.551596434561745,1665.527748788208,0.5862071014629647,0.2519821431363764,3.4390301130224463,0.1359567631874307,-0.1024930554085082,0.2357196250284302,0.2907796579661624,2.463249636095716,0.2
29.57788761404253,11.591272703585984,1665.5234024364763,0.5867970763187944,0.2463524224334385,3.359319755960199,0.1175304973101727,-0.1111921958556654,0.2498716704323433,0.2976793138628057,2.4848423531468438,0.2
29.285996152248863,11.96687485178746,1664.1159074834852,0.5842647984186045,0.2403251402850547,3.295568761324632,0.1050999095373005,-0.1019234704257417,0.2657820326100852,0.3034377591314637,2.519868546333027,0.2
30.56422410760148,10.9595082286007,1664.8031007242998,0.5810061318336462,0.2386813364578897,3.2932057121720537,0.0840437593717483,-0.1083092345508331,0.2709472529817179,0.3036554917610791,2.533370290972951,0.2
31.66704093665254,9.738159092735849,1665.4297174513151,0.59518226519386,0.2282494326019156,3.091359855445361,0.0689733557701905,-0.1272625697351278,0.2892882159669517,0.3234822365434171,2.647532256996856,0.2
27.5296027672,14.5686500697,1649.84979872,0.7180444001490393,0.2100282874844852,2.4013920653863057,0.0475352130011418,-0.0640203375818889,0.4087195710418249,0.4164251287467848,2.8309322671414416,0.2
27.89801616208092,14.32130597205068,1650.6363165114628,0.6531429454926603,0.221983622163889,2.7535399577628805,0.0298022584631065,-0.0519817967776557,0.3581917749762726,0.3631688718301556,2.721131791642575,0.2
28.126941052500005,14.3216609047,1649.6631350200005,0.6777094724723656,0.1612697794764379,2.1780733618849024,0.0388732849515136,-0.0668292875297124,0.4525650622065349,0.4591213581229427,2.828032781339316,0.2
27.922335467818435,14.20918158651618,1651.57474453516,0.6223601659421314,0.1886048148610342,2.5799799046944063,0.0342318970576986,-0.0579830196561133,0.3817064883374002,0.3875999181933349,2.7142021129452223,0.2
31.443256959413024,10.220519478535616,1663.9333925486194,0.5792893199049839,0.2268032163299746,3.1593584374272154,0.0629957501360796,-0.1100251061468307,0.2900187844092871,0.316519958024876,2.5831242641776178,0.2
30.260250611127585,11.431533198452616,1663.0828746533048,0.5761958879068678,0.2351109451699858,3.2759392243975958,0.0781083049319842,-0.0977691310226823,0.2784268232334806,0.305255968289182,2.539047600897112,0.2
29.086182270309543,12.276762880278284,1662.678111733387,0.5693441658426954,0.2358686770099572,3.324874237933268,0.0972211096490493,-0.0940085368510352,0.2686428608944561,0.3007632555213869,2.4918230559259547,0.2
27.652936474441923,12.966775042812088,1663.4619990340238,0.5734071497751017,0.2493779337496053,3.479265689256296,0.1155697876428944,-0.090985119559595,0.2469288287711323,0.287416969358771,2.481247726650041,0.2
27.61722528581295,13.483918567463174,1659.42157129232,0.5646879533845871,0.2304209248146511,3.2845456504157498,0.0875108433717708,-0.0771521914807409,0.2812168488384273,0.3044561124834488,2.552985123283959,0.2
28.166354520188086,12.98202191384813,1661.231984961317,0.5738052128510799,0.2323882335632209,3.256119313230005,0.0951541872436181,-0.0848208606198745,0.2794103504323753,0.307114053203419,2.573818648280221,0.2
29.76628751587576,11.99862163510922,1661.4482411648237,0.5648245399465245,0.2271412171079832,3.2442813462696027,0.0772173324310837,-0.0889252335444423,0.2848480297844882,0.3082346730347039,2.519121826510925,0.2
31.16143059121825,10.77653889480674,1662.1434197440874,0.5715573143805729,0.2268896253574161,3.2031112252865936,0.0507695317297808,-0.0923675998136422,0.2938661491421344,0.3121964645203747,2.576303747650404,0.2
30.82240584150275,11.369434441245769,1660.1634095086022,0.555398785220524,0.2200115720040907,3.2153258835486023,0.0432351203774197,-0.0778256612811464,0.2979956384006941,0.3110104655694643,2.5154323617541143,0.2
28.04751150836257,13.983045923510735,1653.0978714662074,0.5971038504246451,0.1952079888573211,2.7473662129948204,0.0431839573519529,-0.0615752877019937,0.3561301529985596,0.3639849668639298,2.681369401101968,0.2
28.502906409593336,14.031125486271227,1650.681751570815,0.6128978538065069,0.16738584715882,2.452681634392964,0.0307074088550612,-0.0617676601024977,0.4018394753930273,0.4077170008440573,2.6589508009418146,0.2
28.99354360321676,13.605609188581724,1652.202006461405,0.5972605230976084,0.1780403258967834,2.600187791983871,0.0308448236927437,-0.0626978174930892,0.3781867366696623,0.3845876067424452,2.609804955424361,0.2
29.528668233460344,13.072763091786909,1654.1279745833497,0.5711645002527369,0.1936033262965455,2.857095461766888,0.0305528941160348,-0.0619709936478804,0.3431183190417657,0.3500058060298688,2.538959383406305,0.2
28.301560494807983,13.60332204773356,1655.342390277563,0.5768880322852001,0.209836781899083,2.987006142167438,0.0524798919482113,-0.064701923602052,0.3242521099050847,0.3347833758635587,2.627385513362985,0.2
30.01130229180457,12.5182573907211,1656.1309231534724,0.5649993704693901,0.2088254264438388,3.0392651646570297,0.0249447156499512,-0.0594429031494403,0.3226499718654828,0.3290269015118483,2.544789654591976,0.2
27.81760213136257,13.581139752976329,1657.717852634509,0.5647549859519982,0.2261866146912666,3.2333688931419946,0.0737753426426153,-0.0709904140119741,0.2918365194869485,0.3092749491470055,2.576547447751528,0.2
30.4393677072546,11.952693626817751,1658.1451161301773,0.547055964024989,0.2197089994542563,3.2608370239548834,0.0350848541775629,-0.0688232068014592,0.2967806272059372,0.306669727022161,2.456602268677392,0.2
28.945553009189886,12.79047828367492,1659.2275109518216,0.571536679915216,0.2165144015470447,3.0859927099181417,0.0671864015982894,-0.0789533681100491,0.3070136943366748,0.3240448354871602,2.6224305388457965,0.2
29.18181731758133,12.883235640282674,1657.3192461125554,0.5648478785479465,0.213503603084327,3.089721520870725,0.0488406556976077,-0.0673438055836539,0.3127797326620418,0.3236537640188966,2.5787016090412926,0.2
34.093104712430204,8.776037936113955,1647.1539958355615,0.7323538513201775,0.2240646802077529,2.4742395273455333,-0.0143474931148541,-0.0396863545245763,0.4019554168885105,0.4041645883302339,3.3815258840848013,0.2
34.12794026955816,8.686820933838153,1646.9928524695056,1.017388427053901,0.2126193645820694,1.710116551955714,-0.0110879214961789,-0.0798779359448046,0.5791679613945764,0.584755465267198,4.363601446230577,0.2
34.055756367968186,8.920042450482848,1647.0666809305535,0.9538633570543804,0.1894474575240232,1.6879079147829168,-0.0114912517303161,-0.0785986006293647,0.5871000601709727,0.5924493814158166,4.330054172898534,0.2
34.136901157326875,8.633124834497407,1647.0874102499577,0.7780629829294712,0.2436497490285845,2.5068104908902265,-0.015988075587865,-0.030948092044386,0.3973894859038398,0.3989132818910761,3.469926888415233,0.2
34.174403635400004,8.522217769960001,1646.94167934,0.9893772154760152,0.2410262009278559,1.9514268302033408,-0.0134118851949104,-0.0611949526654053,0.5086017531361693,0.5124455524144859,4.05141434521098,0.2
34.17312311413293,8.486304487965288,1647.1172673848776,0.6893955490480729,0.1944071640050466,2.3733312644118687,-0.0167723316611129,-0.0383504484022551,0.4192644079179682,0.4213486819117972,3.3258865569176543,0.2
32.04077683521866,9.386725985232568,1664.3083617653065,0.596128347905968,0.2218863914912057,3.015837866100989,0.0451346120050373,-0.1136167079712268,0.3082227630199557,0.3315828119410294,2.7170278025675607,0.2
32.18773967623037,9.415199588354085,1662.744904020102,0.5902372631180581,0.2182142212607641,3.006244568295725,0.0359886522224332,-0.1081868102102326,0.3124906746642708,0.3326409336572745,2.6907758023384702,0.2
32.65466311987864,8.295678359532527,1664.1999789906786,0.5637420304253843,0.2273623290913187,3.253147283054144,0.0361344285147418,-0.1209380673364642,0.2802851128320691,0.3073946283370154,2.4444847532305287,0.2
32.99180927362932,7.61455359218619,1662.6816615680746,0.614385617514405,0.2031803276599835,2.7418032223103377,0.0238539528924239,-0.1359098197016798,0.3376132747986416,0.3647234753620888,2.704541011992796,0.2
31.94059414271161,10.100391768211573,1660.8087902834145,0.5760866215069206,0.2117844333009977,3.011374586637868,0.0257167503456384,-0.089268985385507,0.3188150152116247,0.3320742641706615,2.6945380324391195,0.2
34.01920811552099,8.972625862093183,1647.3782835928116,0.6422419526835818,0.172606992706187,2.3779457030160254,-0.0119202207344167,-0.0553267920198863,0.4167051922617681,0.4205310485986571,3.125247160464555,0.2
33.93749897167711,9.256791175437067,1647.1762040053518,0.8024929949077395,0.1854991179157049,1.9811022280868529,-0.005577700106501,-0.077721838310043,0.498718821443796,0.5047695095299036,3.4710359897967358,0.2
34.1177454947637,8.653887137563904,1647.301013506872,0.6625570096746075,0.1510590722041446,2.1626928269080765,-0.0166741346210823,-0.0527408703210962,0.4590660773866462,0.4623865153470102,3.31392487862831,0.2
34.16979763410154,8.434414183607455,1647.3692103305357,0.6254064787904513,0.1431610989142614,2.240450923025949,-0.0158492897319995,-0.0602859010760291,0.4419645508757737,0.4463387212469718,3.037238096830635,0.2
33.85623922954399,9.391384803987313,1647.6305829400796,0.5766383553298218,0.1827284148341864,2.732972738504525,-0.0104787685847907,-0.0460260778437394,0.3628443440885562,0.3659019301258004,2.480939359584058,0.2
33.73673711381865,9.738124534308362,1647.3393594012357,0.7163831146776287,0.1801850084110458,2.1823572498177373,-0.0085405567981477,-0.0545538584151955,0.4548808782734659,0.4582201195901892,2.9655365004530614,0.2
33.96833031920912,9.04142140183265,1647.7714923449046,0.5818023864807403,0.1342396513244123,2.3496213689121173,-0.0128107676134293,-0.0631080809673662,0.4207006409456816,0.4256004874789693,2.674479094279211,0.2
33.218355421701354,6.91465324486833,1661.4046470771132,0.6477917985190612,0.1895409529890633,2.4861666649940903,0.0092437066378156,-0.132164992444656,0.3797794639789112,0.4022256488594569,2.860398684080022,0.2
32.81402455645269,8.426626380135605,1661.3726957522724,0.5741372889571797,0.2102777028076567,3.005884784274276,0.0123898395262739,-0.1008146638979137,0.3167954795386153,0.3326807485209166,2.553193086823143,0.2
29.015341744560505,13.866632089945954,1649.940788269353,0.6107644865712909,0.1790791611934334,2.5509286353336,0.0201900171774921,-0.0578838606410578,0.3871910104709287,0.3920141026874412,2.538760732194346,0.2
28.126941052500005,14.3216609047,1649.6631350200005,0.6770771294019414,0.1609660085192431,2.178154177466098,0.0380058942128483,-0.0693275904664133,0.452245527351248,0.4591043234429462,2.8249203075286995,0.2
29.04844164750537,13.918192614788031,1649.3695150638166,0.6330481119289764,0.1395043471616409,2.190953974971865,0.0346408143842167,-0.0688530616895986,0.449867181099411,0.4564221847758538,2.620065721489936,0.2
30.61345143197725,12.602772742143516,1652.5817638280275,0.5538344565652603,0.1807345081883457,2.827730738470911,0.0100546226348582,-0.0532029019837031,0.3494709300586477,0.3536404603150962,2.3828151789238223,0.2
32.24011238855616,11.726459326710325,1649.1785312946918,0.6072292450148828,0.2283155560302053,3.0307670169635426,-0.0171490540790605,-0.0294932811557021,0.3281809186886772,0.3299494795881333,2.4182325420374067,0.2
32.7430861209128,11.31500081795398,1647.9438261471057,0.7016464995891754,0.217784787292343,2.525057201529598,-0.0208829205011774,-0.022635655344967,0.3948313468079421,0.3960306322542841,2.688579298217096,0.2
31.67161728459305,12.362823873951095,1648.4311195338646,0.6527822946291709,0.2278774399341015,2.814732253986178,0.0047700838540486,-0.0447856301262554,0.3524071638250231,0.3552735783603631,2.336156112940215,0.2
29.909221448804526,13.267071476979234,1650.9098214762305,0.6120108431615932,0.1696704635060434,2.4732241561847763,0.025347830573338,-0.0691573387685487,0.3975649838610891,0.4043305163016891,2.584509337441752,0.2
30.934141966778487,12.78182297294022,1649.6363566309212,0.5555002831539803,0.229520645374229,3.3277569426519578,0.0011525792295764,-0.0435361385780656,0.2973300499792753,0.3005027161638432,2.101307435834507,0.2
30.270163945607614,13.301684649686338,1648.959668787695,0.6536410587783384,0.1882972310675479,2.4540873640914604,0.0110620636463423,-0.0517127446799464,0.404037361578322,0.4074834558182955,2.5194780967700483,0.2
29.81977713323469,13.457147284556887,1649.8161416560777,0.6217746509247232,0.1967482209300717,2.651756454292108,0.0115568567086097,-0.0531895728723714,0.3731596949618857,0.3771085381470118,2.570985098683116,0.2
33.14821160105196,7.535766516251174,1660.3654576253964,0.6119331901278144,0.1997479459050403,2.721322471998263,-9.50884463329308e-06,-0.1011976633794721,0.3532591879527149,0.3674683946095155,2.710578052860985,0.2
33.35905259810506,6.2685195272755525,1660.5787976781228,0.6780026887359559,0.1836813298596677,2.3313837339413683,0.0016873426492999,-0.1355012944343207,0.4069611045270771,0.4289298177050544,2.950550162089972,0.2
32.7672620916036,8.863751764868036,1659.9068271859062,0.534756331091302,0.2145185751836575,3.2751878464067787,0.0053855212897019,-0.075409619434667,0.2958181044396679,0.3053259986590094,2.3548474587832238,0.2
33.102407209561825,10.728566145978595,1648.551489397675,0.5647532532837036,0.2350221569195229,3.341194073138969,-0.0137800383935594,-0.0282618854856445,0.2976380238489249,0.2992941978555963,2.182710329317872,0.2
33.38278247871983,10.412415343519498,1647.583063084279,0.6724405535552461,0.2066265959433724,2.5345179263095674,-0.0070773807972475,-0.0427917288569455,0.3921611075636083,0.3945523484444511,2.6105118479124494,0.2
33.59002918758693,9.946038275120776,1648.0067231422634,0.558445874839224,0.199217576012007,2.9767095594060566,-0.0144569362645018,-0.0329824237453933,0.3340056679050341,0.3359414078004742,2.3237531965969733,0.2
33.83338033891973,9.326872561420563,1648.2062964333352,0.532316310745593,0.1421516569259928,2.624830235414568,-0.0198602830201936,-0.0416208639377641,0.3781755707259494,0.3809770195831575,2.289476147995981,0.2
31.919901879174013,10.498368706269185,1658.6483659316086,0.5690890524680552,0.2057350712320056,2.9857350627778345,0.0132126520971422,-0.0728789907022006,0.326633489315688,0.3349258989743153,2.6125147925405585,0.2
34.09106367012738,8.680361965672773,1647.5810421156857,0.6148147867787622,0.132990769831566,2.215892632345943,-0.0161470795964952,-0.0614328972180074,0.4467927775675978,0.4512854031836868,2.9248002267076574,0.2
34.16203377999144,8.357604059747176,1647.7387331896252,0.5893272091952243,0.1256401377187428,2.266335661490106,-0.017191523057505,-0.0701153980177216,0.4352950946188023,0.4412409057458435,2.7495034488594934,0.2
34.02734469331674,8.768328760695326,1648.0808740565917,0.5597031161714964,0.1327823051135218,2.4327006958434736,-0.0180579367678965,-0.0584490940920196,0.4064882369150248,0.4110657762825512,2.46090631378173,0.2
33.15549188396732,7.813775920961126,1659.3322669001702,0.5819283317957817,0.2025876146361728,2.8889594918331345,-0.0018731532369912,-0.092418741484713,0.3335744236935776,0.3461453865403522,2.5504692533841475,0.2
32.89023305812172,10.872148393026263,1649.587193751597,0.5253781126543291,0.1946544883605317,3.1167824353364546,-0.0116693198566416,-0.0425967767624132,0.3177892692220596,0.3208436972252286,2.1044520328009413,0.2
31.595189886868173,11.244538628158187,1656.330449743955,0.5441754268751214,0.2024506110343993,3.087962480904082,0.0139448008199028,-0.0650316455243547,0.3169346352683643,0.3238381315135745,2.43819548068344,0.2
31.12401164160744,11.950827000716384,1654.4910452471486,0.5535017860730592,0.1890485090317117,2.9050815900069447,0.0072618709840355,-0.0587165530995966,0.3391018680770967,0.3442244112660566,2.4685005703671417,0.2
31.899674535594627,11.489828701828042,1652.9666675957203,0.5218215115453643,0.1871936433445326,3.063179563822061,-0.0069309085249177,-0.0471060809174597,0.3229673629309467,0.3264581717019086,2.273458517922529,0.2
31.91257712813679,11.805783835466148,1650.879444608102,0.5595852523929756,0.1840103339047727,2.827683931936296,-0.0104192290389916,-0.0460589953629159,0.3504792776993318,0.3536463141109396,2.341873772334752,0.2
33.329315399902114,6.801966038622644,1659.6657049704197,0.6481081121402494,0.1875873229828958,2.469413958352033,-0.0039999154956915,-0.1203058034616234,0.3866504425358803,0.4049543806204737,2.8421848327518884,0.2
33.45631080890092,5.622373841910109,1660.09207369,0.7232677555884175,0.1693333768885169,2.090646184186296,-0.0036948831435132,-0.1514168553277333,0.453707256877843,0.478321012691687,3.1847484188262496,0.2
32.98777780743586,8.692503290254113,1658.2713233043162,0.5518483780461637,0.209404054914813,3.1178892450930773,0.0010583219040292,-0.0774150264831427,0.3112449187884638,0.320729801924105,2.4360829801271198,0.2
33.51978646538867,9.87666268273624,1649.092560641339,0.5389136276515586,0.1609531073274405,2.736472386108657,-0.0320822121618048,-0.016223318891005,0.3636612855438337,0.3654339817483154,2.311102190589518,0.2
33.936589206299125,8.863849378649954,1648.7871170706042,0.5231913674268455,0.1462100069360747,2.701244465036373,-0.0181472045974969,-0.0579164205294462,0.3651906557801493,0.3701997405060984,2.1898589955884247,0.2
33.133781137899085,10.28887741340303,1650.6433136786763,0.5503981991712568,0.1728651003574988,2.7769376052882286,-0.0266229024815147,-0.0347562892478374,0.3574376241802051,0.3601089192986049,2.43169294658949,0.2
32.85573358864348,10.424967597929037,1652.2209276219496,0.5320907857851016,0.1831245273400488,2.9654843848441788,-0.0161485541292022,-0.0422916677251003,0.3341605487881763,0.3372130384873178,2.369158758324868,0.2
32.73130105883013,9.697019181905777,1656.5528532749804,0.529410393859176,0.2065962118419227,3.2189321613828827,-0.0022079464005572,-0.0634221694472606,0.3041112466505252,0.3106620300970837,2.3390782494398734,0.2
32.58158861120414,10.428532541227083,1654.274930924663,0.5567903868974641,0.1877787582895361,2.8761784585410632,-0.0132791073199033,-0.0535847015717339,0.3432727942360447,0.3476835719391516,2.4829114859630224,0.2
34.14528469994778,8.243642217882345,1648.2806306641237,0.5477095433632571,0.1306410060995576,2.471559201217764,-0.0208940373766789,-0.0624594824898603,0.3992064031049461,0.4046028917726466,2.3969264939416157,0.2
33.33645103204648,7.252880108817604,1658.4518992591643,0.6232248675301434,0.18855345266221,2.5759753904601035,-0.0055343494415263,-0.1114883202203525,0.3718075851312135,0.3882024664146293,2.7958144659984367,0.2
33.48000128680778,5.819596207076543,1659.2017366256755,0.7044873610550905,0.1673344710892417,2.133482068767578,-0.0098290481613684,-0.1412696482330477,0.4468133877234316,0.468717321152672,3.110947157264486,0.2
33.38528118153399,7.68093990158104,1656.8790275406182,0.5911436802867489,0.1913799054494042,2.7406448041185327,-0.009715480646754,-0.0897768578985514,0.3535271067526083,0.3648776370061671,2.657980755956168,0.2
33.81192071468983,8.942456860689028,1649.7961848049763,0.5145402807280874,0.167878324477843,2.9258590792428683,-0.0213213706035294,-0.0480444969424869,0.3377138829603796,0.3417799603181068,2.093533185438519,0.2
34.111399169129065,8.074195846844205,1649.0751494745498,0.5265204045924297,0.1494920889128024,2.7092992289200764,-0.0230676823470151,-0.0595498238420866,0.3635324902468016,0.3690991343169572,2.210409771354966,0.2
33.64720813526072,8.96246239974569,1651.2528118197235,0.5100534464568466,0.1915386399095501,3.177997481466251,-0.0213713477359023,-0.0437153360422517,0.3108784177890835,0.3146635596258006,2.0744363488939626,0.2
33.46889263581676,8.88125842766304,1653.0675956551324,0.5092199699939417,0.196237613127375,3.232440806373227,-0.0191777187544161,-0.052341615131041,0.3043000138384484,0.3093637470571324,2.133610711362428,0.2
33.438478518076295,8.186393663842647,1655.1630305475878,0.557866574846788,0.1901117749990405,2.8922417366190665,-0.0167476785476561,-0.0651062028736796,0.3391541449623964,0.345752565333272,2.434202038991455,0.2
33.531420413499006,6.104308872155832,1657.9248303931397,0.6554756372340625,0.1727490002635534,2.330947370765385,-0.0149218782324534,-0.1282521551521844,0.4091190550092964,0.4290101151754628,2.913138216321673,0.2
33.63321819749905,6.512228994671182,1656.1066629427,0.6110178203797982,0.1785523228071963,2.545691871344152,-0.020767664192594,-0.1006559664720588,0.3791372311342089,0.3928205181689917,2.689496402492904,0.2
33.93121543727614,7.447783370648375,1651.9346904247398,0.5429442824059412,0.176758745835966,2.848970531675788,-0.0262869087597464,-0.0664072483625953,0.3436609824700582,0.3510039815721757,2.278686348969697,0.2
33.77993387148224,6.989084450755017,1653.985975374061,0.5794741934186503,0.1771853403010531,2.672899661220226,-0.0258856088116534,-0.0743040967809833,0.365757772284476,0.3741255291055266,2.5007393692303785,0.2
34.04642717095409,7.821748996313825,1650.2395198874206,0.5302131759411051,0.165244653848937,2.8170332099592383,-0.0242605801327716,-0.0657874634180077,0.3479894271869024,0.3549833904920381,2.19626997020927,0.2
30.9902827426301,-5.18461386581246,1644.1492391260408,0.7517885129144064,0.2109144499612165,2.300636124655278,0.0067086238873573,-0.0039070130460537,0.4345930558943716,0.4346623915374004,3.1169903410029374,0.2
31.161473304600005,-5.0549649451,1644.14627319,0.8001751715196653,0.2362975324287634,2.369576526775507,0.0039518033938044,-0.0069408324263348,0.4219407477686967,0.4220163344379464,3.28056735578,0.2
30.85658382412352,-5.2859430780339896,1644.3542288467647,0.5687486685327726,0.2345416800876039,3.3117174005850853,-0.0008327300415318,-0.0050443455437901,0.3019148466389115,0.3019581320022441,2.525524699141718,0.2
30.729806731403475,-5.372758190360849,1644.1560521676038,0.7154935024771016,0.2304010987741866,2.592066816388166,-0.00092086050968,-0.0070446804012935,0.3857271007146294,0.3857925242040708,2.940110363420993,0.2
30.53817303949108,-5.5089076420344885,1644.5682067282964,0.4986858273922611,0.1772740883957086,3.1067702826676187,-0.0093383917635435,-0.0086199126887165,0.3216266938123402,0.3218776764986155,2.442084629278927,0.2
30.32938970849916,-5.64102540439624,1644.171807163378,0.6559988339003535,0.2631932061628544,3.218642778251242,0.0044204556493906,-0.0002553053961881,0.3106584079055371,0.3106899612336978,2.538782451394776,0.2
29.416447387469464,-6.168039640798069,1646.74691797443,0.5539459116811781,0.1251635283257908,2.408023947666751,0.028366929399945,0.009545446386795,0.4141983060251812,0.4152782620658518,2.5681375619350213,0.2
29.966629498005844,-5.8653878687017285,1644.5683517540845,0.4936601520892308,0.2033831215490701,3.4146490265549687,-0.0036424976830394,-0.0027856327006436,0.2928199636232075,0.2928558666566378,2.34845375304009,0.2
30.007532735049693,-5.843323022900084,1645.1032596000034,0.4965627602577872,0.1124389713615408,2.5980993719007768,0.0078626316336565,0.0044441774178929,0.3847907680302881,0.3848967482981212,2.487019076748149,0.2
29.71481817880808,-6.011607066455617,1644.2063745266792,0.6367349723919543,0.2227794590132309,2.832604192972431,-0.001832681593362,-0.0019445824427495,0.3530219143077969,0.3530320270233861,2.5831852186125155,0.2
29.5018926212991,-6.12137069707104,1645.9244585818062,0.5377814902403207,0.111925096725078,2.395789163174122,0.0241546820618733,0.0119130092060629,0.4165291783617048,0.4173989996161117,2.59441166817674,0.2
29.59382313963319,-6.076875813822146,1644.6338668618191,0.4812337118566523,0.1828561641679751,3.2761040477853096,-0.0135542569485324,-0.0055566764894275,0.3048888909693429,0.3052406106198042,2.381478088697962,0.2
29.26160571443028,-6.24918164373611,1645.099183084048,0.4999511350542114,0.1274181609248443,2.6842364134713144,0.0010287151317834,0.0049151621250935,0.3725115808614525,0.3725454266924193,2.541522861782116,0.2
29.057443183877915,-6.363817850115102,1644.254476427554,0.6961205888987473,0.2843401417026465,3.330551932578034,-0.0309733688502191,-0.0121267244124845,0.2984023740131217,0.3002505351195482,2.816747873194746,0.2
28.5537867021,-6.6021859888600005,1644.29926926,0.7596312195045676,0.281141969836907,3.007493609099497,0.003043617910428,0.007879347897227,0.3323954784613115,0.3325027847023155,3.057082643368541,0.2
33.66205024790359,-2.054288326130801,1665.3004024898662,0.710017083670693,0.1428775969057134,1.9718964749755608,-0.0085565785170561,-0.1563366056072043,0.4823509563671397,0.5071260143169501,2.895077336615532,0.2
33.51121450988856,-3.049193165702268,1663.9124147494176,0.6906862925939314,0.1390712511339739,2.005707928304628,-0.0290451366903042,-0.1280119248666351,0.4809869340436912,0.4985770788896834,2.9056129281336243,0.2
33.67612894999408,-1.560584415848382,1663.501497315012,0.7287645238134892,0.1395729324716654,1.9035547954972176,-0.0092775808486953,-0.1588404886512686,0.5006578701987014,0.5253329204735581,2.9824358106561224,0.2
31.402778723107733,-5.84352083042006,1664.5868710527002,0.7153099283372555,0.1255012849910941,1.8664889341472743,-0.0757531219665607,-0.1232773211493941,0.5158571712535852,0.5357652979908294,2.910697238525602,0.2
32.616798236475866,-4.6548868594848045,1663.6516295257493,0.6757340097520215,0.1382686030306305,2.04554021086938,-0.034630350978006,-0.0920974047723755,0.4788644209713844,0.4888684146546245,2.8275866155434355,0.2
33.22474550035419,-3.6751195094596896,1662.6152951072297,0.575817077767128,0.1537306118226644,2.5076756538757805,-0.0268692949785728,-0.0822957274733278,0.3892653038761784,0.3987756544409693,2.3394859324906485,0.2
33.61349614548232,-2.4412778621265163,1662.4235144228126,0.6910423820998608,0.1417677060877495,2.019763811182873,-0.0185292014004287,-0.1204134911809854,0.4798839368812918,0.4951073954604379,2.951261167248734,0.2
33.69713266620113,-1.1307300253300665,1661.9608749600002,0.7322040548223236,0.1388835345869718,1.8909958852268025,-0.0105206030676032,-0.1548119797535943,0.5055444086399822,0.5288218804770493,3.053429215119539,0.2
33.288856030330514,-3.4539651085754555,1661.6874685557032,0.5644951064292549,0.1588958811367344,2.5967064658424626,-0.0160344518039711,-0.0750536938608383,0.3773782228784129,0.3851032117623525,2.276970715469235,0.2
31.529813916055296,-5.502560999366335,1662.4287526530345,0.6955128147092894,0.1305872508750566,1.9460454922525536,-0.0570567168168992,-0.0985046404162095,0.5010949415827682,0.5138626018667718,2.882796332968685,0.2
32.51815847266506,-4.556940898943347,1661.730810757565,0.6695391217793526,0.141156921137964,2.0810833364582675,-0.0325933712851613,-0.0855212809486389,0.4717226445041003,0.480518959755773,2.8217355369861687,0.2
33.60388792837806,-2.4207546814705925,1660.8027122055237,0.669242768332781,0.1440002660483691,2.0986337067766043,-0.0152769029902554,-0.1050752991857609,0.4645196652722475,0.4765004949510459,2.819480051513505,0.2
33.738239493849065,-1.136465772274048,1660.208736485116,0.7022967990097232,0.1418160888221896,1.9876652311304357,-0.0176117634814051,-0.1396483360198759,0.483012033113988,0.5031028285539184,2.949675475254033,0.2
32.83841927253853,-4.016669614310118,1659.8722905288553,0.6335267995658411,0.1471997612634182,2.237052326805125,-0.0232931922189169,-0.0735438636692733,0.4403098429072854,0.4470168122657026,2.61546686411345,0.2
31.75150922638781,-5.132834974211743,1660.482699710819,0.6743782241486667,0.139039555547092,2.054030335291646,-0.0367808600491413,-0.0761799863693131,0.4794418497910502,0.486847727036131,2.838104591780528,0.2
33.565744602997874,-2.486463275879605,1658.736218461073,0.6158051060945312,0.1506173154236311,2.323942301083095,-0.0180226307210513,-0.0697645304143682,0.4242275448674996,0.4303032822862859,2.593429066837603,0.2
33.78864907712125,-1.1525398872662365,1658.1272159297878,0.6478189502322982,0.14742493552212,2.189095772781177,-0.0193824291139316,-0.1064156424814671,0.4438187220224759,0.4568096162962901,2.7165122261816794,0.2
32.90183194684452,-3.776626400154929,1657.8183484348497,0.5924203959398368,0.1538869259737985,2.4384957201542896,-0.0261258824471645,-0.0645505370058757,0.4041331006998622,0.4100888887091126,2.4625049301528,0.2
31.99536495500345,-4.730951310860366,1658.0710454218988,0.6414654833312978,0.1442261749340651,2.190900825028138,-0.0341124379149277,-0.0629367200051031,0.4507844598348894,0.456433257305089,2.6892313421021794,0.2
33.57809367910812,-2.310031356969719,1654.3794314445818,0.5645105265900301,0.1551630870283078,2.568527447616236,-0.0169794592853252,-0.0497567263144471,0.3857620543620631,0.3893281346586606,2.4249396937492143,0.2
33.85361451567214,-1.2833946953526882,1653.7547119255844,0.5764492623378152,0.1516194493724807,2.48974583956941,-0.0190134092952514,-0.0651658051735861,0.395869372874939,0.4016474228441507,2.399087088747585,0.2
33.83134893224636,-1.196502716644697,1655.944161466697,0.5890678221799267,0.1532595888149955,2.4479370438835084,-0.0219330913253322,-0.0703000069296474,0.4018146486011898,0.4085072377570457,2.4633258376202423,0.2
33.40966677834804,-2.7960255117947286,1656.10136873332,0.5955946390575254,0.1552455423673064,2.4350581348027958,-0.0173455049341876,-0.0534379031116706,0.4068065597139896,0.4106678135144341,2.548074936491235,0.2
32.33131417754607,-4.285297359703376,1655.772863946617,0.5954033215605079,0.152158986951061,2.4142262292697367,-0.0192975173355968,-0.0426897758670598,0.4115534761265261,0.4142113890886205,2.498268107364173,0.2
33.48184937271663,-2.5114355909743296,1652.3570265090673,0.5385407003501599,0.1595328528407327,2.726944266180813,-0.0085623497962689,-0.0257405379849888,0.3657060910026888,0.3667108317547455,2.298137889078235,0.2
33.84605363595623,-1.4269934039243286,1651.565419085038,0.544774515431938,0.1536982047693637,2.6503210035487763,-0.0155104880790127,-0.0465115988947639,0.3741136644644074,0.3773127853799601,2.2903853342083083,0.2
32.92493963641325,-3.537894156710782,1654.058089202534,0.5422792424620554,0.1615077332646743,2.723944611976166,-0.0158273248122494,-0.0348782174860431,0.3651111875832251,0.3671146599689927,2.2972629597794434,0.2
33.39838747034243,-2.640864370102641,1650.137264811456,0.5028200730123746,0.160559170794351,2.929498755749808,0.0007699264611001,-0.0044499122805387,0.3413254509018303,0.3413553250491308,2.158280468000866,0.2
33.79393683211686,-1.6411098156594166,1649.381328068899,0.5248410670681538,0.1448669681965858,2.682570383721267,-0.0073554147480408,-0.0197825049756041,0.3721788441582344,0.372776798725705,2.22415486064174,0.2
33.32682557059999,-2.55812403919,1644.32479657,0.696106930295516,0.2453200993801056,2.8203264155750603,0.003176876501356,-0.0173013753847263,0.3541322718417348,0.3545688876569635,2.666427373277329,0.2
33.12986725831865,-2.963791242394218,1645.0552075467724,0.5403515916472457,0.2061229390064294,3.148675329505408,0.0056996259369805,-0.0058119073156667,0.3174895362588347,0.317593875312981,2.21241421017863,0.2
32.947229148598645,-3.209668416096661,1644.2395922920075,0.7140622097837128,0.2480572954815846,2.7792791393151077,0.0009026825377227,-0.0222976354305946,0.3591128222005771,0.3598055286546094,2.674469861883605,0.2
33.50109668214229,-2.2737752508760924,1645.4817245387087,0.5657989426330189,0.212562271605541,3.074426400545491,0.0094009168111416,0.0033852998781508,0.3251104178621687,0.3252639255968435,2.3817848555716954,0.2
32.79656863938147,-3.460392653031691,1644.8756008051698,0.5029521569690197,0.1899441675476261,3.2062946034600377,-0.0056104151083778,-0.0208347737945578,0.3111392356600647,0.3118864994254929,2.046302872510976,0.2
32.5264415542,-3.77241384733,1644.1853514500003,0.703066269418964,0.2382490013298743,2.7169734493107844,-0.0051543351844678,-0.0257053063447958,0.3671216802872865,0.3680565963033869,2.824502694600002,0.2
32.82487965856475,-3.586001742527626,1651.7798128055854,0.5087946668691229,0.1718742304456277,2.9949330235537803,0.0028945294866039,-0.0031611233672929,0.3338697721296887,0.3338972832231828,2.140634144500257,0.2
33.188076057088686,-2.9191896419500845,1646.2628735833289,0.5092624131447816,0.1392729969580727,2.7217593723055904,0.0153061584307587,0.0154384717232674,0.3667656585254261,0.3674094081112337,2.153500557298174,0.2
33.67331882946639,-1.9434459663236765,1647.21469958673,0.538218488031688,0.1456767395995463,2.621873468829948,-0.000468563197017,-0.0114718665124977,0.3812338078361483,0.3814066589743805,2.31254336670077,0.2
33.29659873606206,-2.782585235432349,1647.9717918054157,0.5084779250331861,0.1388656116705953,2.722883472247542,0.003127486278622,0.0014841692043221,0.3672414130886799,0.3672577288717291,2.1537479696922124,0.2
32.72142681874234,-3.660517883653393,1649.5419039886613,0.4731090275774188,0.1685655617610669,3.188681460758399,0.0177209831957228,0.0152887405370885,0.3127346840023807,0.3136092495617794,1.8856875009013705,0.2
32.73704315591686,-3.5921090286018185,1646.7648696319186,0.4320331871594028,0.1399782825173262,3.214579686551532,0.0124333906604087,0.0178132614578334,0.310323250705794,0.3110826601012833,1.6255923053054395,0.2
32.80246614664718,-3.478753516330188,1645.619565675346,0.4577216092230217,0.1257290408001705,2.918652955661462,0.0078672840031838,0.0011017683954762,0.3425317038300657,0.3426238114607796,1.788421565296466,0.2
32.78908786116562,7.823242142982502,1665.195389499335,0.5873766215519574,0.2161155745738666,2.99855335300802,0.0366365544845282,-0.1383226196620603,0.3012357274185717,0.3334941494360415,2.5557119483322954,0.2
33.130292452565044,6.865459782361511,1664.0089267943397,0.6411783436825675,0.193844323429876,2.5471166969543453,0.029091565650352,-0.1657088312080266,0.3547247325960826,0.3926007792244958,2.8234058890584977,0.2
33.27961959674877,6.3164544201506025,1662.6408006608765,0.6476280730527797,0.186526335052424,2.462880140635652,0.0161852898301126,-0.1654638258819279,0.3704309068736927,0.4060286911655826,2.804499619490964,0.2
33.35599540706693,6.048154278841458,1661.4359855522534,0.6755501016300062,0.1819833117941279,2.3273544493365783,0.0082429335230772,-0.15786368060869,0.3995365991870904,0.4296724120750296,2.899377426548688,0.2
33.44402210117344,5.435187035986382,1660.942774333083,0.7272898946689901,0.1686047131939105,2.074512822601062,0.0028580664417514,-0.1670792485892791,0.4521501657368278,0.482040886470001,3.171606474848641,0.2
33.470955079096925,4.808220300247331,1663.8532502834423,0.7297824561635887,0.1619494660418651,2.026725628446132,0.0234678287589619,-0.2175599328978838,0.4422296984615302,0.4934066979587607,3.134127672765336,0.2
33.44313739299311,5.168921200136915,1662.1654036019704,0.7339504633105968,0.1643705093436268,2.029752764174612,0.0108951603866754,-0.1872180817562022,0.4555823111809193,0.4926708403358893,3.199954058762277,0.2
33.502303552738375,4.985257335848378,1660.4433890603143,0.7209566317696559,0.1704583048743291,2.104507568386128,-0.0018995615236572,-0.1622409293842794,0.4466109219658573,0.475170541090933,3.065033905951618,0.2
33.52417582713922,4.973460591084585,1659.8991447412045,0.733855328983459,0.164347952390072,2.029879469978437,-0.0063039501993431,-0.1640616186331587,0.4644763734128234,0.4926400876455107,3.2063838926691437,0.2
33.54897612135491,4.41678571984729,1660.3620481482403,0.7425514133905677,0.1625842031253704,1.995620993929281,-0.0029432179101342,-0.1775166178855717,0.4685910213909891,0.5010971537391218,3.157291102474399,0.2
33.527325590156174,4.409008681502361,1661.1426287377449,0.742589064217892,0.1610342793326971,1.98639527954176,0.0018051740926039,-0.1844609946388734,0.4684090994572359,0.5034244746245516,3.1416406650753776,0.2
33.55039417527828,3.781063535530016,1662.4456736342358,0.7517701423482622,0.1535216987357298,1.9195918165561,0.00946436274759,-0.2161538952496211,0.4738888664795647,0.5209440837240489,3.1317689886512494,0.2
33.61210606619697,2.675742764426679,1664.2213380411283,0.7778072301389805,0.1472985925928611,1.8225977753435367,0.0164417782885379,-0.2439590088518735,0.49117165655128,0.5486674095229336,3.1908789784790352,0.2
33.66781761041553,0.8175532260050526,1665.2992772490577,0.7842514619746574,0.1394978791519232,1.7685072450664736,0.0124657558127727,-0.249034560305216,0.507502262653489,0.5654486306401377,3.112370028343616,0.2
33.66921902714219,-0.5201009978503636,1664.3917791030472,0.7788956797626222,0.1356746331169444,1.7619813143131908,0.0025497488069872,-0.2068233441704106,0.5285097503109791,0.5675429085862886,3.1329584237730246,0.2
33.57660278806155,3.869873630016383,1660.6042652648027,0.744315028634777,0.1579118403830497,1.963700151853844,-0.0036156926402174,-0.1853974247674069,0.4742814207926377,0.509242716641817,3.1189033643848445,0.2
33.58163275617455,4.1754210809538215,1659.923974407625,0.7374925207197893,0.1591874577370616,1.989284117263805,-0.0082832884255619,-0.1704463787377042,0.4728425481003166,0.5026934017728283,3.1565566125679694,0.2
33.58977708171064,3.323564380814937,1661.2500243852658,0.7466757264013233,0.1562424791603044,1.947985691906035,-0.0009609164513032,-0.1973115293551822,0.473915893232998,0.5133507931577954,3.0971302745624696,0.2
33.625052343271705,2.0238543089481484,1662.307129129185,0.7743465163542582,0.14780699750191,1.83338609191722,0.0016311663415282,-0.2058317826203551,0.505108062406568,0.5454388491374851,3.180849121525358,0.2
33.649042198906145,0.825844475998615,1663.380065322134,0.7705489451115975,0.1410064372323944,1.8075200063559864,0.0030592931967691,-0.2115358906612765,0.5111970041659213,0.553244222184865,3.100345431656029,0.2
33.67348247102531,-0.5465083651985186,1663.0983750723162,0.7553946238637984,0.1392065206321584,1.8345832954521255,-0.0034015835055546,-0.1848976420095732,0.5127540045647535,0.5450829092791636,3.063601860001876,0.2
33.62968827091394,3.134530144876786,1660.206438680858,0.7257853311650871,0.1565560132296123,2.0058844008994035,-0.0089134430484506,-0.1765199608768897,0.4661508562170203,0.4985332153496072,3.024077032670684,0.2
33.66554320323378,1.812080655725928,1660.749301860748,0.741051906983986,0.1513805896862297,1.9353958754498573,-0.0097168239664169,-0.1794190565934632,0.4844410227001633,0.5166901576493043,3.064876770612256,0.2
33.689104670083175,0.2698269210579257,1661.4150214916554,0.7344169343665844,0.1439380906324096,1.91206127390128,-0.0080510248452644,-0.1758893233768266,0.4924659635025291,0.5229957918449166,2.995878737122391,0.2
34.19994500755483,8.425923047798461,1646.9120808714706,1.011878454429819,0.2311774613782838,1.8381289604086768,-0.0095574253020606,-0.0855885767239676,0.5371717521249304,0.544031469792885,4.153255766790662,0.2
34.174403635400004,8.522217769960001,1646.94167934,0.992432760897614,0.2425250423605915,1.9567435762993357,-0.0143414268161161,-0.0588462102076186,0.507451264307261,0.5110531661441488,4.054121186351113,0.2
34.19240133016286,8.436566048028528,1646.9995195793051,0.8086695145923601,0.2698715658774239,2.6867586185204315,-0.0191144033628415,-0.0111047956172586,0.371538639821614,0.3721956982316071,3.3665809482109847,0.2
34.2203505897104,8.310649112498039,1647.0305743950523,0.7028639487045603,0.2233963328647597,2.5718213820510294,-0.0177895619299139,-0.0225946145206177,0.3877646042087043,0.3888294914176735,3.283598784866735,0.2
34.2410177228218,8.261167052085003,1646.8619934181966,0.9397812548728076,0.219866532040508,1.899232915412084,-0.0119278394882107,-0.0765338767668123,0.5207997797194074,0.5265283641016858,3.982895378752132,0.2
34.26844527451302,8.086482075921163,1647.040092818199,0.6562026121291841,0.1924668104700265,2.477650572456813,-0.0187894817796895,-0.0222684286445512,0.4025551179271138,0.403608164571976,3.225158306192922,0.2
34.29478899450527,8.024022593731845,1646.7910055009054,0.8521351756087218,0.2019848620013073,1.9688978564749935,-0.0145776864425225,-0.0647481033939187,0.5035433667743017,0.5078983639051469,3.692900901142734,0.2
34.22430217304884,8.247685938320895,1647.2002028430288,0.6525473171142717,0.1502037221056584,2.1904977526680445,-0.0167007677435175,-0.0561166240269506,0.4527471746673919,0.4565172453530216,3.285653834275225,0.2
34.283077069948746,7.950187229458423,1647.2452371576453,0.6267265004505893,0.1378998524930019,2.2032472861030463,-0.0212998167453575,-0.039300121965515,0.4516689082899857,0.4538755165194061,3.0656574929083646,0.2
34.33090957270133,7.755092867651107,1647.0460932282035,0.6166434911541332,0.1757042928614229,2.500314576875583,-0.0194802959326402,-0.0193985778116294,0.3990037030002787,0.3999496740324609,2.978171460080401,0.2
34.3637486282205,7.674865818567299,1646.6886070286366,0.7909544293211193,0.1974799948553833,2.0896061741091363,-0.0171950057988344,-0.0451811309871343,0.476111107256165,0.4785590760547647,3.403942268804025,0.2
34.24357824303467,8.060341619883278,1647.5127127330616,0.6018167164541021,0.131372507567925,2.2538138092801634,-0.0196516875935834,-0.0557047372175194,0.4397427842865157,0.4436923741803614,2.842686568438792,0.2
34.403711132329185,7.29771475109721,1647.020880910099,0.5864850961658272,0.1792047175000184,2.6575720708397306,-0.0168319840484407,-0.0327513487345361,0.3744771802107349,0.3762833042130908,2.6175217124460515,0.2
34.44642687632627,7.160355725247972,1646.541647364489,0.7442896594136144,0.1932062032334239,2.1896839996631647,-0.0153529013359626,-0.0523302531635246,0.4534189658358276,0.4566869010112089,3.126551426500473,0.2
34.32168540699368,7.663826757544212,1647.4422910841108,0.5919351821385863,0.1237084642913814,2.2447676838659447,-0.0234221952154871,-0.043225127404572,0.442759272796994,0.445480397453779,2.7529537508030053,0.2
34.25434048524257,7.861480838914111,1647.896238059548,0.5527799058855426,0.1292572394716724,2.4397485995937505,-0.0218160861938257,-0.0542079579289269,0.4056917224434659,0.4098782965451903,2.3969387458865703,0.2
33.5292554609671,5.2178893438064256,1659.347619268557,0.720187654463253,0.1645245607486083,2.069491284565801,-0.0106549504146661,-0.1494785982554838,0.4593855092727777,0.4832105394489784,3.172850052571119,0.2
34.42102286295467,6.973589337260068,1647.4148719837794,0.5503217364838082,0.1367445299317463,2.501158272949934,-0.0181016959165317,-0.0655023172820503,0.3939969785023907,0.3998147621504067,2.3262118541121977,0.2
34.48407469234452,6.624867246796543,1646.9847283713405,0.5804490544841547,0.1921346784839352,2.797983340128272,-0.0152240648857508,-0.0405413244236603,0.3547669397610318,0.3574002695649201,2.4299718509089554,0.2
34.53458142803477,6.402129801341255,1646.3320833316145,0.7109963454648007,0.2033266030057915,2.3704130610164382,-0.0147453301897793,-0.0421283108692187,0.4194995657108027,0.4218674021190204,2.8261045669076856,0.2
34.37019147788551,7.097275506863714,1647.9260545890725,0.5159241337714162,0.1361443513497669,2.663514339236555,-0.0194097999405612,-0.0670421580399068,0.3688992697336112,0.3754438206954165,2.0979915683620023,0.2
34.26977717790525,7.472957655754909,1648.523107306194,0.5011334937201375,0.1505678242037352,2.855312730986985,-0.0211365748822529,-0.0572340082392567,0.3448689573358878,0.3502243341500228,1.9674887180713403,0.15
33.60396886853636,4.422645162581822,1659.0946952633626,0.7144196449507818,0.1621076145746542,2.0712771365733964,-0.0134262216493217,-0.1565634365898233,0.4565058513036287,0.4827939160542965,3.077204718726185,0.2
33.595789771760984,5.200024899526698,1658.2332127892564,0.6904701126262524,0.1663749813794598,2.170533577604316,-0.0166309510205468,-0.1378453751099717,0.4392965839589306,0.4607162083637197,3.0336634857873426,0.2
33.68152706315427,3.275166433472719,1658.9475491830958,0.7036105869448592,0.159576248306515,2.087458187773245,-0.0165501594065396,-0.1592479215705104,0.4515047534063102,0.479051511478048,2.932764850916126,0.2
34.26512220741615,6.957286011351928,1649.3736642269164,0.4961314316023628,0.1629830112475689,2.9903461857923346,-0.0221460558309865,-0.0707921935038152,0.3260792734719527,0.3344094422081221,1.9181175929118977,0.2
34.46286270474953,6.348681899996252,1647.7211333489035,0.5144923129753168,0.1443854571302344,2.732823608444761,-0.0184791916027436,-0.0759387643133296,0.3574781930867778,0.3659218973774512,2.04499151085847,0.2
34.55420927397871,5.661869724442247,1646.951725780025,0.5535437679330597,0.2122970193441062,3.139595351698345,-0.0143210150800055,-0.0425348552590619,0.3153344784872292,0.3185123839156712,2.1485129722221497,0.2
34.606133691872785,5.285910049704384,1646.0357531993286,0.6459407085997754,0.2363454307646335,2.935905324107538,-0.0111068841116334,-0.0266270491812135,0.3393863701296923,0.3406104385549223,2.2863153486251098,0.2
34.39058052028843,6.437428310356542,1648.576244363434,0.49583890993177,0.1451506178669646,2.841746585487585,-0.0195871590013016,-0.0907008402474662,0.3394417177461386,0.3518962616536127,1.9715797768397385,0.2
33.7094282226977,5.193268034383021,1656.7100402196463,0.6272947391716277,0.1748577474670258,2.4514607763687235,-0.0221420702224661,-0.1169569957160632,0.3901660624010485,0.4079200489926951,2.7195755866001883,0.2
33.75299439365752,3.829923675971768,1657.3664833141493,0.6570973837767179,0.1672742555944958,2.28693520944641,-0.0216713808746404,-0.1343180522635214,0.4155610002490711,0.4372664323280353,2.772792271472401,0.2
33.74615876391223,1.709920639621536,1658.9995765341691,0.6976308834876724,0.1542248202865419,2.07276702246512,-0.0174678510917785,-0.1634360964093703,0.4535840787824983,0.4824468882232169,2.8687873863529574,0.2
33.80732035817704,2.3665441044749187,1657.599154289997,0.6622138075837927,0.1609125550983233,2.2266915584242395,-0.0225235538224123,-0.1404008703221168,0.4259908441921977,0.4490967759843976,2.7292481542988147,0.2
34.19818933167637,6.342333408057497,1650.7423850079688,0.5208603014516351,0.1708017402102696,2.916024816021705,-0.0265820499111325,-0.0730041331693461,0.3340158168903047,0.3429326096628652,2.093969163585458,0.2
33.89356851611621,5.2124433548510645,1654.6578114086233,0.5798963650100539,0.1765618754857018,2.6658051820568525,-0.0258411636054785,-0.1017059637159445,0.3601444640158983,0.3751211854230214,2.424904037491686,0.2
34.07242901160804,5.652851930471244,1652.5468703995057,0.5422650318318092,0.1796278335670572,2.8780850699961698,-0.0274994422746953,-0.0790573571705437,0.3372202146190714,0.3474532460575708,2.2150323044233464,0.2
34.36231544854076,5.623803169659427,1649.618304512054,0.5150743553532149,0.1571987478098017,2.83176804733772,-0.0246741308796922,-0.089088731494318,0.3408219607705126,0.3531362679722824,2.0578217962627807,0.2
34.49390454626037,5.174101490170453,1648.2494519963884,0.4990201713029294,0.1619578368132186,2.9640193274884026,-0.0194945076971803,-0.0914603778521916,0.3241605103423164,0.3373797163621608,1.932604296409816,0.2
34.58415453721944,4.31520546963948,1646.9034019816606,0.523148526774643,0.2444801799289675,3.740420294606261,-0.0118275536911788,-0.0465399902201777,0.2630018356319524,0.2673496348637649,1.8875806365453605,0.2
34.60999683198743,3.7066451682074426,1645.63693154435,0.6305272005529957,0.2606649328355851,3.313292993461416,-0.0078119497541641,-0.0395299936814903,0.2991126367561679,0.3018145397866835,2.155063294363108,0.2
33.93539169298231,3.754628560750518,1655.1864954310536,0.6024579082064125,0.1683637967989881,2.5025419160847737,-0.026257491199133,-0.1222360026311406,0.3795313348284523,0.3995937065319968,2.461023276848039,0.2
33.924837586314595,2.4134702589017643,1655.9441277068524,0.6160407570400309,0.1637997418766783,2.414140355529094,-0.0252934686755967,-0.1299347042286705,0.3925054064683837,0.4142261230626897,2.5075048621328757,0.2
33.76244738852071,0.1570361005311582,1659.435939924911,0.6982292721676975,0.1454552354471776,2.0197651559782672,-0.0173120186937361,-0.1527704362819458,0.4706298911258583,0.4951070658091697,2.867703778290362,0.2
33.87232635474759,0.4596980522566097,1657.1638265086622,0.6502603607501979,0.1518306494375675,2.2084734688074388,-0.0227265146487768,-0.1308555516660372,0.4328850745615994,0.4528014549977788,2.6685596427177085,0.2
34.28002961730559,4.522073234763419,1651.101234662509,0.5221170060580157,0.1719132053434918,2.918861006358032,-0.026969644935322,-0.0841960610193347,0.3309954735720198,0.342599389906454,2.063893915889613,0.2
34.12714052276243,3.888570501109376,1653.006696701788,0.5526469781772,0.171816678367493,2.756802781830616,-0.0271354564376091,-0.1019342699116846,0.3470629398188239,0.3627390419767222,2.205580951100154,0.2
34.41462614873579,3.7688147696920526,1649.6454492687856,0.4905641607922628,0.1692748846008916,3.0818181669433558,-0.0225427025582838,-0.0920066489930303,0.3103487149700034,0.3244837773773757,1.908355937058116,0.2
34.49982038377773,3.194155573207232,1648.150580151471,0.50023746814827,0.1891275364942421,3.215226198837502,-0.0180646815796487,-0.0803961314110686,0.2999060469379528,0.3110201081222715,1.891147688061567,0.2
34.52000842746948,2.5098038725838188,1646.7574150077269,0.5454439825750218,0.2517034332202087,3.691893248484944,-0.0103009196687666,-0.0476186613730916,0.2664460881441751,0.2708637364881484,2.0074498102147547,0.2
34.47067142621974,1.769063956287768,1645.1774252272364,0.650062197852859,0.2731001822602623,3.389853623546139,-0.004069502809296,-0.033739788874876,0.2930339211902483,0.294997988424614,2.1734467825207484,0.2
34.090364091658174,2.0907232269003915,1653.8263997402555,0.5736858998550588,0.1618090697280025,2.577115435506125,-0.0270601985361034,-0.105306253448369,0.3724864976915916,0.3880307363118205,2.2892776823495846,0.2
33.998277316516344,0.419900914129145,1654.7987303779062,0.598943597547969,0.1533905432464136,2.408483469082767,-0.0248160438536614,-0.096733908840063,0.403009862552577,0.4151990299442804,2.4368563135488914,0.2
34.28543456187333,2.30140428924823,1651.1484138924957,0.5175437509970311,0.1672176722373238,2.903104573586829,-0.0250609488017587,-0.0889408756007263,0.3318333225007921,0.3444588283516377,2.053207834940145,0.2
34.400066765698284,2.266911109212061,1649.2432342469488,0.4914706620802191,0.1717891011049118,3.0996981754209725,-0.0215238234603545,-0.0791003401838165,0.3120230754312394,0.3226120555638257,1.9215740479211472,0.2
34.32147426577351,0.6756592095750948,1646.357315899759,0.541652907830638,0.2498705958475755,3.690491223177037,-0.0057168333824713,-0.028914262236016,0.2693588726315898,0.2709666381862111,2.007103717096596,0.2
34.159124167569296,-0.1123742123624048,1644.7680501426275,0.665571892741437,0.2774826068182781,3.37606708298272,-0.0012951900025384,-0.033363597132708,0.2943147971660818,0.2962026450956983,2.234057562216617,0.2
34.38686243502201,1.3935695664420755,1647.9206817514878,0.5139568293724863,0.1863499361181337,3.101687092396494,-0.0157297487715529,-0.0590078901774238,0.3165687082474175,0.3224051847304036,1.9994492839470532,0.2
34.11014176850996,0.3486866740129424,1652.356406182244,0.5571931891049046,0.1538369662175867,2.59228959579153,-0.023362918220779,-0.0831670617855149,0.3759623718314197,0.3857593694869033,2.2776630974275496,0.2
33.96866406768928,-0.9752710281823448,1645.8692991546325,0.540122717296714,0.2361689116576138,3.508743260490601,-0.0037174395555438,-0.02689608862837,0.2837060246380133,0.285002328685678,2.073566507844582,0.2
33.75178007497551,-1.551205244276949,1644.4901471080343,0.6752983099976705,0.2839308721028935,3.426743695636092,0.0015300406389148,-0.0232596434226692,0.2908897800147683,0.2918222338231731,2.3160713686290237,0.2
34.21238891854252,0.4005554436647198,1649.7840052462868,0.5208465548385758,0.1524674045737744,2.7622607012237563,-0.0211830138700327,-0.069004923835949,0.3547530879064557,0.3620223100437163,2.143988365385798,0.2
34.13080443527711,-0.3363042050834156,1647.7167873107771,0.494084420560398,0.1778402385999183,3.1412141811619088,-0.0103576387544106,-0.0340332369020841,0.3163543247579626,0.3183482380784708,1.9558340494762476,0.2
33.32682557059999,-2.55812403919,1644.32479657,0.6907405455727542,0.2439414360329682,2.8269345228053,0.0096210313138872,-0.0184647424960372,0.3531267791668536,0.353740064346327,2.651518926578868,0.2
5.625719317341491,2.4082248339570174,1686.3684565828542,0.7092516122114764,0.0816636331385254,1.6851712930992435,-0.1465013609696078,-0.0769930595377382,0.569865432261744,0.5934114852863849,3.3659453061313336,0.2
5.781393340491925,2.9801856255000243,1686.2692971002075,0.7545633964379617,0.075220995825873,1.5599519738357794,-0.1691809487329525,-0.0736707796372686,0.6139133466747408,0.6410453762503286,3.621771654603684,0.2
5.729603464737071,2.450354715303665,1685.9444188809805,0.7354912662371573,0.0844433155520695,1.635920564624636,-0.1544098819546512,-0.1055729848719993,0.5819545036869557,0.6112766240758464,3.526950964132313,0.2
5.94701668494713,2.953263849180935,1685.5514630099992,0.7878003122438595,0.0781825934731458,1.5046287590929606,-0.187419502181928,-0.1103337643006367,0.6280242919277388,0.6646157691435014,3.915322239484334,0.2
5.5692949543560015,1.7540009618719503,1686.0879186706238,0.6682985880885748,0.0895019656767069,1.8225874644071351,-0.131568127974542,-0.1075394481015514,0.5216938059730986,0.5486705135027841,3.158336390675017,0.2
5.819722175957919,2.236346171123225,1685.31681937745,0.7224133882489973,0.0899518136772923,1.6879101431922483,-0.1518692830561746,-0.1646120358045509,0.5484833099463495,0.5924485992534868,3.4525737308619,0.2
5.675175479528471,1.2764097844380011,1685.2364083568757,0.6777988748965098,0.0911579346891108,1.8043201002860303,-0.1279974072701399,-0.1611297035056216,0.514606313972136,0.554225383756172,3.2014577273910767,0.2
5.396017424189543,0.9065804395523682,1686.3441602865212,0.5973434565696835,0.1010596357177585,2.098156668874769,-0.1069321369167185,-0.0952728942502949,0.4545817558718773,0.4766088323310457,2.784509966749078,0.2
5.499669669896691,0.0872378468716724,1685.4491875545734,0.6002690299994434,0.1093633325443815,2.132313521529704,-0.0999723948229039,-0.1491249877504946,0.433248250188253,0.4689741869115984,2.809701046286213,0.2
5.317803912172746,-1.281755523959971,1686.0855835841885,0.5171865779492998,0.1389125122736859,2.677381875681081,-0.0686862767708549,-0.1081928375606687,0.3508249718136949,0.3734992042349643,2.442795149910717,0.2
5.84913910002852,3.174118200094122,1686.2250653936348,0.7708127654050969,0.0726585617960101,1.5179102675964355,-0.1879482910576336,-0.0554937330523003,0.6289784946563344,0.6588004715084176,3.720269334470392,0.2
6.00960720443427,3.9923597401817057,1686.7229294971112,0.7130283309058083,0.0706099541173652,1.633094235442362,-0.1805978511103493,0.0238116533384479,0.5846118410023251,0.612334535446527,3.348073710879341,0.2
6.287855045554367,4.283265804900477,1686.422313229604,0.8296236371341316,0.0574249998220561,1.3617645018892413,-0.2257776287509598,0.0802239510455144,0.694151148535379,0.7343413627045293,3.955582138921923,0.2
6.09027631158004,3.588947797137414,1685.9112140572463,0.7752279194440095,0.0733754987776664,1.5118016171791917,-0.2124373038855598,-0.0345627802516826,0.6254665278712837,0.6614624489328559,3.761771481040199,0.2
6.042792867537312,2.771795106444912,1684.8845670567807,0.7953776840581347,0.081067110236053,1.5005557834908845,-0.1798087655166376,-0.1814238043214363,0.6155237487638079,0.6664197432724599,3.93789259571459,0.2
5.891377339050376,1.7440753507566429,1684.5030801032633,0.7419937858532237,0.0855463902276127,1.6258999198823378,-0.1461181625511085,-0.2064411295971428,0.5606341693472812,0.6150440059510965,3.5360540224372508,0.2
6.1388032075973245,2.622798229930277,1684.2086705498466,0.7867638157954311,0.0809347803105928,1.5165055647819938,-0.1748638522049611,-0.2108850232215689,0.5998104824881372,0.6594107026199773,3.856869402872971,0.2
5.551497749093933,-2.6984857570404963,1685.341861501269,0.5021836512662577,0.1465916555155829,2.817284038141884,-0.0463894592812638,-0.1479749148713461,0.3192839062136773,0.354951785642296,2.3211208260973746,0.2
5.532276877445465,-4.1224128676703256,1686.7418391181282,0.4244208468863794,0.1916924208437995,3.8211060887366495,-0.0224693868673287,-0.0995704460267176,0.2409771940777337,0.2617043276939281,2.026788678824369,0.2
6.149810218836701,-5.569029534365368,1686.2342354751936,0.3976022430868084,0.2298846472619358,4.655559798424656,-0.0071690877129684,-0.0847225027288824,0.1972521920463467,0.2147969402816776,1.9837837029834384,0.2
5.917811915502896,-4.021680575627162,1684.7859021294364,0.4684649939149623,0.1474597373433699,3.027499895668368,-0.0241433750622124,-0.1466117080834188,0.2949980625205713,0.3303055440004348,2.212336480419304,0.2
6.074207357143533,2.0571357544645363,1683.8363843818572,0.7621038798817074,0.0835990566897972,1.5755933060112146,-0.1530628409579786,-0.2518169119738426,0.5621215866340544,0.6346815489662168,3.6404544605509166,0.2
5.610185750340213,-1.2194631164092176,1684.6176983495102,0.5807470743022979,0.1308343525066793,2.332177991009944,-0.0751164174883479,-0.1911105013311395,0.3764170496984251,0.4287837394293188,2.6658679222465924,0.2
5.7881707986015805,0.4054143854244497,1684.139155974859,0.6742962227262727,0.1031935079547807,1.8687039714136655,-0.1120491002695415,-0.2343788837009066,0.4678417564389927,0.5351302374787081,3.103414227709247,0.2
6.24308045153473,2.4962389760827888,1683.467129946883,0.8023384186005318,0.0791079489098821,1.480613457372974,-0.1759776811229828,-0.2655073728520695,0.5955645024041512,0.6753957253463588,3.8870047167184327,0.2
5.992837232669674,1.2319174200268217,1683.5629527937845,0.7309638740753513,0.0940039966636474,1.684815434175735,-0.1316175098925873,-0.2734243023720573,0.5100999334629347,0.5935368229156991,3.3515171688190826,0.2
6.160857538101104,1.6661158169227486,1682.9720805914094,0.7677926662243223,0.0904645223148882,1.590136895657415,-0.1456480146625788,-0.2995722821811597,0.5334125729467944,0.6288766726506068,3.5080405683853506,0.2
6.369635559658927,2.3883235850915288,1682.5582825011263,0.7946279395071066,0.0852514069117932,1.5171246049401832,-0.155524923223685,-0.3081066951385365,0.5615602942592528,0.6591416398783063,3.701134744579981,0.2
5.904626055977004,-0.774282458807999,1683.1388085627536,0.6483798664186428,0.1107458217660207,1.9811036620302516,-0.0850192522531372,-0.2455006845618803,0.4327736469964358,0.5047691441724921,2.9284459081112204,0.2
6.530402259314139,2.315569281633835,1681.392800076829,0.8079892673589049,0.0870038158461734,1.4983675992693652,-0.1436785393881159,-0.3501346717449199,0.5497049784947365,0.6673929685129474,3.578012025121878,0.2
6.285806791825069,1.3015301000157813,1681.9473711261603,0.7818710257963644,0.0891662778051221,1.5565705179638518,-0.1342335436477912,-0.3347242466381467,0.5316649101616694,0.6424379676084955,3.4181806136031865,0.2
6.041259010634754,0.5718659634799783,1682.8754687421508,0.7281379180114925,0.0975164441065779,1.7061146626840065,-0.1198420877103492,-0.297311178637959,0.4907024427084666,0.5861270768441971,3.22869448895271,0.2
5.970742801025529,-2.6571176337424247,1683.2838649316268,0.5561182048642355,0.128021177595519,2.417044670728097,-0.0485599613935052,-0.2050441451962535,0.3560477626683136,0.4137283899261844,2.5154326782994287,0.2
6.149043580173631,-1.6887981421853888,1681.968190099991,0.6173652173474735,0.1069022650678972,2.0602850229443037,-0.0625368500617723,-0.2560490184810557,0.4075681835487036,0.4853697371303143,2.7056382704865025,0.2
6.576699184617619,-5.416633709680982,1684.279662029775,0.4399060903794045,0.1489998004290829,3.238192527257285,-0.0152683028442349,-0.1213369039162084,0.2835674105328168,0.3088142510312657,2.206365315928017,0.2
6.3458370252912655,-4.164089035565819,1683.144532387546,0.5151648689495827,0.1108119551332159,2.493815236832319,-0.0255223228792738,-0.187995093486993,0.3532719249597835,0.4009920162610822,2.3633559737314527,0.2
7.011102138541523,-5.155803893435183,1682.342606421227,0.5172333115884482,0.1053706263369654,2.449593996525676,-0.0289938815368193,-0.1623765677810869,0.3734242701057766,0.408230915579613,2.4087555554202424,0.2
6.233716933520425,-0.4139136334058789,1681.4454642063963,0.7089098419123969,0.0957264020497642,1.7446311359209692,-0.0987581818654639,-0.2997855749239481,0.4784546392964422,0.5731870648245151,3.0577301935493257,0.2
6.734045157463226,2.30887299106656,1679.905183716375,0.8049641716130669,0.0895856525760366,1.513459901792617,-0.1307808208229628,-0.3790364340409317,0.5251685958518891,0.6607376903844961,3.381816854356779,0.2
6.443087754683075,0.8736498507854767,1680.7201219492547,0.7593353832658739,0.0897323726672925,1.6049781231921574,-0.1145525171323345,-0.3322046795898738,0.5145127255480776,0.6230614520845242,3.214394292087156,0.2
6.436413473298503,-1.8892810227276893,1680.6517976182404,0.6338097322453528,0.0983920102340755,1.9643042509531576,-0.0588958899610833,-0.2804004726198262,0.4208034117318899,0.5090861049222699,2.66641736300982,0.2
6.5673091304247055,-3.392356440170601,1681.3133425344845,0.6057199244776192,0.0969626278918616,2.0481078698003423,-0.0355941315557367,-0.2491804214707151,0.4183726102950817,0.4882555331899994,2.652238251659218,0.2
7.449628257795513,-4.806956794935795,1680.4226002439334,0.5834972024188931,0.0968232489743043,2.125375868915261,-0.0294078757702964,-0.2031088515880576,0.4233874562834819,0.470505012607664,2.567406902522656,0.2
6.869120337387558,-2.7533004000690124,1679.4321407013583,0.6592698066740402,0.0851215975744087,1.8280412479039716,-0.0442116233499538,-0.279046773520328,0.4684271546153475,0.5470336083207084,2.792976992878489,0.2
6.98459265508386,2.396589788356556,1678.0671987336773,0.7790047376980662,0.0943029809633059,1.5820787190443122,-0.1094663810405574,-0.3717835321194503,0.499318525573389,0.6320797997991345,3.090291464090075,0.2
6.80397786450381,0.4829692685726841,1678.3717944884904,0.7687815479720513,0.0862272652993454,1.5718285890458257,-0.0966727490182015,-0.3592046983920713,0.5161191245934399,0.6362016869835962,3.0641591330368256,0.2
6.577546493365098,-0.9114513694806472,1679.616475669205,0.7043960250612784,0.0908986537703963,1.7350907685047194,-0.0799701987098793,-0.3157341940367555,0.4754818725451274,0.5763387242627013,2.913057110433674,0.2
6.8695375749028935,-1.3160447763550671,1678.3081865744766,0.7154211951350462,0.0821537449243575,1.6725984412045318,-0.0680764872201377,-0.3236548480124371,0.4980604584900567,0.597872134377839,2.896625825234397,0.2
7.889453525474385,-4.38875185238201,1678.517700331661,0.6522828667346411,0.0715597974889785,1.7891379064128752,-0.0342675353227491,-0.2428894031195078,0.5022264808505555,0.5589284070365185,2.740479164829719,0.2
7.141266998400961,-0.7753067064866505,1676.7310426744689,0.742208999883718,0.0761099145442332,1.5892438128270592,-0.0708736992903689,-0.3334915158001599,0.5288580264312438,0.6292300727734969,2.9432868785644324,0.2
7.366191129504926,-2.6273251508677298,1677.4414956972555,0.6888952181233448,0.0723155826627199,1.6970451899433914,-0.0493316936754516,-0.2816805788114413,0.515217617893617,0.5892594999390424,2.785499802314674,0.2
8.32814466273591,-3.9182691809406576,1676.6251038779328,0.7347791362205517,0.0575733662675786,1.5380552090031068,-0.0576346262059411,-0.2665734127436796,0.5902034652410708,0.65017171954975,2.9283910261518558,0.2
8.763779154585965,-3.411025793191269,1674.740368561491,0.7931991113410956,0.0502703101493325,1.4016391708499627,-0.080962762478679,-0.2727564224601632,0.6542632580022698,0.7134503806665119,3.078944415315509,0.2
7.763560126106538,-2.247172426884541,1675.627100256812,0.7380143008157785,0.0603642426780567,1.5410339933651216,-0.0594236547058409,-0.2956253658301994,0.5745999368320288,0.6489149521071383,2.8825374899298515,0.2
7.455516298007431,-0.4118456871520503,1675.0231726191764,0.7598425356948696,0.068218650330617,1.5239914246460369,-0.0707454717718395,-0.3298944265288486,0.5627841572490676,0.6561716711970742,2.936544160185927,0.2
7.124794961931774,0.8833368454530008,1676.4782897800144,0.7810955770461803,0.0819037047334783,1.5310504674179624,-0.0888384524449583,-0.3625474708146396,0.5359731284516758,0.6531463340241478,3.0648042680955347,0.2
7.263863800699612,2.582125864201003,1676.0099047306485,0.7760952720609132,0.0891096008013345,1.5679383148971375,-0.0909492741538845,-0.3672420144645462,0.5134443553507636,0.637780192306611,2.985237499289143,0.2
8.191968513045257,-1.8119541974274684,1673.7029403502336,0.7849083210355229,0.05443196901773,1.4296740949224855,-0.0696409605216775,-0.2972495256009935,0.6293149465281273,0.6994601102107948,3.022331084643095,0.2
7.851247094316876,-0.2655767540388344,1673.134193997039,0.7420528150480324,0.0685026097242642,1.561554024528382,-0.0675749688732908,-0.2986546676053779,0.5624370431024499,0.6403877062799785,2.849337648017141,0.2
8.543811684942156,-1.2806746684644643,1671.9072370477256,0.7954800398019227,0.0552202614772618,1.4131742726576346,-0.0653438114259947,-0.3056026652374584,0.6348802225619729,0.7076268082063131,3.08110165357587,0.2
8.142248831857625,0.0593229769266817,1671.6169577183423,0.7309869913279405,0.070750490481083,1.5934944251952432,-0.0618670345084413,-0.2999767402485574,0.5477293627518776,0.6275516149844546,2.8079856823883302,0.2
9.194351848950138,-2.881893111953926,1672.8596381305515,0.8403132965608289,0.0478650056305205,1.3160144165336172,-0.0910557091036675,-0.2846986451544896,0.6986115522189931,0.7598700952182581,3.2061859143881875,0.2
7.452268311591909,1.2155366705909567,1674.4580220952903,0.7938140484398414,0.0733669232432606,1.4763750616533944,-0.0854994925582346,-0.3517539074180713,0.5724869139488284,0.6773346597172257,3.0832586257652568,0.2
7.541717558495444,2.8533983660209485,1673.9537584849534,0.7663298453951222,0.0869272665973721,1.579529480274622,-0.0787406267671683,-0.3386980287986302,0.5290548909412557,0.6330999278507526,2.99220026400515,0.2
7.755561165141689,1.5894750973270988,1672.5377348330708,0.7539455449745058,0.0822428841229912,1.5874723469301095,-0.0732044306473603,-0.308965424477848,0.5440552322359592,0.6299322327937383,2.939904950957182,0.2
9.6172833685468,-2.3460991787359387,1670.981519969254,0.8388274858572957,0.047374518947192,1.3169168435450078,-0.1085064978882946,-0.2666302269229743,0.7026707308504351,0.7593493886129519,3.241078724032766,0.2
7.815130651483672,3.1934551975216263,1671.907430603254,0.7470282666075073,0.0939625283860442,1.6484161253469984,-0.0671653766085808,-0.3117394404431081,0.5160649055164914,0.6066429371949367,2.964280494599057,0.2
8.080851952293445,3.580692127538968,1669.868514265578,0.7079606284743035,0.1091965859481209,1.8071847335532047,-0.0541264457064111,-0.2715582138407317,0.4790816352351317,0.5533468612441436,2.8019679224838847,0.2
8.165949572271932,1.4926727465901524,1670.2879792414194,0.7295053365620217,0.0809729943595501,1.635684422270589,-0.0654813939852979,-0.2848220019823998,0.5369875444061885,0.611364873556625,2.8523849400071173,0.2
8.719778003532888,-0.5020094592651033,1670.2657235038037,0.7694292582349878,0.0594022647755198,1.4748880171337333,-0.0770850349938093,-0.2797832058850433,0.6127700140019904,0.6780175771875747,3.028311422033067,0.2
10.030812783398623,-1.817761297241042,1669.10064598,0.8433729166409732,0.049734830420401,1.3166853417817057,-0.106453283262133,-0.2508251183611152,0.7089208219818445,0.7594828986603777,3.28860803094204,0.2
8.948346589298335,0.2262458119339742,1668.5073209193386,0.7490614597050737,0.0654993036091167,1.5362506332875514,-0.0657408507131235,-0.2559880581727088,0.5948657134027722,0.6509354517628522,2.9471514452461745,0.2
8.33941337209041,4.002704946948499,1667.8355074106853,0.6837458576930079,0.1253577950761117,1.9519046346547655,-0.0459354653525908,-0.2380822483107454,0.4513077361137043,0.5123201114673671,2.732144125454006,0.2
8.449286372654962,2.2326681162186994,1668.2586199952982,0.7078727771002532,0.0941470232647661,1.7403879105342972,-0.0549683907004806,-0.2463874690518534,0.5161580119610328,0.574584547471949,2.807273060892389,0.2
9.014452176880496,1.213478237010254,1666.898823905708,0.7177002095099181,0.0860479007335162,1.6829718116097212,-0.0613538978430696,-0.2234811497850238,0.5471289480315352,0.5941870167412516,2.8657759230014213,0.2
8.692942247040742,2.993168507717534,1666.312022972647,0.6947930780320698,0.1132262588263848,1.8606193788852368,-0.0527995044376077,-0.2162162694152018,0.4892045412105576,0.5374554362639904,2.7777991754515354,0.2
8.59066585472006,4.450092482725613,1665.8071374540723,0.6743146807882303,0.1420267140177377,2.0713656551859745,-0.0432123816485556,-0.2089565516766123,0.4330587644406181,0.4827732841356861,2.723617222104205,0.2
9.84468323102065,0.3056559508880265,1665.7033992331603,0.7159179485395205,0.0842840471777571,1.6800030227924263,-0.0647177420456818,-0.2007689100137011,0.5566063004150071,0.5952370242393044,2.8521077370900945,0.2
9.928179504117786,-0.758477132354859,1667.4021083309729,0.7733297100987465,0.0604562427310819,1.470967890443209,-0.0854003389541861,-0.2289175692049345,0.6344011897722172,0.6798244927689724,3.048686500242743,0.2
7.075364021161108,-6.837271826307678,1685.6355556764497,0.3898509760218963,0.2220175768430795,4.613749829609953,-0.0143407388877595,-0.0658227776101422,0.2060083082271123,0.2167434379693144,2.023710173345016,0.2
9.283338085805452,-9.35027516632648,1686.379239975167,0.4014585946822499,0.2769868024975175,5.584684970481961,-0.0982844555189192,0.0344807469861029,0.1456507194310143,0.1790611297298833,1.8768934907549384,0.2
8.338682550642785,-8.008003728374039,1684.9888947845782,0.3945601357776757,0.1808070358368118,3.970118686383379,-0.0676559493057041,-0.0245809527707284,0.2413769026390061,0.2518816385590126,2.0794091734614355,0.2
9.78904563034505,-9.058881687513406,1684.3218531705295,0.4295182473818512,0.1977802341657709,3.851815892694392,-0.113732840660331,0.0083885783853739,0.2332292414976934,0.2596178082905431,2.103343230585787,0.2
12.180980912866996,-11.218420634761475,1686.3998243350686,0.443644906549915,0.2924374203027398,5.42982015010158,-0.1391562083347144,0.0379907815823081,0.1144996169962059,0.1841681625461006,1.8323753470630708,0.2
10.921098149038093,-10.22709144358106,1685.3085596137737,0.4301696108434721,0.2542362933056568,4.729470590039327,-0.1210697565168965,0.0273348647536963,0.1711778573670774,0.2114401561363096,1.951932102454311,0.2
11.284610518735263,-9.803519360048885,1683.2652723557514,0.4760746281096319,0.1947951165819433,3.441149091116279,-0.1445408427526993,0.0104054617691253,0.2518896215709121,0.2906006027409898,2.1979757943956924,0.2
12.51077859673865,-10.83893888926944,1684.3067737723247,0.469931006928379,0.2380213324319004,4.061345847822317,-0.1447033443863541,0.0157559069891225,0.1985921757352643,0.2462237980880642,2.0536275319912707,0.2
8.899960487986332,-7.763693672160275,1683.0387690767725,0.4568220255312968,0.1310955392159383,2.9669420409674903,-0.0887483668865602,-0.0497081934290792,0.3213312151230275,0.3370473660058118,2.303848067935495,0.2
7.556334760824026,-6.594865046009853,1683.6506167986552,0.4386667704206635,0.1402228379309874,3.1681203804971982,-0.0332916035578846,-0.0938616510704487,0.2995215436588391,0.3156445715118508,2.241415708393641,0.2
11.631951627112516,-8.797451389769524,1680.002585145671,0.6115915878549909,0.0955919689221753,2.021569745941035,-0.1970961729905245,-0.037895564348213,0.4521178891533013,0.4946650997363945,2.737621585982186,0.2
12.67616075282802,-9.476491816010704,1679.8484200396963,0.6234805516344148,0.1000064660876055,2.004906493993384,-0.2089652489796992,-0.0325084176081627,0.4517240342302043,0.4987763783477975,2.7575269959648177,0.2
11.827689204277217,-9.44106781966764,1681.2524370355454,0.562729269375894,0.1319663621333032,2.414254141078488,-0.1834883031454604,-0.0122529246831727,0.3711455457972389,0.4142066002849572,2.5382531753702957,0.2
12.446819696203656,-9.03172261544696,1679.1181292224437,0.6647757393380023,0.0848557399344817,1.8117397169948624,-0.2210857538204545,-0.0461249421918104,0.5036354188376235,0.5519556648339656,2.871884120803347,0.2
10.29356169856336,-8.760948581647781,1682.4740769051834,0.4857295800496516,0.1463755973095046,2.9109398091013112,-0.1351865523995641,-0.0157689391672795,0.3154202619084663,0.3435316652283264,2.3292788954648254,0.2
13.17674167159386,-10.01414717199378,1680.5101761371868,0.586920126718875,0.1270917676281486,2.284488786735808,-0.1959178209688329,-0.0234714884610068,0.390738990867777,0.4377346939963973,2.559190192516486,0.2
12.969808864650084,-9.38943845808993,1679.1191013507669,0.6656146610190896,0.0876139961066389,1.8215588545593435,-0.219719480783926,-0.0486139269937662,0.5007389040119787,0.548980340380993,2.897559023853468,0.2
13.403054074900243,-9.728342791586634,1679.315719730704,0.6478114387653015,0.0906214278664664,1.8853686664277027,-0.2166581782392232,-0.0458505323042954,0.4819557873177518,0.5304002436270182,2.796654445067751,0.2
12.864013207615889,-10.40682186719498,1682.233622797315,0.5240918821669888,0.1799692375036157,2.9810608790135777,-0.1702493226761789,-0.0015279378430131,0.2890332853409154,0.3354510493361331,2.285535719032997,0.2
8.04412290378133,-6.26088757350748,1681.685178517779,0.5133706255539993,0.1067813890661796,2.476879760624448,-0.0457098115242281,-0.1290594614749876,0.3798094580195394,0.40373376854914,2.455023296586168,0.2
9.462496682308505,-7.4512852750001795,1681.116643860529,0.5351517703783047,0.0999206996827342,2.3353229958382906,-0.1093885039849179,-0.0800492218171949,0.4061858017521033,0.4282062917129965,2.554848168417532,0.2
10.672700456382424,-8.428021908294376,1680.9234137838469,0.5484349981226045,0.1052886116047006,2.3097511179943573,-0.1545325795122868,-0.0430566251290553,0.402130553687653,0.4329470791070932,2.556890052638756,0.2
8.451143999517573,-5.817244419442347,1679.8454822229326,0.5915191613830518,0.0788994061168071,2.007314089275406,-0.0575196961748986,-0.1687852601890709,0.4651714522313163,0.4981781403033827,2.6628446656384046,0.2
10.585563843893036,-7.850967961741707,1679.7822451476156,0.6125543086092843,0.0798815916289542,1.9429145199189803,-0.1779462233505962,-0.0633374270178572,0.4787797097093514,0.5146906823475178,2.741029178075668,0.2
11.704623813945943,-8.421787581198089,1678.997487965274,0.6735361529357834,0.0769922935655392,1.7549341000804752,-0.2194509368287907,-0.0551987290099963,0.5229641098161698,0.5698219665081119,2.8914767043403686,0.2
13.57851641299875,-9.50724447873216,1678.4155266999994,0.6987011034612582,0.079679353549511,1.702542068558152,-0.2347670900551355,-0.0540627467083313,0.5356770268348082,0.587356998965012,2.9690949585092827,0.2
12.449910606281252,-8.768018356233226,1678.4797132907886,0.6966181599593744,0.075165289660684,1.6894884215414343,-0.2308445998733012,-0.0580993045529684,0.5419179903153415,0.5918951484068962,2.962370027750659,0.2
12.97018448366249,-9.176484041635186,1678.5729215632182,0.6947964090036075,0.0794039747681513,1.710989226788604,-0.229998154081379,-0.0559415639626567,0.5343796663517749,0.5844572159445584,2.9867596147111595,0.2
10.86591061491084,-7.511685161020453,1678.5236350488103,0.6894581180681145,0.0609674677853144,1.6518302389328972,-0.2077719430378033,-0.0835032418985348,0.5624535312106628,0.6053890868628319,2.901784510421583,0.2
11.920494255045105,-8.187788081144701,1678.0875613573874,0.7159614942180808,0.0667270391959206,1.6118282069926435,-0.2325650043669613,-0.0705485498691194,0.5708321537663684,0.6204135128431612,3.0051250236099163,0.2
9.678508358336352,-6.749158565284241,1679.1840857226885,0.6177567240569973,0.0600224691794021,1.8395941719086653,-0.129704513613605,-0.1230123646416222,0.5133650287214128,0.5435981561968383,2.761492650877476,0.2
11.403453552257709,-7.385487536457775,1677.2811349938704,0.7441107203727871,0.0554991903576628,1.511680067075522,-0.2266788568777739,-0.0974423165556196,0.6137789720951268,0.6615156353384932,3.035474521795495,0.2
8.85104064744601,-5.275794543509449,1677.930357044046,0.694594577106076,0.0523501462676631,1.608052298239615,-0.083796400544492,-0.2099702021871485,0.5793214776336406,0.6218703216896186,2.895829435396004,0.2
9.352600247584478,-4.769685851746166,1675.9418851271917,0.7993591517653755,0.0442903467647337,1.3725868206327076,-0.1174186055294769,-0.2341362268111314,0.6798383542818217,0.7285513637228718,3.1210789383752355,0.2
10.09694430718587,-6.283315502839812,1677.4268464841753,0.7199528830643455,0.0454172081298088,1.5277522695846797,-0.1697311724343963,-0.1458865943950732,0.6151036412373815,0.6545563831967669,2.944103333008528,0.2
10.939898506301695,-6.346111265957958,1675.986818569772,0.7751551347144161,0.0453184244842322,1.4186459414674637,-0.2017169125811269,-0.144718174935119,0.6597328587107488,0.7048975158421759,3.0745130450353453,0.2
10.579827857378085,-5.168852539570725,1674.3268656757891,0.8120474070391158,0.0407338543024732,1.3406770878044585,-0.1717678607543616,-0.1923272341211785,0.6999003949715819,0.7458917655090507,3.110685944813183,0.2
9.631435443044335,-4.137221203164063,1674.2025689770603,0.8323376296619935,0.0441828048751266,1.317891844987124,-0.1144799859464829,-0.2559413874520687,0.7050864998711882,0.758787607498831,3.166348607290056,0.2
10.335769729497914,-4.030303546250297,1672.6055253110717,0.8672073807835834,0.0408603769352478,1.255747336014804,-0.1512367934564629,-0.2372627658912547,0.7449757595379818,0.796338539863891,3.202468056153488,0.2
10.161967093018358,-2.9177566416358345,1670.8588493503603,0.8465410557459536,0.0458208532864767,1.3004533831395635,-0.1139592341684322,-0.2562515799495307,0.7159971253865558,0.7689625887133247,3.165874151061103,0.2
6.939661754936924,4.950774173417344,1685.8285335356195,0.9095274599035612,0.0484276993498767,1.2173820509689317,-0.2389364153354042,0.10356886750777,0.7790622790535701,0.8214348151462277,4.317159792040463,0.2
7.412319192762778,5.948700573595175,1686.3889499688455,1.0343134391690127,0.0433754597416704,1.058665081427253,-0.2294458979440876,0.2780079112097128,0.8731028058928663,0.9445857972871244,4.401488685794175,0.2
6.259894354812345,3.5749103881046564,1685.3307460643146,0.8367577484839683,0.0764763075020651,1.4108880376962276,-0.2383773502748444,-0.1149975267205496,0.6575040906276359,0.7087734627283769,4.155648519651433,0.2
6.530209369074824,4.125719070136345,1685.4857188949827,0.8786286519612241,0.0651023619103114,1.308511650696366,-0.2507935859649366,-0.0326643982847711,0.7211647521829203,0.7642270509917266,4.307509188526312,0.2
6.106100855807945,2.9533880162152304,1684.8563200530602,0.8038421483794211,0.079192559926998,1.478140853885272,-0.200296294609441,-0.1847511358007817,0.619221432461245,0.6765255133646528,4.027084236847092,0.2
6.237608243861248,3.300273077263445,1684.8971803789534,0.783844924163064,0.0839560849218198,1.5332065975666669,-0.2185733853620373,-0.1663577629205395,0.5915673265847037,0.6522278221259207,3.861061325178514,0.2
6.261284016472096,2.981940491746893,1684.171575543633,0.8114699309308744,0.0774455567468723,1.4581926334391913,-0.2199459503547433,-0.205766960928227,0.6160994741022683,0.6857804497622991,4.085602291910095,0.2
6.542741123543911,3.7455015368865694,1684.6454477165532,0.9069311464273762,0.0752762470584638,1.298043173380838,-0.2739747647035574,-0.1600484317304737,0.7020140288789843,0.7703904003404101,4.589945872375986,0.2
7.038117926354392,4.516123801809362,1684.662550627154,0.9230823873099488,0.0615888781886705,1.235514870164394,-0.2649253034968982,-0.0629304899568084,0.7622000902992356,0.8093791698896695,4.582709616830264,0.2
7.560886908065794,5.497213803785621,1685.350921273417,1.0933439067078687,0.0468896248225246,1.0092742864835669,-0.2476095257971248,0.142444763880424,0.9487388059676864,0.990810935532818,5.105761196718261,0.2
7.686830610945072,5.284739617310288,1684.4653558369034,1.0827247197509424,0.0504768883078434,1.0273062413734508,-0.2354499397289036,0.0058985764309718,0.9444967932380276,0.9734195702569236,5.322012669424155,0.2
7.273595075631674,4.506438699794594,1683.6505616123616,0.9410145022866304,0.0651945313265652,1.2220210589139635,-0.2523697845157803,-0.1836882382845619,0.756445650857076,0.8183165033904747,4.742663687308747,0.2
6.422516005929444,3.046081723357288,1683.452469908582,0.8141387760914721,0.0752445221516963,1.445881083663026,-0.2113611999459051,-0.2586167321812909,0.6056251235112011,0.6916198097471327,4.057138635477265,0.2
6.721681528922956,3.7384213490156633,1683.8000563475578,0.9038858297160302,0.0743359690976028,1.2995394653622334,-0.2637142239300454,-0.2307688546564267,0.6850810043892949,0.7695033715049663,4.545526203271049,0.2
6.675904691259035,3.4816095503606497,1683.2203200714423,0.8535744937178432,0.0794649388670436,1.392920612877827,-0.2451172479769441,-0.2731430737076873,0.6170200843844129,0.717916003794331,4.172263822558403,0.2
6.953566772577642,3.901326963079295,1682.9987559517328,0.9047475557001372,0.0742190589090677,1.2979452347609206,-0.2684943208397932,-0.2951077488844462,0.6591002623349583,0.7704485314314501,4.457564432354832,0.2
7.793365975927471,5.233355246391781,1683.7174251599995,1.010543247564541,0.0551881298676044,1.1123430141934392,-0.202128106376297,-0.1175965724141925,0.8680565319888297,0.8990032635976959,5.085162606376376,0.2
7.698113947961893,4.987351887959649,1682.8812013988006,0.9234495185710933,0.0669265101526401,1.250245342815504,-0.2081499521541593,-0.2520103837277798,0.7300090457072763,0.7998430114108954,4.62102610135739,0.2
6.62193115679461,3.181627354017764,1682.5518652110215,0.8335041794722354,0.082425722440196,1.4365755944047316,-0.2188373663226681,-0.3048714922632262,0.5862751294574854,0.6960998111723917,4.031724500106145,0.2
7.314830966666036,4.351775301132468,1682.3226086215589,0.9039949989688022,0.0773446906783766,1.3086323364423584,-0.2533931764729196,-0.3209239738013917,0.6455501277402927,0.7641565718287194,4.324246510419139,0.2
7.633902679083516,4.841818753920673,1681.821466015651,0.8682178959947786,0.0833052253047497,1.382048285198478,-0.209212474245398,-0.3493996233025057,0.5980756660918513,0.723563721115857,4.057829524894229,0.2
6.98939129769454,3.808914526505952,1682.1846461235723,0.8583174186102083,0.0819613979739136,1.3934958878239494,-0.2376154764481553,-0.3284225436804239,0.5921616738583628,0.7176196275409013,4.079605189777338,0.2
6.878165897593974,3.4564792253360963,1681.3814015650598,0.8326206176996324,0.086225873234656,1.4513077441718074,-0.2136549250819882,-0.3589845865516775,0.5479499354425248,0.6890337380309733,3.836466030908426,0.2
7.23731482322792,4.127323283896398,1681.1762591820077,0.8908995827006903,0.0862854577467406,1.3565645443827783,-0.2361239434343947,-0.3950237620302408,0.5758480810494514,0.7371562261012716,4.032136003222944,0.2
7.61583982487528,4.83535106873347,1680.602319248614,0.8288712123523607,0.0996135463304833,1.5066194594713125,-0.1968733634248308,-0.3938757011954767,0.4966391309663803,0.6637376105250292,3.6335495072943846,0.2
7.147756795434115,3.86025000998938,1680.162865576691,0.838796400739242,0.0958368372554436,1.4748801094243085,-0.2021192776264277,-0.4061203368709359,0.5039115340159868,0.6780212124430447,3.6405729581050714,0.2
7.38825457182248,4.376550903254167,1680.2438728176048,0.8683645724670781,0.0966447622596531,1.427513443000857,-0.2033592407555537,-0.4142671025044353,0.5270240716856213,0.7005187971455059,3.8132013863195313,0.2
7.632738270113125,4.918742860488877,1679.3930304288317,0.8264079678231748,0.1096758263137982,1.5500655333270474,-0.1752424758652281,-0.4011856218334563,0.4738544797094537,0.6451340143365478,3.5169560887801654,0.2
7.397828695714467,4.358982316412241,1679.100904875111,0.8358094559874802,0.1042061568491803,1.511449669291348,-0.1769751665794544,-0.4115552840357429,0.4868658917426381,0.6616164734541613,3.450944510534892,0.2
7.673786693547663,5.05597776737091,1678.1481148100002,0.7907052055546926,0.1213727990292609,1.6701043048628783,-0.1504220037129396,-0.3904786971146118,0.428274596705109,0.5987649975443322,3.173983293969574,0.2
6.5404556516342165,2.880807724634358,1682.300525084088,0.7917776588463666,0.085122810518189,1.5221140810179723,-0.1813926308661113,-0.3150788057085082,0.5472166547247919,0.6569809795933375,3.693005964926351,0.2
9.05536627586822,7.712703745891467,1677.5795301400003,0.7347485711916749,0.2205388898422249,2.4350611631860524,-0.2027709509096446,-0.2862452160035992,0.2135304459749073,0.410667302784129,2.8302195488373982,0.2
9.03482185389542,7.820869238046714,1676.932677426185,0.71888247764666,0.2294383883036558,2.570667630378604,-0.1817715402183437,-0.278815504537898,0.2013582289595338,0.3890040035446829,2.7438686094670235,0.2
8.689012986008155,7.267274809444405,1677.337594345559,0.7069604856610573,0.2094431514956737,2.434129880698054,-0.1730295030741573,-0.2994904381294308,0.2216821458849409,0.4108244214615295,2.636052595188264,0.2
6.6473024265899445,2.7755886826360188,1681.285355897705,0.80541604559569,0.0887503474260695,1.5095384613859428,-0.1679822714372837,-0.3528149105902198,0.5349290421283626,0.6624541378573928,3.6209210793259454,0.2
7.9871607819837935,5.879073405039064,1677.5033554263491,0.7330142930175987,0.1539671163116214,1.9712431143712292,-0.136760614636983,-0.3509647093744714,0.3398052532499088,0.5072940991953555,2.8355216887940293,0.2
8.323638074193457,6.636042400694637,1677.2796450403248,0.7340435643070118,0.1823053272096196,2.144066427168437,-0.1491565145867155,-0.3317572808395306,0.2919274365698572,0.4664034599528013,2.8467625365170943,0.2
7.992047810125219,5.969595375223077,1676.5303369726942,0.7255148615969744,0.1554584772596852,2.000240067329901,-0.1298920317228731,-0.3486942667335882,0.3338867508810218,0.4999399903707006,2.791797343566764,0.2
7.60801224007001,4.86250996135471,1677.1712796981124,0.7934114321054535,0.1130340073812993,1.6285412013909484,-0.1361646062291222,-0.392168862535138,0.4524553775940439,0.6140464847594234,3.233148922101201,0.2
8.429777049734163,6.945320325606568,1676.579027915636,0.7139020565050048,0.1981896900095033,2.3205840340738377,-0.1444976153475418,-0.3057822303708687,0.2670484710828905,0.4309260019532572,2.7359767125840757,0.2
9.024029915043547,7.970649449376451,1676.106495399524,0.6717129859593307,0.2364447209856574,2.824324155070796,-0.1615617815635069,-0.2506286508249014,0.1909097050268642,0.3540670068641372,2.577491572553599,0.2
8.59889821033617,7.333995782900107,1676.0789445535218,0.6713605434258755,0.2103385528603951,2.5711267959984543,-0.1410680687623818,-0.2810006710462995,0.2289290149855951,0.3889345331223413,2.5649444772857595,0.2
6.940345269526743,3.190742667579162,1679.6338627965672,0.7996134198811827,0.0918880362477275,1.5321828744759285,-0.158521704877428,-0.3945930713975037,0.4951130777550446,0.6526636060607598,3.3956052052667443,0.2
7.261203009547672,3.899282563121285,1678.219434958512,0.8190871679382058,0.0969687006427429,1.514611002894754,-0.1437249615694521,-0.3943045634400983,0.509684219179795,0.6602355311619819,3.3788023141553363,0.2
7.369385392546619,3.9067609616936254,1676.5773110659725,0.7468160903399322,0.1090566602683997,1.7125470786203865,-0.1063475710883892,-0.3585236956430431,0.4484640512746144,0.5839255530455791,2.95339501125992,0.2
7.767558918816058,5.322266354417131,1675.8143027673354,0.7106146692355922,0.1351284520787536,1.928394289807142,-0.1084485285779474,-0.3410552255069822,0.3752746998659821,0.51856614867907,2.830986055726496,0.2
8.206207711835695,6.588604707733558,1675.560292738195,0.6792651232071039,0.1845833565912921,2.333705674477271,-0.1135054654099638,-0.2983974930654174,0.2858151667859777,0.4285030502931741,2.5816847539028256,0.2
8.581278068447903,7.40458089322811,1675.3938126145397,0.6322106813559206,0.2164458365918856,2.7891517705812787,-0.1288498512830473,-0.2563994190067731,0.2149469864312025,0.3585319416991041,2.351374579416193,0.2
9.03060752415096,8.178394527401801,1675.0445559943971,0.629062306552752,0.2456063184097015,3.124424400695669,-0.1398656816531939,-0.2233490500937033,0.1816329425482929,0.320058952227279,2.384525882231269,0.2
7.949738880575478,5.907801668280751,1674.71087565137,0.6769836293124382,0.153405603001283,2.1309354771778883,-0.0929246008027074,-0.3037330926749466,0.3454454611966081,0.4692774655590949,2.611438485944356,0.2
7.602239650031842,4.30666341474588,1674.4350647737217,0.7344314998655253,0.1057021155886224,1.726610039836234,-0.087685290012695,-0.3411397085459814,0.4597525245027399,0.5791695732841031,2.841621599227276,0.2
9.061961347082722,8.450806923357723,1673.7382017057987,0.6192289934099928,0.2463559944941162,3.183421307939635,-0.1303975387866821,-0.221390093247148,0.18071790125253,0.3141274444277742,2.337687735477662,0.2
8.363734878615123,7.102815159682512,1674.1597180452957,0.6508632451972827,0.1927644438707638,2.5003959239140383,-0.1086889634281913,-0.2661366620610939,0.2780419394824945,0.399936662204533,2.471845164894571,0.2
7.96506444493867,5.870634179455202,1673.0849165773902,0.6633683266100808,0.1488175393368909,2.1462606099758577,-0.0789043963332607,-0.2841219231345585,0.3607443211648529,0.4659266425297944,2.5565449720510744,0.2
8.417355299289829,7.379457858803951,1672.4865586983635,0.6144114810488338,0.2059284789103997,2.767309372243363,-0.0891266044651529,-0.2401185201282572,0.2549155200289202,0.3613618376138893,2.318746417156731,0.2
9.120134899607596,8.781549938808185,1672.2227205929462,0.5851946289998035,0.269725657729187,3.710428971833709,-0.1020252016028658,-0.1795544901959047,0.173167594374115,0.2695106165866843,2.245431961925369,0.2
7.805079052933562,4.63881947376081,1672.4370497665598,0.6997078411569031,0.1188343749482433,1.874733483471683,-0.0660339135724894,-0.29505550102114,0.4394395275269913,0.5334091532563725,2.7682875788810395,0.2
8.110739827060895,6.210902648053517,1670.9309252369137,0.6329040019334187,0.1641803725027111,2.352480796855161,-0.0636087124074394,-0.2497089206513937,0.3380755685657023,0.4250831723416481,2.507377206627363,0.2
8.583520922854627,7.906308224102092,1671.059851220742,0.5708831415914214,0.2346720747467639,3.300956680507829,-0.0709070008556731,-0.1863799280951278,0.228054522516912,0.3029424790410024,2.170096817880533,0.2
9.204724786134111,9.164119594435268,1670.520329118109,0.5657763368852015,0.2640937759166268,3.746155714383536,-0.0855410940373025,-0.1545168794215787,0.2001609075468962,0.2669403186206207,2.2543708024155635,0.2
7.9795453977218544,4.695048532254291,1670.6304787975153,0.6928391120114187,0.1250533481483677,1.924722521445982,-0.0564138583678131,-0.2709652469861862,0.4396966411472704,0.5195554106410789,2.818887846867819,0.2
8.494263310461134,7.697218587603106,1669.1506004213584,0.6048405727869712,0.2115974582534298,2.866355182769505,-0.058680849443801,-0.1879900468077185,0.2879759495719294,0.3488751170864277,2.479998866936353,0.2
9.315292135837328,9.58365048397286,1668.6941889896607,0.5498806737169305,0.2698927748173532,3.951584678383546,-0.0663130793238347,-0.1300835117102493,0.2066924131830918,0.2530630320211345,2.268519150138482,0.2
8.17191514700337,5.367199804123636,1668.888716345999,0.6662267401645486,0.1467377991242639,2.124470838546915,-0.0481397573186639,-0.2312891437198427,0.4071259209446451,0.4707054490255912,2.741295850229005,0.2
8.404418143552084,7.034556299643612,1667.5804566740292,0.5599879632853575,0.2066845093218228,3.0440817578221337,-0.0369966762498521,-0.1718854849255123,0.2774941577213322,0.3285062884498354,2.2476783488613696,0.2
8.685585336391497,8.30238159234665,1667.3827238936808,0.5693682113925744,0.2352087679915347,3.3164479665944366,-0.0471551565462264,-0.1429214400813949,0.2612826790706131,0.3015274203221921,2.423621548373845,0.2
9.447450157360535,10.016812715043846,1666.8400490399194,0.5363110707591857,0.2708006565623924,4.0676153088173095,-0.0523591128703737,-0.1064808479351122,0.2153131847784779,0.2458442905926514,2.306204066676301,0.2
8.393102963816586,5.805659363088748,1666.7254657967728,0.6342663826525214,0.1652575174168145,2.3549813821958,-0.0391950871532876,-0.1929671952373624,0.3762174614543576,0.4246318070963234,2.657276826631319,0.2
8.503530313871243,7.312544960850184,1666.4753637220872,0.5374274258688553,0.2228884230918714,3.357341425451016,-0.0368447247204637,-0.1407910110861808,0.2598803444257003,0.2978547229123897,2.1630269555949804,0.2
8.64759596312819,6.635696245031616,1684.7345025334455,1.1094917809733666,0.0560803975444934,1.0151765847034029,-0.1600533435804063,0.1529257526193738,0.9598545391119652,0.985050300674698,5.161507986130935,0.2
8.652287637656514,6.928975079052896,1685.3987587264571,1.170413755296453,0.0499522239439513,0.94923111851345,-0.2003157672510085,0.2638000694784457,1.000056052710797,1.053484215273154,5.194811393900836,0.2
9.075674613957451,7.121687097875171,1684.757951385059,1.164568708784205,0.0558215731634036,0.9666014137691477,-0.1359606034327096,0.2360315540583752,0.9980495426581858,1.0345525940217888,5.410712810184663,0.2
8.12520700809694,6.33124290875865,1685.5237737173993,1.1428790857825089,0.0475591963837097,0.9669587637506556,-0.2198014623195939,0.2439295756635132,0.9806598871435626,1.034170264015379,5.080282705427903,0.2
8.197883255574418,6.08695824936853,1684.7911176923892,1.1340767203323818,0.0523174385762862,0.9848212048352204,-0.202172618700211,0.1117766787704321,0.988784730355961,1.0154127420188106,5.337212504141226,0.2
7.972787246231851,5.675130792452613,1684.481538888328,1.0795866835691523,0.0539657215898184,1.0383511521932736,-0.2111948559899414,0.027843134566597,0.9392104831741822,0.9630653347740156,5.256574191437159,0.2
8.25008895114839,7.064177388578499,1686.4381444066414,1.1462033280469242,0.0439960721436515,0.956620659225788,-0.2193931495559138,0.3830456563350554,0.9475715537650844,1.0453464394228322,4.655386998553528,0.2
9.135266000676207,7.627300372317262,1685.71614870619,1.1587775214413654,0.05042991832767,0.9597818670038012,-0.1520163241802368,0.373763328252698,0.9606012321541172,1.0419034099089095,4.945266618376832,0.2
9.013377001747878,6.829854667012094,1683.9143617899997,1.0894740648942776,0.0625233921385395,1.0490550339350926,-0.1108199582793061,0.0533256437800152,0.945272231700374,0.9532388365259704,5.343161992559852,0.2
8.361986876161657,6.029461270312682,1683.8368613900116,1.0184063301039503,0.0633310689345759,1.1243373065937647,-0.1528010223176804,-0.0318916403749089,0.8756083098682866,0.8894128071135069,5.030342066002572,0.2
8.191555249355275,5.741311365561663,1683.0557196863472,0.895643345388831,0.0698717001597166,1.2978870029953793,-0.1372347281607697,-0.1709773401009507,0.7386322387646219,0.7704830988307232,4.498848429248946,0.2
8.972946517862837,7.379344260197394,1678.7152917975357,0.7128621929009175,0.2050694189769364,2.378179415355221,-0.20827345205825,-0.2960372005814136,0.2139994180196544,0.4204897214832856,2.665307396715622,0.2
8.481784354371184,6.668080959098257,1678.8649718204151,0.7299309997320496,0.1674511879081225,2.059836716940966,-0.180777537541903,-0.3401841470647112,0.2954328460310342,0.4854753737398592,2.9071555514367597,0.2
8.931426470262005,7.173706433518237,1679.4907842075272,0.6986532473761733,0.1839346275167374,2.264286641305904,-0.1986831250553357,-0.2949569125819252,0.2618616042792872,0.4416401977371824,2.7453544677145096,0.2
8.309360667687388,6.273877333284164,1679.5195423893936,0.7534019664854452,0.1433364948116087,1.8607352349202717,-0.1725319109359747,-0.3431267784885973,0.3759243673580633,0.5374219723650516,3.1256754869306578,0.2
8.683668209501988,7.088078853558053,1678.2570936147915,0.7096790086370944,0.1980261955370765,2.333129120297519,-0.1804794532533427,-0.3087080626866388,0.2362882196635982,0.4286089403712387,2.681481757180011,0.2
9.012920519641677,7.547883681322135,1678.1280886280692,0.7242975197757334,0.2149132341631939,2.421452471711437,-0.208015691135155,-0.2941195574591655,0.2019201222883785,0.4129752748329679,2.6768165621387823,0.2
8.779228623467253,7.3092380496854785,1677.8142237105044,0.712299276766272,0.2100188604493409,2.4206820442740904,-0.183194656080803,-0.2976246389097353,0.2202644950055338,0.4131067119555877,2.6664546255379684,0.2
8.514177018376751,6.9063504799720565,1677.77594780317,0.7049367642381752,0.202027474704865,2.3803653622986736,-0.1617021657412714,-0.3105942206563518,0.2321005255141166,0.4201035756268604,2.550579469722236,0.2
8.949745104955026,6.708363308041808,1682.921444088679,0.8426547681244073,0.0846521728251292,1.4285925431732285,-0.1036625133337082,-0.112676241467877,0.6830400161354379,0.6999896539980343,4.298589768710396,0.2
8.368682626507939,6.022367024918182,1682.2769670540335,0.7497481829215794,0.0945779534938671,1.6449292410141183,-0.1463290953486648,-0.23309083081284,0.542064562677714,0.6079288853686424,3.599600251471419,0.2
8.906134093839636,6.7544631614012935,1681.7453649579654,0.7011384604982155,0.1245444067706782,1.89936151981576,-0.150346687967521,-0.2213785417424191,0.4534115037940194,0.5264927132445018,3.2796409168399334,0.2
7.995216615439775,5.449523146536606,1682.2505331496602,0.8371611967598986,0.0828333679454743,1.4316977781721087,-0.1678864352082199,-0.2820273791145058,0.616552549460826,0.698471433878126,4.134627950853713,0.2
8.129702914346845,5.7328116193393805,1681.3217193272849,0.7901129630352073,0.1038034030726676,1.5972396267473372,-0.1753093823995254,-0.3265372501992227,0.5045952627818682,0.6260801342854406,3.634776865644041,0.2
8.386690865850095,6.22896321675666,1680.668297603666,0.7109999624974646,0.1369774418100146,1.937165891423734,-0.178270108635248,-0.320614320950871,0.3631904476285238,0.5162180505176265,3.0028122888111604,0.2
7.992422622971927,5.593526708419055,1680.3167928508124,0.7673448472704721,0.1148070959197871,1.6916135105124686,-0.1730026432491807,-0.363487209346675,0.4329056767518219,0.5911515803022012,3.330272361374839,0.2
8.901609480001795,6.941680629770819,1680.525712843874,0.6922061360712554,0.1640959376721462,2.1504002578260075,-0.1988776868185348,-0.2815184888225022,0.3121660355292006,0.4650297061492036,2.8391297766945343,0.2
8.39173320424795,6.61850446487383,1678.2359064845407,0.6918084975739603,0.1911041985906203,2.3397642815937947,-0.1517927698025797,-0.3117823583431384,0.2498317499572838,0.4273934805598547,2.5337160439566584,0.2
8.239769620556016,6.391948956759425,1677.833386802222,0.7335815195185788,0.17506409212775,2.097605994766832,-0.1543079098077335,-0.3450005708500482,0.2905837883683858,0.4767339540861481,2.8178401040447865,0.2
8.05071244866634,5.922012722683792,1678.460919270705,0.7481027601644886,0.1495326500421678,1.907046060273872,-0.1573319540820158,-0.3691395472424402,0.337561533921435,0.524371183701976,2.9538572900720674,0.2
14.712466333199153,10.738616523502705,1685.3535176799987,1.152975115435423,0.0782098501048664,1.0281432695555803,-0.0971933850745335,0.4457993079020222,0.8589644265276214,0.972627093529732,5.047035348822675,0.2
13.259844656977744,10.874564841029809,1686.4967903095087,1.088412442735587,0.0646431287609885,1.0551910599636067,-0.1426514711945065,0.4981675625624979,0.7934776133688359,0.9476956713739496,4.312629612532542,0.2
10.47072593979409,7.901978390440602,1683.8152550234802,1.1697025057891124,0.0707881793835885,0.9959164594978668,-0.0144209010248824,0.1586123010373206,0.9913887008943146,1.004100284178647,5.648551688461775,0.2
10.133778488339734,7.736958843230575,1684.1186837575417,1.2665014627327822,0.061260670877528,0.8998243508983095,-0.0628394074527632,0.2389362742535282,1.0835176964869873,1.1113280041840206,6.003157386691634,0.2
10.701717655398271,8.150702696572553,1684.2454080699993,1.2958340932054702,0.0633321242166971,0.8836277756357095,-0.0847093913280067,0.278333125028022,1.0936616939387838,1.1316982416952304,6.028683273350119,0.2
9.446116004137544,7.146031009267565,1683.3474697424308,0.9862025473169208,0.0792675139027171,1.205029940941791,-0.092042094154782,-0.0328178082094801,0.8240815480615827,0.8298548990562427,4.990967679439065,0.2
9.605693310269285,7.338453128859004,1684.015065385616,1.1525394080448474,0.0662536536622781,1.0001805180815095,-0.0909022770242696,0.1324341590117992,0.9868318150183596,0.9998195144993868,5.53916152344164,0.2
9.53166676810276,7.801629527490163,1679.341184028317,0.6935306790079517,0.2132888083886239,2.5145465588371305,-0.2389599206708361,-0.2513149473112296,0.1946615522755785,0.3976860147948331,2.4826887908619715,0.2
9.306599000531342,7.753103943501144,1678.648806242705,0.7249224158743154,0.215178085504739,2.421614865270757,-0.2371332874794409,-0.2783856861017272,0.191820014984366,0.4129475806997045,2.703532827071009,0.2
9.23135385416606,7.525048974812972,1679.3386379541907,0.6849463557409411,0.2052332142669588,2.476480423596682,-0.2252376558187168,-0.2701228239180969,0.198381417762702,0.4037988713626347,2.516220242347317,0.2
9.165032909390057,7.728128293411719,1678.0955133079983,0.7310624918536429,0.2197767531414252,2.440682802970779,-0.2236324058669774,-0.2802986101203142,0.1982242927240876,0.4097214102474964,2.714807953614732,0.2
11.010187387132952,8.16924523629633,1683.341035866523,1.0772085307055588,0.0825597141770169,1.1119259379781,0.0284804122184096,0.1059865632363126,0.8926191811311066,0.8993404738973682,5.466645705249983,0.2
10.024064961215434,7.556276237169779,1683.2305335735473,0.9863092981799708,0.0838623619590249,1.2182036016376925,-0.0557630586716484,0.0101529716444485,0.81892170418742,0.8208808434449296,5.0617526786436216,0.2
9.550438389989058,7.238861706454576,1682.5450564872422,0.7869326907237784,0.1099013575051115,1.6287633117798814,-0.0967612378311059,-0.1124341972375305,0.5957735064813601,0.6139627487723917,4.057623338990246,0.2
10.328329190224364,7.780572979162991,1682.332188596655,0.7509717245437815,0.1460632554728004,1.8811384787623613,-0.0223092242111604,-0.0623212961783325,0.527455633632457,0.5315929748340058,3.992462563737728,0.2
11.37397590929853,8.4251859040825,1682.2156132900004,0.7658921842417771,0.226324358906404,2.3854275050759,0.0247739769052266,-0.0326618242284422,0.4172028453324797,0.4192120690618858,3.8128658223568936,0.2
10.59392610146557,8.11745431814864,1681.3221650786838,0.6106269346162417,0.266341640701135,3.5043923570095536,-0.0959626237759689,-0.1127188357056383,0.2439544747248489,0.2853561753722526,2.7167783251325064,0.2
9.339235017032502,7.500946742521097,1679.909197107099,0.678597475617655,0.1961416468428686,2.424859527210637,-0.22689494802484,-0.2591691444309003,0.2267591055774602,0.4123950227955346,2.51412629801974,0.2
9.580236608160046,7.461830783902122,1681.0563461685476,0.6577213690581641,0.1865540229813481,2.425299359349622,-0.1813824587697254,-0.1997111529967312,0.3118073677775761,0.4123202342609631,2.85681844064187,0.2
9.937534742510072,7.907506585340142,1680.2612690726917,0.6428456622301183,0.2309283509174958,2.890648906413364,-0.2123353419417802,-0.2038978684547708,0.1817029988218119,0.3459430848835848,2.364392808471562,0.2
11.472468236204824,9.814677156999617,1686.36345080708,1.158754698950611,0.0534023450275696,0.9661889309459276,-0.1403935957418064,0.5362974051193966,0.8740067819541589,1.0349942624792547,4.496820124156774,0.2
10.450495407859597,9.039428894709678,1686.2272531527,1.1740902695869968,0.0526779270736005,0.9520246355014302,-0.132856826414541,0.5113856796215672,0.907832129971011,1.0503929863887411,4.739386644588415,0.2
11.225293488699798,9.090609675551637,1685.5113460802002,1.2430604857183365,0.0538322190710836,0.9015286597155556,-0.1214442319532416,0.4951706843719091,0.9851101461744042,1.109227076946742,5.174057179952388,0.2
10.531732738807788,8.634567323374503,1685.5127341938455,1.2553207930875776,0.0541982992816224,0.8934568047305014,-0.1420375435758604,0.4844222555193289,0.9989380096016626,1.1192482890111692,5.368798064302186,0.2
10.96115693631142,8.544288505769257,1684.8149678624393,1.3239021419031365,0.0563702107648055,0.8513211415218206,-0.1055867029389663,0.450518965834507,1.079664136739426,1.1746448563610217,5.913198519266198,0.2
9.627714119523509,7.574250859512445,1684.695370036541,1.1764325120992685,0.0598636007543438,0.9656410062375114,-0.1258049797604486,0.2833204655775238,0.9880950086609523,1.0355815396617878,5.4538703002950175,0.2
9.881074945285103,8.331579908564615,1685.7965523875728,1.1571135271689434,0.0546703706188622,0.97031432350578,-0.1655975042807185,0.4297320136547647,0.9219715836804973,1.0305938764120934,4.9013918829652745,0.2
10.0799095093799,8.08460805021428,1685.0806095070338,1.2532815600112115,0.054497883982977,0.8955123578666774,-0.107631043703206,0.4075084968884734,1.034081602591176,1.1166791739002206,5.511315723767519,0.2
9.237634353512234,8.023980303435525,1677.0977511712506,0.7183936602846763,0.2324718301848962,2.6015848492183,-0.2079209827177592,-0.2645909281720617,0.1857668487477624,0.3843810822854657,2.738271638752509,0.2
9.489472443248092,8.408925173180492,1676.5554904919684,0.7102304320395392,0.244073081444512,2.7507730424608656,-0.2031600142278556,-0.245922603582228,0.1743707996920504,0.3635341718724243,2.757019205710675,0.2
9.42560381351562,8.528211890866825,1675.6820241546454,0.643318395856001,0.2514973614600058,3.1276131444047635,-0.1711883655562264,-0.2184636932994466,0.1587360001511219,0.3197326375830654,2.4700989568864085,0.2
9.895302299779685,8.951278001974817,1675.8786823291057,0.6685830376461986,0.2721455969837405,3.282140929869973,-0.1891722940588647,-0.1966491781047717,0.1355446247842219,0.3046791778193439,2.5181023313297075,0.2
9.77284472012314,9.069283032797207,1674.8022699756427,0.6323179451989972,0.2758401496719749,3.5275783546893806,-0.1634119954427955,-0.1904227928068617,0.1318974060218225,0.2834805919110632,2.354780554945613,0.2
10.532905728507178,9.66613383226468,1675.1167357264735,0.6053659875809473,0.294675052857393,4.022631666812611,-0.1795108312703726,-0.1563680907764382,0.0715793220659171,0.24859347880398,2.1373926648769968,0.2
9.76673058367121,9.44298290749882,1672.9151959048936,0.5980169913585597,0.2850951727414537,3.890543807004692,-0.1410381772632285,-0.1702470923340341,0.1311120441555583,0.2570334764511737,2.219749050434925,0.15
10.574490261535992,9.966413370667327,1673.895073490947,0.5890645054870539,0.3087442881305462,4.438055564277352,-0.161106150049315,-0.1419020941340188,0.068406616713332,0.2253239026679084,2.140108915615166,0.15
11.430355677398936,10.426008081401704,1674.5354267600003,0.6159331423280165,0.3293437185041827,4.756791902847763,-0.1713112670832231,-0.113822307836729,0.0434946562568637,0.2102257194394664,2.283827725270025,0.15
10.62228467448105,10.306268549277169,1672.437188579708,0.5573870575684879,0.3192382312647149,4.962568812554063,-0.1399338545400594,-0.1239346256383609,0.0752623208102979,0.201508540792472,2.1021600184041143,0.15
12.361230748366324,10.963439387297994,1674.3793116608,0.5824165916404834,0.3462033750998096,5.58199522918525,-0.1632487537281146,-0.0723481329712375,-0.0144702227193138,0.1791474121603576,2.058757558510041,0.15
12.130922655635237,11.021382744128427,1673.627049593673,0.5853342045290113,0.3400500302698676,5.340500239285752,-0.1651720951394151,-0.0874365091829495,0.0116185363026013,0.1872483765928529,2.112530647827287,0.15
13.872275638921966,11.550456543675134,1674.227497437477,0.566213535348949,0.3594782533025914,6.284145296940966,-0.1425303354759221,-0.0213512024615938,-0.0674669327967487,0.1591306299818984,2.0082924012555794,0.15
13.291978013340518,11.294944135011418,1674.5529588078864,0.5777274304254463,0.3521745687475373,5.854608533421141,-0.1573665051388673,-0.0402296103915417,-0.0528386125283401,0.1708056130980375,2.04770463366648,0.15
14.492914891499574,11.469751809901988,1675.1406602600005,0.5857096771787809,0.3473783766495886,5.593344079830048,-0.1316228452716678,0.0038070240784136,-0.1209323135781153,0.1787839234861419,1.963131501405228,0.15
12.800597383197886,11.344181940018752,1673.5527136865528,0.5738116010879815,0.3521066773151327,5.891855861427176,-0.1575906375687669,-0.0597355504378007,-0.0200924128945581,0.1697258085600504,2.092446614104038,0.15
14.677657842926818,11.913958734362078,1673.494058846265,0.5762518918409151,0.3855564823790613,7.581697314304782,-0.1137982922905924,-0.0076793767705782,-0.066239606931613,0.1318965870759899,2.1151816131564662,0.15
13.584422746163495,11.591967562339915,1673.6977924285425,0.5706583514674596,0.3709630414423871,6.790155324099921,-0.1363586925188785,-0.0310852057057143,-0.0461418419348951,0.1472720360977245,2.1076787447274854,0.15
10.04939451653973,10.031141194658666,1671.2897052513342,0.571909830427248,0.2992660232560397,4.3553348887924885,-0.1206229991593026,-0.1400420892285537,0.1362206239435368,0.2296034692012509,2.239404385528062,0.15
13.333040326488462,11.832635967288574,1672.2541581305486,0.5754761732047036,0.3693883433401681,6.652129869216079,-0.1387291291612218,-0.0532936103432469,0.022637691514862,0.1503277927010533,2.241643654510649,0.15
11.402683121194116,10.750047040928068,1672.965493219077,0.5824296258437,0.3371651208974932,5.272045024877762,-0.147997896881177,-0.1047000470143483,0.0557935221664362,0.1896797154199543,2.2714977190103305,0.15
12.299411969438552,11.281567729452693,1672.8162507674722,0.5675894049827397,0.349638158918489,5.858657229019596,-0.1508111844900156,-0.0772597660413666,0.0205222738586125,0.1706875758231281,2.1183363617950044,0.15
11.716506435215551,11.278817809859603,1671.3215942880488,0.5692084943090137,0.3323099862949581,5.238312840959418,-0.1353091978707182,-0.0983836822696172,0.0919528416399306,0.1909011604234095,2.287029529255497,0.15
14.926203768965689,12.391004441898096,1671.6368694483174,0.5561289041601447,0.405021906681655,9.466100038789886,-0.1024856173874551,-0.0161287175733139,-0.0199097689841955,0.1056401259127023,2.15335511659908,0.15
10.289499045218545,10.509920986130382,1669.898423979922,0.5598070539280623,0.2890204559779845,4.233419329260274,-0.1094348184992757,-0.1294550778735868,0.16450911201301,0.2362156739561008,2.234834155594508,0.15
13.355625908802033,12.227901027386473,1670.4093732454887,0.5439356391925048,0.3653667361721862,6.82763215332117,-0.1209937735989103,-0.0558372962332555,0.0607808114819863,0.14646366083351,2.2215727234439053,0.15
11.88903168533049,11.789694619904068,1669.214517213599,0.5423843738549061,0.3194239053385348,5.105080316754193,-0.1122998436501335,-0.0900031341475244,0.1328850998947523,0.195883304072246,2.2299597354320486,0.15
10.491218312180122,11.029875765888368,1667.9642295601925,0.5423166496431251,0.2906723903599725,4.404438520715661,-0.0804768789700862,-0.1039209512525542,0.185129002803006,0.2270436958755673,2.265501828153712,0.2
15.227235960521323,12.886349390753807,1669.6255820315143,0.53248917478215,0.4208160040061228,11.858282889872171,-0.0789623381357007,-0.0200983599273701,0.0217353636649604,0.0843292413654654,2.170879481987785,0.15
15.552951840805507,13.364986764215292,1667.6081041510172,0.532576565851783,0.4057390403622431,9.959925606315917,-0.0657657753481613,-0.0268604237590424,0.0709507828715422,0.1004023563555401,2.1990295557509736,0.15
13.626654264058203,12.736486661462065,1668.3299580970834,0.5301575227621279,0.3601010436886608,6.741407836036635,-0.0928381811152013,-0.0524319252685808,0.1031301191870489,0.1483369682300534,2.2227166755323884,0.15
11.952825066513284,12.203088514136612,1667.1838157717114,0.5329297475648527,0.306098065194637,4.838579699051289,-0.0901037021473442,-0.0825875170539619,0.1666554251089912,0.2066722183363172,2.234301488594232,0.2
13.543967183583812,13.187994723738512,1665.7886180116516,0.5326755788637657,0.331834455807972,5.581747683449707,-0.0720871629523561,-0.0548972909121538,0.1545521607730016,0.1791553571948574,2.251528561799095,0.15
10.561536350782266,11.427597143770098,1665.9373340710813,0.5337737707995373,0.2827935237995761,4.312608209158197,-0.0646442793320447,-0.0923237302469221,0.2026449210401049,0.2318782396871604,2.3249501999437125,0.2
15.89694147923366,13.827636646530728,1665.5893021758916,0.5332186342672306,0.391757771964125,8.662992991155967,-0.0436545653850191,-0.0283350974807591,0.103035453682086,0.1154335460066628,2.2322819275965045,0.15
9.456649608577884,8.123892385745263,1677.674109904582,0.7219988397591294,0.2340886210046308,2.604333410287833,-0.2299023298560644,-0.2644002094906397,0.1570814014411383,0.3839754142268133,2.616748669832245,0.2
10.89834114459508,8.512049405997052,1680.5358022705216,0.5774117137095294,0.3291181587183382,5.06743864835286,-0.1371253910360072,-0.1114377715527136,0.0878673774446458,0.1973383536325682,2.1475529868666965,0.15
11.61243378475629,8.715753871922626,1681.3917923704228,0.5978994613541917,0.3963563628950403,8.068618787716073,-0.0209349936501505,-0.0378774868591451,0.1161352207781425,0.1239369495956894,2.4235382390192006,0.15
11.830649636394984,9.02218427888418,1680.661209673936,0.5589392478598716,0.4187369504244675,11.008097867351172,-0.078978252647863,-0.0442851701573681,0.0073189788253596,0.090842215617095,2.019930927619099,0.15
9.68284198431612,8.207201348131658,1678.211027547989,0.7370365399263311,0.2310033095177292,2.5219359247108284,-0.2515281289416829,-0.2640676581887864,0.1556618168628033,0.3965207800093742,2.709745414683448,0.2
9.8602596245184,8.202464701703143,1678.843622486517,0.6946549055974713,0.2308959931222489,2.674734829622672,-0.2527148078180281,-0.2443209395582572,0.1273593799960465,0.3738688369871309,2.329394336729381,0.2
10.360724507804944,8.427199440405646,1679.490941659146,0.6362726136896126,0.2658404263519957,3.3559451560638647,-0.2200843770599635,-0.1847974737612438,0.0787656985272928,0.2979786478909221,2.106285895981517,0.15
11.220436617840775,8.961056243041233,1679.6871718045572,0.5812324018417109,0.3215176859853668,4.81975541115902,-0.1772732441923054,-0.1077890196731874,-0.0018517359630901,0.2074794081219833,1.8776507684210275,0.15
12.045289610998902,9.319947255912258,1679.9952865400007,0.5595047097454232,0.3833006417144651,7.657690151476113,-0.1167228509168235,-0.0435227377183304,-0.0391751177244077,0.1305876811700506,1.8790962190294005,0.15
9.949773650856974,8.574558095234636,1677.6723733338151,0.7198203115817746,0.2399090799099683,2.670673001794946,-0.2505854949644017,-0.2479766245063898,0.1261662022007008,0.3744374542775941,2.6416137313298598,0.2
9.649039115295192,8.413440296788316,1677.223913988698,0.7055726498213004,0.248069414817433,2.8128551668723416,-0.2209000870043355,-0.239181139553015,0.1427703197837437,0.3555106611165892,2.5778506906740164,0.2
11.75864691889025,9.492644040450928,1678.9511031358047,0.5906991051450642,0.3221583071517891,4.759596184464223,-0.1867714025039438,-0.085496387027251,-0.0441542930894652,0.210101857645843,1.8534742529382653,0.15
10.548998252352096,8.908896749111358,1678.2459649919845,0.6643005701107958,0.2604218711830823,3.1416529685464902,-0.2472102985502237,-0.194613454865532,0.0482697082089777,0.3183037751183122,2.0510773539370373,0.15
10.351263523018668,9.088530619777348,1676.9521755250478,0.6816067387130378,0.2649293243337344,3.1205969039261205,-0.2285800812640226,-0.2042042523199892,0.0934930056535337,0.3204515132159071,2.410140484576728,0.2
11.54935129046244,9.76059960368016,1677.59201206808,0.6133735007045074,0.2990758298371782,4.057072901311541,-0.2160668711541958,-0.1155290636339473,-0.0268714103916635,0.2464831232578362,1.907040139750664,0.15
11.450534685866652,10.104581984485522,1675.9688851816436,0.6507795715421193,0.3115451198250343,4.07688728355239,-0.2008273818892776,-0.134609636882161,0.0413935274771358,0.2452851723505711,2.2670671887333804,0.15
10.44333379276989,-1.2980840527361153,1667.1651335816707,0.8158697659921097,0.0554735902362671,1.3786422912407188,-0.1105664021474202,-0.2195987437894565,0.6824118945385536,0.7253513158224988,3.239123987600874,0.2
13.301903033411271,-9.20311186700842,1678.0760698031088,0.710634603453997,0.0745060001278603,1.6535990457972691,-0.2394957925311612,-0.0580747797219149,0.5522512028239077,0.6047415197423861,3.0110586049320847,0.2
13.007889757627868,-8.893722168596893,1677.8116365685828,0.7196303395383397,0.0713355493299151,1.620850915682877,-0.2366527399142474,-0.0678450650247147,0.5657137365286953,0.6169598883674581,3.0263885063363523,0.2
12.60104038629534,-8.526013801717236,1677.653728392845,0.7244320550632368,0.068011142394017,1.5977167942935102,-0.237766604739403,-0.0700863425731468,0.5747148716322622,0.6258931517598444,3.0242452260634223,0.2
13.76149078414521,-9.2778602915267,1677.4974700343482,0.7282931843471401,0.0720254893003175,1.6041532466080275,-0.2440168553204381,-0.0637518969942689,0.570084543237416,0.6233818384337618,3.071351414372707,0.2
13.069516700919406,-8.599263588513306,1677.0075882251372,0.7417649290539268,0.0652761867714346,1.550566075576438,-0.2499705171086669,-0.0698025888874343,0.5903995013083249,0.6449257569550786,3.031060812451697,0.2
12.254170334421437,-7.95079853991003,1676.9806612876353,0.7580730691371633,0.0579754051603707,1.4921500615436802,-0.2434533337104837,-0.0877044800728327,0.6182001546828921,0.6701738824883777,3.0943955510942773,0.2
11.952089992498214,-7.300370720564253,1676.131204250923,0.776618558681318,0.0520216261752407,1.437160230709326,-0.2331701674287302,-0.1129022926706883,0.6457906309703625,0.6958166380003705,3.123703837540457,0.2
14.01353794524866,-8.964036608025157,1676.2588870140132,0.7417692995460058,0.0645352958137476,1.5479188530328734,-0.2368569502395083,-0.0789850800547845,0.5958298581483854,0.6460286972024901,3.065798753778572,0.2
12.993308552183024,-7.910611321011316,1675.5962202531805,0.7871695070844832,0.0546891589301397,1.4263906188769415,-0.256241872097963,-0.0897584794775854,0.6463613435835527,0.7010702305286771,3.089299107842888,0.2
12.157885191965567,-6.615203085018094,1674.3612145395186,0.8341492427264174,0.0454894070439612,1.318810010450498,-0.2437070437897709,-0.1326611141928798,0.7056664388790627,0.7582593338508293,3.2539221763919053,0.2
11.563047437516516,-5.4185591279797,1673.0154135561506,0.8431289072723106,0.0408868557358685,1.291684053512167,-0.2121456914228471,-0.168818905770867,0.7251578429715766,0.7741831272755436,3.1777354288304123,0.2
12.71964157419709,-6.355042796926233,1672.8348510080514,0.8501955596536896,0.044438185601025,1.290933461186889,-0.2466417018477986,-0.1349320409389239,0.7218157023490678,0.7746332634995736,3.264396136161864,0.2
14.371614638912034,-8.522576475003506,1674.5323458912449,0.774233230288302,0.0583250677264226,1.4621618415347095,-0.2410964861555795,-0.0855166802499285,0.6342746509878919,0.6839188191030776,3.094464054127226,0.2
13.447668863143416,-7.350611820872266,1673.5834794076827,0.8112551585848228,0.0500745435442981,1.3698466974046304,-0.2514390021637466,-0.1020101763740587,0.6777057229840463,0.7300086950566383,3.121829068048361,0.2
11.422646095097605,-4.440259330026237,1671.327949864512,0.8901824949481673,0.0378772034683839,1.2154401032124629,-0.1959993741555518,-0.2028122348690617,0.7728935740276394,0.8227472479778766,3.24036872029448,0.2
11.34144292044126,-3.5494592984724163,1669.7040675110743,0.8705288237097185,0.0402296334172635,1.2492399736498885,-0.1559243880272933,-0.2224042402720533,0.7529959604737653,0.8004867127957113,3.1928855467191464,0.2
12.60062715716812,-5.604209899761545,1671.5211873517517,0.8697900098823024,0.0417440873915467,1.2544331203703158,-0.2382653108083504,-0.1498778143843511,0.7458222325286307,0.7971728295126601,3.252269690730944,0.2
13.842085692435225,-6.911551401273855,1671.925399352832,0.8222342703042724,0.0475036584668685,1.343876495279451,-0.2397511706130752,-0.1126639419721542,0.6953666884683385,0.7441159983916944,3.14316883494299,0.2
14.796704991136185,-8.005685514423618,1672.5033303576213,0.8147969151122556,0.0528792639672074,1.372447741136971,-0.235650200747607,-0.0968377604234814,0.6826317474547636,0.728625192804481,3.2100146461948458,0.2
12.54241389899062,-4.741150709861369,1669.8604577428014,0.8902718814687536,0.0392705706931132,1.2189935107754597,-0.2217475180700365,-0.1709395218360017,0.7710901731447825,0.8203489117541344,3.2955186584189047,0.2
12.2927484775841,-3.951314663658169,1668.6900797114822,0.8625058075962393,0.0398428043516126,1.2598004486068146,-0.1851423183036507,-0.1861057024058872,0.7491115624918866,0.793776507307866,3.2333616826771614,0.2
11.447816932005624,-2.849194752626228,1668.0698494124144,0.8277598577900486,0.0435279196251878,1.3232790088354844,-0.1402405472780315,-0.2052618670515311,0.7136388589975001,0.7556985286723642,3.1350002392040484,0.2
12.733135799031915,-3.648532620051952,1667.1813504276322,0.8324101323109016,0.0444943426359386,1.3186783352288562,-0.1726060779691702,-0.1699752196117326,0.7186011502584148,0.7583350490295651,3.200888240625637,0.2
13.38771851328823,-4.796072258018316,1668.3639655735708,0.8599922121994533,0.0433232462564415,1.2731119090082672,-0.2091994516729157,-0.1521936956539518,0.7416512888382661,0.7854769034239757,3.2677926792849155,0.2
14.13199225777347,-6.154789026301004,1669.7685893230173,0.8329062698825216,0.0474118542446543,1.326388348821149,-0.2239704709142232,-0.1219779007017894,0.7094818913244928,0.7539270085482639,3.2014439978902947,0.2
15.220155173456147,-7.499738439060392,1670.4712682667234,0.8121235793058169,0.057721243134127,1.392040286060815,-0.2119827440648099,-0.104833802995818,0.6783278464012409,0.7183700141536797,3.229970487804585,0.2
11.765014766843542,-2.28312254056686,1666.211843842693,0.8007108741703489,0.0514605648390414,1.392174408010154,-0.1299745733470447,-0.1846235438221179,0.6818920779009116,0.7183008064552112,3.0914649032745616,0.2
13.898343900851042,-4.40671241862676,1666.4702015245043,0.836384642080328,0.050387994500845,1.3296154580000918,-0.185514340578017,-0.1396904065018983,0.7153468715969242,0.7520971525888585,3.2535453498024234,0.2
14.777139560443022,-5.713188841972105,1667.4559813588653,0.8327505767415244,0.056444156863352,1.353651152748752,-0.197428069707958,-0.1172631725182114,0.7021484056048906,0.7387427683782334,3.245314952003524,0.2
15.635398420467247,-7.014349425886451,1668.4320585553717,0.8161154944973347,0.0635606371347634,1.403765187351928,-0.1975699795817131,-0.0948450452808289,0.6778210146153579,0.7123698528857284,3.2412263429885853,0.2
16.034821940389136,-6.560809599256967,1666.3831898515589,0.8056079079175702,0.0766465520710386,1.4660310970506547,-0.1689749842243553,-0.0925438369470299,0.6543411109854852,0.6821137709914811,3.2436203404723494,0.2
18.783689516207943,-13.05815779588612,1685.7491985457266,0.5538752880106206,0.2830230268481505,4.160488912831705,-0.2106928694601978,0.0262932088604003,0.1126426432581895,0.2403563669923065,1.9527095915558093,0.2
20.46030995528137,-13.520461737238728,1686.027638927067,0.5219438087135015,0.3136023838962405,5.139322844288074,-0.1654361331605187,0.0121113068255337,0.1017097033314956,0.1945781633686266,1.881830283111392,0.2
13.973034523000887,-11.758048111069094,1685.7452123622722,0.4893136784316468,0.2674978342505493,4.394967271545443,-0.1809163104614682,0.031840550169724,0.1342636396453115,0.2275329799323762,1.9189763387241583,0.2
17.026500225508745,-12.643594750030084,1685.9012103016323,0.5491341067844973,0.2712620819866629,3.98064475826254,-0.2253953154674272,0.0356175359247082,0.1050600439838611,0.2512155845919989,1.9252539986282355,0.2
17.447844484083188,-12.3972644334869,1684.3654704882322,0.5728016959697226,0.2368505364838528,3.317135561456534,-0.2412034195046914,0.0181057058014185,0.179928292983853,0.3014649179911435,2.059339729500512,0.2
19.02124966756997,-12.699998353100144,1684.0094083964193,0.5759945131158438,0.2441496189372586,3.3928572667642904,-0.2243578994003299,0.0075985624246722,0.1909858491484698,0.2947368313414736,2.096600037366401,0.2
23.599847335900403,-13.930883572402784,1686.6215286099996,0.5074930866716252,0.3447622456264012,6.346620382664155,-0.1243543269057909,-0.0313923419107233,0.0915259048716441,0.1575641742700584,1.9009957600032727,0.2
20.3114804233191,-13.150115993752538,1684.589562892662,0.5509505410215612,0.2739105797559693,4.013997986189757,-0.1892187926287274,0.0025349207290505,0.1620329323668697,0.2491281768053996,2.0219208518961453,0.2
21.85070725932125,-13.634433484180764,1685.3733196385665,0.5130893548719635,0.308579257393597,5.090823066505094,-0.1445910856265479,-0.0104083355056785,0.1325540349441751,0.1964318906660629,1.9105788085267996,0.2
13.997178074693805,-11.25035790320611,1683.5553903065806,0.5158797563425694,0.2150236257141513,3.40104721915712,-0.1795547347588576,0.0050998121924673,0.2327788991513749,0.294027085059945,2.1399954948365565,0.2
14.187072567263243,-10.861513075506515,1681.8078752682425,0.564428904769476,0.1680378584259129,2.6685306816935648,-0.1979205717208867,-0.0118162677302751,0.3179881030976744,0.3747380559871834,2.349741518352634,0.2
15.588083767662306,-12.069452639420472,1685.019670103723,0.5424000777546238,0.2452220624614617,3.618165628129742,-0.2244614941276448,0.0261320527576778,0.1591282407695443,0.2763831462621317,2.011103905934945,0.2
15.987125094152246,-11.655656854980746,1682.7969857334876,0.5793292662318545,0.1941616047081206,2.8219708902822167,-0.234015358249298,-0.0013988652232473,0.2660967324647633,0.3543622662599446,2.222072014920999,0.2
18.299756618419604,-12.188183844661117,1682.6565644895377,0.5974438466662658,0.2051572721918326,2.8384581232307924,-0.2439679964604561,-0.0048314095535078,0.254114826810319,0.3523039469265726,2.1981386358667407,0.2
23.5311658883983,-13.59611731665317,1684.6609441195078,0.5146449918073188,0.2961028141452402,4.764869620625968,-0.1227135987742186,-0.0379379307318197,0.1659735587941323,0.2098693310875163,2.0143586226250854,0.2
21.911767423940702,-13.231684487578429,1683.5870155188109,0.5425109868403277,0.260159179953385,3.84271668481953,-0.1570282369505558,-0.0254317517143829,0.2059522858719169,0.260232559936165,2.073080263776072,0.2
20.17685041140309,-12.674655931442189,1682.8138609261518,0.5783045351887935,0.2279183550861924,3.1777092755563947,-0.2057012941712437,-0.0141966609396893,0.237732095401305,0.3146920983905637,2.1756676582938144,0.2
14.462557637796412,-10.1443741356394,1678.943330616223,0.6442094684609357,0.0929039949401482,1.9065406088656112,-0.2158703559454682,-0.0502781983671053,0.4753767392947674,0.524510202064355,2.6783254912879086,0.2
14.31255897869934,-9.754347370679934,1677.947991843977,0.6925371208259428,0.0809539634963198,1.7229203870792318,-0.2287433261651292,-0.0581655651392774,0.5302535962964684,0.580409871227563,2.8757720102008046,0.2
15.655986730824823,-11.105401184976753,1680.931056908758,0.6010209056635354,0.1481738244529518,2.364570561076016,-0.228997905138528,-0.0231650740500851,0.3547901001462517,0.4229097733268498,2.376709105904373,0.2
14.392993445521798,-10.50562776420742,1680.255933824464,0.6036550487109853,0.1221450259391909,2.192078101125289,-0.2124296213455346,-0.0290479499232158,0.4026629837323849,0.4561881255447316,2.539134143179109,0.2
15.26284697147366,-10.647211846378063,1679.6323479314444,0.6247610028090972,0.1110014856861565,2.057349845774676,-0.2248978585522596,-0.0418082354463406,0.4288700159939511,0.4860622037879315,2.5239579870579907,0.2
19.92362235608128,-12.156443004916206,1681.051336148785,0.6124416844908499,0.1834505742774665,2.5790735768275965,-0.2254528397354911,-0.0311144857648377,0.3139143355019828,0.3877361270282391,2.309341397297356,0.2
17.649641572870024,-11.64185317701409,1681.0904691451988,0.626529130098649,0.1610526424092972,2.354488013041504,-0.2580932327736361,-0.0229914648180766,0.33652194872435,0.4247207862010774,2.335034709046163,0.2
18.82088883784946,-11.499021370795225,1679.4911090417802,0.6524584786783949,0.1352306597779173,2.1008681524248103,-0.2493165935046763,-0.0485344928721659,0.4025613485425631,0.4759936975796437,2.461244967613485,0.2
23.509121952559,-13.168112083697068,1682.6033903663615,0.5330408247887576,0.2490642738728811,3.7380666029864895,-0.1205998103185284,-0.0567462129680025,0.2319513286475787,0.2675179728475304,2.141012780521425,0.2
21.910734216149525,-12.761136320015709,1681.7074809184614,0.5728959763849165,0.2144528175500774,3.0564433660433137,-0.1722437714531196,-0.0404643507011135,0.275208908284609,0.3271776637872206,2.224783621513589,0.2
16.873886875186496,-11.046578161289087,1679.4419544656662,0.6429418851042886,0.1195078617334745,2.043866838293357,-0.245191487091137,-0.0452776500393008,0.420968996362583,0.489268665288883,2.4705590732234306,0.2
15.52916485317055,-10.384110474613989,1678.3385080723351,0.6511648122492084,0.0929365592146153,1.8863269999165655,-0.2260250568734413,-0.0552968987649371,0.4763334634679645,0.5301307779850636,2.600210913437345,0.2
15.171907868976536,-9.904745593642795,1677.1414090822436,0.6886307970262336,0.0781536821732785,1.7211919266613218,-0.2252503889660505,-0.0646126759368899,0.5316389932772377,0.5809927321351941,2.739682009926508,0.2
20.37441836953133,-11.784021651524364,1679.2678148671462,0.6346290928612006,0.1452262842592636,2.2207444757636967,-0.2202192989019374,-0.0554146304856517,0.3888473573139361,0.4502994427830819,2.428707738838387,0.2
21.80795329305251,-12.28205020091209,1679.9665091891195,0.5958966824333387,0.1671435766501502,2.520821501595337,-0.1810843947006739,-0.0584052628709071,0.3480876967297974,0.3966960768016047,2.338195881777016,0.2
16.80258727588775,-10.523116047283548,1677.434797170793,0.6733741277509541,0.0897444323415281,1.8099188146477507,-0.2280125876905207,-0.0675714876694689,0.4987110645843048,0.552510970053992,2.587837923485521,0.2
18.45890949702391,-10.981923010540385,1677.7717517076214,0.6854716992678385,0.1057346948124536,1.8500859878816385,-0.2406857041628549,-0.0690904514438719,0.4790133795605613,0.5405154174185207,2.605373573406836,0.2
19.778384957711687,-11.378371015936509,1678.2308433091582,0.6656343621449488,0.1231817482679198,1.993436199578545,-0.2306815294611285,-0.0662574261262822,0.440505447412638,0.5016463532725157,2.5328554621188712,0.2
23.52495615311896,-12.684617222119156,1680.5309669863332,0.5726857381267475,0.1823846323442149,2.748856882464106,-0.1357622591473049,-0.0722977582631366,0.3296711214928194,0.363787582532703,2.354249267479825,0.2
16.233532752910037,-9.953660423871522,1675.880137095057,0.6898724999827639,0.0752275350665789,1.7062584470470763,-0.2218146973905984,-0.0729218977701673,0.5375571497531219,0.5860776846149202,2.632150823243762,0.2
23.568863239244507,-12.171151582393051,1678.4698287149834,0.5994751193454273,0.1430795297585447,2.336831429050255,-0.1315724776452943,-0.0926662813299721,0.3965168699895177,0.4279298829896448,2.48447823887482,0.2
21.55528069185524,-11.6557753182792,1677.847706183053,0.6473482608452933,0.1300366649493512,2.087725198005691,-0.1897815148943185,-0.0788058721156407,0.4326710806779462,0.478990243043124,2.5096018596813026,0.2
18.164532100036062,-10.50398485450711,1676.092060568106,0.7073766513179665,0.0883564597870513,1.7171094526278567,-0.2198678365601865,-0.0840689153643665,0.5326819833412123,0.5823740580250166,2.6884032547931023,0.2
19.939289137135688,-10.99040240654156,1676.617658079785,0.7035457510589201,0.1048971949028942,1.7987364971050803,-0.2244381486742988,-0.0839004079127949,0.5016612113470184,0.5559457995150587,2.658314453128203,0.2
17.412333363028605,-9.886152868417604,1674.2314365991194,0.7241487845123789,0.0760548470488884,1.6286678521355258,-0.2085018183388241,-0.0842553554169684,0.571333941492193,0.6139987344189239,2.7235114407076035,0.2
23.63345562449459,-11.641750091620954,1676.414576065179,0.6476095378996365,0.1174214685376701,2.0180697483298657,-0.1357387252337874,-0.1067580074802981,0.4644575133142996,0.4955230119412819,2.646382039185536,0.2
21.94826350690227,-11.113671735435346,1675.552701373969,0.6942992065314704,0.1062587667341387,1.8289946628011664,-0.1806958986145621,-0.100275264709295,0.5061894239465682,0.5467484516704202,2.6918289726906397,0.2
19.928445813292846,-10.454007947198187,1674.505690753526,0.7437613084365647,0.090341743304504,1.6410231580525951,-0.2091507589049486,-0.0990498428803347,0.5637234277699441,0.6093759220233684,2.808269971203128,0.2
18.510226994356668,-9.740276928157448,1672.5144304682292,0.7419041780606026,0.0777256506808634,1.5959801521989494,-0.1876524601686031,-0.0939386675398676,0.5903874314243631,0.6265742080953796,2.7670981561060226,0.2
23.713062954834367,-11.108280083304784,1674.3629893565335,0.7008517680214315,0.1016106128543239,1.7907545797403184,-0.1410930781725068,-0.1193298896536832,0.526963258016752,0.5584238126840432,2.850656494845778,0.2
22.311328167672063,-10.636126719855204,1673.500513358304,0.7270302009131484,0.0962425325289392,1.7033228982380206,-0.1660902029313658,-0.1137896464447453,0.5514870638926019,0.5870877453913386,2.8539354575598503,0.2
20.79522286025045,-10.043850745695377,1672.193784342134,0.7707009563282222,0.0863320764905076,1.5683112585145669,-0.1789115075679292,-0.1127686573726918,0.6015347394240418,0.6376285285021512,2.9488319554225977,0.2
19.545488493941868,-9.547132346309745,1670.76216185195,0.7674440480887503,0.0830726736002467,1.5626543358922056,-0.1567127687687703,-0.1019945295861274,0.6120108819051178,0.6399367902620926,2.888448157678834,0.2
23.803352850561897,-10.58053738164512,1672.3117390227524,0.7336636588943727,0.0936868936375601,1.6773054783417294,-0.1245679523016834,-0.1309045330301353,0.5681500649803053,0.596194320541212,2.986647459759816,0.2
22.47640532961009,-10.232155051559358,1671.8257631453066,0.7582904513358029,0.0906738064606187,1.6108862712599843,-0.1528354797523061,-0.1234187103389257,0.5888737877642863,0.6207762880850871,2.9765804926807915,0.2
21.786613545443075,-9.792267692925394,1670.4749574763823,0.7840113355110856,0.088369225072088,1.5493153573499916,-0.154446097308581,-0.1180212614730904,0.6154822691083756,0.6454463871773907,3.0420162813512546,0.2
20.53139217923217,-9.323738063344017,1668.985648132558,0.7758910920904007,0.089111868091546,1.5683595806087045,-0.1333076869515845,-0.1033637439660989,0.6148903027708679,0.63760888278687,2.954461202371814,0.2
23.90160203001826,-10.066748465530909,1670.2575374035405,0.7616694027383707,0.0921957361520371,1.6097251605884269,-0.1267795450685963,-0.1289307148023115,0.5943257950422046,0.6212240601584776,3.1004081541550645,0.2
22.416831633198864,-9.463381715835888,1668.6444929847598,0.7955427970389022,0.0903153862892269,1.53411106619943,-0.131282240487789,-0.121364686799997,0.6268454809002597,0.6518432869905411,3.1392540501742454,0.2
21.47609459246847,-9.080494163852142,1667.1894508126334,0.7889048219271515,0.0982147940200789,1.5774349252598754,-0.1095157163112413,-0.1021414438987887,0.6159984440740445,0.633940572753107,3.0442784469343964,0.2
24.005593697421062,-9.575397217220615,1668.1983343476354,0.7905292003103948,0.0924839903616102,1.552056092267086,-0.1010011106565828,-0.1393915142640251,0.6208862936450343,0.6443066104262388,3.2295556831529115,0.2
22.82377633142624,-9.20132558763718,1667.20361228276,0.8106497974062357,0.0947916572134882,1.5221531382789275,-0.1058645958214904,-0.1196417611113355,0.637244375346955,0.6569641219744046,3.228847909248567,0.2
24.11298088999457,-9.116806102510854,1666.1366902361065,0.7963115854393025,0.0977199865599722,1.5608404593407283,-0.0984064920685877,-0.1201678287093904,0.6215684360167054,0.6406804705859448,3.2829892274650208,0.2
11.537602611043084,8.748929515751948,1684.442849817249,1.2752739736738337,0.0631921468855438,0.897586000049367,-0.0658280284622438,0.3453061669778619,1.0571885995228436,1.1140993731464175,5.790289908430574,0.2
12.411650637208496,9.3770588245056,1684.743475761019,1.2784849385693295,0.0628905793752205,0.8947139766833382,-0.066779196599023,0.4145648991247293,1.035796929096101,1.1176756215510928,5.686068291260724,0.2
13.17166117108176,10.176911242143197,1685.5096871683054,1.2005400109685664,0.0655820974880571,0.958706454753348,-0.1109838649106046,0.4830944542947822,0.9177700330603764,1.0430721468932591,5.023051030963826,0.2
12.341279264461242,10.17216520901418,1686.1590793475232,1.1635783738626704,0.0610759666481439,0.9790052079077152,-0.1558759093553582,0.5154601362243324,0.8679593826277654,1.0214450259535943,4.690559194063373,0.2
12.214530376095183,9.77196288295921,1685.6586412633578,1.2355412270883714,0.0583458999592145,0.9162848300328412,-0.1558644637876721,0.5048277433036287,0.9549502283252816,1.0913636974260048,5.175330508355448,0.2
12.103563806153463,8.87951641914992,1683.7794276029529,1.1699301159640048,0.0755264675539244,1.006837698525061,0.0158175168043522,0.2289862194356654,0.9663222624271728,0.9932087380765758,5.780353525745129,0.2
13.85810930962425,9.956624688548436,1684.4212375885788,1.1204104915580255,0.0798784270639942,1.06222826782766,-0.0331584855834562,0.3029972357383285,0.8907073606886661,0.9414172360947222,5.248807524108346,0.2
12.976604587017752,9.307046681251173,1683.616273282479,1.0326924493784602,0.0961651942617561,1.1989339424232814,0.035877440676079,0.1563157055235307,0.818509720772202,0.8340743093642033,5.336801968914622,0.2
12.14508621371344,8.806451693527892,1682.9058034077527,0.9158686604730154,0.1451921721580908,1.5386633636997178,0.0708854769893951,0.0559221012823973,0.6436125674952099,0.6499147400218193,4.899011468174231,0.2
14.729557019881632,10.072180850705967,1683.7562433593089,1.0311303906299432,0.1161077553985295,1.2631271750508546,-0.0090104303036649,0.2046935810071155,0.7647129830179836,0.7916859202714399,5.340289269165365,0.2
13.768043296841135,9.59499791759264,1683.002690521713,0.919821552840391,0.1885662470866106,1.7454231971256249,0.0442252287018931,0.070717747545154,0.5668231000276858,0.572926956423409,4.846230773875338,0.2
12.596558308753304,9.075363058732917,1682.2277808730123,0.7894646765718161,0.2773801807798,2.844942385463303,0.0703494183989603,0.0049455822999464,0.3443536415661444,0.3515009671583027,3.822672577330425,0.2
14.587224944485104,9.830799415697696,1682.2802915481147,0.8731480506365074,0.2850462686453017,2.6640178300526896,0.0323343637248992,0.014513167004209,0.3736959234416962,0.3753728630187966,4.349287771181144,0.2
13.411525381375569,9.508384684045188,1681.5762521844997,0.7095130851589967,0.4307956191458133,10.183006183468228,0.0335125283465398,0.0007397592896564,0.0923047048391449,0.0982028275327444,2.877805956812746,0.15
12.369004949622614,9.21401790548464,1680.919287556713,0.5961582959987327,0.4739305125632748,32.17184147398605,-0.027356312677901,-0.0096988874356318,-0.0111230279887993,0.0310830824156768,2.196956430404636,0.15
13.053933785369564,9.622215540491014,1680.3895896719348,0.5942176290295785,0.4315421220520263,12.291391147780606,-0.0426536037937593,0.0020387256473139,-0.0692502571642919,0.0813577558452824,2.0462246118085243,0.15
14.410312517599356,9.932240534462576,1680.7787087400006,0.714698708264347,0.4698578169716541,23.20984844135718,-0.0009446785190345,0.0072882385815394,-0.0424537400954083,0.0430851585492527,2.5819857386387186,0.15
14.325659540129251,10.22579183154281,1679.492446512031,0.6243612521293123,0.3342887983584888,4.832614969767602,-0.0659005498475848,0.0372009022310156,-0.1925931480091206,0.2069273066974937,1.8272843645266776,0.15
12.790399055505029,9.82817194021097,1679.323791262026,0.5711535155701724,0.3511868704952341,5.882689148651168,-0.1226025311392836,-0.0112190794505196,-0.1172153928589628,0.1699902841592927,1.7556442843373214,0.15
12.358159948229464,9.96131918563712,1678.2714426240077,0.5845792393222383,0.3106970657966169,4.518239738465861,-0.1924552498668373,-0.0541965750381489,-0.0949132312616634,0.2213251305561628,1.7478562703158524,0.15
13.273543079943815,10.244192235032395,1678.4570571550423,0.5664713821145884,0.3082518508969238,4.603210651180724,-0.1360982110753173,0.0061988801169198,-0.1692097176878043,0.2172396780806674,1.5987915906885444,0.15
12.935845540851128,10.557803365746176,1676.934028121952,0.594688389791156,0.3134228575688171,4.506320819566247,-0.187983561135236,-0.0394846118954246,-0.1111189696310641,0.2219105208084706,1.8326988244923863,0.15
12.422964014492386,10.778022271015873,1675.2785106552965,0.602233406597084,0.3242125905227474,4.722994018250908,-0.1935003030562996,-0.0770493262408058,-0.0380876576728139,0.2117301008927246,1.998139991747829,0.15
13.535633289019358,11.12830959760119,1675.5342017946043,0.5760368059184423,0.3269457164150982,5.015767729607044,-0.1651534912640014,-0.0219330271402808,-0.1095087729551642,0.1993712735335023,1.8901012220462696,0.15
14.310713682561362,10.612694302320309,1678.108442947531,0.5944916460545844,0.2964167859682848,4.1312576566444354,-0.1035603631492253,0.037973057052181,-0.2154644025222585,0.2420570400375942,1.6637550863159172,0.15
14.37595831619958,11.066779505554528,1676.5565567502974,0.5868878915202556,0.3117096774880237,4.524669432749911,-0.1344522394655365,0.0202755999627492,-0.1742331479114685,0.2210106207454453,1.785980054311427,0.15
14.461192199696098,-9.48623694075344,1676.9266174497568,0.7105382043710086,0.0706467877439898,1.6389581104521047,-0.2333971623549709,-0.0662138158894346,0.5598364541634963,0.6101437209546199,2.9220723166321503,0.2
15.023100762210886,-9.45887157552472,1675.9522722505944,0.7314481317715064,0.0672639187469942,1.579659055461257,-0.2305094460837605,-0.0771533069623259,0.5845190571683826,0.6330479963652677,2.9312630295201973,0.2
15.587097943621416,-9.173539877948512,1674.1748938662313,0.7396813162026471,0.0636966110041091,1.5493044527613686,-0.2313133988992051,-0.0783108590486063,0.5974683455849182,0.6454509300723121,2.867798779059383,0.2
16.53506145709838,-9.224491589427885,1672.8102842280286,0.7548094806202326,0.0632495591934603,1.5166986701152096,-0.2052415209238583,-0.0833946501257125,0.6209935663336644,0.6593267467716836,2.864177565042668,0.2
17.53323405225688,-9.182855970710484,1671.1501078955723,0.7327589177504568,0.0737719225179778,1.6009097021043994,-0.1726223327557457,-0.0883718778029841,0.5937786873119045,0.6246448495411688,2.7531601431872104,0.2
16.116233591956124,-8.494640477433187,1671.2057031932989,0.745124836873972,0.0660966766362165,1.546493105077548,-0.1821574317188801,-0.088400121612734,0.6141067137869713,0.646624286081027,2.9046462001979862,0.2
18.58486528615731,-9.11765323125704,1669.4691768857251,0.7530824468835181,0.0853501295349251,1.6012013414016344,-0.1403627346255482,-0.0875108733231726,0.6022285424079742,0.6245310780995448,2.842211707335829,0.2
16.740638245540254,-8.330100689095975,1669.470906253974,0.7516704071103728,0.0789823258436867,1.5799459281728974,-0.16225664322746,-0.0876964029304753,0.6054637663039214,0.6329330530674766,2.9273890940415463,0.2
18.03714373801619,-8.638493601931009,1668.0728198920451,0.7091730146500526,0.0937765106394694,1.7356125047637276,-0.1247779719651829,-0.0789910943725288,0.5569178729077714,0.5761654731429421,2.75625037692724,0.2
19.475558353523827,-8.996828238262786,1667.8737423624186,0.7416266517623772,0.0963368327790156,1.6701887431741431,-0.1285985106897373,-0.0847059077937306,0.578593643847672,0.5987347262917904,2.80245692947416,0.2
16.864339674339586,-7.757834244611537,1667.4715109797503,0.7520477877428631,0.0839391137937445,1.5979665222104211,-0.1456327760367602,-0.0881353652778647,0.6021985196662246,0.625795338075499,2.9959974192803096,0.2
18.36762331511664,-8.414819865349449,1666.49222989548,0.7293468175542,0.1063205328329098,1.7413783785278656,-0.1198648847533858,-0.0769961227740333,0.5563056268140786,0.5742577330295008,2.834191918321449,0.2
20.284961086116382,-8.786327521064607,1665.8918412612134,0.7447368582062224,0.1142383088583885,1.7403959303760002,-0.0985600247275134,-0.078650227867198,0.5605750821320439,0.5745818997542457,2.8340514837886124,0.2
17.04255950769959,10.212102408102847,1681.7826556,0.9288645494521514,0.3827878064766732,4.592454082615832,0.0271835564770462,-0.0022257638017311,0.2160335868357422,0.2177485026546865,4.189623503877236,0.2
17.40995789426246,10.352219509863977,1680.932892347249,0.7968170464783643,0.4586869284871566,15.188815373080756,0.0450874376383372,0.0135054352262257,-0.0460364833302486,0.0658379192476265,2.899330289636096,0.15
16.29957100377902,10.124041375187854,1681.470410137383,0.8713949296215758,0.4204127888958632,7.209608620656754,0.0168699021064828,-0.007612634893386,0.1374634279008309,0.1387037844377336,3.7864250118459135,0.2
16.24483366544152,10.237188823591932,1680.674504999562,0.7768942344720084,0.443543838520278,11.39978758922181,0.0260678357844516,0.0187829896361676,-0.0816249304625112,0.0877209327080333,2.7616249401027257,0.15
15.451172936427072,10.042403939309342,1681.1411928732546,0.7969603890860043,0.468621189795697,19.99386684977176,0.0111515398914535,-0.0044872655550883,0.0485493727974338,0.0500153375789544,3.1752196844748144,0.15
17.79860732174389,10.60671019651808,1679.9512859507229,0.7338794329617002,0.3769107250505895,5.535094935456491,0.0493726008821919,0.0438065978426365,-0.1681764128809327,0.1806653746070803,2.281672056103062,0.15
16.690929736652105,10.425397148343922,1680.0745036922588,0.7350782867419646,0.383530393640719,5.84014731644836,0.0284315039327804,0.0411485080742557,-0.1637610110396574,0.1712285574001825,2.3683886384192334,0.15
15.549711913081312,10.323856371930784,1679.8722200405662,0.6639158836564647,0.3322062125068284,4.488291634811505,-0.0169121558095094,0.0493397544480338,-0.2166108579745894,0.2228019213911881,2.0101810942016045,0.15
15.2504235233565,10.558210695370514,1678.8456850267598,0.6211012129776813,0.2975463024192143,3.9763253678681583,-0.0546536258599779,0.0580408199960268,-0.2385177081255535,0.2514884742784853,1.7065594450969432,0.15
16.69346636701741,10.708624769465866,1678.9753637998788,0.6690463670084492,0.2990071287180633,3.718203310529813,0.006576910857189,0.0700326621552437,-0.2595856571998977,0.2689471006515532,1.899385757415902,0.35
18.24072247989977,10.972984958402389,1678.6846247700007,0.6675174399339558,0.2874184886583434,3.5235618338970114,0.0757194093668624,0.0727773081049873,-0.2636562023282703,0.2838037324561475,1.9723509293322397,0.35
15.705198145979825,10.955276134446136,1677.6735448196691,0.6123919749755607,0.2836532350601663,3.773897564925483,-0.0574551055101594,0.0628914535261943,-0.2509122165756974,0.2649780453221563,1.749414919229367,0.3
17.047006174187466,11.204462038015372,1677.3398479640368,0.6195955242993996,0.2656415726352502,3.443349908348337,0.006795302252255,0.0766006022683409,-0.2800481487495714,0.2904148653540898,1.9044016500184875,0.3
15.815203975541603,11.401852066907884,1676.1462075271943,0.5952867373109997,0.3043977560217665,4.294078354281039,-0.0711566123653887,0.0496864201219761,-0.2161031045794449,0.2328788432570254,1.7865291015789009,0.3
16.238203774730216,10.710231403261997,1684.5598572853407,1.0728158076166658,0.0928963977124167,1.14482708313482,-0.0759247054452504,0.32265324860995,0.8081600811524942,0.8734943597436151,5.259400828360788,0.2
16.616690982776095,11.407743335865302,1685.7655307834857,1.0693759654509656,0.0912457249343383,1.143871600012656,-0.1289214349360373,0.4272328848217607,0.7517439186860806,0.8742239950611029,4.590745282751851,0.2
17.367820714419768,10.701990408894524,1684.2241408228049,1.0650807327380771,0.1200517735949391,1.235557764884338,-0.0887561876227494,0.2837736856851264,0.7527575906082256,0.80935107076407,5.418654824051363,0.2
16.897957784418086,10.3736376948397,1683.3946755332142,1.074307920358298,0.1776421251902823,1.4437863873760752,-0.0560074077465285,0.1659862776540393,0.6701034794914494,0.6926232361958968,5.670484973639636,0.2
15.813794362953326,10.172436442317258,1683.137470679918,1.001072007716432,0.1895405798350129,1.60879180235958,0.0113421727033371,0.1209650649636783,0.609594998067309,0.6215844701180859,5.33890028271126,0.2
16.56861846196467,10.160740365446774,1682.3658654271137,0.9740185736898944,0.2922850584586041,2.47135439412878,0.0186013736959798,0.0342087542902712,0.4027584687973778,0.4046364221884604,4.877478612893235,0.2
17.432628088166826,10.288505114114116,1682.5993470811193,1.048910492544189,0.2715605236992111,2.086701934494593,-0.0217840641325939,0.0443680539057609,0.4766693328592338,0.479225127206394,5.26141990961484,0.2
18.277583540501617,10.930321707337448,1684.5986237692816,1.085632771271038,0.1113038475934306,1.1848866818771662,-0.1066948493177117,0.3181624713060123,0.7743782392620892,0.8439625622390674,5.1337639545369225,0.2
17.355179281719547,11.025866802940753,1684.9367423360418,1.058044134707003,0.1019847823958713,1.1873166094966314,-0.1303673009422001,0.3617503820545441,0.7493339603383485,0.8422353330203599,5.044877467377876,0.2
18.748734989499944,11.657024404402833,1685.9526210899987,1.0892762386078871,0.0852564214007395,1.1067570666275404,-0.179359748129016,0.4353548048920808,0.7711562629163218,0.903540650566754,4.599386185581564,0.2
17.83776758323795,10.50213769923681,1683.508983899958,1.073674236198599,0.184606948011949,1.4765404556438644,-0.0595502559273911,0.1642523971614116,0.654335069745517,0.6772587883912312,5.484417753950477,0.2
15.84019122553379,10.053298827694832,1682.0669993790375,0.9448181689078102,0.3160148824416796,2.876332401165733,0.0206286869052126,0.0121393151503232,0.3468400515040725,0.3476649637554809,4.6227930314028765,0.2
21.55898946409803,10.659504132891575,1683.1043325475127,0.7898953073581793,0.2609654002053311,2.648132441742241,-0.0240409032979461,0.0256260613761465,0.3759862917371626,0.3776246173480987,3.8165637156394494,0.2
22.7604125195005,10.8493113979029,1684.814947759999,0.9202135057341332,0.1092163550495518,1.3904168492357043,-0.095789587982219,0.2226328078841091,0.6771412340755747,0.7192087758068294,4.233517645062757,0.2
23.1928188542134,10.483704587344809,1682.7715345946856,0.7491550412942565,0.2531881868979537,2.704159820418907,0.017092733674256,-0.0028466545728755,0.3693944227195129,0.3698006280727475,3.672739514594595,0.2
22.06813406905836,10.696151108164234,1681.3558043177609,0.6257546691956429,0.3908180966002886,7.318384856197936,0.0995774165169633,-0.0144052072717915,0.0924549144550846,0.136642171688074,2.5314019337245486,0.15
20.38707497858116,10.663706925311098,1681.4593606055132,0.6881593950629048,0.4383547731984829,11.78640896419729,0.0709310813731466,-6.681779814763554e-05,0.0465531309637729,0.0848434839684951,2.7226330507273584,0.15
20.969922988294893,10.847389139101889,1680.317171977851,0.6394616964957557,0.3779207647492922,6.404919397823923,0.1282123135412578,0.0178740500866828,-0.0872851344305305,0.1561299897606441,2.127241254883131,0.15
19.321346107659355,10.782835080097149,1680.0337104180037,0.6800683674120133,0.3580742006018099,5.180313949237193,0.096390437116746,0.0390863748955693,-0.1626191835444798,0.193038493380744,2.0943597616040712,0.15
23.64308589994207,10.612545438255257,1680.8317831856596,0.6041699353783784,0.3324246115184569,4.9385636933052375,0.1902815173971654,-0.0359325994048858,0.0591877690127102,0.2024880232598011,2.261532711640136,0.15
22.38801565164724,10.977623773511556,1679.5038448309865,0.6037386761234547,0.3206521465707501,4.617690522588794,0.2014762094387288,0.0068426103811862,-0.0791080726442446,0.2165584711899174,1.9404258847758156,0.15
20.509992381737945,11.199252782545344,1678.4772792051003,0.6351177042239434,0.3019920467073468,3.975878924212075,0.1532941268600404,0.0489270757588848,-0.1933072917942629,0.2515167134266233,1.8053015238568968,0.15
19.03349254483268,11.496740530684896,1676.8887240276729,0.6274535042434467,0.2852083020414094,3.709974837230856,0.1035183440309148,0.0678518721329855,-0.2394448413381131,0.2695436071330352,1.9737833072844035,0.3
17.62530206787783,11.716379311419322,1675.6294721426375,0.6068090384593445,0.3027495285387296,4.177340854374149,0.026452718552292,0.0623551906619025,-0.2296042119285349,0.2393867378461316,1.9722315484952728,0.3
16.186700708768917,11.870672059514831,1674.5356277610515,0.5875719377809164,0.3542345055179435,5.837867426121031,-0.0593094508920897,0.0332607099215154,-0.1572203482421509,0.1712954281088307,1.934364985701108,0.15
16.502392539432773,12.344801716333548,1672.771336592115,0.5685953637170281,0.398599397624206,8.672137501296003,-0.0459413889155155,0.0200591207984598,-0.103845256949626,0.1153118247779806,2.039157512278515,0.15
24.11637093860025,11.010039660602365,1678.8099438600009,0.5888081829674028,0.2472805835033884,3.360141428097881,0.2914633466040202,-0.0146626880415219,-0.0583417896686207,0.2976065208559043,1.745474910708488,0.15
24.52215681348232,11.45406520069244,1676.9317575422515,0.5799340383409483,0.2432947367640523,3.358587223012036,0.2937411788901384,-0.0197135635184581,-0.0444873876197136,0.2977442399435986,1.7372694289247617,0.15
22.52907035278363,11.3982518222101,1677.6344195125769,0.6051418669262533,0.2681171871606908,3.5632331791557705,0.2423672954729058,0.0254381999017116,-0.1391834935058963,0.2806439965393811,1.7941212289421424,0.15
21.085395108886463,11.707714042591553,1676.4187502856066,0.606190333250465,0.2923879186973128,3.9729067859566234,0.1747660475147853,0.0461426901727613,-0.1751657047627803,0.2517048735033972,1.8045711006056249,0.15
23.03093731185312,11.858955111975297,1675.731715394773,0.5806419045978568,0.2794058224464418,3.903620442042122,0.2428360862726639,0.0100714850798856,-0.0809538318389166,0.2561724467957916,1.8414025771965796,0.15
18.01910204931491,12.186155357522056,1673.9235382529043,0.5953413259175002,0.3490819481772826,5.5649694385943285,0.0283907976503618,0.0452983788393943,-0.1715590114661931,0.1796955061540451,1.9555087051094684,0.15
21.49172663437077,12.170772740473684,1674.578517720987,0.5884321763240791,0.3173252274555099,4.651521327025243,0.1771038736084543,0.0303226631499001,-0.1180365550978662,0.2149834279357209,1.9182873666834128,0.15
19.51345297935473,11.978594760813564,1675.1083068178852,0.6124535253141752,0.3188240938451014,4.506054326306099,0.1075218272492325,0.0525793869887808,-0.1868811624368866,0.2219236448531156,1.9193456299852063,0.3
24.87706858653856,11.892105444302636,1675.04020194151,0.5591287197802526,0.2685457323890208,3.863607594285112,0.2565424824662577,-0.03412754932502,0.0034470407055434,0.2588254566740055,1.836383503291758,0.15
23.40088255977945,12.28869838680752,1673.9558598176268,0.5674684476567659,0.3030700299574762,4.474211096565983,0.2221195711465798,-0.0076667114814738,-0.0236166964093014,0.2235030887942487,1.9234370988046536,0.15
25.17727489164362,12.293187561705516,1673.130267316372,0.552920146361851,0.2918117313105036,4.343615122266363,0.2183719975636511,-0.0489387654544764,0.0540489277339671,0.2302229759892333,1.9747907855642075,0.15
23.67950897011755,12.700554363737526,1672.1613883440198,0.5490173672705847,0.3226962099468201,5.136483558080358,0.1933936904778049,-0.0194496282891728,0.0110960367659524,0.1946857200441865,1.969248859911996,0.15
21.860023674002697,12.607218112250738,1672.8164137746269,0.5749296813183671,0.3407042751879274,5.459478422760096,0.170597035515908,0.0146888118062387,-0.0650483627653186,0.1831676806031664,1.995869832240501,0.15
19.92787904537142,12.441354211837313,1673.3367645910398,0.5963894271919976,0.352261215189377,5.674734485096284,0.1086417007479021,0.0372879202766989,-0.1336412136937321,0.1762196984944985,1.9785237328885084,0.15
18.422124533709944,12.67987562188422,1672.0406842699256,0.5737554539938641,0.3973072324505699,8.486005703024533,0.0361463383119704,0.0286290854253641,-0.1084450814620681,0.1178410709344191,2.0465396046066093,0.15
16.90629286452634,12.860883398717949,1670.7651627147584,0.5482203786585929,0.4435276006637976,16.1502254446207,-0.0330205685034598,0.008429530720671,-0.0516962579265307,0.0619186402957043,2.108093907097192,0.15
19.002294217652185,13.205023175148844,1669.968317001813,0.5521417477014674,0.4311423713171359,13.151259772785492,0.0483726781039976,0.0158400083875934,-0.0564890054465441,0.0760383428870704,2.095580858310241,0.15
20.323514512566987,12.875067256861431,1671.614565495024,0.5729442287290547,0.3797573857744671,7.257703892407803,0.1068462511600834,0.0231514128319907,-0.0838599620491641,0.1377846237356264,2.032741312974029,0.15
17.201809965388954,13.324336832232056,1668.8369454645942,0.5318847169968448,0.4782062401501396,43.13405936492338,-0.0204071016737975,0.0003638461825863,-0.0109951870936132,0.0231835355800803,2.131916692700666,0.15
25.425746920900416,12.64488494600161,1671.204630940001,0.5591172178689373,0.3015321696856001,4.505852967392689,0.1874083206013935,-0.0665174489305209,0.0985294697404702,0.2219335622437431,2.1319428737620565,0.15
20.95292800401376,13.2439025027592,1670.108162085589,0.5499119252224532,0.3891072341444823,8.199240983278292,0.1155160800264427,0.0101873714657867,-0.0377770598853976,0.1219625087297009,2.038056547425486,0.15
20.512032194722853,13.63269295671738,1668.3437252087244,0.5353848952075909,0.4151239720216998,11.003195838778606,0.09067988414053,0.003102644518645,-0.0052148776755096,0.0908826866895975,2.069692446338704,0.15
18.64580573468731,13.609695229671985,1668.0721802651576,0.5275358376369846,0.4679138823713965,29.53934524272144,0.0308069228196897,0.0049804208069649,-0.0131211639176118,0.0338531538794483,2.1124473969148885,0.15
17.404853369389137,13.759914357702524,1666.899779755158,0.5274770235934454,0.4609763045581695,24.29059001358586,-0.0173771400270897,-0.0091918329443368,0.0361713470990801,0.0411682054425477,2.1516048838051303,0.15
19.474232698707294,14.056141801621392,1666.200301141856,0.531383173864295,0.4474645516862463,17.910584673758414,0.044117284080413,-0.0049773558110607,0.0338556439336668,0.055832906530692,2.1361898691725263,0.15
21.785639934755604,13.939743200071408,1666.9035663845004,0.533931379992737,0.3851584563289334,8.154278440202498,0.1087032462971119,-0.0146387200396722,0.0548512283785712,0.1226350077855775,2.0940283944712768,0.15
24.624464599257987,13.197575173568795,1669.248338499485,0.5477301297986008,0.3199400970477745,5.069747866646914,0.1624810759622536,-0.0481192546379863,0.100952441415974,0.1972484680310918,2.092062293921432,0.15
23.81725890638799,13.70365998915847,1667.277294314681,0.532259605841115,0.3313168956877096,5.568970424829189,0.1411608143915425,-0.0390995592441692,0.1038698360123992,0.1795664052266307,2.060399443103252,0.15
22.5496455209346,13.435425192487855,1669.1749644061508,0.5440312330497459,0.3617705807543445,6.648837021555815,0.1460625276067548,-0.0145536169132117,0.0327836071949325,0.1504022427919284,2.058631457712091,0.15
22.219287853576823,13.012671901057235,1671.1009025249691,0.5564067202056209,0.3535856220609122,6.137533999539085,0.1608438539222761,0.0026216079917112,-0.0258685491847356,0.1629318876400681,2.023952001620668,0.15
23.65835393351989,13.041856416946484,1670.6516569415514,0.538265385449399,0.3337220678186108,5.586488859478052,0.1737741749129701,-0.0254151484025957,0.0346235691431229,0.1790033105146889,1.9716718541807297,0.15
20.82527174153011,11.404965896861604,1685.6250631525563,1.0264982649342476,0.0905079104335004,1.189504989547569,-0.1746247147180973,0.3730823038608313,0.7328495638692737,0.8406858388886226,4.478064610635569,0.2
21.77302782255859,11.858166540013752,1686.6421020436107,0.9869697089838778,0.0859717979665298,1.223590948787909,-0.1888453573755907,0.4116877781368935,0.6802758855252987,0.8172665881441844,3.879062799282253,0.2
23.26740218141595,11.5934852593399,1686.7318499557546,0.9680165347432342,0.0811662303288257,1.2332341376546576,-0.1496032624014138,0.4178380932506158,0.6786384351254835,0.810876028701072,3.878558237044759,0.2
19.493751129469207,11.027974222047003,1684.707221343827,1.0523571774800518,0.1135317854093493,1.2293995677039626,-0.1592754914531325,0.3004655613324493,0.7389044471451978,0.8134051989847441,4.897795309427421,0.2
18.56923943671368,10.446779874503305,1682.6405085273864,0.9555307996702626,0.302390849778679,2.6480017239860008,-0.0246293048167011,0.0290433825997852,0.3757183920005715,0.3776432586662797,4.656578726727419,0.2
19.27952860322284,10.71229024501474,1683.7897491543447,0.9911926504068814,0.1783423270927209,1.56825981972169,-0.0943976863450485,0.1502645744378986,0.6124593424980407,0.6376494426653514,4.990118282484002,0.2
19.88953388744464,10.607978267274492,1682.9319017754246,0.915684124312246,0.2809576821666934,2.492850840417828,-0.0292780821239201,0.0304130046041949,0.3989196357539031,0.4011471459850319,4.4380433026221295,0.2
20.631036534974804,10.85796196444956,1684.1930154977322,0.9591075111915652,0.1450829477716799,1.468844584394332,-0.0996693368999155,0.1748103184772776,0.6503889977456998,0.6808072212843016,4.691626364317482,0.2
17.92690025770997,10.345538492721412,1681.7903348117884,0.8630952719735837,0.4104412352518138,6.468493884627213,0.0210847577157835,-0.0038645389056546,0.1531021382485908,0.1545954928359078,3.812097196501135,0.2
19.09044497715817,10.528235189956314,1681.5874550387753,0.7765040548864437,0.4382946228409308,10.435259783765732,0.0584409955859645,0.0022181331086144,0.0759138840918672,0.0958289511446291,3.2300064520356107,0.2
18.16072996056448,10.467465211914115,1680.9543769773254,0.7726000460627768,0.4449473899573614,11.755398634045823,0.0522579820274326,0.0170405149865032,-0.0649243357385287,0.0850672981096374,2.741313039524188,0.15
25.648721229651954,12.97422807461524,1669.0818059114772,0.5488212497133953,0.3012707889903965,4.584345887935948,0.1636295302436,-0.0746282124898563,0.1234434540413445,0.2181336278816952,2.153354302644624,0.15
24.88158775834632,13.485123088998606,1667.3239970583863,0.547232110777856,0.3121491216614837,4.863906312595104,0.1412381286618598,-0.0581911357990241,0.1376056859487059,0.205596065329321,2.149575808301201,0.15
25.84028307921518,13.259925330673864,1666.9489815720217,0.5498460348010927,0.295099418488657,4.437983833799487,0.1430940943825702,-0.0765399482323108,0.1563272810742295,0.2253275445449,2.145745651575792,0.15
24.73321315228652,13.74624102686152,1665.9594032069006,0.5575406689788728,0.3082008528163301,4.675701532140266,0.1303496137531533,-0.0570902066927796,0.159658288299661,0.2138716496607211,2.244398536265752,0.2
26.87471713370072,9.757767132902645,1682.1365984100005,0.6696082622389972,0.2342097441491184,2.809377794365355,0.2677449574789572,-0.1041451516653457,0.2101602433099614,0.3559507026807345,2.391652104291439,0.15
26.10125253111011,9.840800659973713,1682.7241586223304,0.7145400435224994,0.25126663055699,2.8132568124208257,0.1843407805130101,-0.0780971763970519,0.2937193420976563,0.3554599052546124,3.0376867552506543,0.2
27.02832476896669,9.566724323453432,1683.1000259380778,0.7685841719800324,0.223106288614,2.3494460422253347,0.2019314229733338,-0.087518782947229,0.3643171330053098,0.4256322477841737,3.350358753177502,0.2
26.30835202232738,9.983824805482142,1681.6421831275954,0.6301054288518647,0.2446158390258571,3.107154325712731,0.2762636491137379,-0.0892900071453501,0.1388715949366984,0.3218378925451719,2.202382170939768,0.15
25.63983255619988,10.060042143262391,1684.8387617727465,0.8470834904043849,0.1176491097833652,1.5437667444457144,-0.0071977698350416,0.1426541517410109,0.6318220508964912,0.6477662532878615,4.144610617462809,0.2
24.371808957577723,10.676255488003292,1685.5233560610395,0.9579822755793652,0.0899636219027862,1.2728878519644338,-0.0982411385664562,0.2945991747012402,0.7216309254907891,0.7856151651197795,4.2759033363836805,0.2
25.98543464928477,10.292126589891616,1685.9578689094774,0.8793547744564146,0.0944878540222786,1.402174328365707,-0.0340053225729272,0.2731269616645979,0.6579272599554389,0.7131780833311517,4.1493045666544495,0.2
26.40594753734361,9.847962046813286,1685.0110556715456,0.8465376530995841,0.127484995317216,1.585550043715715,0.0237068362689944,0.1273264169902696,0.6172546944999997,0.6306959556170889,4.10756714464724,0.2
27.517387889201125,9.738683878062831,1685.992690779999,0.8062839792287414,0.127824803393976,1.6662284569705876,0.0302730923806679,0.1646687707258903,0.5763307358631921,0.6001577969794883,3.903745379460257,0.2
27.23363718124235,9.48235591171467,1684.34490534802,0.8088905418995431,0.1737192313525856,1.8944745272885797,0.1232587505744947,0.0047657481380681,0.5132359045606594,0.5278508555252129,3.911051371994241,0.2
26.282920882953142,9.7352399671455,1683.9151407595928,0.8085454704734771,0.1763257240983863,1.9105454373905968,0.0984473752671346,-0.0027512523234255,0.5140616179116635,0.5234107393780646,3.9757521021014326,0.2
24.72080375515325,10.173398261506444,1683.7595317581822,0.7993190554637454,0.1602275821959157,1.8410336105717329,0.0085616947648439,0.0436310479879397,0.5413502423221844,0.5431731361435873,4.046020680140866,0.2
25.05538563015669,10.15069839349796,1682.19687926787,0.6603751164147709,0.281843525427702,3.4706530220774985,0.1698380227603749,-0.0629536463735849,0.2240778993781036,0.2881302145846345,2.7243930723976737,0.2
25.67671727593538,10.257937969267998,1680.9683203662998,0.6048628757800806,0.2563278694981469,3.3924012447739758,0.2748290269968803,-0.0684896093559945,0.0816782438326785,0.2947764512056199,2.0566706362982297,0.15
24.96179524664413,10.602594094611192,1680.0380888547386,0.5766921805563618,0.250460694927002,3.4744573122107028,0.2840054877272917,-0.0455097088530671,0.010347428217751,0.2878147319541327,1.7908881105302523,0.15
30.24287410562197,8.56259461593843,1686.4841589694556,0.7077968373840215,0.1868364283654643,2.255745756322155,0.0919509595374977,0.0389459670053396,0.4319190793768293,0.4433123711736176,3.575480079597448,0.2
28.81925217721448,9.121366353535214,1685.6219880201154,0.7651551475991991,0.1635082057150354,1.9419856751765403,0.1079743494480137,0.0713797059079208,0.498403896642266,0.5149368570440628,3.770125478384072,0.2
31.214507038039823,7.700003218266578,1685.4701672563365,0.7347801460992205,0.2186314370531291,2.4184494751044987,0.1652215260788992,-0.0878901486394161,0.3687133725850767,0.413488067579659,3.5076663549338694,0.2
30.027509746518724,8.438296320681417,1684.8552678831884,0.740251403776487,0.1990618319442033,2.244468381781932,0.1690291415235303,-0.0581856215491871,0.4081045191571156,0.4455398027064557,3.5060161930903866,0.2
31.0440939685017,7.789555876542241,1683.78759913,0.7442421276865216,0.2016465807124831,2.2517736633908565,0.2077861801399166,-0.1664581707076699,0.3554383036174989,0.444094367146181,3.312700820798457,0.2
24.353401669272927,-13.525677690809754,1684.894006405235,0.5014621148216936,0.3025071728310638,5.048711443530974,-0.1185835062490157,-0.0574013717272621,0.1479016388369572,0.1980703415484999,1.9021930337645712,0.2
25.03027872776934,-13.048826336560026,1683.16096138518,0.5250462410268829,0.2590563388019672,3.9523640965883433,-0.1277493725716919,-0.0778810141165693,0.2040350165894448,0.2530131272225638,2.014547765384734,0.2
25.66736523556629,-12.500970181503694,1681.3731313017363,0.5616525972672802,0.2084792283046794,3.053744711440669,-0.1283987657702062,-0.0965858390535276,0.2853409116921247,0.3274667971600772,2.201124564716633,0.2
24.89872772662705,-12.378965246804004,1679.4699035968938,0.5331607246961405,0.1671062990909416,2.817126035392292,-0.1123513139065844,-0.0853336175712018,0.3257303474750703,0.3549716936469076,2.141068089683428,0.2
26.29230986446621,-11.873566067121429,1679.4803235089855,0.5955238398988055,0.1611658108242799,2.4778991537470247,-0.1270717247676039,-0.1289844863823222,0.3606697204149727,0.4035676748538462,2.329721603487509,0.2
25.18988598769496,-11.996567685417109,1677.9329974486934,0.5801032546681856,0.1388294606310974,2.3864502466409667,-0.1093055581018584,-0.1092423113255214,0.3894952806499199,0.4190324107563289,2.347494502892557,0.2
26.90045336829808,-11.1875481834022,1677.5266739593428,0.639662179734988,0.1305933477416649,2.115994910381215,-0.1468069355594619,-0.1623720468325591,0.4188379496276487,0.4725909287843426,2.422847200476718,0.2
25.199927401136343,-11.562384329364589,1675.976203030324,0.6351323995726209,0.1161646393176892,2.050976835040416,-0.1081198702139157,-0.1258967232155535,0.4584616643406917,0.4875725473419569,2.5409130916866496,0.2
27.48644055900819,-10.475148777901262,1675.5759954571097,0.6874911908108913,0.1182997114185338,1.9053746302015957,-0.1349026281383005,-0.1570546004205764,0.4822684857664793,0.524831171859466,2.592441458540061,0.2
25.491138602903508,-11.156294027315305,1674.3561219953117,0.6581057514360987,0.1045841822788691,1.9214110312531505,-0.1306591999731043,-0.1228754596741445,0.488568193547392,0.5204508477021685,2.587727560585253,0.2
24.94402329169608,-10.898114150721742,1673.1278572750557,0.6709412471793098,0.0996548585023844,1.8614481788292647,-0.1144112727216764,-0.1269000367240201,0.5093207430389719,0.5372161370771749,2.6829287325324938,0.2
26.46906520388321,-10.66622049126514,1673.243496876452,0.635583534129678,0.1091796844466692,2.012890896547197,-0.1095728527259045,-0.129102459353429,0.4670487266041431,0.4967979147381239,2.458491926054956,0.2
28.065739881764102,-9.747216552245824,1673.630370592263,0.7112433703550441,0.1129645496495755,1.81635622724207,-0.1243111897326256,-0.1708052146093033,0.5084099608508348,0.5505527963082364,2.6961616316454435,0.2
25.224355775248505,-10.489729553884043,1671.442280122989,0.6698598918137207,0.1006699708529915,1.8691926279313331,-0.1030993496184073,-0.127197356402449,0.5093191737876208,0.5349903402447701,2.6505482848907467,0.2
26.858560099542142,-10.06131431824554,1670.859836445752,0.688704297197241,0.1014510793603875,1.8216107235647576,-0.1095264353181858,-0.1392778978551516,0.5195843323244898,0.5489647085756466,2.6709854373098096,0.2
28.647284783337565,-9.004952808571728,1671.6903421017394,0.7457408510833944,0.1051583655558284,1.6980838411915191,-0.1284029874356329,-0.1772827584046475,0.5467043210019777,0.58889907302711,2.797432482429556,0.2
24.98542988439628,-9.989008154906406,1669.425276370821,0.7095850184355065,0.0968633018301654,1.747886516956947,-0.1053957611422924,-0.125265558025556,0.5481979769036487,0.5721195228057425,2.821702829036798,0.2
26.57720443956405,-9.834482067499836,1669.1773594951756,0.6439065507357837,0.1042775029137011,1.962259408397244,-0.052596146623496,-0.1099760166119718,0.4948211967309645,0.5096166162947798,2.584305008348122,0.2
27.8168235127804,-9.243968489047337,1669.0657993529944,0.69516432812823,0.1042856677114095,1.817610176898724,-0.1011451787187054,-0.1518485242639748,0.5190394800792195,0.5501729758722183,2.677944443744011,0.2
29.24117485618677,-8.245903732564487,1669.7604933212558,0.7612082503498674,0.1079567701584437,1.6754541946641548,-0.1227774567737021,-0.1763611091245912,0.5568267745959149,0.5968530820984039,2.8752808203177147,0.2
26.36845930104898,-9.533029980755211,1667.5146313755238,0.693197903414163,0.1067852627368923,1.8343532667155789,-0.0816771173895675,-0.1237074384271049,0.5246095859218571,0.5451512629246744,2.729643680770584,0.2
29.86691226700106,-7.464803201411348,1667.84986939,0.747993025813038,0.1112307621759118,1.7194144118325887,-0.1082343284279313,-0.1596226843848299,0.5486863965748174,0.5815933570861365,2.892417762905704,0.2
28.32583559641096,-8.68342894922173,1667.5920882067708,0.7304676686303067,0.1119697037481197,1.7640194555156783,-0.0884444017567717,-0.1313983937955448,0.5443097604938686,0.5668871717220764,2.839476361340466,0.2
27.49230411209741,-8.92581705994085,1665.890781208266,0.649807848447644,0.1170159121918848,2.009112804566316,-0.0847787143551357,-0.1098428555918012,0.4780004101135723,0.4977321321765497,2.546112519334521,0.2
28.65044267065541,-8.190958512747095,1665.6360414641715,0.7223994389670869,0.1135386438435772,1.7909626578414413,-0.0886218398666753,-0.1373414098268842,0.5338990593102454,0.5583589337397188,2.8613127634906124,0.2
30.057597361352084,-7.046931914150139,1665.7956256283674,0.7438034430549061,0.1150649421545872,1.7463221149610926,-0.0910606785579768,-0.1390086830133403,0.547989046659027,0.5726320427559148,2.903675983255369,0.2
25.73595283224796,-13.15821624391797,1686.216041924201,0.5247981524344355,0.3342491117858789,5.748067276526238,-0.1300809921133745,-0.0733303307609563,0.0892619055488424,0.1739715197982748,1.816950568616456,0.2
27.27260830862886,-12.21519930635157,1686.295778118122,0.5779950247155324,0.31215704942745,4.605226582629336,-0.1567673981593285,-0.1152651106685899,0.096383123555116,0.2171445817176391,1.930778492243576,0.2
30.66438333369648,-9.83081137185564,1686.719758416683,0.5596595182604304,0.2783914886380476,4.031435108445255,-0.1705016291918691,-0.1469206539788434,0.1042718976993906,0.2480506254224827,1.8894890979464616,0.2
32.247450448130536,-8.410916605535961,1686.4333668006095,0.5288543542585982,0.2705311716512928,4.120123382533331,-0.1394033349755946,-0.1582759793651851,0.1201005433689698,0.2427111780776653,1.8388181181108811,0.2
26.30016371230958,-12.640551008662433,1684.612112604324,0.5579003531457847,0.2982387424073325,4.441969700246256,-0.1367393082149687,-0.0968024090923022,0.1503764611641484,0.2251253537241736,1.998503655176716,0.2
28.11067364162889,-11.450529000292326,1684.8646261630847,0.6064944863860053,0.2737392952659208,3.643627840280733,-0.1753268526017481,-0.1435346494898121,0.15486141107315,0.2744517398140619,2.073302901430926,0.2
31.22054523353268,-9.161522967437216,1684.77214412724,0.5735281388394105,0.2441246806462003,3.407115656618413,-0.168891406066656,-0.162379599448381,0.1767846129736409,0.293503391367849,2.058361963586429,0.2
29.522289712557804,-10.4457501193556,1684.9344245476386,0.6031019173692177,0.2568059963160483,3.4089955366806244,-0.1857676939726558,-0.1579990037443719,0.1630212798413206,0.2933415398289757,2.081634126010369,0.2
32.67375796333519,-7.760157838773131,1684.3987647018787,0.5620403132949972,0.239392695648839,3.4136261212264345,-0.1300963919813618,-0.1779345869030787,0.1929512301836103,0.2929436219689823,2.0928891896208373,0.2
31.669864314902043,-8.577827030914108,1683.216830088215,0.5838841459712626,0.2182603998965129,3.039452966489979,-0.1573632108263276,-0.1705837522212371,0.233202331684192,0.3290065715854192,2.190775861546173,0.2
26.930105879218665,-12.024726160013222,1683.0470810022337,0.5900076136774912,0.2531436857540771,3.4329552954690463,-0.1500543746027305,-0.1258056453634538,0.2156593167660309,0.2912942097789157,2.14637127864415,0.2
28.65299316089086,-10.783643937218027,1682.9555036098564,0.6302450252514493,0.2289327021630902,2.9267353391609245,-0.1825973891073354,-0.1677074135199196,0.2351085304914699,0.3416776319401307,2.246343829865164,0.2
30.02044426529018,-9.798133250909434,1683.0319166761628,0.6199990406360223,0.2183643194976758,2.8634612607988807,-0.1852498885519483,-0.1744208836881096,0.23920665328407,0.3492277034406286,2.2549416300854266,0.2
33.00051490610208,-7.113584650951593,1682.3908366899998,0.5963690827408864,0.2104534435670361,2.8955860763875,-0.1208380883234677,-0.1876197984477175,0.2635636926906825,0.345353228541418,2.3373999850492773,0.2
31.790363458223545,-8.209462929823198,1681.5079722499056,0.5999667400086447,0.1886472082155013,2.67664062220275,-0.1534169641578807,-0.1796830322473243,0.2894065909204026,0.373602638959072,2.320212751775924,0.2
30.76977790438326,-9.042489808638257,1681.7747833628655,0.6201901122773473,0.1910426987208688,2.609436323167732,-0.1774604619169038,-0.1811994415433432,0.287290070720355,0.3832245267384211,2.343792918783377,0.2
27.53440921891936,-11.326740682163765,1681.1792542848598,0.6222003597205976,0.197936140146201,2.6603634885994576,-0.1583076811968602,-0.1552837427915011,0.3035091268692195,0.3758884845192518,2.299539832214075,0.2
29.32162081051464,-9.981408193838892,1681.023332685302,0.6484235261732998,0.181687652477137,2.422466362282379,-0.1823334662200762,-0.1876444979308331,0.3192959370001942,0.4128024296105512,2.426158634226727,0.2
32.463224169411745,-7.425967668631332,1680.4148993757417,0.6137667475433517,0.1769329555085254,2.521587192771521,-0.1332036219094939,-0.1846418261386626,0.324709735237724,0.3965756182719512,2.431892841200677,0.2
30.845700591515588,-8.653928392851745,1679.8637817030929,0.6583482263152913,0.1609303629017422,2.23988351277278,-0.1730212312375494,-0.1972537176141138,0.3612116052400522,0.446451788362015,2.5233052938627627,0.2
28.156537676678315,-10.540499216725394,1679.087389968495,0.658071196573332,0.154749334819534,2.20070889068983,-0.1594530555950564,-0.1782622088470482,0.3863622555553262,0.454399036706096,2.456915729674828,0.2
29.5181598281754,-9.481414187502724,1678.936576370672,0.6806259962851299,0.1517450588720651,2.109425464974146,-0.172040866589837,-0.1969279649349114,0.3954197658515758,0.4740627325328398,2.5921962227308675,0.2
31.965519801606654,-7.523080284185785,1678.3650791200128,0.6345501992368906,0.1536467473188146,2.275017538103102,-0.131499934087674,-0.1829684667173662,0.3774131802115491,0.4395570509903826,2.505365555253305,0.2
30.607324495461995,-8.446326557059436,1677.7176864389012,0.7025160326488743,0.1405499747726615,1.9800458451762928,-0.1694169034594772,-0.2041373893461839,0.4297557911524929,0.5050388113164952,2.699794475174229,0.2
28.82590385065288,-9.705437877853903,1677.090217371987,0.7095376298746215,0.1338284198363861,1.9244646462675077,-0.1624865793624214,-0.1970436625957727,0.4525285389929331,0.5196250302334712,2.6495271355215544,0.2
31.495647112131262,-7.5234441735995485,1676.271604195769,0.6920769848005717,0.135580754471579,1.982505006713832,-0.1399416639810996,-0.1911338435919179,0.445326844692997,0.5044123452972176,2.717364331432221,0.2
30.167052459844648,-8.425526315657825,1675.6855669073616,0.7349249024616568,0.1262659110493457,1.82038952789431,-0.1614449764725544,-0.2061523390957456,0.4829114339988964,0.5493329777373115,2.790884497243127,0.2
28.689013779564483,-9.507915835206852,1675.2029212517452,0.7207113146063393,0.1226121378084759,1.8383184085714688,-0.1461895660684597,-0.1909345494071082,0.4879363169247436,0.5439754045530587,2.698332028104552,0.2
31.056538299897127,-7.489239852960977,1674.172144228775,0.7370254183034369,0.1241761059342617,1.805107830890114,-0.1410955928308885,-0.1955063683484135,0.498765516154576,0.5539835254644546,2.8502087204938578,0.2
29.593509052770155,-8.46826411761796,1673.1998186043368,0.7540126878121443,0.116175804232308,1.7276628786381674,-0.1441515560693097,-0.1971145204067632,0.524780794632331,0.5788166269962641,2.8560026569533994,0.2
30.645586017834585,-7.459640306996084,1672.067837618053,0.7603143921788903,0.1154355786617672,1.7100455970305637,-0.1395474881290871,-0.1932577062061574,0.5339899703596376,0.5847797285268101,2.9320984679712154,0.2
29.65494336213849,-8.18565661678845,1671.694384890449,0.7582990778140822,0.110743855664481,1.6939243068922245,-0.1360084093675669,-0.1908991682411413,0.5418178817122492,0.5903451505661786,2.8751064192887448,0.2
30.253571538877782,-7.446160999579965,1669.9593425662158,0.7586190948549307,0.112292208569001,1.6999717550845446,-0.1259157486274899,-0.1788467069614213,0.5460689876021225,0.5882450676071774,2.921100670065766,0.2
27.28623483524533,9.790556728991534,1681.4896378885642,0.6399154706084559,0.2178410182010249,2.769194848737127,0.3054142888920211,-0.118735513124804,0.1517517961725345,0.3611157952485876,2.0939382706342604,0.15
26.65184889062441,10.12897510850129,1680.7147209296231,0.6078744086508138,0.2193004000554272,2.930315285856412,0.3166265648670979,-0.0945267927499007,0.0852691768193141,0.3412602066496543,1.909672204567256,0.15
27.668996251187544,9.870436446894027,1680.641270513704,0.6120152461318452,0.2044774717209541,2.764503662011625,0.3199165708444821,-0.1258317272680441,0.1125492508680922,0.3617285857644109,1.8862177007146557,0.15
27.077393247308127,10.226753500787886,1679.8828662401042,0.5996530570979387,0.2120648877020172,2.8958450763941577,0.3189043709625798,-0.1073476434413545,0.0776144612479124,0.3453223406706473,1.8305528565228484,0.15
28.01449133825452,10.005775786997264,1679.5278264276562,0.6120411943320465,0.2005140255630979,2.727802117085941,0.3136926291068461,-0.1435138275928804,0.1240684547216599,0.3665955069601166,1.873506668125212,0.15
26.137719663252827,10.498414330958404,1679.6783337611653,0.5912555115444876,0.2187925192128125,3.007238912987105,0.3216910758492221,-0.0749417977561902,0.0384110477158189,0.3325309458059304,1.7615129008946633,0.15
28.35308883100091,10.18543076550208,1678.0826175600005,0.609841405462542,0.201070310448792,2.7427362441409966,0.3025068556228634,-0.1594934080245379,0.1264285589184432,0.36459940402078,1.9107132769209392,0.15
27.005979165234653,10.595512798443464,1678.462426193796,0.5955889209226486,0.2107926994283414,2.902780133003343,0.3192949442834675,-0.1093579688817265,0.0690650584106526,0.3444973281408525,1.8121738980531468,0.15
25.424678831254862,10.94190059248912,1678.4542532127616,0.5831783746535576,0.2293866904541509,3.16824997805882,0.3113671769962403,-0.0517053446862832,-0.000619064284449,0.3156316600411366,1.7094211688436662,0.15
27.613414860005243,10.860552834934497,1676.3977343730055,0.5933902141021402,0.2194608943929467,3.003559339036949,0.2834930493462198,-0.1359679450443613,0.1095095143700699,0.3329383198803845,1.9347603998273712,0.15
26.03678519028896,11.386483358348386,1676.2563167170938,0.5719017311923322,0.238015525417041,3.3371293277435043,0.2876076617820712,-0.0757068420689576,0.0366834141236708,0.2996587491190156,1.825578829780629,0.15
26.87852272597416,11.501552957201676,1674.6844580400552,0.5676102999562179,0.2497222256030957,3.5196335783797825,0.2475951688946653,-0.1080358844190948,0.0880302795950971,0.2841204851956029,1.9551689263582688,0.15
25.85143228485716,11.834744091298957,1674.5368638831242,0.553252483813787,0.2728919589577367,3.979368160325893,0.237633075251654,-0.0669985509005389,0.0468132843920931,0.2512961756014312,1.9136656717986813,0.15
26.15007245880013,12.09728088131047,1672.953249495211,0.5571928685703462,0.2742203463462842,3.974473928977326,0.2197432211394758,-0.087393477142161,0.0859109296567722,0.2516056257682663,2.010783967510678,0.15
30.31519422646492,8.395977762164426,1682.3123699068667,0.7013861929669322,0.1862452699578367,2.272074199806297,0.2682850729230258,-0.1961514067832659,0.2885464537414715,0.4401264712592809,2.8227060407393765,0.2
31.360140297378617,7.736427250876687,1681.6915235518345,0.7014344623600068,0.1852730475894854,2.264899669782781,0.2383094011747139,-0.2344044701572755,0.2884504602949552,0.4415206613085455,2.8627245320375376,0.2
29.40048303520597,9.674509505086585,1678.0150816591174,0.6207653048669423,0.1934736871938617,2.627694108817484,0.2798256129655099,-0.190836959568561,0.1735112815900638,0.3805618000376842,2.1526959562208114,0.2
29.00504099320585,9.578805288334374,1679.529765749664,0.6255420086268207,0.1924005317113352,2.59853124757057,0.2965830956841388,-0.1793346995833033,0.1672537003518774,0.3848327784916668,2.040733837050925,0.2
30.36979253481192,8.858536182529312,1679.2522732731557,0.6455558231082952,0.1872135872324937,2.476214840290088,0.2573549928396543,-0.2140716964940489,0.2258987007755629,0.403842180302437,2.4363044480695506,0.2
29.63996189345908,8.99379132554802,1680.899624703772,0.6576208651075709,0.1830139975826284,2.398580702577332,0.3002658864353966,-0.191042039228477,0.2171634597755301,0.4169132182734049,2.311515716756588,0.2
30.545082426198668,8.455927586450429,1680.930445996709,0.6742649007082245,0.1817437982662656,2.330035705514072,0.261421080207781,-0.2200855728872647,0.2596441632875716,0.4291779725235461,2.628209987227822,0.2
31.566788039355213,7.858235164266286,1679.582734112449,0.6438833319516566,0.187554953207105,2.485359273171144,0.2176230849228,-0.2371375235387292,0.2414468730609469,0.4023563155616009,2.5226455072849667,0.2
31.702186433553027,8.051220976413925,1677.4731931350125,0.6336465922851965,0.1898776101312013,2.544425730093653,0.2042424477361902,-0.2429418893804316,0.2317883305055514,0.3930159910634109,2.4556594512332546,0.2
30.56148634980144,9.09313220853644,1677.166263304263,0.6212300927783402,0.1992050914932336,2.6757592688580654,0.2336094863914087,-0.2091471815967882,0.2033591933560641,0.3737256978378216,2.3063195650755266,0.2
29.10375718323235,10.0894599643041,1676.7071779203277,0.6148917214491638,0.2066303145726621,2.771763191880817,0.2698815430674074,-0.1786579397455774,0.1593999824621164,0.3607811817868309,2.097815523259395,0.2
28.61208186222223,10.68027660886701,1674.9635813190894,0.6043227048913432,0.2278256702448796,3.0398624367088005,0.2439524917824885,-0.1564718779017511,0.1556274331401374,0.3289622543192054,2.078701788860696,0.2
31.78166353779955,8.281675994408692,1675.367099948872,0.6117831030406699,0.2013035267989726,2.736165934549224,0.1748579548604144,-0.2260583815449207,0.2278030156713177,0.3654749104844576,2.3636577024293883,0.2
30.503707025875418,9.544610203560342,1674.7839341731224,0.6102789515648412,0.2144607299966635,2.869298742457636,0.2060714397902499,-0.1906749186203156,0.2064991153243336,0.3485172126564526,2.284072085915392,0.2
27.494099883002548,11.814076707080632,1671.7025433609106,0.5757620075689768,0.2616539786934359,3.643502683099147,0.2014669558075401,-0.1152042123609184,0.1465195809725211,0.2744611674470909,2.1192607887695427,0.15
27.96182777976705,11.34116294078544,1673.1357299125652,0.5910942379543407,0.2410194971032033,3.2662258275479705,0.2326598799726113,-0.1362958059600779,0.1450140860262237,0.3061637660096278,2.084251383768706,0.15
29.410550064889733,10.503468925602048,1673.4365168480324,0.5988418967069542,0.2275313327842541,3.064370407439552,0.2153052401324155,-0.1639388666132369,0.1823727596779541,0.3263313069373863,2.167465098992846,0.2
27.20128215577816,12.258452604908904,1669.8451159186027,0.5636872033497896,0.2680894234624599,3.824822390490191,0.1816249404887005,-0.1046727342322727,0.1562438082938327,0.2614500486313665,2.1203062077800645,0.15
30.67266192047306,9.769434239832933,1672.568951808517,0.5885667995219214,0.2313814404285812,3.1625560268556927,0.1659545804532948,-0.1723778708789157,0.2067059353938773,0.316199931798277,2.2563600946872984,0.2
31.819486900938426,8.528784752303824,1673.25424333761,0.6071312297598298,0.2084772498939563,2.824977409706824,0.1501364784150293,-0.210214110513891,0.2420217737069234,0.3539851315496997,2.413872626669088,0.2
31.832243476000368,8.777270268977889,1671.1957217457507,0.6138916709557851,0.2168267580527957,2.876246149905643,0.1270179181354064,-0.1952035527077044,0.2581476279846061,0.347675389337872,2.5180585624669165,0.2
29.378921779122045,10.83209954810341,1671.5651098305184,0.611239804295305,0.2386668459931,3.1301407492729254,0.1896446786386557,-0.1515827258650378,0.2076571656610965,0.3194744518221047,2.3450006099011698,0.2
31.11717241858513,9.8731538093894,1669.0871310943817,0.5879439950767983,0.2351644965130476,3.211129642615419,0.1186860367289772,-0.1505825949766053,0.2453955681248794,0.3114168879165882,2.4118815867681933,0.2
30.67815371313317,10.46504908749259,1667.7354753930983,0.5878356895507887,0.2389222358905212,3.257948159738221,0.1175480321969939,-0.138271035566698,0.2475414317116299,0.3069416549833472,2.436741111699541,0.2
29.79897501018214,10.878774195167765,1669.5141297448456,0.5930547599566328,0.2505178697516087,3.379370158034667,0.1484237189772509,-0.1369121188646874,0.2163100822962595,0.2959131297358582,2.3517313248190432,0.2
31.036148922269152,9.753446416106533,1670.5170274201823,0.5913814215727677,0.2380989080142364,3.228234081767912,0.1382564649930457,-0.1610874448593683,0.2255914560721626,0.3097668801800021,2.345792028148898,0.2
31.83452409322553,9.003569090538015,1669.356126538806,0.6117215999962893,0.224868586032163,2.9708177388412498,0.1022611883620267,-0.170326675639442,0.2717281509592282,0.3366076575232933,2.603872203008498,0.2
28.497057538515744,11.545830961338512,1670.27989654853,0.5937609392118433,0.2496683293432126,3.3638961715915494,0.1857736067737206,-0.132087200270644,0.1908223499929396,0.2972743357672878,2.25563958310842,0.2
28.59305477585291,11.682713152358405,1669.0567323187338,0.591804626488674,0.2544848279428061,3.44122693122108,0.1672893414323505,-0.1237704583677348,0.2028300761661324,0.2905940293932204,2.312084335435384,0.2
29.382281965702568,11.390607582236289,1667.8738561063697,0.5966872623591426,0.2522879308942306,3.3827980413206484,0.1409543590362038,-0.1232985091208333,0.228728120997417,0.2956132727360805,2.4407192498328363,0.2
27.80772909846502,12.292962229900294,1667.758254970263,0.5837824466848286,0.259486228872348,3.561057810354776,0.1604042488545139,-0.1085145794996625,0.2033528259535195,0.2808154355405911,2.2965040494798634,0.2
29.088291501502567,11.735483834188903,1666.723991419586,0.5882455931170982,0.2536058492376297,3.449696819410695,0.1344084748511933,-0.114831438546083,0.2297364445868845,0.2898805467115884,2.4369451343521296,0.2
30.432905075485763,10.831706254697078,1666.5499219197577,0.5933112243314238,0.2427979636231202,3.2765216136012416,0.1055316307113289,-0.1252408013322938,0.2575381535114523,0.3052017102066038,2.5159878048612594,0.2
31.835462512772576,9.194003315384572,1667.8233973426827,0.617321914137074,0.2219993190497054,2.9134827460284938,0.0908329668290736,-0.1535102343676679,0.2932440379074479,0.3432318249912917,2.6997705200602344,0.2
31.839643728601068,9.3466930252208,1666.6004969600003,0.6153994288124877,0.2258608723862826,2.9637521983423407,0.0753880745577688,-0.139702216812052,0.297733977487331,0.3374101250972706,2.7319330448619152,0.2
27.8181751063595,9.45237940223639,1682.4242945622998,0.6897756898973797,0.2171644261224011,2.562878912979428,0.2710905268219703,-0.1252978413771633,0.2511088463609109,0.3901862061978841,2.4533303624455947,0.2
28.156950214088457,9.22685203995123,1683.3334330075152,0.7598477383040063,0.209696916591002,2.266688183299684,0.2151448693682804,-0.0979572175999269,0.3724916800803621,0.4411722827020128,3.252940451681312,0.2
28.396898661435102,9.13183632635548,1684.5244183676718,0.8026783819664381,0.18047544253083,1.949504292383451,0.141277880774952,-0.0153340056425025,0.4928732740870877,0.512950909575791,3.779750139906942,0.2
29.489148139751265,8.702586527168512,1683.5543796146358,0.7453601782851846,0.2038129713550545,2.264841337358179,0.2243728339361134,-0.1259145888100676,0.3588215208707195,0.4415320329531113,3.217184186023525,0.2
28.45218289893433,9.377953804780988,1681.6840914745192,0.6641687425599929,0.1976770617760003,2.490121120183948,0.30584974588412,-0.1535606015800297,0.2101121271443636,0.4015868914545526,2.2083340839850587,0.2
29.057730704556537,9.016647772275668,1682.4006349241547,0.6950942745450078,0.2008432002191836,2.404514577468301,0.2819251370395811,-0.1554430019972761,0.2632783488945897,0.4158843574377053,2.604399230813205,0.2
28.41449157193652,9.55859681648628,1680.861094424827,0.6409369127968703,0.1958213685588021,2.564637679375129,0.3171409439498139,-0.1592306128820904,0.1615666068656529,0.3899186259493967,1.9991965836174408,0.15
33.84444608317599,-5.723685893865968,1686.0462646568224,0.591919379097751,0.254461266717877,3.440229650136716,-0.0929528280566159,-0.2431389882182263,0.1293717909363323,0.2906782690976051,1.933334837796656,0.2
34.62853774560101,-2.434471551077209,1686.3336680870902,0.6604093504758354,0.2401864065049939,2.914036055406849,-0.0524805027259458,-0.3146580917918743,0.1264888685570143,0.3431666530496593,2.025005515021678,0.2
34.29506762189068,-4.197582081211887,1685.6822245734998,0.6284123057893164,0.2379953677623255,3.036801139246687,-0.0705873700451003,-0.2878484347429322,0.1435101206205307,0.3292938701439177,1.9986377364004284,0.2
33.14085599494248,-7.219948821645687,1686.162446327553,0.5503996902523809,0.2693840607874843,3.93914985623325,-0.1114819979364983,-0.1902515287693288,0.1257854347184438,0.253861883019661,1.8846914269989092,0.2
33.89076484216646,-5.593826764130871,1684.8672341274244,0.6057678120505979,0.2360480722177813,3.127079864222109,-0.0863745070354457,-0.2544617820935373,0.1733564996325662,0.319787163558344,2.06127261743246,0.2
33.4988497561581,-6.536963588205807,1685.0440593136298,0.5737699212849786,0.2438073127117437,3.401461014139575,-0.1081147356012678,-0.2165353680775009,0.1668967711591935,0.2939913160383399,1.990763579891908,0.2
33.46995425693052,-6.517710860564357,1683.8297795533922,0.5814512090123038,0.2347234570570214,3.241588457189636,-0.1011299893712316,-0.213648177842927,0.1982264206536928,0.3084907332335984,2.074395121400193,0.2
32.249570486589946,8.872544817915971,1665.54810917453,0.5947436667437149,0.2190710276870939,2.9925653827020384,0.0555852378512345,-0.1402536886698744,0.2981661644191529,0.3341614541758426,2.628239640882697,0.2
33.21136489863589,-6.554205767937075,1680.6421279928932,0.6274027091115314,0.1855086724729741,2.53404860621298,-0.092353816267661,-0.2114779449372387,0.3201204069239969,0.3946254217650759,2.500931921702467,0.2
32.80244018957588,-6.825050339419796,1679.001985487602,0.6274131910588314,0.1588148629649521,2.33574944971938,-0.1049229616611277,-0.1887008239376946,0.3696983239184231,0.4281281111380081,2.597363846812856,0.2
33.35744256364626,-6.033393941368616,1678.9960790826908,0.6304290774839582,0.1642686344981568,2.3623369962810954,-0.081044902331764,-0.215252184788591,0.3553720074246906,0.4233096300715132,2.521460210701296,0.2
33.46226522504381,-5.522341195223541,1677.3588751309926,0.6416292097909736,0.153320182980013,2.2477981991639684,-0.0583371502665453,-0.2148847672954819,0.3851484712065336,0.4448797940900272,2.5868338848945016,0.2
32.92073567847521,-6.341992394393018,1677.0662158482678,0.6520135461063,0.147558939521428,2.1758396488680067,-0.0896182109509647,-0.186978013964611,0.4101624561446592,0.4595926912721974,2.7069189124263286,0.2
33.53567930419962,-5.014444375388288,1675.70477398375,0.659374654785302,0.1487622432600014,2.158920051489746,-0.0503766079024841,-0.2131133132704177,0.4081594094076856,0.4631945491960009,2.6509868401862624,0.2
33.01344112939321,-5.832944951625502,1674.90662236375,0.6554647299231333,0.1381945268374542,2.108363768686916,-0.0688808283252637,-0.1793563238978646,0.4336457187169709,0.474301453502399,2.746750503710885,0.2
33.58426396626532,-4.513150771996647,1674.039773480874,0.6766346152256814,0.1448563703214612,2.080711002702309,-0.0343728965895288,-0.200657756913448,0.4353574199529471,0.4806049464347798,2.7426097319146487,0.2
32.14523952663677,-6.785556699789569,1675.033922670758,0.6611437560529004,0.1339951651898095,2.066271003920884,-0.1088268109294498,-0.1725475860125287,0.4388676835098336,0.4839636224398613,2.648169353825601,0.2
33.19128127179621,-5.2655523942950655,1673.276820733008,0.6665387040431345,0.1359099193276189,2.060325247541242,-0.0471724460539439,-0.1668720578650958,0.4533244529542395,0.4853602610526583,2.810581678814726,0.2
33.61455304687558,-4.0216881069225545,1672.3693306682103,0.6918855338984015,0.138149853853539,1.9971330631010515,-0.0247633411930889,-0.2084061677431218,0.4546118393519771,0.5007177631155174,2.7885976491080755,0.2
32.250863227651834,-6.362308488093086,1673.0889520114888,0.6729165971381508,0.1322309661935735,2.0203825341423047,-0.0882583193954716,-0.1639843554774891,0.4585856713423094,0.4949557735236121,2.7017910183653275,0.2
33.02198686629601,-5.23068593945862,1671.4907661581506,0.68609989991453,0.1322901992096052,1.9818804006351296,-0.0535436437263848,-0.1609533287553669,0.4752044992842814,0.5045713150397632,2.8479013031415867,0.2
33.63307350766931,-3.5378702991908977,1670.6803980879506,0.7088530409808491,0.1412238245836747,1.9660302763569764,-0.0191055484700607,-0.1864971091243095,0.4728293639833912,0.5086391659506814,2.851761825865992,0.2
31.65439745000479,-6.429402640816785,1670.4053628735917,0.7243661235899607,0.1220694791873447,1.8264168571814503,-0.098004800417527,-0.1595374990385137,0.5145105841494265,0.547520132694796,2.9021989693102106,0.2
32.49296853185803,-5.563579494347265,1669.5077272482265,0.662085869930017,0.1318990850273637,2.0515815652586715,-0.0546180531876952,-0.1255363492277793,0.4678080339751088,0.4874288290233861,2.726704001426544,0.2
33.30573354422255,-4.401714282802933,1669.5467853004425,0.6780068460060604,0.134138939565273,2.0156714125746893,-0.0408595567578889,-0.1543048351681588,0.4697320870567186,0.4961126073235637,2.823157129867341,0.2
33.64474452867498,-3.052332966717169,1668.9429859154957,0.7127738662641427,0.1392605397344806,1.9445744947211476,-0.0119309832070626,-0.1859338148557964,0.4793127244906403,0.5142513196149887,2.865411489205504,0.2
32.662941420280355,-5.236943398408483,1668.5301224083046,0.6437160335738418,0.1361652495800462,2.134870326868042,-0.044455475670724,-0.1232736499725027,0.4497083625262872,0.4684125248333226,2.637632802253993,0.2
31.580083376461005,-6.213041137561915,1668.5180910499253,0.7281777200260803,0.1232897402756022,1.8227418673774212,-0.0872469302155151,-0.1467754892549348,0.5213763150346106,0.548624036073089,2.9567209134112686,0.2
33.34671073804469,-4.013170230821621,1667.6251124839405,0.6793937164692231,0.137515261335609,2.0302931615738093,-0.0275884286542264,-0.133830323555422,0.4732057550308783,0.4925397075291513,2.8363002148074474,0.2
33.652944384867055,-2.560212441846727,1667.1526992621514,0.7092344564814477,0.1412818276508893,1.965290702215124,-0.0080699330987218,-0.1743174164894705,0.4779716200284804,0.5088305759920796,2.8742107576267046,0.2
32.38433424327625,-5.36756937653661,1667.3932781349683,0.6768826717017922,0.1337137449076016,2.016675332084953,-0.0578716160315313,-0.1298648460627986,0.4750460279531409,0.4958656379091736,2.7545136263605885,0.2
31.332727767679422,-6.137985456774203,1666.526731608188,0.7302773137879253,0.121449888066574,1.8086678381217185,-0.0792663597944078,-0.1374936889056209,0.5296254614116453,0.5528931177537214,2.9613618138161075,0.2
33.373022904935105,-3.668185211610164,1665.5358326501307,0.6660521045474649,0.1392561642846649,2.0809559193984044,-0.0227721492227752,-0.1263635275630133,0.4630771377722859,0.4805483819614476,2.803660837345574,0.2
32.64828346633289,-4.891128324264454,1665.8884960309367,0.6583617649200768,0.1390486651294989,2.1040533681763844,-0.0467807330306245,-0.1117661014461286,0.4595698381535782,0.4752731157512014,2.71873674302384,0.2
33.121536583754285,5.959409429898494,1686.6299651332545,0.7443833152089803,0.2582952935566079,2.778998210599247,0.1765836468357417,-0.1639610160121064,0.2672474412946303,0.359841901367891,3.313260250810909,0.2
33.703655324900225,5.212488606932741,1685.7906000101077,0.7142345465266856,0.2460007759780679,2.7561113648746645,0.1774626095018659,-0.2011799780382144,0.2442934248895971,0.3628300411748694,3.038911521784495,0.2
32.38981553237201,6.748559447435123,1686.6823570300717,0.715480763842055,0.2592904381427993,2.903211663811707,0.1503585240083432,-0.1173349863452321,0.28682389448675,0.3444461223633526,3.309432171766559,0.2
33.70696698640229,5.12668922092166,1684.42960266,0.7050300631126635,0.2185852246005503,2.520086642146305,0.1900339373654663,-0.2356444066232466,0.2565509387393172,0.3968117537214199,2.9435035208265456,0.2
32.89561381470919,6.113427186060164,1685.5025742383164,0.7340085588622368,0.2346571781884633,2.567210834469212,0.1942741625452237,-0.1936132840225992,0.2765924013489317,0.3895278044846506,3.18736807254858,0.2
31.99903945628497,7.010410014543654,1685.384177181724,0.697378712522564,0.2332150340115312,2.6874473554725435,0.1747995466481103,-0.1420339017429201,0.2961927271030474,0.3721003122028288,3.0962584622952125,0.2
32.63584334814752,6.359361218695538,1684.078281715486,0.716791775705491,0.214000515602983,2.438999663881933,0.2011704481780754,-0.208609954506591,0.2900271470804193,0.4100041565435853,3.039744623074074,0.2
34.92117258125629,2.7938161441889706,1686.4431107682449,0.6171090809361359,0.2667470117485486,3.473608355855996,0.0403023508558017,-0.2213324355748857,0.179625971247385,0.2878850744109209,2.443685100617929,0.2
34.964428062206174,2.0109728093417334,1685.747760169233,0.6470305333377007,0.2539295021580163,3.1404051503502948,0.0195455935675066,-0.2439619518217264,0.2037114639215342,0.3184302509147443,2.572136360989671,0.2
34.794984973364194,3.35792988641648,1686.490923711412,0.6462419363919331,0.2716746529376644,3.388603388063693,0.082572607976736,-0.2075361564224482,0.1928692526271763,0.2951068288258477,2.6384535762891086,0.2
34.84947421475168,2.92797121214206,1685.5230893788475,0.6259683182321233,0.2509490843181478,3.2072255899667708,0.0629497039271333,-0.2251430113941611,0.2063121019586413,0.3117959656870787,2.539271844043526,0.2
34.5526478838522,3.838715908702992,1685.6009540245009,0.6600009045753563,0.246780711673871,2.9917733529518458,0.1119893657327074,-0.2212205134186593,0.2241492238623539,0.3342499187023461,2.7422796537325933,0.2
34.886052214015734,1.9926200529422144,1684.0283220959643,0.663143643093051,0.2291712424039155,2.783989647995609,0.0401898293875824,-0.2628477688792427,0.2414914585464659,0.3591967379332644,2.6686906530568217,0.2
34.2261172980979,4.394301472114701,1684.9233478389483,0.689638062545282,0.2324595863842051,2.7099382010999444,0.1492173794585947,-0.2266929292822706,0.2500288445666597,0.3690121049971203,2.932327016182103,0.2
34.59319974662175,3.5719623956349498,1684.431373631665,0.6576498895982028,0.2301459081194646,2.8173853045692336,0.0993264939346817,-0.2357433049304531,0.2460509195297152,0.3549390274657147,2.76645493143232,0.2
34.14834225265278,4.423350330099276,1683.5688820942446,0.6871311337504592,0.2075516798436867,2.48817685796114,0.1550806251336837,-0.2523313984855906,0.2716671326142201,0.4019006915848495,2.91208006920609,0.2
33.29713818354554,5.633059358517088,1682.8861200115691,0.7098387137970851,0.1933395782745651,2.2969555670431503,0.1983997948597465,-0.2566735483943271,0.2903335395410987,0.4353588786601087,2.9555853825837715,0.2
33.88782775827327,4.784617876720584,1681.9339983316725,0.6858186904187091,0.191391312051776,2.362395134716776,0.1570521396825381,-0.2662965633331932,0.2891418147401307,0.423299212440974,2.8528007404178,0.2
32.844416092385146,6.286552767564064,1680.990343330231,0.6941997429474058,0.1791425597880327,2.2447782275718025,0.2026175608012953,-0.2728217950965289,0.2880369983749112,0.4454783050358206,2.8323205187305143,0.2
34.574145137472534,3.3565419570925594,1682.8297928249044,0.6495768791930447,0.2123297951935228,2.675744019438802,0.0933448876494507,-0.2506762481800806,0.2609993099278747,0.3737278277500309,2.680625414638365,0.2
34.76841389562951,2.0676386145579246,1682.143534331031,0.6692232345753845,0.2041173280684599,2.525105115675709,0.046453360600887,-0.2849104400040088,0.2711133270120098,0.3960231175296651,2.689394556805924,0.2
32.31160493581583,6.754595249934046,1682.6472067019802,0.6824953260745164,0.1886731282669427,2.3531722320799253,0.2187257614108814,-0.2378838294400937,0.2759707519905447,0.424958269678424,2.7810349072450866,0.2
34.617617795689206,2.2062689851131614,1680.106428581836,0.6789903823415944,0.1886367264723078,2.3650427592617485,0.053468900791701,-0.2973063021138544,0.2958568984683258,0.4228253362793963,2.72988141586776,0.2
34.38012717173138,3.615736731339611,1680.8442495367822,0.6634724976428884,0.188478685948851,2.419130589566645,0.1022602783357967,-0.2754382878692935,0.2907794781630065,0.4133716486050208,2.753062475220092,0.2
33.8275899453119,4.846288891709432,1680.4345126491098,0.6747072199335493,0.183466135549621,2.3411781751901777,0.1509393667481827,-0.2731844643823771,0.2916027744492895,0.4271353673962763,2.793297345346005,0.2
33.451664505325994,5.499970966683764,1679.2731741874325,0.6713829465752871,0.1782581411812175,2.31468625102833,0.1618493376971399,-0.2828609904033023,0.2836180243748652,0.4320239944207284,2.6990200787661798,0.2
34.16456722873933,3.98304764432534,1678.9999061450892,0.684647582417493,0.1787449365673107,2.2732800670826188,0.1129284513560609,-0.293553844501972,0.3075372516184623,0.4398930050371381,2.817685592330659,0.2
32.602608115370266,6.804282726986918,1678.7847711739346,0.660995937650342,0.1768524101672743,2.3408322534610893,0.1829862892750308,-0.2734370481265505,0.272482562817331,0.4271984882818612,2.6618462255991804,0.2
33.53219452853314,5.377719804484402,1677.3447370215486,0.6852527507471985,0.1699504649542295,2.21075233043342,0.1440301367396442,-0.3001787416191026,0.3061939366197266,0.4523347035458961,2.758677242956853,0.2
34.124885956257906,3.806563761135013,1677.0946975062952,0.6857655577131466,0.1714520208683702,2.21919535668531,0.0950280893283332,-0.2928141241231936,0.3290627999856861,0.4506137762894587,2.8343838618356103,0.2
34.44870275022383,2.398033368890089,1678.0554380507197,0.6888067925707474,0.1736014472023605,2.223946618515637,0.0568960243811369,-0.3084245736926189,0.3222161059771191,0.4496510805045516,2.79628493957046,0.2
32.70737717461947,6.901895964724536,1676.41864741414,0.6469884774805239,0.1822122434130674,2.431847275865738,0.1592127653877985,-0.2705268299021716,0.265631740135851,0.4112100335922616,2.549416931861185,0.2
33.32406254175707,5.8436768911669255,1675.1398390880595,0.673416083214347,0.1720759085354402,2.264191709793519,0.1256581266233879,-0.2857917966581266,0.3124027917575747,0.4416587145313743,2.741019128041793,0.2
32.58190179982592,7.328641830388943,1674.180195273914,0.6344897339204633,0.1894981107037207,2.5379388725945646,0.1370255433853773,-0.2526484483701506,0.2695272415630413,0.3940205222427947,2.5374841186541506,0.2
33.88642102914993,4.3853058594555785,1675.4915951818589,0.6824688797270326,0.1689899985823554,2.2133293124855924,0.0967270197201448,-0.2919322891963889,0.3309832865070395,0.4518080496918867,2.7979596252300225,0.2
34.27140653133638,2.638824171378825,1676.0093674924376,0.6984960304571156,0.1660184829776236,2.143303281666352,0.0603135981272768,-0.3022415236784967,0.3502848205263206,0.466569527772351,2.8479803934145025,0.2
32.53311395824615,7.6201817235662,1672.0803080255591,0.6209960347346654,0.2005252634652914,2.688567755501196,0.1144172644893325,-0.2270678297299317,0.2714629949671241,0.3719452477825252,2.5130109684237083,0.2
33.2083426648581,6.169022716159128,1672.7991078367866,0.6573110994345562,0.1779049376781354,2.3616469346007403,0.1033261685480562,-0.2607926862037569,0.3171855189289311,0.4234333190744534,2.7319726816106464,0.2
33.74310275680531,4.6142792610450245,1673.3555250337402,0.6832437106730442,0.1675944860287307,2.201537778582792,0.0872072406109374,-0.2834309443512629,0.3440709677175556,0.4542279536278208,2.817950876863801,0.2
34.09648548399516,2.9300783561480688,1673.9684281118575,0.7024347473149222,0.162261663774459,2.107578007412574,0.0572792205110538,-0.2963276658886197,0.3661128909997749,0.4744782857303002,2.869414862778707,0.2
32.47442051127135,7.908687979958835,1670.2615377415786,0.6089137635503004,0.210967605068258,2.840976832293136,0.0975955647960917,-0.2023942570043345,0.2709423586328088,0.3519916067716875,2.4882734542297484,0.2
32.334229784141385,8.316096555687272,1668.78445869568,0.5893261812860587,0.2222209124601126,3.0543213078596163,0.082523236642202,-0.1716401519614059,0.2663148383742421,0.3274049778020153,2.4630498343687064,0.2
33.04526288539572,6.660358277713093,1670.7068378274366,0.6482797940019623,0.1854568643440582,2.4520386248635493,0.0879150204218273,-0.2386170121330431,0.3188310196704519,0.4078239183755304,2.7002353092328004,0.2
33.58407544839256,4.988039945497583,1671.3200417631217,0.686752960537238,0.1675299937861499,2.1898632355285805,0.0776059961219466,-0.2719773646910809,0.3585169570730466,0.4566495221143908,2.84617199552204,0.2
33.93010976121548,3.257513436327335,1671.933762351593,0.708924189247066,0.1581184756007502,2.06297790878968,0.0559710592008431,-0.2900113130641674,0.3843563821403489,0.4847361650065783,2.913066300412179,0.2
32.89930058826075,7.15392185114644,1668.8324268667288,0.6258054489978417,0.1984711908166781,2.649731395062352,0.0744499862466392,-0.2087631623068333,0.3054561240451739,0.3773967436335065,2.6433805976822704,0.2
32.67715701085668,7.848638141728113,1667.1094575917632,0.6221941717657198,0.2087072025506882,2.758762534185154,0.064611767745575,-0.1766045122426136,0.3098853066937074,0.3624813617005882,2.658231624860669,0.2
33.444851085536314,5.391284868277936,1669.3819026639203,0.6824037297913962,0.1709142016266814,2.226483451977634,0.0665662901816975,-0.2523630967575922,0.3655234812841472,0.4491387524626639,2.863750688997184,0.2
33.77799474565846,3.612744432087749,1669.9045283985745,0.7173922573553563,0.1569303795290004,2.0315665669705827,0.0515381753132223,-0.2806399347676517,0.4010939791458018,0.4922309789194715,2.949989053486797,0.2
33.321755912996935,5.841539149195483,1667.400128096211,0.673776168443612,0.1768202073554206,2.296202368148237,0.0547302428634255,-0.2219433883911143,0.37068510941294,0.4355016848129314,2.8643038935154688,0.2
33.22141015379025,6.321739665275769,1665.628790524518,0.6533882427510056,0.1832397502082244,2.4158391344355565,0.0389158063719807,-0.1940314604936346,0.3635648622474834,0.4139348459696356,2.821980048164923,0.2
33.64628014545363,3.992308991728332,1667.8799476530312,0.7179200899676751,0.1580859393129685,2.036933903824868,0.0431024612081704,-0.2540143943091681,0.4178935331736618,0.4909339464192935,3.0037875678899977,0.2
33.5414807617663,4.392813649233843,1665.859065508259,0.7183965732900296,0.160095420207131,2.047617044687299,0.0348239414460724,-0.2307448213439387,0.4290126902248186,0.488372570737569,3.0675533029487747,0.2
34.96502005934638,0.7260633573133134,1686.3377898147162,0.6552796882665174,0.2560052636275645,3.1272517230952053,-0.010302935364415,-0.2751736004962266,0.1625605411268284,0.3197695895776012,2.286891631282484,0.2
34.90601321980815,0.4843639760437636,1684.5926540731202,0.6720474697534397,0.2277872094257212,2.733137785437231,-0.0040835122783061,-0.302041086617621,0.2064523190836849,0.365879834279934,2.388969820772494,0.2
34.8138793024215,-0.9462976093280474,1685.2322613862366,0.6749070633463662,0.2309321092869672,2.753367341301192,-0.0297034336356553,-0.3167589531377252,0.175184585360508,0.3631916399238679,2.224946877438373,0.2
34.57107045042963,-2.763633120178268,1684.7476218594431,0.6648187546431289,0.224124989156931,2.726179066326252,-0.0487910045245574,-0.319661770039422,0.1731708025601843,0.3668137622916976,2.128288077694898,0.2
34.26815270874085,-4.26610501163983,1684.3539541361602,0.6323070005413342,0.2251495623544284,2.877037889386745,-0.0651806938794362,-0.2865349449279903,0.1856363607470438,0.3475797116502886,2.098132913883648,0.2
34.73404485990311,-1.096237476777734,1683.1588948954136,0.6950943272476067,0.208979883931507,2.471742645145916,-0.0226567061906092,-0.3355232249462933,0.2249223002244729,0.4045728635882991,2.3657654240003803,0.2
34.84473522222641,0.8096483407002893,1683.0227257969216,0.6735885769632192,0.2135391958904393,2.591254588168027,0.0072726474605413,-0.3027318911775993,0.2392273022984239,0.3859134507917969,2.4917364158535085,0.2
34.01589927046773,-5.091189496922597,1683.2162376176084,0.6322933579842825,0.2175558481450308,2.7997470629308414,-0.0755647465427315,-0.2640281718318254,0.2283706672238143,0.3571751224388022,2.2640069536291096,0.2
34.42065487127085,-3.2919706058530203,1682.778829177296,0.6705108679371279,0.2055520490295038,2.532536109751871,-0.0482578284354826,-0.3140139103453345,0.2344818462943183,0.3948611023350725,2.2952809788046884,0.2
34.583185141017985,-1.736384274089864,1681.529165239433,0.6941205144593141,0.1954897921437243,2.365556190754302,-0.0230865809032148,-0.331888261629886,0.2608080864072953,0.4227335642706214,2.4415467564036497,0.2
34.72309230459644,0.2265245838460612,1681.3037198694722,0.7026584690326622,0.1927194258744509,2.3157443526838937,0.0059744827630033,-0.3333058499846344,0.2744917568018128,0.4318265955570715,2.564791859132176,0.2
34.53271339286783,-1.328806389408618,1680.0693108965652,0.7169834714633426,0.1811985974619521,2.187462602464264,-0.012005444795752,-0.3422511978723467,0.3028311812003655,0.4571506725982241,2.5826532397149697,0.2
33.61420604877112,-6.074687822798484,1682.4494479488233,0.5880993735741021,0.2134430915166882,2.9669375450697726,-0.0865999685024012,-0.2227932851844368,0.2376233758497732,0.3370478767447338,2.156492258398305,0.2
34.02232660363833,-4.838533978825537,1681.69606483087,0.6492054432510903,0.196345188777173,2.536341251448022,-0.0662670379023205,-0.2743237491921213,0.2753234063354022,0.3942687126304831,2.3843357737034268,0.2
34.35600126994263,-3.059865777637426,1680.7686715743798,0.691281729801285,0.1879033484951759,2.317532409996998,-0.0376764202831577,-0.3172674904962396,0.2900144887980381,0.4314934262348872,2.489881791025667,0.2
34.34967783716927,-2.455257861852185,1679.3072559310372,0.7127303748864052,0.1742524336247856,2.1535926319850884,-0.0215482308635465,-0.3309365522918776,0.325005617648429,0.4643403702018813,2.5956053710924176,0.2
34.17557928378144,-3.562909462294908,1679.3206637604478,0.6857756771402683,0.1763434157733012,2.252700628882613,-0.0358622774184216,-0.299975163650438,0.3252481057904549,0.4439116264179413,2.5467470412843176,0.2
34.57712576648975,0.5332618549009751,1679.0889624726417,0.7158893153333832,0.1743730730094879,2.1448840170345336,0.0174496676140801,-0.3375359837887992,0.3211407002684654,0.4662256756347024,2.711991253393511,0.2
34.412029812762206,-1.156084241008042,1678.21554255092,0.7436668268988893,0.1667451975633935,2.0175075962004083,-0.0037582824421916,-0.3505257547537111,0.3504247133440439,0.4956610829536947,2.7292932868218163,0.2
34.17286084389071,-3.000947172931048,1677.9279542131471,0.7140844413678477,0.1661082299490926,2.0970786520111564,-0.0220853158637541,-0.3080108431221878,0.3633608955705136,0.476853836188248,2.672360864809549,0.2
33.98324250701676,-4.6464614176268935,1680.1247522670867,0.6591616833703458,0.1832139049897072,2.394484001654434,-0.0634503233395454,-0.2654209354283519,0.3161292242958776,0.4176265113106057,2.4953582991206105,0.2
33.90986549236201,-4.510125283135281,1678.5060990757772,0.6657953042496995,0.1692755325238443,2.270716682679008,-0.0476747729477971,-0.2585907458009235,0.3532717615375255,0.4403895948922138,2.5842072226011537,0.2
34.423191058009046,0.7217673274356287,1677.0712986494193,0.7308608624451399,0.1645457160691657,2.0393978440487817,0.024511273673436,-0.3408391884846189,0.3516560243323354,0.4903408145292127,2.807873953415246,0.2
34.291913430489835,-0.732312459225849,1676.2927613342094,0.7512071515110064,0.1581221261504709,1.9468805041426047,0.0067418220853102,-0.3464505253632499,0.3791502323563172,0.5136422075582878,2.8145138918169907,0.2
34.16874497394523,-2.252907705597645,1676.529661387198,0.7361599888878163,0.159163046790726,1.992742212170294,-0.0096052178646573,-0.3186689981071012,0.3875334579775755,0.5018210553741925,2.7551296270011023,0.2
33.9360963679816,-3.910601488844633,1676.8750128701056,0.6943407041582575,0.1585742562560789,2.109119148727315,-0.0326287273869402,-0.2664263616816082,0.3908364333372986,0.4741315826578219,2.704613444223889,0.2
34.243158084424266,0.6141599928689192,1674.8965046995393,0.7498681492203434,0.154787418800684,1.931516764686914,0.0265855009055598,-0.3350555806085474,0.3937931995511945,0.5177278387030171,2.896318524932676,0.2
34.11951089823395,-1.4572501691813369,1674.8565618913583,0.7543831362394464,0.1522618183354182,1.9060121029417576,0.0031345885148054,-0.3236567776204045,0.4129164629740719,0.5246556401486592,2.8656548057960585,0.2
33.92254392914213,-3.363855912085242,1675.2217759451044,0.7127427334492589,0.1531262898144764,2.022394243598266,-0.0186900928586253,-0.2660185863252888,0.4163878942216309,0.4944634327186321,2.7929427406706644,0.2
34.07694776840129,1.2749223077331056,1672.6960154862495,0.7437007077824624,0.1518090082788835,1.9308755289247188,0.0315520487733493,-0.3171524126796805,0.40821439370861,0.5178997739729437,2.9439567505891957,0.2
34.04900641253056,-0.7508879574478275,1673.2689492218688,0.7685392252281811,0.1488573252798651,1.8527650648343683,0.0119416455853558,-0.3241105394021248,0.4314190209146601,0.5397338383479273,2.940547761210219,0.2
33.899387681067125,-2.7550034391543887,1673.570218962741,0.7312103813836903,0.1460079728506093,1.931675515272322,-0.0081020735921694,-0.270417827528408,0.4413690233928197,0.5176852903573833,2.864736079317006,0.2
33.950078012445466,-0.2860231132361452,1671.5768371208358,0.7807807316716824,0.1456664116112787,1.8072931176951423,0.0173033305682074,-0.3183882984429017,0.4522007420332106,0.5533136767959971,3.013995709650039,0.2
33.951105884824734,1.476755415214163,1670.9865482227858,0.7524932544695071,0.151399847763626,1.9060742781831763,0.0323741892403296,-0.3077714414179469,0.4236439953761061,0.5246385261298293,2.9841231789150124,0.2
33.87318216105926,0.1820644018805972,1670.1631905079428,0.7770949602824962,0.1441121025729845,1.8079345012049663,0.0207839718577093,-0.3024873155519766,0.4626103002055777,0.5531173830321353,3.049530164063182,0.2
33.853870842228204,-2.211115692923621,1671.8914460398046,0.7566221778133675,0.1418875279206761,1.845319158718072,-0.000134590760089,-0.273721751567639,0.4677014542751472,0.5419116770535736,2.9499958152076773,0.2
33.80042488551045,-1.5954515370364624,1670.0754990816658,0.7733012609736297,0.1384773698997362,1.788487042794806,0.0074145500628868,-0.2634867817112387,0.4931005200673927,0.5591318114540741,3.040320063494695,0.2
33.79093481068493,-0.1848957924355286,1668.8816096217988,0.7829191295853056,0.1408554394394222,1.778213104897988,0.0171318191292115,-0.2838530179220491,0.4851652441581782,0.5623622934987692,3.0737433308630755,0.2
33.81948645321865,1.6159191217928843,1668.9654956027953,0.7646609636669177,0.1487502172366405,1.8615942129943723,0.0289202429565045,-0.2924576859320758,0.449653224300249,0.5371739947512519,3.057784082379555,0.2
33.73048629227359,-1.389124442791539,1668.1119537012296,0.7654631203004868,0.1367444809953855,1.7981814434397272,0.0076747637296951,-0.2314253134771767,0.5056184249381539,0.55611740608729,3.075108812242898,0.2
33.68711143296504,2.402551554259677,1666.5447575382843,0.7578587286817045,0.1479245286475021,1.8738981306648164,0.0253573949592346,-0.258832519518243,0.4659847465872379,0.5336469382384318,3.1211897037912277,0.2
33.72655161375483,0.3125211582184719,1667.2550988787928,0.783801214542025,0.1412410392788977,1.778121015883722,0.0170853515002604,-0.2644053097854998,0.4960665583151758,0.5623914182820692,3.104890397801836,0.2
33.68960452232733,-0.8627994872409741,1666.1777864057908,0.7799616267161091,0.1359086223240355,1.760704092743128,0.0067830013176404,-0.2214696834517652,0.5229508630342533,0.567954606410909,3.140254432373329,0.2
34.27847614774425,4.51970047705422,1686.5488080157954,0.695818468297054,0.2649062779599501,3.0565606726955123,0.1384078912704975,-0.199403299288229,0.2193594930815925,0.3271651071523218,2.99037370794831,0.2
34.185075755451244,4.561425166943976,1685.803492559676,0.6900313442951855,0.2502635414349798,2.901477697945801,0.1475107723413563,-0.2045204653736874,0.2349402703677726,0.3446519684462795,2.975193683885752,0.2
2.910884343876152,0.8659385355139221,1706.7642275200003,0.7056505372689413,0.0592432634154749,1.6076124799154343,-0.086431160130439,0.460122460848766,0.4095745407387954,0.6220404559515507,1.0980404736837557,0.2
2.476250524510176,2.882150899469232,1707.4333826215902,0.7477943818797079,0.0483107024383886,1.480294092318189,-0.0582006167085334,0.4806865111188229,0.4710726068157519,0.6755414381435293,1.2560069636221036,0.2
2.4903429895608484,2.200162399443592,1705.2900532506007,0.7337020856263249,0.0445322514440373,1.4962102324149205,-0.074745188846906,0.4569516617891147,0.4819824768105823,0.6683552741020726,1.2670818556373764,0.2
3.0529803575292824,-0.1254349614456812,1705.02825403549,0.6759587940188374,0.0619734949451787,1.6886878993044254,-0.0958410531886201,0.4248186563675028,0.4012676217713063,0.5921757362102863,1.109952298655884,0.2
2.113833231896025,9.210469410402856,1706.9367302455487,0.6902419478969508,0.0378141089563727,1.567299415005128,0.0020743570239627,0.4013406415446111,0.4960006623772381,0.6380401794488822,1.470529150911095,0.2
1.998025486959903,6.375783352382728,1706.9833379912004,0.689878404377088,0.0421150580528523,1.5828548548730863,-0.0231213117754049,0.4173384208474597,0.4737374920382954,0.6317698662775876,1.3506403232391857,0.2
2.0245565112821886,7.598422281426114,1706.3376985657608,0.6997609995839063,0.0381248900019419,1.547019226820466,-0.0152971183130739,0.4158100591293199,0.4946782913208844,0.6464043773103355,1.431658020992279,0.2
2.2464666954539445,8.40862071959191,1704.9677313099164,0.7111429530566902,0.0358066761900613,1.5146566764325289,-0.0215659405455645,0.4038980610075304,0.5218102473848493,0.6602156221668003,1.4569414854099445,0.2
2.0794170470743576,6.378965167742327,1705.1124847606543,0.7333827158618099,0.0362734614176142,1.4702032656704975,-0.037755630312739,0.4325728017255745,0.5235431904057061,0.6801780565654929,1.458928238541816,0.2
2.4491073440375843,7.61683058577959,1703.0006402313377,0.7399466928582769,0.033356255207604,1.448051881449533,-0.0371665306919945,0.4209024948299936,0.5462276145153031,0.6905829914042703,1.5090266186460146,0.2
2.732037268523344,0.8939402613310401,1703.4375903700395,0.6879157254895197,0.0497518334409072,1.6142946741369388,-0.0902998031050774,0.4212052607480914,0.4451625421823681,0.6194655882976488,1.26557991594816,0.2
2.4337158361220363,2.6028743692166256,1703.1511675488969,0.704465331044273,0.0421523165590468,1.5502058027838193,-0.0744873020219719,0.4239927767876154,0.4804210112902507,0.6450756397661691,1.328766414767441,0.2
2.712044725724887,6.846618859198298,1701.032324733104,0.7494547109221434,0.0318119256546302,1.4249652165139135,-0.0542959429021936,0.4204033362563503,0.559281901978961,0.7017715158314082,1.56004595983049,0.2
2.3115970887394988,5.599527193565124,1702.722378897495,0.7239550854656336,0.0347460469406066,1.4844593493793958,-0.0516901427003679,0.4135091074969367,0.5292798759770483,0.6736459307006739,1.4460410967212516,0.2
3.242739933911626,-1.068336922550962,1703.2684557491575,0.627072678834185,0.0705887750708107,1.8568581674728983,-0.0990656770821109,0.3786400277673224,0.3699289965328264,0.538544094275631,1.143820572136716,0.2
2.231046651826155,4.107895409348069,1704.0208745575076,0.7286402219435366,0.0389750042024276,1.4884436257820128,-0.0578058112542849,0.4356405654061733,0.5081814770682183,0.6718427105189223,1.38295019891163,0.2
2.399739007648806,3.7742385640677214,1702.0615310876815,0.7102468847053676,0.0371937389298899,1.521112871050548,-0.0698043625097259,0.4083108956246557,0.5104918760604081,0.6574134102943694,1.408721148241964,0.2
2.162389158324536,4.384843943834923,1706.1886572888277,0.7230059956894402,0.042859310304871,1.5127885416353035,-0.0473594904656411,0.4440540408027195,0.4873755876579148,0.6610309190463682,1.311433481150424,0.2
2.960140592568885,-0.0517399259421697,1701.6372945378896,0.6290515765656843,0.0578185506794347,1.7975593168071209,-0.0912883401090698,0.3674844557791055,0.4075564886768217,0.5563098756464017,1.2908022772694476,0.2
3.467920636482444,-1.95368795678936,1701.4820311246945,0.5676512268630131,0.0834355033825094,2.114492605864493,-0.0950658107414417,0.3255274858202955,0.3296270719833949,0.4729266951449839,1.1906115106227195,0.2
3.0271877864695163,6.107861569338096,1699.0602724230532,0.7432990224233719,0.031946412480058,1.437179005522544,-0.0677131676979029,0.4100781012788985,0.5580313806155809,0.6958075480906499,1.633801155610237,0.2
2.564172506770716,4.922261881955531,1700.8161991383672,0.7074391229881446,0.035029933438762,1.52004321641615,-0.0660218919723243,0.3934648799842354,0.5230940371985303,0.6578760322076428,1.4750156605477325,0.2
2.605376077073668,1.8885549599048688,1701.6836147768493,0.6670757336104176,0.0457621397223737,1.6501048182908151,-0.0816824106332291,0.3913194986846649,0.455477583237789,0.6060221077566478,1.3470319898007006,0.2
2.632320318893057,2.986708312131316,1700.3162411264195,0.670940295439717,0.0400019507506978,1.6200564173458167,-0.0772338249118273,0.3768169697899478,0.482759613934773,0.6172624541300405,1.4373672893082818,0.2
3.7205200393613977,-2.773980747253293,1699.668010696715,0.5017145257387425,0.1092014612713176,2.5501187132792515,-0.0836744203373112,0.2578226752760305,0.2833703347605707,0.3921386070353089,1.228326992574374,0.2
3.203183805948594,-0.8492777402871415,1699.8154327394511,0.5661096784687127,0.0683943695777824,2.046361342140383,-0.0872532489840921,0.3119701147781858,0.3658716787201841,0.4886722493272152,1.337316031244386,0.2
2.845627437582238,1.0294273869267023,1700.012443643238,0.6232672743888844,0.0515465089864519,1.788867899882971,-0.0841087605630115,0.3507765480476328,0.4270559762324765,0.5590127700683883,1.3903653111426322,0.2
2.87627672714264,4.181190483558962,1698.830773061729,0.6674472288646324,0.037900075006896,1.621127496377729,-0.0733375599224535,0.3594990159438205,0.495874674590457,0.6168546287904034,1.5274010172428447,0.2
3.386181488822658,5.403787556621013,1697.083559184034,0.720190202692856,0.0341136321115292,1.490193937996911,-0.0750367704267619,0.3916809776257802,0.5396928967541085,0.6710535954428725,1.7351653988222957,0.2
2.9330923733022147,2.14275407244893,1698.3800494601444,0.6246949173730474,0.0447143226980211,1.757996652161654,-0.0800695553788909,0.3318783190748042,0.4549861722063999,0.5688292971265831,1.4998133375572222,0.2
3.131087650578498,0.310823098774608,1698.0606027228132,0.5709910913471266,0.0577813928584992,1.9801753939984983,-0.0824954192720105,0.3028672575910791,0.3955967113428367,0.5050057702114635,1.460038595408994,0.2
3.245695870575739,3.4374980708353067,1696.7632538361822,0.6235781507655732,0.0426550183405073,1.7532150760705056,-0.0764858424923986,0.3195683190641557,0.4662189622185732,0.5703806758502828,1.632780027794252,0.2
3.2757610683997584,1.5243914306026525,1696.374942557347,0.5546788490357265,0.0543633816573715,2.0227747727205747,-0.0768061124696183,0.2660374285665096,0.4095448852550875,0.4943704131009249,1.5818395208902314,0.2
3.656799902302832,2.839054064964346,1694.6925800843972,0.6022999093850615,0.0489108480375625,1.8403262609644635,-0.0783102150182308,0.2933204937256724,0.4506600704119464,0.5433819107031207,1.764883010774139,0.2
3.997068063591658,-3.5198065596002315,1697.825396451409,0.4523397796098234,0.1385812428847205,3.05840175461693,-0.0719619551813711,0.2023637577814983,0.246533091950575,0.3269681618807636,1.274309662771001,0.2
3.476546180032004,-1.544857352810414,1697.82474987189,0.5011108498492011,0.0870379962648454,2.4161623013364912,-0.077687995815662,0.248654356966241,0.3216081639266848,0.4138794812943044,1.3961786918166257,0.2
3.4552476528617464,-0.3431547675141503,1696.059709365919,0.492547773625524,0.0766810951965554,2.3980265113404315,-0.0721761794541023,0.2166094012017299,0.3489526420471214,0.4170095681890636,1.5308557380661774,0.2
4.297105220521404,-4.179000287762976,1695.9515728448312,0.4203190973638687,0.1824094868325566,3.745616940132659,-0.0623745900275625,0.1560645208031396,0.2074389319207704,0.2669787156517353,1.320471869761935,0.2
3.7903305413623474,-2.282917874930766,1695.9789398699877,0.447248431567364,0.1274274302775782,3.0006151719588914,-0.0645433675010403,0.1790001320480785,0.2736031126807459,0.3332649949067511,1.445628662237839,0.2
3.7819432599455656,4.744496367499916,1695.0986036469642,0.6970120563922639,0.0370171562577973,1.5494045105898573,-0.0834393920124349,0.3552368047925911,0.5323511789808218,0.6454092479821817,1.8901341329688588,0.2
4.210969291443077,4.168419030951886,1693.094838307926,0.6370420400336366,0.0431549143302321,1.7180387432893938,-0.0888513903569454,0.2781310368265914,0.5035288425675898,0.5820590507088208,2.0302852270384952,0.2
4.1156059591312975,2.486701182786778,1692.5994727287878,0.5601350787639281,0.059913972582671,2.0283348510410586,-0.0836560755881442,0.2165067626285578,0.4349603577805911,0.4930152432606195,1.9421265953608025,0.2
3.6828187809369206,1.0474579346834574,1694.202391010101,0.5143604284042194,0.0743838340236467,2.2839381547943125,-0.072687231607978,0.2197959401577847,0.3716320429854884,0.4378402269347167,1.7027360665046245,0.2
4.663914294464446,3.679275695129861,1691.0813892983856,0.6087929984993473,0.055535801839636,1.847836626573901,-0.0948028551721793,0.211192272289954,0.4891613988868693,0.5411733838473121,2.2517917782011865,0.2
4.620795559039075,-4.735806715427014,1694.0470267771182,0.3931632484289878,0.2518049546868336,5.123939369361326,-0.0483081774869062,0.1032566586145093,0.1584068230738865,0.1951623405186086,1.389918938870901,0.2
4.1208277862980935,-2.9253833133299354,1694.1283670831428,0.4225499589189451,0.1666228491011914,3.549409520021676,-0.0566651331772942,0.1383684882059551,0.2387864378880534,0.281737002833613,1.4932314629675685,0.2
3.786968875988557,-0.914544934898932,1694.1827588305334,0.4594708701103318,0.1067153274262047,2.766973503956868,-0.0656112644088207,0.1761975262030131,0.3086481407029434,0.3614057014170773,1.5804443926328682,0.2
4.96856077006968,-5.171156772051951,1692.1146965453938,0.3771799329866471,0.2970621817602348,6.532184432664232,-0.036958757343503,0.0580957862436036,0.1367293316324471,0.153088145368262,1.4795351559460634,0.2
4.39548735346643,-3.209336041316914,1692.399873401922,0.4077316653550124,0.1983083274982657,4.064735033459378,-0.051325368236635,0.0955749529821591,0.2208081415255401,0.2460184961057422,1.601600185886145,0.2
4.136233168251511,-2.017200930409299,1692.765758592118,0.4239660797282878,0.1376595606876543,3.254783355628939,-0.0579469195598863,0.1291266226589846,0.2726993871328214,0.3072401111645615,1.598404713129198,0.2
5.6048569840864415,3.0351005073923485,1687.0300203031416,0.694881400736926,0.0728424965476797,1.6845010160875715,-0.1423352230897638,0.0040703723904223,0.5763172733958154,0.5936476086684731,3.2044813378813086,0.2
5.454945535801675,2.092212957017816,1686.860854068473,0.6533796312292545,0.0863340790542811,1.8499273321634744,-0.127342229068815,-0.0521931039709642,0.5227493355743318,0.5405617737592474,3.064607908706471,0.2
5.242150008646762,2.0886087150239256,1687.7735167088483,0.6192707934780783,0.0900685237704809,1.969600472862953,-0.1116482555039542,0.0325238246226587,0.4942201977577923,0.5077171811125886,2.817308466489333,0.2
4.957713841172968,0.9596480266951418,1688.355323642789,0.5369844137501959,0.1138733404933446,2.4114515254445417,-0.0879465112530879,0.0268335811539723,0.4043655572899521,0.4146879957770056,2.383531051818751,0.2
4.959986049872294,2.118382750244161,1688.9661234210766,0.5815811867994498,0.0856538964432412,2.07489629791363,-0.1004449123480586,0.0844320170050984,0.463745176808248,0.481951797304535,2.5071123293668327,0.2
5.270741959925577,1.246788207560517,1687.1130496327423,0.5904768502483023,0.1034342568303303,2.135265745934419,-0.1060704113811762,-0.0433425542176126,0.4540919827555165,0.4683257818864075,2.748392883426225,0.2
5.0782174117755705,3.3304584457641786,1689.2896051917464,0.6192384954735273,0.0650549524701771,1.8564261074662545,-0.1086564665910203,0.1393701206048231,0.50885607055893,0.5386694336920587,2.5459186486228185,0.2
5.38908464176819,3.1341187798417613,1687.9562065919515,0.6579003963950567,0.074650806017637,1.7867518568101146,-0.1262045844831635,0.0728183534483308,0.5403755911034492,0.5596748066546289,2.8988196256645797,0.2
4.145781114839879,-0.0131737041724941,1691.8687839762486,0.4970708434489569,0.0859342584813512,2.4293070744909726,-0.074724953654091,0.1469660514263832,0.3771798811987886,0.411640014759985,1.881841553288753,0.2
4.350070815677106,-1.8463274870345348,1691.3005685155194,0.4096110721969481,0.1631651773064852,3.623942793124888,-0.053480138523448,0.0770652538090472,0.259509363984795,0.275942545753519,1.6593684814104337,0.2
4.651601728457157,-0.8063751629610408,1689.3738910644302,0.4802187629390636,0.1340146440958083,2.8449010873744767,-0.0685100634235961,0.02959419204827,0.3434924628944814,0.3515060697322477,2.089226773015355,0.2
4.522600261560677,2.254983078952597,1690.823424596425,0.5525936219917404,0.0736486571327356,2.122249799016803,-0.0878145478581097,0.1481976748796965,0.4385814307087007,0.471198065592128,2.178566447716287,0.2
4.645690624012056,0.9544028169625576,1689.725589223355,0.5027455047163245,0.0966000393056365,2.465391854237548,-0.0820660658743212,0.0672946364406786,0.3914845441245801,0.4056150336836664,2.1189013365795493,0.2
4.731583272634327,-3.26534624618547,1690.2136624970742,0.4062104478973891,0.2044122406984412,4.1642085309398285,-0.0405788105005293,0.0124510670938514,0.2363606434931905,0.2401416721977436,1.7849778354803076,0.2
5.340573974786944,-5.46231744532117,1690.16170653,0.3769731745618561,0.2963238738594193,6.512075562489311,-0.0208821775355323,-0.0070815492968112,0.1519694957563951,0.1535608717073515,1.6461053551628766,0.2
5.208939707660584,-4.211157151069868,1688.5789022338513,0.3964715545931663,0.2260260057123888,4.603081127652196,-0.0267999325725508,-0.0421821031898005,0.2114194112040179,0.2172457908666169,1.8303200793554,0.2
5.137614959807776,-0.1303053367488282,1687.1186561578104,0.5235438035149631,0.1283185958015109,2.569485358557946,-0.0814545665611882,-0.056443982689232,0.3763543964725221,0.3891829920997187,2.4612360939936355,0.2
5.020620004752007,-1.6627261655104906,1687.6259391933766,0.4695980604466486,0.1551043568585491,3.087137701723084,-0.0599514434693298,-0.0542186951451078,0.3136771214137948,0.3239246501514495,2.176490200778761,0.2
4.932872966418783,-2.531644307770059,1688.4385046221794,0.4320703675168686,0.1792150480191787,3.607460086432708,-0.0414287686187371,-0.0533416743575186,0.2688494317251945,0.277203344192469,1.9486070998000815,0.2
5.203458512583757,-2.7907481540625976,1687.1653944923285,0.4492739528959479,0.1711867956409044,3.3846168656097224,-0.0420634088225127,-0.0920497049623332,0.2775803189908343,0.295454416173588,2.0681191810982416,0.2
3.736151537546753,16.76126145636897,1707.301247215555,0.5995098951737765,0.0384288549860966,1.8069036593159695,0.0271458658611329,0.290067410894551,0.4705443820100156,0.5534329375250504,1.6953926450741486,0.2
4.184119053910647,17.640154644594553,1706.0595393828323,0.6208032497956565,0.0350644899243937,1.73230079761204,0.0302184384281552,0.3181007290932544,0.4807659566544061,0.5772669512006751,1.780192950374305,0.2
3.7317182761853576,15.881963279341772,1705.4897250195363,0.6540653506105477,0.034603275725603,1.6425762511446242,0.0169652725967112,0.3424227236800115,0.5030864590109733,0.6087997432710677,1.7903561101203629,0.2
3.3316991768444013,14.902902739772136,1706.8558263701034,0.6437241767068694,0.0367123707460775,1.676561465752727,0.0180987369910604,0.3225346392454023,0.5014050819004257,0.5964588954399171,1.733883878069545,0.2
2.8582520621278493,12.981796252630708,1707.0537395764047,0.6864098462302862,0.0355659647290227,1.5684203223937343,0.0140668792627472,0.3603444203777447,0.5258018830996911,0.6375841894689256,1.7369673072168368,0.2
4.213954972466462,16.74377489360153,1704.313523009999,0.6487582223398021,0.0319478391297768,1.6466180607283598,0.0074502714782305,0.3333790633357719,0.5075654764999912,0.607305375696938,1.76160728983532,0.2
3.2600420713137024,13.802155114914042,1705.4643003623185,0.6923172103194133,0.0342226325647719,1.5505525677465006,0.0064983591343374,0.3636683045481883,0.532578270725406,0.6449313753053548,1.7744746304592618,0.2
2.9345579987584145,12.02416422378023,1705.0646715955188,0.7356581159239808,0.0327935138419455,1.454739095217682,-0.0010205619467777,0.3994131203213852,0.5594627292036518,0.6874084867089955,1.7796126527446876,0.2
3.689555072892062,14.83041647760296,1704.0679011242669,0.6913454927593864,0.0318671556236149,1.544919148519168,0.0009354861587095,0.3695471069141873,0.5314220784897519,0.6472830639444902,1.830357655719087,0.2
3.318173191612919,13.135034813183474,1704.1006713558254,0.7193653503149295,0.0321791384229641,1.4857334614736446,-0.0057308024861339,0.3887470864946148,0.5494212508488039,0.6730682359459931,1.8050248607306645,0.2
4.101706825693388,15.407301919656062,1702.8348519582412,0.7062167992012155,0.0294209424971174,1.5045248475223243,-0.0086304416640917,0.3875679050415441,0.5398997796335042,0.6646616715216209,1.8862615692434228,0.2
2.403921715416344,10.971981963477896,1707.0249478555972,0.6926536661572252,0.0363699319508304,1.556977273282772,0.0111148609774523,0.3894875893902638,0.5105749709876769,0.6422701327499621,1.6154691645910808,0.2
3.6248153042100575,13.435353513121724,1702.6257776336745,0.7438700258569775,0.0299001927435576,1.429824952924418,-0.0144984626690448,0.4129046304310361,0.5643055675289186,0.6993863115584198,1.909535838086389,0.2
2.5800326121785817,10.251824353033712,1704.9024353145337,0.7360855568003395,0.0335568419230842,1.4562736150640068,-0.0087811193883738,0.4119104093440699,0.5493521816578713,0.6866841434575106,1.6520949076686395,0.2
3.15811152060107,11.504324402496025,1703.1001305562795,0.7630808460508302,0.0307892067460802,1.396469510776403,-0.0187057126745594,0.4236900054887867,0.5769956383041996,0.7160915381847646,1.8272683395281812,0.2
2.7760398811200737,9.450000963156135,1702.9423949286947,0.7690713050554013,0.0316295671682157,1.3880781740145345,-0.0276853099094821,0.432751534006128,0.5752958883446928,0.720420520054607,1.694811129866487,0.2
3.315687085150232,10.332408625579273,1701.094678344366,0.7939947450025742,0.0291947874589474,1.3375533509743434,-0.0366550829610723,0.4516581486476647,0.5946574769750181,0.7476337293548314,1.8512347417675112,0.2
4.067027692215642,13.989643338923376,1701.2471312167108,0.7557699684203102,0.027640931465487,1.4005806313365217,-0.0259337407870467,0.4252174839114472,0.572973539131273,0.7139895966187519,1.9596018560274344,0.2
3.643497393841338,12.047253410024329,1701.0531710033704,0.7924142421794433,0.0276051079285026,1.33571111136398,-0.0321488127663193,0.4501345776087622,0.5973645617650475,0.748664880820551,1.9760252405167755,0.2
4.106347161759995,12.580620301343975,1699.640123476113,0.7951418066937712,0.0259619043886568,1.3265150185954873,-0.0432552034302854,0.4635409091885271,0.5929217464287964,0.7538550155721561,2.008275528619795,0.2
3.7490646501694247,10.853664222617528,1699.4977352197393,0.8131277148222981,0.0269710314503263,1.2999405835793263,-0.0474140205348548,0.4718012127910062,0.6057438361144138,0.7692659284830896,1.994082679749885,0.2
3.018882459044008,8.597130204418702,1700.9620620925652,0.7838028412220872,0.0306698351765991,1.3592041841632418,-0.0445720158513051,0.4425589330184795,0.5860423724286422,0.7357246333196241,1.708779716873136,0.2
3.260878561578394,7.661280791579628,1699.1261764846197,0.7906919844972827,0.029599232124742,1.344295194342329,-0.0589623159768752,0.4463788006088071,0.5921428579699006,0.7438842333206667,1.7523667925764794,0.2
4.209187867510124,11.190265494985178,1698.019002899219,0.8136284853538874,0.0256950629753832,1.2956455690820523,-0.0589883774372725,0.4760029144022893,0.6046830226164646,0.7718160150144199,2.025417976523697,0.2
3.4842012363914083,9.304225328102074,1699.428342038368,0.7912819754151852,0.0293306666032804,1.3425263815498714,-0.0502537537953787,0.4541162656765338,0.5882821027204168,0.7448643197950092,1.8285866458581712,0.2
3.635130678244996,8.467971473223463,1698.1337109719286,0.8023968470650569,0.0285615458076971,1.3217696841679332,-0.0625059457115983,0.4577968688703789,0.5990828607360249,0.7565614584582561,1.8689360154382173,0.2
3.893553799503207,9.609228134034982,1697.9138927060392,0.8125230052213537,0.0273725086588918,1.3020131140887092,-0.0609577789630034,0.4721453173520026,0.6027027211971133,0.768041419229413,1.9818874952992624,0.2
3.548706602267699,7.20706203577689,1697.5844692407911,0.7816996298337706,0.0298462422908447,1.3604738122743638,-0.0697704751815385,0.437091546912925,0.5868253367516081,0.7350380367324059,1.8273318726272327,0.2
3.983479164905974,8.449202833357273,1696.7164543471472,0.8056411508203776,0.0279438159447723,1.314724244748894,-0.0746040777606843,0.4563989118345684,0.6038796416949277,0.7606157747482593,1.975461392194153,0.2
4.369877349191138,9.824832728111408,1696.3806572741414,0.8105019715241275,0.0265269977701216,1.3029288738754952,-0.0761656001861556,0.461877268094449,0.6082161638798398,0.7675016035415281,2.044817102953719,0.2
3.936581360812646,6.936203123357757,1695.8527289353271,0.7836225104711081,0.030140642466122,1.3579857750032538,-0.0802781050683036,0.4296157812157946,0.5926619522763854,0.7363847386380789,1.949810271488969,0.2
4.580656563778439,8.511383054246634,1694.7050840495035,0.7960777842418497,0.0283333067713708,1.331616875466082,-0.0858591036514777,0.4403174756900913,0.6022456290169823,0.7509667520922547,2.0979358846334133,0.2
4.325442727168096,6.757407043070527,1694.2850502932422,0.7420501580383372,0.0323558097376465,1.440858056281357,-0.0851160133554406,0.387322611436502,0.5695746974887899,0.6940308905797793,2.009657035255605,0.2
4.520643923119979,5.772703403342265,1692.9282748803812,0.6731903074560446,0.039064018510866,1.6113561414831576,-0.0866151845177627,0.3234043964555833,0.5225379369475395,0.6205952701924475,2.0580074680613976,0.2
4.822978464198997,7.240994594069677,1693.0001875466978,0.7476167464173586,0.0326129136861461,1.4309164439270294,-0.0926874467910236,0.3914286268274148,0.5714787302440875,0.6988528255749052,2.1569904167203267,0.2
4.836667626405521,4.805458224154095,1691.1741149184254,0.6441661718051189,0.0479635674238003,1.7171121105165197,-0.0983750784785398,0.2527655688575722,0.5153546396775689,0.5823731565781065,2.252178830973114,0.2
5.054866138824102,6.133930003095575,1691.4582093405468,0.6923051913085104,0.0396936425268492,1.5690090296891503,-0.1007520026373368,0.3185998938710196,0.5427262126042783,0.6373449617419464,2.259247518999989,0.2
5.2679152786575925,5.183730951449455,1690.075969908332,0.6587358459632933,0.0505527296371532,1.6888067665515183,-0.112669921681817,0.239222398476929,0.529812110804101,0.5921340557167256,2.482417295068939,0.2
5.750128191775683,3.43446038305332,1686.898403630722,0.7335025955044863,0.0704756250481642,1.587013184889013,-0.1649081825871286,0.0129847731564423,0.6080139427805503,0.6301144877192274,3.451214897406585,0.2
5.116195749470578,4.265120097520172,1689.831016637427,0.6356214655330145,0.0574463152953002,1.7774831317520443,-0.1073157518992682,0.1952229818719873,0.5166066919310569,0.5625932432980737,2.463940934545047,0.2
5.632712844887702,3.790632486354853,1687.686493122475,0.699709989026492,0.071452450533332,1.6674503620302332,-0.1481645832936906,0.0894411587405614,0.5742031153054102,0.5997180022693045,3.1381535097982978,0.2
5.302721233603256,3.839647932868839,1688.8547552605069,0.6307715642328044,0.070757445838395,1.846694803925796,-0.1158202533041559,0.1314794639579059,0.5123765487892354,0.5415079946475997,2.647783728041219,0.2
5.470287881219348,4.362954753549733,1688.7594963530337,0.6711503999963124,0.0632439810361585,1.7057337879384724,-0.1256166963464239,0.1793979313135374,0.5438154246297576,0.5862579536567585,2.7943002134096,0.2
3.667271818969976,-2.04924827669241,1704.8003552081514,0.6277067315198702,0.0874683834302557,1.9308830921502596,-0.1065993509669459,0.3790754327453571,0.3363873798508553,0.517897745371205,1.0893233857853393,0.15
6.33596122412648,-5.934781876454721,1707.406784981359,0.5406467234033585,0.2050598696499475,3.13561375715562,-0.1572870577052451,0.2380057881637378,0.1425551501367983,0.3189168301478307,1.0793274835649591,0.3
3.856092773434807,-2.9353266075584448,1703.0998257322776,0.5699414145298038,0.1026485175105527,2.207826545559717,-0.1010895960664995,0.3242918734346958,0.299608081189174,0.4529341319911003,1.0937410303429227,0.15
4.5159297029801335,-4.087658261824863,1704.8738085283728,0.5562729906587842,0.1385931616309013,2.4870565763410872,-0.1103630875888849,0.3013812239075067,0.24219632712764,0.4020817256482287,1.0432699548576712,0.15
5.258392868450505,-5.707808247400421,1704.0512514881293,0.4921010657628581,0.1898433328126164,3.275929730412429,-0.11352780975977,0.2320492309977542,0.1626232980821264,0.3052568529527351,0.9874533753800784,0.15
5.612863043768509,-5.7253302986841,1705.6966927540934,0.527682139000208,0.1935763140136745,3.0922548367877654,-0.1316386643327326,0.2464248669827704,0.1628687859480063,0.3233886121231845,0.9983002783916906,0.15
3.5619843563828986,-1.0934565957471447,1706.8552692714527,0.6971502502578643,0.0763736573880461,1.693014425059216,-0.1095530250081615,0.4488062193109174,0.3680396832320889,0.5906624215354948,1.0954508096542754,0.15
5.0372136346042415,-4.263457349521741,1707.115385700543,0.581306876127354,0.1445368824139056,2.4197472148199264,-0.1328598903512967,0.3204243978357938,0.2246452690350775,0.4132663089249256,1.0169724880092488,0.15
4.164173862194258,-2.857190557319737,1706.2379400754623,0.6203545055800526,0.1039369957560695,2.0350064315411327,-0.1185598333791617,0.376500916255472,0.292683348658487,0.4913989383525874,1.0502335557354203,0.15
4.594848564778828,-4.764087092889406,1702.8375896836912,0.5030798140680177,0.1603008730419147,2.925759890850449,-0.0985181169554257,0.2469814436979208,0.214745917022091,0.3417915472582829,1.044659848271931,0.15
6.960693360135358,-7.176250724063198,1705.989013372313,0.5096859553839563,0.229475436631945,3.626274140811797,-0.1695541504848995,0.1966674254357356,0.0928424841075617,0.2757651410701494,1.1003601027330756,0.3
8.659900908815837,-8.410972709761142,1706.1421020090306,0.5046627923186866,0.2453312369027801,3.890389093352627,-0.2105248252867191,0.1460745108641458,0.0203223522050605,0.2570436982019781,1.2343673183901336,0.3
7.63617070583594,-8.280555839620739,1704.5877162685108,0.486091439277384,0.2416112300299393,3.9808736825885056,-0.1817514036011477,0.1668655332137507,0.0471628342562255,0.2512011381757194,1.0858998131619677,0.3
9.288318159018688,-9.42270132271919,1704.5743232205773,0.4762718372596005,0.2445191895097219,4.109195627941149,-0.2114421714580592,0.1157800959244407,-0.0333110624064597,0.243356629993553,1.1838822253176584,0.3
6.152219860122504,-6.89435163562875,1704.3212524890382,0.4890482540321791,0.2238065286736743,3.701731231357489,-0.136879544519706,0.2002877941838942,0.1188549545158604,0.2701438698544526,0.9796873075299092,0.15
5.560989776669497,-6.56586019175149,1702.5073680051275,0.4535205580415339,0.22554267050164,4.016966340780985,-0.1040460801754742,0.185073298105166,0.1299824746768595,0.2489440824653707,0.9922674303909906,0.15
6.570541932429942,-7.80993295908677,1702.754223390128,0.4555373311413119,0.2455704426147731,4.31398339236468,-0.1390886132859346,0.1678894071787736,0.0787448335133654,0.231804323069463,0.9701852634794534,0.15
6.060886929410756,-7.645346507206302,1700.4446014653088,0.4335917129018371,0.2608131236151156,4.8211615466530215,-0.1064612451987066,0.1517141990472767,0.0931203684892654,0.2074188948707239,1.0301714162567157,0.2
8.188602069673248,-9.123323364670512,1703.276014058165,0.4628165528498622,0.2464586513505233,4.261007757957233,-0.1843757124403941,0.1444063164725467,0.015167592479082,0.2346862659737116,1.0512714075255776,0.3
9.952864350333286,-10.33755025431465,1702.960410065769,0.4514530228707864,0.2404744056535458,4.267536503768213,-0.2002970581529195,0.0901583145166841,-0.0816199526830711,0.2343272281600884,1.1510213928740995,0.3
7.337568599643772,-8.795008725850924,1701.8116597027845,0.4355117398640331,0.2513829525477064,4.617843742393159,-0.1526501164597966,0.1495411321270819,0.0350692333101631,0.2165512857916145,0.9460021571044732,0.15
4.112029527382597,-3.867863402306222,1701.2694908292044,0.5026982169872453,0.1349280837106317,2.724483825888242,-0.0915819702474889,0.2587253008866219,0.2437084184278768,0.3670420027815646,1.10226426093337,0.2
4.983247175799606,-5.827860178654789,1701.2035183290377,0.4521459253955761,0.2129563373409431,3.8525068527499897,-0.0883978854681821,0.1892611153921257,0.1540885305834118,0.2595712449638296,1.043554099389499,0.15
5.179742525949577,-6.359522046810627,1699.8252945862134,0.4218494063561199,0.2343274999963176,4.461346546847851,-0.084167419339023,0.1632589702096718,0.1284697963355886,0.2241475728233993,1.0665235010898102,0.2
4.500471149264096,-4.978099650877297,1699.2060635048783,0.4477916973497661,0.1809155139848678,3.499357220097117,-0.0815267928300313,0.1993818397058957,0.1877842093245407,0.2857667671813874,1.1479140203135176,0.2
4.610684692784631,-5.225473860549468,1697.3948003649796,0.4132918883186052,0.2128242163353139,4.2127463209918,-0.0659033750057752,0.1523044130623314,0.1697260363152981,0.2373748438203067,1.219002262973225,0.2
5.417294636531425,-6.878755169518963,1698.4101201614608,0.4088121264750995,0.2576409203740483,5.0464612185481394,-0.0804898622836046,0.142419526179805,0.111825380526878,0.1981586614248665,1.1317728439108476,0.2
6.614675282904981,-8.532990432060716,1698.614357063999,0.4077672748443304,0.2951319877202768,5.985266352080675,-0.1060923762318959,0.1238596639472086,0.0363028366282736,0.1670769421401551,1.059803077088803,0.2
7.732462259573436,-9.432893119478766,1700.2611288731478,0.4367044702878647,0.2735619680648741,5.056301881543837,-0.1499450719502771,0.1289563767873109,0.0009425694081784,0.1977730015785115,0.9905218683777964,0.2
8.340534249133645,-9.572096039122684,1701.9990465038288,0.4460628652676524,0.2560329712325025,4.594548048075909,-0.1766282632321541,0.12703243806931,-0.0060347596078614,0.2176492637657314,1.0261878362481769,0.3
9.06276031854768,-10.245397574701576,1701.2153672340808,0.4401421947243988,0.2558585880313816,4.653026733172927,-0.1786715083419273,0.1028229416385992,-0.060761072407723,0.2149138737739626,1.05959222750471,0.3
10.657040133998343,-11.13436651110324,1701.3012349600008,0.4478220850158102,0.2315027418106799,4.158384482176221,-0.186101608914499,0.064175976011435,-0.1381206199459067,0.2404780039667392,1.1296565172920652,0.3
9.224224093629822,-10.56122190653845,1700.044622981182,0.4441561554677412,0.2566381158996731,4.625745766563382,-0.1740414503221246,0.0992579431693218,-0.0811899851383041,0.2161813576587744,1.0390612350389878,0.3
8.076501822770792,-9.928479829094774,1698.5451600310455,0.424992496190602,0.2898170664004961,5.597463791396742,-0.1378261993338354,0.1089329854025012,-0.032468473558297,0.1786523392142334,1.0428170301451998,0.2
5.999447895148838,-7.823717854021774,1696.834814764671,0.3849695628457319,0.3155725967557509,7.04235897760455,-0.0759487848729023,0.106907895191184,0.0544598947038132,0.1419978736074242,1.1487154103420554,0.2
7.17468556031297,-9.216232323631768,1696.9174737178705,0.3988319278090459,0.3174793180221389,6.868596492996964,-0.1030928462910188,0.1025253581371834,-0.0075437408723458,0.1455901509165042,1.1198496058509826,0.2
5.239878844489274,-6.566008342670625,1696.6010083029678,0.3837711999644349,0.284825092560709,6.054886399856921,-0.0592119427512282,0.1094618683017647,0.1085748816315616,0.1651558648604258,1.1773819429459014,0.2
5.57154729603939,-7.097315554630755,1695.3390385427244,0.3747241987548746,0.3302295998833293,7.859524868987693,-0.0536547123804806,0.0859866875676378,0.0769154823427002,0.1272341543120278,1.220293158031641,0.2
4.837289150525501,-5.622877987628748,1695.6274885009284,0.3926183726551832,0.2649083811503107,5.417042453089303,-0.0522225203023702,0.1053039277498406,0.1423446621525116,0.1846025776352752,1.2834725542966456,0.2
6.484461528194234,-8.42144223028238,1695.226901881452,0.3789604829928792,0.3389569699864521,8.192833820346744,-0.0756338681969543,0.0908621309640863,0.0303598315937222,0.1220578888731417,1.2151588221872245,0.2
5.963514138788897,-7.536049488654338,1693.5146707890708,0.3634182896726087,0.3407545267465118,8.639649585472789,-0.0541386201649677,0.0705287793071107,0.0741060512531399,0.1157454350557756,1.2872503588445263,0.2
5.183848820065463,-6.133415939852806,1693.7484696010522,0.3777562321738467,0.3136819503534442,7.104007919505881,-0.0425956760560153,0.0714127999605001,0.1135815874844552,0.1407656088409252,1.3508154077130508,0.2
5.58807914457069,-6.554163956446522,1691.8138753904964,0.3735233235741167,0.3334709066476475,8.038262073354943,-0.0345859678947315,0.0366260259033689,0.1137495023535772,0.12440500084151,1.480405254683954,0.2
4.970421104081888,16.943838459321228,1702.4234899425696,0.7081999993533925,0.0286183821991897,1.497757281813117,-0.0048817392846851,0.382672890261504,0.5470960399016246,0.6676649228434699,1.9389492138317823,0.2
5.322291717972835,18.41359490974024,1703.8331785562602,0.663551693889289,0.0312867655447821,1.6076371217081469,0.016004359966624,0.3366669344079251,0.5228017816000851,0.6220309213421745,1.8766369694876053,0.2
4.843293147033665,15.502520041900729,1700.8327209737,0.7574433810532731,0.0265219871037054,1.3941837394808227,-0.0234881255713321,0.4243753789518655,0.5777748256694307,0.7172655738851093,2.033461318782453,0.2
5.973556728051643,17.077950417683375,1700.7435497394642,0.7765416610283535,0.0258836483460858,1.35806422894201,-0.0321103307801388,0.4207324105258358,0.6034509082229438,0.736342198468067,2.112878747332559,0.2
6.262244414209251,18.51079510570278,1702.2551107088243,0.7216213153643884,0.0280986770988315,1.468281938546769,-0.013734466029199,0.3765013987714282,0.5673727409219106,0.6810681067082724,2.012544356155716,0.2
6.897282507788221,19.867363201029686,1703.3222216212473,0.6814832768130917,0.0306304850060435,1.5631473622674694,-0.0010944775012946,0.3350414600045766,0.5449833288650855,0.639734950228506,1.957291108161176,0.2
7.36429873526031,18.56812019342621,1700.7689566342922,0.7937058838979858,0.0256039146154045,1.3279120376517548,-0.0474543854035052,0.4162217359397253,0.625787356893242,0.7530619285358494,2.2128388262211454,0.2
7.4981378058746895,19.54305385268064,1701.9678051600322,0.7332458420334352,0.0278252741908789,1.444167803714354,-0.0301437159553825,0.3698298340098018,0.5846287980857755,0.6924403088256307,2.075114211349309,0.2
8.668856611127648,21.0849987070029,1702.7813626399986,0.7057976989818979,0.0293466075848209,1.5051804636601285,-0.0282108238060079,0.3420172278295722,0.5688749739184685,0.6643721627693152,2.081898960615452,0.2
8.564098098403484,19.84473207242448,1701.07651038518,0.7694248557164657,0.0263938051794667,1.372102065800493,-0.0522116794859233,0.3936524339815911,0.6111251139551412,0.7288087562324262,2.197552341300975,0.2
5.750981883240589,15.64684243537308,1699.31306720743,0.8103531260046508,0.0246302389044576,1.2979684626331107,-0.0569190304864945,0.4456087303305514,0.6259095604896786,0.7704347438237136,2.15504468621489,0.2
4.711240493014063,13.99079648315072,1699.3900689060893,0.7991960129129063,0.0250987040982961,1.3173869016387427,-0.0466342262267866,0.4508807669309271,0.608877547413766,0.7590784444236282,2.0821827387737377,0.2
5.552771688188083,14.437146298216588,1698.2428973928045,0.820700308387079,0.0242531648547622,1.2805882122585797,-0.0591779322214981,0.4654044830828225,0.6242496499655044,0.7808911486357469,2.1356532750625585,0.2
8.532501651003452,18.571863238368127,1699.3926552819928,0.839735160576957,0.0240485997294612,1.2510223181335864,-0.0796461486646223,0.4415228729354627,0.6615651689523895,0.7993462510660168,2.322020760451942,0.2
7.097389692645525,17.101034210975886,1699.193043575674,0.8350801792389019,0.0239845383594165,1.2578265836995846,-0.066390181180855,0.4517717221198473,0.6508109405758935,0.7950221540546141,2.26565756414846,0.2
8.556296699903154,17.274922030319605,1697.7270705782971,0.884116334933594,0.0228405713734221,1.1852148377747105,-0.1062277045347855,0.472015321065112,0.6912276412440574,0.8437288904326756,2.381628577755321,0.2
4.942431659748036,12.928243393029712,1697.7652006007847,0.8559509123143414,0.0236628433705122,1.2263281154629146,-0.0694007439244238,0.4905359357000657,0.6476916070419314,0.8154424475724588,2.200406920465219,0.2
5.083953888803045,11.655022118502965,1696.2149380279525,0.86073395786488,0.0239748063749174,1.2203126936035371,-0.0836452567050891,0.4945673578239512,0.6480159947933593,0.8194620979046263,2.2212849197333733,0.2
5.777009143411908,13.08999325932206,1696.422498755449,0.8387014869841511,0.0240162865603708,1.2524791313851589,-0.0917696453237219,0.4692315320385616,0.6394286538745848,0.7984164964841101,2.1434276864623527,0.2
5.202417462624255,10.344918688029786,1694.7490234873171,0.8398793815450543,0.0254737231588567,1.2545639911392388,-0.0935778524030124,0.4810427791840758,0.6286437584906017,0.7970896718404332,2.218284219975016,0.2
6.117263037142308,12.626000262631832,1695.414774035234,0.8481981609143928,0.0241826388458999,1.238888991060938,-0.1029598232848853,0.4726349349740748,0.6461785242568656,0.8071748213240942,2.1917413234605845,0.2
5.917949649921691,11.650518495985931,1694.7269400440332,0.8442615330962243,0.0248471460406488,1.2464063706908712,-0.1131146622441669,0.4654972151592826,0.6435939886754604,0.8023065538775364,2.209367132417046,0.2
6.342774692461308,11.02096270978254,1693.4474038391188,0.8564528503863483,0.0258653187448278,1.2313026713124884,-0.1203441811890584,0.4706505439760667,0.6508377024305697,0.8121479984560297,2.316664749821623,0.2
6.93615490568898,15.495507844308976,1697.4564499780993,0.8703977176720963,0.0231307240326522,1.2046279025761737,-0.0872255393512975,0.4780274846337334,0.6730529936890031,0.830131858859849,2.3034867952268905,0.2
6.95886096120763,14.061048202285734,1695.800037342053,0.8953855391250705,0.0228974685446998,1.170437444923521,-0.1078928922329331,0.4963621249813861,0.6869871661518846,0.8543814146900796,2.330760765696796,0.2
8.621715758986204,15.959369901179622,1696.0765253861398,0.8975803445844465,0.0226591172217192,1.1669924293596237,-0.1203891190956244,0.4867214445049304,0.6949046371664903,0.8569035880967462,2.389560067394982,0.2
8.717005605993515,14.629443818974034,1694.438210745337,0.8987155606255613,0.0231094436558441,1.1666189340978914,-0.129727269991126,0.4916113996168489,0.6901036635286015,0.8571779274037479,2.3949227769205264,0.2
5.963155759214418,13.968295536283495,1697.0733665109335,0.8307712571043766,0.0239919679798719,1.264370227788186,-0.0836171672823538,0.4620349436463934,0.6364484927587782,0.7909075823062842,2.143446435659351,0.2
5.406555966881638,9.178164672350814,1693.2799700767328,0.8178132613565617,0.0278694404855658,1.2949522180811,-0.1070940745658871,0.4441631517897693,0.6225656527706499,0.7722292653251953,2.2793715488823447,0.2
7.125803938294808,12.73548057911588,1694.1492764322566,0.8985408641483311,0.0236948825881291,1.1682799512340698,-0.1252316706898041,0.4946924166891749,0.6872136741828836,0.8559592235950695,2.377190773952376,0.2
8.831334258626796,13.289362071240886,1692.809804057353,0.8877087934670562,0.0245172018840098,1.1845807547893132,-0.1343632977288041,0.4837225288048056,0.6786750129297765,0.844180522059771,2.4461870174038824,0.2
5.653892593523547,7.906209850862593,1691.631356976981,0.7914559979664628,0.0326123269173734,1.35165537431108,-0.116109773744888,0.4038908176733196,0.6088878518785108,0.7398335544736662,2.413646961173678,0.2
6.445467454633087,9.71017201680064,1691.9943883744447,0.8307388941292353,0.0294723837558169,1.2791466627974668,-0.1259210766577395,0.4417874286924491,0.6325614065918153,0.7817711831519156,2.4350502136566194,0.2
5.756130452866966,6.61039339440174,1690.2073901001256,0.784727773804874,0.0366378010055644,1.3750876426875518,-0.1313839594607614,0.3572345506883415,0.6196611410194532,0.7272263737644689,2.616624674073715,0.2
7.461779965298917,11.51697415605646,1692.4365476730618,0.879639396355395,0.0257602884045977,1.198581070915692,-0.1399518539050931,0.4725865362372617,0.673175374831117,0.8343198672710725,2.4628201239664933,0.2
8.954253552785927,11.942978924988514,1691.187100921469,0.8846876381691232,0.0273737760958174,1.1958101364317153,-0.1473075690162746,0.4692313960555168,0.676344377659859,0.836253155525165,2.645887238387049,0.2
6.140321274712641,4.623968744664985,1687.2396691811944,0.7882005983387026,0.0531130851431757,1.419500682613469,-0.191748894170217,0.1531657680777441,0.6603445401522895,0.7044730673597714,3.585878578939643,0.2
5.785518156923938,5.542027347845038,1689.0833702459267,0.7521929524039745,0.0456507275752453,1.4630221703228536,-0.1425379802732014,0.2743613848790253,0.6095931049436554,0.6835166412955479,2.8616166012974755,0.2
5.8794030646620925,4.9449872065540585,1688.2252624509892,0.7263431360052238,0.0553087367497331,1.547995060357841,-0.1515656448242597,0.2029540601031868,0.5942638227989964,0.6459968934066468,3.057162262326289,0.2
9.07120975152862,10.597338738912033,1689.5663364456038,0.9323471118132822,0.0337967085144707,1.1503156784064448,-0.1548963344597346,0.478933669251295,0.7087724436236756,0.869326584668758,3.067772425059611,0.2
7.603418897004534,10.170390904219134,1690.8484735924003,0.8691978889747421,0.0305685706522891,1.2254036747477457,-0.1459594642661557,0.4526194862450221,0.663160211532428,0.8160576148148522,2.651975970273236,0.2
6.69044354838719,7.067388849680853,1688.9567247519713,0.8685960433447538,0.0394853744371447,1.2499963073037623,-0.1671769944325192,0.3782887001795865,0.684801645140147,0.8000023633325738,3.092370255501295,0.2
6.578918231539414,8.39384783838531,1690.4882138812122,0.8409424258729261,0.0336819128650921,1.2750331614063224,-0.1491737673649788,0.4124354241155465,0.6502001465717924,0.7842933268473039,2.6894534999140856,0.2
7.7263846822946896,8.889537141567114,1689.3413195683622,0.9184172748028984,0.0367199971180077,1.1751313319299652,-0.1688603166739641,0.4442764624681405,0.7058699405689803,0.8509687154351165,3.0380974098070297,0.2
8.079584210499803,8.122153290897364,1688.0154277561148,1.000333062889366,0.041191217324042,1.0894157716141857,-0.1850012181128731,0.4365601087301268,0.7859852434803561,0.9179231897095648,3.6250621962013687,0.2
9.150909937757968,9.371036353632084,1688.0716061099986,0.9823983271464252,0.0434309097470885,1.1147458999197817,-0.1667663165606626,0.4689627347555432,0.746317170239177,0.8970654209824509,3.541186008329369,0.2
6.608094629175841,5.230298337769298,1687.0289986996722,0.8768467294077058,0.0458869912024417,1.2556898239666412,-0.2190266956860166,0.2051633324786668,0.7376642020995888,0.7963750130912634,3.801931091057268,0.2
7.217350087787489,6.654211110481737,1687.6363733999983,0.9544743686773512,0.0430380507384924,1.1463723317290282,-0.2139674720670717,0.3369055416463587,0.7756606305889313,0.8723169360618983,3.698010384608312,0.2
6.352128319477929,5.61272312541929,1687.9919338555508,0.8318487840628698,0.0457349239826951,1.3231718984446812,-0.1767607517875979,0.2827707479792886,0.6782101947526614,0.7557597022544442,3.317246519003226,0.2
9.477953712109269,24.230553211144223,1707.5526664189154,0.5555153854208251,0.0415247628291308,1.9631705430331272,-0.016180687531909,0.1855664069083134,0.4741005972870853,0.5093800961657592,1.7915696482080816,0.2
8.113639393042641,23.18434859206378,1707.584482434871,0.5734984589138221,0.0395067523829636,1.8932784113713608,0.0061245310561611,0.2131964738005493,0.483206421888439,0.5281843356971828,1.917331544361504,0.2
9.12127233958444,23.25269640295339,1705.9858653492151,0.5760055854424114,0.037608552804463,1.8772992956765624,-0.0105776956358595,0.2282115364549808,0.4812023578778115,0.5326801124908582,1.8194026168706925,0.2
7.784502987181863,22.20851887726892,1706.0659768310882,0.5971234601428005,0.036064578503642,1.8048800219689327,0.0017576904913856,0.2485533602410656,0.4951700326626944,0.5540534483334277,1.921120298798063,0.2
6.821367568830707,21.955407052515497,1707.3588750020203,0.5741695125862214,0.0385141973740901,1.8869983965654855,0.0239881089292116,0.2340689745517407,0.4748420529498238,0.5299421567183596,1.897823474007698,0.2
8.849239373994545,22.191544108791906,1704.3759211704803,0.6308188963677277,0.0332701696903237,1.6982426789283265,-0.0151932294722701,0.2782023663399117,0.5187579947663207,0.5888439929156937,1.918292491643516,0.2
7.665118294291715,21.359902819277604,1704.6491201366716,0.6278615110030064,0.0333500112036457,1.7065337579209,-0.0009190243151469,0.2880539395082607,0.510294343332199,0.5859831341504299,1.917597577044984,0.2
6.28133082073477,20.635536705786294,1705.738074161756,0.6031840248883548,0.0356118436157058,1.785003361725838,0.0191499677449099,0.2773057327107656,0.4863996893389808,0.5602230345567225,1.848858921043072,0.2
4.981306819942194,19.50631493512412,1706.7087400300554,0.5735142837954124,0.03710441324962,1.8834006904900145,0.0235003885047408,0.2630065515887073,0.4606386068081624,0.5309544618144026,1.6973557981618443,0.2
5.73536512871218,-5.591096383996705,1688.200615731988,0.3852898413007748,0.2712404828169792,5.672875791028159,-0.0123457380799418,-0.0495307773579534,0.1687246850307306,0.1762774361429758,1.808835300575402,0.2
10.78631520500485,-11.557583172964977,1699.1917468556978,0.4562134084745959,0.2378804944372031,4.181216146916183,-0.1723825184992422,0.0697336467612959,-0.150403853048668,0.2391648661209587,1.096179456805681,0.35
9.207918356835512,-10.738116166170949,1698.5180076774698,0.4371915734930501,0.2685301774589796,4.940874729414991,-0.1576667100721796,0.0925328865316593,-0.0868442636741976,0.2023933118657315,1.0166439353012824,0.35
9.778333874899424,-11.158495962769669,1697.587128969399,0.4435768956241792,0.2625631200824069,4.747368135276845,-0.1597187702254032,0.0869800659192005,-0.1062773160184938,0.2106430282010739,1.0438458362127694,0.2
8.628955756553129,-10.432858915144424,1697.200644413227,0.4273588721500295,0.2918732043764145,5.621462036058605,-0.1358577653445755,0.0975703946752314,-0.0605592164189464,0.1778896652837903,1.0994281590946997,0.2
7.800225989862086,-9.788184952761162,1695.5196052044978,0.3989228034645972,0.3244885447294441,7.141273639219302,-0.1040232413081109,0.0910664236328853,-0.0222433116489915,0.1400310435533628,1.194708518684105,0.2
9.553137588650594,-11.071598484856445,1695.8678198014616,0.4349980869381686,0.289378692461826,5.457331719216078,-0.1401835649653227,0.0879584195545071,-0.078668188073437,0.1832397316950426,1.1741909911794977,0.2
10.944843356767011,-11.80634374483905,1697.0564570682393,0.4526199904890371,0.2528079156426284,4.4689110823121565,-0.1630455107538558,0.0742767745887417,-0.1340571169269876,0.2237681577415975,1.072080194831939,0.2
11.133452994468362,-11.91149566709696,1694.9121032060043,0.4485063654149736,0.2782835374922375,5.028094743251232,-0.1481106643621647,0.0729448426754434,-0.1108897004260495,0.1988824895040435,1.1928329388617516,0.2
7.0375286857831085,-8.933815589337227,1693.7572743908152,0.385647581832561,0.3373675581229965,7.972090293857711,-0.086082620369895,0.0881696648640977,0.023462483763543,0.1254376158747818,1.3053444277146775,0.2
9.955973632730707,-11.25915466615034,1694.0506750065986,0.423924842163312,0.3088599273456173,6.170628354359104,-0.1229318609483257,0.0766900762083929,-0.0725892652512319,0.1620580502621863,1.2395670309109663,0.2
8.523788988618453,-10.299280509530671,1694.0679000219811,0.4008206914346754,0.3300681615871052,7.340829135558021,-0.1036010291956431,0.0819853716285958,-0.0332010706533677,0.136224393938844,1.2587823022398656,0.2
6.830843320808804,-8.378646442943959,1691.6336015125682,0.3790743245168415,0.3469119786045869,8.615974889417142,-0.0671557472642128,0.0675563942507183,0.0663096509316243,0.116063476604172,1.4484450516011502,0.2
7.990277884419672,-9.683341334931235,1692.4232975906004,0.3936646172567689,0.3397418281123211,7.925441014413436,-0.09491228915272,0.0830742132621029,0.0032712767695163,0.1261759437968652,1.351090454128622,0.2
11.352115671160847,-11.893877974882145,1692.7657701920916,0.4482998080859723,0.3136704206813842,5.985764799062426,-0.1271820644173081,0.0676224109790686,-0.084628528182511,0.1670630292985508,1.3180900759890828,0.2
9.5815177095247,-10.848399686163688,1692.1010054490523,0.4242371603832295,0.3401821603909873,7.374558778665457,-0.1060214209742238,0.074311673661033,-0.0403107298234214,0.1356013329086198,1.3854579100965954,0.2
8.35339072909878,-9.661196791713474,1690.4998975184133,0.397640703800128,0.3562826126535795,8.749230475230569,-0.0868406558312688,0.0687989732133889,0.0280877896819944,0.1142957661054925,1.4939932671423015,0.2
8.81885832769128,-9.555034812078882,1688.3895765133616,0.3967787104451273,0.3637500773313976,9.248799789060705,-0.071250691708475,0.0409147566698306,0.0702831286779695,0.1081221372293927,1.6831655837407538,0.2
7.3360253663478465,-8.384680281264183,1689.2385280487538,0.3695940797795005,0.3357401723699215,8.235948752251687,-0.0572805484536691,0.0360079666084277,0.1008212237810267,0.1214189196753564,1.6370963523258242,0.2
7.846760277044695,-8.27015941785157,1687.0921980428914,0.3810340989262805,0.2984191928322385,6.50964015305254,-0.0498847718960047,0.0036734964518598,0.1452467002929214,0.1536183224400006,1.852326068539261,0.2
6.105773949947113,-6.9206991636950965,1689.8020293786242,0.3634587175457893,0.3249359683892613,7.858107915933932,-0.0228145666525562,-0.000757967721368,0.1251930099020329,0.1272570968352692,1.604747092593554,0.2
6.632405532643477,-7.022465908044307,1687.6904999762717,0.372131795422957,0.2874751464725343,6.322131144991836,-0.015341096343646,-0.0334718020759191,0.1538293373902302,0.1581745106303535,1.801766853565199,0.2
11.600400552060218,-11.76141820731766,1690.6291691030583,0.4514792202706539,0.3230548603551814,6.25883640693923,-0.13794111977334,0.0707031420304713,-0.0387437551587204,0.1597741073550493,1.4600530496602582,0.2
10.01613759638416,-10.726091245172055,1689.6129689085842,0.4120814771225285,0.349910081921561,8.084169116683544,-0.1043820355663063,0.0628645763581874,0.0213018082138456,0.1236985502859248,1.5498929154745076,0.2
11.87713269985092,-11.53038435461642,1688.507459712024,0.4422548530066093,0.3168923280091835,6.174344478957469,-0.1453631724386385,0.0603359803458856,0.0382142039667242,0.1619605131213619,1.6422377134317323,0.2
10.484621878425427,-10.528330410898905,1687.4041369459924,0.4117051238184077,0.3135504628166694,6.513620062303714,-0.1127997899214068,0.0492205074066713,0.0917785853826675,0.1535244595838959,1.7434330405940757,0.2
12.946651793790144,-10.017246651573329,1707.1523185458702,0.4655484602850415,0.2474056927528476,4.251885405325254,-0.1063125366167793,-0.0590085049793078,-0.2013203275429937,0.2351897816313569,1.3386723105779457,0.3
11.216432707307478,-9.599266968918776,1706.489606338941,0.4749388047237626,0.2574816991148344,4.340980476025724,-0.1972385331680215,0.0369137802660482,-0.113142870763764,0.2303627038920767,1.3784805406851557,0.3
9.964199858128854,-9.240688650594167,1705.9408192730584,0.4907810976150252,0.2516627910434372,4.102422457812271,-0.2189188269243876,0.0892858622141652,-0.0593358861747827,0.2437584159807075,1.32509780200419,0.3
10.62842466841212,-10.020217842342309,1704.874265373709,0.4678863993653238,0.2406324159302335,4.120158149035055,-0.2110274723583498,0.0646931013571501,-0.1009451848976783,0.2427091300449719,1.2785552867302388,0.3
12.11135414272884,-10.541285920336394,1705.2620321197217,0.4410489303976942,0.2300108571609848,4.198913529392812,-0.168726813521624,0.0016809665744523,-0.1680687946370221,0.2381568453362758,1.286848967738574,0.3
11.341165337725617,-10.920556473502126,1703.3103926171138,0.4397595518326374,0.2269978771528056,4.164747717763639,-0.1888709559744684,0.040275076076187,-0.1426841687425302,0.2401105823852816,1.1983503336335584,0.3
9.168629881629649,8.411297711630555,1686.8528495217918,1.086035811312443,0.0471136290538998,1.0165684032851512,-0.1732610606845864,0.4519628236456056,0.8563755699565799,0.983701634605592,4.199202240383142,0.2
9.725928898458072,20.89413292546617,1701.2916132856722,0.7460852625812486,0.027127360067704,1.4172202727211969,-0.0559843569585369,0.3768274292048357,0.5939255308198255,0.7056066154627505,2.194467134564283,0.2
10.312468731619184,21.99518646871105,1702.2983888501767,0.7243181293288158,0.0280784936473175,1.462752602287761,-0.0638529606157756,0.3513628632783676,0.5829529565662662,0.6836426053428236,2.2020740015549136,0.2
13.164461776258191,22.28463150682058,1700.561989570254,0.7687017267223267,0.0268416087080369,1.3746926199700809,-0.1265188528535989,0.3881510002566506,0.602074714412257,0.7274353447985806,2.2742454809673807,0.2
12.055193826398472,22.74832494810315,1701.9011531199978,0.7270674939030385,0.0282184155101937,1.4576534715267744,-0.0903865439607484,0.3549095127282188,0.5800968096973915,0.6860341086092161,2.2609649744717277,0.2
13.9716851211021,23.35172104248776,1701.6841730114895,0.7297035891574223,0.0287872687703312,1.4541409548977025,-0.129586307115176,0.3513390041801635,0.576790722983447,0.6876912424699221,2.2607754306410013,0.2
14.67379150301024,22.783786153390803,1700.5955089681695,0.7543357656736855,0.0275499475828472,1.4029732908627806,-0.1456066831391467,0.3787323192244322,0.5860071402694433,0.7127719440653316,2.2355299050602766,0.2
15.95138146489956,23.75797480450344,1701.677192659998,0.7400959802167406,0.0296997933793369,1.436503833872938,-0.1697398214891976,0.3534437474988345,0.5752123699568585,0.6961345848301106,2.289996873777088,0.2
16.02186105047617,22.56583840356004,1699.930611143148,0.787049315873298,0.0275302864013799,1.3446030254941272,-0.1637607897766844,0.4093043319599691,0.5989680933289018,0.7437139297172939,2.281592907423747,0.2
11.285226454911689,21.38959927705412,1700.5728854514027,0.7897313010593535,0.0257431985398519,1.334987147973932,-0.0933843404486819,0.403093446253855,0.6244215117747535,0.7490708817067404,2.31988482998304,0.2
9.900078574344391,19.93551992458445,1699.8053737271437,0.8019877908276716,0.0252158677518758,1.3131249450212237,-0.0811645554188296,0.4169696943795697,0.6320562018306017,0.7615421546834124,2.2731956470861103,0.2
12.906746825608774,21.02129404305844,1699.014419407158,0.814721407094113,0.0252038245092374,1.2925687877421543,-0.1270778685766129,0.4293130392422046,0.630936469729649,0.773653216357475,2.277934588395164,0.2
14.472109555507355,21.76077684551241,1699.2713805281387,0.7990951885028561,0.0263723049139843,1.3210960652748922,-0.1443618779856836,0.4213477126156668,0.6120415460097581,0.7569472245698659,2.2561991785026527,0.2
16.055626094987858,21.303846803010902,1698.2327027676408,0.8332373258050569,0.0258981021178927,1.2656965434345635,-0.1660752606395418,0.4548489192313854,0.6243043896573582,0.7900787951007784,2.2778492304155917,0.2
11.34179724774886,20.04080232443669,1698.7458018593336,0.8518491679170891,0.0238768587731911,1.232786899540344,-0.1134461472339093,0.451653595956403,0.6641807734020542,0.8111702033602556,2.3824580178330512,0.2
12.89894075983803,19.70459615106196,1697.3422001934746,0.8746614458733056,0.023939647905749,1.2007926118315104,-0.1388647929689873,0.4755235315506727,0.6694190899261656,0.832783271771425,2.3691817739344145,0.2
9.865157409399014,18.6178640463294,1698.1313725443665,0.8486200974723063,0.0239130540399817,1.237571838009976,-0.1046055808589925,0.4505377480202868,0.6625648611129418,0.8080339009717665,2.3213641544172723,0.2
9.93904990232101,17.317157640693434,1696.4589288007712,0.8844771799355696,0.023234231449058,1.185709518349188,-0.1237206157831765,0.4767571790095156,0.6846023455283353,0.8433768849155032,2.37116658940133,0.2
14.435243595707474,20.56547677921205,1697.735913341313,0.8413885360322313,0.0250398448797725,1.2511697511612725,-0.1457876941018177,0.4600681138521763,0.6370927192875808,0.7992520591804994,2.27313788375189,0.2
14.40378735941359,19.24973002427093,1696.1098514871255,0.8827562018028476,0.0242174563406605,1.190476215632608,-0.1545058110373775,0.4941903403197394,0.6614407245322325,0.8399999822496321,2.3527463184287423,0.2
16.054156092772683,19.99336151071357,1696.5713257030188,0.8705110129753612,0.0248974829036914,1.2089501770586546,-0.1677451147111411,0.4915996517844282,0.6437325172952592,0.8271639468493027,2.303872979896954,0.2
11.36179960075425,18.65107980221088,1696.9812749283233,0.8914783943217383,0.0231935848237944,1.1762972783966572,-0.1230480976988362,0.4856595297777576,0.6868092177924673,0.8501252348071757,2.4145473964596675,0.2
11.418433341601656,17.26677112170642,1695.2594732832672,0.9138117996340246,0.0229864584298196,1.147050489734628,-0.1393898650098925,0.5025819084037833,0.698583733860579,0.8718012057440923,2.466812206259981,0.2
12.866181182867546,18.423494931258315,1695.7836726494354,0.9035523980418216,0.0233472072807339,1.1609526830703247,-0.1432707739790499,0.5017717934798911,0.685304507939351,0.8613615477896484,2.422791144730738,0.2
14.312687034336886,17.92515906055656,1694.5412356809404,0.8888121824140537,0.0241424268460931,1.1821784011480725,-0.1498377237380649,0.506976788630008,0.6603508632560594,0.8458960162263582,2.386150757967129,0.2
12.789155272246257,17.308091286704695,1694.4835787259408,0.8958316085492022,0.0235810156026742,1.1715330995897493,-0.1432530213390207,0.5033691301323036,0.6743151737476849,0.8535823702720672,2.4409724872022114,0.2
11.896939764202992,16.277351579941886,1693.7745352896693,0.9113231938162404,0.0233808057052692,1.151134453742828,-0.1421177654420921,0.5114073791704746,0.6876911092088407,0.8687082527575946,2.5086475994394988,0.2
10.221768739646537,16.161850279006014,1694.840633483002,0.8967595201256842,0.0231291069493485,1.1692118098581512,-0.1375503937684712,0.4899594149779162,0.6873997765377786,0.8552770264280173,2.411108746705643,0.2
16.017079260580413,18.648884759660213,1694.9360106779557,0.9006416230183258,0.0244124435059657,1.167313497886417,-0.1659011976218774,0.5205063333764253,0.6598710754471457,0.8566678975362134,2.377916123868085,0.2
15.942298758732424,17.28231460975608,1693.3185531692816,0.8952422276752522,0.025046767138659,1.1759222204861186,-0.1663751604906376,0.5212547179513045,0.6509891157915592,0.8503963804566994,2.46002083441307,0.2
13.748206546661544,16.578536163802852,1693.1646488408987,0.8846351496272068,0.0244370223001569,1.188496139114803,-0.147687826219268,0.5054112347738136,0.6562780107218518,0.8413994518693214,2.4472018053580267,0.2
12.31200276236124,15.528148192656424,1692.6486601251252,0.875436161240951,0.0243887238428722,1.2008627675161372,-0.1469361306267888,0.4889895543374712,0.6578342770677207,0.8327346196838116,2.4946334337084606,0.2
10.608444196982356,14.95186606454693,1693.1208784053522,0.8979022590618562,0.0237508858618725,1.1692483325990783,-0.1402490700048826,0.4956654933055558,0.6827144435564036,0.8552503109216649,2.4865321737035013,0.2
11.87241103258313,14.624620922465478,1691.8618981880086,0.8662905941370673,0.0250711146988144,1.215284114326988,-0.1483750732593561,0.4818027371069215,0.6503366642913372,0.8228528524408383,2.517442770787493,0.2
15.825666795525702,15.905807765124752,1691.7128432943616,0.864559581337764,0.027290086996861,1.2234334949834027,-0.1567616766547065,0.5002303346648849,0.6271299687520373,0.8173717689604093,2.5340294037794746,0.2
10.608610685617936,13.42662971063966,1691.367326845202,0.8708858719904498,0.0262183870994976,1.211798908617392,-0.1362414202095373,0.4806118234872394,0.6568391369797157,0.8252194261677913,2.578091206979732,0.2
10.261117329214596,12.093152912847136,1690.1255940476708,0.8793840474556534,0.0313170051170365,1.2131436377746745,-0.1355504595500142,0.4758678851035134,0.659282992373776,0.8243046980276353,2.785914498945297,0.2
13.590159004492344,15.083928219314416,1691.4771014221612,0.8692898669061707,0.0257679084572742,1.212870540477758,-0.1510880576798922,0.4910080872683155,0.6448780641296052,0.8244903034796222,2.5907254484082483,0.2
12.398027855351131,13.983253253937889,1690.8017031133684,0.8507829054766014,0.0271918608145545,1.2429861943767004,-0.1357084562360081,0.4772214844392154,0.6333134382157771,0.8045141647783572,2.622450093012445,0.2
10.730911633053934,11.447230020352004,1688.9929540440903,0.9113929563880684,0.0421736066220353,1.1982943473278205,-0.1385264448055024,0.4693526675212076,0.6759743294229299,0.8345195003464598,3.091259533779469,0.2
9.82491850288562,10.443725016052692,1688.6181523755113,0.9085937468220464,0.0440065970717561,1.2068177833728744,-0.1641707362419494,0.4398256237793054,0.6828042356124202,0.8286255089854163,3.2057436251258444,0.2
10.35291998093748,10.222835502536508,1687.8610415946528,1.0017688411000576,0.0492700041889749,1.107352840338507,-0.1357154770670808,0.502662004184131,0.7378480229585495,0.9030545311052888,3.634856368807348,0.2
15.65943957598763,14.530938304241676,1690.1099083229212,0.8468704707630775,0.0423478446491448,1.290082554551157,-0.1484380162277934,0.4638740155185593,0.6030220329510683,0.7751441924954315,2.745789344077094,0.2
13.840030595277725,13.781809670961476,1689.8309692619032,0.8689156593580555,0.0417527681397972,1.2557191867837834,-0.1489925693549837,0.4688500989292832,0.6262302299333559,0.7963563912416236,2.869460287527666,0.2
12.063502502013796,12.82111747339382,1689.649545923797,0.8692969305037436,0.0377806960336041,1.2443821677723954,-0.1373733664615797,0.468697970456419,0.638155502644859,0.8036116443151295,2.843132199271907,0.2
15.432973775180288,13.172659913961978,1688.5015066846663,0.8807691186825072,0.0635506430503414,1.3006907965929868,-0.1308135143140216,0.4530868065857958,0.6071966674468496,0.7688222309401954,3.139062946744157,0.2
14.1579878196777,12.501624247942548,1688.129110435802,0.923693600881936,0.0668088792767966,1.2495755623827312,-0.1382005355300755,0.4574298371529832,0.641945014504149,0.8002717323417943,3.3642133341631792,0.2
11.677201834898552,10.710079510802428,1687.379963189998,1.0393521506162096,0.0559810406369073,1.0834422582355927,-0.1428972807422592,0.5036867935967566,0.7601181935049963,0.9229841206568036,3.864283928058829,0.2
12.488073507483596,11.621816354177003,1687.9543108695923,0.9764525354724028,0.0552120564262236,1.151239971705732,-0.1400751531979002,0.4892927495942739,0.7039085554075586,0.8686286305003399,3.4560148932508263,0.2
15.130470818334231,11.860463966364977,1686.8872987983416,1.017770965765163,0.0762976506403599,1.1594688213759317,-0.1309026535615421,0.4778502995576457,0.7059515301405909,0.8624638986094586,4.033368718984902,0.2
13.993433519946493,11.61791730421236,1687.0716762533643,0.9883462915547686,0.0705257558509152,1.1779415558545516,-0.1316264046659362,0.4581915610076588,0.7024469018111188,0.8489385530460704,3.8639802239092016,0.2
12.33727124709008,25.82946306237364,1706.9346147021363,0.4883157556038473,0.0554029749593944,2.303046543156127,-0.0602465419357058,0.1567184625336341,0.4004320165329466,0.4342074644438519,1.596779715935101,0.15
11.601778492848643,25.706383997715925,1707.5593261427452,0.475328440346174,0.0573716340995076,2.376495311339635,-0.0446985142354432,0.1387104138791529,0.3947451757173578,0.4207877016329133,1.5848583927480495,0.15
10.601197025395148,25.02561184100677,1707.4984783995628,0.501814320260674,0.0467721064500837,2.198418263935175,-0.0307770111817759,0.1554748437685833,0.4263676053909764,0.4548724946498567,1.5904868765731972,0.15
12.249726921373044,25.33754205996215,1705.9867385885775,0.5323559334829867,0.0417788684258924,2.049711755621255,-0.0602406398195672,0.1965310256879956,0.4424558173539214,0.487873476481529,1.844130610736763,0.2
11.265055377786693,25.08702396448374,1706.6235695117678,0.530098316616144,0.0429895044030292,2.063894079202342,-0.0365289228335274,0.184057212855859,0.4467092664858391,0.4845209887837278,1.7056407327312093,0.2
11.286160543680904,24.67760049823931,1705.7527935047722,0.5652566022855862,0.0379753925291184,1.9145171185763732,-0.0375823326334121,0.221509151122121,0.4715342891667632,0.5223249195826443,1.9129420911424844,0.2
12.167023236662953,24.6772844270673,1704.8316912247317,0.5849804971660106,0.0357395367313093,1.8410556518253005,-0.0737720788483902,0.2420717436061048,0.4806130905308388,0.5431666332348822,2.0255084874237337,0.2
10.309626823387898,24.25068050402353,1706.2136091788277,0.554329937075553,0.0394094101322413,1.9583333044720104,-0.0245001792599505,0.2058127474184998,0.4666822614541853,0.510638305397973,1.7483450439725678,0.2
12.101138981331715,23.78008186326809,1703.4204130805851,0.6474047474193895,0.0316878327171905,1.6491443954705487,-0.0791029332890163,0.2901030947002286,0.5265677643290658,0.6063750407463083,2.1216558638319336,0.2
10.525046454400096,23.54692003833683,1704.5752515891277,0.635657216448998,0.0332495776424056,1.6852421116056169,-0.0322980787615248,0.2751770400541538,0.5247304323949271,0.5933865485044452,2.0503664844239604,0.2
10.905968858736436,22.899495105588908,1703.0914213469307,0.6735304951093998,0.0297995182197488,1.5788092809710776,-0.0591848711353685,0.3124990340521518,0.5477433557006983,0.6333887265882617,2.092979044296581,0.2
9.82155253614867,22.330784385273365,1703.3548196351023,0.6777759136033767,0.0301063503051576,1.5699444917306904,-0.0313469679960779,0.3171881934983168,0.5514831617560346,0.6369651954366937,2.0675502532099177,0.2
10.329634424090733,9.482750715694158,1686.9542264118809,1.079430670096196,0.0519507279147332,1.0338308191955536,-0.1505584398362173,0.5104125419628303,0.8077342018859519,0.9672762520062248,4.159125940745059,0.2
11.040796679429851,10.093647837929788,1687.1010893383582,1.0515715644320112,0.0530614079538174,1.063857143204461,-0.1491725218255231,0.5023344733072909,0.7803602979069291,0.9399758288860892,3.9915855020759854,0.2
12.210750278465383,-12.04232154316512,1700.3060960187047,0.4596358961043083,0.2181456864855913,3.8595029773948175,-0.1602398460503738,0.0337692978328558,-0.2007884691108081,0.2591007199261197,1.1173854508140053,0.35
12.281014840191949,-12.340623287376289,1698.0975814259434,0.4687458589964713,0.2350639493766929,4.026164379381216,-0.1612097188327408,0.0528897530858356,-0.1813957460305557,0.2483753532571093,1.1076752431258678,0.35
13.746253757198376,-12.809573020401707,1699.1752703984298,0.474537533542136,0.2318128975689861,3.9288147140531993,-0.1267032247832894,0.0190935641493091,-0.2199251983396246,0.2545296922308511,1.0820308251105302,0.35
13.679900617829436,-12.91876655737659,1697.6496442251723,0.468599614117064,0.2477515408633057,4.229992094201255,-0.1333119888109142,0.0380369291440599,-0.1914925697204902,0.2364070612261579,1.0763434974832973,0.35
15.24954429014759,-13.440297501220822,1697.9242048664396,0.4686855115325496,0.2539433575150462,4.335641676545452,-0.1029438274735305,0.0165005621304897,-0.2057378096157948,0.2306463666980844,1.0341848843671306,0.35
14.720210919016752,-13.322550165210911,1696.5808465804146,0.4803062934356767,0.2601112268175441,4.339521093220927,-0.1266628903424541,0.0398420020346399,-0.1883395904299974,0.2304401749681942,1.0848916479305086,0.2
12.839502538037395,-12.64449939768149,1696.2333359804572,0.4745506297944802,0.2549009905514505,4.2987866762989775,-0.1560994373784337,0.0605164121650688,-0.1615071263909095,0.2326237785916247,1.1384055782175235,0.2
14.157707533488225,-13.118497090945826,1695.2085386528388,0.4897768879802974,0.2623325641124858,4.295384406455849,-0.1507263305643985,0.0570886910846782,-0.1679941529772489,0.232808034246487,1.1750055676305815,0.2
16.703272598542092,-13.930558650576229,1696.5575857850265,0.468913573599945,0.27365872321286,4.711003626170702,-0.0887557762874411,0.0187221892653606,-0.1919114837034509,0.2122689939028642,1.0390023402358948,0.2
15.906751008304695,-13.677211486118368,1694.9047886498713,0.4929685311726307,0.2758514456877411,4.5249612598462825,-0.1330987428477316,0.0471699938687717,-0.1699973841917427,0.2209963671675657,1.180589561110113,0.2
18.09078318571383,-14.276287553331816,1695.0832375903983,0.462305944838922,0.2958074338923445,5.296641747155968,-0.0843294051085342,0.0219837028538978,-0.1674821877699539,0.1887988744069674,1.1106658652909935,0.2
14.50844871751067,-13.177202107155562,1693.9690028849282,0.4990292634937264,0.2728938035819189,4.411791776115974,-0.1584708137544837,0.0624938615068614,-0.1495281436576547,0.2266652758667531,1.2479973552951,0.2
17.645192382372958,-14.06072179687301,1693.2707170160645,0.4803681345167281,0.3046280878933052,5.327625474197094,-0.1251792583541773,0.0439104797647657,-0.1327917321033689,0.1877008819113183,1.2613934135191536,0.2
15.763705300002911,-13.468101641334544,1692.7317411720717,0.5075817447033845,0.2893590594168352,4.676503080518402,-0.1626651765627043,0.0620357565870892,-0.12416524936914,0.2138349922543294,1.3436188323695848,0.2
12.931478945697382,-12.63101966410392,1694.0960679420791,0.4852158519546381,0.2759164463752985,4.598593704493807,-0.1541689799569781,0.0664529509872403,-0.1382165658585712,0.2174577847620646,1.2540665689242054,0.2
12.861390671094613,-12.451981186566428,1692.141811291968,0.4849836569982886,0.2956985874687839,5.046282169722653,-0.1582695532863174,0.0695360012838946,-0.096876904657215,0.1981656923586103,1.3786847677477267,0.2
14.08239173495252,-12.942573097241516,1692.819037232053,0.500859200541489,0.281596792417788,4.570832808753328,-0.1692442067593056,0.0683532111675733,-0.1206162272108549,0.2187785118906471,1.3283391660993993,0.2
19.39808674771057,-14.477282720663196,1693.5123751080575,0.4581849151260525,0.3272353688817364,6.316469164672692,-0.0870192488301492,0.0225026946367031,-0.1303277735119189,0.1583162956914107,1.225507038092218,0.2
18.768499092266097,-14.17031318993593,1691.7028816658458,0.480686429517667,0.3365189547304593,6.362689599923807,-0.1220477605560015,0.0389733269228185,-0.0910310435655645,0.1571662398888631,1.3973023757086234,0.2
20.615039014899,-14.53563615691492,1691.8561613558677,0.4539405227469968,0.3565013783599625,7.6757941869947315,-0.0895385141980245,0.0186800713256209,-0.0927723238763235,0.1302796786415042,1.3206756454948836,0.2
14.48441203126175,-12.887781361632683,1691.19010349709,0.5031259951546502,0.2941077042486564,4.826731620002514,-0.1816199884128389,0.0677127192647367,-0.0731609602156653,0.2071795323891406,1.4633590951027466,0.2
13.20237442567219,-12.307044482904182,1690.0422845782464,0.4757107340701264,0.3077153196275467,5.466160362517675,-0.1697854470940501,0.064254458786406,-0.022642670432906,0.1829437729008387,1.5533106657117175,0.2
17.206713062357608,-13.76361797797583,1691.6902921155552,0.4936581974448648,0.3118010087877847,5.38178520032487,-0.1510713421793002,0.0540820476700176,-0.0936945157329936,0.1858119495255283,1.3962384843111657,0.2
15.98165584056677,-13.266597173053794,1690.6719758435138,0.5146186295587157,0.2986947975680875,4.826468784242604,-0.1867242246548782,0.0639475291925062,-0.0630302401510172,0.2071908147971013,1.516690492927907,0.2
14.836250272385277,-12.680971784606912,1689.1295142627614,0.5053712633131162,0.2952709719362864,4.832590952429472,-0.1976781545941846,0.0608860406492264,-0.0059643203368557,0.2069283350988507,1.6313872191913266,0.2
13.577095704950327,-12.082564631163526,1687.9662383355787,0.4785267995358339,0.3053420267836254,5.367740871385229,-0.1741670676546326,0.0523328011680321,0.0404239742272192,0.1862981138547276,1.7198804928617282,0.2
17.841664839302965,-13.658329694219717,1689.8732923431612,0.5131778659266989,0.3205827639919248,5.430476342182098,-0.1708965781936528,0.0522954472159212,-0.0443763608842054,0.1841459085701818,1.5710897887242468,0.2
19.79572238973927,-14.188593345873253,1690.2161316692934,0.484752003007859,0.3570801036979603,7.217016523834526,-0.1254689656380179,0.0318208127933235,-0.0494392499082442,0.1385614120041785,1.522627151108391,0.2
21.73377240792818,-14.455381374791903,1690.126590457994,0.4501489948372115,0.3826680985514143,9.466678121451224,-0.095827374009453,0.0110941996187016,-0.0430407530026273,0.1056336749988391,1.4430225677143598,0.2
20.902921527331568,-14.141094494194148,1688.6715801974185,0.4766506083285947,0.3708645284570656,8.123146766201117,-0.1217009596408871,0.0178548180623213,0.0049923386528677,0.1231050021354792,1.6273437780143627,0.2
22.74400410435392,-14.24386914460476,1688.3452673012584,0.4607853623017542,0.3818498442064642,9.18410903812936,-0.1077576174822133,-0.0027196581443267,0.0153806643477035,0.1088837246866662,1.6106331921986945,0.2
19.32791804317129,-13.835077792097758,1688.7726318754237,0.499708895091669,0.3441957056624407,6.422047307724244,-0.1513605836550058,0.0362544092162129,-0.0047235187449359,0.1557135835479178,1.6510594600978772,0.2
19.72011479496796,-13.620868126997951,1687.2472306451118,0.5197368864235588,0.327853279010517,5.588402897792967,-0.1685315173773355,0.0265787934746423,0.0539530843114293,0.1789420015501979,1.807687222057718,0.2
17.675073877294935,-13.206420783295805,1687.7264868628508,0.5326264760046889,0.3057362276625663,4.832317216560577,-0.1996452313690425,0.0464128256285084,0.0284924267066329,0.2069400569509289,1.7622805162937538,0.2
16.352322172035674,-13.082395846451382,1688.9402195884145,0.5211069845218549,0.3020677058829984,4.847596372710655,-0.1977537498789729,0.0575088142454343,-0.0118679352240305,0.2062878018536071,1.6513759208691228,0.2
15.58968290623656,-12.528102795154446,1687.1626202784685,0.5269932281464199,0.2848492934220168,4.409833507591085,-0.2136514031139258,0.048881514429009,0.0581933231901497,0.226765930795029,1.8186792122054671,0.2
21.51632674568467,-13.965119173025238,1687.2042189794686,0.4857399457752924,0.3587897916935587,7.28953945027595,-0.1255659148320521,0.0047179102552937,0.0550462017835805,0.137182877851377,1.7297973843204368,0.2
20.267480686474443,-11.838468585318218,1706.4058111640654,0.5463977702717917,0.186698674863875,2.92078005392931,0.0424180026459007,-0.1477580600739635,-0.3059222513021157,0.3423742909551526,1.1457659245684155,0.35
18.260723603157988,-11.814672906125764,1706.371731766855,0.539263896648886,0.1941437590355983,3.031456300693387,0.0417044710957688,-0.1443457266817081,-0.2936702324355033,0.3298744566336877,1.1394242448819194,0.3
14.97212257829922,-10.505729788686049,1707.594481336534,0.5210380610289288,0.217354525511748,3.3951465025928163,-0.0131590663813202,-0.132798080849094,-0.2625722777252744,0.2945380999719207,1.2591022931581126,0.3
14.23138505860958,-11.20872918590074,1705.6116679265865,0.489055009166735,0.2218541465797872,3.675696992016261,-0.070145623979963,-0.0834555446682197,-0.2492587179748503,0.272057245788223,1.212613843962054,0.3
16.112044918004067,-11.589896916672322,1706.015283362101,0.5192172990398863,0.2084038929332243,3.302471885002683,0.0020907272938522,-0.1251455015901903,-0.2757248330715753,0.3028034862435135,1.1545880913598066,0.3
13.391832345906137,-11.575087117213194,1703.8953310849363,0.4573275403898827,0.2188849662898889,3.8891847757640217,-0.1198769914784908,-0.0327274356869435,-0.2251017772390875,0.2571232938665281,1.1772490348962812,0.3
19.227511696111662,-12.63565235976193,1704.6730776353284,0.5271596725865366,0.1976313057621279,3.136830126352988,0.027633679621287,-0.1204489712633025,-0.2938664769929474,0.3187931637097105,1.093688473235069,0.35
22.306007360819244,-11.555879542018936,1706.2182926190856,0.5488205433686135,0.1828351781069593,2.8724642550236217,0.020981396664234,-0.1535004811387233,-0.3117596290341907,0.3481331397774962,1.16040857116827,0.35
21.30390412523932,-12.539905290657687,1704.6260304624254,0.5351255594521858,0.1931334714546748,3.0448421930190723,0.014539447891202,-0.1275774711861964,-0.3022831096053184,0.3284242455299345,1.120119242363065,0.35
24.190429732869177,-10.932326370206704,1705.9068232288507,0.5500583287355885,0.1822107249919131,2.8603687401285227,0.0018400981474178,-0.1629495020905968,-0.3093023150843169,0.3496052750020851,1.1236602835469838,0.35
23.25764742333226,-12.105755432381777,1704.3955569838165,0.53248326537082,0.1911125236762737,3.039931099620977,-0.003437618063292,-0.1353419049438076,-0.299803315215178,0.3289548240500192,1.1070833192059508,0.35
22.232984560214824,-13.090413895788284,1702.767795903171,0.509034543083407,0.205145906685278,3.3313141423980563,-0.0102914701947207,-0.1052090068551995,-0.2809524621402484,0.3001818373334635,1.0648803692857896,0.35
20.29201541380971,-13.267893095639046,1703.0013890945934,0.5028457438017061,0.208675305220527,3.413170046772928,0.0086466499709461,-0.0958421261523074,-0.2767280673830844,0.2929827656683781,1.0332856022390162,0.35
12.564359375803566,-11.829596490237824,1701.984181470098,0.4497575910776449,0.2099937351376193,3.833399857024385,-0.1575914594148195,0.0108498069157025,-0.2076000523738642,0.2608650381638596,1.144773338737379,0.3
14.132165236714348,-12.673708753754738,1700.866062349484,0.4777164136962343,0.2245144687352109,3.799277771885824,-0.1060365694414554,-0.0124344092717116,-0.2405827104760535,0.2632079200420337,1.0768175296659592,0.35
21.179688213663244,-13.645739990619647,1701.6286847602023,0.4793839911437814,0.2165184636274796,3.6792703419381487,-0.0132710660998736,-0.0773874068730968,-0.2602047542467957,0.2717930206436597,0.9971513491189972,0.35
19.55519266657481,-13.78758948128426,1701.2453520318236,0.4740645955283415,0.2280782661516593,3.878721177280421,-0.0062953853658516,-0.0634675355715413,-0.2498035453587207,0.2578169335443579,0.96471305440797,0.35
18.124022714236123,-13.184455384534694,1702.8655132869972,0.5084556519050696,0.2129225584699273,3.425451777317103,0.0001218385995242,-0.0867771236677676,-0.2787367593948539,0.2919322953608251,1.0444688165750418,0.35
15.376713027831816,-12.206175983146275,1703.9848149783168,0.4975504432145378,0.2156997035783397,3.5347245349273697,-0.0417571462629422,-0.0833161224282241,-0.2671168377534314,0.2829074769812431,1.110261141852841,0.3
17.36061238917572,-12.412591171173483,1704.6986311506337,0.514333231378165,0.2044307693969563,3.2890176041017862,0.0135276122839077,-0.1135777883734864,-0.281706800906725,0.3040421549440429,1.0723009120784055,0.35
14.231761486697843,-12.295784454495646,1702.5635659596612,0.4674343082359586,0.2212684660152412,3.837631889438257,-0.0873211623007585,-0.0390577066239587,-0.2423841425484853,0.2605773635434266,1.095115144820145,0.3
16.03266129017428,-13.00728048071858,1701.9622131755084,0.4973765884782187,0.2228826671358357,3.627613209927988,-0.04185001449981,-0.0576841029367478,-0.2662919480106523,0.275663347256322,1.0497613783749808,0.35
16.731253168835302,-12.740618320539948,1703.4448322637195,0.4915086470441722,0.2130391422588772,3.5449995126842007,-0.0096534984730514,-0.0860102576395478,-0.2684816478671583,0.2820874858859488,1.0327144151347571,0.35
25.12978139071643,-11.287738658597464,1704.1057271936345,0.5440614093846544,0.1897134630909658,2.9618233308561623,-0.0255570609760342,-0.1547924780972396,-0.2989649620120272,0.3376298611676254,1.1022383034933627,0.35
26.0645326117601,-11.46598494344899,1702.27599662664,0.5285621455403782,0.2050253488631727,3.206928309803317,-0.0491943205853541,-0.1440777298504279,-0.2721328269270962,0.311824868969812,1.0679462840340603,0.35
24.253481698589724,-12.481127814443498,1702.4443954123658,0.5054596290537705,0.2044410436635702,3.346874330957774,-0.0275951201697283,-0.1164461402755842,-0.2737736720157155,0.2987862408666626,1.0432331677368096,0.35
25.11582747342912,-12.6760267059521,1700.585511429901,0.5006250499582233,0.2216984787166185,3.5887387761176424,-0.0520627385090156,-0.1073238385017372,-0.2518264631721649,0.2786494259918847,1.028521685553357,0.35
22.92931425365386,-13.532290315256075,1700.8419949362726,0.4831217239791901,0.2245739061709841,3.757581033979811,-0.0306162302621799,-0.0799841412120793,-0.2519715192348974,0.2661286585590566,1.007498667952895,0.35
21.0258913907474,-14.108712164987129,1699.8708376584918,0.4677882283151775,0.2351835193417035,4.036228140315783,-0.0220474124715705,-0.0527777437196548,-0.2410632467484692,0.2477560646316099,0.9720997014007168,0.35
22.461305247984413,-14.194559623311331,1698.521859557609,0.4602241823389343,0.2533207694796483,4.404209653415427,-0.0432509495103041,-0.0468080247730521,-0.2179278818551148,0.2270554943324526,0.9584163514529526,0.35
26.981959365102107,-11.479650135902745,1700.4287610400008,0.5106998219428875,0.219596135615543,3.4915663822492498,-0.0675171493594567,-0.1360367942365542,-0.2428227947186288,0.2864044072264795,1.014983582905406,0.35
24.29065047195876,-13.58725376884554,1698.6864313910771,0.4725517065133753,0.2423238029892045,4.106259259982113,-0.0573607534478888,-0.0735923485443792,-0.2249468587740323,0.2435306532506562,0.972576566355668,0.35
15.59319705519629,-13.339063739759274,1699.761716063928,0.4739769111664073,0.2389740489532261,4.041374819084482,-0.0782063867669062,-0.0146581440262031,-0.2342983668069822,0.2474405480228473,1.019718725670367,0.35
17.546716668463887,-13.65785563498901,1700.684253165825,0.478646246950111,0.2356526806373808,3.951667867797807,-0.0316501567405066,-0.0458317922807067,-0.246852012866722,0.2530577046084801,0.983486381245486,0.35
17.104762583350993,-13.900953989380092,1698.5645283226524,0.4619686465751391,0.25897406661643,4.490489959030957,-0.0604805623258346,-0.0101045909529889,-0.2140843375444694,0.2226928484694349,0.9648583100877496,0.35
18.992063033948376,-14.153641996011434,1699.2502617616296,0.4625893688315494,0.2507910163287896,4.337212119402428,-0.0262398229121418,-0.0339176172148533,-0.2265398333316937,0.2305628529272342,0.9374375742788624,0.35
18.49459984198836,-14.30792434860585,1697.2634453911724,0.4595144567007918,0.2713644697508671,4.75912491330755,-0.0547618005904585,-0.004458561444781,-0.2028122281882126,0.2101226629298554,0.9799055453115626,0.2
20.350868063837567,-14.463543363085352,1697.8066082345645,0.4569236096658612,0.2615722358704692,4.589544436728741,-0.0378374996311069,-0.0247082517808172,-0.2131487139641652,0.2178865492612515,0.9445903321486095,0.35
21.718848425614112,-14.603158717511468,1696.1671347147303,0.4437258554561455,0.2909302614498561,5.389693801899767,-0.0514522588123364,-0.0180440598708523,-0.1773468572125391,0.1855392971763106,1.0029711008249556,0.2
19.801098731737373,-14.579298910542567,1695.5512962836865,0.4512811410363172,0.298813863817161,5.507122912388976,-0.0575084459782969,0.00165156027324,-0.1722278824304319,0.1815830181945589,1.068914130622142,0.2
26.096927029329983,-12.586682367789754,1698.7993531423504,0.4939586327132167,0.2360716755037073,3.83524774971761,-0.0761014111446457,-0.1046095388551967,-0.2263855726702442,0.2607393486049578,0.9948148014918612,0.35
23.55830118489417,-14.231183796166926,1696.4629655560764,0.4576789240760657,0.2753842120628104,4.863722760846875,-0.0617159309719145,-0.0423270335658995,-0.1915006492509082,0.2056038243071813,0.9931373411009072,0.2
25.350812688302607,-13.401855194458372,1696.940687643391,0.4824453081471413,0.2595867725986476,4.3108564230694375,-0.0849711198049094,-0.0771588226158473,-0.2015878230660141,0.2319724671525884,1.0090021164104317,0.2
22.973046951012343,-14.550980463126397,1694.1493655934676,0.4488587094079553,0.3173500000006069,6.098747756737116,-0.0699972461154914,-0.0189272171685998,-0.147063521622855,0.1639680865461812,1.1227947165696717,0.2
24.75206027688247,-13.93359720507384,1694.93160398288,0.4698816989765461,0.2931436368398193,5.144137743364879,-0.0877592458383999,-0.0513625339803816,-0.1656804899423553,0.1943960387316302,1.1050108194158514,0.2
24.293213645662323,-14.212154497734414,1692.8382220689823,0.4623615548052358,0.3280024333442186,6.287326099182665,-0.0941372497446303,-0.0348926750865625,-0.1233597243739453,0.1590501246833685,1.2196382222257616,0.2
22.499337626090924,-14.587418502197774,1691.7285913032515,0.4581873688873689,0.3632390575145574,7.979300239249236,-0.0833003359563672,-0.0034542667345413,-0.0935697356291969,0.1253242728079234,1.3470160200363497,0.2
21.2647703174344,-14.69023620026788,1693.8162467324382,0.4433717344890488,0.3294780513660513,6.6133531524759,-0.067148169141664,0.0030655764516395,-0.1354472411156651,0.1512092242685726,1.1539045744027483,0.2
23.957360770219964,-14.275931869540909,1690.698866264311,0.4639031397934638,0.3598977716660838,7.693033960142139,-0.1049844836888064,-0.0289545442869784,-0.0709697243953681,0.129987727232329,1.370242733864519,0.2
22.910573808453403,-14.426268168008196,1690.0091846876385,0.4505468724690938,0.3858472754281393,9.721734210669236,-0.0936147676695975,-0.0056853292722468,-0.042244601041984,0.1028623060793554,1.4545282340893542,0.2
23.73279150166345,-14.16552989801054,1688.6019619403985,0.46893606575582,0.3845345708553317,9.234308828189652,-0.1050484769145312,-0.0262842271234454,0.0010356709823989,0.1082918081478162,1.58753169896595,0.2
13.239295759848392,26.295898048188764,1707.257694251521,0.4790688475057311,0.062032937791423,2.383036110703722,-0.0860929332674301,0.1451042259613471,0.3842192298160514,0.4196327514754676,1.5865307776954192,0.15
13.39089826731668,25.859303443967903,1706.232338934428,0.543531801279271,0.0455475917344942,2.024214987072533,-0.1069992071073427,0.1873740291341823,0.4444058857487495,0.494018672120506,1.85403675808314,0.2
14.41349257301265,26.33383131842248,1706.7702969819904,0.519030278412193,0.0518397588269432,2.149532348984355,-0.1293173879750015,0.1643493289898084,0.4155642010022688,0.4652174694986544,1.649944947644287,0.2
15.60272310008379,26.365013752283232,1706.514709228485,0.5390742260507153,0.0479407985010569,2.0517579397883936,-0.1419566036080853,0.1807834662830256,0.4297809662390657,0.4873869283542941,1.7831299677165775,0.2
13.402947124051654,25.15324711894414,1704.8700500719897,0.604963917145565,0.0360131962484151,1.7812911216421203,-0.1072775538986086,0.2412709361073552,0.4954182171458627,0.5613905486028186,2.1287946744943667,0.2
14.51414390022024,25.72110162220171,1705.4495358514455,0.590534267986103,0.0398743366869627,1.8401297363237283,-0.1405514887921504,0.2163504257641842,0.4782935756378404,0.543439943532369,2.0078535583725663,0.2
15.7365796537653,25.60861083251469,1704.90225252739,0.6127111056603608,0.0391290791594684,1.7706590580328765,-0.1682818463391578,0.2324306587807066,0.4864285344063127,0.5647614629498214,2.051213819848941,0.2
14.574954048294256,24.918206310213925,1703.9408864877853,0.6557781408155962,0.0336164404401477,1.6348195983831104,-0.1488735985134286,0.270834200519013,0.527871242047356,0.6116882871902395,2.224464498452622,0.2
15.857195468578896,24.72787764577991,1703.2663788859895,0.6680353745549048,0.0338517342397003,1.6056336865805865,-0.1665656305422944,0.2865233135446901,0.527303440895257,0.6228070626306021,2.179157056098485,0.2
14.677456051800498,24.237778811029177,1702.7681433803164,0.6748613128616027,0.0313446007730724,1.5808907091011828,-0.1439509275025122,0.3044464649428443,0.5354587289442015,0.6325547960039256,2.1841853481389664,0.2
13.215705912610291,24.070065282400208,1703.1512129464838,0.6627261012749819,0.0316713334658271,1.610961594662154,-0.1142029953251148,0.2959660944139894,0.5335624713287713,0.6207472625750069,2.181877327333088,0.2
22.353598270496104,22.15389310596749,1699.9616038287302,0.7777542930483283,0.043170120902605,1.4072559254689532,-0.2446405197175805,0.4225338570512352,0.5163065893064546,0.7106027993214955,1.7903080062393355,0.2
21.38024830028868,23.07691669659091,1701.001908184255,0.7335375819207469,0.044375476947884,1.4960308316648503,-0.2347437136439556,0.3730448808078128,0.5025324058544666,0.6684354218068855,1.8132756529284024,0.2
23.30985272475496,22.63458829528372,1701.1040295336172,0.7490306192687408,0.0530426263112356,1.493496903468254,-0.2659502691010059,0.3867634064876314,0.4775016854391,0.6695695168016503,1.6858146107114207,0.2
20.21815233655061,23.95398106715889,1702.0846247615727,0.6716981829460537,0.0455015777385485,1.6378097452643223,-0.2198878374493309,0.3146190786267555,0.4748281437005536,0.6105715287697303,1.804428956555852,0.2
22.33599240979091,23.654057018638976,1702.3095860735705,0.6827656112675976,0.0558923581122635,1.6489599936421184,-0.2481284549496346,0.3227002143625112,0.4495217160748081,0.6064428511641834,1.6588042271300147,0.2
24.389407212089218,23.029582022925126,1702.4490148874434,0.7049807804512481,0.068514285824429,1.6437141948669691,-0.2784088421136511,0.3406054087447162,0.4202387331888598,0.6083782710661163,1.6005360805169448,0.25
24.8016365707028,22.11992505447965,1701.189072018874,0.7545258556410761,0.0596590233897868,1.504897000374557,-0.2875174121183602,0.4027982427073565,0.4434455781990796,0.6644973043012963,1.663627797909441,0.25
26.28805362070196,22.029253112303103,1702.4150996399983,0.7488887566040228,0.0718534179416099,1.5594096327384517,-0.3088473657306415,0.3949777869454136,0.3997885873032528,0.6412683229639398,1.6203023035242898,0.25
24.04682954131348,21.382369075283272,1699.6184918839992,0.8254834271308853,0.0454883088188933,1.332651483064748,-0.2681893278754702,0.4692404798768416,0.5205416498556621,0.750383737014469,1.7624063215214645,0.25
26.081985720672883,21.06331857169872,1700.5318854897002,0.8097837746382395,0.0563881046303781,1.3918670393157713,-0.3080593342481034,0.463144338942464,0.4547314820321085,0.7184594302136723,1.696529267427178,0.25
17.331000984328494,23.12164687017067,1700.5561627434322,0.7480802945757992,0.0302853443077909,1.4229435729180704,-0.1833644905287472,0.378596851167753,0.5629613940514205,0.7027685559935957,2.1431439817110305,0.2
18.0811994104705,23.97741118799391,1701.8446472150122,0.7028309666692071,0.0355798401012354,1.5318211178482908,-0.2034383525705574,0.3320203964480848,0.5239716542921847,0.6528177398446328,2.0589794501971657,0.2
19.327481027807384,22.86319712805864,1700.2461865574844,0.7642252419414599,0.0338971467993262,1.4036759689187737,-0.2098410299820589,0.3964801778485532,0.5534487603374352,0.7124151315137794,2.053644367227553,0.2
17.643097231373638,22.05481536608945,1699.0477750990528,0.810187114174861,0.0280716794238967,1.3077015319243772,-0.1854838335765287,0.437776072241129,0.5989279546370087,0.7647004882898836,2.203342198139179,0.2
17.758305212155626,20.843475019608928,1697.4549177609306,0.8568055578263254,0.0267360705462109,1.2330603249186718,-0.185528454768728,0.482791139084636,0.624657685527382,0.8109903301494649,2.2541672862019007,0.2
23.76225677801112,18.817498189767534,1696.14010778333,0.8970082471716014,0.0337467065119531,1.195505712813101,-0.2463433101563926,0.5561943819273288,0.5741413745144269,0.8364660990593984,2.020732639405481,0.2
24.010209716614817,20.0429756840803,1697.791066072252,0.8663281310993415,0.038322970416027,1.250113140830443,-0.2568512283553846,0.5186032548337813,0.552233890743359,0.7999275964219574,1.856764283187465,0.2
25.542855743000985,18.76069392156489,1697.0007600743172,0.8729444926612903,0.0399219765148891,1.2449499328176334,-0.2623217930782029,0.5474431296683685,0.5260190808550517,0.8032451535916385,1.8171951713368235,0.2
22.098897895113204,21.09354666288218,1698.4101818728138,0.8533093909301219,0.0352885763206106,1.260898507218849,-0.237863954729121,0.4900668155350413,0.5764021680036763,0.7930852437962591,1.945620748610686,0.2
19.786941954042863,21.4626247946316,1698.3712483033105,0.8491138137073226,0.0304516978143118,1.2540759047394323,-0.2037148589191215,0.476802207128017,0.605810622836463,0.797399899177376,2.1423955844473075,0.2
19.34456367861813,20.13821038246025,1696.619962932943,0.8703621072852086,0.028166751779849,1.217535095684408,-0.1903045553886415,0.5075767148186178,0.6170377516068462,0.821331560416231,2.1926264157051256,0.2
21.05498393804674,22.170200788536405,1699.5812311578852,0.7843912438815474,0.0374713146184802,1.3781566818576183,-0.2233308161071913,0.425830621957099,0.5434123699331918,0.7256069017146143,1.9108532225916937,0.2
20.938340829728222,20.36544940446928,1697.157519794087,0.8728803449401716,0.0305699173310249,1.2202375147608744,-0.217014207819007,0.5095615324093401,0.6040304257393148,0.8195125849707764,2.094246763669953,0.2
25.82763532041971,19.95246455669177,1698.7364490966922,0.8411405027176205,0.0473969037840146,1.313360462301681,-0.2816198221982064,0.5076365217910748,0.492680335167159,0.761405591765331,1.705328187509091,0.25
25.233092692025004,17.522682671685956,1695.3032125125787,0.8901206377050285,0.0364080032150349,1.2116723681014023,-0.2447392557462041,0.5685428560016428,0.5458855773564703,0.8253056076263613,2.0239800152254617,0.2
22.423852352755176,19.76405323852526,1696.8045410239697,0.8909592214260434,0.0320401664934649,1.1992330791645158,-0.2379579472524111,0.5347853825963319,0.5938969151827693,0.8338662578392868,2.0269968569358987,0.2
20.89533236157827,19.59771183940142,1696.1889387550284,0.8761988077086096,0.0296845884484973,1.2133277662876982,-0.2042818129257467,0.524018531872095,0.6024496174859373,0.8241796056968212,2.1233622820831037,0.2
17.80286493876015,19.513899108399613,1695.793957349246,0.8794688414931628,0.025957958357888,1.1993134021477971,-0.1802599545725448,0.5127655363459771,0.6323113583867114,0.8338104103640837,2.2802603910295223,0.2
19.768757272679924,18.78158939094905,1695.0047281535656,0.9001673740212887,0.0275921610321587,1.17578967081183,-0.1955343874618447,0.5404807015449365,0.6268843418413124,0.850492247741507,2.269551047195584,0.2
21.83472019128371,18.645973376866834,1695.2564005857696,0.9045799119108062,0.0294444240376452,1.1746598943600743,-0.2122198160038411,0.5551811484904831,0.6094799190566662,0.8513102429063311,2.173380342358946,0.2
24.89846983756036,16.26254061370965,1693.6271572933251,0.8795432210388745,0.0365680654661169,1.2266675069580115,-0.2076358530386169,0.5623539873322277,0.5524706598996553,0.8152168328644166,2.2413966310071336,0.2
23.36800121294252,17.561206927789428,1694.466881783692,0.8961378092230458,0.0321231466144458,1.1925144293838594,-0.2194759171608088,0.5616653805550321,0.5827112220709368,0.8385642767582053,2.18958148953096,0.2
21.341481668805056,17.521282500301094,1693.7853207400167,0.904883874261006,0.0294736103079488,1.1743381491850051,-0.2027754930683606,0.5558373063772267,0.6124159492650434,0.8515434848931744,2.321062733781279,0.2
17.79421955349626,18.02640978572185,1693.9996556088174,0.9034462689844998,0.0256991690388245,1.166846667250771,-0.1793063976059748,0.5343937259455372,0.6455538592397227,0.8570106322162437,2.379128050135229,0.2
19.496143733339974,17.284066225455877,1693.184953320946,0.8902652569216472,0.0284735622339814,1.191089870426474,-0.1893755648796803,0.5359214384578358,0.6178982183325797,0.8395672105262272,2.384038695238958,0.2
23.01286630757312,16.315595768415488,1692.859327347905,0.8918141346491368,0.0348018380401353,1.2051959480376522,-0.2067767671669591,0.5535426761527714,0.582497489329553,0.8297405924972114,2.4056666165444427,0.2
21.173952032837963,16.123650131451413,1692.0882142325154,0.8862124203028912,0.0345399269104184,1.2121315029646391,-0.1952108716025451,0.5364490712489071,0.5955909273761457,0.8249929958541573,2.5143800060089534,0.2
22.749100107725933,15.055761451793368,1691.26223591828,0.8877845465851936,0.0451427138048566,1.2381899290557998,-0.1963651840594603,0.5304233265937903,0.5765057648426813,0.807630539171454,2.6936004285391157,0.2
24.538272480635424,15.00556788440277,1691.953450900139,0.875363734751738,0.0431216845171588,1.2502040690344527,-0.1978854243387321,0.5416814752221377,0.5542685474617781,0.7998694171362853,2.5536353227725166,0.2
20.97827269619958,14.960234155348829,1690.6498311100397,0.8814829887358647,0.0454951191498567,1.2480084257616677,-0.1874497551286232,0.5126706849448026,0.5865795891163307,0.8012766415336448,2.7170303362237003,0.2
17.59242303093597,16.526694083040393,1692.2268574194147,0.8929084163328995,0.027241961642177,1.184470273774224,-0.1750926906738355,0.5279312609307332,0.63514158738141,0.8442592626774637,2.5173949315520283,0.2
17.77867263176309,14.91169102382224,1690.2920123148565,0.8921067602113611,0.0393939293644278,1.2168120908481723,-0.1759167538706378,0.5055646402573154,0.6235744625589507,0.8218195788167714,2.787568716350197,0.2
19.35087383896901,15.765556538390694,1691.3665159082343,0.8805611338059041,0.033767698844407,1.2178901919657978,-0.1843833778769624,0.5209867979332944,0.6072624987653172,0.8210920874450093,2.578644723463212,0.2
19.46761435379401,14.68717138707303,1690.0783206195513,0.879828525579351,0.0492449170214095,1.2607568402270346,-0.1856974258885801,0.4964746466293999,0.5900465717269568,0.7931743601089025,2.767782516412797,0.2
24.149545967889303,13.780823244086928,1690.2616609669826,0.886401194881427,0.0598668668308731,1.281609175691908,-0.178055023002645,0.5101552038691068,0.5629013224442141,0.7802690702960406,2.9176865705294928,0.2
22.429829998341685,13.842526139611405,1689.6528716397434,0.9077408342020122,0.0629409511241341,1.2602828188477595,-0.1865807939702142,0.5025343756142133,0.5850177094736905,0.793472691244233,3.000332663424089,0.2
20.527203456799946,13.815657254160216,1689.1447755891422,0.9167442154984456,0.0643030042001578,1.251806668066071,-0.1936824372546184,0.4930423103405651,0.5979551561464054,0.7988454012191116,3.035369286928298,0.2
18.47690463011765,13.512072629538222,1688.5554240469778,0.9432006313789536,0.0642155591415542,1.2164498278882347,-0.2008653076590315,0.4921991594275615,0.6270429499443926,0.8220643195256205,3.187528193600001,0.2
16.803611524397944,13.8564579205613,1689.0791002936205,0.8781661839319155,0.0603462728458259,1.295038070505547,-0.1500985892095661,0.4645431299873723,0.5982717344487753,0.7721780716528492,2.9655943633856343,0.2
16.889166464262853,13.079259387026502,1688.0860314187285,0.8987320941303714,0.068705772954021,1.2899298964931347,-0.17606556973882,0.4514135895804784,0.6051590120956271,0.7752359277187449,3.283982551879843,0.2
17.612646764096958,12.349062987738536,1687.0332313861431,1.010753737265084,0.0796992360735904,1.1769674958422285,-0.1699829847798321,0.4731206643019309,0.6849472108030611,0.8496411358279765,3.892972337770492,0.2
23.72779451015511,12.624257472640744,1688.530285460179,0.9258990403585596,0.0747939268912984,1.2700093302292284,-0.1842516930835916,0.4799090072636565,0.5964317132728427,0.7873957900919567,3.2956637713992127,0.2
22.06480945882405,12.698250361368368,1688.0080108543443,0.967633884335486,0.0782652080376294,1.2252353143821193,-0.216164923573184,0.4792351810142427,0.6242911400964455,0.8161697498119336,3.4224203132419566,0.2
19.89528262005108,12.468904445330637,1687.2534683265176,1.0143090080228836,0.0806939251977355,1.1756243356911027,-0.218548557396456,0.4727627193963336,0.6725120604619925,0.8506118575813079,3.781764827662512,0.2
16.657430607770586,26.769920840427886,1707.347486751965,0.5056735713314054,0.0549801046156713,2.2218785735208666,-0.1500292127462558,0.1567364894605774,0.3943191000965592,0.4500695996250438,1.6255244142575842,0.2
18.801745224107968,26.741075186159087,1707.5384843991144,0.4980600014965321,0.0711149756485168,2.3407091715085007,-0.1813479757851288,0.15382583992603,0.3549200815055412,0.4272209517406798,1.4655372559989697,0.15
21.37980757179412,25.712529493508555,1706.0996794692608,0.5554674027298134,0.0712048237142742,2.099237304949291,-0.2324294879927853,0.1981799512391992,0.3655453605138309,0.4763634857490091,1.51508555376976,0.2
19.047945150560786,25.73513512146811,1705.1845841179172,0.5613990099183059,0.0555190702430272,2.0037578162049314,-0.206358500507293,0.2080158258886739,0.4039910549767003,0.4990623077862652,1.6094982700179126,0.2
17.304072954506246,26.15761108806787,1705.9029037737591,0.5541375366158555,0.0500141834181095,2.0051811320818187,-0.1819746898106981,0.1916350275437805,0.422931390903063,0.4987080638255259,1.7159194523128931,0.2
17.2237658024482,25.36096857229779,1704.262008214333,0.6224910161454329,0.0410414583727542,1.750102396195775,-0.1946505494929207,0.2458807047696537,0.4776465703960293,0.5713951378923403,1.9611967586565795,0.2
18.872539135133533,24.853375294379,1703.4027316942947,0.6282029408793317,0.0449859166718306,1.7492230851749118,-0.2124080024781595,0.2663418458938692,0.4590921415544981,0.5716823705765386,1.8327816674180133,0.2
25.23354759944037,24.019563782069184,1705.8604352731109,0.6213400524156307,0.1144288933829911,2.0870659499502717,-0.2673655399099734,0.250254714350923,0.308973889552144,0.47914154319073,1.5208004936787711,0.25
23.513065819391468,25.068883317674423,1706.3700891141973,0.5632419801108166,0.0976560072261962,2.206365542040853,-0.2551279957113347,0.2106986462451214,0.3097368145675191,0.4532340543512186,1.3853447429409875,0.25
24.359086654796467,24.055515269632178,1704.6104439328976,0.6309675108176206,0.0890535691464911,1.9283141757623488,-0.2745569555719307,0.2683366639427929,0.3486360686680692,0.5185876931100479,1.5409581807462516,0.25
25.797557772055324,23.089037405763875,1704.111094424044,0.6953702165922754,0.086488033184798,1.7388648818228565,-0.2925677189435379,0.3272767391053208,0.3715105075466772,0.5750878118555696,1.6057524596038275,0.25
17.247874683171613,24.63499294399325,1702.9425776214698,0.6617225197810395,0.0367890323971796,1.6312302094362556,-0.19490353973826,0.2897537119464039,0.5038515627533063,0.6130342573447034,2.042543016559484,0.2
21.10615361948877,24.808416737944626,1703.9173610146397,0.6067107576160403,0.0593087130622885,1.8700526967719424,-0.235546696362626,0.2517434534385906,0.4087718706775539,0.5347442891455334,1.6021954606206603,0.2
22.64220879433241,24.85480433347569,1704.9033804658773,0.5943932132959758,0.0756853219838107,1.982476769561737,-0.261001625558196,0.2372515701234596,0.3605952107325128,0.5044195298293802,1.5369670772696684,0.2
23.000165030716392,24.202961917621888,1703.7256410651544,0.6325228552228047,0.0701582498668649,1.8390146368235711,-0.2595776461177657,0.2768783585739848,0.3894137236730357,0.543769462176356,1.54724708598324,0.2
28.352718305429125,-6.052863457199311,1707.425033843451,0.6019415978933645,0.163893674412789,2.471376777536782,-0.0208014399328463,-0.2783900723974588,-0.2929060191013141,0.4046327573720664,1.188482886018674,0.3
30.159123084388984,-3.086451691155423,1706.8229135693682,0.6330057948341897,0.1680235853474323,2.379332234452549,-0.0075989110692046,-0.3149696671511802,-0.2781666360472837,0.4202859884467063,1.2250243874082838,0.3
29.73910556241413,-4.7725048939035375,1706.0767522442668,0.6185549739361628,0.1723061054408058,2.466739856120977,-0.0183391309995444,-0.2913954753612179,-0.2812403654876663,0.405393376816204,1.1999289206814114,0.3
30.92775996530339,-3.1050856485912552,1704.8672829800014,0.6557869859663515,0.1775302256796805,2.364385007228517,-0.011414437543106,-0.3182095773279811,-0.2783758704308797,0.4229429627335437,1.2453928278441304,0.35
27.69848458646141,-7.520017755274823,1706.6966296068354,0.5915697446580995,0.1705061180323945,2.565173206598048,-0.0245718333027491,-0.2475006193222911,-0.3001878229871909,0.3898372232439647,1.1679967749398832,0.3
29.069668153767875,-6.531287666537025,1705.416125585634,0.5975109665015601,0.179132540086444,2.607945116068641,-0.0290243222526748,-0.2599332485952951,-0.2803949525088545,0.3834436521836988,1.1526596155609206,0.3
28.24416771693597,-8.154886723196181,1704.7618653367542,0.587724695071559,0.1843408770313553,2.695117595888453,-0.0352556879339682,-0.2288978346099577,-0.2898870152112278,0.3710413235866048,1.146310824753859,0.35
30.424079888233027,-5.002778921404765,1704.1679135032828,0.639225040583083,0.180680014847443,2.449571522679017,-0.0247302873526043,-0.2928922418665125,-0.2832985808852801,0.4082346609362654,1.2225396466004268,0.35
25.23699394118715,-9.704247956729256,1706.9311310281191,0.5709109456778073,0.1726599352414777,2.675484694223944,-0.0022043211865451,-0.1953867361068542,-0.3186200414030922,0.3737640518590453,1.1488294502145115,0.35
26.905011243719034,-8.784935314841297,1706.1291270494346,0.5744680282601644,0.1753991974581621,2.681356452855,-0.0233007436302326,-0.2144806959902334,-0.3042096343060714,0.3729455660157531,1.1425349105718845,0.35
25.845039143581424,-10.159481085411755,1705.3611407926649,0.5647413318360769,0.1818156046876024,2.782540882129717,-0.0219014996082264,-0.1851112994739014,-0.3072634324034301,0.3593837583563604,1.1298248985814856,0.35
27.070709807291827,-9.435826739624698,1704.7710220040226,0.5609653639630657,0.1851007304942871,2.830494426102652,-0.0331527037166026,-0.1974288368033927,-0.2911017475385906,0.3532951666599515,1.1128675539534063,0.35
27.688388022790942,-9.410265496905511,1703.7020515806298,0.5537433304741106,0.192850371065532,2.939757458654112,-0.0431166132854985,-0.1929422135005618,-0.2768138117499739,0.3401641169601191,1.0891435137430774,0.35
29.73792250747998,-6.846089188520286,1703.4812425419773,0.5987545425423793,0.1879687653572334,2.676228020700408,-0.0373396508366149,-0.2521791099529226,-0.2731911797191108,0.373660238314927,1.15810824028097,0.35
28.887822718007307,-8.581597898431902,1702.7060670396145,0.5618823476459264,0.1972466978015643,2.9392445881659603,-0.0450908962106181,-0.208226855648773,-0.2652553464741579,0.3402234723936272,1.098415071202744,0.35
26.58553523562884,-10.526423723968149,1703.5033321810083,0.5421728917817842,0.1944348740572758,3.0180638128343777,-0.0442851952971989,-0.1712734299636036,-0.280159371612197,0.3313382559200636,1.0803128968134794,0.35
27.93438034425229,-10.14638564971437,1701.716286748748,0.5379927045732711,0.2062212744022844,3.1635396011189223,-0.059349838911479,-0.1728979433750575,-0.2578839533467937,0.3161016222608077,1.0595150643762858,0.35
29.69979186886988,19.98080876544483,1706.7404078514708,0.7735484471167947,0.1416085122764617,1.8035359338486348,-0.2822688470988594,0.4035657952655954,0.2547388634143958,0.5544663575768416,1.8692678007550496,0.25
27.49390251859316,21.801944908390176,1703.9822709787836,0.7313443726126306,0.0924172114425766,1.6773830263117175,-0.3099354583260911,0.3796913546924013,0.3393954768056478,0.5961667575704706,1.654045947608119,0.25
25.869884603494288,23.96407438262441,1707.6069946751695,0.618520511516552,0.1471263743451468,2.290850236422987,-0.260673796267818,0.2370743095415725,0.2576701627682163,0.4365191508814801,1.5941020299647704,0.25
28.557837853566657,21.429296355449942,1707.2183814388925,0.7321361454690932,0.147883798318988,1.939510555230633,-0.2821588120941219,0.3392474342852263,0.2667109918106051,0.5155939973119078,1.8273766966986695,0.25
27.44056741619908,22.32309055771292,1705.6728133565978,0.7118805640122499,0.1142038692443805,1.8205600180103425,-0.2964493424117286,0.3344558524559707,0.3193231499247544,0.5492815343121081,1.6741311763491318,0.25
28.667967099195504,21.05552119426776,1705.4146314153822,0.7553595847521684,0.1133599349482152,1.7120222507281062,-0.3054141313727849,0.3966682601402708,0.3009229708728144,0.5841045579721349,1.7587928968445958,0.25
26.44688373204353,23.28875578115578,1706.3140622759374,0.6546815866737031,0.1259494285292961,2.0417828679827394,-0.2768075106406088,0.280903088995419,0.2904200283002862,0.4897680432532916,1.6205590644654548,0.25
27.24854813327877,20.704139301973715,1701.183475399842,0.7982836356953312,0.0615011924093331,1.4283819746321866,-0.3183178028090834,0.4726636049866811,0.406685239707891,0.7000928447430902,1.6583072484210168,0.25
26.94330469261793,20.056686684921143,1699.8198794043403,0.8490639209632266,0.0516634098541701,1.3134859541196084,-0.3124060232182469,0.520631653896248,0.4593178207347832,0.7613328462810027,1.7199671495948974,0.25
28.117899228161782,19.28618545979647,1699.9859140722442,0.8406161544765345,0.0536898624114746,1.332709584152307,-0.3242252084054261,0.5366855796603452,0.4121568399614528,0.7503510231271184,1.6907041911008511,0.25
27.184470587129145,18.87691495485977,1698.396611886454,0.888486934694816,0.0447058353504451,1.2360239168573024,-0.2981419154620169,0.5696513726227262,0.4910843843631711,0.8090458334678396,1.750409706224945,0.25
28.911974225846983,17.804827057862326,1698.8087664164727,0.8327285555402771,0.0507371991086613,1.3364911474143435,-0.3080682604298294,0.5535429975568139,0.3981571633774244,0.7482279264884472,1.60699481106709,0.25
26.7533972361253,17.729595738430387,1696.564426416007,0.8780440978703852,0.0408805444826583,1.2403035298413867,-0.2642313089212129,0.5686117330921566,0.5068613598682458,0.8062542562689333,1.8330819485847167,0.2
28.2522578322714,17.252536585892802,1697.2966394553057,0.853570460944612,0.0452739749995586,1.288192648801185,-0.2943311834248244,0.5680353510253913,0.4396792183115473,0.7762814055262758,1.7181937018642923,0.2
29.64068656448003,16.282246186573605,1697.6440631996095,0.7893680830684258,0.0531372649921074,1.4174779202347805,-0.281651776488763,0.5383676161467182,0.3585140228822085,0.7054783610557881,1.5796644388852832,0.2
28.965255679406813,15.923279171881546,1696.359052183579,0.7998951607238012,0.0495523102822764,1.38769035936518,-0.2608397135565148,0.5411248801337776,0.398048194152801,0.7206218543288468,1.7658748872817789,0.2
30.31204320504344,14.735597060961084,1696.482870398038,0.7140920442452207,0.0635690288522585,1.604354169167575,-0.2404966870005706,0.4848288617862652,0.3092085160832273,0.6233037687176353,1.6879803912457163,0.2
27.701085999360465,16.724711836126016,1696.1098137965894,0.8400177101559285,0.0434530979842648,1.3037555247029118,-0.259758369110822,0.5582569729983475,0.4573693261337136,0.7670149664200818,1.8251796367821185,0.2
29.555738775699613,14.275798423139136,1694.963962075243,0.7382215547865694,0.0635162258024408,1.55172650626962,-0.2133208911171434,0.487211312730271,0.3639048067815441,0.644443460854464,1.955318773857085,0.2
30.93398353304729,13.18670434995385,1695.318381841648,0.6236421690239613,0.103929993751686,2.024242672078458,-0.1744426926277645,0.384481641059193,0.2564983185061489,0.4940119155640648,1.8557794362387607,0.2
28.090453122102232,15.426686941522725,1694.8788089561624,0.8093094262815864,0.0490823895300905,1.3701187468144258,-0.2366282720209204,0.5368049259087206,0.4342218546371268,0.7298637452593325,1.9698601587698228,0.2
26.54697280988793,16.659305050948607,1695.1109551997856,0.8741918283139692,0.0395962412969005,1.2422940389476709,-0.2474080560520449,0.5733321383438493,0.5079803046319997,0.804962407166572,2.0243980456409933,0.2
30.98393133179536,11.81192717817292,1693.6354141613965,0.6188559242091727,0.1437641199017271,2.26799865208438,-0.1258341046340489,0.3350876526969343,0.2574687747317872,0.4409173696293694,2.240379813489354,0.2
31.41234142589621,11.913169908392751,1694.3552012843645,0.5733761531793373,0.1575948389580301,2.546772053670104,-0.1328530703210425,0.306537032023807,0.2063060863794506,0.3926539081339923,2.0430237951857686,0.2
31.75599671015984,10.948817852766432,1693.6209371499515,0.562108346772753,0.1990056219949677,2.9552320372805827,-0.0972670649049844,0.2615100704723855,0.191453887732043,0.3383829044166035,2.2503443000746013,0.2
32.02966850380246,10.149896685902052,1693.0082157099987,0.55450448414261,0.2387869354898151,3.4519941218881085,-0.0640582984768158,0.2153431783703764,0.1828736546947576,0.2896876311750607,2.447562498525724,0.2
31.150169303935325,10.799664826269428,1692.5632570103394,0.6224323005149568,0.1746324184360749,2.4689005887150577,-0.0717876942716762,0.2863034467024568,0.2773682000187715,0.4050385846116434,2.580000301749793,0.2
31.926548824967377,9.603610655336436,1692.1324542348634,0.5819188748042311,0.2480160054014156,3.4098447341883134,-0.0343882447683938,0.1962884868594567,0.2151619923827376,0.2932684852109672,2.7697263754198373,0.2
30.974242364916275,10.150720737853106,1691.4046632244554,0.6501944938586763,0.1890357705360287,2.472955391559453,-0.0427944055759172,0.2563660451113308,0.3097802339031132,0.4043744595689601,2.965538078780017,0.2
30.045592238979715,12.140661478808882,1692.8583307992951,0.6953285415558794,0.1168968851606432,1.8769999661749703,-0.1277033341143231,0.3846038057205825,0.3458473369359017,0.532765060213529,2.467069289612544,0.2
28.84760055913899,13.846470526604522,1693.6800386564912,0.7516979901281619,0.0685676826260932,1.541749944763618,-0.18564947402289,0.4762362020593313,0.3992905833050029,0.648613611692602,2.2022510794223105,0.2
30.44320038537665,12.850976249512156,1694.2446565094672,0.6576967228604641,0.1090896356033525,1.9447650506629104,-0.1586969908915022,0.3899795287974105,0.2951843997222314,0.5142009311917297,2.109989253525704,0.2
26.83152018512377,14.990585020165888,1693.3265361439392,0.8373629169711327,0.0456235615633989,1.314136497837875,-0.2048853489459968,0.5377826549052369,0.497861208171344,0.7609559597844532,2.286682596359689,0.2
28.098161791947124,13.314608748904998,1692.3031783151043,0.7707847882428457,0.0723997679451793,1.5170466543461043,-0.1596194637039619,0.4606626152999448,0.4436484338467557,0.6591755086339331,2.504490235928018,0.2
26.07394907052944,13.718543466038756,1691.2620717199795,0.8264436249402071,0.0607442007343838,1.377333993951274,-0.1623754490714889,0.4897781943529195,0.510770071246694,0.7260403100421676,2.707908550789298,0.2
25.606288235870306,12.691474303974267,1689.647873998152,0.8662448834715648,0.073935776119369,1.3547346951919526,-0.1585092670159904,0.4738133367618438,0.5433635738277922,0.7381519079337596,3.1222123933464325,0.2
27.46927393622668,12.191672651044614,1690.2910137114882,0.7891666726649774,0.0926413026278698,1.555336180914471,-0.1223338234491896,0.4134761221725703,0.4769211943109921,0.6429478155726068,2.982378092054777,0.2
31.79657402075712,9.01706336945436,1691.0577566116974,0.6181459640448054,0.2569499309946312,3.327999233545497,0.0060328140385713,0.1547877434895992,0.2574744528794047,0.3004808384329602,3.165867591314081,0.2
30.25955788728525,11.106399005211026,1691.748116209164,0.6818447096540698,0.1418603526250235,2.0475387398657925,-0.0762091528951458,0.3266209769208341,0.3550167789539778,0.4883912477600036,2.8096309056932087,0.2
29.12904206548596,11.817737285952951,1691.3596981790452,0.722232289356264,0.116625849184069,1.805802610365452,-0.114549610380437,0.3713774289140512,0.394485522170331,0.5537703812476069,2.737347111693398,0.2
29.90674070522947,10.779635265987784,1690.800895933858,0.706127404811716,0.147476727664614,2.0086262992922834,-0.0678292388289557,0.3103734443432351,0.3833077317508255,0.4978526868598397,3.0127377930454355,0.2
30.779160360062544,9.733973782413376,1690.4376368276055,0.6459163732625558,0.1912178454712651,2.5069260176090906,-0.0150542302789811,0.2116189005473151,0.3377986846345542,0.398894898762797,3.1673078610381387,0.2
29.93299265398869,10.128947996083088,1689.7784103570737,0.6808236927683546,0.1581774550013051,2.148496448588808,-0.0095192259034098,0.2372883353013517,0.4002994827850025,0.465441774714977,3.196929908206896,0.2
31.645520611602315,8.452058835792185,1689.746000639999,0.6445270353183581,0.2455336700765541,3.048586619744175,0.0393498493334344,0.1100354489569981,0.3064987322877225,0.3280208584278035,3.5102541136720284,0.2
28.87319733073316,10.993478537735184,1689.8628969704885,0.7150343522164355,0.132906554699755,1.904874935591084,-0.0561307861791694,0.305784323736143,0.4230101337831502,0.5249688477263204,3.0786170054385837,0.2
26.65718974676668,11.666985445899112,1688.9195961916942,0.8108802246137395,0.0920485330069377,1.5114883215824997,-0.1089070414048744,0.3980720447707441,0.5170994815815664,0.6615995543736778,3.2522816731244206,0.2
25.626848035690404,11.770286812160972,1688.3672706832206,0.8649211321734575,0.0844889827484315,1.3912685011160688,-0.1220218712082171,0.4264149501500799,0.5656051069957243,0.7187685189435432,3.3996060779681265,0.2
27.927372125666583,10.986678393593674,1688.9006800514358,0.7658095488107083,0.1131300996226181,1.687657390058198,-0.0734591874035674,0.3355225161292265,0.4828342093197795,0.5925373277128929,3.2996558765860016,0.2
29.301373333278693,9.98845463919999,1688.6306175984205,0.6949372580123332,0.1537494853481998,2.0779446752737343,0.0100696320242922,0.2119579127759416,0.4319363043112986,0.4812447664749624,3.349918680142375,0.2
30.563157985613945,9.241862130888103,1689.1279323702538,0.6666221265700489,0.1908900268159005,2.4264830514216404,0.0333560568613913,0.1530553083063117,0.3811870863637364,0.4121190953359904,3.44628051935384,0.2
31.51125755965872,8.066383489121456,1688.4703741708263,0.6775387406907147,0.2312735821503332,2.746157924399136,0.0624671380007563,0.05848720725191,0.3539474111258145,0.36414511748038,3.690556502791024,0.2
31.371212885530387,7.810216084410844,1687.064325078784,0.7021722710365362,0.227791910054436,2.615925076695901,0.1086169586963301,-0.0216641543824298,0.3658775615528576,0.3822739454231888,3.596340633808314,0.2
30.34496158728149,8.944379235880355,1687.9883445600558,0.682298759512701,0.1870933150767166,2.3419659748537525,0.0646541176375449,0.0966466887300143,0.4108541864040675,0.4269916859327756,3.5117924824254376,0.2
29.393643367456672,9.35896495105585,1687.3572121198854,0.6933394768569764,0.1602397144295444,2.122518395469886,0.0640762575505762,0.1262573975703001,0.4493603563805802,0.4711384373083931,3.485865228640795,0.2
28.17462250008845,10.01920444336881,1687.3687797309112,0.750301012488558,0.1277306388189023,1.7900995269679971,0.0014170283039436,0.2250994933126813,0.5112666898851186,0.5586281572252925,3.600874427273681,0.2
26.66235694228101,10.777768950058697,1687.4960016308678,0.8229430921747745,0.0919694510213243,1.48904396438351,-0.0687387863025162,0.3429311420250868,0.5733079032041686,0.6715718433565642,3.597705593299765,0.2
24.78673160681196,11.328818181133474,1687.131143004309,0.9078864077677584,0.0808616474593956,1.3139568039198215,-0.1276626485597899,0.4042221661083155,0.6320751952993823,0.7610600264915713,3.724647858293316,0.2
27.92582538758784,-11.336710637743389,1698.4547004217568,0.4990556460903148,0.239545168597863,3.846702617851909,-0.0881925048750774,-0.129877306152556,-0.2072068559084229,0.2599629083254749,0.9882689346340384,0.15
27.12653437712929,-12.292316421360471,1696.9156526109473,0.4922755452201908,0.2582192785388791,4.2008780404725306,-0.098860756644775,-0.10387469070776,-0.1900059120756409,0.2380454729620087,1.0451863158243548,0.2
28.82263892987066,-11.05764808967357,1696.4735733227826,0.4921909056091583,0.2633163889300855,4.29208419698312,-0.1042161091637369,-0.1246105119753296,-0.1670155217929097,0.232987041750694,1.0904962474646704,0.2
26.2768334828536,-13.049376219670409,1695.5639333719712,0.4826842492831116,0.2788276949659396,4.683560480874074,-0.1035409859173951,-0.0817160471895299,-0.1678971631601123,0.2135127760351616,1.103830776927925,0.2
27.68932346740024,-12.179412565733651,1694.840406924562,0.4992513284997276,0.2820303149760629,4.594673742308497,-0.1205747228486889,-0.1022997405453032,-0.1495496891542534,0.2176433096417355,1.1805533930651233,0.2
26.137766802644023,-13.272405657442969,1693.8177819040998,0.4895048760548969,0.3074137757315222,5.303807625194809,-0.1123608649478219,-0.0712378115514635,-0.1336000434690231,0.1885437916808436,1.2464776502056996,0.2
26.05665660111817,-13.356190743488456,1691.6768457115672,0.5079834534948584,0.3309553261729732,5.822626683128612,-0.1283500283957263,-0.0701778718995268,-0.089984817748342,0.17174379441113,1.4243183041092802,0.2
29.65979158738877,-10.66755819490094,1694.485804700666,0.493521777682234,0.2848923982306534,4.709859202097683,-0.1169534097956815,-0.1240496225308783,-0.1265449184951676,0.21232057203634,1.2052420478960015,0.2
27.32415625045565,-12.547053494118876,1692.956816959591,0.5036473068177225,0.303762091498971,5.058952268653383,-0.1325945395190098,-0.0922772975165821,-0.1139156507846759,0.1976693882241717,1.29227624979842,0.2
28.849905131293927,-11.458005610011972,1692.9643445707345,0.5073752620117394,0.2974197049996322,4.864559463677427,-0.1397006169497059,-0.1115142107497862,-0.1015219699402038,0.2055684605084541,1.30403267581433,0.2
30.42753666801907,-10.18913656086312,1692.490347340524,0.4912913569351765,0.3032804213279283,5.173486199267762,-0.1274717116727415,-0.1257826584598612,-0.0727459204519045,0.1932932574830366,1.3252073916866425,0.2
29.523352372835348,-10.975436482430872,1690.9698600140837,0.5201268217174646,0.3113039474020381,5.094457450854052,-0.1516952713995158,-0.1173245692332083,-0.0418801104099831,0.1962917562168188,1.477202724247488,0.2
25.5343638095968,-13.56922961908473,1689.6180733391632,0.4948996655161998,0.3531076909165127,6.877867202675179,-0.1283889876606269,-0.0612239075472917,-0.0301212523540188,0.1453939092646402,1.5164149239446905,0.2
26.951533595508465,-12.753112447176246,1690.1203030677386,0.531527378881722,0.3332014937971439,5.639650718258668,-0.1462379192881593,-0.0916432450541461,-0.0407054193522508,0.1773159456067814,1.5662706736778242,0.2
26.778485138078462,-12.78230134501548,1688.8022446613193,0.5449822838026641,0.338952539704942,5.696836290909743,-0.1485768766032369,-0.0934517664223937,0.0021389981697506,0.1755360254244391,1.6968147596586671,0.2
27.8984579360182,-12.160771624402832,1691.4239274753495,0.5261571530133035,0.3152696474395119,5.144181299773246,-0.1474153197673064,-0.1006456080220097,-0.0769958766366396,0.1943943927567404,1.4228558521439398,0.2
25.48043086368916,-13.472108269823602,1687.9712713350968,0.5019968893882859,0.3543744580245206,6.839611338315976,-0.1303775504226004,-0.0622671955660722,0.0223834303731942,0.1462071381743478,1.6354064462485898,0.2
31.118293368884952,-9.642466751680924,1690.4853962340565,0.5000923826650998,0.3082962472982236,5.215418345811321,-0.1368854334021478,-0.1335984301358918,-0.0133322171951115,0.1917391729089448,1.486534531479136,0.2
28.343035308965582,-11.75136229563187,1689.2094253761493,0.5572175997748069,0.3173167645373242,4.911865706767422,-0.1665984002880888,-0.1169906530839765,-0.0025474595203698,0.2035886279672161,1.6536191065029235,0.2
30.093122766328257,-10.454395041065665,1688.8501593180588,0.5396323494853332,0.3031945287372294,4.70798271811077,-0.1647617994270464,-0.1310549423508155,0.0281801267597416,0.2124051976981942,1.677202535767493,0.2
27.479123134291232,-12.231546177299348,1687.7934165626662,0.5681616024775066,0.324321791788386,5.009336787729718,-0.1604275579759067,-0.1127375350292046,0.0374736659167214,0.1996272245957752,1.7970070138257896,0.2
26.60054567926049,-12.779428957656364,1687.4519452730158,0.546436035312105,0.3356233429925409,5.566606583775614,-0.145469523956443,-0.0946295163160353,0.0464258186519839,0.1796426575060274,1.7742651517182682,0.2
31.726117907829213,-9.045134399605034,1688.468797369503,0.513820486394218,0.296468132832223,4.781081772652001,-0.140401308953348,-0.1458633877661837,0.0525193502794469,0.209157685969741,1.6580317296568226,0.2
28.862071253034987,-11.182047523101666,1687.0115221656242,0.5856785432706348,0.2939554070920401,4.143329466232896,-0.1813221325890709,-0.1384117620383768,0.0788362660970604,0.2413517940462498,1.877443812093725,0.2
31.57444250799792,2.38713106788469,1707.247774412637,0.6358046806849104,0.1938771405329685,2.568919658468465,0.0286489138640377,-0.2912360553442008,-0.2566922589331182,0.3892686938275752,1.2613546433380245,0.3
30.915879608351062,-0.2428671742463052,1707.298870162096,0.6436909248913135,0.1731314611218032,2.376399740999276,0.0081593722995608,-0.3262759673952791,-0.2656199343162301,0.4208046242167574,1.2542094327871551,0.3
30.42792246897043,-1.561540585265586,1707.5100046153032,0.6290528733433194,0.1680650975959889,2.394583213846305,-0.0016714722142664,-0.3232037890245283,-0.2644503124368758,0.4176092082403549,1.2191352256235553,0.3
31.46122713570988,0.5719029431018771,1706.3955450818466,0.6476371393185932,0.1842928212026974,2.4454219224905245,0.0158692102169976,-0.3131611988116542,-0.2624877913526553,0.4089273882772573,1.250289269789384,0.3
31.25387835666013,-1.2625681350316804,1705.6016821555154,0.6677869733132452,0.1785282757823353,2.3291061484516224,0.0022137271989784,-0.3293405823387354,-0.2754463047859682,0.4293492594422091,1.2741035446930804,0.35
31.391443299120475,17.105580784948867,1707.406186542691,0.7469752105765316,0.1734959048738099,2.0501006448425856,-0.1931412116917491,0.411463250288844,0.1769878585985693,0.4877809304219714,1.790185372059897,0.25
27.81413884370061,20.96797533637931,1702.588041354149,0.7471982974846955,0.0767479597826716,1.5810116511122905,-0.3094334705566205,0.4248915601856548,0.3518272945385879,0.6325064077146232,1.5790073249981185,0.25
28.825378367547817,20.4087614983266,1703.6645591256674,0.7659666399402129,0.0899803270824047,1.5920454218546842,-0.3079695377646035,0.4386649303000418,0.3275149957462995,0.628122782348151,1.6353237878299491,0.25
29.84195216057202,19.521663348017167,1704.861551103463,0.7815291010672825,0.1070933316657513,1.6283038533558405,-0.3003329498642249,0.4545567092781183,0.2834454660822305,0.6141359906132124,1.7230462962440969,0.25
31.23150739222142,16.964815726654766,1702.8784748812611,0.7373212379637578,0.0959062272058373,1.678151258085281,-0.2580015077336905,0.4895988205565361,0.2209472502601519,0.595893841620075,1.530536206961668,0.3
30.339424982531096,18.096013225907868,1702.3049360848142,0.7839775430844667,0.0803766564586417,1.5198710468648415,-0.301415989900634,0.50966351213869,0.2868631019825546,0.6579505557808863,1.586543677732818,0.3
30.775787111738683,18.039133495656863,1704.2403468910304,0.7817110909079847,0.1053044684645932,1.6205465885078605,-0.2777102743805454,0.4908284675036616,0.2504933114415968,0.6170757490660994,1.6429750149578226,0.25
30.679342757125195,18.47195636833649,1706.1350241930716,0.7734852216532317,0.1350328869004789,1.7711863299118176,-0.2607379008574388,0.4453379759371258,0.2290315920134827,0.5645933367438463,1.7742837898282409,0.25
31.76500397862516,16.283812315477704,1704.2291983347193,0.7154761919524184,0.1253099039092489,1.865102068060204,-0.2139374727236261,0.4591086952866343,0.1758449945404193,0.5361636862265926,1.4999103147552937,0.25
29.81152004474397,19.18168306418044,1703.434838061709,0.7748759710157505,0.0889296327943005,1.569718005143984,-0.3007066518796553,0.4772362672741034,0.2960790489584269,0.637057099888635,1.596341209746622,0.25
31.391302223105896,17.159522454706522,1705.5842916868494,0.7406582897101743,0.136377677829536,1.8565283281731264,-0.2252915831436598,0.4514017532100373,0.188713980440528,0.5386397744784357,1.6599844685841505,0.25
31.98494749687072,15.819703402236696,1706.0582051907488,0.692650400226932,0.1657403773100271,2.15959342327354,-0.1614326603230463,0.4123993932528909,0.1352096628103352,0.463050122871826,1.617358801403823,0.25
28.892144829665785,19.56320259199721,1701.7641678606878,0.804634760129871,0.0687930707913158,1.4410713471072254,-0.3232717881862454,0.5017062693395515,0.3540091421861085,0.6939281681003358,1.6150854141113715,0.25
29.71962971431932,18.039172034459828,1700.5250395533883,0.809189420223914,0.0612579311544764,1.4083497778458465,-0.3176913005875124,0.5375199628228335,0.3381076458569531,0.7100508806338997,1.5628204808368764,0.3
32.47030426222952,14.173982008554155,1706.2452180121525,0.5844257727957475,0.227543856475921,3.1401040529465494,-0.0744016907466568,0.3071110876365929,0.0395529961715342,0.3184607844640179,1.5564780290325886,0.25
31.014008905016723,16.733698145314637,1701.265314214827,0.744138159707074,0.0778178166891723,1.5915362208179953,-0.2709341964783504,0.5060858396449075,0.2554652887408236,0.6283237459000677,1.4587040377507037,0.3
32.43933449154227,14.695554935198414,1704.397060364655,0.6260500929702034,0.1653368847072822,2.386454016097642,-0.1364642646789804,0.3863746182453757,0.0876342707810637,0.4190317488854078,1.4130402987732702,0.25
32.063505593023905,15.340540126307674,1702.4213295446816,0.6753159291991832,0.1132479434344818,1.914389831045998,-0.2061060774246016,0.4523585663037422,0.1604730978625574,0.5223596488984759,1.3648625732341613,0.3
31.5643323647019,15.428705219777653,1700.1828229310302,0.6805234632367984,0.0835202343148628,1.7641397853864118,-0.2418938408146148,0.4680539792402566,0.2091173592542841,0.5668485050241997,1.3268222273522143,0.3
32.909158490209485,12.942835806623068,1704.650328032353,0.520530597257087,0.2642183836181848,4.073932236133404,-0.0450151381165413,0.2398645057877355,-0.0262827955614919,0.2454630911949352,1.3524946356622185,0.25
32.84282922782929,13.515425590297149,1702.6803077189295,0.5565109407623255,0.1889436849357522,2.888399590347257,-0.1087774182115173,0.3262861405416147,0.0395968759401818,0.3462124850529338,1.2609806613475203,0.15
30.338985313892803,16.700676030921493,1699.4275730992513,0.7663779393303007,0.061347482719872,1.487326731613596,-0.2868504178990013,0.523830559892384,0.3088189965572204,0.6723472245503872,1.4628485416362,0.3
32.4877485387091,13.960968617506444,1700.6030614815347,0.5735717260908316,0.1355836461371917,2.392127980257547,-0.1616424521719704,0.3693313213124237,0.1105519044496583,0.4180378342016365,1.3024081571543638,0.15
31.00100161542955,15.292855522313095,1698.448698770707,0.6907396268625545,0.0692539089285649,1.6804836354996169,-0.2530335230968895,0.476249217570049,0.2515257475000369,0.5950667884383739,1.4163504409707932,0.2
31.965931957635267,14.34391479291374,1699.2336313097417,0.5921792254994889,0.10216598420423,2.122339822670792,-0.1966705678536269,0.3986304033525831,0.1562794647832669,0.4711780787025809,1.2933562181126146,0.15
33.293849452276206,11.68727520755056,1703.0605947619013,0.5023051119456979,0.2893646110712639,4.725753529825507,-0.0237445832873392,0.1839925762177844,-0.1017851796131185,0.2116064652311488,1.2612224173396318,0.15
33.630884403244195,10.419767365477425,1701.4696001838324,0.5166761064264443,0.2890655460037534,4.5877960491574825,-0.0081292629583487,0.1320504880174643,-0.1732262208723157,0.2179695848039372,1.2924429854609265,0.15
33.2034769112381,12.286665737809976,1700.9920024858484,0.5099873334137313,0.2401531329453316,3.773054945918667,-0.0811405195901061,0.2519530636508523,-0.0134386999995697,0.2650372216502453,1.3027461821124546,0.15
33.50747731249189,11.102289867824428,1699.3794466752245,0.5085939897093842,0.2840746711346587,4.5529742175176375,-0.065939817066801,0.1986702027848882,-0.0665007415227756,0.2196366489738696,1.3565996186727585,0.15
32.77996531011138,12.823806556593407,1699.1045266034694,0.524942584183068,0.1706021165948914,2.8915945348640504,-0.133860039994634,0.308133859514953,0.0820571155099358,0.3458299522782213,1.360294208637608,0.15
31.71056218554341,13.62106386048782,1697.2704267670365,0.5951758372560256,0.1023887124210068,2.112837069515474,-0.1892821277528011,0.3875780266172314,0.1948482681202686,0.4732972619745472,1.544494456131679,0.2
32.977531527056634,11.696458195345436,1697.422292325217,0.5008538706320759,0.2519967365937604,4.025330781671581,-0.108090095574768,0.2219783680089649,0.0275318865055585,0.2484267888128027,1.4645704432262312,0.2
32.20645160024861,11.865479630778395,1695.631717639076,0.5290471266009636,0.2021187129411674,3.172724941850364,-0.1266929453657967,0.2580240180673616,0.1292865793195666,0.3151864779733443,1.7812660251278096,0.2
33.92748591021681,9.15268944099744,1699.869958161161,0.5508424560820796,0.2857140905444697,4.235932038987831,0.0014404863571433,0.0888208961159326,-0.2187245763405835,0.2360755533365328,1.3470413868381077,0.15
33.76552478935904,9.98427187106197,1697.887603694239,0.5083851127172136,0.3277893169644353,5.711064836490208,-0.0493346254285768,0.1332249396057047,-0.1023560608654148,0.1750986950122877,1.461966302574514,0.2
33.21170372112406,10.617437914962853,1696.1583915799465,0.4903252751951712,0.3141296931238451,5.486251437076318,-0.0859121595471297,0.1607486340765455,0.0016499946330257,0.1822738187393231,1.5898654257787008,0.2
33.94015100051539,8.937151170318632,1696.030715891494,0.5061853577036399,0.3840783376809881,8.521103212443649,-0.0369244426594421,0.0846407984515246,-0.0724215451743413,0.1173556962130991,1.6403200988178477,0.2
33.20231336589499,9.942479948229815,1694.949033164105,0.5033462706309084,0.3317049176663306,5.902441932975957,-0.074989044602412,0.1472376843003477,0.0374342047363582,0.1694214041163483,1.851016676215519,0.2
32.700285950686926,10.74185211746071,1694.9977080994215,0.4993991561505922,0.2650377529155845,4.26112341839251,-0.1010712598340062,0.1975094795832994,0.0764804512467368,0.234679895842408,1.8038498359905,0.2
33.04286246067723,9.472043498846302,1693.848329507334,0.5079894249115875,0.3494272605953136,6.536856950977519,-0.0575232921834656,0.1259210067802806,0.0650957698380958,0.1529787185950979,2.067068596174315,0.2
33.6433957781904,8.800989511671828,1694.2788064486258,0.5149285212907795,0.4191887977858684,12.015766745033686,-0.0387581409612245,0.0736396708129477,0.0011122908182415,0.0832239857197058,1.9432856152073028,0.2
34.31893842950447,7.35395472711172,1694.800583667609,0.5206841357900942,0.4258226704293583,12.94566797253507,-0.0069447899167817,0.0050497330974616,-0.0767671925813327,0.0772459174854131,1.6734082425325387,0.2
32.543958403776955,9.46868699374594,1692.9333303043277,0.5526610479289786,0.2982009873835461,4.483241267313875,-0.0482104182540155,0.1651275678923958,0.1419902865267021,0.2230529075672851,2.5102826139622234,0.2
32.49927372756588,10.21006623556855,1693.852146071416,0.5200061579479549,0.2725547832447154,4.227510644771038,-0.0800966448640039,0.1897042621587931,0.1164076822649163,0.2365458266171107,2.138469743121746,0.2
33.237298720141084,8.951378177114862,1693.4870510554856,0.5168160284476999,0.3890763202375371,8.721873061614255,-0.0364658860737828,0.0918487400368255,0.058134757479928,0.1146542712712811,2.1482391301635286,0.2
33.07008336181048,8.664724535819559,1692.7412384812512,0.5499405496437669,0.3806217610985509,7.616037840161744,-0.0213471156806884,0.0917878771106332,0.0914301207174194,0.1313018686339356,2.444135760040449,0.2
32.094080181075164,11.181143743307205,1694.4637875421834,0.5241652351064932,0.2211094947382052,3.420330411938131,-0.105404863230206,0.2343029500981565,0.1395414523678373,0.2923694145190346,1.9903901231926733,0.2
34.402344755138934,6.699880281519538,1696.5898583881246,0.5863098433975777,0.3456719689066964,5.52583615100933,0.0093762408811079,0.001961004775902,-0.1807143858549978,0.1809680874843427,1.6108130337430255,0.2
34.184663299257736,7.90588625232556,1698.247941641545,0.5753729673177502,0.3052796441068041,4.4628182054788885,0.0042943954512089,0.0508780038185838,-0.2181788052847005,0.2240736579348729,1.440637894833687,0.2
33.899992679932545,7.80805239358377,1693.326113572827,0.5368116221177499,0.4776146613029619,41.608726592513655,-0.0109400563814008,0.02136733267503,0.0011651332415428,0.0240334199552245,2.043083689063836,0.2
34.222475982510815,6.335492536575554,1691.647747404029,0.5653849679334488,0.4421346997332157,15.282962085668256,0.0319257775566613,-0.0367411223848693,0.0437290065757651,0.0654323418715904,2.2216559274769145,0.2
34.239977008575224,6.780696007553626,1692.6358549769338,0.5339927091101432,0.4738903612044505,35.861942769824616,0.0123530819448456,-0.024491088895185,0.0050144968492668,0.0278847135086455,1.98612351574355,0.2
34.5567529305995,5.7413167212127485,1692.111529606863,0.5696683849642994,0.4416728754409134,15.047949306093356,0.0196364550990514,-0.0622204550395818,0.0126170643713387,0.0664542376943728,2.0972344512089327,0.2
34.51161030650794,6.313332005120755,1693.5642487716048,0.5362041983748841,0.4454351712780108,17.089407193219497,0.0076909065273607,-0.0392314769296595,-0.0427298226172736,0.058515780488674,1.82605389338026,0.2
34.552954374053414,5.345411722312095,1690.9901306146996,0.5583664412588137,0.4084826226922078,9.784691334738266,0.0386162316029907,-0.0728733769927154,0.0603588646267014,0.1022004645613841,2.1932932215692484,0.2
34.59723802243195,5.535068581348342,1694.9034523774371,0.5834757897993338,0.4005009135098203,8.61247690497507,0.0090366124514294,-0.0361371957441985,-0.1099732599384741,0.1161106161483395,1.7937101164060243,0.2
34.76502925752144,4.447790992923491,1693.2286796259173,0.5886475096933412,0.4180805606274714,10.368781477504497,0.0083122196900448,-0.0877477766262703,-0.0391478488236531,0.0964433479642272,1.9497019243887184,0.2
33.62945031930265,7.65527906974172,1692.3467934399991,0.5625883252214477,0.4545148637706188,19.53933545810313,0.0058880649236625,0.0200278617637202,0.046727790104014,0.0511788132275138,2.350893509343959,0.2
34.76822171229795,4.699266244625399,1691.3724348006294,0.5636623930493897,0.402087136054093,9.059645210328169,0.020789420020901,-0.1040266427619123,0.0304944807258447,0.1103795984041385,2.05781173264916,0.2
34.75811538837634,4.527596676688982,1690.3681394149853,0.5961524494833448,0.3901549229391818,7.635404924796102,0.0441251893378084,-0.1005284084823876,0.0714131604447323,0.130968823506987,2.333726754510108,0.2
34.87052995907945,4.004473894744624,1690.7356110271423,0.5672804244890793,0.3757083844466173,7.091373725888228,0.0171720865024341,-0.1292838223562349,0.053632434538258,0.1410164008631128,2.086906726103895,0.2
34.88967642885458,3.560763071369536,1691.6881016778018,0.5822932164191345,0.3841303977928763,7.410691896936194,0.0075667584148964,-0.1319531484067883,0.0272021944706841,0.1349401667087833,2.040631096641091,0.2
34.91376007237415,3.611118726496029,1689.6401650335629,0.583320879272791,0.3605863619581606,6.148330747386305,0.0289829729758078,-0.1320281540283658,0.0904555190253636,0.1626457718503687,2.261698028983711,0.2
34.96814378950206,2.901036890488997,1690.2366027162211,0.5965902777428618,0.3544729563780082,5.759040410354652,0.0043344391866138,-0.1596131802645387,0.0682327515117628,0.1736400387470832,2.1733148571288643,0.2
35.005240437603064,2.431536448570211,1688.7619144300002,0.6407073983332541,0.3207348191239082,4.3532571480821005,0.0132568629410192,-0.1935720071068457,0.1229724417324557,0.2297130553017219,2.429163419299618,0.2
31.19013897172092,-4.197534805026944,1703.0260960274288,0.6400405156025718,0.1867345180192509,2.4937332407918387,-0.024241516109338,-0.3008971274232171,-0.2639667384474305,0.4010052012148936,1.2140349726797623,0.35
31.663252459164884,-2.866387672828876,1703.0202276929936,0.6527471414233992,0.1910969506789265,2.479721059129775,-0.0115324512912908,-0.3073373256456052,-0.2608417206386507,0.403271164842604,1.2334452907877282,0.35
31.772120708103586,-4.016909940863309,1701.495505180886,0.644610248035245,0.1991423548337543,2.578171164555969,-0.0260433119293111,-0.2943210302684872,-0.2512796117612705,0.3878718425478267,1.226596155304203,0.35
32.36826161982099,-2.4266288157816978,1701.1979970950874,0.6517050651652392,0.2041740687802566,2.593478593113629,-0.0114156213419747,-0.2958153872835515,-0.2470563023807828,0.3855825155662608,1.227171804689918,0.35
30.827742752708872,-5.752448291200516,1702.1774731769742,0.6292233832334346,0.1918732593953042,2.578907474293956,-0.0359702875263864,-0.2787133412363163,-0.2671772497742452,0.3877611003759552,1.2058114599441163,0.35
30.07631806551576,-7.616667027032664,1701.470671554813,0.5799079634310133,0.2022608309112535,2.895842647086561,-0.0481477179094332,-0.2318658881225093,-0.2513319045085214,0.345322630359794,1.136794416529849,0.35
29.3476945103606,-9.056499883435606,1700.720758665438,0.5409779108475816,0.2121831938551654,3.211251516370637,-0.0598403572932922,-0.1920986639489333,-0.2376769907685266,0.311405068990112,1.0623848626865933,0.35
30.42267128650243,-8.032548311452864,1699.80375039418,0.5569931404969902,0.2155210293354096,3.1555131161246948,-0.0600588471934963,-0.2135442608925672,-0.2263205415807892,0.3169056705516427,1.0911384680288427,0.35
29.709258936324225,-9.243044575609767,1699.3509704901762,0.5183595811372647,0.2247326557897316,3.5041620449236444,-0.0699227364204373,-0.1774659432927479,-0.2122628108161029,0.2853749304912039,1.0108353058589767,0.35
28.645288510884217,-10.29469147517938,1699.6652952198342,0.5152764792906782,0.2250903846585685,3.529715933625674,-0.0718354825615352,-0.1569738598463699,-0.2246392963550703,0.2833089174325748,1.007927625683605,0.35
30.888863147802603,-6.89083034146163,1700.3875451528204,0.5811691842782005,0.2065633718602618,2.931926659117425,-0.0484148766725607,-0.2436200210383026,-0.233743104184276,0.3410726516266346,1.12366383977167,0.35
31.671879734563863,-5.406926437852683,1700.1245948971157,0.6147908061589465,0.2067833552500099,2.773665088807056,-0.0403352045391915,-0.2713580185377169,-0.2339284383102291,0.3605337948101357,1.1747878950896211,0.35
33.01467121694579,-1.8440829664783431,1699.3940622552836,0.6494480784603809,0.2216438583091666,2.7658253962602117,-0.0125307828419517,-0.2826801820928749,-0.2250720656781487,0.3615557226975144,1.226044265037749,0.15
32.44274370027188,-3.686400202680345,1699.6193475233033,0.6426314727771527,0.2101020818683932,2.683878903333917,-0.0282135566106311,-0.2903203810114884,-0.2318299904945766,0.3725950521678898,1.215676428589182,0.35
31.365552991274832,-6.868954421383892,1698.9536745978464,0.5727091989301175,0.2192846996664781,3.110067114189196,-0.0565968592413958,-0.2362024717210574,-0.2106914548239482,0.3215364695628773,1.104752547303084,0.35
33.58649272512557,-1.1686429523098132,1697.5974881848988,0.6321408975263546,0.2457967447186599,3.111537273800949,-0.0152174884149858,-0.2634534059421936,-0.1834359794851767,0.3213845478953346,1.2957718666053524,0.15
33.63769170908573,-2.4279668271045183,1696.0247455323986,0.626913110394694,0.250022891456841,3.190526909168613,-0.034159558353472,-0.2743118586199141,-0.1477265988596462,0.3134278532885277,1.3478347333121985,0.2
34.08462293142281,-0.423505481906562,1695.8066377504133,0.616867537590965,0.2775342646190144,3.643467991333244,-0.0157235491306478,-0.2372409777793435,-0.1371125647678554,0.2744637807656636,1.4160630676733907,0.2
34.12515938259494,-1.5694539749449,1694.3025734720145,0.621429379560202,0.2755943879539715,3.585456920985323,-0.0341018571880602,-0.2587342821897925,-0.0983938200000134,0.2789044805271817,1.4824791292148438,0.2
29.42699810849246,-10.10469101192274,1697.9275301342127,0.507704714388111,0.2433287322628862,3.836909471605762,-0.0841948930738724,-0.151998778958304,-0.1942517046757138,0.2606264253562115,1.033293724342861,0.2
30.795596255903728,-8.425885185454622,1697.8528534454376,0.5366343598494094,0.2356725506371708,3.524919982077675,-0.0741140903126188,-0.1932643089451323,-0.1940064729358304,0.283694383158898,1.0738678427417174,0.15
31.795027911379595,-6.927915691325769,1697.3647051421758,0.5539565542209122,0.2349960701050901,3.405979147875329,-0.0621633719410942,-0.2222217206416566,-0.1815350150864386,0.2936013277191688,1.1115594740930677,0.2
33.05440683780064,-3.181969894496933,1697.8249156821166,0.6374471663307877,0.2260748341498529,2.8634781674671057,-0.0325620813868735,-0.2870831576792312,-0.1961670719686477,0.3492256415157345,1.2409741019746865,0.15
34.48524144979475,0.3445214300035881,1694.0016003142084,0.6083576519542343,0.3085807487244383,4.293637903300793,-0.0171400765439248,-0.2177203101812481,-0.0809182742760082,0.2329027324896765,1.5614000285417338,0.2
32.33779673511116,-5.267128297166218,1698.0059280954438,0.6046550376453146,0.2218807283080512,2.9732487528157296,-0.0480409413303126,-0.2664766530301176,-0.1995038089520342,0.3363324373895655,1.1680546105444851,0.15
33.09116255339479,-4.313765700118503,1696.2376638412725,0.6038457039218968,0.2381533074138044,3.162255312408055,-0.0496438735851788,-0.2710760268414575,-0.1550957346246361,0.3162300008086636,1.256574623692036,0.2
32.456529257999534,-6.1439541612737,1696.152092762551,0.5667445331194498,0.2458415677688971,3.4711880489204723,-0.0615925255766894,-0.2339299329832673,-0.1564499208342789,0.2880858040263755,1.2098594410149333,0.2
31.638663691689267,-7.988419687906973,1695.7272276813346,0.5280332841379137,0.2591222627382236,3.93108145355562,-0.0801320025484598,-0.1914895430633733,-0.1470417960368635,0.2543829253640906,1.1832367701187911,0.2
32.55786332733121,-6.663421425898213,1694.678057001942,0.5394957668911916,0.2603974033515521,3.8680354228726617,-0.0748361957621111,-0.2170329270433606,-0.1188847585153434,0.2585291732559504,1.2405041600857687,0.2
33.65296166908126,-3.491694705563364,1694.5855972859026,0.6086789821378662,0.2560012747708251,3.366620326875372,-0.0492054427064508,-0.2700964855491035,-0.1133833592458697,0.297033791430862,1.3758983694283589,0.2
33.10916735046253,-5.243532271305051,1694.708851015257,0.5776176936042539,0.2518337293025792,3.488082608677467,-0.063498716040514,-0.2519790678971102,-0.1211027704416954,0.2866904578212262,1.2917681591958508,0.2
33.65004408199867,-4.520144511302751,1692.93168632362,0.5879569004009123,0.264357265612667,3.608863526423298,-0.0646978259323782,-0.2589075651877842,-0.0745855494986184,0.2770955434247435,1.4279355699520029,0.2
34.12455950112662,-2.6865129620869848,1692.7986224271738,0.6138249617367704,0.2697756129604372,3.538132831763587,-0.0496959996714075,-0.2715013817204729,-0.0608261698718428,0.282634951130862,1.5106495454417053,0.2
34.485510259249125,-0.9225873767282096,1692.490103496298,0.6211593532814954,0.2906502102577349,3.844983196479322,-0.0355138013741794,-0.2554378922653511,-0.0336366255658467,0.2600791600118448,1.6325574796440996,0.2
34.77611417493954,1.0943094715063415,1692.1732272049817,0.6147635849093146,0.3285099426475003,4.742670188397755,-0.0178785216315386,-0.2097317227280642,-0.0123043064712674,0.2108516848686532,1.7841414212459783,0.2
32.973070458948484,-6.307557468898051,1693.285525555479,0.5451162528559876,0.2694740062685534,3.978881184468484,-0.0771797930732146,-0.2228570146035415,-0.0868519269786461,0.2513269317775781,1.3274776208751071,0.2
33.51878200199519,-5.481383858075185,1691.7420937525162,0.5671886057300599,0.2713946218620997,3.856169038296519,-0.0794815788921463,-0.2422628540894977,-0.0473360797796094,0.2593247313768575,1.456638066734845,0.2
32.13561862806456,-7.859149142523987,1693.7181335670632,0.5111254159358726,0.2781805692861888,4.4100441873428045,-0.089541197384167,-0.1841284954452146,-0.0974522724784287,0.2267550975725104,1.2629334937592351,0.2
30.36263974289184,-9.637792231868328,1696.0650698853,0.4985720690698299,0.2614539760124006,4.204069405149283,-0.0947249789875763,-0.1525644655024205,-0.1559836875735207,0.2378647694957573,1.1100044071717474,0.2
31.18787738379141,-9.1642696989684,1694.0038692304554,0.4902161235882174,0.285246555364387,4.749438564181403,-0.1042720532993117,-0.1504334344025361,-0.1040621425401298,0.2105512023129741,1.2214619717392214,0.2
31.73909861823663,-8.810604996614806,1692.172901747612,0.4930636215620438,0.2991863514514751,5.049795793300191,-0.1110756375777059,-0.1532308126104185,-0.058288370952286,0.1980278096248463,1.3416863693468437,0.2
32.74249368982148,-7.258832433055528,1691.9829450961524,0.5208185762479778,0.2873983962338436,4.515615987950772,-0.0927682747837905,-0.1927840554516848,-0.0571848696550357,0.2214537291630524,1.3769617513912018,0.2
32.35459734803694,-8.234938585257636,1690.2205004122393,0.5036810485494492,0.3000562382681201,4.964854610433131,-0.1157922029881403,-0.1647840260891454,-0.0025887675776269,0.2014157671200689,1.4883615169379067,0.2
34.948375108624134,0.8831338966833738,1689.216036030311,0.6230386748886169,0.2970206142956246,3.953694097540867,-0.0188993636641297,-0.239809989479752,0.0781445056904177,0.2529280149979189,2.013684612678961,0.2
34.98980880029156,1.0461824958896302,1687.878943823125,0.6436338139451806,0.2776908925541404,3.49441030318683,-0.0146676590529386,-0.2559822271869915,0.1270904482834636,0.2861713174002551,2.2027413131104407,0.2
34.95537558381147,1.814264037991993,1690.3514644984814,0.6118163352812988,0.3281054398148832,4.75430241196353,-0.0118489768044306,-0.2033125373437547,0.0525810094756945,0.2103357997344976,2.02363689807971,0.2
34.77124263741816,-0.1340071667988933,1690.6135207847724,0.6293029884189768,0.298708724520545,3.947164792994476,-0.0314633032412733,-0.2501669292268926,0.0247177604420618,0.2533464024037771,1.8468527611040757,0.2
34.07764965836978,-3.7974017584392064,1691.168207640937,0.6005767828351597,0.2671259845045841,3.575036114014474,-0.0643081915842189,-0.2715314223833958,-0.0194164173271512,0.2797174540642839,1.566709641722878,0.2
33.80096367752194,-5.126431502954984,1690.3273769478349,0.5743745605649232,0.2690682654927373,3.7695646002032257,-0.0801719922811617,-0.2528522526585977,-0.0036141661535791,0.265282627056209,1.5510737871898457,0.2
34.42764482767382,-1.9848795908577488,1691.4245266018183,0.6142715089693349,0.2766804326409257,3.644876806155542,-0.0467278102382647,-0.2700819358570637,-0.0120168471685932,0.2743576952480752,1.625637258008639,0.2
34.53686221541667,-2.2149189630868715,1689.7311504149277,0.6259806057127802,0.2674671151447763,3.4349842235488395,-0.0519055999984703,-0.2843890092466692,0.0343628814490857,0.2911221522196262,1.737651737326943,0.2
33.23273700099186,-6.660938824091117,1690.2835643421288,0.5358167202435259,0.2828385218284459,4.297055405934904,-0.0952741509900497,-0.212065539257818,-0.0104153226955992,0.2327175019942363,1.4903383296769814,0.2
34.835349564776415,-0.5124423444852055,1688.6624011408885,0.642323823095748,0.273959345527213,3.443732572854856,-0.0349902157123788,-0.2773587020465366,0.0785486251640661,0.2903825947120509,1.964531184794396,0.2
34.196823672732194,-4.035258927786765,1689.2638913485266,0.605824514793496,0.2628421928237863,3.4800520139165427,-0.070164139755288,-0.2766214201141412,0.0335971844622353,0.2873520269240383,1.693385955768448,0.2
34.59393132898391,-2.398721866755239,1688.097949304352,0.6372929212130973,0.2552799565635205,3.2059841338188,-0.0532809786675436,-0.2967236558575517,0.080051475962408,0.3119167027220601,1.859979259736328,0.2
34.85403189131491,-0.6419280150504023,1687.0206744858046,0.6654807403728127,0.2540842917258868,3.0552604789615803,-0.0335723483566279,-0.300245749122011,0.1259107438459243,0.3273043352231228,2.1151033631524987,0.2
32.96127037261203,-7.470615054693756,1688.2677576198184,0.5332867051694066,0.2877609768219216,4.417575791183553,-0.1151258248057739,-0.1864199934068134,0.0568887313178477,0.2263684987580214,1.6892949632857437,0.2
33.71032055993873,-5.743764700301704,1689.0254747263496,0.5684357141117299,0.2714468912218445,3.848588830521502,-0.0903653221653497,-0.2411340582342419,0.0346837304041509,0.2598354992015333,1.6418791911743058,0.2
33.64775999998892,-6.153507481108844,1687.3703793374818,0.5674425873460057,0.2668872471530636,3.779915090413188,-0.0987084407609757,-0.2313336480452768,0.0820449498297203,0.264556207237631,1.7678599115772995,0.2
34.22341683461713,-4.347689879091588,1687.3926172634924,0.6204418233108229,0.2530967924462974,3.2639403027631486,-0.0769358778343754,-0.2831603666116281,0.088139944652175,0.3063781525518195,1.852420798980301,0.2
32.655669635781614,12.388197377961385,1706.7566205849305,0.4979492197423264,0.3506056179989028,6.7212597900136055,0.0063133217801521,0.1221598805984732,-0.0846940348069901,0.1487816319026668,1.5432679388077386,0.25
33.102329338488545,10.899519847177624,1705.0312435063145,0.5283310046230637,0.3249486559736017,5.406279033791507,0.0269386778735651,0.0684472892859094,-0.1697151022467208,0.1849701049001691,1.330673566438241,0.3
32.3285942777101,7.704018661537112,1707.546211188554,0.5979515239588855,0.2496305123037439,3.3398166584439557,0.0609653554724233,-0.1607093820009104,-0.2451665539684257,0.2994176334415636,1.3527978368145452,0.25
32.65919121297247,7.193818489684585,1706.292146828739,0.6065978007615812,0.2426057447607877,3.202361259142329,0.0645976428032592,-0.1437819834827939,-0.2695666435413212,0.3122695783135424,1.3220947989498406,0.3
32.77617789732017,10.132692432472451,1706.536086262045,0.5687488842095931,0.3068789214452746,4.552183585492093,0.0544574555627382,-0.0249188407179943,-0.2113538569804847,0.2196747958907065,1.4365593070671347,0.25
33.05778130731198,8.734984477360424,1705.256207141962,0.5970976717507737,0.2623669737868923,3.5238533623786443,0.0640357835582787,-0.0547112959579341,-0.2709932189540551,0.2837802533658743,1.3543964298076798,0.3
32.64464803551317,8.617701199436016,1706.7638900155468,0.5975198555570345,0.2642932758106837,3.55014172407493,0.0655014331427111,-0.1062284362604119,-0.2525234282253614,0.281678895582844,1.3726914818527227,0.25
32.1790147094094,4.216442075676392,1706.5029996260969,0.6298571732381765,0.2111162974834273,2.747925048832604,0.0473438918153604,-0.2393622172946652,-0.2699915931717533,0.3639109445233334,1.281576618257692,0.3
33.451071651441865,9.669929124808789,1703.4088288932962,0.5556252611929415,0.2777720236616558,4.049387056758564,0.0388843413833393,0.0397209711738513,-0.2406138535459357,0.2469509547947426,1.2903286877318696,0.3
33.39692841991471,7.656992881105851,1703.599285124605,0.6116620699957598,0.2418639856026734,3.166721377871499,0.064239322616524,-0.0567502840553976,-0.3039280516763891,0.315784017813448,1.3241195505891037,0.3
33.0115925773587,6.915096480438422,1704.9484458903123,0.6051032944943676,0.2398022083702486,3.1756810726340325,0.0663204032186709,-0.1131589325634363,-0.2862766373772196,0.3148930818706431,1.3292717256708104,0.3
32.662611064638845,5.566035265474736,1705.6295633788052,0.6175013923648617,0.2267425660925824,2.9631939443808157,0.0595627424656589,-0.1796235023141304,-0.2794211334160904,0.3374736918237589,1.278653919733223,0.3
32.17685845690378,2.3407095064824266,1705.4503827132266,0.640350994146191,0.2040409901144595,2.638276751572747,0.036288929948978,-0.261208232958083,-0.2722519522299673,0.3790352924134564,1.2776952016778227,0.3
32.071740172436456,0.2826316950121363,1704.406457129803,0.6569938599704612,0.1961563274934716,2.504716039314186,0.0182105745318699,-0.2942735068824625,-0.269201651025382,0.3992468544553295,1.2563450146526238,0.35
31.65868843063896,-1.6839596807605763,1704.1034323589172,0.6568047159784424,0.1884077633655055,2.443133019152921,-0.000765809489289,-0.3129690107251008,-0.2637894957422235,0.4093105009676134,1.2434715462321433,0.35
32.31014061797595,-1.0334748309482749,1702.6379701211692,0.6588387677012779,0.2010396346324809,2.5385004370993376,0.0032542954706761,-0.297121794203279,-0.2586339866665189,0.3939333574205201,1.250128295513832,0.35
32.74345244959108,3.96019880459952,1704.5679274180886,0.635311478280061,0.2198353408989733,2.8091177982622746,0.0501166083300384,-0.2097410228857041,-0.2832338012222907,0.3559836474706051,1.2809030227184102,0.3
33.190380422837094,5.7746407367450985,1703.8353814258817,0.6130383072911656,0.2381862032261696,3.115228175628697,0.0604464561164519,-0.1266529386315156,-0.2887017175979752,0.3210037735994044,1.3036523922140015,0.3
33.75202846685829,8.433808123437743,1701.7943509369354,0.5868769047914018,0.2535247669674482,3.4566045657913684,0.0434611136026993,0.0186934299029033,-0.2854065467228363,0.2893012437397669,1.2811299253665025,0.15
33.65737735988939,6.402868189172233,1702.0573633544725,0.6267840995983541,0.2422192546930614,3.0945788903519764,0.0598342905602387,-0.0655286602740406,-0.3107233893061952,0.3231457446820042,1.2979048809486071,0.3
34.006517683388054,7.189832556823761,1700.227517559637,0.6082247555749051,0.2628955155426141,3.467098209700893,0.0408817151322147,0.0020432601451832,-0.2855063167865924,0.2884256342096147,1.3294246102658906,0.15
33.89094917241836,5.127448496724726,1700.4426951324417,0.6279410191401417,0.256501999320706,3.2700602250535287,0.0495116140643197,-0.0837760808929953,-0.2899081283624106,0.3058047654102855,1.3010547104095187,0.15
32.89895738083524,-0.6054974290516852,1700.950325475049,0.6504510711750084,0.2182320296160687,2.7281217461548946,0.0051107677077992,-0.270868362471059,-0.2469108883970035,0.3665525563180724,1.2429949081059553,0.35
33.46307681366143,0.0794332996679937,1699.2641882740977,0.641155182656127,0.2417025274332712,3.019163903704155,0.005659278391768,-0.2425495206593911,-0.2254833749851081,0.3312175264062739,1.2663668203579326,0.15
32.83832836832267,0.7633011970871104,1702.2374462750822,0.649698369623876,0.2161701953436313,2.7114414390344823,0.0225078448580435,-0.2563886523842583,-0.2641538275848926,0.3688075226718118,1.2554021011075354,0.35
33.73482901271349,3.526314499430315,1700.4379251880223,0.6216986086120093,0.2561427722819601,3.2980290498960163,0.0403441976924126,-0.140626102896595,-0.2655819967218111,0.3032113983445745,1.2667609665841373,0.15
34.10214665781273,3.998305483050274,1698.8042398502148,0.6177825363913723,0.2814919289637992,3.703965166694533,0.0348671965710329,-0.1023775651129838,-0.2473718276250137,0.2699809406934605,1.348876088783403,0.15
33.744129411600376,2.0190509153878,1699.4625648752133,0.6356393838844139,0.2575155612458897,3.243958823710755,0.02471861706511,-0.1877965180976291,-0.2432056009885602,0.3082653185024411,1.2936081616479949,0.15
33.39876745644197,4.192768849937942,1702.2667603085308,0.6240533245041379,0.2433243351914101,3.121501928991933,0.0509363518541131,-0.1446938896312916,-0.2812450914186591,0.3203586038862205,1.2684733416712366,0.3
32.79458596647764,2.3284356926698324,1703.4469030971836,0.6492473952622182,0.2160281693876078,2.711967790993586,0.0373649214558943,-0.2386969961208092,-0.2785566407944539,0.3687359427058789,1.285371412684453,0.3
33.277530350495915,0.9085783897421508,1700.6870764103348,0.6392136626113178,0.2342226482977404,2.9431065525814426,0.019705665317285,-0.2298777030727004,-0.2494320703373231,0.3397770288414753,1.2462427688504365,0.35
33.35896091752746,2.3598137338162446,1701.3640944152455,0.6383640167613939,0.2404680527417879,3.017941244287943,0.0343606053794577,-0.1980000277048168,-0.2634564391111204,0.3313517126593169,1.261901028634574,0.35
34.24093410295564,5.99352773856121,1698.5482110031203,0.6003884078508475,0.2905411135970459,3.975931703233575,0.0327446280094425,-0.0087026539504052,-0.2492208473848261,0.2515133746353622,1.3848198169223047,0.2
34.42772005588769,4.814245045759518,1696.962174517153,0.5841029773023139,0.331765973111607,5.088230114266843,0.0221169234073247,-0.0485036227447346,-0.189164119617133,0.1965319919781357,1.497560442181114,0.2
33.949104577767656,0.9019016878364312,1697.639668878357,0.6255341596509334,0.2693639296577322,3.465706202461542,0.0063796767402941,-0.210535166637301,-0.1972065656358842,0.288541480893488,1.343099747853507,0.15
34.21977872503332,2.7212072955354274,1697.4258851726695,0.6111851863590291,0.296212012290054,4.014381143214657,0.0191441841637829,-0.1468289458067141,-0.2003191509424081,0.2491043984924696,1.4048240844645306,0.2
34.590440164451564,3.5606718619965525,1695.2683900788998,0.5873093418554014,0.3631563784743369,6.221262642866414,0.0114625213864339,-0.0961995324613849,-0.1282626627586884,0.1607390745906936,1.6192386721638534,0.2
34.38156486319468,1.538532691182409,1695.635067864783,0.6100842745180484,0.3131759811479326,4.386796248500014,0.0025345753354263,-0.1789760008704195,-0.1411575930044037,0.2279567920078194,1.507173878287145,0.2
34.69320748531805,2.2828552979944754,1693.789977975707,0.6054126358431657,0.3550003639392324,5.6957590787720624,-0.0003714831168433,-0.1585130073302382,-0.0754853683025012,0.1755692237276981,1.7166821265261183,0.2
34.865902052831835,2.678949332412192,1692.1802598407994,0.5807058797451193,0.3663133436100274,6.440590981997931,-0.0023099893944241,-0.1551612142608109,-0.0051923878787066,0.155265254818245,1.8367595939281,0.2
32.95223465056801,6.691538326735237,1689.1427450992103,0.7549403352734866,0.3198143358983545,3.6756752999822,0.1026138363073454,-0.0224720647729668,0.2509610039304863,0.2720588513367442,3.768306711176307,0.2
32.50497626117567,7.0066126522641285,1688.5242167816057,0.7312234474994525,0.2888103589518482,3.237779605946777,0.1013418319562743,-0.0296956972788797,0.2902388092454924,0.3088536348068029,3.723005841891756,0.2
32.402672146697086,7.415913195308557,1689.3766551543713,0.7009479049934507,0.294890850358618,3.4777569580386047,0.0692046601374583,0.0389848725842565,0.2763532151192117,0.2875416574722297,3.6657224845880094,0.2
33.098084330183454,6.351645432890869,1688.5693835846305,0.7628125560097766,0.3073468771892205,3.402327521931752,0.1299590234498046,-0.0760124417192191,0.2524274863132406,0.2939164420691122,3.693328152415841,0.2
33.427567535402474,6.102388095172032,1688.9452010899993,0.7580453655767753,0.3288500829693247,3.8538793497754495,0.1219817279507628,-0.0630215873799609,0.220177171154592,0.259478802847906,3.6249959982793616,0.2
33.552694376931164,5.746949266482125,1688.1797424264944,0.7538001295173108,0.305634497957866,3.412672494609238,0.150304418423349,-0.1156237421175445,0.2233912816314703,0.2930254812261154,3.4538660257977867,0.2
32.902826093409885,6.346625809611333,1687.5997576460709,0.7461527489668528,0.2814043252387155,3.0654955953468965,0.1471363043461102,-0.1092248826575827,0.2698792201636677,0.326211527270793,3.499692951734857,0.2
33.65828578483876,5.422191207575204,1687.139210668335,0.7360643830260526,0.2766797444164958,3.04176798581374,0.1631452855756598,-0.1619674151056259,0.2350123253256409,0.3287561722865847,3.240136734072524,0.2
32.20816853255098,7.106313653214924,1687.6289724554745,0.7057069492072001,0.2679632422700027,3.053436002068825,0.1126026352870054,-0.0491071934490803,0.3035874136456213,0.3274999048031332,3.5182883866165477,0.2
34.942405337553524,2.932060181610058,1687.4878353251806,0.5910462192608552,0.2858923079638963,3.951084252780827,0.0374906924737946,-0.2025885229242653,0.1470015639149593,0.2530950837852132,2.299113608223577,0.2
35.002761607287106,2.1471796813740665,1687.278434256216,0.6410829516494024,0.2816532187081244,3.5719797015214736,0.0111056727411716,-0.2228617157385256,0.1690713709509826,0.2799567980674843,2.507807127457559,0.2
32.59431486591132,9.038045649005603,1692.439466492894,0.5650498049217002,0.3124991632434045,4.719326938890015,-0.0247598972222165,0.1433316100809012,0.1540854570369874,0.2118946224639397,2.7035052872901253,0.2
33.01381531755534,7.092247978787235,1690.1863252833791,0.6874921343194771,0.3439098544792931,4.659365558675431,0.0676412238013215,0.0252445039174981,0.2021132499382522,0.214621494580537,3.420583278000829,0.2
33.684197913958144,6.7554721298608325,1690.9819757570124,0.6265765409055163,0.4100206132412851,8.868554608386363,0.0443886655966993,0.0007717412470184,0.1036503985842309,0.1127579458161503,2.816212391211034,0.2
33.60640776990602,6.248672129916387,1689.835200779074,0.7129149199017345,0.3631525884420563,5.125021756443527,0.095577227246371,-0.0368299181974681,0.1660746921084037,0.1951211228991821,3.3382092631924625,0.2
33.02032256654944,7.652277317549391,1691.1694306516206,0.622137846664227,0.369102192329576,6.139754552131595,0.0232581290737205,0.0626874267053729,0.1485158146213699,0.1628729603942915,3.0089924276852176,0.2
32.57775981570243,8.59600823305883,1691.8013341466608,0.6049933871908272,0.3261190427195276,4.752994964438082,-0.0083518458221966,0.1254518666213792,0.1686937089007441,0.210393658626193,2.972681601318332,0.2
32.35525961060026,8.090994394341019,1690.6046484712033,0.649218553484104,0.3069916929916991,3.990277325818252,0.0392498116524963,0.0865788657519841,0.2318803511246637,0.2506091477726898,3.3778302729697463,0.2
34.13379509658293,5.788891617492232,1690.2251336412305,0.6196543347207345,0.3872112276815493,7.154094009336001,0.0685500415758272,-0.0566626010265762,0.1078365371169186,0.1397801033499159,2.679633754951981,0.2
34.00560411800058,5.5056767663298665,1689.1380693240046,0.7184805917297816,0.3528511189378886,4.729312361745458,0.1062036732589638,-0.0940644658376825,0.1567883517493116,0.2114472302757621,3.133284230539952,0.2
34.52904970631148,4.61352098766742,1688.8613175378937,0.6255931109339705,0.3378342793148804,4.928547996404304,0.0792541231031387,-0.1329949529157212,0.1311462535177502,0.2028995153805065,2.6223696407855224,0.2
34.13798338415181,5.004225586362851,1688.0132151990003,0.691244891491858,0.3051088350433273,3.711469688086933,0.1353915049866707,-0.1464115494168609,0.1811851034073763,0.269435044346394,2.966637949564105,0.2
34.548273570532245,4.350371470817148,1688.070410882844,0.6623328227514165,0.3055133503908274,3.8815388011420073,0.1014881630583666,-0.1664373497919609,0.168439504181056,0.2576297832462179,2.8215958924913016,0.2
34.76851513414394,3.945232270206509,1688.6112308662302,0.6153832967571674,0.3224387210241604,4.575894844250295,0.0573161475277537,-0.1634155326761925,0.1332982392140059,0.2185364904651425,2.523483005278549,0.2
34.75952936692221,3.7413489778511217,1687.771848149874,0.647851835936204,0.3042459979475679,3.942608563015924,0.0668899011778382,-0.1878974266555435,0.1566943886159753,0.2536391792430551,2.622141829012038,0.2
34.44138236543268,4.394274176668292,1687.3589981748037,0.6861101379390726,0.2897900534375954,3.4667530477666784,0.1204324059361151,-0.1734373139198302,0.1965233987931107,0.288454350864193,2.9423259216383846,0.2
6.517404087448999,12.89761481873188,1724.7950532049897,1.9161613413300995,0.0712208290009046,0.6085611866053261,0.6356528178785331,0.7533030169782733,1.314782300487429,1.6432201428720694,8.516372714822626,0.2
6.846958689343039,12.872323361319596,1725.200027489444,1.031382611711923,0.0711450548968818,1.1304198545321291,-0.3440073211190951,-0.4318918779918806,-0.6911536846422286,0.8846270666520547,4.407755818613591,0.2
6.418222234222323,13.524947071594076,1725.0302144436316,0.9524755956338932,0.0713449492925938,1.224639327647271,-0.3227208081925268,-0.3621585568667268,-0.6568668378324131,0.8165669494880268,4.0596464606823295,0.2
7.209718586696993,12.404432722361182,1725.3153906733037,1.1396733738826883,0.0708827926113296,1.0223831246673118,-0.3850264074928488,-0.496898231508827,-0.7493596883622937,0.9781069110715266,4.8822066647341416,0.2
7.0246330343342285,12.202815529788024,1724.9796845695244,2.0813156239895774,0.0737952772129754,0.5636555688122901,0.697554565324351,0.8767743050229518,1.3755844913004225,1.774133097109562,9.27681457033496,0.2
7.48905674743,12.082391047099998,1725.39142846,1.0011554475185926,0.0712599042417206,1.1648617611014247,-0.3741449266282373,-0.3950475777390373,-0.6640221251857147,0.8584709648760888,4.275575425377369,0.2
6.134674788401789,13.520984584731233,1724.610706932711,2.0725739357822093,0.0720212109168065,0.5636866202348283,0.6815681281116743,0.7471978210072162,1.457519051376099,1.7740353666429165,9.180082547885112,0.2
5.988757412942826,14.33096956148198,1724.8089994359398,0.6339996878083575,0.0726170993720356,1.8452865575693675,-0.1897710402002035,-0.2574907090552837,-0.4374518596310512,0.5419212511455194,2.666859783655539,0.2
6.010416830149808,13.02965953269378,1724.1487953867136,0.9652299200249252,0.0965540283158808,1.283966950921222,0.2867849343312834,0.3474312156645849,0.6353202734471552,0.7788362459660811,4.294030697254677,0.2
5.64280617236,15.1432658043,1724.57608741,0.3949771570724168,0.073981180587875,2.9714555652044123,-0.113080135017971,-0.1536253958936718,-0.2772511481476714,0.3365354043014969,1.6391445251986088,0.2
5.652259925451568,14.030964398951529,1724.0856212182805,1.7950108046443076,0.0735062646881106,0.6531159365200443,0.560335619832212,0.6165341068548322,1.284618008611367,1.5311217259959018,8.00608272836225,0.2
5.193926781064756,14.856253532190824,1723.5799620384917,1.448084198979808,0.0792865825141475,0.8207101920916829,0.4150300085810083,0.4749213867503557,1.0425147462121236,1.2184569043201163,6.316585122976417,0.2
7.404378179323307,11.558164212431446,1724.9540783107902,1.600696551156966,0.0790988172657003,0.7421314713911606,0.5187397307858721,0.7213182145221974,1.0130572105335482,1.3474701431613627,7.185075982158275,0.2
5.3477457874433325,13.41488567055503,1723.247339932945,0.7348034025678641,0.1248826936812659,1.8139768677903751,0.1890367013073969,0.2423327505975216,0.4576505541714169,0.5512749460901951,3.1387591828017327,0.2
6.633270256938525,11.995300490821853,1724.3870750490055,0.8717529180162739,0.1056679360924712,1.4545026027671937,0.2607545714141915,0.3379036766159077,0.538991891885138,0.6875202547575359,3.80616116778968,0.2
5.931249137832901,12.38921657154057,1723.6693195793216,0.6893369968889607,0.1501480187674957,2.0732614800441955,0.1795796494253981,0.2187583613926716,0.3905635944693795,0.4823318281969349,2.4222933106946365,0.2
5.54512087839082,12.210187796316736,1722.9696381900103,0.5402312339951355,0.2020131007963907,3.105940584461144,0.1045381264291946,0.1615138040034118,0.2581582265759091,0.3219636605422998,1.72752891763365,0.15
7.289707607207526,10.84227513644634,1724.3592974214164,0.5984580290050058,0.1580758439549566,2.443467251441049,0.1642283063917526,0.2125980170895438,0.3087400247999493,0.4092545129918333,2.138152362235985,0.2
4.651004460323798,14.483203666091736,1722.279447607476,0.7064224923553021,0.1239624596723468,1.8822368964804288,0.1662907779279571,0.2172960836714801,0.4554021878975979,0.5312827529148364,2.8358132591023915,0.2
4.77244409247318,12.706051088167635,1721.83175024336,0.5157811724773886,0.2066142506144995,3.30419374111109,0.0841658111842946,0.1629415344148371,0.2407500513848108,0.3026456916124214,1.6442054067121246,0.15
4.8291004976290415,11.051563784434263,1721.1349324657,0.4812217664534939,0.2380144702209467,3.965951845716848,0.0406181477317605,0.1831595690215439,0.1684650832936016,0.2521462788510609,1.4059379915295034,0.15
4.079264068686445,12.280267410780151,1720.1555825146218,0.4793436473075378,0.202997925626062,3.5120730915081757,0.0459859520223269,0.2075144212785444,0.1894609051783001,0.2847321151766161,1.5126425285677654,0.15
2.955054689258388,11.172708197619825,1716.560124401804,0.5144777951269928,0.111204580704885,2.4996674183197998,0.0424958272599956,0.3098175305358185,0.249499060899316,0.4000532201488507,1.537109602618634,0.15
3.4840021561099364,11.769189193238573,1718.4300945865748,0.4923958343741275,0.1440684134957666,2.8529167823312043,0.0474675956331709,0.2624048517644213,0.227494423361857,0.3505184610337178,1.5243575587870906,0.15
2.9186426969484947,12.828050478655676,1716.752686971097,0.497360699856176,0.0990703491643139,2.507438922700359,0.0599564592791233,0.2835570693101873,0.2739574099307411,0.3988133034654583,1.5965038976130932,0.15
6.227085926356512,11.298027807269388,1723.438700239325,0.4906946955150587,0.2294994293479568,3.766955202310791,0.0988424673274799,0.129028119513481,0.2098911989800124,0.2654663903055079,1.5525220479699209,0.15
7.1282292947429085,9.829021177175914,1723.518302402572,0.4495821800204747,0.306229083826819,5.739477038738171,0.088484873454093,0.0669108706209227,0.134350728244197,0.1742319018354067,1.1437808995601413,0.15
5.402388966070272,11.44590694784151,1722.3234291824483,0.4628396441676809,0.2586075207060673,4.475233685383552,0.0640103993920382,0.1262014865235442,0.1729354160224696,0.2234520184423161,1.3844563548378,0.15
5.844345657757229,10.111000375900272,1722.205267506493,0.4692942489622781,0.3111494824006173,5.64165588601419,0.0468979975504623,0.1100630827421742,0.1307872110875452,0.1772529236458795,1.241365540745581,0.15
6.913391762219812,8.47094911892989,1722.394032550629,0.4881034494669198,0.3571318051926452,7.170056372247263,0.0639981338593786,0.0633969578460548,0.106473675251992,0.1394689174091635,1.3011267994886977,0.2
5.61995814467098,8.61002976263278,1720.9840709839627,0.485813495700601,0.2438601013751622,4.018122712591467,0.0290537495151318,0.1897282770889978,0.1584189112603473,0.24887243907866,1.2444995356131292,0.15
4.961734981538542,9.90094149198656,1720.747173659087,0.4803509582422126,0.2497322408826579,4.159167759664412,0.0254053436954465,0.1878315976044739,0.1479248129585677,0.240432715818293,1.2861527897974254,0.15
4.219150479438333,10.722900637589383,1719.7749652153254,0.4785536134829898,0.2041069832052647,3.5310566790077007,0.0323175489406625,0.2194458372648647,0.1760741384317811,0.2832013447830071,1.4271387167827687,0.15
4.021524855343368,13.994243572478474,1720.5885324598794,0.5123641792839189,0.1653094199368317,2.915733023253186,0.0778864858959336,0.2077962586649283,0.2614970829787882,0.3429669287362479,1.708897443810804,0.15
3.4170163993245484,13.427958696259385,1718.683742901481,0.4771067561481973,0.1506221064603108,2.999570099394669,0.0597858813387251,0.2316876314572223,0.2321410180665617,0.3333811069132226,1.5533741108395172,0.15
3.6392477310005935,10.064708663315724,1718.123404042529,0.5120735763771913,0.1525677978237236,2.810396325514034,0.0301609694586751,0.2853545056783742,0.2104096115971144,0.3558217006340184,1.4801832977478586,0.15
4.528170891468255,9.00370625254529,1719.4822125065332,0.4943306565604803,0.1776776766920819,3.138066010461304,0.0270956022669203,0.2522421241295574,0.1928439413464481,0.318667611409805,1.3645686621993152,0.15
3.837651645494693,8.690347996671635,1717.8904728040463,0.5278199893446278,0.1495532939511036,2.703100472666248,0.0153052694175242,0.308851528679185,0.2030669701622126,0.3699455533051767,1.3739132353808012,0.15
4.417582850808761,7.40874669337005,1718.343150654537,0.5517804149197272,0.1522858866690005,2.6060419618770974,0.0046371264662714,0.3225424862092719,0.2078189133653333,0.3837236754544479,1.3246195948340027,0.15
3.703028680612377,7.783149660750365,1717.060469207381,0.5619083985814539,0.1351221364617833,2.438692062198943,0.0070471041949377,0.3449709803270912,0.2215652932685549,0.4100558719571632,1.328784610050698,0.15
6.668021061862417,6.9038610070306055,1721.0940732441388,0.502104818556149,0.2627742646905651,4.197723355549722,0.0272314588905761,0.1820197843356657,0.151255069381274,0.2382243695687857,1.2911948913408076,0.2
5.413538988586533,7.139076279377069,1719.778547163917,0.5229710735301564,0.1922855728310545,3.107023069063855,0.0030485700582919,0.2690583042529317,0.1765976100330741,0.321851488634521,1.2396284000199196,0.25
5.19854636509738,5.646904593637469,1718.494675748166,0.588554483246986,0.1651297145839387,2.5369196935143363,-0.0269311396058097,0.3414838973842212,0.1950394836832543,0.3941788155756413,1.4304565717912832,0.25
6.42405708173569,5.332561081965366,1719.7666130398316,0.5624610089595867,0.2065946257609952,3.0297690045286987,-0.0215368824660262,0.2798251079848065,0.1737022289781535,0.3300581656572716,1.373549302011062,0.25
6.185276543862657,3.787962509581312,1718.404280400558,0.6209920961018192,0.1796782940845205,2.513608076094333,-0.0601723409654528,0.3437369184693458,0.1910405868094554,0.3978344951667282,1.4980677549867132,0.25
4.064940902117325,6.201718253108136,1716.8800233370189,0.6144014184185316,0.1294001052431824,2.195899718505656,-0.0150903196264285,0.3919409124240916,0.2313838426616656,0.4553942020086945,1.4242493926334996,0.25
3.1439153377747338,9.310039425241476,1716.4003157451782,0.5476396930915531,0.1164856800473085,2.380638766086263,0.0254914040294002,0.3403705595650763,0.2448357610346992,0.4200553289502153,1.456963298921624,0.15
2.5370032363387183,10.566987535817944,1714.671288438302,0.5294363954021422,0.0785156133081516,2.2406535956296385,0.0429993872894262,0.3317897552612262,0.2953791244368127,0.4462983488168296,1.4805420232926894,0.15
2.533262063617812,12.18912304871124,1714.803986193275,0.5000098271825766,0.0807608803581434,2.385226709939155,0.0539461879812754,0.3021907402522307,0.2855501948398798,0.4192473595206005,1.50891493295252,0.15
2.2637779223421046,11.508181280408063,1712.8473306740357,0.5551002453928319,0.056105506296592,2.029171842058263,0.0501653316302134,0.3366987845113656,0.3563438252280878,0.4928118847665773,1.487864008093636,0.2
2.249953254734044,9.855985986445983,1712.8637997203537,0.5651004703799144,0.0653864411683323,2.0358279122256118,0.0361500208003345,0.3558354761290777,0.3366784392996563,0.491200653058528,1.4208995668638782,0.15
2.657471205973895,8.696173817511028,1714.4122255554196,0.5746161317554375,0.0838561541992967,2.090974390389288,0.0305143650730642,0.363953114816227,0.3087493756904279,0.4782459338556628,1.4037421547289088,0.15
3.2396630553887715,7.438075647918755,1715.6398534073785,0.6143000086870003,0.1021749335282417,2.0459609430093377,0.0090971565456276,0.4038634196587703,0.2751465500830748,0.4887678835790151,1.3825900202428762,0.15
3.385120584981609,6.09580092832467,1715.165648925561,0.6504162806860839,0.0970042672296229,1.9075597634278676,-0.0078004300293005,0.4385678068626932,0.2870792484054931,0.5242299712817433,1.4199130595396725,0.25
4.9691409556357256,4.220798048371814,1717.1453733014891,0.6393472564114716,0.1464176957909446,2.211783820430344,-0.0555617997593855,0.3980918498914778,0.2070064075869538,0.4521237522234118,1.5013527284075436,0.25
5.954763527206175,2.2840815364689395,1716.9916037474236,0.658010667818719,0.1566160902831651,2.212876254911309,-0.0981676188879876,0.392455454794136,0.2013850616405329,0.4519005515019544,1.5141495981015116,0.25
4.007212937916822,4.58725774670817,1715.6095991795416,0.6702649988270539,0.1098274699084857,1.911907044261255,-0.0394242019185328,0.4517555706650635,0.2606364634620602,0.5230379808482749,1.4849687463593058,0.25
4.82577638410524,2.642624675220667,1715.6797658014086,0.6815271227532058,0.1156184831313981,1.908641505966244,-0.0814011580772772,0.4579767237590895,0.2411157650065008,0.5239328584619422,1.4472775466221892,0.25
2.8567770115390867,6.893717543967681,1714.0566463883877,0.6390831894167056,0.0800204606217969,1.8628782730898388,0.0142764259960204,0.4158373897248643,0.3391661691886997,0.5368037270311619,1.351191864657722,0.15
3.227411658878847,5.184857272802951,1714.0164259471806,0.6893871297917414,0.0787786287288903,1.7218544424215585,-0.012819096599499,0.4671510766720673,0.3448164551660121,0.5807691842950636,1.3391919464985025,0.25
4.600911052654194,1.395020434244977,1714.1331224740277,0.7021048607281699,0.1019747316294727,1.7891937844431405,-0.0947019520432524,0.4789204100596307,0.2721180488568078,0.558910951231163,1.3388626416150222,0.3
3.781900080609119,3.306355974289047,1714.0016780235785,0.7121152374979509,0.0863729252501404,1.697503846494806,-0.0507399602158324,0.4937286706648502,0.3173272792487074,0.5891002851421578,1.3501509300489698,0.25
3.718588289193242,1.8425290003669712,1712.3399483288756,0.714558029370182,0.0854044794115093,1.6877491390321269,-0.0691008244351893,0.4865401203785967,0.3310077041867941,0.5925051163548333,1.2608293872795264,0.3
2.386938326910506,7.946629095796605,1712.7646590307966,0.6065573658586307,0.0719616830697533,1.9258190375205375,0.0234463969699261,0.3794246179693482,0.3537198686612154,0.5192595880075443,1.3507657711653014,0.15
2.9297235878372465,4.144238561213543,1712.011953926052,0.7049635817557418,0.0688997226825714,1.645223938829043,-0.0270243223621834,0.4735765344476415,0.380052751217782,0.607819991187176,1.2282160091641896,0.15
2.5800754634953527,6.15622059429213,1712.3788298288443,0.6654348538363553,0.0646155919573414,1.7258044634667369,0.0033134647492706,0.4339765991590477,0.3839322245625866,0.5794399198569891,1.2996760459469994,0.15
2.167867831811885,7.3476024917047695,1711.0036526192414,0.6536754992139691,0.0545107954526227,1.7170012557123595,0.0107728007963944,0.4116310283030346,0.411881211537851,0.5824107563538816,1.3118847761164152,0.15
2.1093440982057725,10.785772615400376,1710.8957867600004,0.6300074717506994,0.0461254926793083,1.7485921071248027,0.0409115746823889,0.3818085796416484,0.4237984107429247,0.5718886616984065,1.6033037179903624,0.2
2.1175044531213087,8.850476693988908,1711.5228022154724,0.5955957618680073,0.0589966865129567,1.9036037559886283,0.027052455103208,0.3695732706192922,0.3723496256910445,0.5253194089652624,1.3334522555775767,0.15
1.99039800390992,8.895220605744917,1709.8353736956897,0.6536279225312254,0.0456465710685701,1.683625898544203,0.0186511277298044,0.4013972951442289,0.4373971713800512,0.5939561756947785,1.4989933358440997,0.2
4.55677919462255,-0.06380750594626,1712.470073249664,0.7016030073350542,0.1032950885554122,1.796432837651977,-0.1134522075706905,0.471241231553419,0.2737320338779827,0.5566587177882183,1.2944447168439714,0.3
3.805634746078885,0.293377624995905,1710.6609970139616,0.7288270550204924,0.0833940330077074,1.646721032466453,-0.1013951545244044,0.4965606961165918,0.3345447546732999,0.6072674000539141,1.2972614401422946,0.3
5.738999425142628,0.8404385682937823,1715.5127232324885,0.6784922791447979,0.1337218423216014,2.011935590568409,-0.1259574861298943,0.427113619424836,0.2207968978873191,0.4970338040083485,1.3973088381340617,0.25
5.557765244657007,-0.4430224419250066,1714.037292350002,0.663899798577741,0.1277931595544255,2.023406389561527,-0.1366879940648913,0.4210486694993553,0.2197361066733473,0.4942160928021484,1.2364114949911795,0.3
3.269332413720411,0.6124500208059195,1708.7386871352794,0.729354237206714,0.0673368840195713,1.5844612422238649,-0.0872173548301581,0.4850848444277321,0.3942208619669892,0.631129353846771,1.1522082611798898,0.3
2.010006089741882,6.927655305988782,1708.9198300763942,0.6767402699294368,0.0475436289572235,1.632943942950251,-0.0042847376757557,0.422827311778903,0.4429687479772756,0.6123908933415639,1.3780799522225051,0.2
2.3028234951528592,5.665865964369137,1710.3710425425738,0.692108169071788,0.0558042039865772,1.6263783523410582,-0.010690347195698,0.4479298305602973,0.4210714764451562,0.6148630781764709,1.274535136911466,0.2
3.065989410659243,2.2230995868311547,1710.3002391736006,0.7323903690215108,0.0671937477264689,1.5773710061813446,-0.0668968397199676,0.4989882260515069,0.3852905189447662,0.633966261634857,1.2043750526075472,0.3
2.5248708064868683,4.091191874912696,1709.9152948968294,0.7033908550204788,0.0600886873544899,1.6158764680369666,-0.0354393476259752,0.462024063337094,0.4102005764725169,0.6188591886698129,1.1753331030678065,0.2
2.175476934634508,4.912762216499667,1708.1357828358557,0.7212664476315054,0.0479418298140458,1.5334864811448337,-0.0298567349987105,0.4581716129786446,0.463069336901811,0.6521087810656433,1.3335755902938309,0.2
2.063141964591199,10.008677274714136,1708.9116378431704,0.64806410200178,0.0422792885263683,1.6855881700962323,0.0212860173840996,0.3786660846306316,0.4562038296620945,0.5932647236975499,1.4538580260795244,0.2
1.9645104970154552,8.057472826690908,1707.9977186829822,0.673642636812047,0.0413018125154096,1.6181300127136031,0.0012021336885587,0.4026202268990025,0.4688455893854297,0.6179973130360523,1.4173532547686265,0.2
6.03414160485046,23.96114689637372,1721.1211631932194,2.607261261107306,0.0638486737712716,0.4396916872945671,0.3863736803337765,0.6606619461388571,2.141676163808117,2.2743209137134763,11.4088332977097,0.2
5.9459344157036655,23.731681143712787,1721.658729755068,0.1920918445013932,0.0723774182503897,6.086959979649915,-0.0271921532796904,-0.0410058567331852,-0.1567446068194048,0.1642856209574609,0.8178031448737455,0.2
6.2321381888600005,24.328278163,1721.42562504,0.2488390188835218,0.0720175638648377,4.69489168850551,-0.0395896136413592,-0.059697515754781,-0.2005910931499003,0.2129974590145066,1.0619253951153809,0.2
5.62871974069178,23.069980950803703,1721.1904144629727,2.307795960235881,0.0652283657324052,0.4983235294238793,0.3610629012254915,0.5838220391948781,1.8856681705297536,2.006728442375815,10.199408231568704,0.2
5.64816440419494,22.97418701151465,1721.9471558165371,0.170890912741804,0.0730753152882145,6.853300399515796,-0.0274836410664927,-0.0381687993952158,-0.1381267826149405,0.1459150980848078,0.7214031009943871,0.2
5.7754200654194365,23.454346453018488,1720.701906728398,1.518533202330569,0.0497917397088437,0.7313617669591405,0.2319167016732342,0.4091214530595177,1.2838915185019262,1.3673123824312077,7.374894571695371,0.2
5.364702588090147,22.385341574771715,1721.2794822194107,2.102918733397775,0.066860224451688,0.5489331358260053,0.3428658589724181,0.5389790690788191,1.7060456956148735,1.8217154963605051,9.213167351366096,0.2
5.326111980429135,21.905839341401126,1722.3426805264255,0.1317625519194284,0.0754685861551052,8.938572660543066,-0.023393189053509,-0.0271380145116314,-0.1059822249219271,0.1118746849163325,0.5384676350834098,0.2
4.997023952928378,16.049360020786366,1723.535247513265,1.6890973466871675,0.07498220836978,0.6964793014545968,0.4768796354165916,0.5059009258328511,1.2562448685362733,1.435792848274888,7.261769286103414,0.2
5.410250447975409,15.817362842301923,1724.3765411803352,0.3762752968822889,0.0741485440789236,3.120370481750125,-0.1179652989098551,-0.0981655138802455,-0.2813392894464001,0.320474766008916,1.5560899790737863,0.2
5.124564890797904,16.94438084579285,1724.0310391254118,0.315761680612503,0.074624969140474,3.72253325206402,-0.0854669313360438,-0.1104069891647712,-0.2294996100597585,0.2686342692695985,1.2987273611829793,0.2
5.4281699603171125,22.72625420797017,1720.1005041065075,1.15921504440632,0.0567676641545286,0.973138285093784,0.1690109545606497,0.3115010374387225,0.9645572581160866,1.0276031837588502,5.803905171442746,0.2
4.95168965210011,21.310720815430816,1720.8615397526694,1.3251504362763942,0.065688840297886,0.8687680316769177,0.2202937582120998,0.3541248517718273,1.0728440835856363,1.1510552455179262,6.111376508656414,0.2
5.64280617236,15.1432658043,1724.57608741,0.3155062794247669,0.0749589801954707,3.728474284906641,-0.0963990409960554,-0.1009314092857058,-0.2290298076194836,0.2682062215228714,1.2955609888403363,0.2
4.939151833565072,18.50136598378085,1723.5296611297376,0.1931198417529981,0.0759711816214619,6.105872534732258,-0.0487591582604675,-0.0505274854042218,-0.1479606153997606,0.163776756607948,0.7836916046544938,0.2
4.587295599667152,17.130510134514022,1722.5948954914118,1.3940720381167715,0.076398960650508,0.8466965125737829,0.3510532116845258,0.3996034878454946,1.0545061116881125,1.181060728548658,6.030397956312872,0.2
4.688511410146028,15.627177475429106,1722.6936167463416,0.7770903347997383,0.0957364135328652,1.5915997871337173,0.1956405451870936,0.2485113319602974,0.5428868118270354,0.6282986515101774,3.4344728359265404,0.2
4.820615872768314,20.49836541263469,1721.633921308288,1.7203112092404802,0.0704201069920445,0.6765798192717065,0.3368396067687002,0.4562879514236638,1.3648772982096808,1.478022210411824,7.506572392404747,0.2
5.026829191897648,20.35298066594229,1722.8982522690708,0.1780888508999268,0.0755021970239203,6.613903069580653,-0.0388512355249227,-0.0386690199973824,-0.1409103116570626,0.1511966518831071,0.7266621748825549,0.2
4.5517261559465085,18.967821738109592,1721.9015814147776,1.4847701989070157,0.0732247746643259,0.7890627865625297,0.3212288118344147,0.4117584330302142,1.1547220115868222,1.2673262724204704,6.437117219049403,0.2
4.15249892621158,17.982345489485365,1720.7671381409525,0.7192325131515548,0.0920219391009514,1.7039776075834423,0.1455761503372135,0.2256473146250363,0.5218218880998265,0.5868621721022416,3.283740992121844,0.2
4.968057502292379,21.679481944980843,1719.2357388045095,0.974498617569192,0.0708456424940823,1.1955706647792974,0.145763931091898,0.2969864387014783,0.7682131512689849,0.8364206562266231,4.780831064967077,0.2
4.475151477848836,19.964973313168,1720.1979147985387,0.8504356511792284,0.0745907985159655,1.3820433545028854,0.1530678503741896,0.2744614726877587,0.6517586419812103,0.7235663025634209,4.085517725888707,0.2
4.419425806086728,20.3020511213168,1718.098570575218,0.7778965861201522,0.0769468593468148,1.5193338551527855,0.1120898082291122,0.2542670119208618,0.5966483638972483,0.6581831877230426,3.6434883632336894,0.2
4.127657606318318,15.773556200035843,1721.1883933171052,0.6567983378941413,0.1157248653861595,1.981051090149192,0.133671301706782,0.2294712203186534,0.4292788770083985,0.5047825394168357,2.7084375310400315,0.2
3.765550314328413,17.067757713362287,1719.497143810377,0.6047204245476043,0.1146103115336779,2.145434581910868,0.1077411431888357,0.2366717675354169,0.3868244480776545,0.4661060320512465,2.4592471829605245,0.2
3.9388364561070768,18.405495943108487,1719.029131451926,0.7003548341506952,0.0932067708037006,1.7550041908945957,0.1206171731848383,0.2577399985512433,0.4936524378652933,0.5697992091348,3.1125949207006376,0.2
3.509950958649074,17.082234613006502,1717.8307282937803,0.5725041261042412,0.0957443118297278,2.160405348759447,0.0923517059153531,0.2487745558476896,0.3792580464052497,0.4628760989571805,2.294448744136651,0.2
3.4280618557792644,15.296550955474167,1718.7132793717751,0.5099983802357652,0.1301993120788794,2.6511450698420176,0.0804076283092737,0.2295533198149762,0.2882990369093539,0.3771955036996863,1.734228165620493,0.15
3.10386627844862,15.628770869908353,1716.5942424734892,0.5222650864770373,0.0841128061942145,2.301990158673852,0.0820575665904418,0.2708489874303201,0.3295702994885828,0.4344067224753418,1.9042637435320315,0.2
3.4089690580005323,17.262951832475075,1715.6216972324207,0.5602518378581068,0.0679727772140368,2.065739724442928,0.0805068327510346,0.2593792087002792,0.4007272837717514,0.4840880911411392,2.239500745536521,0.2
3.0424323736632664,14.244272708627076,1717.1843152002346,0.4924537360320694,0.1030986605733838,2.55812642085153,0.0697810317552319,0.2617861648758056,0.2817979694426877,0.3909110948735392,1.6382339589609929,0.15
3.887148744813503,18.79823627296423,1716.86477235079,0.6158825870020481,0.0798445964857866,1.93224470436946,0.0916816848072051,0.248664851159512,0.4445227250014895,0.5175327937184463,2.6631313305633038,0.2
2.704148118951356,13.983681791830293,1715.0807432910417,0.5187214453162875,0.070796928166771,2.245809835607929,0.0710352518657647,0.2983476608347843,0.3228177696005844,0.4452736755110458,1.6964994333856191,0.2
2.9869343817387706,15.703892710661284,1714.3878049444484,0.540689278738061,0.0547012671700812,2.0766857697995387,0.0746249077119594,0.2896791571310831,0.3773519725781706,0.4815365013535627,1.9343991525020676,0.2
2.469877386387171,13.015384446768138,1713.7524537398265,0.5228256278221881,0.0601766684245456,2.174377136277852,0.0606552196825687,0.3096289040947521,0.3346050942880984,0.4599018189235666,1.5833585305430269,0.2
2.6239110080578585,14.113098968491723,1713.1754871588305,0.5464172387204955,0.0523052363649665,2.043918606755603,0.0661955567070307,0.3130133325709341,0.3701519993780756,0.4892562730701598,1.7411874346455445,0.2
2.3268578876396964,12.479103622612357,1712.0021028231015,0.5734832629906967,0.049749413178133,1.936399532886148,0.0537584854142991,0.3423758842583886,0.3828587522018059,0.5164223513881605,1.6330977310442307,0.2
6.384768068354603,24.60031552360466,1721.3167952669294,0.2360944182820206,0.0704911410544216,4.930740637629765,-0.0407531912746349,-0.0711700362100389,-0.1854874950175637,0.2028092883994615,1.0351479579987717,0.2
6.263930564201336,24.390612185452262,1721.091667336144,3.435039366196784,0.0660334322144126,0.3354146384184788,0.4914702565546245,0.8766724716299461,2.8068765254603174,2.981384487913595,14.9078490927613,0.2
6.2321381888600005,24.328278163,1721.42562504,0.2633595300362376,0.0698376871686783,4.413555653557703,-0.0278916251230501,-0.0476670811367932,-0.219740748068117,0.2265746890931158,1.1661716941089717,0.2
6.51022764361,24.8046332403,1721.23381377,0.1825217403354967,0.0719190699032265,6.399256550493848,-0.0249545188751702,-0.044352170077129,-0.1477494248897203,0.1562681527314024,0.7822125973287102,0.2
6.41996959559967,24.64792580989795,1720.8659640721105,2.9490048745655484,0.0607255715831019,0.3859744807260086,0.4077687737444415,0.746429520018744,2.44725247867296,2.590844861346855,13.223973427557034,0.2
6.213383361926228,24.2993463591448,1720.771774555509,1.940314943397496,0.0486107283197023,0.5708822539896576,0.2784106757172531,0.5111859284058637,1.6521321650445884,1.7516746982611873,9.403417954116186,0.2
6.298652720838575,24.432555963527616,1720.3648760726596,1.8464177889982576,0.0503506581368569,0.6022351038355854,0.2579669327829513,0.4946162810408547,1.5639709835067892,1.6604810872549325,9.06422638974086,0.2
5.922900169883972,23.767827049701488,1720.1848939305198,1.579725401589889,0.0532998703926356,0.7085529724860774,0.2255191151709191,0.4316073370464766,1.3246510375443568,1.411327083268498,7.893399575731644,0.2
6.130369023285971,24.12453953658732,1719.6563580176262,1.3869273886885067,0.0552031074405981,0.8105028293379214,0.1897649381451499,0.3790968794986064,1.1586812173127747,1.233801985388347,7.112766707380595,0.2
5.8996895212232126,23.68356754547132,1718.6566768385178,1.1065996079575804,0.0619305432783713,1.0314223030158087,0.1460565350448147,0.3096014110378459,0.9070901436333828,0.9695349781326892,5.698194815661283,0.2
5.58872313417714,23.111452292504087,1719.3172004867522,1.1725679473139028,0.0622778189971904,0.9741670398550644,0.1627520544644777,0.3318622006057278,0.9576630147982302,1.026517998544458,5.892612518550433,0.2
5.254482199750633,22.40368966726462,1717.9857985916665,0.903587164676272,0.0674649874392707,1.279318508060875,0.1208776139458636,0.269785367785803,0.7236065650930107,0.7816661712459301,4.4702187944042215,0.2
5.589399739571373,23.05067628432604,1717.2478018757597,0.8866889053782692,0.0662387064051148,1.3000137161924026,0.1136061756871354,0.2591631645080277,0.7152842660399547,0.7692226532262215,4.48858821215527,0.2
4.932675576166046,21.659248872015823,1716.6715949288562,0.7533272524949666,0.0690958259286312,1.5403010961656567,0.098856859425767,0.2417772037230296,0.5943589297144365,0.6492237150835941,3.5857862131601834,0.2
4.323102358241625,20.09610610206737,1716.258098471929,0.6775525426165712,0.0709846152115165,1.720101831988305,0.087527028011903,0.2398296907566564,0.5223038093194541,0.5813609295701273,3.0520818136289862,0.2
4.572158660767121,20.720738996470978,1715.0330599822514,0.6494413946914435,0.0641576009059017,1.7664467954716945,0.0766559975363005,0.2229991050835115,0.5146588590187163,0.5661081910666718,2.893919825803965,0.2
5.227005400411732,22.235620651185545,1715.471466403813,0.7119296933001665,0.0644586145523801,1.6125139079323865,0.0878267878454683,0.2239489638631172,0.5715933474353645,0.6201496899225073,3.4273697623107333,0.2
4.885179638221029,21.35098700555426,1713.5858066694918,0.603097571215242,0.0560570799375339,1.867477123915398,0.0700596609826983,0.2095029053596277,0.4877918899781784,0.5354817936957512,2.641042980479394,0.2
4.000850931659268,19.14475790483576,1715.1592783876642,0.6222262587476628,0.0630053717224004,1.838846895636272,0.0759694806204761,0.2458301658358861,0.4790984693718114,0.5438190652919928,2.6798985450181885,0.2
3.5745911384728384,17.72008445468245,1713.7628602716095,0.5964117591466597,0.0503262678073163,1.864345023548162,0.066438792920114,0.2614215731731086,0.4636266360991125,0.5363814033181648,2.3307427724553667,0.2
4.232222636881248,19.685759924118763,1713.3434936073447,0.5886644515400207,0.0541268104401552,1.9049818188483012,0.0631230418825477,0.2251205428054976,0.469997435418317,0.5249393931772913,2.3969385113580928,0.2
4.598568277962023,20.44419687771727,1711.6939047499957,0.5542514276428666,0.045540797864726,1.985035519217208,0.0576630848995271,0.2154364248740859,0.4517141202712048,0.5037693231778273,2.123790100660046,0.2
3.173008266302443,16.171352755693977,1712.4216028715557,0.5990816997587363,0.0441529636178615,1.8309008038692645,0.0603316669297039,0.296532712134561,0.4546869220631732,0.5461792347715879,2.097428929825276,0.2
4.382332927908741,19.519796088382137,1709.8035136463027,0.5493586488894928,0.0427968598723683,1.9906954946048332,0.048132152067932,0.2313134725219617,0.4433055758581914,0.5023369986570984,1.7925130315841946,0.2
3.867201459899915,18.33294149124228,1711.453971553306,0.5877877943639023,0.0440851624565579,1.86580268813156,0.0519533059603838,0.2487547690114402,0.4718872358116192,0.5359623535548732,2.0530428546549357,0.2
4.241843050134566,18.581801319509232,1707.9197808470751,0.5753527139903267,0.0391135807887185,1.885566819210036,0.0378182652615157,0.266837472236791,0.4567634348666808,0.5303445042689885,1.7259150544792494,0.2
3.7967244303465,17.602169170385235,1709.1351574107366,0.57224004491558,0.0416343611246023,1.906249332759504,0.038382344776249,0.2580719989460602,0.4551051216125794,0.5245903475556322,1.704666633068142,0.2
2.7569376230502107,14.349269687342204,1711.1603030757492,0.6030133193801456,0.0432448640455984,1.815347033805358,0.0526507940484017,0.3242161469790452,0.4422185761065467,0.5508588613515868,1.8605798933004456,0.2
3.3082492946917523,16.148510906574973,1710.4100034343903,0.6192045812158764,0.0406851377339944,1.7580262083984908,0.0428443529326063,0.2915943024635147,0.4865110623963437,0.5688197338712999,1.957252065105345,0.2
3.3770542583653578,15.785413921221528,1708.4765487298507,0.6155264887759716,0.0388473035751945,1.7614831969119435,0.0283706838603928,0.2937386234210608,0.4849740980968117,0.5677034000398642,1.773808197675368,0.2
2.923538348430642,14.427293151658294,1709.5371911522914,0.6325567110431259,0.0395314066436839,1.7166055902935793,0.0359071936590926,0.322303260360325,0.4839317683185282,0.5825449979042517,1.8289555061769172,0.2
2.5032529972875404,12.924317382916032,1709.974326887304,0.6268329290495321,0.0412390935344512,1.7387286056317108,0.0388053928802291,0.3419782025686029,0.4607850761432145,0.5751328854664367,1.718584377822886,0.2
2.7163253088457013,13.262250644876506,1708.7062039894408,0.6502489943228043,0.0382839287335614,1.66538758791452,0.0279385402486062,0.3438434389344838,0.4914715925017786,0.6004608220073557,1.7308392093427782,0.2
2.395526430621508,11.827951131811409,1708.5748838829752,0.66085936313062,0.0383670989519878,1.6389443330811788,0.029315125096658,0.3705344630659825,0.4838661532334192,0.6101488499734596,1.6446949733325205,0.2
3.0334516091955788,14.274891959559534,1708.167308712626,0.6459701625755351,0.037753538401431,1.6744953681674626,0.023268947521984,0.3242966346358673,0.5009310635436108,0.5971948438975868,1.7707991904394162,0.2
4.613713606701475,-1.4873380629549746,1710.7548142739297,0.6947834996744731,0.1065072419794672,1.8288739104271965,-0.1369617086587946,0.4528171945168225,0.2741740760068578,0.5467845510281327,1.223615405296849,0.3
5.269218789651347,-1.3996106989693349,1712.4589149788042,0.6547377222430844,0.1303554356833113,2.065942913841488,-0.1424476997030236,0.4104529958182452,0.2133827019866991,0.4840404801604921,1.2038027652020602,0.3
5.489953867412376,-2.318999737682266,1711.7186390984498,0.639393562522156,0.1390086690537161,2.1662320261224077,-0.155218110916936,0.3793748789587398,0.2123329475163154,0.4616310662667181,1.153620160601231,0.3
5.990695429390815,-1.9507663025112385,1713.0172982783172,0.6323743860705688,0.1452950134239719,2.2290942908474345,-0.1666755115352955,0.3671427188030479,0.1966693903890416,0.4486126962443702,1.161848456687629,0.3
5.557961970421632,-3.309612553323207,1710.4307668289284,0.6274381755141699,0.1510789227887303,2.2838725282695167,-0.1619385445255559,0.3523196312458329,0.2033761708168741,0.4378528081677557,1.1514840709239764,0.3
4.884560566803282,-3.055866786759911,1709.039702151289,0.6356576918949076,0.1254700081311173,2.100197303576425,-0.1353119514189126,0.3803494119199476,0.252467357716239,0.476145740353585,1.033962498073997,0.3
6.467292147029423,-3.439437486149472,1711.8127835906453,0.6066851170388555,0.1679032242575528,2.4816584192434794,-0.188551546581415,0.3151687028146556,0.1658035494922435,0.4029563425190662,1.2141054117032248,0.3
6.968735379601245,-4.826950777157308,1710.5099515319544,0.5806442893361442,0.1883084086002019,2.7627065599536964,-0.195529234807992,0.2695562195591735,0.1418647841892079,0.3619638851607751,1.193046061110501,0.3
5.940343042186529,-4.639825102690834,1709.052091876976,0.5818002132879708,0.169762816122368,2.6023766650387805,-0.1623410693276046,0.2974877732992496,0.1811223951880087,0.3842641280312502,1.0593697197809433,0.3
7.500022433438913,-6.1174182835517605,1709.1224381217855,0.5543779023117215,0.2152175741297509,3.167020746432533,-0.1988416639918688,0.220184308473344,0.1080812537270896,0.315754167738384,1.211607973654081,0.3
3.996891584418788,-1.149724488300824,1709.11263747292,0.6928724473552079,0.089448719615248,1.7577184114997,-0.1145438567342456,0.4531295353357212,0.3243802482250679,0.5689193408099945,1.126896111079517,0.3
4.272769641911018,-2.533785443819465,1707.6336708989584,0.638821859046932,0.104373545720513,1.9783581309840672,-0.118939812235701,0.3948909832084626,0.2922567425792692,0.5054696540219358,1.033902927321614,0.15
8.063450169152018,-7.310239368626955,1707.6624504214342,0.5291993781499528,0.2391973844832772,3.622753099162505,-0.1997084588261657,0.1770544944580539,0.0704453336963803,0.2760331639026618,1.2498948706290305,0.3
14.652023455499998,29.6592007739,1718.6696043900004,0.3921834446733058,0.0708133868291361,2.9705343602041734,-0.0458284593863996,-0.0723423127883825,-0.3255651639471338,0.336639768722038,1.6870587410094615,0.2
14.447852587558984,29.55004883123233,1718.3638430251383,3.871124596230481,0.0604446938988696,0.2938456916868476,0.4358030480545727,0.7509037339889513,3.290535950354911,3.4031467137034075,17.690060290192598,0.2
14.229535923493962,29.566047341594064,1718.7493807551907,0.3292541565095907,0.0710238310709187,3.540018827316492,-0.03390200970177,-0.0627020089003227,-0.2733432512280997,0.2824843733269207,1.4148653203254324,0.2
13.872812262554367,29.39451839914729,1718.4179078566185,3.3358602237058954,0.0614305747635135,0.3417620277268045,0.3710684380539735,0.6742160186012097,2.8229932202132333,2.9260126019599038,15.016388043863865,0.2
13.622595794873478,29.40575621221248,1718.872869736394,0.2359463371910992,0.0715928529027481,4.946523276151416,-0.0204208820118019,-0.0457194493269256,-0.1958628917453648,0.20216219436817,1.0101692861314375,0.2
13.192654460573722,29.157878568970258,1718.3929288323288,2.768684714765956,0.062747035448874,0.4130130160488446,0.2952355187428437,0.5825470638278174,2.33148781367532,2.421231198877606,12.378803562891218,0.2
13.643127175002135,29.229551341568133,1717.9656417018573,1.785341898605296,0.0459961018092185,0.6168634313357111,0.1124509791582252,0.3504450330848093,1.5787724384042705,1.6211043631402706,8.99691977500641,0.2
14.185038373622763,29.40044540045225,1717.959121566407,1.991551228623753,0.0457357956036414,0.552675236739622,0.1529388451706282,0.3894745280915383,1.760334749381273,1.809380868770719,10.251495915605856,0.2
6.728457314337899,25.12745206777777,1721.1005107263854,0.2148584437391325,0.0707455710478997,5.4212919256947485,-0.0329550552896857,-0.0570697749870305,-0.1722838168686447,0.1844578771455566,0.9392106227966432,0.2
6.611811599516664,24.940246963602178,1720.8064858087896,3.4596102667946216,0.0644879796091629,0.3318506562252246,0.4768076281359252,0.8726655955644547,2.844593325644434,3.013403714113217,15.199957595412537,0.2
6.51022764361,24.8046332403,1721.23381377,0.209679295592696,0.0708219872159924,5.556188750899588,-0.0205188853128355,-0.0389117087861632,-0.1745206862719594,0.1799794868088476,0.91431781680673,0.2
6.868142830102,25.27827859110012,1720.5795244063215,2.855576365164945,0.0635778358861699,0.4012078548381309,0.3684446181828769,0.6961294575644866,2.36475731494836,2.49247363415518,12.487030550380863,0.2
7.085554743653548,25.585828909283286,1720.9055587506657,0.1583239686705081,0.0719821801587424,7.378387945388486,-0.0251093222320263,-0.0425390091890588,-0.1262085405113708,0.1355309597979329,0.682684979688218,0.2
13.827959181656029,29.18053168642876,1717.3889669997957,1.5329665558344998,0.0592470444522677,0.7400176719512936,0.12411303520275,0.3000454246548377,1.3117286132829238,1.351319080479767,7.781179859358287,0.2
12.139736471159154,28.721394656971327,1718.3243074915176,2.1792912145257484,0.0623044326976173,0.5241825846024911,0.2304255757438322,0.4851311678045651,1.8305720376457304,1.907732208917892,9.79920338744221,0.2
11.498464083298252,28.646329372632785,1719.3716551976277,0.0915924307932458,0.0747763683964428,12.8378715817196,-0.0094449186353307,-0.0195000547625562,-0.0748204484555497,0.0778945320986029,0.3786689918844614,0.2
12.744841144437892,29.12604492601525,1719.0675354922562,0.143158876690644,0.0730801603558038,8.180981012753662,-0.0105773007096353,-0.028054553407528,-0.1185005983306264,0.1222347293608259,0.6035819085569684,0.2
13.049832346806149,28.94602334986244,1717.616962889254,1.415016310458631,0.051332569922187,0.7875606601568519,0.0693322856420385,0.2796527609313913,1.2366227514740085,1.2697434630633255,7.131254324176481,0.2
6.568035047832762,24.85437288954132,1720.464402689605,1.9786992230234852,0.0477480509611907,0.5587400134473165,0.2765492899511163,0.5246591653630538,1.68861679236928,1.7897411603478974,9.651619962994488,0.2
8.002421552865497,26.38938920761096,1719.625080408295,2.01063677640787,0.0638548440460395,0.5701712685753303,0.228733521520563,0.4845242339370787,1.6700115471115038,1.7538589808263574,8.830170849571699,0.2
7.636110095372367,26.17968928611582,1720.643023782737,0.1118302485073649,0.0734528805632393,10.481989031984362,-0.0171258053579042,-0.0288008278660582,-0.089323632035654,0.0954017407334272,0.4728137238615112,0.2
8.518775122559285,26.944171289182425,1720.28508911098,0.0855281383580813,0.0747292489442728,13.746605550851704,-0.0119552654911339,-0.0206550512672318,-0.0687190596340175,0.0727452312718787,0.3557138929953287,0.2
7.299479904916136,25.757449886657643,1720.1722551919286,2.3329752324872977,0.0644979664558974,0.4921184969033544,0.2999415272880531,0.5755508772603734,1.9255975465078543,2.0320309159124874,10.2004375899092,0.2
6.88421392061508,25.245671465198853,1720.0209307912023,1.6703058490201963,0.0475247962479842,0.6615752021145697,0.2508288081512299,0.469334639353121,1.4147703150933677,1.511543958727194,8.152054769652091,0.2
6.5440389511682575,24.755694805475464,1719.6338742841103,1.581394066627869,0.0533749916408503,0.7079243683839399,0.2034980531513821,0.4111985945029055,1.335996742386769,1.412580276453563,8.007381210546878,0.2
10.674640060688525,28.04959027905723,1718.525671841682,1.8797053204070748,0.0631678319861759,0.6089275474165907,0.2008641942169469,0.4422695930159904,1.568749656383801,1.6422315006810846,8.355323856712651,0.2
9.908327638273413,27.86086665539498,1719.817864850399,0.0783533837535709,0.0750694248821887,15.017383332656925,-0.0094958634736375,-0.0176882511139766,-0.063491065820671,0.0665894968416629,0.3237556693048341,0.2
9.139805779059875,27.18543038603635,1718.968396788198,1.9131420291191537,0.0646021589126343,0.6002560145886978,0.2067624635383702,0.4541714956587206,1.5894610170988055,1.6659558183439631,8.436685196554917,0.2
13.337392477834957,28.847211515134536,1716.567995607693,1.1937523319920749,0.0656651103588845,0.9643419382369876,0.1068409947985582,0.2420337734669954,1.002659000313852,1.036976574749204,5.940291712877698,0.2
11.811526094904991,28.264323648745453,1716.860291071028,1.1090991307103368,0.0571337721142983,1.0179514758011683,0.0603022508160391,0.232829423460282,0.9524679949513908,0.9823650967379952,5.565931631591034,0.2
8.179020242422022,26.32253994886605,1718.3224947798903,1.1655884371538712,0.0536212832128619,0.9609953681668428,0.1502933800519055,0.3077837799946725,0.9826005765215122,1.0405877417573417,5.732747868899789,0.2
7.126631437323249,25.447352367047312,1719.2615997411103,1.345831908543771,0.0517986449250861,0.8289074028233943,0.1827138560864917,0.3666991769696527,1.13470970002745,1.2064073702247518,6.651721685423688,0.2
6.4819780794956845,24.596207000291013,1718.8574257945666,1.2338338167403822,0.0584391328031384,0.917746543681637,0.1548620430938805,0.3264143696318538,1.0279859193628544,1.0896254601933937,6.307425500096352,0.2
7.258906894708042,25.3670893022579,1717.7535790806678,1.0377222013251557,0.0650087369842508,1.1076648187574007,0.1133046390806754,0.2608349114462337,0.8568403447568915,0.9028001820278256,5.168872195419313,0.2
6.40840508605171,24.32042711827145,1717.3413615069326,0.9526447724764896,0.0639507050168085,1.2036588878497416,0.113154762611222,0.2594685936989404,0.7810895973681296,0.8308001628155922,4.8342416236393655,0.2
9.652901540072682,27.19081540278451,1717.3170313374414,1.0658329229240628,0.056732612090208,1.0583153435072872,0.0982185528155049,0.2567353422991641,0.9040310937296862,0.9448979513856158,5.279284755157581,0.2
12.67107879765949,28.33899142572461,1715.386405011719,0.9119932489910756,0.0704762318378468,1.2764128857325217,0.0378891586926832,0.1771404175491452,0.7622155992375076,0.7834455536901832,4.423864918375887,0.2
11.84930136170868,27.61941428997184,1713.815392266874,0.7044827065126869,0.0707085820351401,1.653283993990749,0.0077581860274656,0.1372953126850493,0.589017408747406,0.604856760021107,3.1617671813252386,0.2
10.801485326314776,27.41721631760053,1715.3377410193905,0.8689793812587878,0.0693988467351563,1.3362426945239751,0.0412849122031992,0.1855315321728514,0.7238279107136978,0.7483670474668086,4.207137342697215,0.2
8.217556904497012,26.08556449987335,1716.9388694881427,0.9733749056905034,0.0658946663598201,1.1832996522227814,0.0844241744005413,0.233623015603297,0.8077608057903813,0.8450944763835092,4.821592740490126,0.2
7.434114674424519,25.19049607488952,1715.8871338077752,0.807183662803827,0.0680419291509393,1.434022772702491,0.0724751647182062,0.2074303767355335,0.6618169415378514,0.6973389956112396,3.8871565469874008,0.2
8.959226334818165,26.34371968769828,1715.6026462668208,0.853955839026455,0.0667367273279685,1.351396270543503,0.0665298513397489,0.2119906185891413,0.7058309667735828,0.7399754030679847,4.142713801601262,0.2
8.34535955538138,25.524792720024926,1714.081575061548,0.711616081203886,0.0626545884180072,1.606570085471405,0.0463308279042875,0.1853490665908605,0.5923983292990618,0.6224440558449567,3.2933725062888977,0.2
6.139937326475066,23.721380553031537,1715.649945620244,0.7670057973025709,0.0663224972447667,1.503157417752415,0.0855657156448624,0.2141213774481832,0.6240270965967735,0.6652663175459311,3.7819487854501688,0.2
6.993658299338129,24.3653672710766,1714.0612343649766,0.6578651211110133,0.062025751962762,1.7353399590016416,0.0617288569544907,0.1886075146237482,0.5410061820962416,0.576255963457045,3.00925365187493,0.2
7.494626951735064,23.845221873660567,1710.670970735214,0.5640905331092996,0.0491768186401012,1.9661423313772344,0.0276061899598616,0.1809272188134198,0.4745393053755001,0.5086101774226715,2.1946108026812707,0.2
6.22745799931129,22.61508046047581,1710.6029701661414,0.5404815762930504,0.048696021364872,2.049839924687411,0.0389999994447532,0.1873281041610194,0.4487515418316547,0.4878429715200782,2.0356678237387165,0.2
6.588583498893615,23.50487054078189,1712.2926828970085,0.575020548645972,0.0537653866352443,1.9486030823296776,0.043374173113137,0.1772779053704372,0.4796387150039948,0.5131881444036499,2.375384967106907,0.2
7.911689996660297,24.701346946727,1712.3071133721014,0.60843716358566,0.0524159027407122,1.836029368265888,0.0337320990445972,0.1758208458336074,0.5143896544573221,0.5446535972049784,2.599456093470893,0.2
9.446694614997911,25.82667642933459,1712.3192452778767,0.6091384976607149,0.0568029369915446,1.8520686596145437,0.0066426790867849,0.1497409050159259,0.5187150174549991,0.5399367862572234,2.607098229086758,0.2
10.125578598488426,26.668605187776283,1713.8473684543017,0.7055783770979036,0.0654889370520087,1.6308871200042985,0.0187231434407099,0.1588065461511509,0.59194515007321,0.6131632212518574,3.228654685159057,0.2
11.081468151684408,26.811075406136613,1712.176305981752,0.601213446737644,0.0597749018121698,1.8891503361398967,-0.0181903929993839,0.1206923967318124,0.5150744602851437,0.5293384972438462,2.486804769846742,0.2
10.432079853597488,25.96678315860391,1710.574469499999,0.5272652517800768,0.0585872064026884,2.14830498876747,-0.0258397971017347,0.1146649219888838,0.4503986253434559,0.4654832555100671,1.8849324737842432,0.2
7.039571985370447,22.905174429754403,1709.162656026132,0.5549081235321445,0.042757500754762,1.9706174843456457,0.0259979588382841,0.2018023077415286,0.4648770467186563,0.5074551545106459,1.994993426559808,0.2
9.908673310224296,25.118796261413426,1709.056666777394,0.5198312059094299,0.048516959142086,2.1304248334757303,-0.02578049335832,0.1394125182565175,0.4474666897149838,0.4693899471536516,1.7050990645839907,0.2
8.885382937230803,24.93567992234964,1710.6734783675836,0.5533316764273201,0.0513337116513051,2.014007263518601,0.0015806973421693,0.15338239021206,0.4722350849743473,0.4965225389768134,2.111658230926555,0.2
8.422312760347959,24.059018063632013,1709.1545096776872,0.5548953299430465,0.0435909581205793,1.9742615842409892,0.0019089698368544,0.1782465971928031,0.4741154805778704,0.5065184917653417,1.9505467446866545,0.2
5.806213372349497,22.956794942066672,1713.86617539851,0.6329684589310159,0.0584836934801524,1.7891270703242246,0.0692807310983621,0.1973911215362351,0.5183065442745902,0.558931792261564,2.9088159853599,0.2
5.456149567394689,22.058605999761284,1712.0130417970458,0.5624499969816932,0.0487422333597394,1.9699780895687249,0.0574123706178522,0.1963807017562377,0.4645603953180278,0.5076198589695603,2.2860679613943256,0.2
5.190060558025229,21.1753464666845,1710.2257981552468,0.5343653083179465,0.0442114516660442,2.0529025754479897,0.0482163484200113,0.206033290782368,0.4387558111664271,0.487115176316527,1.904813021736053,0.2
5.900964754367352,21.699557212603285,1709.036391707999,0.5320085926731134,0.0434429172877873,2.0585256034322588,0.0375298956200391,0.2095336975207605,0.4366621082043961,0.4857845820973329,1.8315287959034443,0.2
5.698540020986429,20.91169058985508,1707.680153596703,0.5386990630975305,0.040394899684968,2.019477154909719,0.0312680484004113,0.2302713462997591,0.4372623296385673,0.4951776738691085,1.7119503720536746,0.2
4.915570047182112,20.20834706588577,1708.631723503334,0.5394673086576632,0.0416577699535505,2.02215759540053,0.0436232753751314,0.2326584214026794,0.4341870375078999,0.4945212985746193,1.7126949945418823,0.2
7.932811683684241,11.63156900190292,1725.49178780099,0.8792313749742311,0.0719205142706794,1.328441428061768,-0.276272135358928,-0.4381393856327619,-0.5462215284963224,0.7527618296721046,3.730430222925241,0.2
7.797845580186812,11.178282273160251,1725.0599708817924,1.8791086660929732,0.0755648472756925,0.6269122597466925,0.6407307034550208,0.8804463358966556,1.1656263490579322,1.5951195473574815,8.391568240086919,0.2
8.517956419990432,11.130920182261995,1725.592633705386,0.7127544597595892,0.072880199885861,1.6424053699764027,-0.2534590402562421,-0.3488620921659054,-0.4298464976625083,0.6088630847659536,2.996461278302009,0.2
8.059303959371269,10.643689161947304,1724.9042129006789,1.0182519785561437,0.1008148295099708,1.2300997849959985,0.3231771266613187,0.4621055640035201,0.5855680826711303,0.8129421793234873,4.2780724442797045,0.2
9.356730726319668,10.538483097431024,1725.6951680702114,0.7846035148441066,0.0727447604921425,1.4915312526581557,-0.2460141850422316,-0.4338681099408958,-0.4480415919108233,0.6704519253068512,3.303916561148824,0.2
8.702502594125095,10.241677298610153,1725.0858735221816,1.5292219888303258,0.0828701187551558,0.7838413469171989,0.5015865544894249,0.7718227191277692,0.8833377387159356,1.2757683731955964,6.498608476056165,0.2
9.585528989267846,9.644107379367602,1725.1803587828922,1.311612612837881,0.0885644567125398,0.9265366715401402,0.4304088528856807,0.6819240926103024,0.7173496673226157,1.0792880958912776,5.566122090778561,0.2
10.3191230836,9.97186013068,1725.77483913,0.7924616441506352,0.0727256709092981,1.4766751016394384,-0.2147835003016355,-0.4677472419087746,-0.4400867976315668,0.6771970346691545,3.342171932112292,0.2
10.635491188591162,9.137957499274838,1725.3206502329792,1.3320508112043452,0.0917291281298307,0.9193922038246636,0.438884079175319,0.7111067649387661,0.696236339146474,1.0876750921315286,5.460728738835121,0.2
10.08569450191082,8.757581011799218,1724.7965605825354,0.4010551636419478,0.2661135348235372,5.330412292131324,0.1554582884024163,0.0338077194129433,0.0994210750103207,0.187602749129966,0.9340055223395554,0.15
10.963760094282817,8.305048855078123,1724.8659881117128,0.4725055502357007,0.2855220050995218,4.933786464420249,0.1918727826682332,-0.0368364862126044,0.053932803258941,0.2026840859878004,1.1505823447845622,0.25
7.48905674743,12.082391047099998,1725.39142846,0.7928150709976715,0.0721156936425315,1.473912659501,-0.265707408220465,-0.3729261401141356,-0.5006417125080338,0.6784662534471715,3.363554295472343,0.2
8.001365210970684,10.0373988932247,1724.4327343955904,0.4376939252575926,0.2435670447001459,4.454773707625685,0.1240910525659442,0.0913158249677802,0.1632584915240156,0.2244782935411959,1.1301150268177198,0.15
8.74683422617073,9.57933002941606,1724.642342619995,0.451248534659831,0.197739088894167,3.6658290847524713,0.1583047617774012,0.1183321616714221,0.188019308541596,0.2727895864429051,1.2117278393741862,0.15
9.250798300048189,8.76122410836396,1724.3615358390182,0.4790864356099836,0.3216953878187535,5.853202539370695,0.1529542823067436,-0.0212514378997821,0.0730885699962981,0.1708466422054676,1.0561417503924846,0.25
10.118701150409455,7.958636994171307,1724.2363969412231,0.5280809407159981,0.2741124104801827,4.1915740205047545,0.2155893658084017,-0.003427494722371,0.1021125116725402,0.2385738615393887,1.39979423327897,0.3
11.37039183176902,7.316632200296855,1724.32423486994,0.5547458756937126,0.2225757649243595,3.248863948732596,0.289865093691002,-0.022619115778512,0.1010315880246863,0.3077999004513891,1.7081416143904753,0.3
8.089511104682353,8.96927477654698,1723.7486558345545,0.4738978375841244,0.3076831137708343,5.486152284167254,0.1427121309060252,0.0083443854233728,0.1130865370353879,0.1822771130298273,1.0516195982612937,0.1
9.115341880600663,7.690487309495066,1723.5099063517052,0.5330180083743107,0.3008316412679734,4.709857610069165,0.188512769931127,-0.0227626087016924,0.0949992368589274,0.2123206438050501,1.4334454734567446,0.3
7.915072602547757,7.4089665600851875,1722.5147577806454,0.50228267844611,0.3436410062196735,6.366473503078037,0.1016718840685511,0.0471614902930938,0.1100476953043359,0.1570728283902421,1.3781085465429697,0.2
9.04861917745444,6.423080862875602,1722.5484931392325,0.5290029236695944,0.3199096304567561,5.24833372679575,0.1416303321721519,0.0481436462837322,0.1180138071140671,0.1905366640262274,1.4486989112649022,0.2
10.262732082705613,6.790343090804423,1723.45645038377,0.5549624974944424,0.2892027526862436,4.274068054708944,0.2146104272168968,-0.0142521612061648,0.0920912370438808,0.2339691336683917,1.617896279672096,0.3
11.954110437447037,5.97503345382414,1723.582412530819,0.5513977403547135,0.2644154327513273,3.8490910566469263,0.2473663830175347,-0.032331396893476,0.0725356647239634,0.2598015960867224,1.6144010499408892,0.3
10.581131470526245,5.194236738230399,1722.4260052964844,0.5408839897626954,0.3061730081709587,4.769266844566858,0.1701804107501526,0.0464850318784471,0.1133213337819598,0.2096758333283863,1.494647774125201,0.2
7.794784665444051,5.773929604383366,1721.2579610398586,0.5248745341739925,0.2885590048947831,4.505316524443958,0.0483824158298921,0.1571257663222551,0.1491203255810112,0.2219599876222723,1.3833368030106128,0.2
9.13776920058635,5.136511398604655,1721.6494767826634,0.5358616225442109,0.3220061945978928,5.242186424998589,0.0833657921416189,0.111732800426528,0.1302126770993395,0.1907600987311833,1.5652162621972714,0.2
7.355739624612547,4.2771697800608015,1719.8327571389568,0.5716606375042044,0.2295036257124954,3.233480653412126,-0.0258593097443152,0.2557657027346003,0.171929007530115,0.3092642595355415,1.417089143496507,0.25
12.706893341998647,4.364844707057087,1722.676149190004,0.5340794825640671,0.2907568424323018,4.474173745170213,0.2127289304499187,-0.0096226574216849,0.0678842497625858,0.2235049546476556,1.4591666647062589,0.2
11.54867524293641,3.4606748411344106,1721.5330614571271,0.545228147865516,0.3318920775825361,5.45511053370356,0.1452843160763176,0.0503018945806192,0.0998315331926314,0.1833143423623874,1.6000244916732564,0.2
13.489671804624956,2.818083731036624,1721.7804467086148,0.5403596541243777,0.3112725198895745,4.902887724447888,0.1959856500163403,-0.0131482784126369,0.0549273466041617,0.2039614317524698,1.574090672945843,0.2
8.676751976877918,4.36062807996686,1720.7988076266672,0.5410370717645039,0.2910141242174149,4.422074397495818,0.0235175926988951,0.1720174149442853,0.1448979743251504,0.2261382125471003,1.417986071433448,0.2
9.93361616605485,3.804865166314713,1721.0606496118637,0.5472629216268883,0.3242303455164437,5.19792585959231,0.0736508734813197,0.1207611118442409,0.1303996600287173,0.1923844292920394,1.578672239882816,0.2
14.325853044534709,1.3064508308173994,1720.8696206561606,0.540908371373175,0.3212987630069238,5.172717285471889,0.1827799780211238,-0.0629543874051925,-0.0012714591280561,0.1933219901285932,1.4276038352015747,0.2
13.150010592522497,0.2012331781263275,1719.5535115597552,0.5385476219196447,0.3706446539206094,7.177306778533336,0.1306278574934402,-0.0476308925920419,0.0089420529820634,0.1393280280272968,1.3700218184164374,0.25
15.222936398445208,-0.1585610977921138,1719.9392655952247,0.5257531052246157,0.2799890895462444,4.322588957504368,0.1807983480577027,-0.1309950043503322,-0.0605951746978928,0.2313428387087137,1.1825399198108744,0.2
12.339267238032106,1.7240234996920447,1720.4887685189724,0.5421133267631218,0.3662932934856924,6.898056215981985,0.127971780866075,0.0183009852582869,0.0656058456123483,0.1449683749580233,1.497266171280026,0.2
8.85321579337737,2.760282243466857,1719.6675459895578,0.5829234273407254,0.2686896041143081,3.708201649319945,-0.018577560744892,0.2162445379768154,0.1600513353240695,0.2696724974984551,1.5795449796946537,0.25
10.641962135548471,2.116993714575852,1720.0703735249156,0.532653997765465,0.3371794896041065,5.765217571527194,0.0496444642170826,0.1174635768133186,0.1175756032658288,0.1734539915611722,1.461975781058743,0.25
9.900760099388997,1.3233957372746443,1719.0626225221208,0.5581123959666627,0.298119856152255,4.437667208278288,-0.0268331251865704,0.1784465886176686,0.1349686859315142,0.2253436215619189,1.6548912619621516,0.25
8.44819433605287,1.1603500762449388,1718.12506791869,0.6192883281169417,0.2288375680013846,2.9774713354336955,-0.0929012917937718,0.2726223698107392,0.1727578720229452,0.3358554583210928,1.665009033684404,0.25
7.252339690426618,2.4664425317106744,1718.3651730149631,0.6222349129529462,0.2024323220814489,2.7004110292840746,-0.0808267812683223,0.3116952831460782,0.1828812121994267,0.3703139963345199,1.5591506590134383,0.25
14.125419476149554,-1.284175145474902,1718.6310853735906,0.533332349828234,0.313512326168109,5.027151176038878,0.1464827100776768,-0.121808015121897,-0.057225145969549,0.1989198185975274,1.4129367320153428,0.25
16.187827190645763,-1.5641834030508277,1718.984566179229,0.5316944697458275,0.2258758962832481,3.4305253781151253,0.1797604505610746,-0.1914621459119825,-0.1264950271055594,0.2915005399404571,1.2987837687640664,0.25
15.169979318596631,-2.7098725296617574,1717.683769018287,0.5371852400439538,0.2448925409553725,3.648570782384332,0.1556041539421355,-0.1861888865960727,-0.1274395939713296,0.2740799232477826,1.399834643774276,0.25
17.23378187613797,-2.887136918875279,1717.9959378863214,0.5353740752698088,0.1821217589441517,2.938000503214397,0.1721627769409064,-0.2283806876064885,-0.1845326561074577,0.3403675387073363,1.317995050627574,0.25
6.775799248736175,-1.004162626402893,1714.9229080615637,0.6501001141838281,0.156334446882825,2.237967413888338,-0.1726945641527555,0.3641875543931486,0.1928851048674488,0.4468340306450478,1.366773828010845,0.25
6.938226736766044,0.7444287777225228,1716.6826519072267,0.6504252334417934,0.1726862149349669,2.3485960520707563,-0.1322991943547928,0.3548778162305478,0.1945575071130691,0.4257862901192823,1.5307477256446416,0.25
8.288703975036547,-0.540208000505491,1716.5297789201727,0.6234425271190502,0.2085392796474083,2.751652245305181,-0.1504471652854177,0.2866365308180205,0.1651599348751729,0.3634180161051171,1.6094553906790516,0.25
7.285329349629961,-2.7244708393794634,1713.5708746290486,0.6204101353021232,0.1778961600634532,2.5020455859457487,-0.1983963282113603,0.3051766282950697,0.1650594090229436,0.3996729738327328,1.2818804295845816,0.25
8.187065703096879,-1.9569267682576563,1715.0927649401035,0.6152931080813464,0.2066927601858547,2.770544759548157,-0.1877516290213153,0.2720436309829458,0.1449798654029995,0.3609398464160125,1.523137168236483,0.25
9.637412506834355,-2.0620902110379804,1715.874841379478,0.5671303951268762,0.2731015374797113,3.885577069428203,-0.14303044793593,0.1870167836428573,0.1039337663077271,0.2573620294056241,1.6397735037903132,0.25
13.143956576135892,-2.367073928279306,1717.2564596788595,0.4994308755203681,0.3675704286400592,7.559788465412222,0.0827186023130573,-0.089520748648261,-0.0513941455327996,0.1322788335381645,1.5441601795300015,0.25
14.23263601400821,-3.848507221883092,1716.238603579637,0.5198466605611991,0.2797596005077684,4.3671464874479815,0.1013422041191747,-0.1617888374147823,-0.1264401139497895,0.228982472393402,1.4549182292119789,0.25
12.32310655496892,-3.544011962802548,1715.7288602768783,0.4659826779839552,0.4312184445890445,15.600130765716765,0.0001766676893255,-0.0446001651499878,-0.0460419796867617,0.0641020267725976,1.568149971023992,0.25
10.07813003918661,-0.278277715849095,1717.7760555795471,0.5517429976211673,0.3021822689630304,4.581080865673721,-0.0764241438011178,0.1703166402435929,0.1131446934235496,0.2182890958099108,1.7145836667654295,0.25
11.24608625686956,0.697204698386799,1719.1746658352642,0.5196173726460204,0.3869552153335899,8.512082236836893,0.0384953002378296,0.0757020403194026,0.0811719121877773,0.1174800679993902,1.6009191923618091,0.25
12.168523479021625,-0.7921975513013888,1718.2906349077846,0.5036171766159883,0.4417264662038289,17.03719582564884,0.0554416868889523,-0.0063285632638835,0.018201208954569,0.058695105123728,1.5925883366508364,0.25
11.444111086539092,-2.0624810582354924,1716.791277773342,0.4707760148416454,0.4320806032395466,15.63730316755513,-0.0370666785710119,0.0453047518404312,0.0257506894642818,0.0639496458746696,1.636494486318167,0.25
10.76694364333555,-3.0883259126898897,1715.4365177714935,0.5090298267532665,0.3512474922101791,6.603322031236364,-0.1117641454711289,0.0941908414550696,0.0396309177826854,0.1514389265387328,1.6056905089405191,0.25
16.33720384014557,-4.120569399335879,1716.6511559011374,0.5394786019869364,0.1971384137911608,3.060212525162781,0.1560016941920163,-0.220458345273199,-0.1839654521768532,0.3267746902469812,1.3438998800462032,0.25
18.383773383900085,-4.081040157922829,1716.9620958300031,0.5505138708327407,0.1580985388039241,2.6564447120934966,0.1537497701610025,-0.2484463288779534,-0.2373705064723437,0.3764429936928436,1.3544691305478025,0.35
17.55886077471126,-5.432189370868832,1715.5355965957483,0.5425700315898937,0.1714576448160653,2.804935222454053,0.1427065626289556,-0.2329542350694068,-0.2290627209634246,0.3565144720615311,1.276812243667511,0.25
15.402953637712017,-5.249688560520872,1715.1885546242124,0.5348105977291615,0.2208380100823052,3.3489889481714137,0.1134401232600963,-0.2037461126745097,-0.1864922937070398,0.298597581382289,1.3631907410869777,0.25
13.254184976486306,-4.889678470441129,1714.71671052613,0.4930325136878961,0.3284105186050319,5.910221838908735,0.0290275618299954,-0.1175780190315237,-0.1181562700251827,0.1691983866691271,1.4629546459478977,0.25
9.131052089275247,-3.37352795914407,1714.2086149001293,0.588030365669626,0.2470683296716141,3.3617625807861384,-0.1951379293198945,0.2012963168977693,0.0994244476875917,0.29746300518526,1.5143382593614183,0.25
11.262973096072518,-4.456518588947337,1714.215887348392,0.4891918025811114,0.3877769519264581,9.107701178447623,-0.1019545905202011,0.0395252019107496,-0.0099218393431284,0.1097971903564853,1.5295609420086702,0.25
14.42387627417433,-6.305835461130822,1713.595051881606,0.512223633675779,0.2536037073965981,3.96165108057608,0.0514253339206526,-0.1676377434688472,-0.1815733536596438,0.25242000864311,1.315831373981645,0.3
16.642691024138674,-6.609750601317508,1714.0105541223556,0.548850867276514,0.1843463566556241,2.886056593999323,0.1189462098868958,-0.2240599143742368,-0.2360227433426375,0.3464935518171043,1.30010560339012,0.3
7.945644074214432,-4.29648785682156,1712.2627334890694,0.5969771117240362,0.2065971968124717,2.8546184280465194,-0.2200731012688999,0.2448764180045264,0.1196667331776686,0.3503095160372529,1.3710956754671244,0.3
10.10166549430371,-5.378556831840228,1712.439361474422,0.5413860620795402,0.297462147038003,4.559914838069613,-0.1866493554748755,0.1130261452456593,0.0219231722180403,0.2193023412742809,1.496649005145495,0.3
8.40341903716144,-5.657556955504149,1710.8106591353455,0.5682090329483449,0.2307502766760156,3.2681847948626377,-0.2202495781319845,0.195006855777953,0.0841805370264552,0.3059802498230612,1.375719128407528,0.3
12.265444273647368,-5.858265007530469,1713.095300484921,0.4703830646064536,0.3776650469277695,8.688959388159008,-0.0607074877353929,-0.0444353613437109,-0.0870946663320561,0.1150885802692049,1.4107709621494982,0.3
9.978411395893328,-6.6203820509203695,1710.6607677261436,0.5282648379015102,0.2856161155838519,4.4149538107679405,-0.1998461674134699,0.1063692813966592,0.0071179573219603,0.2265029358995851,1.4785813675389052,0.3
9.02492942494554,-6.985293316218129,1709.3137976116195,0.5425720320270987,0.2508739100444707,3.699077148498624,-0.2199660571534231,0.1510188821429214,0.0434822003032884,0.2703376977162746,1.3948593182592737,0.3
10.852663705693452,-7.66650777997134,1709.7075194278534,0.5005411108323029,0.3031093777038626,5.073471436189324,-0.1826449384514901,0.0541918468431274,-0.05053651526868,0.1971037015931439,1.4710553044240746,0.3
10.047943881219563,-8.463569517775735,1707.6444013841506,0.5146030453904652,0.2636836939391702,4.111534728335871,-0.2203162233112826,0.098165944705128,-0.0312936556164029,0.2432181815486565,1.420235250085722,0.3
11.543280941494894,-6.8269201070672825,1711.417458204087,0.4933406233449865,0.3457584226790789,6.570851741781502,-0.1348378390197097,0.0099185566724326,-0.069866623653205,0.1521872718024342,1.4930521548429914,0.3
13.520715709465598,-7.258946453288082,1711.9525758293896,0.4927859367190399,0.2868332934122192,4.759839663164513,-0.0119826078595368,-0.1218885644697752,-0.1706981828120779,0.2100911103663445,1.384779687502702,0.3
15.699239691577386,-7.651135729879487,1712.4066372572508,0.5417058349218118,0.2080433288516476,3.1614628842135604,0.0817939916038429,-0.1984968752612048,-0.2322935305334336,0.3163092646108221,1.300788349658703,0.3
11.922367643177608,-8.966916080753975,1708.3293306183984,0.4634565595723094,0.2908632749277692,5.158585914561464,-0.147256033916086,-0.0068617310654968,-0.1258849074675043,0.193851574164392,1.4182057997443749,0.3
12.676852166865082,-8.14353034449986,1710.2080823094043,0.4685941133250272,0.3027721031078708,5.410094262916343,-0.0856583982295767,-0.0638297864370082,-0.1508446159788208,0.1848396629342543,1.418796601743479,0.3
14.755512805324482,-8.56479808423143,1710.7275662582751,0.5247059910924955,0.2305939829730789,3.5370947213474024,0.0225137126194873,-0.1623536984497952,-0.2303558587223983,0.2827179023407847,1.3294564054659277,0.3
13.832392289044046,-9.355907529572535,1708.9759614606005,0.4994845747328782,0.2454357844742483,3.932335549268785,-0.0398778817793995,-0.1165873753252279,-0.2224557098807539,0.2543017978681777,1.3516401734443662,0.3
11.956934467174692,26.29197825914967,1708.544520197455,0.4541090643001856,0.0745926302428403,2.588241665582904,-0.0737365452222338,0.0924098174536531,0.3678307655611285,0.3863626852536537,1.5507306640207517,0.15
11.126035869097242,25.69404837782208,1708.277709501181,0.4476715874813537,0.0625346307245907,2.5530939329485545,-0.0439625811131222,0.1103759784702708,0.3732277270037338,0.3916816326632782,1.5147408319918072,0.15
11.351395356863646,26.247049024176185,1709.456592569122,0.4538688067597699,0.0703785187721804,2.5642105365223125,-0.0513871594160433,0.0860762514220193,0.3768785347634034,0.3899835780864706,1.522393821611801,0.15
12.429577704998405,26.22442847680377,1707.7582904499984,0.4424943192858634,0.0742517655087968,2.654052130876335,-0.0801896898966402,0.1076133922459927,0.3520708892099903,0.3767823504166862,1.507148416618778,0.15
14.159862520699496,7.842587591817569,1725.478183310002,1.147100999859825,0.1101583477471399,1.1180986085187914,0.3748408707495462,0.6758438957884372,0.4501520652763694,0.894375498172524,4.366141819307744,0.2
13.9634867944,8.484880520739999,1725.8554662400004,0.9440694418729192,0.0724472343295566,1.2387291108464833,-0.1270661946793456,-0.6624079276789894,-0.4435868642424051,0.8072790017154371,4.008925335414465,0.2
13.405575765995051,7.879091400284696,1725.3797578303245,1.0695912145465274,0.1163222187572983,1.21838775981607,0.3745552244583016,0.5720175579991267,0.4540330048584588,0.8207567680677963,4.012433485285297,0.2
13.30339456268906,8.667628592385675,1725.869921775063,0.8898425740010847,0.072643680519824,1.3148211862789103,-0.2089604534762724,-0.5907504661403299,-0.4310457804171109,0.7605596946837393,3.7672655900864265,0.2
11.298524154085108,9.47695287365609,1725.8284883217084,0.9449536312477896,0.0721888334229683,1.236822536046733,-0.2481263090111458,-0.5829855347167172,-0.5022662033855431,0.808523430690638,4.006908961177293,0.2
10.3191230836,9.97186013068,1725.77483913,0.9057599011607768,0.0723708511415183,1.29089112039736,-0.2507237494144811,-0.5485720797547482,-0.4861093824124035,0.7746586712070509,3.8307193934529873,0.2
12.648785294320303,8.153996720115591,1725.3675837215123,1.3370009679733237,0.1029369696413943,0.9418436842916044,0.4131811789608894,0.7484738986849685,0.6295835850835921,1.061747311871754,5.287818803728036,0.2
11.716971625585902,8.662335331866291,1725.411772645039,1.395818673263091,0.093764384057939,0.8817856026904651,0.4546951220828257,0.7668868040855791,0.7008814222328141,1.134062516952924,5.7373031029724375,0.2
12.313830370101323,9.029393644057045,1725.862123615571,0.953907832532198,0.0722358246579073,1.2253472469019284,-0.2531750923798299,-0.6042396269468269,-0.4866294407356762,0.8160951946709973,4.048626999628742,0.2
13.795167609362965,6.94157615951065,1724.844235909967,0.6554196088926729,0.2327051861506286,2.8540399065949345,0.2252753925125576,-0.2399499446561024,-0.120172932393155,0.3503805247043895,2.430154189640953,0.2
11.896079650727197,7.961319354971056,1724.984023790994,0.4928490672156965,0.242282293813642,3.936514070905152,0.243676585145476,-0.0414824197719546,0.058592812813524,0.2540318621978309,1.2419261108929776,0.25
12.738368389639456,7.141130273261759,1724.6971688685733,0.6193901351735113,0.2494610587506789,3.222036695979748,0.2600046566747536,-0.1659966456729165,-0.0341715679126453,0.3103626973732907,2.0572540177067444,0.25
13.314441165145402,5.794471257423037,1723.92941738597,0.5213953655774811,0.2400557156564073,3.689118155710307,0.2653207479531766,-0.030031079910872,0.0466971011827427,0.2710674903302083,1.4946737743924392,0.3
15.1564186388,29.7412098193,1718.5841638600004,0.757816702604268,0.0688050624286733,1.5301435567585924,-0.0831018067690163,-0.1406650703589618,-0.6327822690106794,0.6535334515399119,3.3361794376885228,0.2
15.139267653047456,29.70248209245957,1718.405031929653,6.625959566204255,0.059953434294068,0.171483597970468,0.753250235368986,1.2595834412421467,5.643758224898382,5.831461503229098,30.82377887443127,0.2
14.955069956514617,29.712885420658587,1718.6167898944736,0.5183480719753663,0.0697681621229904,2.2420534976425595,-0.0541555642081451,-0.0949707746296632,-0.4324133304134066,0.4460196873319325,2.255113685897207,0.2
14.904600432030769,29.638884746430705,1718.2911920392046,4.1265939842920165,0.0518119273990632,0.2703447679027436,0.3974619938915407,0.7905926740106312,3.591579492275091,3.698980408452919,20.246258390942693,0.2
14.736478046644969,29.630791956677736,1718.4239169127452,5.348763668602195,0.0618942532148337,0.2133721066151604,0.6295055347142849,1.0178884660500989,4.531257797725527,4.686648202820661,24.45302311154269,0.2
14.652023455499998,29.6592007739,1718.6696043900004,0.5451897064870042,0.0697544164942481,2.131601100930908,-0.0127502456372809,-0.0914637880422257,-0.45995177265929,0.4691309267776613,2.374005323706526,0.2
15.116842153919642,29.646148982806466,1718.1428536560272,3.1238119799513853,0.0450707001492592,0.3518367575182318,0.2548109310849248,0.601904462131981,2.766050944775641,2.84222719380928,16.432527460287403,0.2
14.905114631497067,29.579766468403253,1717.9930565746386,2.596467821214443,0.0483084552519935,0.42632921908965,0.2349026641854098,0.5054655932328714,2.278418017235811,2.345605122105685,13.778227293800564,0.2
14.6144136221019,29.54402322805146,1718.118679295506,2.530613161679348,0.0448637101149944,0.4341129854365359,0.1961948677831096,0.4868115689599323,2.24295662103356,2.303547771081804,13.00247011725997,0.2
15.089624763260764,29.56440863379751,1717.7594483596706,2.207543538896555,0.0492735041012295,0.5025133891426353,0.2039396177881813,0.4325377455652271,1.931684939906547,1.9899967276616308,11.853491741424229,0.2
14.56387400625334,29.424694084736817,1717.5704774276485,1.812932670238206,0.0536015875418755,0.6178252983822714,0.1562965075649858,0.3561812171826219,1.5711490317892511,1.6185805317756072,9.543059272813226,0.2
15.061152567555103,29.445998924198086,1717.19949626097,1.5810648729382788,0.0557717306476001,0.7118920157848961,0.118677689849226,0.3050676245180172,1.366035248003495,1.4047074244784872,8.386980880699289,0.2
14.216800342111489,29.11220797964386,1716.4522775021956,1.1353978146560462,0.0666976844841267,1.016321096169867,0.0777256523538824,0.220226432903552,0.9558236976817074,0.983941004244254,5.762922580487991,0.2
15.040911078559596,29.273707687358588,1716.3822758874226,1.1915234584534002,0.0646529031091052,0.9638994990408186,0.0633601731531286,0.2266575261068131,1.0104056919899005,1.037452557030173,6.184458994935251,0.2
15.045371966229837,29.017576848407668,1715.1903252430425,0.8951101725445342,0.0750126242115035,1.31436952821472,0.0191843579027842,0.1701692403807312,0.7412982226487861,0.7608210465425798,4.501676797638437,0.2
13.748790037889275,28.804120309286088,1715.638171160139,0.9471626468287152,0.072152927823175,1.2338344085497923,0.0456626661667597,0.1820125527648162,0.7884584092177032,0.8104815306418358,4.647637452488505,0.2
13.90200082477715,28.582475181366533,1714.3636724081875,0.7454132410029936,0.0796106671326095,1.5955896620379744,0.0132882212946835,0.1374105810426181,0.6113339329379954,0.6267275501915357,3.505805128961092,0.2
13.00580932299509,28.099429125028585,1713.5714374035083,0.6581289677662828,0.0781566761771919,1.800975551428568,-0.0083903990845361,0.1174493073596807,0.5426259828357146,0.5552546225332049,2.9155114697861317,0.2
13.938329066649668,28.243781597584007,1712.832627029539,0.5867110956351236,0.0819595026274048,2.038578065721719,-0.0275382660556572,0.1112130471705312,0.4769704687076682,0.4905379964666546,2.521799979217339,0.2
15.09088143344504,28.63478836834309,1713.5258398566486,0.6753807906767344,0.0777065997584436,1.7531012765944856,-0.0293121718932869,0.1324002819375679,0.5540643605720738,0.570417701105418,3.177696698169021,0.2
12.487774256303076,27.548117749097493,1712.1179383123254,0.5454031255909242,0.0740215138520032,2.152111241675769,-0.0322797859081945,0.0976145696990732,0.453142717780255,0.4646599955592153,2.170460638438928,0.2
13.69604534849846,27.615509043780097,1710.6563645073577,0.4644414280809606,0.0843674274600775,2.5901772066224718,-0.0608808005146479,0.0875634993559568,0.3710515770969735,0.3860739710948101,1.6343263952719016,0.15
11.873137978362838,26.82863368034739,1710.4531915460802,0.4751442835300975,0.0743874236299866,2.472464378569522,-0.0485075496397904,0.079333926007347,0.39362012525205,0.4044547653214578,1.62297341395189,0.15
15.190236889449183,28.142356318534524,1711.6107909486238,0.532759637888117,0.0747550054724059,2.2069854955092496,-0.074788627968982,0.1142307191349389,0.432045970348062,0.4531067385965106,2.2011782763610794,0.2
15.3293072409996,27.577520407104423,1709.7226793999987,0.4732407880013368,0.0789255850173542,2.509163616660121,-0.1065347538795016,0.1101769925892079,0.3678924452236067,0.3985391759071784,1.6258920466583746,0.2
13.96836975423303,27.15891265902213,1708.9756218941004,0.420776670407738,0.0866701573376073,2.8748923608391506,-0.0814644324881711,0.0955396804933679,0.3243882890954884,0.3478391099512716,1.4928814542717368,0.15
12.905471066531602,27.004894458837903,1709.4413961296036,0.3675888419188936,0.1385896132682935,3.7636311517809298,-0.0566873089444592,0.0558063400999589,0.2535135965753912,0.2657008510323349,1.342333150110347,0.15
13.08581939096757,26.69509023031866,1708.3301715407492,0.3850129804500155,0.1120960831152715,3.3478845078503894,-0.0710199219120112,0.0799893853468242,0.2788856771437382,0.2986960863360487,1.3780737725127277,0.15
12.002936354380562,26.629875399202263,1709.5079289708403,0.4252156912252822,0.0881991601354197,2.8554429912050736,-0.0696930023435664,0.0670775159647213,0.3365848867187053,0.3502083575403384,1.4884632424132738,0.15
19.083505882144973,-5.435713540304588,1715.5897452961171,0.5439389701892341,0.1533710562798289,2.6518869484871392,0.1365614593358197,-0.2371111060681364,-0.2594728217997799,0.3770899813698636,1.3008970085729552,0.35
18.299414786890733,-6.706018587768962,1714.1745308920658,0.5535808141551131,0.1644215666198839,2.691503395432421,0.1228861670231196,-0.2307923438465436,-0.2639612322551493,0.371539564726924,1.296293523128905,0.3
17.361305264868154,-7.856854012749553,1712.6161524059598,0.5653532361679126,0.1762999199081295,2.7321674624921046,0.1019800972290049,-0.2237343673038245,-0.2711201735978191,0.3660097756555029,1.3134040988772495,0.3
19.07828309328097,-7.93061439404613,1712.684986389581,0.5606471526821535,0.1650634465085073,2.6626730115450323,0.1001087724449845,-0.2222068783766363,-0.2857437502344359,0.3755624500883583,1.2853058790098224,0.3
19.72322493575476,-8.950731280321964,1711.2753361400858,0.5646705643974447,0.1681641384621011,2.6684037160544243,0.0861298357700053,-0.2063933145986672,-0.300708206578258,0.3747558864438353,1.262780566594894,0.3
20.634033944660526,-7.817914765657722,1712.6201439815727,0.5562592329944696,0.1589483884336204,2.635558531702393,0.0914724161509468,-0.2176735477458877,-0.2970105669383083,0.3794262157228841,1.2406863991956147,0.35
21.47405927489981,-8.829468755695869,1711.030739661116,0.5671245570218378,0.1617395025872813,2.6063952057931434,0.0656419409484707,-0.2096241361821388,-0.3145676510707973,0.3836716695063492,1.2361416959546927,0.3
20.41894271351656,-9.945638863388536,1709.7064436831542,0.5713795094625155,0.170031535528623,2.651996256636816,0.0600249805556324,-0.1956486195843597,-0.3167076754859756,0.3770744387355096,1.251172955168074,0.3
19.8342606579737,-6.681126642553182,1714.143795871396,0.5490625674044745,0.1536786314654372,2.629473987640552,0.1125032796062688,-0.2296546297427361,-0.2814836536637991,0.3803041995092364,1.2650649553505977,0.35
16.668038722742775,-8.758450796198858,1711.202340404226,0.5553605583193201,0.191877128180458,2.921938255095444,0.0853753832024975,-0.199326021484327,-0.26477807105823,0.3422385802493062,1.2850313473945476,0.3
18.205158615947923,-8.607926248524986,1711.7375420617698,0.5575578492535054,0.1730656542396734,2.742960305712417,0.0955861034752351,-0.2092790760454435,-0.2828012976541206,0.3645696213384591,1.2782478352649949,0.3
18.169741630881035,-9.824014902466027,1709.941032540661,0.576827990645199,0.1793994358499419,2.7037055696725414,0.0819491464659758,-0.1980365485973242,-0.3014370960774888,0.3698627584367904,1.2766311817096037,0.3
22.35148753456905,-9.694543735075216,1709.378302911852,0.5652623693252389,0.1680345452944751,2.664569409508339,0.0430316019220082,-0.1935909983369687,-0.3186177379073139,0.3752951589219506,1.198667444680065,0.3
21.324307649178373,-10.84441505813163,1707.9831444387353,0.5589960954330341,0.1773115178565128,2.771901322958866,0.0436379507375835,-0.1717794370759705,-0.3142254651963376,0.3607632031188433,1.192114136706842,0.35
19.246342716543687,-10.954619222439796,1708.1433004615135,0.5605282855469479,0.181659671343924,2.8020818111777337,0.0632547683681956,-0.1723739775419736,-0.3060189675296239,0.3568775172840843,1.2008670977575937,0.3
15.892188749217745,-9.718362739327963,1709.445722323877,0.5510962500194184,0.2039845160338735,3.0649833510733377,0.0415320780531635,-0.1756502177633134,-0.2717933414846992,0.3262660463228312,1.2908187957794826,0.3
17.094485365338837,-10.800551139178932,1708.0299608273442,0.544648763412129,0.1965148995929775,3.0249354262900128,0.0495309935360833,-0.1627771600960442,-0.2834379922676449,0.3305855693013811,1.207021264296078,0.3
23.26007440859368,-10.398271193777337,1707.6678579470183,0.5616606467939934,0.1746136739660453,2.7358778938891124,0.0222163389588621,-0.1786497632124707,-0.3181049098788452,0.3655133886763043,1.1661418438806703,0.35
13.914820077128594,26.72144307476325,1707.8667688979142,0.4397669194393566,0.0761248217999299,2.682313044363984,-0.0989270434334985,0.119244058392765,0.339092172592209,0.3728125626877062,1.518133156543744,0.15
15.466636312849134,27.00486963686289,1708.0890845445206,0.4891967148313765,0.0665616938097314,2.3580835133240186,-0.1290947981404744,0.135774299318389,0.3804444033131617,0.4240731909407113,1.6045930956118273,0.15
14.707109105816103,7.250642908403423,1725.1495022371305,0.6175727638095116,0.2070560999196591,2.7637414410768546,0.1963097216031619,-0.2623013816602595,-0.1535585615311717,0.361828348027507,2.485347507810438,0.2
15.359497138031156,6.5955979512471945,1724.7553130667204,0.5044579618558914,0.2134485634066669,3.4589352587827498,0.2866130235991944,-0.0214874080174856,-0.0312045340400419,0.289106307341501,1.5480587133290062,0.25
14.95000682967475,6.247642780170373,1724.5356129624502,0.5240455731076425,0.2269394820356656,3.4941539680068168,0.2819314126498372,-0.0477082972382154,-0.0120264691361342,0.2861923112593786,1.5767610777775871,0.25
16.145834733827904,5.898600885594955,1724.273525954477,0.5047345252382744,0.2398234110031733,3.8074900405193706,0.2278964563667027,-0.0998995990645937,-0.0840425929155415,0.2626402142508539,1.3508483782970704,0.25
15.252490537973117,5.086874612091868,1723.8060870113788,0.4758524150900037,0.2764742153759106,4.700781863120143,0.2010768936902863,-0.0638781169131032,-0.0272390151536178,0.2127305688965218,1.1585588167167788,0.2
16.317594223382127,4.66170596414493,1723.5177847755042,0.4630456765936404,0.2694310903964696,4.683229330296351,0.1914103578900952,-0.0728808503170473,-0.0603705997144133,0.2135278734976493,1.3008732626975643,0.2
17.019391307400937,5.318299188857378,1723.7849040600045,0.476319589324264,0.2351747925294941,3.9638046269721134,0.2229081476638009,-0.0738302855129699,-0.0922371519406924,0.2522828681301287,1.186244296792621,0.2
15.411681519818892,3.785727261260576,1722.9483215987138,0.4784828876651149,0.2888365415106607,4.948628221775858,0.1920136897358461,-0.058960561911375,-0.0221175681517655,0.2020762027746633,1.4466928373253434,0.2
14.440760332848692,4.273228858064423,1723.1351006248506,0.4923938482063495,0.2882313154587002,4.795077679637892,0.2003928604712663,-0.0576496777283854,0.003338964121825,0.2085471950217742,1.4025414377053094,0.2
14.360682744263835,3.3869794763989374,1722.4714533520362,0.5027439509551888,0.2986616737336228,4.939655897723936,0.1982612107727265,-0.0305751266004203,0.0272199175911768,0.2024432512517266,1.4923640373409417,0.2
15.10772378829859,2.5114565325490696,1721.993512636514,0.5039959364279215,0.3032290488891198,5.041757867108822,0.1924975430048688,-0.0477851715421653,-0.0011937582928652,0.1983435195338816,1.508380715951814,0.2
17.263594152250977,4.040790813868748,1723.0024922410637,0.4552404490663114,0.2747405110847536,4.875802063687545,0.1806119592492292,-0.0619584471777446,-0.0748612667037465,0.205094461780449,1.4970624532760213,0.2
16.33775708860384,3.314643633557272,1722.6650106192023,0.476372577245649,0.2801780266834841,4.7747666205980925,0.1845591360851391,-0.0802947198885656,-0.0579087006350389,0.2094343199280258,1.5137754272704804,0.2
17.525673389499936,2.523986327480942,1722.0370565623757,0.475441949296788,0.2820336460588558,4.8248414551341785,0.1685076877227226,-0.0859734460022394,-0.0846801159194717,0.2072606963977824,1.5040548240420686,0.2
16.44851870932275,1.6647228609464038,1721.539425511242,0.5046561184991635,0.2829907534327949,4.565582786662641,0.179482566077971,-0.1054709951262603,-0.0680885978350448,0.2190300881020672,1.407987954623685,0.2
17.786853046667623,0.8299553526216571,1720.894677540333,0.488360339753366,0.2524593962480864,4.13602515348602,0.1583988371184636,-0.1395369793533706,-0.1178806769084955,0.2417780267020758,1.2858287984402366,0.2
16.830597542713296,0.1079754799520202,1720.414901289237,0.5164363666817523,0.2466634805728045,3.821689400211377,0.1747057821539671,-0.1618911560662598,-0.1083392484172827,0.2616643832815639,1.225819068557039,0.2
17.246967700963122,-1.6458586993339257,1719.061987839522,0.5182118846818636,0.1966326199977483,3.180487950846565,0.171716002456715,-0.2089649985949724,-0.1603290259303353,0.3144171634839319,1.289613657904108,0.35
18.01854964551737,-0.865660559824125,1719.665993951477,0.5003332051843933,0.2015055549262965,3.347915011254171,0.1620593193137346,-0.1919041867514837,-0.1616393712755252,0.2986933648669257,1.2924054216836531,0.25
18.217159404502706,-2.5105843412505826,1718.3594885662635,0.5238537338791158,0.1702757408717374,2.894736648243957,0.1599590293170657,-0.2304854958556693,-0.2015648880624437,0.3454545685897309,1.3517035907033437,0.25
15.713828033696506,7.808405918012565,1725.4111845529646,1.2447524133948398,0.1160053241582696,1.046072594799754,0.1462133227884942,0.8351415009238683,0.4416031666407742,0.955956598969526,4.809783481294725,0.2
15.984530283586531,7.254103724758984,1725.06248433708,0.7088286529174181,0.1561125329590625,2.051220703854503,0.276305577837892,-0.3304939887890289,-0.2282529666341582,0.4875145800356215,3.078487525476091,0.2
16.46143965166346,7.851924306180128,1725.2926556751004,1.37960923083896,0.104863749817729,0.9172063202772844,0.075822120651819,0.965828435145095,0.5001090747138424,1.0902672363811077,5.457013569444245,0.2
15.912318176871985,8.352399859775296,1725.676139804688,1.4576701057144743,0.0709055222950995,0.799388381327186,0.0067352220204658,-1.097801322125891,-0.5997322502449948,1.2509563853551988,6.281177439427196,0.2
15.340303214196016,8.330535432749132,1725.749181942374,1.5020316477483702,0.070778439820358,0.7755492678063152,-0.0980119226515855,-1.1266612775026152,-0.6193568547966598,1.2894087345715075,6.484852879668124,0.2
16.327181627000005,8.396810957529999,1725.61362156,1.4862781921928068,0.0708783981839034,0.7839520886031021,0.0285796536612369,-1.1206881224917211,-0.6085774249672617,1.275588157156219,6.400199224688695,0.2
16.624090008944655,7.1607249246750735,1724.8848355463958,0.6035159368934071,0.2039725735222209,2.7986546588126227,0.2586445131816036,-0.1862124921243357,-0.1615599070138266,0.357314539273762,2.197855731480928,0.2
16.17598596269853,6.679001112471055,1724.7107829624474,0.501942010122643,0.2361214976840444,3.7749608181765706,0.2482124025134205,-0.0573645266851142,-0.0726204646050757,0.2649034117612465,1.4110084924253874,0.25
16.81017905411595,6.324330388772957,1724.3885417201195,0.4589298888022095,0.2600871445220516,4.5411949010574295,0.2105693441357646,-0.0204000501932229,-0.0611165306867027,0.2202063601734308,1.182944548237696,0.3
14.737620399718304,8.362147118186467,1725.8077720477577,1.3669867490059913,0.0711242339816047,0.8528530223518279,-0.1213884064785775,-1.0055427128489558,-0.5907512019377374,1.1725349782338808,5.882661222424136,0.2
15.020651253575007,7.871571120081466,1725.514989172876,1.301562648710083,0.1087943546898548,0.9819736043648916,0.2551280382936706,0.8581861703156012,0.4852605440923909,1.01835731180042,5.111638975724887,0.2
15.384664492885149,7.421085102820113,1725.233628918856,0.6490937516291747,0.2267087186651762,2.818621750835481,0.2642285201178168,-0.1954710342700771,-0.1335873214489087,0.3547833261783299,2.367644817772925,0.2
13.9634867944,8.484880520739999,1725.8554662400004,1.172043266719983,0.0716675571982803,0.9959680117355154,-0.1656606418245315,-0.8476676075840058,-0.5119855365525596,1.0040483110069556,5.018596600046715,0.2
15.349222889384714,29.73398340913887,1718.412410559083,7.259927981180004,0.0612805467041321,0.1569823405307188,0.7454282606331301,1.367010068919508,6.176920386143317,6.370143269741329,33.31057965860145,0.2
15.265495484946191,29.754250957672983,1718.5672576767436,0.842443976698014,0.0686538875325432,1.37595137491106,-0.0701176534121753,-0.1536517833908727,-0.7068727509988537,0.7267698686406262,3.717752214138551,0.2
15.451495844785162,29.772697083044328,1718.5397145947552,0.7665162635639183,0.0688991758962231,1.5131074770079838,-0.1264741519359444,-0.1439915637908319,-0.6324937997011556,0.660891585822706,3.373612871825048,0.2
15.1564186388,29.7412098193,1718.5841638600004,0.7627638637267454,0.0688071348923384,1.520226603708444,-0.0824590906897782,-0.1409609522131454,-0.6372024556483216,0.6577966716018506,3.357889147220796,0.2
15.719104461543662,29.790947396838487,1718.5028618757915,0.5000007919654806,0.0698664245990625,2.324855517589916,-0.0736612921572453,-0.0916953361652518,-0.4137408103542098,0.430134256702825,2.175344360065337,0.2
15.544300538089129,29.733248261481894,1718.3018402745363,5.716402189102815,0.0594280089930462,0.198531920466788,0.6295088576379102,1.0838597751828265,4.878531284545043,5.036973387699072,27.00396421578017,0.2
15.865030956548996,29.725628067501464,1718.1475272992857,4.377617369341989,0.0590778979050524,0.2590420904860256,0.4371479568064493,0.822271877082252,3.746368559927005,3.860376505315248,20.398095617023746,0.2
16.111851312066822,29.80069841159477,1718.4544932025894,0.374814962189721,0.070790448671927,3.1080193024983003,-0.0479454761103823,-0.0661220323067411,-0.3112090805912507,0.3217483235049975,1.6144032561472803,0.2
15.334844784503645,29.700662985345584,1718.258648639354,3.5358202414390005,0.0414623737933324,0.3083932389898088,0.4171563401878115,0.7007726652435003,3.138381571183461,3.242613240405851,18.273631476150143,0.2
15.451296756398586,29.65795611346256,1717.984884955863,2.658511135117856,0.0438440634568159,0.4123046087484497,0.328739097532519,0.5270526453595178,2.3444975886902664,2.4253912733003378,14.264363328107963,0.2
15.942504952106074,29.65472196960129,1717.7916557481135,2.114444930426145,0.0443056962597812,0.518919541648806,0.2632734690255345,0.4043643758235654,1.8656949891527623,1.9270810207351552,10.94882354394928,0.2
16.341256734788793,29.69935245720149,1717.968554715013,3.3271796163283187,0.0624183223795211,0.3434271522726492,0.3273574923219133,0.6002208977882626,2.8304241230763,2.911825676515213,15.167714980630606,0.2
16.6870898146951,29.78024576661276,1718.395307852836,0.2929511289924089,0.0718499878438771,3.986381581668355,-0.0399315571680123,-0.0485055138601548,-0.2428588987933483,0.2508540588784996,1.2475577088652807,0.2
15.655651306141424,29.574259190877864,1717.4902987663838,1.91463810193278,0.0545841747417845,0.5862969892059621,0.1435647049950636,0.3640040448846013,1.6601296838860178,1.7056202204864246,10.066587206344716,0.2
16.233032695522958,29.58113953691764,1717.406984136369,1.591373833896293,0.0508654269594566,0.6995540969370475,0.1854333673080226,0.2996191457093798,1.3853741966160031,1.4294820148698084,8.126231189562434,0.2
17.523665633685034,29.68194384444177,1718.3322440697027,0.2139258534307439,0.0736313562813542,5.481778372334041,-0.025897304758478,-0.0331340709965418,-0.1775090150152467,0.1824225519672402,0.8928137748651428,0.2
16.939220375450695,29.617632239554823,1717.7134375017172,2.425865372827287,0.0645056809832396,0.4732829016440814,0.2091143392472961,0.4306658333160322,2.057947889879413,2.112901177131518,10.900309079277266,0.2
15.858543964526888,29.44702715720311,1716.8187529936845,1.3890145070791973,0.0639511115666814,0.8255208355261436,0.0599676879731177,0.2601783862156517,1.181564880061389,1.2113564636592755,7.065511766786899,0.2
21.0176973999924,27.987237446849,1717.9275981060389,1.8085293862226304,0.0760401321470976,0.6521082375860479,-0.0991839346661067,0.2324745623374609,1.5125153991055476,1.533487759182074,7.588015157965656,0.2
20.81737464576284,28.23463908942518,1718.4398177703683,0.4856560905777916,0.0730312051703825,2.4112654821513244,0.0243170898745343,-0.0707223485136059,-0.4079211931493334,0.4147199913913265,2.0317312561036154,0.2
21.3997242215,27.630739481400006,1718.5756398600004,0.4784886598976866,0.0734066948738874,2.449538779854602,-0.0078805993534181,-0.0145427438173009,-0.4079048890647795,0.408240117782237,1.9935418382360128,0.2
20.322318875274703,28.503647733650205,1717.722918200919,1.6625035480897403,0.0750927884411806,0.7078045033310443,-0.0047330359062328,0.2145006695905428,1.3964333076650433,1.4128194936509102,7.11028191788938,0.2
19.89111377504689,28.88498069517768,1718.3278965655966,0.3214080930247166,0.0736247521821353,3.6485576383561913,0.0011991064999711,-0.046710436477503,-0.2700685891369917,0.2740809106281617,1.3389378174778803,0.2
19.356910792494613,28.976328459758257,1717.4346098186054,1.787487111497697,0.0730769053662454,0.6552053522805312,0.0477375989633992,0.2639994836536384,1.5024749775017796,1.5262390585170955,7.719843030767842,0.2
18.660920533286173,29.41417169930792,1718.291535581904,0.2171271056015698,0.074377708565946,5.4104276732876375,-0.0072046868794559,-0.0338245142736719,-0.181563997018206,0.1848282724371679,0.8976737436300232,0.2
18.061245210018853,29.36011379884973,1717.2921827745365,1.8599626824286648,0.067840209326506,0.6220444463990266,0.106047256092295,0.3069757601515124,1.574453743204482,1.6076021669977647,8.283311559720513,0.2
16.842501531911356,29.429863357361555,1716.7952156736353,1.1420241579139137,0.0641345559342665,1.0044822676270322,0.0742594909463531,0.2074176540524266,0.9708546871217902,0.9955377334458864,5.663634789468876,0.2
16.184675675310764,29.21610054085812,1715.7091296213891,0.9796024408285372,0.0748806987153684,1.2006303640350613,0.0016338499644211,0.1812546520430238,0.8129326617673316,0.8328958103634947,4.758153314650271,0.2
17.81953324192851,29.109310200193768,1715.8518683115035,0.949984931769303,0.0814750100914464,1.257569202191117,0.012166361098223,0.1655987308695568,0.7776554598477559,0.7951848679640509,4.533908006339762,0.2
20.963518666593888,27.957834315143817,1717.064429074031,1.0389540764366094,0.0916768413525876,1.1786086948358694,-0.0816129151841603,0.135760714036399,0.8335402647223253,0.848458020360403,4.542231825731809,0.2
21.491722509321384,27.50547865573727,1717.7569754729848,1.2692780773149042,0.083739549019368,0.946341912236548,-0.1337417261766412,0.1519108545643438,1.0371365640802943,1.056700529765863,5.478336331812486,0.2
18.91345743454876,28.96592095382173,1716.489304829561,0.9986288949227584,0.0809124054564545,1.194706071743965,-0.0136179431213471,0.1599366457659549,0.8214908906477857,0.8370259628297159,4.636586816540832,0.2
20.04743165807125,28.47332899409848,1716.3997026481002,0.9226168468727274,0.0959658481935277,1.3413142778730114,-0.0418392627311305,0.1368380992381768,0.7316767528934802,0.7455374303371687,4.134178232345682,0.2
16.458240321076268,28.83571866773534,1714.0652241743398,0.7045106895043907,0.0829562097350971,1.7017695885231423,-0.0329805498152364,0.137264667122977,0.5704140681313918,0.5876236164661024,3.24508913068689,0.2
17.449335410778126,28.90876672441745,1714.6687761058208,0.7449824376536335,0.089614421956734,1.6354296961198895,-0.0214375065561986,0.1335216621787949,0.5963185799526133,0.6114600966171354,3.3991610037436417,0.2
17.87648512470671,28.570573732342734,1713.4197199660605,0.5880595641613197,0.0974692174704847,2.112270769270764,-0.0654171335126224,0.1144267481335259,0.4547060002531098,0.4734241530716433,2.4095960764280995,0.2
19.20868119956497,28.56863327657246,1714.842596553072,0.7205635113075872,0.1120911145261445,1.7888256375210505,-0.0490185178001906,0.1170885592366156,0.5444240051267196,0.559025977168908,3.079062916363273,0.2
20.808383538152093,27.941764569640725,1715.5338509981611,0.697274046034158,0.1333670371241062,1.955847528804556,-0.0646942202632325,0.0878279553527123,0.4995153752456072,0.5112872988679315,2.820717494439994,0.2
21.694911506666003,27.323868136024835,1716.6494146305056,0.7855130370002642,0.1284944438201301,1.7133705333898597,-0.0929158223505121,0.0769254180150871,0.5710433584992938,0.5836449153946437,3.2938956127464536,0.2
22.07758427935514,27.039049613074702,1715.102345585721,0.5002361821853054,0.2341442820070665,3.759662820864013,-0.0773987740897176,0.0558963913323748,0.2482560663840063,0.2659812987618364,1.6105180606798746,0.15
16.540499638487738,28.426036359174542,1712.4375592321517,0.5753850279278484,0.0776378537756307,2.057436590702323,-0.0829952733533852,0.1221422394658593,0.4630654407145178,0.4860417106019493,2.4497986706006367,0.2
16.853270917656005,27.954991239256145,1710.7770427666585,0.4998566916045402,0.0760008017177139,2.359171203662737,-0.1143789933414408,0.1197482045152918,0.390192382113346,0.423877672992722,1.8865947116143815,0.2
17.893388748633395,28.19123703470032,1711.8802936926184,0.5140528092388702,0.0898714670261311,2.3716045938850265,-0.1135671763115582,0.1152052288706539,0.3893887124940124,0.4216554490484678,1.9467533006547488,0.2
20.958433712388853,27.692182859714816,1713.8515743547268,0.4922048690806307,0.1713844460372084,3.0912631954746432,-0.1095850617108652,0.0882380604856352,0.2912944564640946,0.3234923514322295,1.5884556993050698,0.15
19.66660836954922,27.96641116785062,1712.4135057201277,0.4947064968347652,0.1272713940931021,2.7116252263847915,-0.1258589227148755,0.1045853835753837,0.3304874890950812,0.3687825257966144,1.6968612563766012,0.2
22.65096234194527,26.626659492673348,1713.2143604791718,0.4543710277003916,0.2686898659236288,4.757345714239839,-0.1239939221983156,0.0883744498375642,0.1449138639943021,0.2102012466755922,1.2738753968164622,0.15
17.03972671422431,27.388489238607853,1709.0150676992064,0.4811361884503412,0.071759828521892,2.4266915431653238,-0.1491836589369389,0.1278408207521636,0.3622346285460961,0.4120836876925948,1.619135301190752,0.2
21.6657979218972,27.12198960147981,1712.0283196247417,0.4583746409424735,0.1799905347016645,3.4086828644739184,-0.1595160473909748,0.1061177278915634,0.2221681895445858,0.2933684475086349,1.3615924214650252,0.15
23.29602837335701,26.12664941884949,1711.3270164979456,0.4718982833051298,0.2141123942469055,3.7061780477383057,-0.1754514159137924,0.1240997844178359,0.1631524951008643,0.269819740746198,1.2587585490240314,0.15
22.231503308385246,26.567192292408546,1710.1461407406864,0.4831913250518027,0.1440329375323884,2.9069734216417933,-0.2134543833462769,0.1407885333164735,0.2301132017569161,0.3440003931770461,1.35462630073522,0.15
18.89715679854079,27.58806489883548,1710.1722150428293,0.466470470847935,0.1050573394925654,2.7140122292504465,-0.1607123589917864,0.1151129367108669,0.3109372575239904,0.3684581776096783,1.5122429772396768,0.15
20.654929995570782,27.29159808324561,1710.6723655279882,0.4629919280360702,0.1352179871880789,2.960487076048527,-0.1839110128811553,0.1172071586115569,0.2579458722335697,0.3377822548493396,1.4226984562501928,0.15
20.61647119928241,26.84168088540134,1708.8590395845467,0.4854874710390703,0.0982997456696064,2.5638338139620838,-0.2032306809792915,0.144726227844237,0.2998057675817802,0.3900408811812282,1.4183311588073753,0.15
23.96201804103324,25.53157505781448,1709.4700086729797,0.5057317133803924,0.1566462877637385,2.879440235596646,-0.2243310357220194,0.1653142920593426,0.2072605184696458,0.3472897223695254,1.3151971673740923,0.25
24.61541921015544,24.830276303290425,1707.6472845851729,0.567649180904685,0.1297900851882124,2.3792602181641422,-0.2571227142588076,0.2078798331871306,0.2594704033900767,0.4202987098114088,1.4549708004602184,0.25
22.886098182798467,25.854501356002835,1708.170390920028,0.5231461057436718,0.11367404307967,2.473962535010286,-0.2466359706584645,0.1748281972706709,0.2683121205325489,0.4042098398211363,1.3173944834702531,0.2
21.11313254646743,9.915945518417574,1724.1221994480304,1.2879100855050574,0.09310610737972,0.9541206359096196,-0.3448842806133443,0.7758385296393311,0.6145019251309813,1.0480854960721409,5.415662808655297,0.2
21.148836675768628,10.499687793708894,1724.35419678502,1.3833137849825254,0.0709422790118869,0.8424295222675411,0.3973521579325655,-0.8710942195359984,-0.7016958152794139,1.187042919992086,5.944201165965778,0.2
20.621680336069016,10.069613740306975,1724.559071479518,1.2583064505049195,0.0714681074988984,0.9272576661251328,0.4322166379102454,-0.7448197573315198,-0.6492182325981505,1.0784488891624335,5.376608586955385,0.2
21.4568523543,10.792864131699998,1724.22042867,1.14120301820778,0.0715642896577072,1.0226368317123562,0.377950134989551,-0.6719243814762104,-0.6015727847927193,0.9778642515012372,4.891372612188293,0.2
21.68850352372908,10.26918010954784,1723.804270890926,0.9465790085545492,0.1191578393931443,1.3869733446142904,-0.2940388553162781,0.4832545719726351,0.4470336453503192,0.7209943896060197,3.684345494853216,0.2
21.353911129573746,9.504626336668228,1723.7553702886369,0.5537962032631406,0.1456079310934603,2.5476281343668217,0.1792545095067443,-0.2479830482807852,-0.2458571153448904,0.392521964454022,2.550864697043418,0.2
21.98020090500013,9.6216192999057,1723.2998552212669,0.4230483616816761,0.2889574946153554,5.600284019190838,0.0558025377449319,-0.13660505378676,-0.1005467894128833,0.1785623722963404,1.437082090488179,0.2
16.327181627000005,8.396810957529999,1725.61362156,1.48722864982309,0.0708835584423479,0.7834605019847849,0.0899550377027277,-1.11790188311546,-0.609402293655629,1.2763885319893515,6.403841239359351,0.2
16.98028763845049,8.510662323222762,1725.5004185260914,1.1013981726459396,0.0720631198114333,1.0608303507029722,0.056000032554677,-0.8294147545656136,-0.4444534633088861,0.9426577956949836,4.690469000636219,0.2
19.86347267501565,9.57930064092788,1724.8106955709386,0.9039519672304032,0.0728306335245478,1.2948651709468115,0.2235182263414522,-0.6060681145156658,-0.4232484630410536,0.7722811783321001,3.823208811274914,0.2
20.58453533822726,9.129673954505442,1724.1430362019044,0.9183862992767302,0.1223611046560129,1.441676733234056,-0.142488113758069,0.5732155468222947,0.3636661245043018,0.6936367751158333,3.555374035278468,0.2
16.99880054505441,7.678239288113041,1725.0623220499017,0.4078794877648496,0.2584425279560051,5.074785182692756,0.105041346186467,0.1580031866201952,0.0532077597616747,0.1970526759261532,1.076542748279842,0.1
17.569754228162097,7.09034930314422,1724.5830060626452,0.6930567852612056,0.1550810598096863,2.0916265291252363,0.2663819427231066,-0.3102465303119021,-0.2477182348542259,0.4780968237280016,2.919283987035901,0.2
17.82483924289488,8.728998731532625,1725.330164644945,1.0043845241802565,0.0725196774934496,1.1645385337431566,0.0750720182220692,-0.7528997329101009,-0.4060637194022,0.8587092406343282,4.254791378473587,0.2
17.570401212876092,7.924343373653378,1725.0113840665622,1.1546640790666562,0.114913731511889,1.1244918606582883,-0.0316885036150839,0.7864178630770646,0.4139812665376947,0.8892905631300795,4.393063716875521,0.2
17.880821917876982,6.096938596336128,1723.963699310837,0.4447098942421869,0.2316813132629356,4.190272749709322,0.2210645115798147,-0.0251252539910635,-0.086325240701062,0.2386479496040847,1.0599706688307005,0.25
21.38980693427129,8.743243433376053,1723.3993963595126,0.4550243808567132,0.2260550704342968,4.011179253989307,0.0504551996676434,-0.2080689433163316,-0.1277250761879435,0.24930324392894,1.7790084846062295,0.2
22.34137183339962,8.838320216382282,1722.6989772544105,0.3617850778481929,0.3041860931546341,7.057905218042606,0.0649986528320252,-0.0905042102985443,-0.0875147435860166,0.1416850990636189,1.0593958651922617,0.1
21.59448739881213,7.610946890551983,1722.7613805506369,0.3327863277405164,0.3069436425960948,7.782523152387059,0.0852059816165364,-0.0495557154482634,-0.0824295526653317,0.1284930324548125,1.0095859512107317,0.1
18.47436441086612,7.917677522049058,1724.6669718444673,0.8332872071702825,0.1392178771764613,1.663145634766514,-0.0284664218762826,0.5317813098222461,0.2791491016575362,0.6012702550491847,2.9382955468917187,0.2
18.857040135412177,9.09577530415613,1725.0885430979888,0.8474782193483161,0.0732078743180839,1.3823724209892283,0.1665951226539513,-0.5973375108221928,-0.3724686984906483,0.723394061409586,3.5703235469415846,0.2
20.58164186668893,7.908342021657976,1723.5777792502256,0.5852485370974612,0.1633070744210012,2.537439383385045,0.1484105780292521,-0.2864523706441564,-0.2263462827710314,0.3940980842923468,2.566170757010032,0.2
19.608717172246944,8.485052876381237,1724.4154714293911,0.8461996955194755,0.1284230787385109,1.5901877648000424,-0.0822174354677886,0.5416061036692933,0.3088101178323584,0.6288565552670723,3.046558957851397,0.2
19.50790222079497,7.239765449179617,1723.860725595956,0.5850617253267255,0.1686989573181453,2.579559288199234,0.214012095617832,-0.235228453489749,-0.2216959441186586,0.387663119267978,2.172561665574211,0.2
18.49019408752251,6.831813218670623,1724.1161906665163,0.5026154327598319,0.1916223035543686,3.225902409670174,0.2590518033366574,-0.0853668625354375,-0.1473056171740069,0.3099907787050021,1.4598617260719295,0.25
20.453236281662125,6.36734541331746,1722.9335561227583,0.3620885201974501,0.2915634835054345,6.624932259952836,0.1223187085895824,-0.0275995218498057,-0.0840284161525817,0.1509449396252573,0.9579048764752331,0.1
19.027431673402607,6.032091812942625,1723.4884733085355,0.4037995015860361,0.2667750896506961,5.3092025092039306,0.1661078106504942,-0.0244657975048354,-0.0853590836658829,0.1883522051129938,0.9627192872035584,0.1
18.21875437315593,4.9737915356985365,1723.2561997007426,0.4515223737440941,0.2356009549364709,4.188233120018522,0.1996668649248224,-0.0736120480975173,-0.1082715926250793,0.2387641688855127,1.2806667623254069,0.2
19.78486412581904,4.740924747560989,1722.4915363433547,0.4126983070665171,0.2353838472833573,4.57847625399593,0.1586663566223727,-0.0892655106359471,-0.1206690318074181,0.2184132764972267,1.3818787810309876,0.2
22.806091780361378,7.846588041831996,1721.9440519755658,0.3719657240957518,0.2677341953380326,5.787377433043292,0.0458879569824565,-0.1396370031436599,-0.0908412369449609,0.1727898364275422,0.9856961932073496,0.2
22.01001419015848,6.265766559465788,1721.8832231267231,0.360092168687594,0.243904384243069,5.421933470935976,0.0853530859378254,-0.1193435283300612,-0.1117525391210209,0.1844360513385961,1.1808860243756314,0.2
21.03833739358979,5.087877765166815,1721.9840721925807,0.3623363675514333,0.2512524223985433,5.547524361062092,0.1128641735284898,-0.0877480394977233,-0.1097990859327762,0.1802605874106602,1.308372859843404,0.2
18.87808604228333,3.6102732641675632,1722.2857435073429,0.4411638391513276,0.2646008339940768,4.814655048488207,0.158003099962857,-0.0852273260978959,-0.1044522896332019,0.2076991996163875,1.443556489650354,0.2
20.610674642392567,3.40416086133196,1721.397447844524,0.4184215669971143,0.2340813469220635,4.493731713263183,0.1219715635240503,-0.1315464751420686,-0.1316777968147851,0.2225321990292644,1.4381248661639532,0.2
23.43855866414281,6.518926639966584,1720.9268228566596,0.3882559844928888,0.2756401522655833,5.739931494486151,0.0401884664675637,-0.1437737560920694,-0.0898105955474689,0.1742181071256011,1.3093100251457084,0.2
22.32694337046781,4.547895797973802,1720.8988495068704,0.3983549004880463,0.2338195741708967,4.715456302843932,0.0810816078534824,-0.1511034564754536,-0.124766141004709,0.2120685540860364,1.4069433862254694,0.2
19.73470777709014,-2.8417033734568027,1717.842320656157,0.5042000777233132,0.1552372365012195,2.8763831955103494,0.139620843705694,-0.2312146187629593,-0.2188891915785528,0.3476588243043787,1.2690598246581442,0.25
19.956976504722928,-1.4704425426376078,1718.7952786872656,0.5147367581488456,0.1589247680911743,2.847964937673336,0.139751355027233,-0.2411936505761173,-0.2135087743166644,0.3511279183152292,1.302757085338616,0.25
20.874014539684072,-2.424466843157308,1717.7687307785552,0.5038607565814506,0.1455418075521711,2.799590115006162,0.1251629341326587,-0.2424210957520083,-0.2305528672840331,0.3571951460465129,1.2454038896152038,0.25
21.88948683923636,-1.1961753465619904,1718.1127341797794,0.5174159742759672,0.1389124704084622,2.6761945483786,0.1058661626733944,-0.272172040788662,-0.233109849980408,0.3736649118450153,1.2651140028446186,0.25
19.521903743866307,0.3408363154207739,1720.1453248962534,0.479430074910761,0.1919058517949051,3.38502032451696,0.1413453370117516,-0.1943772638355684,-0.1717890549236838,0.2954192011070714,1.1895015788911114,0.25
21.32061192494546,0.148908989595506,1719.2449286011722,0.4942653236920426,0.153004589547426,2.915319322521031,0.1167873943371731,-0.2464614589996681,-0.2080316178865473,0.3430155977339892,1.2205308103771602,0.25
23.02531765574152,0.1791182610483561,1718.233087225032,0.5082461840154479,0.1394083244927814,2.728224981003115,0.0884824902077133,-0.2796279293681403,-0.2198401202528327,0.3665386861285609,1.199597699045161,0.25
20.79527400784771,1.667419309548308,1720.380901113929,0.4498238538923592,0.1882242456760326,3.565210554924208,0.1213925831224052,-0.1901003972652021,-0.1667314911002831,0.2804883427204088,1.2534577880187443,0.2
19.21898870651111,1.970325446923452,1721.2380555655393,0.4653236216883355,0.2433051378652314,4.185985586044384,0.1432191885753077,-0.1386321339595103,-0.1316774768582387,0.238892365834677,1.367480447907389,0.2
22.349260837471416,1.526460688606758,1719.4123007476976,0.4674604452983217,0.1545505263413959,3.096282659811958,0.0959256206030778,-0.2428073168092105,-0.1901345990237991,0.3229679295690438,1.127997938807806,0.4
21.90383019728946,2.6915258346652733,1720.2916250563048,0.4163005098149809,0.1767094234073214,3.715095787523729,0.0997618140046067,-0.1933680667742476,-0.1584612605630422,0.2691720637078224,1.302186779617006,0.2
23.24132861204941,3.164356461309687,1719.6135865851886,0.4471252565957712,0.1661722921209777,3.349796476596207,0.0773429510361337,-0.2346860002369478,-0.1675054701461325,0.2985255990883719,1.257313364219984,0.2
24.021750271339943,1.807630334042601,1718.3723389745126,0.5105590316197335,0.1436520696022531,2.748209271099682,0.0699858381177798,-0.2933425472198003,-0.2036072619334538,0.3638733085271396,1.1748591084155413,0.4
24.161060534667584,5.039124611902006,1719.7566939795845,0.4344776284431159,0.2132258787172266,4.0129396399569375,0.0418732622226954,-0.2120867427592328,-0.1239493178661895,0.2491938802275957,1.3788783864685097,0.2
24.917873385635342,3.541432186178676,1718.4912873767569,0.4873789368831935,0.1647694397828104,3.0602692976315238,0.0457921407456215,-0.2771437591918047,-0.1669495519507456,0.3267686280988225,1.1510433624273133,0.2
25.6745191678028,2.1136924757584303,1717.146246060003,0.5300414230824777,0.1419679367640775,2.634743075409662,0.0405433557379969,-0.3186235676308425,-0.2022093955742527,0.3795436486134479,1.1329422174189574,0.4
22.168109347070505,-2.78031438813586,1716.8770485233692,0.5313118496034903,0.1332193799931552,2.5657487272421995,0.1027001885670851,-0.2728487464972266,-0.2586718446455123,0.3897497792291033,1.2629076956923182,0.25
24.789013550161776,0.2934982773720715,1716.951055580971,0.5390544175766039,0.1303824205499695,2.509485994875196,0.0601622841598707,-0.3184423285120911,-0.2318785277107595,0.3984879780330206,1.2143948269685207,0.25
23.63989874387573,-1.3811279037827098,1716.8666980451146,0.526382438396189,0.1302443082210115,2.568938721015888,0.0761616409434919,-0.2937603840606555,-0.2437870143801754,0.3892658052989873,1.253912464759238,0.25
20.37802663606818,-3.732966589344611,1716.9291645501862,0.5278202496604859,0.1441655315872997,2.6621709633559667,0.1260848422297673,-0.2498267716306795,-0.2505784402297268,0.3756332759107955,1.2793360185627871,0.25
26.423783333770423,0.793632982506868,1715.6925578954897,0.5499112630624099,0.1329248132961563,2.4769792083946034,0.0290053214263025,-0.3335740327776256,-0.2255547018483895,0.4037175591183612,1.215399497614356,0.25
20.114587454462107,-4.720761324211168,1716.1291048861112,0.5280163775003878,0.1447697167700378,2.6657083291746533,0.1241289332607722,-0.2429270005540897,-0.2574968145407051,0.3751348146590427,1.2540187516003816,0.35
20.76305644706653,-5.5872318076152725,1715.0964733617602,0.535584823268526,0.1434783896963938,2.6185199248067064,0.1120033808577314,-0.2378059629808125,-0.277033310084503,0.3818951272917344,1.2380707296338225,0.35
25.312823399628137,-1.28904932513534,1715.5299749806716,0.5509291510337758,0.1237880269506756,2.412357334169354,0.0491692879076365,-0.3219330809845003,-0.2564731730601761,0.414532285841612,1.2327886346261976,0.25
27.16731692090581,-0.3892926346372864,1714.1210053009,0.5671365736788437,0.1260361285908923,2.357505432233201,0.0170253076243482,-0.3453355978329857,-0.2457228959920294,0.4241771774212741,1.2155735398759295,0.25
26.412920539733125,-2.3049696850535413,1713.696783453827,0.5543446771314962,0.1218245556654553,2.3850462038590363,0.0270963368458784,-0.3216019817936492,-0.2676432484807918,0.4192790891773865,1.1757555631677683,0.25
27.908836360640223,-1.4033044509456314,1712.4336887826869,0.5761068693172153,0.1297834619227811,2.3442889221211587,0.0088147561913346,-0.3388764627305313,-0.2589320330785324,0.4265685814422483,1.1749183333721736,0.25
21.90555440837128,-4.167495606096678,1715.928357968197,0.5318104482883182,0.1351748442540959,2.577082740121177,0.1016775443856079,-0.2567496552359584,-0.2726040431690086,0.3880356592481694,1.2220930338487015,0.25
23.71942896879578,-2.937262285150174,1715.745681982217,0.5376514562729207,0.1264123351717029,2.489296621454433,0.0761114413916827,-0.2881627415933371,-0.2693476641472765,0.4017199040810674,1.2261709615755327,0.25
24.976482155645368,-3.1318691264213334,1714.5554163912125,0.5405059241945785,0.1236058048318307,2.457687320609524,0.0488699794801356,-0.2991220860681656,-0.2714671167806898,0.4068865846416918,1.1761653304805628,0.25
23.91923340508257,-4.362914419555391,1714.4699703818612,0.5394635392731401,0.1291597699422996,2.499315399874877,0.0614871260112917,-0.2772091304448701,-0.2818902200439953,0.400109566023585,1.1867430140862727,0.35
25.51738302596323,-4.339005196873615,1713.0536708467437,0.560511269768932,0.1309639603064475,2.41722387029776,0.0364719484586253,-0.2920329032938605,-0.2907445314658866,0.4136977183982621,1.1924553430521143,0.35
22.716270927912948,-5.671849801838472,1714.1129082388593,0.5324955121971102,0.1390131347190947,2.6011335590075,0.0848441883931626,-0.2434851273568158,-0.2851605607785878,0.3844477714483698,1.187962886172567,0.35
21.71643012772848,-6.750616356478351,1713.5068055482209,0.5408356052986059,0.1491405046503484,2.634944637843925,0.0892674041195621,-0.2270735295954526,-0.2906893286336228,0.3795146150843844,1.212573388442477,0.35
24.150720861740027,-5.511189454932439,1713.2497519838882,0.5371043560778752,0.1381647481708837,2.572766984414466,0.0570536285628926,-0.2538077273779746,-0.28879712320204,0.3886865798799067,1.1699228501869805,0.35
22.496899409750228,-7.724606915131123,1711.9878154678893,0.5610733451733847,0.152517719860203,2.5645885824871333,0.0658598261898031,-0.2246293635828987,-0.3118436923385586,0.3899260906130221,1.2143747396121878,0.35
24.990264992513765,-5.999216657447777,1712.0162650861816,0.556510569495337,0.1433835119259872,2.5193886498306037,0.0365588942062709,-0.2570568993487669,-0.3002199619227026,0.3969216897389917,1.1729617092115032,0.35
23.42962738284774,-6.598560480770838,1712.6941924382518,0.5497043895689072,0.1459275471920425,2.568908642617366,0.0597750017793463,-0.2389015543438765,-0.3014704165542539,0.3892703630679279,1.191482535022572,0.35
24.241072949056527,-7.31994044727461,1711.245565330338,0.5635276271603017,0.1522587633544609,2.5515177724940377,0.0385336725558573,-0.2346406563689646,-0.3115493816631035,0.3919235879052991,1.1837015501734451,0.3
23.399009339153217,-8.530966200885366,1710.3814820552886,0.5651954845205308,0.1592389308058568,2.596099589948605,0.0441653253284185,-0.2121795383626473,-0.318438527814132,0.3851932352178357,1.1865106981545746,0.3
25.9552573369672,-6.553997734636258,1710.3883055110025,0.570190384786655,0.1510199096851761,2.5127510560013917,0.0135160793988133,-0.2556327674653735,-0.3047121118630259,0.397970183958982,1.162341458982796,0.35
25.21713081063532,-7.959772770715181,1709.5139407039196,0.5734954302880003,0.1585658164934756,2.553483425512881,0.0154866596694256,-0.2301090236404466,-0.3165086155997613,0.3916218879702125,1.170086111015057,0.35
27.225562299837065,-3.3112877353409327,1711.9090978186878,0.5767979796522034,0.1336445025915883,2.366157018132345,0.0102583107715233,-0.3182470488724988,-0.2778965743328447,0.4226262214792997,1.167488496672196,0.35
28.65215740474757,-2.213056329743776,1710.6404194227214,0.5873758908950149,0.1447694750931875,2.396313365359993,0.0003283773729265,-0.325176655990419,-0.261544918583273,0.4173076920804855,1.1689942336343817,0.3
26.60795616045653,-5.047807788158208,1711.161331018592,0.5745018697925734,0.1423608855748193,2.4335123074203127,0.0153958956105451,-0.2856576482598905,-0.2950000921193403,0.4109286798964528,1.170418427297654,0.35
28.09580751704599,-3.909563396246078,1710.1058493635785,0.5899231455886291,0.1462730962353805,2.396108477367847,-0.0022886119646168,-0.3085623506629229,-0.280997386249932,0.4173433754963012,1.1681973309648277,0.3
24.41881237672441,-9.174480984460684,1708.625030864717,0.5763872215779962,0.1648354386619764,2.588198422227176,0.0183498846746669,-0.2070304560997532,-0.3257035227906222,0.3863691405620625,1.1709759039962115,0.35
29.40122861003669,-2.7837539613840203,1708.7601354182357,0.6126857441020545,0.1557836822722271,2.37083196809106,-0.0058076548436996,-0.3218140838916009,-0.2726007787625594,0.4217928615182194,1.1991847469903312,0.3
27.5211280858466,-5.5527916782751285,1709.377230752225,0.5927383745505109,0.1513308893433528,2.419320945897108,-0.0053192238252098,-0.2858729628972005,-0.2984921878658231,0.4133391238131865,1.1797647352223746,0.35
26.892926557429668,-7.089336043978287,1708.5304119065197,0.5922155924461453,0.1577959291650756,2.4672036281279035,-0.0068955297996003,-0.258476709382652,-0.3121285843693108,0.4053171730939747,1.1839849073199975,0.35
26.2210174907241,-8.376304385956635,1707.7384516272846,0.586460567490032,0.1639688304442885,2.5371820169078374,-0.0084468214219331,-0.2303460441848541,-0.3197094964100979,0.3941380607839633,1.1754242719245251,0.35
28.92898110076069,-4.43146248065892,1708.1326092556324,0.6082324685072007,0.15775991609805,2.401980795725348,-0.012649675884714,-0.3033779227033056,-0.2848275158036495,0.416323062107589,1.1963173423923756,0.3
24.373821021264845,23.110817009131903,1719.4848899883295,2.631826329267833,0.0735120909755039,0.4454572724940149,-0.7102044726972798,-0.0325524638098575,2.129332075574488,2.244884216170106,11.887754423759493,0.2
24.3612738328,22.9838139479,1719.7952513900004,2.1915263277362893,0.0695764782628733,0.5300627865934385,0.5917549795051551,0.0342639524442085,-1.7910316765363783,1.886568959927772,9.539232081901268,0.2
24.53318047715825,22.882111834747857,1719.5161864408246,2.288683093937694,0.0790604184450387,0.5189966776836332,-0.6389158636625067,-0.0093062158883676,1.8177561370968776,1.9267946077480935,10.3821608703909,0.2
24.14477341642925,23.31537727493598,1719.7088268551595,1.6787971206093215,0.0703927515704363,0.6932664579643113,0.5528407910701092,-0.1409779094888207,-1.3248189034168352,1.44244682331289,7.250821397048715,0.2
24.51175133878052,23.060879912075848,1719.2011710000556,0.8189247971247008,0.1316611954746067,1.65759530634358,-0.1335843306812619,-0.0984237980275717,0.5800164120096192,0.6032835615382249,2.911734952874113,0.2
24.2021026650324,23.48987536756856,1719.1367206279629,1.86225834841328,0.0809239004240336,0.6406741203388819,-0.4511832899503182,-0.087087314427903,1.4916838381842197,1.5608559301116365,8.468084671123023,0.2
23.81820291147448,23.793389008553703,1719.5858877173505,0.9568140176559304,0.0721057379959849,1.221254037108931,0.2993907245595543,-0.0605223454283922,-0.7597272900808841,0.8188304559199618,4.069677208327526,0.2
24.778301897147625,22.741466166223173,1719.1359590591996,0.6312859920812354,0.1904601802790179,2.558746881431729,-0.0538424312799539,-0.1125806335161214,0.3703565542912223,0.3908163043624139,1.500320799021365,0.15
21.70188295730137,27.211795440791512,1718.6815639237311,0.9538572152960256,0.0728442462615762,1.2271576935682744,0.1344950239456494,-0.1148056057947742,-0.7954737091465883,0.8148911955172156,3.962333795044468,0.2
21.811050277429203,27.10183325070504,1718.1924882681246,1.914310029632689,0.0770236497731861,0.6175066574147798,-0.2682516734360142,0.2134112216499108,1.582720451037008,1.619415739073237,7.934651705363272,0.2
21.3997242215,27.630739481400006,1718.5756398600004,0.6302032156101879,0.0732788461988217,1.8592817946665563,0.1299181514596106,-0.1543675217585315,-0.4985639901292753,0.5378420865887842,2.6180287174835466,0.2
22.13609196460395,26.47535454957912,1718.878874362133,0.600882301432617,0.0736299043538052,1.951613686112137,0.0914032740267036,-0.0151227198529132,-0.5039512937185529,0.512396488667861,2.4942907486221477,0.2
23.914544215455106,24.064896721203496,1718.6637500001143,1.4971724630636796,0.0900719264126129,0.8146864854322708,-0.3415872369867822,-0.0802158098124648,1.1762467770287346,1.2274660472235552,6.449264036329148,0.2
23.3462020774724,24.48311937771032,1719.4085873737174,0.6360365295183134,0.0739328373573056,1.8450573974468143,0.1951323713677664,-0.0453322768294192,-0.5036069303946151,0.5419885589379482,2.652628038943262,0.2
22.12541946076125,26.757815537453755,1717.7341643836112,1.0492362774310655,0.1059589736668605,1.2093590664309903,-0.1973208868430565,0.1197549940124691,0.794015629754858,0.8268842792497996,4.4971351884979125,0.2
22.6161714514093,25.979526239558165,1718.165303903537,1.3639828506362883,0.0910423525784776,0.8963606039407633,-0.2966031902316747,0.0676859169125981,1.0733399194342028,1.1156224354390365,5.77757853057309,0.2
22.71531296589416,25.467786583950986,1719.1505403076778,0.5864478258415465,0.0743536202328451,2.0030494906837197,0.1308236204259599,0.0013315359608275,-0.4817912149239645,0.4992387879835464,2.4271969119556007,0.2
24.62947513564985,23.137820707609155,1718.7171808457667,0.5088819610855656,0.3402739376846859,6.15144524836253,0.037877168706182,-0.1049838362774068,0.1181972119878979,0.1625634236549846,1.2023062169421714,0.1
24.406789502725992,23.57928731128624,1718.3719256496129,0.4505236375298507,0.344723221889855,7.147364179007946,0.0752540858016863,-0.1116323673285479,0.0380831447159892,0.139911717796196,1.1728495962520775,0.25
25.12376017509304,22.54592632966083,1718.6236780672,0.5897503874549902,0.2589743260953129,3.5175352933196646,0.0914057048184851,-0.2087664556386856,0.1699480823147684,0.2842899691437787,1.8239627331280468,0.25
24.92578217459133,23.17523408586976,1717.8564216267885,0.5714377294463335,0.2486095347071031,3.4805853753864096,0.0898213932034158,-0.1996729895060426,0.1860341303266769,0.2873079933828606,1.7466097577298534,0.25
25.59180146618607,22.28011371288138,1717.9608004671404,0.6249333874024922,0.255627240390999,3.2740362489394785,0.1450515837577351,-0.2459731518147559,0.1083826745183022,0.3054333929026957,2.04502474742036,0.25
23.35509133760324,25.074780638153435,1717.968471850775,1.1285921140462638,0.1056279547973743,1.1233804723791798,-0.2408886999020162,-0.0226890399333987,0.8566569396893849,0.89017036043196,4.691231428769398,0.2
24.277243036705347,24.06335983250076,1717.6524306751328,0.4999932179923601,0.3352450423920405,6.069702415746627,0.1091684083823354,-0.1182730683446307,-0.0351738483596603,0.164752722869197,1.4198901377678008,0.2
22.90771471189014,26.04026486618872,1716.7095102382616,0.4283783478819136,0.3572890131769305,8.178715164811718,-0.0344541595083758,0.0136832828520223,0.1165130362845953,0.1222685935197281,1.2158920948686895,0.15
26.13308217232155,21.962042832657207,1717.2227746949286,0.5876209211755737,0.3273685591969509,4.928932372507441,0.0611018201523666,-0.1464332593498729,0.1264344131466297,0.2028836925371084,1.631818156730168,0.3
25.794207895935056,22.667384222719004,1716.6584874655623,0.5931555670641743,0.3267838711581668,4.866458958196433,0.0757193734717933,-0.1491758432360863,0.1193254112150478,0.2054882222556772,1.5767152593937843,0.3
26.1818865003455,22.61247612077792,1715.7167851943514,0.5609764343599156,0.3737769528534858,7.061333550474524,-0.0107646356279359,-0.0436606660402289,0.1342871850725911,0.1416163098445901,1.854891404059168,0.2
25.61832318615371,23.23737088359388,1715.8294490954745,0.539680280796634,0.3697326512545201,7.112100422654422,-0.0022900584111891,-0.0497430530855282,0.1314924853137796,0.1406054386991872,1.6716641003287591,0.2
24.972582445936485,23.66493737830668,1716.6391056577377,0.5620685654484701,0.3251470796416157,5.087539764859815,0.0447661430588852,-0.1157285815825725,0.1524407909591277,0.1965586602206252,1.332979584241416,0.3
25.090068538058627,23.97924789472876,1715.4679172780036,0.508191194288376,0.3577425546312993,6.916205093153666,-0.0277488598528707,-0.0171979316917478,0.1408542179398344,0.1445879621166667,1.4467733304347314,0.2
26.70692478010404,21.60344109880291,1716.4597860600015,0.5941395394717107,0.3606026914363084,6.037083190617937,0.0147467190200906,-0.0893188828532758,0.1387164141778757,0.1656429054272554,1.8520861292331097,0.2
24.00858306152065,24.99727687784584,1716.0332326139062,0.5539648222926775,0.465816874047234,26.40438411226751,0.0258238663352763,-0.0267822002551458,-0.0070829249793913,0.0378724985876644,1.813663766160907,0.2
27.40447271721404,21.12584307430335,1715.5437629314677,0.5831777920170793,0.3642522685452144,6.315917469983063,-0.0386073870534553,-0.0215158526753924,0.1520360684348362,0.1583301246022585,2.016557301417364,0.2
26.717539237109463,22.18485433703261,1715.178064501502,0.575535108389219,0.356773817954541,6.065627944136017,-0.0488490374927952,-0.0049587466059931,0.1573820845167707,0.1648633924154144,1.9430227149225456,0.2
24.796787635843195,24.61879748055121,1714.3667809420374,0.4904042540520408,0.3445349178936031,6.558173695565388,-0.0708412086678286,0.0428283271670111,0.1280541207414061,0.1524814752430537,1.3945849617354606,0.2
23.36724731383828,25.929158168611032,1714.8778716917975,0.4635066498442743,0.3466945611775719,7.036496442934815,-0.0545651572339226,0.0319212455569979,0.1272819174734934,0.14211618070298,1.106404828149029,0.15
26.04218610498341,23.23548887210964,1714.502214908316,0.5428697271306874,0.3382746250047185,5.695032586365138,-0.0855663437350333,0.0501479552711653,0.1448999673991678,0.1755916203875931,1.7512022367920848,0.2
27.33513277567504,21.923298365047447,1713.8833349530262,0.5862282404515737,0.3016985924108721,4.301079514397262,-0.1159572688214686,0.0798566926188244,0.1850215223535968,0.2324997705000895,1.799039840681958,0.2
28.295064656059264,20.421924536032428,1714.3662774834338,0.599479936905128,0.3192025453481256,4.613208031132218,-0.090866282309158,0.0443958938626068,0.1917317827060875,0.2167688934146268,1.8750233552282125,0.2
29.229762810383484,19.533125821215982,1713.0908977410754,0.6410095626960106,0.2759038109307604,3.4807355173773744,-0.1330365791745502,0.1230843018223753,0.222913178628691,0.2872956003142315,1.5862788338199727,0.2
28.439886051256003,20.925393791699577,1712.6084220319642,0.6610467725055984,0.2688008654121693,3.271535302453321,-0.1612298285180514,0.1522696465611124,0.2103595511753281,0.3056668834507459,1.6158462156123434,0.25
27.51213411236452,22.26768060432405,1711.9471299120505,0.6441618799098656,0.2488228619922387,3.0902589723840967,-0.1905843327994223,0.1802525320960415,0.1894781319138047,0.3235974748189186,1.7938980939553326,0.25
28.564216412732858,21.20785948595172,1710.8821568245155,0.7131775318439956,0.2275869509280791,2.5736201283648943,-0.2184554994908897,0.2388296008947664,0.2149761092384534,0.3885577319584195,1.9218811980968336,0.25
25.34092879337704,24.56401423149268,1709.4995350126435,0.5543203074667455,0.1721685820049497,2.751431106507177,-0.2272073153274827,0.1885424210746958,0.211949231093835,0.3634472248405509,1.4860465395319946,0.25
29.37124742970632,19.89731596969518,1711.5908351018834,0.7123847422967985,0.2465575246462568,2.7693381813311606,-0.1857069308892851,0.2205530983586143,0.2173945396090608,0.361097104983878,1.8006826780447074,0.25
30.027831638778387,18.608628746499207,1711.940370288987,0.6614736752440035,0.2630422174308512,3.1899689957301742,-0.1445419319031268,0.1967289837995774,0.1966639815486423,0.3134826706273687,1.648853288868797,0.25
29.44435760241428,20.174287027596343,1709.9980169486812,0.7533797952060945,0.2143133130540239,2.3230899871790034,-0.2279758918220147,0.2933808434638307,0.2173740549200914,0.4304611554089342,1.9699421012172689,0.25
30.10427109342138,18.94016703174489,1710.7523739114763,0.7376018313658463,0.2331274647620406,2.540060942863166,-0.1906645821713845,0.2786725967063297,0.2024388137074791,0.3936913414655303,1.885235337338407,0.25
30.29595754721758,18.949738913834988,1709.359816784531,0.7671918790727743,0.2042515806193787,2.203654857156067,-0.2205623867551941,0.3424005958980762,0.2001021128448651,0.4537915711948435,1.9694733918032064,0.25
30.59793820565598,18.187743446762628,1710.1450996280068,0.7335596731847634,0.2290815397925538,2.515914959368226,-0.1754357426306607,0.3098242395849719,0.1766731856461056,0.3974697142589871,1.892210268091561,0.25
30.61665369344,17.769883054514086,1711.0246346134882,0.67651473897095,0.2609586341192078,3.091858996434698,-0.1385937037307478,0.2420797667704729,0.163695284219801,0.3234300144842069,1.7719798655396712,0.25
29.59409216861412,20.141008273669595,1708.4294500801,0.7654892602413143,0.1776467841523752,2.0262773750254777,-0.2582425973359676,0.3494536310846995,0.2339889192294922,0.4935158494712138,1.9408862537600016,0.25
31.054117327003983,17.016501153501338,1710.2868169100009,0.6917736719421127,0.2516415826235526,2.91022851261219,-0.1260227270725545,0.2821905536910546,0.1501947534052248,0.3436156286924736,1.81834444133622,0.25
30.94799974873356,17.718339183727892,1709.2534771183437,0.7432562851022301,0.2153871447366614,2.363615894344729,-0.1760547335677223,0.3450768857709486,0.170070152535497,0.4230805869907354,1.9104602812905151,0.25
30.51236035989165,18.75054215779752,1708.0645444083862,0.7756352778864835,0.1742201039246874,1.97873743555278,-0.2379968948394306,0.3940412686234732,0.2085439609952667,0.5053727604444095,1.9272466684110452,0.25
25.432788793641603,24.28770807569542,1712.88852765517,0.5163397076448342,0.2777222512958045,4.356507743851582,-0.1411519764103078,0.1144794419978968,0.1402139385163344,0.2295416555637524,1.407680534185212,0.2
24.7263055372543,25.08012587067644,1711.220606933136,0.4953814780803996,0.2213379139720932,3.622032608329032,-0.1774785582098089,0.140288833913672,0.1582562100629022,0.2760880721229438,1.325178009525996,0.25
24.08027718784457,25.51349149358523,1713.0485786641475,0.4699685103276372,0.30060367148557,5.335610117750743,-0.1176410559956418,0.0901870045303955,0.1146871360138411,0.1874199909534536,1.236190762537674,0.2
26.57153484446532,23.10919674380456,1712.8839142004654,0.5675393932537744,0.2725309404839377,3.8730371325092032,-0.157310732633502,0.1358825068108343,0.1531472910998838,0.2581953040435054,1.5999497821152109,0.2
26.313003035870288,23.68233832589415,1711.0382366393062,0.5864198251915987,0.2184538022241238,3.028389233613382,-0.2051492986523362,0.1804727283524192,0.1854212561273237,0.3302085441661771,1.6816081268240892,0.25
27.58203018590339,22.48256694553477,1710.0001238416444,0.6740942650782753,0.2018913933531371,2.488140253219147,-0.2393758201435711,0.2411649435837208,0.2146336535455585,0.4019066042222513,1.8806875496999724,0.25
26.51049876006524,23.56993175166031,1709.3094210380373,0.6148506256737957,0.1834530819724198,2.568989300762633,-0.2371109720094451,0.2190096732064374,0.2175661979536986,0.3892581412087387,1.673450003780789,0.25
28.57934346223407,21.41368374042009,1709.1169140833738,0.7297916389192944,0.1903041515521574,2.2122578118300136,-0.2557454386517394,0.2931333954011226,0.2302072648896117,0.4520268816105048,1.943362367467432,0.25
27.43423854534356,22.641055402407407,1707.7688020079695,0.6856872989326875,0.1561972848930458,2.120970349087339,-0.272466507548785,0.2821413570448595,0.2616368202620597,0.4714823101748234,1.7684027221610144,0.25
25.656072453751857,17.113365711845038,1720.9800404141913,1.0083115372546598,0.1362829644177525,1.363363381326726,-0.4719916586290036,0.0823084294479935,0.5553758649281434,0.7334801665472875,3.3032077449087534,0.2
25.1971861484,17.952386737200005,1721.38798394,1.094590570111693,0.0720581643456466,1.0674156272646291,0.5983505610224691,-0.3446521553764937,-0.6331388454463851,0.936842195727086,4.6628869385652,0.2
24.96264503960847,16.758199597175093,1721.8157333328384,1.0489267375745388,0.072233147883956,1.1143400013219078,0.5726638719493414,-0.3491699738497551,-0.5961955542794407,0.8973921772652245,4.461191472534781,0.2
22.311535822100502,10.406897695744204,1723.3130689086545,0.4756733995442659,0.2048288453371695,3.561125051667482,0.1002290027253772,-0.2059502956049987,-0.1624590829865347,0.2808101331717498,1.927625862726559,0.2
21.97515955364499,10.805828331390282,1723.75940473311,1.292832194011431,0.0932505739031535,0.950825667903346,-0.4547980036448484,0.6770323254057915,0.6639997880031808,1.0517175059073527,5.470746728322774,0.2
21.4568523543,10.792864131699998,1724.22042867,1.4617417967943085,0.0708879885732194,0.7971291074951701,0.5951770461429504,-0.7397530330256872,-0.8199419578540464,1.254501925218004,6.281140586841107,0.2
21.902892407238006,11.286113867439276,1724.0036694126318,1.5584939532687443,0.0706627890484874,0.7472507369294834,0.5565133086135566,-0.8915039835051946,-0.8284907501684368,1.3382388943623993,6.712049789730309,0.2
22.45259759343309,11.238208474552795,1723.4727991467198,1.1397096361463546,0.1023493817912514,1.1032504725976473,-0.4656254703818596,0.5010997152662907,0.5947063020000781,0.9064124827841316,4.712003816073157,0.2
22.46536023366074,11.99538632728913,1723.7010241008195,1.2035428525475265,0.0716059140475543,0.9697615918415567,0.4619594875755801,-0.6696916708587867,-0.6335939795785233,1.0311812804433933,5.150480596128992,0.2
23.10047047825302,10.921033997220228,1722.7873599921072,0.5786854302612756,0.1772603324175823,2.677164816575305,0.1350906083533012,-0.2802805460217564,-0.2066824147370476,0.3735294867946249,2.5805970723793146,0.2
23.09200064804616,12.88837396659128,1723.3293738494822,1.0150554023178486,0.0724316255104872,1.1520588982727302,0.435614607369067,-0.5285157035718925,-0.5332489736747378,0.8680111767716819,4.307114051419942,0.2
23.792690953598186,12.634324985628432,1722.6150947480348,0.9712540508521912,0.133862294387931,1.4060239079683814,-0.4191561942365143,0.3485931260129268,0.4567631460152362,0.7112254594908979,3.370995870096352,0.2
23.658286001114227,13.796009218961483,1722.9597024138477,1.019012893328107,0.0724223546435361,1.147559820661889,0.4787715931119535,-0.4972295127004218,-0.5318866402905115,0.8714142670342189,4.324647297500323,0.2
23.14438440812114,11.837781729762382,1723.0141266774065,1.033808806268947,0.1174051379608187,1.264126814324281,-0.4575266010356489,0.3777587335169556,0.5232050026304068,0.791059875218717,3.903228392299878,0.2
24.358151332169555,13.634117452195294,1722.2809297249764,0.8469145376117252,0.1472288808347768,1.6735449964559588,-0.4014374922301136,0.1949432050375047,0.3973561905305418,0.5975339785411716,2.7283854785639856,0.2
24.45503348545333,12.559561879341604,1722.0100187501655,0.6455349941096467,0.1675137687006604,2.329574205753833,0.0985233192392696,-0.3848657540374067,-0.1625983566246705,0.4292629947267155,2.4750287686454704,0.2
24.173091620995613,14.73584092708605,1722.5851311556626,0.9904744220023276,0.0725309665067265,1.180924357273907,0.4905947949445532,-0.4674702785535011,-0.507788195611286,0.8467942877462872,4.20148810262635,0.2
24.974212301763654,14.62724863914876,1721.81677923471,0.7624726965967734,0.1657207551767966,1.961716727558681,-0.3538111651985188,0.1112375424525237,0.3497094131024745,0.5097575944333618,2.3096801630548653,0.2
24.618490933778634,15.719511582413636,1722.2038503196884,0.9750394816675592,0.0725661872505263,1.1997173181029157,0.5188320041866772,-0.3934343653236113,-0.5203791788932378,0.8335296864608708,4.134730603574632,0.2
25.417850657856093,15.865040251751113,1721.3887900916536,0.833428628323558,0.1528402356207941,1.728113269477079,-0.3936766432463777,0.0794721925778315,0.4166016651419408,0.5786657724713822,2.608933556558448,0.2
26.18898505266987,16.117414921951546,1720.4993073307826,0.6990813907890687,0.1881331198505796,2.293364085307033,0.1290828128822536,-0.4032229212320046,-0.1043089853468223,0.4360406646318092,2.29754930663611,0.2
23.999940184460424,11.52968295631046,1722.1723674370496,0.6677065832318735,0.1676842074185115,2.253374448779712,0.1267222370177386,-0.3718784705684295,-0.2063675759420916,0.4437788848371553,2.910124776832657,0.2
23.56912471641201,10.358092834751718,1722.2093757773348,0.3549477421182326,0.3440241047570286,9.03125488695098,-0.0337405321819415,-0.105379617604899,-0.004133886255354,0.1107265836827253,1.11826327835037,0.1
24.501754686595927,10.33918759649384,1721.4253885147598,0.4348470958970223,0.2521657627327147,4.639510139220148,-0.0346822154406217,-0.2103614202866994,-0.0316655484004987,0.2155399966790652,1.0142677711826276,0.1
22.854216663176445,9.875109189685402,1722.6575290629758,0.3363922282995658,0.3814231371276276,12.53499296010874,0.0052060452278184,-0.0736299356711386,-0.0302629605752128,0.0797766702528188,1.1246479452638505,0.1
23.58667632486428,9.11432878278852,1721.786937130573,0.4142080501276023,0.2649120213335356,5.134770616976237,0.0275770780040387,-0.1741029118049596,-0.0827979647905004,0.1947506665037512,1.0088463908388154,0.2
25.34691377127353,13.20402395913914,1721.3262108645076,0.6769343912269359,0.1747786320060542,2.271142337908873,0.1073707067146187,-0.3986824997058033,-0.1529513016110839,0.4403070575139459,2.3048212645165447,0.2
26.629634566542983,10.952319965135487,1719.7246748116193,0.5041818807708773,0.2339909231601296,3.728089366473112,-0.0407194861028658,-0.2645811056846238,-0.0169762841832216,0.2682339133265013,1.3267352217291026,0.2
26.07689246389341,12.075145105243331,1720.476553761466,0.5111316499886306,0.2099762451234424,3.372901507266556,-0.0413863020653465,-0.2933386749217975,-0.0118476210811035,0.296480640731906,1.06250800688599,0.2
25.623466115725257,10.64342307487273,1720.5711446726252,0.4924707147507021,0.2285076508394999,3.739658966743117,-0.0226509509459211,-0.2621832571331775,-0.0474532057035049,0.2674040624808373,1.2086778751682294,0.2
25.024501966868623,11.784194942782246,1721.3559416261728,0.4346594287278058,0.2555154185238015,4.705106131446982,-0.0857203443463258,-0.1917741362786132,0.0323396612282168,0.2125350570344022,1.0723158318026165,0.1
25.94457420499299,14.69427260291419,1720.8618869757163,0.66768580551668,0.1816337964613202,2.3521818915028163,0.1043339734511916,-0.3958774826339712,-0.1146170630784198,0.4251371901180213,2.10946826027403,0.2
26.8579254202793,14.751017990637624,1719.818269301762,0.5338042408696891,0.225821315328185,3.416286587708381,-0.0391406209340068,-0.2819523671282906,0.0682146034286468,0.2927154892677761,1.2841998913723962,0.3
26.48693445007437,13.426679535732848,1720.2381481084824,0.5036289175756634,0.2216936835691445,3.567272472258938,-0.0578324221502422,-0.2708452220739956,0.0433712463775498,0.2803262177970836,1.132608378926057,0.3
27.82581554026244,12.378376462595297,1718.5501765805966,0.5501491816012049,0.2300807930301661,3.367097899401518,-0.0524960377814123,-0.2868881444323056,0.0560660831224654,0.2969916616258007,1.455833682293241,0.2
27.02302641093565,12.251829008560378,1719.5397992728942,0.5248810814902509,0.2228243638016047,3.4367981959357947,-0.0393531070969648,-0.2881404688111053,0.0094376108992968,0.2909684953811241,1.26386644806001,0.2
27.505767509393024,11.290690561243077,1718.8399417322569,0.5297260062481374,0.2347064838059654,3.557886371079533,-0.0569965011850971,-0.2742697633060824,0.0229227268446732,0.2810657496339829,1.4719257307246096,0.2
27.4161637268616,13.453023340788375,1719.1406156182843,0.556260107369135,0.2171358645727302,3.1777095754951032,-0.0344336041790808,-0.3096499901957197,0.0442979522068703,0.3146920686873012,1.3175343693420372,0.2
28.12572982770392,11.5030456188997,1718.0449189800026,0.540124252372715,0.2487109198432069,3.6838565432073618,-0.0498693652728284,-0.2632026655967121,0.0438751856833799,0.2714546530982302,1.5085702184528291,0.2
24.182466793194127,7.8914055884928285,1720.8747733810787,0.3953429350387667,0.2713386557812308,5.530995051982637,0.0060268003482323,-0.1679770620996724,-0.0666015687735084,0.1807992939067158,1.2366066597879992,0.2
24.90828256449972,9.24405363960309,1720.758927585779,0.4376744081657567,0.2630219696370953,4.820707328086795,-0.0245080551884429,-0.201207641679034,-0.0441083424784171,0.207438438374742,1.121737434428199,0.2
27.9463591688791,10.490470924610246,1718.131209879357,0.533668348670362,0.2599619145516448,3.903178421818861,-0.0588433968721419,-0.247765662525431,0.0280859016317668,0.2562014573584379,1.4835805918035807,0.2
27.150525139614235,10.055801719941917,1718.9791529617737,0.5058553671645297,0.2532601422507128,4.00593900211504,-0.061217366977372,-0.2419707556533093,0.004172061462012,0.249629362671779,1.4565775370351002,0.2
26.127447911828053,9.634395937690195,1719.8545474969285,0.4699122119628409,0.2647065639310026,4.522134350676839,-0.0436731480218028,-0.2154850803338847,-0.023649764260362,0.2211345180070396,1.3788813649818723,0.2
27.71226731106013,9.249890737800234,1718.12155391117,0.5107080464760331,0.2611591362009301,4.099101485358943,-0.0469566357500798,-0.2391014276478511,-0.0118348530466886,0.2439559019389425,1.4486559163162656,0.2
26.7315760002544,8.638212213858122,1718.9898848833975,0.4822941223503467,0.262816099534893,4.370919703986532,-0.0472713167131816,-0.2222500194591194,-0.0266990111030373,0.2287848022209015,1.456309232843664,0.2
25.52849595278124,8.161722691930342,1719.8890522454865,0.4576178619322859,0.2679471812815314,4.708474129432269,-0.0274448466635257,-0.2049097251210985,-0.0486347218375504,0.2123830295146118,1.4441461361900187,0.2
24.904751205049983,6.660874250240813,1719.836264044984,0.4346119579052423,0.2560083553972369,4.7151268251215495,0.004124974715841,-0.1961294733302629,-0.0805951069878527,0.2120833727466538,1.441188659104728,0.2
26.183645152283404,7.131978750657451,1718.954053252641,0.4772171916283161,0.2512639110994528,4.212259539037978,-0.021951103597688,-0.2265594226948932,-0.0674449219786171,0.2374022756034606,1.4329736960030688,0.2
25.636235977655183,5.386880266026482,1718.7167850826731,0.4595458110666952,0.2089411704980349,3.738181760654372,0.0128121926594774,-0.2413874140155839,-0.1145836840542668,0.2675097317432069,1.305279378095473,0.2
27.389380778861604,7.727684966109824,1717.999366385054,0.4905106436249808,0.2486685068996409,4.055782504344643,-0.0360144258263185,-0.2391755959171863,-0.047860117713006,0.246561544887769,1.3625334144583146,0.2
26.941621041190647,5.922030628213038,1717.750261358367,0.4864239053922883,0.2144320260708303,3.5995283114682466,-0.0107156808767937,-0.258924651511439,-0.1001195119309662,0.2778141782671797,1.1990203031420477,0.2
26.36996683885575,3.9989482874887217,1717.4356831064797,0.4952346510528629,0.1708363963759275,3.0672358517901968,0.0190409824052353,-0.2860803053613954,-0.1552054849427409,0.3260264447601408,1.0676547741375089,0.4
24.3612738328,22.9838139479,1719.7952513900004,1.936837904043498,0.0697500788877421,0.6000064641658407,0.5743210600579474,-0.0399127017333352,-1.5640588932555792,1.6666487108438917,8.437681286275975,0.2
24.48343835998304,22.79381581546124,1719.844956036757,1.8695651889325045,0.0698469524303113,0.6217365331878258,0.5478902298267814,-0.018873948129632,-1.5120863895296095,1.608398327299035,8.138854863961843,0.2
24.9021987320686,22.065748039804262,1720.0412748299775,2.0363019171929317,0.0697429431567117,0.570689434212206,0.7551610620251002,-0.1646109581577499,-1.572600721164504,1.752266539471552,8.876704794494591,0.2
25.00829947985269,22.1426309393815,1719.6505250062007,2.370142727663921,0.0798084807467653,0.5020514456743063,-0.728292357047542,-0.0060858836157086,1.853896161891481,1.991827747168217,11.027680080882378,0.2
24.676492376445143,22.48210938732377,1719.9274461965972,1.7687492687485051,0.0700134479730619,0.657429000756402,0.5570392689731445,-0.0446473210131207,-1.414704385310848,1.5210767989386755,7.693950274618002,0.2
24.725497911302494,22.599172586550942,1719.5612429994535,2.213450403002588,0.0815817516542886,0.5398704938908591,-0.63095532594376,-0.0133502782328749,1.7414700450660971,1.852296080848903,10.198840733846351,0.2
25.14286397870874,21.80748837825209,1719.827556190082,2.722280695697083,0.0779454367876916,0.4351795719465661,-0.9600568983304056,0.090964459058767,2.085753995204348,2.2979019799274627,12.569933006980358,0.2
25.097313378800006,21.6002584517,1720.1751050100002,2.1486494364390114,0.0696273563006991,0.5407042492192834,0.7632537172192251,0.0071651516313062,-1.6845831179349573,1.8494398766865408,9.374974288724928,0.2
25.327811050194303,21.4583510504828,1719.8328563973448,1.765934181082905,0.0940927928802989,0.6975393768624618,-0.6762746736342017,0.1128516530038314,1.2590302067336852,1.4336108228011566,7.867459310900208,0.2
25.295858928385023,21.78876164009956,1719.5025814573405,0.5153999406534715,0.3005503552671374,4.863986636436151,0.0107147151704398,-0.1311727483417919,0.1579469878701629,0.2055926701173466,1.1979609773280242,0.05
25.10290080130286,22.25693353530265,1719.2163664252907,0.5215334385932795,0.2913096071617272,4.593940742655155,4.1606454391323634e-05,-0.1070481930506139,0.1895373581793044,0.2176780363566533,1.2208301144912952,0.1
25.60730198913132,21.297619378435424,1719.4317672058723,0.5824816523112983,0.3070424877832161,4.448627714801723,0.0973777462819867,-0.2024268876217744,0.0084121311306422,0.2247884210838196,1.971708696941944,0.2
26.223108606104294,20.963540629202004,1718.5709358900017,0.5601339198779395,0.2947609375060175,4.349287425337673,0.0927290898892367,-0.2085918683901565,0.027481012385209,0.2299227211736555,1.7687324237674582,0.25
26.09069421766355,21.28712691418056,1718.456221769787,0.5842189384269233,0.3026711267931525,4.337142956136434,0.118730962226515,-0.1972837925600471,0.0119577756105001,0.2305665296517708,1.8956618589719247,0.25
25.924037354710496,21.123934795859217,1718.9871338630644,0.607644686754865,0.2627239719647709,3.467898962851721,0.1294869646139898,-0.2575040220699808,0.0087027549747469,0.2883590354598107,2.2007480717869035,0.25
25.614634683397963,21.80754274415426,1718.7450717813886,0.6065656027574514,0.2505208781373632,3.3041367927292984,0.1111848865772638,-0.2499325591552887,0.1294959802347629,0.3026509078560199,2.125848682710405,0.25
26.04075854450917,21.698341059127515,1717.9311822887228,0.6063414606036366,0.3194072708175205,4.566174217378284,0.1011103991077298,-0.1821964304916822,0.0674010427148108,0.2190017183738031,1.7702087883453237,0.25
26.445435459253588,21.06113597253092,1718.0002343255712,0.5859122740581177,0.3303632346484039,5.030572653793108,0.0841031888190391,-0.1747428556495761,0.0436677886776613,0.1987845259020339,1.62735207040249,0.3
26.62314514021057,21.23648495468944,1717.3386563172116,0.5816996879889951,0.356054673195707,5.971364796190666,0.0490740551872802,-0.1301879395280691,0.0932076515286004,0.1674659033790622,1.5591095350172486,0.3
25.097313378800006,21.6002584517,1720.1751050100002,1.6939148114369351,0.0702603972305196,0.6868676473108369,0.7220534601995252,-0.2174861315239153,-1.2453667832118915,1.4558845563844955,7.362363834456762,0.2
25.17198820516656,21.278807995470952,1720.2744422626042,2.049276308875012,0.0697909875037456,0.5671396107422025,0.913303080319096,-0.3635227467287368,-1.4638045642501358,1.7632342743461755,8.931492786274038,0.2
25.381840154681345,21.00535634001862,1720.0646655603657,2.259638315623961,0.0839332980560448,0.5318242223577676,-0.9882463879026996,0.3168857111133865,1.5679788878090106,1.8803205231357103,10.179962176370363,0.2
25.24589564817101,20.72297050149454,1720.4524915080062,1.955940365592281,0.070035794702114,0.5945413883516463,0.9029611495682984,-0.2554617209572776,-1.3958578527115264,1.6819686898038828,8.498235061829837,0.2
25.59111629285956,20.955923016715943,1719.725591214055,0.7625270725676815,0.1522142094708129,1.885397395837343,0.2970413725345451,-0.2383387299869091,-0.3691570366866851,0.5303921614657158,4.343036630392876,0.2
25.888150337502328,20.782063673988,1719.3202009320278,0.5411640908862785,0.2752708228192702,4.111322751050712,0.0205372684843716,-0.2166802650975031,0.108577471481953,0.243230721729262,1.6758927764597746,0.25
25.545522740661365,20.49505112469743,1720.0615261511325,2.117329734574449,0.0881320514651927,0.5733548772806076,-0.9329806981573135,0.1945094430774997,1.4607085407084766,1.7441205083018532,9.304030756504742,0.2
25.2897206116,20.0789419536,1720.6636166400003,1.411145751838351,0.0711247639547497,0.8261657022639377,0.6637645017729086,-0.164047762800458,-0.9987991033521992,1.21041093482785,6.073607073564676,0.2
25.651600442474503,19.906911365897763,1720.1667561780555,0.7373689208343694,0.1535839677175325,1.957434292483033,-0.2613899930393219,-0.0470721790421666,0.4364063837038457,0.5108728317676942,2.33521324066599,0.2
26.245146526985987,20.56549317918681,1718.8471794842849,0.6056784529982205,0.2739792795004102,3.652410859745771,0.0992614135941367,-0.2551646910269963,0.0002836162280161,0.2737917606754695,2.0214291907409354,0.25
25.828729609403585,20.33511172870373,1719.6727854266055,0.6938406872210406,0.2303720768525858,2.672670218204395,0.1858385392062515,-0.2818391524357451,-0.1613216485611007,0.3741576469811675,3.2482697069404725,0.2
26.18230347854105,20.14506267880953,1719.1868608920042,0.609687656873163,0.2849546304418234,3.813576879398846,0.0658668080336772,-0.2527032705092751,0.0237166896452826,0.2622210149746962,1.937919592367436,0.25
26.04964017609762,19.721119771513376,1719.6112276832962,0.6147917423295266,0.281367118119517,3.719859179371198,0.0772143628754083,-0.2574263306769196,-0.0061471203184405,0.2688273807636555,1.7923700131065774,0.2
26.5428802508306,19.49574351344046,1718.9146541395637,0.6678928373142096,0.251739193345137,3.015470305593848,0.0681069362443887,-0.3220453462997984,0.0402766215265567,0.3316232291012616,1.995909095442656,0.25
26.624228802423342,19.995204340611814,1718.5344405770782,0.6179708863603753,0.2807944928194773,3.691055098554528,0.0578101336126597,-0.2609702866202825,0.0441925935049041,0.2709252431348464,1.7766742826103137,0.25
26.636516567872583,20.503002509157675,1718.2034545177455,0.5770613916375531,0.3106610491917625,4.576231849455616,0.0698853257081285,-0.2041216746059723,0.0346633388947466,0.2185203968891914,1.5798207533280275,0.25
27.1392493757467,19.851494990064914,1717.7409487064638,0.5828540289711862,0.324021336841492,4.874725747245676,0.0238039262793358,-0.1891174136118684,0.0758306812307219,0.2051397456697992,1.56564998654315,0.2
27.09293557163274,19.246955446529554,1718.1214629432163,0.6238680281534938,0.2808140754231653,3.6564918778345215,0.0101340829293802,-0.2529033440775571,0.103594836678124,0.2734861811295005,1.6508306724527986,0.3
27.69131053990436,18.973611793801343,1717.2287890300024,0.61395894036275,0.3185136054339881,4.4873154788072105,-0.0162317402101479,-0.1848907658789393,0.1233459816050856,0.2228503889960091,1.842849422240476,0.2
25.54330904319964,19.55537875254668,1720.474509017633,1.8284336581303875,0.0918417349388031,0.6699805605315391,-0.8511330760648474,0.2336190458029158,1.2036575649110204,1.4925806193639932,7.878269702836599,0.2
25.2897206116,20.0789419536,1720.6636166400003,1.6206102831470532,0.0707788330909352,0.7188036655557025,0.7938661307995986,-0.5314771674852268,-1.0113097175262753,1.391200473674416,6.991638072108895,0.2
25.30168558401212,19.47565168093631,1720.8647270856102,1.8788127350466168,0.07021310855126,0.619203416221798,0.9465564064789715,-0.3550449719452747,-1.2594159467352644,1.6149781700199812,8.15347972131953,0.2
25.60333225866285,18.992980209728263,1720.5906025062195,1.4007098264097826,0.1153201027248722,0.9279452169690918,-0.6320759073192762,0.2120388911627637,0.8466691796520229,1.0776498242711543,5.681298325738076,0.2
25.88094854830382,19.31041946508595,1720.0552642439284,0.6493193543844115,0.2145969185250745,2.69806866618282,0.1753015063618291,-0.2862683519370499,-0.1571320413057973,0.3706354892052404,2.748051331738676,0.2
25.281642582309924,18.72011740824063,1721.1206107681526,1.4029017510728623,0.0711246805870179,0.8310204143295847,0.728399894698505,-0.3017568347818345,-0.9090672453022092,1.203339873192811,6.041934117335987,0.2
25.695717684992943,18.147859945754305,1720.7066980833536,1.1262208249243422,0.1328770714628718,1.209302474852198,-0.5025440361068108,0.1028773555716038,0.6485887355028928,0.8269229748514496,4.049682081923127,0.2
25.1971861484,17.952386737200005,1721.38798394,1.1776693158129483,0.0717474763735339,0.9913949761485936,0.6217310886798372,-0.3027004151819326,-0.73434166122632,1.0086797129886975,5.036973307487767,0.2
26.11602212958778,18.393949084315988,1720.0417605972682,0.7280520471493397,0.2151603925995212,2.4110554498526646,0.1687889812354215,-0.3564523685202441,-0.1283535222267648,0.4147561185542656,2.567719831363988,0.2
26.38375238024459,18.91002708438506,1719.4332589891708,0.6181214922380044,0.2622918964654562,3.4029233964234207,0.0237225820736805,-0.2818134858144945,0.0798437351890029,0.2938649753476764,1.759303996802982,0.3
26.825826956342244,18.79601936337825,1718.772173125764,0.6617881830890616,0.2429677150703904,2.939431332993173,0.0374886011663599,-0.3280085955158269,0.0821113269750849,0.3402018576775927,1.8977908052794044,0.3
26.224901492829886,17.382224010140433,1720.1939106942716,0.7291385438858741,0.2014911692805874,2.297220929693505,0.1542954023919921,-0.3917879152229079,-0.1104025604991169,0.4353085883356546,2.523105705686481,0.2
26.764978550830868,17.879861986470257,1719.2468860009003,0.6176128982954588,0.2344578384548327,3.048738400128317,-0.0086718117616724,-0.3037806384014659,0.1234062146604731,0.3280045280231034,1.8196796984100263,0.3
26.85454965789422,16.510577000885256,1719.5471892227126,0.5756735996426726,0.2278690318132389,3.191653412069855,-0.0211226974037617,-0.296446148453216,0.0992028130712228,0.3133172280606367,1.5688126124453785,0.3
27.337737534717977,18.20264921194086,1718.18560199097,0.633911346904661,0.2518725876653485,3.178825822741717,-0.0022687026990992,-0.287799367188621,0.1269958181995369,0.3145815643140542,1.584978238051391,0.3
27.571937806695843,17.011078333408022,1718.274175301279,0.6168114884178363,0.2374933401877481,3.0879995210617284,-0.0194682787507819,-0.295113918797893,0.1318991306261105,0.3238342471167793,1.4421940788688783,0.3
27.58074990453776,14.97025342303976,1718.8009492291394,0.583400616805009,0.2248536206385164,3.1148656399713044,-0.0231747761753183,-0.3079685380586829,0.0876682359175817,0.321041134862309,1.3321010594325498,0.2
28.008720216274053,13.75638034751814,1718.277579081005,0.567776399983533,0.2340904376674699,3.3117589015538624,-0.0469787512280418,-0.2846719847557231,0.0890577696296286,0.3019543480447216,1.4658593572860557,0.2
28.461187956295188,14.533693438636607,1717.4316729805112,0.5910312980149357,0.2426100852435703,3.286760043987463,-0.0479429125811053,-0.2698588234405937,0.1320846621105638,0.3042509908288925,1.5669883697493172,0.2
28.035448413879653,17.765579754922157,1717.1627922401406,0.6274769586508213,0.2828391653055852,3.669363352702871,-0.0361212028001832,-0.2197809512428147,0.1570428947768203,0.2725268401842503,1.8198662255177585,0.2
28.47216027681397,18.602451130224686,1715.985197189892,0.614104684912503,0.3376109927836064,5.013845729472847,-0.0474117291509315,-0.1060175570300012,0.162147434957382,0.1994477002197551,2.065353690537316,0.2
28.30653807928375,16.228044244403502,1717.2681373638138,0.6125960800237856,0.2548841269603539,3.3298475828262237,-0.0421132452511842,-0.2536004060463637,0.1552476564178241,0.3003140459513902,1.681631411361097,0.2
28.900700547508617,17.164313964829244,1715.791737086796,0.6237673912930418,0.3007003701226249,4.021988687900773,-0.0622361354191925,-0.1541596198295355,0.1848782122446367,0.248633220428558,1.891108764664196,0.2
29.39398002658589,18.1255821941414,1714.334363852155,0.5920393563504582,0.3225474817192789,4.759236203516453,-0.0832866288766841,0.0072221991448245,0.1927709674913993,0.2101177494113721,1.687962489467545,0.2
28.636085923229075,12.797678928111482,1717.283351460612,0.5912796747000411,0.2447776692339975,3.3132818658898846,-0.0515764049860859,-0.2830585276410727,0.0911612454194268,0.3018155534230164,1.5790799677382985,0.2
28.650919496907942,11.180275826006396,1717.174581269347,0.5834400896437413,0.2543575747469785,3.4887541048653627,-0.052379690169949,-0.2763571484553742,0.0551622760790297,0.2866352772198577,1.5101582325681997,0.2
29.096680574983218,13.777039950043283,1716.3612991224793,0.5946971353711746,0.2567848755812517,3.456874234258508,-0.0535109275594709,-0.2488869593698708,0.137382728937872,0.2892786755415468,1.5688478812624267,0.2
29.18529735796163,15.346047844349656,1715.8438023663095,0.6224972690483382,0.2732223186677737,3.5418669529306164,-0.0580277264128323,-0.2127990230902624,0.1762484779430509,0.2823369746208503,1.6989780062315074,0.2
29.27880605041134,12.4871054865131,1716.0966238533542,0.6022289948098195,0.2614282471589157,3.480080754409524,-0.051709452266462,-0.2635716117492696,0.1021075979993691,0.2873496538070056,1.4866839894681891,0.2
29.753518762463887,13.705316270133872,1715.0030780016853,0.6107507857100695,0.2843004002740286,3.795391938451683,-0.0511700961824794,-0.215482846249712,0.1427203718818079,0.263477400019969,1.4803525801747714,0.2
29.235049933704804,10.740726730605257,1716.0720946518372,0.5937941835987272,0.257620083751608,3.4740609536756586,-0.0428606660048501,-0.2811146022960207,0.0446516142219275,0.2878475689788835,1.3598680984852851,0.2
29.794819247196543,16.7556768083592,1714.1007026987468,0.6039561989012266,0.3313302531160123,4.908257828994803,-0.075885985430884,-0.0381548205795271,0.1851885875674774,0.2037382783953705,1.597107479139717,0.2
30.16620864856129,17.671553084082493,1712.7127784429208,0.6178371267140621,0.3016748005760536,4.080544351327296,-0.1048389876169466,0.1165039404891393,0.1883949063413668,0.2450653427341687,1.5594371608911244,0.25
30.441849528843186,16.451178107417675,1712.7031823642983,0.5966910730378218,0.3468284903885443,5.470694601117156,-0.0719164307444721,0.077217953400736,0.1492594482211408,0.182792144857765,1.667263922117724,0.25
30.680502650538127,17.31823546714951,1711.4194785518405,0.6601905942412224,0.2764920281788238,3.3885012801887746,-0.1150111500492214,0.2111966509741339,0.1710605128004864,0.2951157214685454,1.7206666786505294,0.25
30.980484812287163,16.22926904996516,1711.3213750423397,0.6241256179116095,0.315710930986361,4.347087873093863,-0.0742568632457999,0.1817562139367105,0.1198689502269843,0.2300390581449853,1.7807374355457843,0.25
31.41915365922472,15.897095918013822,1710.0253875009546,0.6450013055900609,0.2734085373962113,3.421100779439968,-0.0806418762229554,0.2600411747826344,0.1063807180832037,0.2923035784300102,1.7839882707932209,0.25
30.201242834236595,15.145886972954454,1713.6822418126894,0.6025871001063009,0.3446647915268666,5.3417095431013175,-0.0579397597099921,-0.0864660156800675,0.1556042847587543,0.1872059856364663,1.4313959443732536,0.25
30.46701237575889,13.316882306971648,1713.396321173459,0.5967682067806047,0.348759796959404,5.539838126155342,-0.029477938317052,-0.1546329649001739,0.0883391552537719,0.180510689523342,1.354672930643233,0.25
30.754178906893312,15.40899980042505,1712.2793848857089,0.5773025677095576,0.381170189808164,7.2885495694941085,-0.0508847127773254,0.0591069574144417,0.1128776669093725,0.1372015090883726,1.6960789603945408,0.25
30.759844254309,14.375927324076828,1712.5066934186057,0.5604370515654963,0.4162364113650883,10.650938804656075,-0.0298772817262508,-0.0343758466729267,0.0821016921763035,0.09388843728619,1.61387274114295,0.25
29.93873663962273,11.9787723213773,1714.7200446884726,0.6103982755586992,0.2828191948323206,3.77168372204737,-0.0356994915827463,-0.2517320552978207,0.0751819976833406,0.2651335779176026,1.3044455502598125,0.2
30.63467687719961,11.403223439718545,1713.066289038281,0.5971214615177949,0.3131185715694808,4.4806516274046535,-0.0048356570979836,-0.223127561832167,0.0009131511717101,0.2231818233499296,1.2860388755109549,0.25
31.05292819769753,10.263094841658804,1711.8869103309523,0.5847976791701688,0.2973628926692756,4.219348393025117,0.0182903061997143,-0.2222804557996458,-0.0801715961976818,0.2370034201615279,1.3956851934066057,0.25
31.337485086442005,11.492652150474274,1711.2131000681345,0.5686549093490357,0.3615636726186321,6.351424532996516,0.0231817120391665,-0.1394202262812493,-0.0693796439221475,0.1574449943953303,1.5776654156443255,0.25
29.88445097851947,10.143524108199331,1714.6706270648274,0.5977195733969944,0.2593334663544056,3.475816365476485,-0.0262621197930025,-0.2863723846752071,0.0085855539894704,0.2877021956431562,1.1687242766199928,0.2
30.55257784455351,9.380060494862398,1712.9916011702464,0.5855277930343069,0.2602498185385384,3.5617509219527395,0.0026395684911928,-0.2729461553118785,-0.0657270854772456,0.2807607892614083,1.2109762618958555,0.25
31.045063365882694,8.715113471510488,1711.5817468069008,0.5900480172340302,0.2533723726514733,3.4359032334774584,0.0254755242529479,-0.256334925198342,-0.1354628348768851,0.2910442850242629,1.3573811768109505,0.25
31.39431559250397,8.190650749389572,1710.4819715200017,0.5841108398342448,0.2473068444754655,3.3875152556224344,0.0353862479890092,-0.2361461396711461,-0.1735707698606802,0.2952016225876026,1.380363510037164,0.25
31.620213606264507,9.294786984718083,1710.1352941978805,0.5885220133031115,0.2806986857108655,3.874057460057816,0.0430145197946705,-0.1907612017132871,-0.1684921928493217,0.2581273020109196,1.5003895461575116,0.25
31.39956799439608,10.100935903531711,1710.9153136194243,0.5821723085886027,0.3049496869225819,4.403234434224105,0.0321672797225774,-0.1903570245415376,-0.1196098055801766,0.2271057821104204,1.504474682330973,0.25
31.798036308132264,10.724501367259158,1709.8399581344397,0.5723924342301434,0.3355559999769724,5.312000257137551,0.0432810504835356,-0.1161969391300104,-0.1416482090252854,0.188253002935445,1.6300172140250224,0.25
31.17477237408401,14.964063037229849,1711.2818474757769,0.5788337137243373,0.3789344774574125,7.135028384092448,-0.0367371551909763,0.1151469158236408,0.0709549446559192,0.1401536120346067,1.7803027318704685,0.25
31.857052485864937,12.526988982035697,1709.7077242002956,0.523833135958007,0.4248839119165442,12.70703057212735,0.0228292401990122,0.0190782046636188,-0.0728560325943461,0.078696591963309,1.7293072463557744,0.25
31.178494939591285,13.014026628082062,1711.6054915873738,0.5596100064146292,0.4462638358467071,16.627152147295835,0.0045606508780154,-0.0596419203956269,-0.0062588311256072,0.0601425903330436,1.6854710487570903,0.25
31.712272706835243,14.398333492880411,1709.8066180282951,0.568955970730036,0.3383780480268422,5.437396425667936,-0.0282103600083007,0.1788081022371538,0.0324853209028953,0.1839115491523424,1.7761064014072965,0.25
28.58937642992083,9.841293961449656,1717.0474087191612,0.5557642244624982,0.254556008114751,3.665447568642236,-0.0454844751014143,-0.2687988987902867,0.0103905979570777,0.2728179795981701,1.401206322446379,0.2
29.25608649733824,9.171702733508043,1715.7302488955213,0.5758998731941773,0.2432225232382515,3.3811628961018694,-0.0320543888129849,-0.2936152660113096,-0.0153081955836678,0.2957562326124235,1.216243612590293,0.2
28.44313445093908,8.404176592081665,1716.877005745066,0.5360769224826311,0.2438496772004494,3.641228934201381,-0.0333392404158922,-0.2699838452229176,-0.0376863078230308,0.2746325534786312,1.3092593675126154,0.2
28.32172861254177,6.601121041622041,1716.389007826136,0.5206705924132777,0.2173841101926944,3.397898322261496,-0.0160946182155079,-0.2790555807208642,-0.0920933244686614,0.2942995655427508,1.0951818694762845,0.4
27.80715686196132,4.6782600763057305,1716.202178684847,0.5041492295054026,0.1876546534662611,3.1752348791235008,-0.0059389706416086,-0.2865402654692711,-0.1305562243672103,0.3149373315891649,1.024122409970704,0.4
27.229106138076546,2.7923097318949464,1715.9263960379649,0.5257126867212519,0.1562922898070022,2.767147262385313,0.0095739700903001,-0.3137945115066517,-0.1789944741803329,0.3613830075447405,1.117207150433408,0.25
28.8629528049448,5.377071894926425,1715.0231279783632,0.5235076372810307,0.1979741967328934,3.1622990271557634,-0.0105080372655625,-0.2923737264536616,-0.1200243053684706,0.3162256293325367,1.0658950687885729,0.35
29.206724984879408,6.827343301244135,1715.0588017782609,0.5429375158528805,0.2143041271511461,3.2234147299990576,-0.0139894446484148,-0.2959017454035764,-0.0921363918599611,0.3102300149879542,1.1175301068445964,0.4
29.710488376795897,6.395604628162363,1713.91749405129,0.559695067860627,0.2083491881715936,3.0630588072277245,-0.0047498035382286,-0.3049131027568008,-0.1165709238658186,0.3264710418358136,1.1596887278142938,0.35
29.80519390153329,8.111716325811003,1714.3455645356084,0.5793695703058243,0.2298327360790124,3.194343372760073,-0.0135926348170627,-0.3056557569159662,-0.0662738205221061,0.3130533832172055,1.165459366859589,0.4
29.05461067939537,7.787317655772528,1715.6828320851764,0.5497520675638897,0.2310355185322599,3.3814907255610804,-0.0215372558663086,-0.2883891716756944,-0.0618273544872963,0.2957275595762792,1.1331363210887837,0.4
30.388596146338195,7.60612454955004,1712.8785393917938,0.5766301234035726,0.2266739450526054,3.172427054937456,0.0070013369190116,-0.2928768220853157,-0.1163414002599463,0.3152160735874555,1.2042417608777505,0.25
28.546147980011657,3.675567700745973,1714.6673462097306,0.5362745341919264,0.1711125057207244,2.834885156522283,-0.0022674564287279,-0.3124435738872424,-0.1637223444200664,0.3527479755923366,1.1436448601941,0.25
28.03416606195332,1.7441298985004938,1714.3187336150709,0.5492680020959945,0.1447624506026716,2.5625174955546144,0.0047748266752192,-0.3325708465475026,-0.2041128534285289,0.3902412380538954,1.1922392419199035,0.25
31.49003731014684,7.157035714760853,1709.8505719182422,0.5837995408633797,0.234513088407768,3.2259909139235954,0.037368525068258,-0.2360378739070233,-0.1974303059941125,0.3099822741855633,1.3520968379219256,0.25
30.959222780342003,6.936224946248879,1711.2117168853038,0.5872322266426597,0.2183782823707563,3.0233886629358357,0.0249068397625892,-0.279856567434529,-0.1745239821306759,0.3307546966287022,1.293815205436338,0.25
30.225118373029368,6.121360576030884,1712.6881584398293,0.564750762296855,0.2030820071488099,2.9817873122320995,0.0076112905045716,-0.3008960465775039,-0.147906125523761,0.3353693256047234,1.2035619259712125,0.25
29.649054233255704,4.835373819044864,1713.334618630857,0.5442547541457529,0.1893209483518974,2.9570304873901283,-0.0015740531614145,-0.3031243795729511,-0.1499229302356625,0.3381771017459474,1.1548628131152785,0.25
29.270022581400664,2.691845730527715,1712.9068526081494,0.5631491739961968,0.1581236992666351,2.597033530379064,0.0052638702755254,-0.3290242578550998,-0.1999561482202684,0.3850547127337396,1.2065885896736075,0.25
30.479417884438064,4.511626895136593,1711.337262523674,0.5896491685491028,0.1831269282628843,2.6760300131125287,0.0170655201500211,-0.313764547418862,-0.2022454285633736,0.3736878865707809,1.253264061711734,0.25
31.165218200142863,5.260710311047395,1709.9379082994988,0.594366043698916,0.1997800761446005,2.8020540206591984,0.0303224792356381,-0.2827839823538036,-0.2155872335121848,0.3568810567630472,1.2702279100415128,0.25
31.568461084453663,5.839843261930115,1709.0807400577592,0.5935058925692225,0.2148292083254416,2.9542002317859173,0.0394711869960723,-0.2506146554135062,-0.2240921867343181,0.3385010904949611,1.296887345502573,0.25
31.60619319863276,4.175642825084902,1708.1627217813034,0.6241882801688304,0.1988844849528448,2.66024270592008,0.0390680995268133,-0.2743159790240737,-0.2540263972072251,0.3759055509388707,1.2537927309198238,0.35
28.720386652310708,0.6726883847423996,1712.6128938770617,0.5687856997265209,0.1360830389075575,2.415566723317428,0.0060629321008757,-0.3419608237673077,-0.2332525247959789,0.413981526714628,1.2042786625836623,0.25
29.32499614542803,-0.2729817951774286,1710.89192457123,0.5905588929577329,0.1464780274381701,2.3949165147340663,0.00400083330745,-0.3366914469857368,-0.2469246346682644,0.4175510895046965,1.175134667636629,0.3
29.91604859626195,1.8550551063183869,1711.117141049157,0.5807979005049163,0.1579567195147898,2.516888077534744,0.0084455298892159,-0.3295278793865033,-0.221810919663858,0.3973160383752486,1.1940785930977258,0.25
30.934545176429083,2.899083904360844,1709.3093786682296,0.6221607772647902,0.1785382843658448,2.499989114299663,0.0236981297622143,-0.3153747110323421,-0.2449052544674854,0.4000017417196378,1.2708701147610268,0.35
30.20817033985786,0.5273925937303237,1709.595867660854,0.6101372562546316,0.1625355745195369,2.4283677808027804,0.0086444856083684,-0.3309600758945957,-0.2448863264190239,0.4117992372923905,1.2114844324459688,0.3
30.988745892884367,0.9547676066814956,1707.9502454587248,0.636650346364235,0.175346369561375,2.419071811984011,0.0153301046660897,-0.3246230682260592,-0.2554785219719264,0.4133816925343139,1.244274368585928,0.35
30.536918236021503,-0.324125426874594,1708.2040060110853,0.6244153119343638,0.1690025726668146,2.4192003785670275,0.0077423561157493,-0.3237154500340045,-0.2569331128681153,0.4133597236754457,1.2326530358208472,0.3
29.81891009688358,-1.293120601526827,1709.1239489044676,0.6112329045845729,0.1582079185039015,2.3933228199915875,3.2026066854315806e-05,-0.3294283288359051,-0.2570178202267806,0.4178291334737346,1.1994891858717005,0.3
27.01639223525783,20.4954759577708,1717.4645393258108,0.5685965359684823,0.3462242503128074,5.718444913236395,0.0382717193490057,-0.1498632171411274,0.0815889628489376,0.1748727171761881,1.5145745043795489,0.2
27.295485690748286,20.74951259663988,1716.5019946751345,0.5662255502533367,0.3663986999333885,6.609519033866053,0.0015119690041278,-0.0856098808419521,0.1247374285863912,0.1512969392895564,1.8118223329473453,0.2
27.67637007578137,19.864460314118027,1716.714136450937,0.5608430023219638,0.3657063297379421,6.638548852015043,-0.0094749270836047,-0.103362159439081,0.1091672685890326,0.1506353304452167,1.884841451274832,0.2
28.048032463743425,20.06834259236117,1715.6519043175738,0.5701536169725424,0.3645336429480864,6.47361203690523,-0.0391120323630414,-0.0378691606724122,0.1445619790329592,0.1544732669024848,1.993698258663072,0.2
28.702109487210144,19.432959581095137,1714.8234687806005,0.5703794266875085,0.3355916405080209,5.33190319861714,-0.0699917239762637,0.0043322370912718,0.1739468372754104,0.1875502916593376,1.8197452246915415,0.2
31.47841792511051,16.325602578325064,1709.2246197815284,0.6868598718443623,0.2387790753330498,2.7867236120245864,-0.1178617263527228,0.3143793673026387,0.1266628928732653,0.3588443416796144,1.807463241862092,0.25
31.969599018427378,15.361825320795072,1707.8456147877728,0.651626308113264,0.2272402410752638,2.813138384808124,-0.1003974621694032,0.327237863473339,0.095906793755704,0.3554748694199796,1.718418168335949,0.25
31.83878843448288,7.633312422036241,1709.0193818887735,0.5944482906547093,0.2444479947541826,3.291369411397324,0.0504701343476678,-0.2041602610516423,-0.2192736337947583,0.3038249053835188,1.3930954562967652,0.25
32.116225691510714,13.84035010809904,1708.5189226851603,0.5437164259308538,0.3158164893153483,4.992830288473336,-0.0231050671758706,0.1989498748335264,0.0002564652294067,0.200287200289712,1.7241835474280474,0.25
31.83296637519465,14.983634266683032,1709.022840781898,0.6084665762514443,0.2763647096742745,3.674455056870338,-0.0610540137135474,0.2584059283532043,0.0596989953460336,0.2721491988669839,1.753093974619501,0.25
32.32052985190048,11.581104591540736,1708.2347737447783,0.5378436586879924,0.3654131263621291,6.907346570253674,0.0395458791851956,0.0058167769131859,-0.1391460523450295,0.144773393057542,1.6483031257154586,0.25
32.080572682331514,6.067406141444133,1707.6861689784323,0.6083116970921167,0.2235169376555124,2.972865805833683,0.0523136258195033,-0.215880291926714,-0.2526017363362948,0.3363757617440016,1.2682357250497047,0.3
32.22311205038495,9.32821539947636,1708.3171673026714,0.5985315139804024,0.2794931120534373,3.788443567732449,0.0626950009281641,-0.124265911927167,-0.2242822797937202,0.2639606429715262,1.5155366079388632,0.25
