x_mm,y_mm,z_mm,VM_cycle_max_Pa,VM_cycle_min_Pa,VM_stress_range_Pa,VM_stress_amplitude_Pa,VM_midrange_stress_Pa,VM_temporal_mean_Pa,t_VM_max_s
9.193898110331066,1.757732833549721,1665.4742932616457,3425.625829383299,8.03130926979253e-06,3425.6258213519895,1712.8129106759948,1712.812918707304,801.3859088166229,0.05
9.203824995887032,3.926195718160781,1662.5828841702016,3961.732561607707,6.315472901055811e-06,3961.732555292234,1980.866277646117,1980.86628396159,849.6504138294036,0.05
8.83330246115959,4.914863187516724,1663.7816106000096,3652.115457684545,6.6318945193222055e-06,3652.1154510526508,1826.0577255263254,1826.0577321582198,786.2451878100949,0.05
9.065619584767168,5.38808501604536,1661.7566087243613,4095.480677360305,5.6756405488384445e-06,4095.4806716846642,2047.7403358423321,2047.7403415179729,853.630978256482,0.05
9.065079772803909,3.1442535764478614,1664.2329655250776,3685.681709653291,7.217154983440792e-06,3685.6817024361358,1842.8408512180679,1842.840858435223,816.0896287684707,0.05
9.7784499034861,1.3814511299259244,1664.0054632813335,3668.988824468696,7.440484727750153e-06,3668.988817028211,1834.4944085141055,1834.4944159545903,831.1043430642785,0.05
9.727286409253333,2.4723434057250318,1662.3170453997157,4167.375111927225,6.424855232701385e-06,4167.3751055023695,2083.6875527511847,2083.68755917604,891.9534037002047,0.05
9.630823127561545,5.709171353931671,1657.5976885732675,5553.7683114086285,3.6813762405892095e-06,5553.768307727252,2776.884153863626,2776.8841575450024,1084.2569647469254,0.05
9.466444353275412,6.262318693441268,1657.9298686419595,5358.111849446387,3.832582062501428e-06,5358.111845613805,2679.0559228069023,2679.055926639485,1050.3859485427222,0.05
9.606626322219416,6.581638890929886,1656.40955033,5706.574343399498,3.0296806236392296e-06,5706.574340369817,2853.2871701849085,2853.287173214589,1097.3872586200116,0.05
9.688032691653282,3.5832529737141,1660.645260873115,4671.214480343263,5.454663885546912e-06,4671.214474888599,2335.6072374442997,2335.6072428989632,960.0243248197561,0.05
9.28515337874068,5.858650726313678,1659.7304163767328,4797.079979279185,4.681117711046981e-06,4797.079974598068,2398.539987299034,2398.539991980151,967.9487964974109,0.05
9.656383822645491,4.713205263812066,1658.999575331579,5129.987264911598,4.451866473628888e-06,5129.987260459731,2564.9936302298656,2564.993634681732,1024.9244387010874,0.05
9.672836448761249,9.926375366128855,1652.9063860778456,2507.818827233364,9.433962907778162e-07,2507.818826289968,1253.909413144984,1253.9094140883801,524.0172563401493,0.05
9.78797608810548,10.50363135660806,1652.5197227736194,1649.4548727191402,1.2614420740033662e-06,1649.4548714576981,824.7274357288491,824.7274369902912,340.5711866078604,0.05
9.68681189897,9.70332172804,1652.33902884,2084.9146151116984,1.3099368025955766e-06,2084.914613801762,1042.457306900881,1042.4573082108175,400.647652304775,0.05
9.632704882904708,9.270648775230566,1652.9057720110231,3082.306013721703,9.595263434068206e-07,3082.3060127621766,1541.1530063810883,1541.1530073406147,613.4222439567634,0.05
10.170683619097108,11.750391157565751,1653.472288325951,1656.733815124972,1.0404433063941007e-06,1656.7338140845286,828.3669070422643,828.3669080827076,395.9511987782464,0.05
10.58421219236022,12.504754758008614,1652.8583939089615,755.2860993026071,1.276594137961403e-06,755.286098026013,377.6430490130065,377.64305028960064,206.00903374453398,0.05
10.091889322787182,11.511893732012826,1652.710617350882,1174.871819760879,1.2835208392047808e-06,1174.8718184773581,587.4359092386791,587.4359105221998,276.5499028633244,0.05
10.596102889394778,12.54557046707643,1653.5403209554725,1252.44157720502,1.0033263381189906e-06,1252.4415762016936,626.2207881008468,626.2207891041732,326.8542024720405,0.05
11.1012175674,13.2468539961,1652.93781284,619.4662074473553,1.2548773035761704e-06,619.466206192478,309.733103096239,309.73310435111625,182.79088900743608,0.05
10.963491792390794,13.060509473640382,1653.79756434773,1135.533753217403,1.0345741448332378e-06,1135.533752182829,567.7668760914145,567.7668771259886,288.4883634473236,0.05
9.759671810032025,10.57022512168589,1653.4065176287424,2477.606684286752,1.0658266050747808e-06,2477.606683220926,1238.803341610463,1238.8033426762893,526.7509796490572,0.05
10.48945716578688,12.387965031444152,1654.1673816647603,1195.390889726002,1.3237335048029363e-06,1195.3908884022683,597.6954442011341,597.6954455248678,304.41361946732997,0.05
9.845626892907308,10.98591458031769,1654.1639275249338,2629.757090427838,1.4639079031893352e-06,2629.75708896393,1314.878544481965,1314.8785459458732,552.4879163855157,0.05
10.05329375215194,11.558229321626186,1654.4755387063333,2007.4665136565372,1.5849369298753409e-06,2007.4665120716004,1003.7332560358002,1003.733257620737,444.9897351303819,0.05
10.220137574275014,11.940416837297963,1655.0848970179563,1667.119898003847,1.992994480355365e-06,1667.1198960108527,833.5599480054263,833.5599499984207,378.40469896448167,0.05
10.80574528288812,12.833792169780358,1654.8244658174146,1250.1298657105294,1.6107444972296813e-06,1250.129864099785,625.0649320498925,625.0649336606369,269.28335466008457,0.05
8.803916941987099,6.772717512555152,1662.5958721846298,4192.689721738719,6.1722162086866975e-06,4192.689715566503,2096.3448577832514,2096.344863955467,860.9599336430884,0.05
8.836902928072139,8.739639609389942,1665.5158982207276,4905.625830528571,7.68973042991249e-06,4905.625822838841,2452.8129114194203,2452.8129191091507,971.9321553199346,0.05
9.596225523392263,10.449242818576222,1665.0083948603408,5105.350184416821,7.639087200597411e-06,5105.350176777734,2552.675088388867,2552.675096027954,980.0710716903693,0.05
9.762020228307096,10.88386612696424,1663.1769739715205,4790.328326788745,6.638122580593861e-06,4790.328320150622,2395.164160075311,2395.1641667134336,897.7692180529077,0.05
8.929576180127029,8.895291291015916,1663.4373636172568,4710.678588669588,6.665825436927777e-06,4710.678582003762,2355.339291001881,2355.339297667707,922.9983573134931,0.05
9.579973921963148,9.944499310658165,1654.5072948242023,3998.98604945701,1.802849837015032e-06,3998.98604765416,1999.49302382708,1999.49302562993,784.1528408043632,0.05
9.599132102039404,9.59199859462219,1653.5775929817314,3591.9557678629703,1.2756452998258207e-06,3591.955766587325,1795.9778832936624,1795.977884569308,707.098293060559,0.05
9.595908983244302,8.790288050273949,1653.528895676296,4251.452785674294,1.2744142121919511e-06,4251.45278439988,2125.72639219994,2125.726393474354,817.9522161756704,0.05
9.542859801320196,9.101913185275048,1654.1019837433876,4519.229448418018,1.6508941225236383e-06,4519.2294467671245,2259.6147233835623,2259.614725034456,869.5675102403474,0.05
9.57708440347738,8.188756944113141,1654.3055189916372,5119.707827185782,1.7839810498697472e-06,5119.707825401801,2559.8539127009003,2559.8539144848814,975.6708790039486,0.05
9.466876847625189,8.818302502565222,1655.0619010861403,5012.696412646064,2.2757594757232445e-06,5012.696410370305,2506.3482051851524,2506.348207460912,961.7014797270148,0.05
10.622613867551491,12.5577244549041,1656.0483185841426,2185.572030730581,2.456668676272794e-06,2185.572028273912,1092.786014136956,1092.786016593625,411.71702923555654,0.05
9.93199535861037,11.387024944822947,1656.2168711794384,2646.745153738481,2.7365005446857124e-06,2646.7451510019805,1323.3725755009903,1323.3725782374906,537.6243290252917,0.05
10.411037633802271,12.220618125796896,1657.5121693027506,2710.0037783184566,3.4326864930725617e-06,2710.0037748857703,1355.0018874428852,1355.0018908755715,502.2294999587479,0.05
9.48821659941724,9.876335814106096,1655.9139290615992,4169.279898476901,2.6679275241288754e-06,4169.279895808973,2084.6399479044867,2084.639950572414,813.7808305383418,0.05
9.381841617601722,8.258910459406904,1656.2446143153602,5407.980400616311,2.961335513333353e-06,5407.980397654976,2703.990198827488,2703.9902017888235,1035.590986677685,0.05
9.827392683819948,11.032992524399898,1655.0739707793782,2705.225321446064,2.027165868316709e-06,2705.225319418898,1352.612659709449,1352.6126617366149,557.3130888965868,0.05
9.301570746470736,10.012360987432457,1661.5965763572722,4357.477372998112,5.730689319859552e-06,4357.477367267422,2178.738683633711,2178.7386893644007,835.1084405985341,0.05
9.947693890631731,11.32642520478419,1661.313022345257,4117.613211526547,5.620721451457035e-06,4117.613205905825,2058.8066029529127,2058.8066085736345,755.2386785130929,0.05
8.98951097992156,7.222777115509103,1660.657173476205,4427.261309075503,5.2080842008363066e-06,4427.261303867419,2213.6306519337095,2213.6306571417936,896.2320235053753,0.05
9.142244158451009,7.541987942844615,1659.0476813229157,4953.6585663270525,4.434840593446384e-06,4953.658561892212,2476.829280946106,2476.8292853809467,975.2536819516481,0.05
8.945248972373598,8.416562553391476,1661.4803848871102,4362.957531011171,5.548681727693543e-06,4362.95752546249,2181.478762731245,2181.4787682799265,868.0514856442986,0.05
9.620761463465236,10.674976600758272,1657.5728980737092,3346.404862225737,3.561764879501153e-06,3346.404858663972,1673.202429331986,1673.202432893751,656.2373395125164,0.05
10.165563656124448,11.783444327269608,1659.3797299682203,3470.310641831448,4.503673690482098e-06,3470.310637327774,1735.155318663887,1735.1553231675607,629.4028393268694,0.05
9.320688195255231,9.18149670211893,1657.123790491519,4664.512493214155,3.313970973832029e-06,4664.512489900184,2332.256244950092,2332.2562482640633,904.6040036364773,0.05
9.229303894691988,9.17446925271642,1658.4886033888663,4441.192067989614,4.085889348925446e-06,4441.192063903724,2220.596031951862,2220.5960360377517,867.0243087183529,0.05
9.454628773145954,10.348537455912291,1659.623998749701,3894.239553524728,4.751481322297949e-06,3894.2395487732465,1947.1197743866232,1947.1197791381046,745.4664779096867,0.05
9.092516309991463,8.897152092878574,1660.094216656703,4371.870525699025,5.066121293546779e-06,4371.870520632904,2185.935260316452,2185.935265382573,858.351533730972,0.05
9.274319931797612,7.838349470254346,1657.599580785493,5119.115446600014,3.6752403354283936e-06,5119.1154429247745,2559.5577214623872,2559.557725137627,996.9663559213884,0.05
9.582401044151416,7.444325829032753,1655.2705790130674,5633.583730083322,2.418745662452448e-06,5633.583727664576,2816.791863832288,2816.7918662510338,1073.248836784038,0.05
8.583748219627934,6.61764712374497,1664.793156135657,4096.525522080338,7.120898523809641e-06,4096.5255149594395,2048.2627574797198,2048.2627646006185,850.6850202420027,0.05
11.267104376066994,13.461837801842778,1654.5607054764562,1762.451974400845,1.526926206891246e-06,1762.451972873919,881.2259864369595,881.2259879638856,307.7717710453836,0.05
11.319117373120044,13.551031924665534,1653.7451928089238,1144.7662674155297,1.0297732771421654e-06,1144.7662663857564,572.3831331928782,572.3831342226515,269.25441038974253,0.05
11.1012175674,13.2468539961,1652.93781284,720.5922315005446,1.2360001057313123e-06,720.5922302645445,360.29611513227223,360.29611636827235,184.8083393507122,0.05
11.75318645220973,13.9865158821459,1654.0444837737266,1719.3779125711417,1.172892454805169e-06,1719.3779113982491,859.6889556991246,859.6889568720171,296.23305403277254,0.05
11.711955795818977,14.013783937233027,1653.0039709992689,718.6254515076398,1.1542460029247242e-06,718.6254503533938,359.3127251766969,359.3127263309429,176.21173730944602,0.05
17.025310615806365,16.186482832629867,1653.1477304735442,3598.491363519301,6.801734513167044e-07,3598.4913628391278,1799.2456814195639,1799.2456820997372,491.67419250351827,0.05
16.6097112387,16.225027575400002,1652.54146609,3953.730336994981,1.02216355120432e-06,3953.7303359728176,1976.8651679864088,1976.8651690085721,513.0458193412728,0.05
16.068979981672094,15.97993408823286,1653.5124291646368,3478.0198026876374,7.611921587281868e-07,3478.0198019264453,1739.0099009632227,1739.0099017244147,482.9863819200719,0.05
12.17673291557712,13.270168892690055,1661.695245364877,3437.537096422622,5.073417650610413e-06,3437.5370913492047,1718.7685456746024,1718.7685507480198,613.1266621195001,0.05
10.961160566749191,12.58706681715083,1660.4283680793365,3747.5507219473056,4.917411290176416e-06,3747.5507170298943,1873.7753585149471,1873.7753634323585,655.3083474334171,0.05
10.904000065601188,12.258840434682044,1662.449658994141,3995.7658762136903,5.817865854802968e-06,3995.7658703958245,1997.8829351979123,1997.882941015778,723.8344846478826,0.05
12.03696043731254,13.46871549118061,1659.8872845829994,3569.910137139845,4.355574407146033e-06,3569.910132784271,1784.9550663921354,1784.9550707477097,612.4398210274412,0.05
13.392875180051258,14.092382091358258,1660.274175965448,3494.610838586312,4.232864081077588e-06,3494.610834353448,1747.305417176724,1747.3054214095882,606.0248492171576,0.05
12.403845035421584,13.070993219378597,1663.642859659603,3196.376299231754,6.019113649497383e-06,3196.37629321264,1598.18814660632,1598.1881526254338,593.4488342476088,0.05
11.6703932377211,12.363815533801676,1665.3175679884998,3570.624186230519,6.867454909105796e-06,3570.6241793630643,1785.3120896815321,1785.312096548987,683.7482784067844,0.05
10.74613952462768,11.876849349746958,1664.1025124786347,4349.746599215146,6.589436816515908e-06,4349.746592625709,2174.8732963128546,2174.873302902291,811.6135875873208,0.05
11.202408951091869,13.34316645777367,1655.4041698516996,2350.2080954806142,2.0465543829974058e-06,2350.2080934340597,1175.1040467170299,1175.1040487635844,405.0324659064064,0.05
11.236311295478414,13.036237659397475,1658.803608042192,3521.6928006062008,3.991230314208859e-06,3521.6927966149706,1760.8463983074853,1760.8464022987155,597.8326355702293,0.05
12.597616155032847,13.986577228368684,1658.6068498947243,3913.841267832333,3.541547878097745e-06,3913.841264290785,1956.9206321453926,1956.9206356869404,650.9263792251729,0.05
13.937390385351252,14.60074657154759,1658.4499762177895,3819.160304269672,3.206780128721571e-06,3819.160301062892,1909.580150531446,1909.580153738226,635.7982394518608,0.05
11.695796991686551,13.660332793872684,1656.7749826575202,3460.9607652102927,2.8100119271353147e-06,3460.9607624002806,1730.4803812001403,1730.4803840101524,565.6358452578489,0.05
12.993634736542091,14.477061696643382,1656.7083991618558,4102.504990056702,2.534478842215876e-06,4102.504987522223,2051.2524937611115,2051.2524962955904,657.862449410883,0.05
12.1211885786206,14.166007326124015,1655.1935299705233,3296.7701303392028,1.811017397026452e-06,3296.7701285281855,1648.3850642640928,1648.38506607511,516.0773816068258,0.05
12.510580867492209,14.585342808314111,1653.8958037507127,2203.906893466789,9.73511461536095e-07,2203.9068924932776,1101.9534462466388,1101.95344722015,327.485285795012,0.05
12.775943894293542,14.86014393617966,1652.9957636609236,1460.0791731964246,1.1948978656053276e-06,1460.0791720015268,730.0395860007634,730.0395871956612,209.77556921315013,0.05
13.336535679021836,14.868438316803166,1655.1765447058146,3809.3028904329353,1.647722529284449e-06,3809.302888785213,1904.6514443926064,1904.651446040329,588.4200494229298,0.05
15.631353453899235,16.018953284102256,1652.693258827121,3243.570257280149,1.056521713585475e-06,3243.570256223627,1621.7851281118135,1621.7851291683353,426.62597322107786,0.05
16.844332001444855,16.033113783149187,1653.968303020234,3087.782891054931,9.737493459581e-07,3087.782890081182,1543.891445040591,1543.89144601434,448.38368686812703,0.05
17.416029134185916,16.136340303682577,1653.7453579147696,3075.2981692608487,8.947346581379077e-07,3075.298168366114,1537.649084183057,1537.6490850777916,440.35496619630317,0.05
14.381813001197274,13.837332516907994,1663.7180064530216,2188.7807670286843,5.664755022442671e-06,2188.7807613639293,1094.3903806819646,1094.3903863467197,426.6815980093666,0.05
13.421662879109723,13.758164384847452,1662.3235865930917,2972.643601106084,5.136865795729254e-06,2972.6435959692185,1486.3217979846092,1486.3218031214749,542.5265402270626,0.05
14.773842145638968,14.27724769071638,1661.8642821054934,2524.8877071041434,4.853582329163299e-06,2524.8877022505612,1262.4438511252806,1262.4438559788628,465.9087463839504,0.05
16.255307782316933,14.27509728584672,1663.5686181688725,1559.0775441791532,5.418005521526533e-06,1559.0775387611477,779.5387693805739,779.5387747985793,323.8741639931462,0.05
16.25613762837538,15.80101720994531,1654.834697123244,3233.5410094244585,1.4214807232724292e-06,3233.541008002978,1616.770504001489,1616.7705054229696,489.3060280756998,0.05
17.218374919858935,16.000045785970077,1654.469855133628,2953.246258637318,1.286419713813342e-06,2953.2462573508983,1476.6231286754492,1476.623129961869,440.00946314724126,0.05
17.89545344569998,16.056960703500256,1654.52276638,2639.302339056404,1.3505264552191875e-06,2639.3023377058776,1319.6511688529388,1319.6511702034652,396.9506804797213,0.05
13.685169687263372,15.199173835757149,1653.9815337187,3113.3033405178253,9.733025083577158e-07,3113.3033395445227,1556.6516697722614,1556.651670745564,448.20046869775877,0.05
14.269217678684612,15.59480751911778,1652.8699976775604,2458.406242640519,1.1267272867609444e-06,2458.4062415137914,1229.2031207568957,1229.2031218836232,327.6255910246632,0.05
14.81321767683088,15.4132700955824,1655.1800612113398,3754.576806659013,1.5715430993326333e-06,3754.57680508747,1877.288402543735,1877.2884041152781,573.5745762357794,0.05
15.09456578006214,15.707358129142802,1653.826255127991,3393.272566916703,8.808281691882755e-07,3393.2725660358747,1696.6362830179373,1696.6362838987657,481.64506104847334,0.05
14.438043112780711,15.067547511408886,1656.6200764894577,4114.697912804687,2.357304335881139e-06,4114.697910447382,2057.348955223691,2057.348957580996,655.4635933551343,0.05
15.600914091771994,15.130072437574825,1658.089503539038,3495.265013136995,2.932464108780821e-06,3495.265010204531,1747.6325051022654,1747.6325080347297,578.4016946104986,0.05
16.622906271613743,14.706823933305376,1661.5472723596276,2105.917451679761,4.546597105277406e-06,2105.917447133164,1052.958723566582,1052.9587281131792,394.561071336523,0.05
15.213028262914076,14.716536836474466,1659.9855869765788,3127.9982913849926,3.841059792491446e-06,3127.9982875439327,1563.9991437719664,1563.9991476130263,543.8216080912265,0.05
16.99470290207973,15.121767274729924,1659.524791997893,2391.16156524796,3.576638759782322e-06,2391.161561671321,1195.5807808356606,1195.5807844122994,414.7874725187063,0.05
17.36544947026406,15.517681729455097,1657.501327339159,2743.990746977472,2.691394707743234e-06,2743.990744286077,1371.9953721430386,1371.9953748344335,446.20988723561726,0.05
17.673586265934613,15.834851163487006,1655.789711467057,2797.775062592134,1.9296778754579054e-06,2797.775060662456,1398.887530331228,1398.887532260906,436.08539717504567,0.05
16.025952899502414,15.50952221219983,1656.3478582160467,3540.4352214046944,2.15409276905706e-06,3540.4352192506017,1770.2176096253008,1770.2176117793936,558.2587101932024,0.05
9.85264130519465,7.8341911954454595,1651.8332795361057,3314.998730554168,1.267730588764847e-06,3314.9987292864375,1657.4993646432188,1657.4993659109493,582.251995464036,0.05
9.9605112521,7.3356970004700015,1651.68514401,3474.831744509971,1.3101082522025593e-06,3474.8317431998626,1737.4158715999313,1737.4158729100398,598.3650147082539,0.05
9.87055138955606,7.58011929032616,1652.1566770422494,3648.478636087748,9.252952220830022e-07,3648.4786351624525,1824.2393175812263,1824.2393185065216,666.1415614232556,0.05
9.76505215741926,8.047611995919032,1652.4406850129824,3534.245133653247,8.984184326189481e-07,3534.245132754829,1767.1225663774144,1767.1225672758328,665.7760051622481,0.05
9.74469853163196,8.46193490677437,1652.0140135334968,2991.750888894889,1.2764904259315809e-06,2991.750887618399,1495.8754438091994,1495.8754450856898,538.9953959253934,0.05
9.670948756441296,8.62148792455166,1652.7405123772824,3429.466140888935,9.634186295344823e-07,3429.4661399255165,1714.7330699627582,1714.7330709261769,662.0599115511475,0.05
9.681330739812928,9.192968501078877,1652.2113553606816,2510.274526671604,1.2698895644111796e-06,2510.274525401714,1255.137262700857,1255.1372639707467,469.8914531467282,0.05
9.68681189897,9.70332172804,1652.33902884,2173.656759170049,1.2441972712527517e-06,2173.6567579258517,1086.8283789629259,1086.8283802071232,421.3428959364309,0.05
9.713418294783086,7.913233699717431,1653.2468925295375,4472.709809097271,1.167382659548538e-06,4472.7098079298885,2236.3549039649442,2236.354905132327,850.6573409862528,0.05
9.924997408106371,7.274379496170875,1652.2187374269142,3870.643770772763,8.5175314818907e-07,3870.64376992101,1935.321884960505,1935.3218858122582,708.4151995528724,0.05
9.833266274480335,7.586469928491022,1652.554517042788,3926.155093716774,8.842231878959433e-07,3926.155092832551,1963.0775464162755,1963.0775473004985,735.6059664626443,0.05
9.878880517547138,7.186211743380866,1652.8964992619296,4470.5192739948,1.0393641095244615e-06,4470.519272955436,2235.259636477718,2235.259637517082,837.6151819898805,0.05
9.678982339696402,7.5565378421465885,1654.1936927246832,5298.743568743769,1.7567781553804731e-06,5298.743566986991,2649.3717834934955,2649.3717852502737,1007.9890564039724,0.05
9.814370810242997,7.051495209224388,1653.8067683676595,5250.176907955912,1.5668801268098062e-06,5250.1769063890315,2625.0884531945158,2625.088454761396,992.6495675441807,0.05
9.723912897138783,6.850113478071465,1655.0002149835373,5682.120576425707,2.263907528522292e-06,5682.1205741618,2841.0602870809,2841.0602893448076,1081.6300228515202,0.05
13.646155638799998,0.3641305494789928,1649.25378615,9122.75012329059,7.868675118815795e-07,9122.750122503723,4561.375061251862,4561.375062038729,1449.785735281776,0.05
13.589623680338672,0.4339789122259844,1649.2944129121886,9103.77180730301,7.988598439618295e-07,9103.77180650415,4551.885903252075,4551.885904050935,1447.4477118511868,0.05
13.6139531142,0.404311364681,1649.17688122,11158.76500971762,1.1038282948279343e-06,11158.765008613791,5579.3825043068955,5579.382505410724,1751.267842111435,0.05
13.53347686626578,0.5043409263553998,1649.218858343923,11663.885623479617,1.1834878590292176e-06,11663.88562229613,5831.942811148065,5831.942812331552,1829.3043581174172,0.05
13.624789481625214,0.3894802982140516,1649.4019789267254,7465.317040299938,5.37828147210919e-07,7465.31703976211,3732.658519881055,3732.6585204188827,1207.8524043531324,0.05
13.354835957020615,0.7230043417221051,1649.4891300321724,8280.19574258418,7.013883360096506e-07,8280.195741882791,4140.097870941396,4140.0978716427835,1330.614038771448,0.05
13.244996602166545,0.8639913379912644,1649.369603307313,8848.712272337885,9.588879590205478e-07,8848.712271378998,4424.356135689499,4424.356136648386,1403.3037767621017,0.05
13.41665465492888,0.6496972971414134,1649.279831503595,10089.27675278925,1.051207141603033e-06,10089.276751738043,5044.638375869022,5044.638376920228,1590.240355468237,0.05
13.50540993722696,0.5372627259832694,1649.4005472021793,8482.298988583747,6.709229009834087e-07,8482.298987912824,4241.149493956412,4241.149494627335,1360.0956710205821,0.05
13.232749960498625,0.8705811387871134,1649.6616364204394,7722.598290527504,5.841920141211632e-07,7722.598289943312,3861.299144971656,3861.299145555848,1257.6556002882019,0.05
13.4200579938759,0.6366102521446626,1649.683504828645,7144.495479968661,4.958100109771945e-07,7144.495479472851,3572.2477397364255,3572.2477402322356,1174.854061870629,0.05
12.993662785667308,1.1807026963625125,1649.5017863867856,8163.005401364116,9.442717675975438e-07,8163.005400419844,4081.502700209922,4081.502701154194,1301.2905527730354,0.05
13.593733952390622,0.4243425385604423,1649.615987287791,7056.37318129655,4.707809326756328e-07,7056.373180825769,3528.1865904128845,3528.1865908836653,1161.2560178866277,0.05
10.039177089428156,7.0072424177229164,1651.585813899874,3816.986300945847,1.3272775500840528e-06,3816.9862996185693,1908.4931498092847,1908.4931511365621,647.4030926046115,0.05
10.037338346787388,6.871929305833294,1651.9372933187228,3958.780890555032,9.05350683075116e-07,3958.7808896496813,1979.3904448248406,1979.3904457301912,707.6787097591697,0.05
9.9605112521,7.3356970004700015,1651.68514401,3687.340039489202,1.3235972793951164e-06,3687.3400381656047,1843.6700190828024,1843.6700204063995,633.9376087572908,0.05
10.046345607212873,6.623431341664342,1652.4447776847735,4396.695495098441,9.079253678961644e-07,4396.695494190516,2198.347747095258,2198.347748003183,812.0918153358676,0.05
10.16195431118523,6.358375317120898,1651.9352821004518,4246.018851085132,9.183832391532458e-07,4246.018850166749,2123.0094250833745,2123.0094260017577,756.3247217462401,0.05
10.185492887159697,6.457719584231024,1651.416950005104,3918.5562022697136,1.1872044833251617e-06,3918.5562010825092,1959.2781005412546,1959.278101728459,669.871879343189,0.05
10.308647089288009,5.887142454305714,1651.7684257320398,4522.642043074138,8.965666260957051e-07,4522.642042177572,2261.321021088786,2261.321021985352,801.0635850025512,0.05
12.9765173679763,1.179805971553553,1649.970888493172,7356.962388052479,5.760689922163323e-07,7356.962387476409,3678.4811937382046,3678.481194314274,1215.900780343829,0.05
12.629241039626995,1.6515168209433442,1649.6963687072864,7162.153723151751,9.220182311644414e-07,7162.153722229733,3581.0768611148665,3581.076862036885,1152.9919555255728,0.05
10.84495213811049,-0.810650928058706,1665.2176874237496,2689.037930167789,7.694656106507404e-06,2689.0379224731328,1344.5189612365664,1344.5189689312226,664.4947385556069,0.05
10.429249388685692,0.3516068119931812,1663.944947843272,3082.5708015168143,7.220949696572089e-06,3082.5707942958647,1541.2853971479324,1541.285404368882,733.4930204013124,0.05
13.286612444546844,0.7886260733351992,1650.015556672991,6575.9871467268285,4.967339783379746e-07,6575.987146230094,3287.993573115047,3287.9935736117814,1108.743272315787,0.05
13.548096261819005,0.4714974058106564,1649.9276193377402,6467.959991426576,4.707567724215051e-07,6467.959990955819,3233.9799954779096,3233.979995948667,1093.9554458424045,0.05
10.009264932296034,4.879097922873164,1656.5500151730466,5904.448417751187,3.2284950391400903e-06,5904.448414522692,2952.224207261346,2952.224210489841,1138.412691375103,0.05
10.49938234285226,1.0855134222645253,1662.2238716659722,3843.365087014516,6.361453017257944e-06,3843.365080653063,1921.6825403265316,1921.6825466879845,839.9416724044848,0.05
13.087858202115486,1.0054122577443565,1650.4969031188248,5801.624004268258,6.241092361099936e-07,5801.6240036441495,2900.8120018220748,2900.8120024461837,1017.4754518780616,0.05
13.480750169291992,0.532765224210438,1650.3816117636443,5623.723628436861,6.145287029760382e-07,5623.723627822333,2811.8618139111663,2811.8618145256946,991.3213343406516,0.05
10.07063291971528,6.253442482553687,1653.0926766919567,5063.908818525449,1.2894683104569757e-06,5063.908817235981,2531.9544086179903,2531.9544099074583,950.8164007507143,0.05
10.26443612784331,5.8198917179057705,1652.3910701702605,4870.807210704156,9.863180321260075e-07,4870.807209717838,2435.403604858919,2435.403605845237,894.4618660093868,0.05
10.408505348706758,5.156416028496992,1652.9909141730204,5360.659715907422,1.3609221598354485e-06,5360.659714546499,2680.3298572732497,2680.329858634172,1000.2061000704988,0.05
10.13236052044816,5.568535827763513,1654.176174688855,5772.634084042077,1.987668154959328e-06,5772.634082054409,2886.3170410272046,2886.3170430148725,1093.0683153973837,0.05
9.971218370886888,5.562236530345988,1655.432174662422,5922.981023172561,2.6470315202731866e-06,5922.98102052553,2961.490510262765,2961.4905129097965,1132.0330942734054,0.05
10.576998968554364,5.024907014976647,1651.9154058271472,5104.0762946223895,8.732024957777903e-07,5104.076293749187,2552.0381468745936,2552.038147747796,912.3805120449582,0.05
10.82770104744031,4.21909459938614,1652.56092712428,5291.703334298132,1.2990363569770772e-06,5291.703332999095,2645.8516664995477,2645.8516677985845,991.4559667015225,0.05
10.42614282692088,5.691511401727389,1651.1736701162663,4068.891867759614,1.1746570029756429e-06,4068.891866584957,2034.4459332924785,2034.4459344671354,691.8248044718085,0.05
10.847413812011371,4.61270110701381,1650.813968870378,4964.107103419018,1.1667259651791822e-06,4964.107102252292,2482.053551126146,2482.053552292872,827.6169778302348,0.05
11.119878393040494,3.836491259248005,1651.5610732092698,5597.353068792403,9.22148245602667e-07,5597.353067870255,2798.6765339351273,2798.676534857276,992.1992676789042,0.05
11.467953248213648,3.380600201339609,1650.3741237199338,5879.227427427068,1.064961989918322e-06,5879.227426362106,2939.613713181053,2939.6137142460148,966.5338061649713,0.05
12.61823947111554,1.6091392849233035,1650.4473065168268,6861.368108386357,6.43279000185695e-07,6861.368107743077,3430.6840538715387,3430.684054514818,1160.096366971159,0.05
12.11472103299208,2.359272888655691,1649.981946029973,6253.530355298472,9.756847003369637e-07,6253.530354322787,3126.7651771613937,3126.7651781370787,1019.2339476427771,0.05
10.207638068105952,2.336699557616725,1660.6728008565915,4492.878693323203,5.612714558621321e-06,4492.8786877104885,2246.4393438552443,2246.439349467959,933.0156948954098,0.05
11.236069196731862,-0.3662463256941048,1663.2572580443116,3137.548224731276,6.667450782102037e-06,3137.5482180638255,1568.7741090319128,1568.7741156993634,722.1941984074806,0.05
11.976717438639485,2.4062968436336734,1651.2847091623191,5533.157623707556,8.258705789714062e-07,5533.157622881686,2766.578811440843,2766.578812266713,996.9442857739482,0.05
10.1250928552113,3.8841440816103994,1657.8975609980057,5525.754726404783,4.020593555181592e-06,5525.754722384189,2762.8773611920947,2762.877365212688,1084.551891885021,0.05
11.391683426368038,3.08239905465026,1652.6840755021694,5117.356920441946,1.4545043601102438e-06,5117.356918987442,2558.678459493721,2558.678460948225,966.1330509407721,0.05
10.760959683259951,4.038530129719338,1653.6906570425067,5516.018725359732,1.9310734075506665e-06,5516.018723428659,2758.0093617143293,2758.009363645403,1051.588804806588,0.05
10.611536553969271,3.9318857848902176,1655.0071766014862,5755.872928149281,2.618143844608855e-06,5755.872925531136,2877.936462765568,2877.9364653837124,1098.592497044571,0.05
10.557591785722556,3.454857897565747,1656.5872512990345,5663.577914274097,3.3416994407710687e-06,5663.577910932398,2831.788955466199,2831.788958807898,1095.6834890973128,0.05
10.297309306121852,2.827427685272896,1659.2849550431072,5039.598992187553,4.846256134005339e-06,5039.598987341297,2519.7994936706486,2519.799498516905,1011.1817856051852,0.05
11.616949245766744,0.0229920513032724,1661.2830247796492,3395.790561010115,5.668744314764784e-06,3395.7905553413707,1697.8952776706853,1697.8952833394299,735.5928274186816,0.05
11.040454272918996,1.2639258234749833,1660.026749669346,4233.113515923528,5.153343334296025e-06,4233.113510770185,2116.5567553850924,2116.556760538436,878.8381685181065,0.05
12.75343025704072,1.344751725159597,1651.3317250723712,4875.013611213875,9.538987437452603e-07,4875.013610259976,2437.506805129988,2437.506806083887,905.8244118301898,0.05
13.38083754800762,0.6069535497322736,1651.0432523591874,4488.159383139954,8.869146465775676e-07,4488.159382253039,2244.0796911265197,2244.0796920134344,849.71310239209,0.05
12.40604395970527,1.6583940954275176,1652.292051491895,4195.811952935279,1.4411815233415775e-06,4195.811951494097,2097.9059757470486,2097.9059771882303,828.7950780696376,0.05
11.052856356279287,2.0208457063943066,1658.0404169785377,4760.430848568393,4.134236308047789e-06,4760.430844434157,2380.2154222170784,2380.215426351315,952.3726292121223,0.05
11.609709297508168,2.356489060958333,1654.279445823439,4546.637663345208,2.3367892347475755e-06,4546.637661008419,2273.3188305042095,2273.3188328409988,898.3365051303197,0.05
11.416633609821492,2.215639227876625,1655.8322440419845,4881.339212523694,3.0681623210405027e-06,4881.339209455532,2440.669604727766,2440.669607795928,957.7405954000817,0.05
11.987697545950988,0.3431935942914713,1659.294548029781,3590.854572559201,4.736824863679577e-06,3590.8545678223763,1795.4272839111882,1795.427288648013,747.2008574380139,0.05
13.231646128195376,0.6848963169149662,1652.007583341056,3271.3333071596294,1.331165476659894e-06,3271.333305828464,1635.666652914232,1635.6666542453975,694.7683270711802,0.05
13.007282701934274,0.7394980076023865,1653.4118926710423,3097.748253056516,2.023286918418856e-06,3097.7482510332293,1548.8741255166146,1548.8741275399016,661.9317881551896,0.05
12.34805460796822,0.578681698538574,1657.2926210622124,3635.853526746702,3.795139540584462e-06,3635.8535229515624,1817.9267614757812,1817.9267652709207,739.3597137724447,0.05
12.694055634728215,0.7143050281213993,1655.29593639237,3341.3118844483765,2.8421048582896517e-06,3341.3118816062715,1670.6559408031358,1670.6559436452408,689.8183709703746,0.05
13.681244845708813,0.3179917700097478,1649.560733755707,7053.42173820622,4.531992525821476e-07,7053.42173775302,3526.71086887651,3526.7108693297096,1160.0852057946145,0.05
13.700619485073956,0.296166321238846,1649.3837053266527,7530.622353989017,5.351736738354312e-07,7530.622353453843,3765.3111767269215,3765.3111772620955,1218.6285045083189,0.05
13.776998200606288,0.2008150537857034,1649.565594808655,6978.44762429408,4.470309626438935e-07,6978.447623847049,3489.2238119235244,3489.2238123705556,1151.5066941822558,0.05
13.701695522644275,0.2892969496322417,1649.7578433777735,6646.344540649868,4.4457481082863205e-07,6646.344540205293,3323.1722701026465,3323.172270547221,1113.616755027758,0.05
13.687722617017505,0.295655216572085,1650.1106483903386,5932.726499340494,5.361702112541298e-07,5932.726498804324,2966.363249402162,2966.363249938332,1027.503543630156,0.05
13.829520503197562,0.1274849081536856,1650.0377141307135,5877.731029742142,5.195653319414809e-07,5877.731029222577,2938.8655146112883,2938.8655151308535,1018.1751679419406,0.05
13.87581373321604,0.07732989481566,1649.8004028458593,6342.798734670912,4.590499716876805e-07,6342.798734211862,3171.399367105931,3171.3993675649813,1073.8879898792425,0.05
12.107585713951986,-1.8112824112137424,1664.398383565862,3165.997046523518,6.935397185860908e-06,3165.9970395881205,1582.9985197940603,1582.9985267294576,717.3620839386004,0.05
12.538776560885966,-1.462095857430316,1662.5269178484973,3386.410327973435,6.066065064186023e-06,3386.41032190737,1693.205160953685,1693.20516701975,725.0070683073767,0.05
13.05295871587338,-3.151700491823439,1665.409399681473,3592.373941269616,7.13532102152808e-06,3592.373934134295,1796.1869670671474,1796.1869742024685,776.1913843248228,0.05
13.464527114652071,-2.7500728404549912,1663.5291097401523,3724.5392738059054,6.27953391531024e-06,3724.5392675263715,1862.2696337631858,1862.2696400427196,768.2463693621538,0.05
13.827927842371365,0.1153170520288186,1650.4178443386015,5151.346821989035,6.604024604720254e-07,5151.346821328632,2575.673410664316,2575.6734113247185,928.5168969771913,0.05
13.70414807763423,0.240438513931039,1650.8124604347563,4466.9068645189245,8.139358647541051e-07,4466.906863704989,2233.4534318524943,2233.45343266643,842.5866948250721,0.05
13.996199666360786,-0.0734018449023376,1650.0857141035474,5532.002970777193,5.440678854280569e-07,5532.002970233125,2766.0014851165624,2766.0014856606304,972.7405091822354,0.05
14.142635628373494,-0.2573611502358336,1650.4316917757408,4653.803502090127,7.07239961720716e-07,4653.803501382887,2326.9017506914433,2326.9017513986837,858.8666483907366,0.05
13.872207933070747,-2.5092552310572462,1661.8969849965358,3754.580022751392,5.529731287559653e-06,3754.5800172216605,1877.2900086108302,1877.2900141405617,739.9048756011291,0.05
12.968305837609591,-1.148618991711129,1660.5549144511197,3460.808139158818,5.164664175550184e-06,3460.8081339941536,1730.4040669970768,1730.4040721617412,703.4707703698851,0.05
14.363073093836205,-4.02301494725132,1664.5373937186018,3759.971509237761,6.565895267291585e-06,3759.971502671866,1879.985751335933,1879.985757901828,774.179451497233,0.05
14.495356228875544,-3.4673008511719248,1662.8258177989471,3849.418853769893,5.854725377640908e-06,3849.4188479151676,1924.7094239575838,1924.709429812309,759.6807591470338,0.05
15.23997114719016,-5.215979015391047,1665.226812217683,3056.301875834737,6.992062612022467e-06,3056.3018688426746,1528.1509344213373,1528.1509414133998,644.8468411971851,0.05
15.232512339806853,-3.630539443139605,1661.2087180194123,3696.302473532355,5.149456201279377e-06,3696.302468382899,1848.1512341914495,1848.1512393409057,688.6851212584737,0.05
13.801341062447891,0.0667802985118907,1651.5944893888154,3219.184297541091,1.1850629798665104e-06,3219.184296356028,1609.592148178014,1609.592149363077,681.3670919720884,0.05
14.0256547483908,-0.139330849131742,1650.8562573351924,3967.954108161629,8.787100115168635e-07,3967.954107282919,1983.9770536414594,1983.9770545201695,772.7885613145922,0.05
14.320908453484252,-0.4825361053526136,1650.851361964306,3686.316822352972,9.119908273669624e-07,3686.316821440981,1843.1584107204906,1843.1584116324814,730.7734399329676,0.05
14.336974413053795,-2.2831743668362408,1659.9347220525783,3711.6420819172095,4.692587431324144e-06,3711.642077224622,1855.821038612311,1855.8210433048985,692.8225647508409,0.05
13.386873066146292,-0.9051369667307356,1658.5345233027028,3377.83350897309,4.231788944138306e-06,3377.833504741301,1688.9167523706506,1688.9167566024394,653.5670602080927,0.05
15.65110972134744,-4.752340658714203,1662.989821682837,3136.6827179453653,6.027283197020625e-06,3136.682711918082,1568.341355959041,1568.3413619863243,615.248963955258,0.05
16.234770786057442,-4.76993497306356,1661.2453244458145,2839.148006659655,5.308439531195487e-06,2839.1480013512155,1419.5740006756077,1419.5740059840473,527.1403377480461,0.05
16.413036972190127,-6.14639485183707,1664.3210321760964,1820.5364783628647,7.050620788907112e-06,1820.536471312244,910.268235656122,910.2682427067427,389.96439315505626,0.05
13.92856923465219,-0.2006043173306427,1652.730838263292,1917.606376515714,1.7275394859094169e-06,1917.6063747881744,958.8031873940872,958.8031891216267,494.96036241755456,0.05
16.27984400682806,-4.355806001752192,1659.8805360001782,3143.530059718933,4.716189542290193e-06,3143.5300550027437,1571.7650275013718,1571.7650322175612,552.3934057436256,0.05
15.47223531715706,-3.2467544240012987,1659.2618122602462,3611.972186816725,4.35277398919637e-06,3611.972182463951,1805.9860912319755,1805.9860955847494,634.502404476374,0.05
14.318796693972551,-0.5466670418271631,1651.8683252754674,2244.681659538559,1.3600115412407472e-06,2244.6816581785474,1122.3408290892737,1122.3408304492852,544.7082253734129,0.05
14.218386573647594,-0.3882526773216748,1651.283745855434,3047.2446677147677,1.0932875827969488e-06,3047.24466662148,1523.62233331074,1523.6223344040277,651.2579981951274,0.05
14.538080307614312,-0.7592212632072388,1651.3604133833066,2499.0952832237085,1.152710121394513e-06,2499.0952820709986,1249.5476410354993,1249.5476421882092,575.5665611024384,0.05
14.765909390256695,-2.135147015435567,1657.9847622788463,3481.348137572934,3.87280246203493e-06,3481.3481337001313,1740.6740668500656,1740.6740707228682,613.0066399351448,0.05
13.870475326283533,-0.3731332562214464,1654.2764837077266,2102.350818095917,2.4605039630249782e-06,2102.3508156354133,1051.1754078177066,1051.1754102782104,480.0872514001389,0.05
13.922646592451793,-0.8482585355760357,1656.2997129821777,2877.524471313689,3.2821061839675835e-06,2877.5244680315827,1438.7622340157914,1438.7622372978976,547.4176371632597,0.05
14.57785148055716,-0.8937187674898945,1652.481910236476,1513.431346913086,1.6401306316527198e-06,1513.4313452729552,756.7156726364776,756.7156742766083,415.55287374522146,0.15
14.801580094043198,-1.0994841788247978,1651.9748956952703,1538.9574599545958,1.4591561397152977e-06,1538.9574584954396,769.4787292477198,769.478730706876,433.3919634917204,0.15
16.75802311913955,-5.781973326960101,1662.3040390073118,1837.8055207622567,6.143527963039001e-06,1837.8055146187287,918.9027573093643,918.9027634528924,351.60673599627336,0.05
17.047191056387177,-5.487607017289162,1660.4701727408858,2014.2659922500695,5.342113114426145e-06,2014.2659869079564,1007.1329934539782,1007.1329987960913,349.6699243579068,0.05
14.581544102828524,-1.0198635452994531,1653.509647904742,1587.511313639158,2.0747864848944813e-06,1587.5113115643717,793.7556557821858,793.7556578569722,399.77259756304454,0.05
17.26612166020824,-5.272338732324456,1658.9581716359764,2175.1116734938664,4.644950883316467e-06,2175.1116688489155,1087.5558344244578,1087.5558390694086,356.1818803542718,0.05
16.6381228005349,-4.296686390564942,1658.28979900117,3044.7192062687222,4.102413446460372e-06,3044.7192021663086,1522.3596010831543,1522.359605185568,504.3407054854861,0.05
15.946956513479511,-3.2683618319828227,1657.4599632095396,3320.334554269671,3.6819270421655834e-06,3320.334550587744,1660.167275293872,1660.167278975799,550.2291776765983,0.05
15.122880839099365,-1.5232213952502045,1652.7194695241385,1193.023020302365,1.7956351428946707e-06,1193.0230185067298,596.5115092533649,596.5115110490001,315.65102398994003,0.15
15.371086794304071,-2.340022604717274,1656.2115700846657,3032.9464835114013,3.175041381565078e-06,3032.94648033636,1516.47324016818,1516.4732433432214,507.3296845791725,0.05
14.8499114734518,-1.5094774515911498,1654.8012009449762,2205.027553040024,2.6368209325993e-06,2205.027550403203,1102.5137752016014,1102.5137778384226,424.03769835956746,0.05
15.511507581409148,-2.053187576912327,1653.6128402856805,1522.6020059160228,2.206660514372166e-06,1522.6020037093622,761.3010018546811,761.3010040613417,334.91299417113845,0.05
17.423865997099323,-5.122388365390592,1657.76423055,2418.9177795269898,4.13032200168125e-06,2418.917775396668,1209.458887698334,1209.4588918286559,386.30691812177884,0.05
17.016377135366582,-4.400985080530847,1656.9465406362897,2832.715844163266,3.6026570802380417e-06,2832.7158405606087,1416.3579202803044,1416.3579238829616,445.7837743179742,0.05
16.52961212230665,-3.585117185229491,1655.903126275563,2834.552097385243,3.1192895837508027e-06,2834.5520942659537,1417.2760471329768,1417.2760502522663,448.2020874700666,0.05
15.981858261336686,-2.7310884540380016,1654.68207952288,2350.89784337245,2.5989277615147174e-06,2350.897840773522,1175.448920386761,1175.448922985689,376.2579172858139,0.05
22.379338271485715,-8.825986490154166,1665.3861905942188,1930.6415270963976,7.064189350627748e-06,1930.6415200322083,965.3207600161041,965.3207670802934,449.85949605540566,0.05
24.212630684065537,-8.734006405576993,1664.2417354782117,2485.318318478202,6.611926373862468e-06,2485.3183118662755,1242.6591559331378,1242.6591625450642,553.8231439641409,0.05
23.14978373554714,-8.59485336276275,1663.7789641603058,2328.174820435689,6.292131043895579e-06,2328.1748141435583,1164.0874070717791,1164.08741336391,512.2985082874523,0.05
24.29869757291281,-8.438607437167992,1662.590517782911,2604.160380720672,5.791047639459409e-06,2604.1603749296246,1302.0801874648123,1302.0801932558597,562.7512732696226,0.05
23.789996540890836,-8.394617607804163,1662.3914483581016,2387.6997052401125,5.712764892404327e-06,2387.6996995273475,1193.8498497636738,1193.8498554764387,516.8045539391622,0.05
24.375741683700017,-8.206062698361201,1661.07664586,2585.1896271603287,5.196328448557722e-06,2585.1896219640003,1292.5948109820001,1292.5948161783285,547.7026151470977,0.05
17.313123616347614,-7.428803202661946,1665.3645564230635,2313.524047471468,8.44356110815909e-06,2313.524039027907,1156.7620195139534,1156.7620279575144,469.7356103881022,0.05
21.23091033378111,-8.601136394304996,1664.023767453379,2664.8020260482454,7.220959150625711e-06,2664.8020188272862,1332.4010094136431,1332.4010166346022,514.2103369206368,0.05
17.638518095501286,-7.029619627531428,1663.176767381408,1986.8129116660527,7.3940089331428444e-06,1986.8129042720439,993.4064521360219,993.4064595300308,361.2563463804743,0.05
19.089712030518196,-8.244158292580067,1664.239557153864,3449.984787329842,8.38341367488117e-06,3449.9847789464284,1724.9923894732142,1724.992397856628,631.307619985414,0.05
20.141885226659845,-8.324198895089545,1662.807342036399,3462.332685765442,7.559460059677749e-06,3462.332678205982,1731.166339102991,1731.166346662451,613.609266006581,0.05
17.6849733854429,-6.49283723229521,1661.281878156649,1870.14750216456,6.201469046511429e-06,1870.147495963091,935.0737479815455,935.0737541830144,310.6092914504756,0.05
17.700881417659044,-6.128798079849747,1660.0262364633777,1682.393663996721,5.5526896811380684e-06,1682.3936584440314,841.1968292220157,841.1968347747053,265.7115367866513,0.05
21.258895418131587,-8.422669579840258,1662.4848221304208,3040.997256685451,6.731444640969293e-06,3040.9972499540063,1520.4986249770031,1520.4986317084476,561.7526503061434,0.05
22.309545475824084,-8.46672753093863,1662.806574915688,2552.721991026233,6.258817235033075e-06,2552.7219847674155,1276.3609923837078,1276.3609986425251,512.0875352441833,0.05
18.821218210742447,-7.687052619028026,1662.1937192092594,3414.038046498102,7.181987978975098e-06,3414.038039316114,1707.019019658057,1707.0190268400452,591.2322135344448,0.05
18.135627425131997,-6.240900301891108,1658.7122828464126,2168.6488397400985,5.0379227290901525e-06,2168.648834702176,1084.324417351088,1084.3244223890106,339.5344347594211,0.05
22.42026529578005,-8.332613589642673,1661.57487451246,2840.487774164925,5.816422963258153e-06,2840.4877683485024,1420.2438841742512,1420.243889990674,541.7711673138939,0.05
20.547306087725183,-8.204819490094899,1661.270873546287,3759.9947074453225,6.773492720763567e-06,3759.99470067183,1879.997350335915,1879.9973571094076,644.5394518959258,0.05
18.99501213782798,-7.373676648666311,1660.2214756519234,3315.6963298714554,6.421018696199092e-06,3315.696323450437,1657.8481617252185,1657.848168146237,547.7058763472377,0.05
19.3121207377582,-7.266200799648503,1658.607722853911,3625.161278094389,5.621233484219058e-06,3625.161272473156,1812.580636236578,1812.5806418578113,585.0564212967638,0.05
18.48193525899665,-6.348918444323148,1657.6885321457542,2606.9741565233167,4.697030734477101e-06,2606.974151826286,1303.487075913143,1303.4870806101737,411.7049329310331,0.05
17.85223119579318,-5.370366286389848,1656.6424774907116,2424.092786146183,3.821543729577811e-06,2424.092782324639,1212.0463911623194,1212.0463949838634,381.07327097603763,0.05
22.35520107552443,-8.189667718839885,1659.9041935468326,3209.0498830734045,5.452362433066517e-06,3209.049877621042,1604.524938810521,1604.5249442628835,580.1201632601205,0.05
20.70446560372549,-7.992256707030353,1659.1834254174985,4126.5190331975455,5.870189451643004e-06,4126.519027327356,2063.259513663678,2063.2595195338677,679.7728859742898,0.05
19.411263788110624,-7.115292452279839,1657.4393916798558,3631.218699985408,4.9498071644451495e-06,3631.218695035601,1815.6093475178004,1815.6093524676076,579.5371388753964,0.05
20.12327981510848,-7.614802704861767,1657.869480528131,4049.228323322181,5.292352421492355e-06,4049.2283180298286,2024.6141590149143,2024.6141643072667,652.5198825190757,0.05
19.07587372872803,-6.63122505609127,1656.3523402802202,3195.9851703311742,4.340609756764368e-06,3195.9851659905644,1597.9925829952822,1597.992587335892,509.8109671133788,0.05
18.389969159836223,-5.687067677687288,1655.1904817964307,2786.8116878897467,3.3597183407299288e-06,2786.8116845300283,1393.4058422650141,1393.4058456247326,436.98476679354474,0.05
24.458648225499683,-7.995461822488354,1659.3754947033708,2796.5543141305025,4.6224050598821575e-06,2796.5543095080975,1398.2771547540488,1398.2771593764537,563.270759516967,0.05
22.52005496120893,-8.074382955802127,1658.3163206812312,3351.075982440748,4.908239838877168e-06,3351.0759775325077,1675.5379887662539,1675.537993674494,586.6584179901438,0.05
21.319765595615145,-7.962071080392586,1657.591845316971,4076.540007759781,5.138804789442328e-06,4076.5400026209763,2038.2700013104882,2038.2700064492929,660.0808958536113,0.05
20.188172467301303,-7.480798025015756,1656.7036643605338,4106.459558281461,4.759371579044171e-06,4106.45955352209,2053.229776761045,2053.229781520416,650.3279073868355,0.05
21.13594214685213,-7.774991314726503,1655.9608631507017,4124.002992476535,4.455886959068466e-06,4124.0029880206475,2062.0014940103238,2062.001498466211,652.7698049402104,0.05
19.85993426641356,-7.029222226068893,1655.0169670536436,3769.04014529145,3.819710698177352e-06,3769.040141471739,1884.5200707358695,1884.5200745555803,591.7597361135257,0.05
19.038741867138043,-6.064061993569248,1653.412208578999,2996.885278010602,2.6896591074871247e-06,2996.885275320943,1498.4426376604715,1498.4426403501307,469.264033641603,0.05
24.549378438358836,-7.813716320678973,1657.3594805885111,2774.2377602283173,4.011958534113931e-06,2774.237756216359,1387.1188781081794,1387.1188821201379,541.2460819495739,0.05
22.713232435388917,-7.957667800661708,1656.1785857901507,3491.616334799524,4.166292821887671e-06,3491.616330633231,1745.8081653166155,1745.8081694829084,587.0486351304778,0.05
21.68035710347184,-7.79306961017541,1654.488699160346,4002.837615295832,3.844206477063015e-06,4002.837611451626,2001.418805725813,2001.4188095700192,631.6738711507153,0.05
20.46462970981027,-7.163907682439422,1653.0290519550783,3624.148806564621,2.9328940766502164e-06,3624.148803631727,1812.0744018158634,1812.0744047487574,566.2701300110133,0.05
19.750153229666065,-6.456879744891579,1651.471181403827,2789.1683454377467,2.033506104596001e-06,2789.1683434042407,1394.5841717021203,1394.5841737356263,434.40526495947074,0.05
24.632812792283527,-7.694609228950107,1655.2186686062144,2809.249872333805,3.267179202391715e-06,2809.2498690666257,1404.6249345333129,1404.624937800492,524.4141834758877,0.05
22.05840239198504,-7.776276735346846,1652.9521928365405,3617.4691844090135,3.0346633586860185e-06,3617.4691813743502,1808.7345906871751,1808.7345937218383,578.2108208565929,0.05
23.212348042638222,-7.863878446515435,1654.0354929485234,3227.924831170559,3.2154798044437245e-06,3227.9248279550793,1613.9624139775397,1613.9624171930195,542.8896810942837,0.05
22.1653271835,-7.45561219728,1645.4145268,2410.0529421347323,5.648225398105773e-07,2410.0529415699098,1205.0264707849549,1205.0264713497775,361.61499860936715,0.05
22.62918778956451,-7.62201306278868,1645.872705602472,1118.7998831115694,3.1476792391373255e-07,1118.7998827968015,559.3999413984008,559.3999417131687,205.91350567631932,0.05
21.92732359191652,-7.390593777425246,1645.950503390992,1445.4549867624323,3.517212566628536e-07,1445.4549864107112,722.7274932053556,722.7274935570767,233.6038959060255,0.05
22.72621061490669,-7.622311625673188,1645.255694456185,2382.6802339482524,4.6565347766850043e-07,2382.680233482599,1191.3401167412994,1191.340117206953,351.0142510385869,0.05
22.498983087826083,-7.614368787196172,1646.5850731979626,446.7536969416192,4.87143061885935e-07,446.75369645447614,223.37684822723807,223.3768487143811,149.21133213654716,0.15
21.599896860511283,-7.287211149873848,1646.71419490224,631.2433345212602,4.63687589405715e-07,631.2433340575726,315.6216670287863,315.6216674924739,144.20780490099816,0.05
20.49135969550596,-6.831281158545999,1649.494221938625,1914.261411116108,1.3818106287304931e-06,1914.2614097342976,957.1307048671488,957.1307062489593,308.67718885775116,0.05
21.59718450724668,-7.55518587002833,1651.289266755722,3237.654111869318,2.3399004992860782e-06,3237.6541095294174,1618.8270547647087,1618.8270571046094,515.9497502818841,0.05
22.010475996895742,-7.58179595370463,1649.2814405856416,2082.1272925747016,1.4975981041674838e-06,2082.1272910771036,1041.0636455385518,1041.0636470361499,362.81601215709463,0.05
21.13182610771364,-7.113214281145144,1647.8546899811845,817.2319749303034,8.00460482686175e-07,817.2319741298429,408.61598706492146,408.61598786538195,174.85320860156935,0.05
23.19145948218546,-7.73283690554972,1645.7217161330238,963.700686817388,2.667043082983099e-07,963.7006865506837,481.85034327534186,481.8503435420462,201.31742436992374,0.05
23.381509547337245,-7.74158367487838,1645.089156561687,2450.794696534883,4.076155297590356e-07,2450.7946961272673,1225.3973480636337,1225.3973484712492,369.36281619785217,0.05
23.92762727833294,-7.780845718776963,1644.9655296845915,3236.693358346299,4.859157299575433e-07,3236.6933578603835,1618.3466789301917,1618.3466794161075,465.381000802406,0.05
23.730828391007982,-7.782452596053308,1645.5334870711722,1236.7635561298391,2.6147528478561525e-07,1236.763555868364,618.381777934182,618.3817781956571,239.67560838998605,0.05
24.69560024102133,-7.643096735944612,1653.1491214431308,2587.506148867075,2.5904177264896413e-06,2587.506146276657,1293.7530731383285,1293.7530757287464,480.3745743396402,0.05
23.208074794111717,-7.832644880908729,1652.2181479792882,3033.09534417099,2.592903192265232e-06,3033.095341578087,1516.5476707890434,1516.5476733819464,509.18388213135336,0.05
23.16095120917154,-7.745129937815209,1646.3891668623876,539.6927453244432,4.461391183711701e-07,539.6927448783041,269.84637243915205,269.84637288529115,163.1444321340912,0.15
22.40968712191022,-7.633768116032485,1647.7501839287854,1082.5199578750623,9.18982688035957e-07,1082.5199569560796,541.2599784780398,541.2599793970226,239.81284897681124,0.05
23.16648392617043,-7.758369905333694,1646.9763020032397,615.0366261049618,6.530432397330782e-07,615.0366254519186,307.5183127259593,307.5183133790025,190.50892283563113,0.15
23.17664680924161,-7.810241271390558,1650.4812933200171,2512.061816892458,2.0071877311284658e-06,2512.0618148852705,1256.0309074426352,1256.0309094498227,440.9519009218565,0.05
23.313576783864185,-7.798099770625379,1648.96718352845,1847.765038714281,1.393377138471738e-06,1847.765037320904,923.882518660452,923.882520053829,358.7957232267748,0.05
24.27750704667678,-7.780601364722168,1645.1284346782936,1975.6897152664212,2.817486382532869e-07,1975.6897149846725,987.8448574923362,987.844857774085,331.22288461596776,0.05
24.331180136394035,-7.77662506117498,1644.882554747614,3284.928190230264,4.5802742365612093e-07,3284.9281897722367,1642.4640948861183,1642.4640953441458,470.34738794111126,0.05
24.15972190688792,-7.786300646906115,1645.4375402817996,1141.7778998783704,2.2827087428462998e-07,1141.7778996500995,570.8889498250497,570.8889500533206,239.60581915118271,0.05
23.615697631569287,-7.783565185391846,1646.03675315657,586.6737792988719,3.491757112939365e-07,586.6737789496962,293.3368894748481,293.3368898240238,184.4218389891795,0.15
24.12287654776008,-7.7893328844962735,1646.0280708226528,670.3573879375705,3.539595240142641e-07,670.357387583611,335.1786937918055,335.178694145765,199.3420259664172,0.15
24.730928677389297,-7.640547785488612,1651.3317721976634,2336.0066397517007,2.0483578631548184e-06,2336.0066377033427,1168.0033188516713,1168.0033209000294,438.1599011856306,0.05
23.87729500245524,-7.795506911151,1646.7000315575228,716.4702108596458,5.718808870246977e-07,716.470210287765,358.2351051438825,358.2351057157633,205.34230682655317,0.15
23.69776493481849,-7.798353130144431,1647.7568234856542,1135.49878891816,9.409552873613564e-07,1135.4987879772048,567.7493939886024,567.7493949295576,280.98668243397947,0.05
24.74174574920005,-7.661140170010308,1649.83103278,1981.7588262405195,1.6335578902802032e-06,1981.7588246069615,990.8794123034808,990.8794139370387,396.30639039464955,0.05
24.73346825051806,-7.690315730703461,1648.4986501687251,1477.717574514077,1.1771665088357793e-06,1477.7175733369104,738.8587866684552,738.8587878456217,340.0933926008816,0.05
24.60304089015376,-7.758780872692389,1645.221693569135,1559.8029364627698,2.2350611997416465e-07,1559.8029362392638,779.9014681196319,779.9014683431379,286.6553626719449,0.05
24.5729352525,-7.76132591695,1644.8360662,3492.7535438386494,4.598456009685954e-07,3492.753543378804,1746.376771689402,1746.3767721492475,501.1514253641259,0.05
24.63645602425887,-7.752572319071244,1645.7220278390373,820.2476971613537,2.830092883084268e-07,820.2476968783444,410.1238484391722,410.1238487221815,233.77361023251433,0.05
24.673338151864467,-7.740030825000363,1646.412764367803,790.2196727495217,4.79735012468065e-07,790.2196722697867,395.1098361348933,395.10983661462836,224.82733212235027,0.15
24.70824992662958,-7.719041556333167,1647.3323270559968,889.150292793884,7.857608023899755e-07,889.1502920081232,444.5751460040616,444.5751467898224,273.2559910622779,0.05
13.6139531142,0.404311364681,1649.17688122,11066.4600939702,1.0886078874832054e-06,11066.46009288159,5533.230046440795,5533.230047529404,1737.1507143811714,0.05
13.660692782400004,0.346229222126,1649.15250489,12147.202240995195,1.1967369461477207e-06,12147.202239798458,6073.601119899229,6073.601121095966,1901.4699222357842,0.05
13.660692782400004,0.346229222126,1649.15250489,11891.924314244505,1.1588586559705008e-06,11891.924313085647,5945.962156542823,5945.9621577016815,1863.3649868238276,0.05
13.699569180970435,0.2979286874433041,1649.132235463918,11884.626720129028,1.1624905399063009e-06,11884.626718966538,5942.313359483269,5942.3133606457595,1861.0254953645551,0.05
13.68605826179488,0.3147916839949886,1649.1949247505022,9726.64639709513,9.125492123459264e-07,9726.646396182581,4863.323198091291,4863.323199003839,1536.3287501072402,0.05
13.73664001222777,0.2522413859458832,1649.2453809654685,8629.388839583537,7.035811103318472e-07,8629.388838879955,4314.6944194399775,4314.694420143559,1375.829436536418,0.05
13.771350564453288,0.2088111763390021,1649.094816563637,10969.08980252148,1.056921536025571e-06,10969.089801464557,5484.544900732279,5484.544901789201,1720.6746912696462,0.05
13.79953652264597,0.1746293968402157,1649.3804488154392,7364.997233860803,4.857947906914741e-07,7364.997233375008,3682.498616687504,3682.498617173299,1197.4997303363534,0.05
13.871137911432347,0.0866998902737253,1649.2492568313462,8071.517915620162,6.097980973857754e-07,8071.517915010364,4035.758957505182,4035.75895811498,1295.1128154105434,0.05
13.942320959364698,-2.3178938770922463e-05,1649.4731027978846,6896.381208466337,4.226715139370564e-07,6896.3812080436655,3448.1906040218328,3448.190604444504,1137.1634299840891,0.05
13.880271623962916,0.0737301927461004,1649.0380791544246,9759.374627427796,9.405516978418144e-07,9759.374626487244,4879.687313243622,4879.687314184174,1531.7835410507907,0.05
14.089005952448565,-0.1793666679458843,1649.802463127601,6025.634447550711,4.677019526581769e-07,6025.634447083009,3012.8172235415045,3012.8172240092067,1031.3164900022182,0.05
14.163623292351518,-0.2680109550157156,1649.4800997694383,6597.88312253129,4.233284677504283e-07,6597.883122107961,3298.9415610539804,3298.9415614773093,1098.0228645426282,0.05
14.01045292474532,-0.0841498284697558,1649.2065069369946,7958.148573694182,5.492604982657787e-07,7958.148573144922,3979.074286572461,3979.074287121721,1280.9198925585333,0.05
14.045650223440346,-0.1309611545264677,1648.9520353374187,9593.079484693557,8.935340899299619e-07,9593.079483800022,4796.539741900011,4796.539742793546,1506.1097676454347,0.05
14.224877353604404,-0.3455795214389168,1649.1505228382491,7601.374590006225,5.160047455963862e-07,7601.37458949022,3800.68729474511,3800.6872952611147,1227.9442742025394,0.05
14.269601520330124,-0.4072671805574722,1648.8357904620598,8712.800850120642,8.327272469226486e-07,8712.800849287914,4356.400424643957,4356.400425476685,1365.095835527922,0.05
14.483243864677174,-0.6579769808843626,1649.0808091838142,7560.549555915998,5.048186787108873e-07,7560.549555411179,3780.2747777055897,3780.2747782104084,1222.7179742577832,0.05
14.534750351075695,-0.7317523809856489,1648.698717722461,8128.521802385883,7.808828256354506e-07,8128.521801605,4064.2609008025,4064.260901583383,1271.622112271024,0.05
14.41236359722372,-0.5665154107824394,1649.4651170388884,6275.819257488754,4.287751225577417e-07,6275.8192570599795,3137.9096285299897,3137.9096289587646,1053.0585340227185,0.05
14.29625495956746,-0.4269125088363111,1649.742033079051,5838.206682513112,4.7371196759627246e-07,5838.2066820394,2919.1033410197,2919.1033414934122,1002.7205370797675,0.05
14.277680308437198,-0.4084439066099604,1650.1039111613409,5076.820498505256,5.926075028865711e-07,5076.8204979126485,2538.4102489563243,2538.410249548932,908.7684329334246,0.05
14.631989366607757,-0.8286642702531803,1649.3891025052724,6034.265015341994,4.269042946724826e-07,6034.2650149150895,3017.1325074575448,3017.132507884449,1016.9889833663188,0.05
14.807284640608492,-1.0435920383614177,1649.0510161764282,7020.176077662356,4.6348171640454526e-07,7020.176077198874,3510.088038599437,3510.088039062919,1146.6394446591905,0.05
14.859882990107833,-1.1250223810528366,1648.5318634802013,7510.440585946956,7.256198222963227e-07,7510.440585221337,3755.2202926106684,3755.220293336288,1172.9750013615899,0.05
14.556252766622151,-0.7356079450370802,1649.8753125545984,5127.335116636233,5.482907659756011e-07,5127.335116087942,2563.667558043971,2563.6675585922617,907.6316682209584,0.05
14.466771650303588,-0.6376208974441445,1650.4217275425076,4194.652272609815,7.460630654863999e-07,4194.652271863752,2097.326135931876,2097.326136677939,793.1276147213543,0.05
14.951236157878888,-1.2005838748040445,1649.6191386307337,5037.737299120418,5.273530127557163e-07,5037.737298593065,2518.8686492965326,2518.868649823886,883.5946715785044,0.05
15.157714541287142,-1.4547547851666762,1649.0063137157674,6284.919031019323,4.20833352123096e-07,6284.919030598489,3142.4595152992447,3142.459515720078,1038.381401752306,0.05
15.260074160286036,-1.6012977393503212,1648.3284522125143,7424.811364851197,6.946520826432127e-07,7424.811364156545,3712.4056820782725,3712.4056827729246,1158.0006480481427,0.05
14.864616663917168,-1.098976455618761,1650.256029698424,3814.334971733173,7.365899247291224e-07,3814.3349709965833,1907.1674854982916,1907.1674862348814,732.9345023342291,0.05
14.712994861950673,-0.9351608341602152,1650.8111012818315,3105.231463057596,9.516613357077835e-07,3105.231462105935,1552.6157310529675,1552.6157320046286,647.2370085654037,0.05
15.192102478331703,-1.48397557895303,1650.67538534202,2615.096229697508,9.63146020389897e-07,2615.0962287343623,1307.5481143671811,1307.548115330327,571.3843300931976,0.05
15.20831379670524,-1.496301230445764,1650.1102897215208,3662.241414227786,7.355968672757729e-07,3662.241413492189,1831.1207067460946,1831.1207074816916,704.5599192879945,0.05
15.438218844162632,-1.764366827759081,1649.603677525489,4195.959386367954,5.85767987986352e-07,4195.959385782186,2097.979692891093,2097.979693476861,762.8224713788416,0.05
15.564150771409157,-1.905767334790582,1650.2951662567011,2796.04268722372,8.678872234234146e-07,2796.0426863558328,1398.0213431779164,1398.0213440458035,582.7755789162718,0.05
15.6999802170145,-2.0787887697035714,1648.9407136146187,5211.830794889584,4.698803659672879e-07,5211.830794419703,2605.9153972098516,2605.915397679732,878.4721586415245,0.05
15.75425832233033,-2.1762648678522223,1648.0805861818126,6974.847950060356,7.090538924370062e-07,6974.847949351302,3487.423974675651,3487.423975384705,1079.1899905637874,0.05
15.046950570296335,-1.3386113810894946,1651.3166101920856,1947.794366299043,1.2181548836368269e-06,1947.7943650808882,973.8971825404441,973.897183758599,491.7886809355399,0.05
15.538296029607066,-1.8903245879159225,1651.057629358737,1687.4525548992358,1.1743398504581058e-06,1687.452553724896,843.726276862448,843.7262780367878,447.74805790357004,0.05
15.403331539835646,-1.7745144291977408,1651.8903026293092,1311.9188953948908,1.5005706654687083e-06,1311.91889389432,655.95944694716,655.9594484477308,337.56360038565225,0.15
15.820812431876623,-2.294867341069382,1652.5523168769505,971.8580007297696,1.786682034092629e-06,971.8579989430876,485.9289994715438,485.9290012582258,270.66618222463075,0.15
15.915764114681693,-2.3112187538139164,1650.6650052539917,1758.448720902535,1.0744061369987366e-06,1758.4487198281288,879.2243599140644,879.2243609884705,446.39740005969304,0.05
16.05416597742402,-2.4629617782187765,1649.7969991975262,2807.10860145255,7.550980812491739e-07,2807.108600697452,1403.554300348726,1403.554301103824,567.9249324220341,0.05
16.25068804773849,-2.7011313406106066,1648.7764659891252,4721.11733037811,5.149500047674719e-07,4721.117329863159,2360.5586649315796,2360.55866544653,797.3554208631415,0.05
16.368036669073458,-2.868517040605009,1647.7782464603904,5299.929579997373,6.655195984350783e-07,5299.929579331853,2649.9647896659267,2649.9647903314467,819.6627391262357,0.05
16.04021457267489,-2.479376061921199,1651.502221420754,1127.1646319225106,1.3884860936978044e-06,1127.1646305340246,563.5823152670123,563.5823166554983,303.19243916053375,0.15
16.40015384214292,-3.0462223712938186,1653.4494960209308,1696.8936291084085,2.2090218690798248e-06,1696.8936268993866,848.4468134496933,848.4468156587152,313.549738668168,0.05
16.383882758605527,-2.909173726614933,1652.1495890629935,865.8669622684431,1.7034626257423775e-06,865.8669605649804,432.9334802824902,432.9334819859529,251.3967168041513,0.15
16.589160179828106,-3.0995437717879804,1651.3693975866993,965.9823028733516,1.4130623266367566e-06,965.9823014602892,482.9911507301446,482.991152143207,281.690944682901,0.15
17.540523985593698,-4.691198388034678,1655.3318548258246,2570.081406362271,3.102805613108128e-06,2570.0814032594653,1285.0407016297327,1285.0407047325384,395.2448955484367,0.05
17.081777830768516,-3.943728266658536,1654.1929963996342,2338.9840439582663,2.5638422724936376e-06,2338.984041394424,1169.492020697212,1169.4920232610543,353.0850784335626,0.05
16.423832796683495,-2.886941712665618,1650.6417578390267,1352.0367830224443,1.1784098505942408e-06,1352.0367818440345,676.0183909220173,676.018392100427,372.66930298910097,0.05
16.7283884515564,-3.217135846166029,1649.6942747948742,2246.50819016882,8.671236324032815e-07,2246.5081893016963,1123.2540946508482,1123.2540955179718,472.1482962968543,0.05
16.973517710302676,-3.493870049350797,1648.5988474624362,3620.654889130736,5.502603798108603e-07,3620.654888580476,1810.327444290238,1810.3274448404982,627.0805306390113,0.05
17.134714012127404,-3.695508795540893,1647.4100969060291,4785.084047613252,6.733145179638037e-07,4785.084046939937,2392.5420234699686,2392.542024143283,734.0197710423009,0.05
17.088179087761322,-3.636539294086596,1650.6860951855358,895.2787181290428,1.277960246077566e-06,895.2787168510825,447.6393584255413,447.6393597035015,283.9610441970835,0.05
17.460020986211966,-4.01814260756272,1649.6521263876668,1489.4212524042866,9.356418666631144e-07,1489.4212514686449,744.7106257343224,744.7106266699642,352.3968930477963,0.05
17.817508974829884,-4.381417472611147,1648.3824390969037,2517.0901959838475,5.892343200080231e-07,2517.090195394613,1258.5450976973066,1258.545098286541,454.88165569162686,0.05
18.103334901229083,-4.6708779390884985,1646.9624730905318,3687.807265250789,6.678725710341001e-07,3687.8072645829166,1843.9036322914583,1843.9036329593307,558.6631082066308,0.05
17.25926946919212,-3.9183659900900767,1652.1541991025724,1454.7286327650258,1.840353850377143e-06,1454.728630924672,727.364315462336,727.3643173026899,284.6852379598842,0.05
17.972604452445466,-4.919414197727956,1653.632310602561,2427.187270503241,2.5016052357538787e-06,2427.187268001636,1213.593634000818,1213.5936365024231,374.54258152633577,0.05
17.73520524895855,-4.356265629338984,1650.6973324874468,1127.4632258017075,1.347585016445762e-06,1127.4632244541224,563.7316122270612,563.7316135746463,271.9304308919646,0.05
18.356567934190306,-4.966629366476416,1649.6707716829774,1175.6775371882995,1.0674516777117962e-06,1175.677536120848,587.838768060424,587.8387691278756,271.11413183578725,0.05
18.939179482974424,-5.470202159195911,1648.089910056115,1522.2668039760515,6.575552408612457e-07,1522.2668033184962,761.1334016592481,761.1334023168034,296.55865530133855,0.05
19.054075463532115,-5.534679754400504,1646.5467247292488,2744.342038537703,7.089793833932653e-07,2744.3420378287237,1372.1710189143619,1372.1710196233412,407.6013229745358,0.05
18.452324593948266,-5.186858066891737,1651.3687813751926,1962.679863400961,1.7444531940397015e-06,1962.679861656508,981.339930828254,981.3399325727071,325.30674219820554,0.05
19.254449987066977,-5.859774088684672,1649.8625143337138,1517.209100924201,1.318909773225346e-06,1517.2090996052912,758.6045498026456,758.6045511215555,260.0963157045559,0.05
19.92009676919429,-6.331646367018209,1648.452196048063,898.8236343691655,8.751441432104296e-07,898.8236334940214,449.4118167470107,449.4118176221548,190.23420561840885,0.05
19.97369220084161,-6.311989043593337,1647.3507666085482,1137.1063665834347,5.34374918000448e-07,1137.1063660490597,568.5531830245299,568.5531835589048,212.42000618762498,0.05
19.999740201948004,-6.280035194391668,1646.1618814937897,2274.7126807078234,6.140096237921086e-07,2274.712680093814,1137.356340046907,1137.3563406609164,342.06762710387943,0.05
21.30146681015196,-7.108046511866613,1646.1427197898813,1483.9846518878844,3.71574530673486e-07,1483.98465151631,741.992325758155,741.9923261297295,239.17115871949073,0.05
20.768344036376693,-6.788090287781366,1645.8737357799046,2263.776798126166,6.236320964456866e-07,2263.776797502534,1131.888398751267,1131.8883993748989,335.31836816797147,0.05
21.361119902311422,-7.113601628486378,1645.6682264995204,2212.0382513578083,6.017862210848622e-07,2212.038250756022,1106.019125378011,1106.0191259797973,324.9990786842315,0.05
20.798131502406985,-6.8482472710214095,1646.6775102557967,1142.4265577301005,4.194394729238179e-07,1142.426557310661,571.2132786553306,571.21327907477,198.80193006646118,0.05
21.805408906597567,-7.317224928818372,1645.5244416203695,2169.6234696319125,5.356270051348393e-07,2169.6234690962856,1084.8117345481428,1084.8117350837697,321.0489898891764,0.05
22.1653271835,-7.45561219728,1645.4145268,2569.055822673264,5.922326761340603e-07,2569.0558220810317,1284.5279110405158,1284.5279116327483,378.2018263801226,0.05
17.766506933125218,14.251348953176606,1664.6621335888244,1077.783696727197,5.773892374357766e-06,1077.7836909533046,538.8918454766523,538.8918512505446,247.5436388187365,0.05
18.360892462819727,14.705243800527445,1662.5866104317638,1144.7135237130412,4.850256997980278e-06,1144.7135188627842,572.3567594313921,572.3567642816491,246.8831308934247,0.05
19.45991299534114,14.47490900121317,1664.1249934958353,777.3305908117798,5.48912577964108e-06,777.330585322654,388.665292661327,388.66529815045277,204.6711280215666,0.05
21.134319918238297,14.39946997301868,1664.6542324481948,536.0690379693532,5.761413941259306e-06,536.0690322079392,268.0345161039696,268.03452186538357,179.61381650371675,0.25
20.34588992595946,14.740191218080993,1662.8646212257313,590.2474344903445,4.972951894696598e-06,590.2474295173927,295.12371475869634,295.1237197316482,166.49096130506294,0.2
22.165967975504024,14.597185067500094,1663.3292180578774,771.9307455298217,5.318478122472943e-06,771.9307402113436,385.9653701056718,385.9653754241499,222.0500242143932,0.05
21.30787593258492,14.989800478708744,1661.3598740762145,752.9450624353866,4.433892951519029e-06,752.9450580014936,376.4725290007468,376.4725334346398,192.4161971647854,0.05
19.62076711433134,15.073647241568487,1660.959308305794,970.4051367596408,4.200571821730887e-06,970.405132559069,485.2025662795345,485.20257048010626,197.82812939638094,0.05
22.99970812507312,14.169026799505192,1665.3023603773318,988.1361579207064,6.189157480614457e-06,988.1361517315489,494.06807586577446,494.06808205493195,275.3179897005558,0.05
18.11597596843462,15.030490717800092,1660.7191177433906,1585.4455521274208,4.085511665256479e-06,1585.4455480419092,792.7227740209546,792.7227781064662,299.0241472050066,0.05
18.77129782116288,15.323935834094708,1659.3301468797724,1648.9634836940852,3.5061628467744936e-06,1648.9634801879224,824.4817400939612,824.481743600124,290.6895850885456,0.05
19.48030217289157,15.66361356493488,1657.45598219179,1713.9252506287396,2.734332911634352e-06,1713.9252478944068,856.9626239472034,856.9626266815362,276.91775098720325,0.05
18.596836729907544,15.906523888608609,1655.7572253225503,2119.447615359982,1.922337362787583e-06,2119.4476134376446,1059.7238067188223,1059.7238086411598,334.2359049446998,0.05
20.416369965048883,15.34635732803676,1659.3988876095318,1109.6378363036977,3.6008413438435555e-06,1109.6378327028563,554.8189163514281,554.8189199522695,201.85048997959933,0.05
17.55752777611294,16.299572180825493,1652.775593469189,3969.480556032294,6.578417555734827e-07,3969.4805553744523,1984.7402776872261,1984.7402783450677,530.2278344453197,0.05
17.76071321098038,16.381056132209544,1652.3411028330163,4323.7107828908365,1.0706146714925176e-06,4323.710781820222,2161.855390910111,2161.8553919807255,552.1711009018965,0.05
17.167630080777283,16.3117033733845,1652.447113621531,4221.015670891079,1.0426925851048649e-06,4221.015669848386,2110.507834924193,2110.507835966886,542.4135394666167,0.05
16.6097112387,16.225027575400002,1652.54146609,3792.750848299456,1.0715985970019924e-06,3792.7508472278573,1896.3754236139287,1896.3754246855272,493.71422473399116,0.05
18.2754692761,16.4229534007,1652.24446649,4378.204248596526,1.1116319791060283e-06,4378.204247484894,2189.102123742447,2189.1021248540787,556.3217729050562,0.05
18.17994991925888,16.333219129591747,1652.830656995814,4079.6800208032582,6.530657690250455e-07,4079.6800201501924,2039.8400100750962,2039.840010728162,546.3500574512439,0.05
17.650126992823335,16.239240729828243,1653.2214899861783,3508.203558511168,6.953410667510913e-07,3508.203557815827,1754.1017789079135,1754.1017796032545,482.6803981173972,0.05
18.059895154128544,16.21805889658486,1653.554633540998,3029.225190088058,8.51638340570181e-07,3029.2251892364193,1514.6125946182096,1514.6125954698482,429.531650280453,0.05
18.53926877430943,16.363171224901215,1652.7179809625304,4184.287874768166,6.571930287713545e-07,4184.2878741109735,2092.1439370554867,2092.1439377126794,557.3056686163769,0.05
18.2754692761,16.4229534007,1652.24446649,4225.805904088446,1.032426657447547e-06,4225.80590305602,2112.90295152801,2112.9029525604365,540.7007143535732,0.05
18.665741455649457,16.443674058871107,1652.1683936194263,4325.345095301923,1.068939156504375e-06,4325.345094232984,2162.672547116492,2162.672548185431,551.2633570788048,0.05
19.079511251393832,16.359120357535108,1652.786742564802,4043.2532262497552,6.558398700730093e-07,4043.2532255939154,2021.6266127969577,2021.6266134527975,542.6804504446607,0.05
19.32983330747161,16.456681201243637,1652.0333958152817,4096.022478083143,1.0220089003842144e-06,4096.022477061134,2048.011238530567,2048.011239552576,524.0113953811198,0.05
18.60496837303678,16.29855848134648,1653.1763365345262,3224.0027003526898,7.316506122757678e-07,3224.002699621039,1612.0013498105195,1612.0013505421703,447.01823188040265,0.05
19.25561366724032,16.26709289022748,1653.4360921792577,2722.3791355601134,8.692709154498688e-07,2722.3791346908424,1361.1895673454212,1361.1895682146921,388.3605973836946,0.05
24.32943114533796,14.204935474433158,1663.6344656171248,1576.9483692504775,5.523004472270375e-06,1576.948363727473,788.4741818637365,788.474187386741,354.99848919717175,0.05
27.5296027672,14.5686500697,1649.84979872,2943.096862597375,7.733873566305362e-07,2943.0968618239876,1471.5484309119938,1471.5484316853813,362.6752261144618,0.05
26.580718380298503,14.939224819593258,1650.1408286720111,3410.213942780836,8.683773162638779e-07,3410.2139419124587,1705.1069709562294,1705.1069718246067,416.1772933422911,0.05
27.355854951725068,14.540331750401592,1650.875313955698,2375.2051966969752,5.800188133111154e-07,2375.2051961169564,1187.6025980584782,1187.602598638497,331.58642020903613,0.05
20.25776201535041,16.428103740244975,1651.8329483522473,4002.492742091192,9.412420439236524e-07,4002.4927411499502,2001.2463705749751,2001.246371516217,513.4500133083826,0.05
20.14015060226128,16.29928589812325,1652.9440919951107,3304.4697243655705,7.334893302419556e-07,3304.4697236320812,1652.2348618160406,1652.23486254953,454.52798384445504,0.05
20.980325140729796,16.087253235070914,1654.0365360483502,1708.0003492604797,1.2329168371825456e-06,1708.0003480275627,854.0001740137814,854.0001752466983,266.68245789652593,0.05
20.018953980200543,16.10845181013543,1654.4266342610294,1756.4285928351876,1.3442954519087887e-06,1756.4285914908921,878.2142957454461,878.2142970897415,276.66462427511453,0.05
18.844082840036723,16.16948916758484,1654.094951552547,2403.559731222906,1.14911366533604e-06,2403.5597300737923,1201.7798650368961,1201.77986618601,356.0467102063909,0.05
21.4818390278121,16.174820543872404,1652.7629081880875,3151.0275635906287,7.680515644796822e-07,3151.0275628225772,1575.5137814112886,1575.51378217934,433.90138019974864,0.05
21.59393920656624,16.292095908249372,1651.520398767895,3653.705193211749,8.702048021831718e-07,3653.705192341544,1826.852596170772,1826.852597040977,466.5081235525126,0.05
23.07304738510817,15.898659643269454,1652.4000722315664,2964.195937308898,7.638707323020745e-07,2964.195936545027,1482.0979682725135,1482.0979690363845,408.4629030209792,0.05
26.19653965025504,14.970923747260713,1651.436801236545,2395.1894134880645,6.40921188242608e-07,2395.189412847143,1197.5947064235716,1197.594707064493,341.23842782051554,0.05
23.43805212735862,15.932404792245723,1651.0456792346129,3289.0500385233013,7.713856151725677e-07,3289.0500377519156,1644.5250188759578,1644.5250196473435,420.7672326730421,0.05
24.693905571632456,15.453424304611616,1652.1525241012562,2336.201633322384,7.694108422501749e-07,2336.2016325529735,1168.1008162764867,1168.1008170458974,339.8069113167176,0.05
25.26960944884355,15.40199482954913,1650.530535617634,3487.1216692915127,7.946307216662734e-07,3487.121668496882,1743.560834248441,1743.5608350430716,431.16621106886095,0.05
21.79915347491084,15.505434204722926,1657.728835061801,1296.5296617581969,2.944996985137201e-06,1296.5296588131998,648.2648294065999,648.264832351597,235.6630562863618,0.05
26.014680732328877,13.51213878711581,1664.810928946289,1956.0027790000445,5.982211891390377e-06,1956.0027730178326,978.0013865089163,978.0013924911282,429.9687080955638,0.05
23.38321867066048,14.718685153416356,1661.5363345715975,1413.2194930547555,4.645856635468332e-06,1413.2194884088988,706.6097442044494,706.6097488503061,305.06787938365096,0.05
23.488829671934923,15.158900320222282,1658.1163308783568,1600.2714515521518,3.1107593004626232e-06,1600.2714484413925,800.1357242206963,800.1357273314555,299.87855382118545,0.05
24.65779242206924,14.652479079267817,1659.6757517091155,1825.623600976755,3.793441251389325e-06,1825.6235971833137,912.8117985916568,912.8118023850981,348.73167425489964,0.05
25.152734996683726,14.761494718472806,1657.375902985102,1792.911924069292,2.8193638795351715e-06,1792.9119212499281,896.4559606249641,896.4559634443278,329.97700305691734,0.05
22.557843760156302,15.140091998232878,1659.591765724812,1373.8000919690917,3.741254505895e-06,1373.8000882278373,686.9000441139186,686.900047855173,271.1336345644851,0.05
26.52317710267168,14.11366805350556,1658.3800355259548,1991.6941213332493,3.260344892345688e-06,1991.6941180729045,995.8470590364523,995.847062296797,362.83151820745866,0.05
26.181570188530326,13.73662094438578,1662.6695778703986,1968.9771075588235,5.05258416352165e-06,1968.9771025062394,984.4885512531197,984.4885563057038,405.9956290163839,0.05
26.348650249629443,13.936616484925494,1660.5257743345271,1993.96414110482,4.221005356097366e-06,1993.9641368838147,996.9820684419074,996.9820726629127,384.7302364680465,0.05
25.016193455452207,14.296948774445102,1661.5888506708811,1804.3665427292824,4.638676253207603e-06,1804.3665380906061,902.1832690453031,902.1832736839793,369.42405780333064,0.05
27.15922349870677,14.48909877554223,1652.2315575485322,1134.7116113682384,9.42227403778976e-07,1134.711610426011,567.3558052130055,567.3558061552329,229.83099670892508,0.05
25.754720906288743,14.982473747464306,1653.118640259804,1006.1251525546722,1.1559030006287126e-06,1006.1251513987693,503.06257569938464,503.0625768552876,220.53674604522084,0.05
20.937746486546416,15.88405962733857,1655.622596712078,1152.0597849594897,1.9637407805871925e-06,1152.059782995749,576.0298914978745,576.0298934616152,201.8252376171144,0.05
22.30492613687761,15.867889316076,1654.2515440934312,1078.81867053537,1.4198695651012223e-06,1078.8186691155006,539.4093345577503,539.4093359776198,206.61631225773414,0.05
23.303075232319088,15.444212427100036,1656.1111646149484,1261.189786191498,2.279770714680562e-06,1261.189783911727,630.5948919558635,630.5948942356343,246.95873669271046,0.05
24.09993811632,15.464711720852344,1653.962579835625,894.1510808811664,1.4176394908761534e-06,894.1510794635269,447.07553973176346,447.07554114940297,208.18139167155206,0.05
25.32774953209228,14.939585706783143,1655.140525743946,1331.5843107444025,1.9239130120845226e-06,1331.5843088204895,665.7921544102447,665.7921563341578,269.73643564213796,0.05
26.933566331477145,14.398289183646382,1654.0859136062966,1190.5809032591926,1.5940732234401423e-06,1190.5809016651194,595.2904508325597,595.2904524266329,254.74609259766316,0.05
26.714161983752994,14.26800120341446,1656.2326334858867,1844.9975538665424,2.409470636748894e-06,1844.9975514570717,922.4987757285359,922.4987781380065,330.8100404940061,0.05
25.728512023836856,-9.049112990606863,1665.1589942020012,3810.393447200775,8.173175864691583e-06,3810.393439027599,1905.1967195137995,1905.1967276869755,791.95001547025,0.05
25.927360280261787,-8.679618694982995,1663.365532665527,3514.2659874846054,7.087104400678699e-06,3514.265980397501,1757.1329901987506,1757.1329972858548,718.9405673536196,0.05
27.400194715691924,-8.692570052361457,1664.2998897495818,4625.325726181819,8.514964716004201e-06,4625.325717666854,2312.662858833427,2312.662867348392,915.4187723206309,0.05
27.449606540036825,-8.30496453985542,1662.0834016065849,4365.6017354309,7.569524208618224e-06,4365.601727861375,2182.8008639306877,2182.800871500212,831.862806808767,0.05
30.26085867385933,-6.645217953604128,1663.7404713294236,2362.6044543263133,6.22680648147232e-06,2362.604448099507,1181.3022240497535,1181.3022302765598,494.43014367960444,0.05
28.99638606011175,-7.727843463425919,1663.9525039475884,3336.134951922478,7.184917871629543e-06,3336.1349447375605,1668.0674723687803,1668.067479553698,666.1036338667594,0.05
25.692836115782967,-8.369766945789118,1661.822984942978,3163.5497038693743,6.015295680131647e-06,3163.5496978540787,1581.7748489270393,1581.774854942335,644.9260586470176,0.05
26.840568293075822,-8.183807548273695,1660.8561287236366,3683.8686728846983,6.166108046218301e-06,3683.8686667185902,1841.9343333592951,1841.9343395254032,722.6240401991756,0.05
28.157596176962866,-7.843866278609373,1660.5646672272196,3835.1518717871127,6.487755829109087e-06,3835.151865299357,1917.5759326496784,1917.5759391374343,719.8478646013558,0.05
29.138907516113083,-7.401107565822871,1661.882355620103,3315.713367738293,6.411870739871991e-06,3315.7133613264223,1657.8566806632111,1657.856687075082,644.0036900045171,0.05
30.47640097612132,-6.261534618826578,1661.68254144957,2379.108121010369,5.417203992422926e-06,2379.1081155931647,1189.5540577965824,1189.5540632137865,485.96573276039,0.05
25.73309904918932,-8.141202111941519,1660.5334248281863,2948.1580194282,5.342781291047834e-06,2948.158014085419,1474.0790070427095,1474.0790123854906,611.0969782872471,0.05
25.030783663935942,-7.989875189555205,1659.5505317006844,2710.479719813028,4.703385027271076e-06,2710.479715109643,1355.2398575548216,1355.2398622582066,561.6527229013028,0.05
26.764222814167223,-7.892463067265013,1659.1112876402242,3365.3731004681167,5.278933257848194e-06,3365.3730951891835,1682.6865475945917,1682.686552873525,654.0409793091318,0.05
28.449525272904104,-7.5033350921108735,1658.8829064517363,3576.364852281553,5.6311233923366485e-06,3576.3648466504296,1788.1824233252148,1788.182428956338,667.2427331840922,0.05
29.452479939111093,-6.962827955863316,1659.737104053752,2991.1120271589075,5.431314500368951e-06,2991.112021727593,1495.5560108637965,1495.556016295111,570.3095098591261,0.05
30.704073754268432,-5.898593708740527,1659.622132001518,2300.7300279084457,4.671937706824267e-06,2300.730023236508,1150.365011618254,1150.3650162901918,461.17281760606835,0.05
25.776082398250654,-7.735097810776884,1657.7449862824049,2795.275627119682,4.147856226920967e-06,2795.275622971826,1397.637811485913,1397.6378156337692,566.1946522385509,0.05
27.786828349561237,-7.440280800078296,1656.8905295076356,3233.2375322212383,4.579410422415818e-06,3233.237527641828,1616.618763820914,1616.6187684003244,603.2250093170763,0.05
30.94377588523539,-5.55881769113364,1657.5591217197705,2345.5873029191,4.014418638800307e-06,2345.587298904681,1172.7936494523406,1172.7936534667592,451.9016129249036,0.05
29.52759257009486,-6.749451062082328,1657.6920721700078,3022.737153610204,4.804258766976929e-06,3022.7371488059453,1511.3685744029726,1511.3685792072315,551.9049465641787,0.05
26.541853837613942,-7.459796187563559,1655.821126238636,2705.647475138021,3.4829351419762656e-06,2705.647471655086,1352.823735827543,1352.823739310478,536.6307115106912,0.05
30.090015816968226,-6.205450334803815,1655.917527077047,2584.617606618917,3.852821207281559e-06,2584.617602766096,1292.308801383048,1292.308805235869,477.4462310933352,0.05
31.19594876244112,-5.245326371940174,1655.493466333984,2369.2330676875395,3.3274400405644213e-06,2369.2330643600994,1184.6165321800497,1184.6165355074897,438.30852202113414,0.05
27.92311562643898,-7.204698512257269,1655.2411504640957,2831.431927261093,3.7021878489593862e-06,2831.431923558905,1415.7159617794525,1415.7159654816403,540.705342087888,0.05
29.02250589431953,-6.888094247599785,1655.621785152237,2946.5162539189096,4.0773023868088986e-06,2946.516249841607,1473.2581249208035,1473.258128998106,546.0723967511992,0.05
31.5633591948278,-4.7356618037103,1644.3139001780924,2057.542058469842,2.2362285724282534e-07,2057.542058246219,1028.7710291231094,1028.7710293467323,328.6120299468444,0.05
31.42638236922154,-4.845284666973217,1644.143966430832,3195.585700154953,4.329148591429238e-07,3195.585699722038,1597.792849861019,1597.792850293934,453.9348379045602,0.05
31.676209352343932,-4.634131648684135,1644.1451721377025,2688.342712783998,3.813503921463413e-07,2688.342712402648,1344.171356201324,1344.1713565826742,396.62977810024813,0.05
27.291925036575176,-7.172018191838497,1653.8816060444178,2462.3865510398387,2.8240094549412943e-06,2462.3865482158294,1231.1932741079147,1231.193276931924,493.93592876328705,0.05
30.161508844377583,-6.067258565620028,1654.096519346753,2438.3738308379893,3.2249853297492617e-06,2438.373827613004,1219.186913806502,1219.1869170314874,448.8459107712958,0.05
31.458170788696645,-4.9573978587816825,1653.4253395050753,2352.505326199543,2.71262921165854e-06,2352.5053234869138,1176.2526617434569,1176.2526644560862,423.9372290298316,0.05
29.010591359263408,-6.700142802816173,1653.5128292137383,2606.50371713577,3.126093770838117e-06,2606.503714009676,1303.251857004838,1303.2518601309318,488.8387412595273,0.05
32.14267962091311,-4.2036374430058965,1644.5750822566158,1685.2500806497587,1.856633266192297e-07,1685.2500804640954,842.6250402320477,842.625040417711,301.0703077653656,0.05
32.036283430414194,-4.298860486511923,1644.1547090523522,2333.284316021846,3.4154266624836045e-07,2333.2843156803033,1166.6421578401516,1166.6421581816942,350.4375436077081,0.05
32.5264415542,-3.77241384733,1644.1853514500003,2006.9043940122767,3.331306654721496e-07,2006.904393679146,1003.452196839573,1003.4521971727037,301.085374110496,0.05
32.45174520564878,-3.890717310534352,1645.0623247711103,1460.1690592840698,2.2012777178384258e-07,1460.169059063942,730.084529531971,730.0845297520988,314.8788011289413,0.05
31.837243759843226,-4.496243368622487,1644.4305973408452,1833.6635636559324,1.998852824867863e-07,1833.663563456047,916.8317817280235,916.8317819279089,308.94860844933976,0.05
31.386336717472165,-4.881171143047927,1644.2836614673747,2343.0598897219616,2.6216393763452106e-07,2343.0598894597974,1171.5299447298987,1171.5299449920628,356.88828080102866,0.05
31.25661882433807,-4.981020843421226,1644.1450773235767,3024.874870567775,4.058699712980501e-07,3024.8748701619047,1512.4374350809524,1512.4374354868226,452.34225849811776,0.05
31.60321028732021,-4.706951007174119,1644.552869826093,1694.5801781055184,1.732439120468317e-07,1694.5801779322744,847.2900889661372,847.2900891393812,310.4072940357892,0.05
31.390444198433684,-4.88230061797829,1644.483191492544,1719.7260156016011,1.6962105400206278e-07,1719.7260154319802,859.8630077159901,859.8630078856111,311.04644620441724,0.05
28.010455386578187,-6.873995331382881,1651.9891975521623,2172.342246093684,2.2629967595391047e-06,2172.342243830687,1086.1711219153435,1086.1711241783405,446.81426305209254,0.05
31.72293243162685,-4.687257315952795,1651.354991025662,2165.973590826669,2.0582811889027853e-06,2165.973588768388,1082.986794384194,1082.986796442475,408.8795543176045,0.05
30.37173293933587,-5.81576847759023,1651.6863863842543,2123.1043603634475,2.335025467729428e-06,2123.104358028422,1061.552179014211,1061.5521813492364,415.6440052057244,0.05
29.15203486189558,-6.469796152416682,1651.3155103606225,2148.6435628797944,2.224369286689507e-06,2148.643560655425,1074.3217803277125,1074.321782552082,433.5197494715848,0.05
28.578939216428743,-6.61844940717717,1650.482721673101,1918.6428396676092,1.8151006777737396e-06,1918.6428378525086,959.3214189262543,959.3214207413549,418.40556369421455,0.05
31.877993832793106,-4.470632286147857,1645.022904909631,1448.9793438565828,2.1372863621676605e-07,1448.9793436428542,724.4896718214271,724.4896720351556,314.87188585937207,0.05
32.34561780165993,-4.030964882875583,1646.135250542264,1211.1265407795836,4.606195699929375e-07,1211.126540318964,605.563270159482,605.5632706201015,338.1587855400358,0.05
31.44446471785221,-4.845401705229134,1644.8302627097007,1548.4570321493825,1.836346147122763e-07,1548.4570319657478,774.2285159828739,774.2285161665086,316.578035089075,0.05
31.23074596075593,-5.0050384108837775,1644.3110745867957,2270.658074784189,2.41342072136996e-07,2270.658074542847,1135.3290372714234,1135.3290375127656,354.7593755167646,0.05
31.161473304600005,-5.0549649451,1644.14627319,3278.9764618573854,4.184260942912288e-07,3278.976461438959,1639.4882307194796,1639.4882311379058,464.68254066035365,0.05
31.181572917192188,-5.049006074839498,1644.5951099069912,1701.622481981759,1.6567863462184678e-07,1701.6224818160804,850.8112409080402,850.8112410737187,319.19360974977945,0.05
30.730071831974342,-5.487719597105204,1649.517106958068,1698.942996334193,1.5702552755226116e-06,1698.9429947639376,849.4714973819688,849.4714989522241,391.28686797757564,0.05
31.980654231985977,-4.428481584154834,1649.2962459464063,1767.4560792732852,1.4394301469932755e-06,1767.456077833855,883.7280389169275,883.7280403563577,390.9858744138959,0.05
31.39526688637715,-4.892350668027491,1645.2060672986574,1438.5950015106932,2.555658389739411e-07,1438.5950012551275,719.2975006275637,719.2975008831295,329.3203413199333,0.05
29.664555257255014,-6.119424833326869,1649.125956824193,1715.5731242556126,1.431593921483055e-06,1715.5731228240186,857.7865614120093,857.7865628436033,398.00133632170446,0.05
29.53372741542893,-6.235331584403741,1650.2004522317714,1918.3826492389735,1.8124187086912063e-06,1918.3826474265547,959.1913237132774,959.1913255256961,416.7652304706814,0.05
28.963242723400118,-6.433751237670279,1649.4674860100004,1702.3857027741342,1.4912526751785952e-06,1702.3857012828814,851.1928506414407,851.1928521326935,398.84445856243093,0.05
29.29652590111649,-6.264411486426456,1648.5942064167175,1580.644900654181,1.2111052358618435e-06,1580.6448994430757,790.3224497215379,790.322450932643,393.5677687387436,0.05
31.219519339941296,-5.072320188917362,1647.561468112862,1295.3837681013902,9.21792809746334e-07,1295.3837671795973,647.6918835897986,647.6918845115915,365.62401471823614,0.05
32.191811799547565,-4.207585823266626,1647.5259662496758,1356.7406921219342,8.917912703749529e-07,1356.740691230143,678.3703456150715,678.3703465068627,358.7397374291155,0.05
31.582190652361465,-4.749085523352238,1645.9661781785617,1206.7603470761424,4.294565114529909e-07,1206.7603466466858,603.3801733233429,603.3801737527995,337.03373414776496,0.05
31.10403071356841,-5.114523286936951,1644.933077253978,1536.5399988946017,1.985129734559924e-07,1536.5399986960888,768.2699993480444,768.2699995465573,325.22366098070904,0.05
31.07356882737093,-5.125757317640318,1644.3275072119973,2173.113173647482,2.2054014283742574e-07,2173.113173426942,1086.556586713471,1086.5565869340112,350.4299023979407,0.05
30.94408297825458,-5.226954098676073,1644.6013900799524,1749.4008594391391,1.650178294654393e-07,1749.4008592741213,874.7004296370607,874.7004298020785,326.6928159407472,0.05
30.133013605656625,-5.836481485811918,1648.2367037386307,1480.9811485768105,1.134432661989345e-06,1480.9811474423777,740.4905737211889,740.4905748556216,384.9318689326014,0.05
30.42358996855065,-5.6309315492865375,1647.1951126703996,1276.6996012886025,7.793620013720142e-07,1276.6996005092406,638.3498002546203,638.3498010339822,361.7587785468881,0.05
31.0233421842789,-5.185878564965008,1645.536352203882,1362.4252662740316,3.256379727066569e-07,1362.4252659483936,681.2126329741968,681.2126332998348,335.2615394149239,0.05
29.664431552367507,-6.065212373978067,1647.6450915388025,1365.3698461518277,9.16654586421683e-07,1365.369845235173,682.6849226175865,682.6849235342412,373.5850085549998,0.05
30.726155662798572,-5.41507799712287,1646.4420511652538,1222.0212097539086,5.627990460652886e-07,1222.0212091911096,611.0106045955548,611.0106051583538,351.23941506427843,0.05
30.75441652294027,-5.368959866999324,1645.016356115101,1547.1725518016756,2.1348300851774225e-07,1547.1725515881926,773.5862757940963,773.5862760075793,331.87760995557744,0.05
30.087722596840237,-5.816192697015719,1646.5839653258745,1272.883200039975,5.929444609172218e-07,1272.8831994470306,636.4415997235153,636.4416003164597,358.4722682450806,0.05
30.47848007478183,-5.563264701432812,1645.6465369593927,1362.4998667105358,3.513578497712536e-07,1362.499866359178,681.249933179589,681.2499335309468,342.00439754309605,0.05
25.52854873277554,-7.585947527973722,1655.8567253562755,2673.212088473508,3.434252309670992e-06,2673.2120850392557,1336.6060425196279,1336.6060459538803,527.2890849850538,0.05
25.808348076792058,-7.458246121191423,1654.394011769392,2511.9910853536144,2.818990496368794e-06,2511.9910825346237,1255.9955412673119,1255.9955440863025,494.68827732637004,0.05
26.04453088410981,-7.343256135749804,1652.3221710294667,2280.843897246255,2.2068806513536843e-06,2280.8438950393743,1140.4219475196871,1140.4219497265678,453.59512657115744,0.05
25.744094778868902,-7.412608044273127,1650.7859506794443,2044.5159717904892,1.780421140451959e-06,2044.515970010068,1022.257985005034,1022.2579867854552,413.75369737455503,0.05
27.048761892307468,-7.06890628466824,1650.8406938289204,1953.740232120708,1.7874751108823396e-06,1953.7402303332328,976.8701151666164,976.8701169540916,417.09746504152616,0.05
26.24069043393337,-7.292523326272152,1649.750595682396,1801.0345312961688,1.4600335845115849e-06,1801.034529836135,900.5172649180676,900.5172663781012,387.2633155892083,0.05
27.7864775965306,-6.829729430147192,1649.174391987514,1674.1427790549294,1.2946351119361e-06,1674.1427777602944,837.0713888801472,837.0713901747822,391.85126771901577,0.05
28.95735845537604,-6.403053099621514,1648.562819163073,1549.064512757623,1.171015184436603e-06,1549.064511586608,774.532255793304,774.5322569643191,388.9332774732333,0.05
25.296754285774742,-7.568419278023698,1648.6692049614903,1557.369465321938,1.1829870026505457e-06,1557.369464138951,778.6847320694754,778.6847332524625,352.38329378119744,0.05
26.54061969962605,-7.230657826805774,1648.4452611792951,1455.9475822148945,1.0514917471202014e-06,1455.9475811634027,727.9737905817013,727.9737916331932,356.0592769046991,0.05
27.851253448700117,-6.80468216508621,1648.0798755048183,1416.0841998290423,9.525574875210994e-07,1416.0841988764848,708.0420994382424,708.0421003907999,365.54318091741334,0.05
28.931759616804836,-6.396015425306204,1647.627483731529,1369.9240665218383,8.686243337803938e-07,1369.924065653214,684.962032826607,684.9620336952313,371.104889921944,0.05
25.884550374152496,-7.454385687956453,1647.4647701435758,1076.2817116274764,7.796724727415989e-07,1076.2817108478039,538.1408554239019,538.1408562035745,308.1421596431916,0.05
26.882499820544,-7.152885731158828,1647.3232729211115,1144.348665481252,7.233260523765875e-07,1144.348664757926,572.174332378963,572.1743331022891,326.4558913733401,0.05
27.944749998432844,-6.782978229929991,1647.005476980954,1179.279567199773,6.489134581170864e-07,1179.2795665508595,589.6397832754297,589.6397839243433,338.6090893246962,0.05
27.25801294107116,-7.055302850586405,1646.3270860094854,1009.6225861939412,4.501904143375789e-07,1009.6225857437507,504.81129287187537,504.8112933220658,306.6656986431569,0.15
28.87796971979204,-6.418856941851766,1646.5644266068111,1243.6265348995396,5.552650594306414e-07,1243.6265343442744,621.8132671721372,621.8132677274024,350.72284607106184,0.05
26.4190619327095,-7.335637522281649,1646.398887794629,951.5097099443786,4.650988654430291e-07,951.5097094792798,475.7548547396399,475.75485520473876,284.62334824655846,0.15
26.83410859059106,-7.231858808366991,1645.6081651710217,1138.700853906725,2.673111671296353e-07,1138.7008536394137,569.3504268197069,569.350427087018,297.8693738043365,0.05
27.580935334112347,-6.979692473524762,1645.1020240794348,1610.1335693844928,1.851464061545545e-07,1610.1335691993463,805.0667845996732,805.0667847848197,334.2315551763676,0.05
27.474839082683957,-7.000560292310289,1645.6222252078628,1257.2308932008048,2.776752724863376e-07,1257.2308929231294,628.6154464615647,628.61544673924,315.08494631682885,0.05
27.13645300263867,-7.148184038639305,1645.0559827922432,1633.3180086531856,1.741799044347839e-07,1633.3180084790058,816.6590042395029,816.6590044136827,331.51593603873334,0.05
27.3528144181046,-7.083627384069924,1644.673561707227,2356.994863400032,1.9497346054733653e-07,2356.9948632050587,1178.4974316025293,1178.4974317975027,393.19451340946273,0.05
27.638975008373,-6.974588570538995,1644.648713193199,2548.0017804843187,2.111769170389202e-07,2548.001780273142,1274.000890136571,1274.0008903477478,415.93841155087745,0.05
27.5068729503,-7.03526009694,1644.40811162,4162.029007712675,3.792216124447312e-07,4162.029007333453,2081.0145036667263,2081.0145040459483,590.1596661431845,0.05
27.693735562326022,-6.962921854114235,1644.3875425143144,4412.094557781976,4.156900815992294e-07,4412.094557366286,2206.047278683143,2206.047279098833,615.0258938358847,0.05
27.836272363560724,-6.900073070600532,1644.527078897078,2993.1287914370964,2.483561469426164e-07,2993.1287911887403,1496.5643955943701,1496.5643958427263,460.5914395750525,0.05
28.08356488074172,-6.749700160298071,1646.074204976847,1156.3169596636938,3.9386008218958057e-07,1156.3169592698337,578.1584796349168,578.1584800287769,323.51623553170396,0.05
28.15408227851229,-6.743164698329053,1645.2935464811244,1459.226575863191,2.1457549999286419e-07,1459.2265756486156,729.6132878243078,729.6132880388833,330.56578422366186,0.05
28.78468712903876,-6.47206367729482,1645.5626764339474,1391.1134441238655,2.9402713058477245e-07,1391.1134438298384,695.5567219149192,695.5567222089463,339.21458826429995,0.05
27.947268284849336,-6.860841162242751,1644.3603744659852,4541.042715835811,4.3047464351689786e-07,4541.042715405336,2270.521357702668,2270.5213581331427,637.5834977360231,0.05
28.66941669848558,-6.536932953770558,1644.8298209309642,1929.7136363322709,1.6642662518834786e-07,1929.7136361658443,964.8568180829221,964.8568182493487,361.624295630266,0.05
27.934778627927788,-6.847957077839174,1644.8437565262925,1962.8481841854637,1.728942052633888e-07,1962.8481840125694,981.4240920062847,981.424092179179,362.1075648365672,0.05
28.284494644227017,-6.707959723342606,1644.6856555231398,2202.344857151344,1.808910124624507e-07,2202.344856970453,1101.1724284852264,1101.1724286661176,383.69584346471987,0.05
28.0366298361208,-6.816890705123906,1644.544889419822,2876.5555695029648,2.398931664089576e-07,2876.5555692630714,1438.2777846315357,1438.277784871429,448.7008806117167,0.05
28.247595634820676,-6.735486502712445,1644.3294192088024,3947.867333979362,3.66105174674898e-07,3947.8673336132565,1973.9336668066283,1973.9336671727335,564.7714313046292,0.05
28.5537867021,-6.6021859888600005,1644.29926926,3866.925290708776,3.56136154170475e-07,3866.92529035264,1933.46264517632,1933.4626455324562,556.1274078863465,0.05
24.875391734782237,-7.728225678519791,1645.0559080326916,1852.8414369454963,2.294319186373231e-07,1852.8414367160644,926.4207183580322,926.4207185874641,323.4489296234149,0.05
24.5729352525,-7.76132591695,1644.8360662,3671.228796695626,4.776415267151461e-07,3671.2287962179844,1835.6143981089922,1835.6143985866338,521.3513171725966,0.05
24.973045993539337,-7.716325516810447,1644.7640869788313,3331.092230870848,4.0783876823266233e-07,3331.0922304630094,1665.5461152315047,1665.5461156393435,483.85962596794246,0.05
24.98345352106557,-7.709483030707034,1645.383251738663,1220.6253376949992,2.258883364006709e-07,1220.625337469111,610.3126687345555,610.3126689604437,269.2527920162864,0.05
25.293124869540573,-7.660359448514578,1645.0565943813583,1897.199316926368,2.2806319032630922e-07,1897.1993166983048,948.5996583491524,948.5996585772157,335.4662466032034,0.05
25.521420313293664,-7.620648001420203,1644.6740075763555,3415.0861148291656,3.852219353115418e-07,3415.0861144439436,1707.5430572219718,1707.5430576071938,494.81469534889584,0.05
25.4135387844346,-7.630785619365525,1645.375306542012,1197.8013151384498,2.1671579684981947e-07,1197.801314921734,598.900657460867,598.9006576775828,274.46868592215844,0.05
25.236058688768512,-7.655540535599933,1645.914775965258,805.1744985694507,3.411117696353724e-07,805.174498228339,402.5872491141695,402.58724945528127,247.88208274486252,0.15
25.50480505865048,-7.581723729974209,1646.5199320807974,884.8452422610245,5.019503387826916e-07,884.8452417590742,442.4226208795371,442.42262138148743,258.03546684837454,0.15
25.769657153541488,-7.5568786540991475,1645.0875932980312,1787.3804098382225,2.1048430084884898e-07,1787.3804096277381,893.6902048138691,893.6902050243534,328.9750994802418,0.05
26.172665371963205,-7.465890927996858,1644.5773993003502,3605.261879255002,3.687560844480742e-07,3605.261878886246,1802.630939443123,1802.630939811879,518.0038503877677,0.05
25.934105697501312,-7.498172309691072,1645.7187355054295,1004.1731753924164,2.812858487686283e-07,1004.1731751111306,502.0865875555653,502.0865878368511,275.10370600159973,0.05
26.55854307923881,-7.340956399447994,1645.030069285992,1876.0152022375064,1.9237537731630774e-07,1876.015202045131,938.0076010225655,938.0076012149409,347.6949284147456,0.05
26.75868948774956,-7.295121844511734,1644.49841009767,3743.5534932993,3.767406225014081e-07,3743.5534929225596,1871.7767464612798,1871.7767468380202,535.699976804376,0.05
26.999704805716743,-7.20819536044098,1644.716594794238,2410.7017930824395,2.0242923305714642e-07,2410.70179288001,1205.350896440005,1205.3508966424345,401.3469610278483,0.05
27.19498752938672,-7.14934777413447,1644.44430031636,4347.866633031809,4.032757636166805e-07,4347.866632628534,2173.933316314267,2173.9333167175423,608.2538458389414,0.05
27.5068729503,-7.03526009694,1644.40811162,4389.615470795448,3.907613817106598e-07,4389.615470404687,2194.8077352023433,2194.807735593105,616.3735813574489,0.05
27.924969297112924,12.551596434561745,1665.527748788208,2474.02689971427,6.283747297249697e-06,2474.0268934305227,1237.0134467152614,1237.0134529990085,519.500663404873,0.05
29.57788761404253,11.591272703585984,1665.5234024364763,3379.8877932112764,6.517210035064514e-06,3379.8877866940666,1689.9438933470333,1689.9438998642431,663.0238739879742,0.05
29.285996152248863,11.96687485178746,1664.1159074834852,3070.974947741263,5.926653286016744e-06,3070.97494181461,1535.487470907305,1535.487476833958,591.0698895153602,0.05
30.56422410760148,10.9595082286007,1664.8031007242998,4013.0171684276224,6.533839877574317e-06,4013.0171618937825,2006.5085809468912,2006.5085874807312,748.5547946859434,0.05
31.66704093665254,9.738159092735849,1665.4297174513151,4293.102133697507,7.201926030704455e-06,4293.102126495582,2146.551063247791,2146.5510704497165,796.3071007801656,0.05
27.5296027672,14.5686500697,1649.84979872,3002.9745843480005,7.959915159544682e-07,3002.974583552009,1501.4872917760044,1501.487292571996,368.81344859345484,0.05
27.89801616208092,14.32130597205068,1650.6363165114628,2286.349987105231,5.230850251138817e-07,2286.349986582146,1143.174993291073,1143.174993814158,316.7537334585376,0.05
28.126941052500005,14.3216609047,1649.6631350200005,2906.8738823731155,7.554420188064033e-07,2906.8738816176733,1453.4369408088367,1453.4369415642789,357.11402278248215,0.05
27.922335467818435,14.20918158651618,1651.57474453516,1087.339815743043,7.887174744763522e-07,1087.3398149543254,543.6699074771627,543.6699082658802,219.08366256525645,0.05
31.443256959413024,10.220519478535616,1663.9333925486194,4273.9460784154135,6.267852399529574e-06,4273.946072147561,2136.9730360737803,2136.973042341633,762.6856934647274,0.05
30.260250611127585,11.431533198452616,1663.0828746533048,3799.968534125701,5.647161009268475e-06,3799.96852847854,1899.98426423927,1899.9842698864309,680.509880738005,0.05
29.086182270309543,12.276762880278284,1662.678111733387,2915.5581027644075,5.2388784473511775e-06,2915.558097525529,1457.7790487627644,1457.779054001643,544.4257771429114,0.05
27.652936474441923,12.966775042812088,1663.4619990340238,2295.9222503837973,5.427995552112323e-06,2295.922244955802,1147.961122477901,1147.9611279058963,466.2948753709355,0.05
27.61722528581295,13.483918567463174,1659.42157129232,2217.9389904838213,3.7736324649851753e-06,2217.9389867101886,1108.9694933550943,1108.969497128727,403.8698502494805,0.05
28.166354520188086,12.98202191384813,1661.231984961317,2431.42911671012,4.5140659742083855e-06,2431.429112196054,1215.714556098027,1215.714560612093,455.3748044809064,0.05
29.76628751587576,11.99862163510922,1661.4482411648237,3297.461372128705,4.810203599565486e-06,3297.4613673185013,1648.7306836592506,1648.7306884694544,577.4037414107727,0.05
31.16143059121825,10.77653889480674,1662.1434197440874,4179.860875389796,5.392144817857039e-06,4179.860869997651,2089.9304349988256,2089.9304403909705,710.9282290675909,0.05
30.82240584150275,11.369434441245769,1660.1634095086022,3868.53728534937,4.449386382816332e-06,3868.5372808999837,1934.2686404499918,1934.2686448993782,626.476163163034,0.05
28.04751150836257,13.983045923510735,1653.0978714662074,1064.4190910734603,1.3335016015160993e-06,1064.4190897399587,532.2095448699794,532.209546203481,237.28377218083645,0.05
28.502906409593336,14.031125486271227,1650.681751570815,1553.3620645320952,5.626610813295085e-07,1553.362063969434,776.681031984717,776.6810325473782,249.94044751605253,0.05
28.99354360321676,13.605609188581724,1652.202006461405,895.5603761194201,1.1163278622574966e-06,895.5603750030922,447.7801875015461,447.780188617874,215.23664401073404,0.05
29.528668233460344,13.072763091786909,1654.1279745833497,1763.4245782188154,1.8767892424203e-06,1763.4245763420263,881.7122881710131,881.7122900478023,307.7092749675181,0.05
28.301560494807983,13.60332204773356,1655.342390277563,1860.51234985449,2.1959189451897096e-06,1860.512347658571,930.2561738292854,930.2561760252045,324.92410585839974,0.05
30.01130229180457,12.5182573907211,1656.1309231534724,2632.2677884512186,2.701561758271536e-06,2632.267785749657,1316.1338928748285,1316.1338955763902,409.73100192828514,0.05
27.81760213136257,13.581139752976329,1657.717852634509,2142.207193625776,3.058778434522789e-06,2142.2071905669977,1071.1035952834989,1071.1035983422773,376.57668299500443,0.05
30.4393677072546,11.952693626817751,1658.1451161301773,3308.213877106116,3.536074170660432e-06,3308.213873570042,1654.106936785021,1654.106940321095,516.5541782637357,0.05
28.945553009189886,12.79047828367492,1659.2275109518216,2634.6176439000437,3.803562982836969e-06,2634.617640096481,1317.3088200482405,1317.3088238518033,451.3709677247205,0.05
29.18181731758133,12.883235640282674,1657.3192461125554,2406.843971228504,3.056872227137245e-06,2406.843968171632,1203.421984085816,1203.421987142688,402.0756223571275,0.05
34.093104712430204,8.776037936113955,1647.1539958355615,3656.888374309646,3.475547027290302e-07,3656.8883739620915,1828.4441869810457,1828.4441873286005,443.6470115248884,0.05
34.12794026955816,8.686820933838153,1646.9928524695056,5186.873832566307,5.556696044388732e-07,5186.873832010638,2593.436916005319,2593.4369165609883,584.9508466963366,0.05
34.055756367968186,8.920042450482848,1647.0666809305535,4807.767958752444,5.375301308360562e-07,4807.767958214914,2403.883979107457,2403.8839796449874,542.6423461386752,0.05
34.136901157326875,8.633124834497407,1647.0874102499577,4236.652471085595,4.076524658355416e-07,4236.652470677942,2118.326235338971,2118.3262357466238,499.3690494303324,0.05
34.174403635400004,8.522217769960001,1646.94167934,5732.104413633208,5.935230412653314e-07,5732.104413039686,2866.052206519843,2866.0522071133655,643.973379415936,0.05
34.17312311413293,8.486304487965288,1647.1172673848776,3557.444002181684,3.100115011065127e-07,3557.4440018716723,1778.7220009358361,1778.7220012458479,441.140372762165,0.05
32.04077683521866,9.386725985232568,1664.3083617653065,4188.652200662439,6.509009564686276e-06,4188.652194153429,2094.3260970767146,2094.3261035857245,750.3065839441989,0.05
32.18773967623037,9.415199588354085,1662.744904020102,4203.1037637301215,5.886856296684347e-06,4203.103757843265,2101.5518789216326,2101.551884808489,714.4757365523061,0.05
32.65466311987864,8.295678359532527,1664.1999789906786,3396.233663748897,6.497611150540773e-06,3396.233657251286,1698.116828625643,1698.116835123254,613.7478653395054,0.05
32.99180927362932,7.61455359218619,1662.6816615680746,2707.097344912946,5.765006718318796e-06,2707.0973391479392,1353.5486695739696,1353.5486753389764,476.9612311263871,0.05
31.94059414271161,10.100391768211573,1660.8087902834145,4283.575669268535,5.017613893791775e-06,4283.575664250921,2141.7878321254607,2141.7878371430747,690.3683532330864,0.05
34.01920811552099,8.972625862093183,1647.3782835928116,2853.089510681721,2.74142053477166e-07,2853.089510407579,1426.5447552037895,1426.5447554779316,373.646247776595,0.05
33.93749897167711,9.256791175437067,1647.1762040053518,3960.3012081168513,4.887460402080488e-07,3960.301207628105,1980.1506038140526,1980.1506043027987,455.148596424784,0.05
34.1177454947637,8.653887137563904,1647.301013506872,2806.303297142212,2.499873715193348e-07,2806.303296892225,1403.1516484461124,1403.1516486960998,372.3545194288425,0.05
34.16979763410154,8.434414183607455,1647.3692103305357,2580.775695868673,2.302756548814414e-07,2580.7756956383973,1290.3878478191987,1290.3878480494745,363.8384434778596,0.05
33.85623922954399,9.391384803987313,1647.6305829400796,2497.9530549479464,2.8197893303390856e-07,2497.9530546659676,1248.9765273329838,1248.9765276149626,343.5733001866615,0.05
33.73673711381865,9.738124534308362,1647.3393594012357,3180.410756192517,4.769404006297631e-07,3180.4107557155767,1590.2053778577883,1590.2053783347287,373.49710651819635,0.05
33.96833031920912,9.04142140183265,1647.7714923449046,2079.792971669788,2.517094544663115e-07,2079.7929714180787,1039.8964857090393,1039.8964859607488,321.87439724660175,0.05
33.218355421701354,6.91465324486833,1661.4046470771132,1728.0081852353735,5.157306442971627e-06,1728.008180078067,864.0040900390335,864.00409519634,314.4895692328193,0.05
32.81402455645269,8.426626380135605,1661.3726957522724,3424.7718173225358,5.315348917530033e-06,3424.771812007187,1712.3859060035934,1712.3859113189424,564.2930993505979,0.05
29.015341744560505,13.866632089945954,1649.940788269353,2100.2167225207622,5.166506097240641e-07,2100.2167220041115,1050.1083610020557,1050.1083615187065,290.02682308516955,0.05
28.126941052500005,14.3216609047,1649.6631350200005,3016.609069844616,7.899010878380812e-07,3016.609069054715,1508.3045345273574,1508.3045353172586,367.85192053760784,0.05
29.04844164750537,13.918192614788031,1649.3695150638166,2404.7178466541573,7.293113039336636e-07,2404.7178459248457,1202.3589229624229,1202.3589236917344,304.7670476845037,0.05
30.61345143197725,12.602772742143516,1652.5817638280275,1499.821029991988,1.4356073802297276e-06,1499.8210285563807,749.9105142781904,749.9105157137977,278.09359747114786,0.05
32.24011238855616,11.726459326710325,1649.1785312946918,1319.8819073959903,4.796508276040263e-07,1319.8819069163394,659.9409534581697,659.9409539378206,234.05479877691397,0.05
32.7430861209128,11.31500081795398,1647.9438261471057,1931.297182287142,4.886255688275668e-07,1931.2971817985165,965.6485908992582,965.6485913878838,248.5704940481661,0.05
31.67161728459305,12.362823873951095,1648.4311195338646,1738.963604484892,5.617695146380124e-07,1738.9636039231225,869.4818019615612,869.4818025233307,227.92184662927025,0.05
29.909221448804526,13.267071476979234,1650.9098214762305,929.075456193598,7.57600956784906e-07,929.0754554359971,464.53772771799856,464.53772847559947,201.39666948067688,0.05
30.934141966778487,12.78182297294022,1649.6363566309212,1318.4828079710344,5.204675516906677e-07,1318.482807450567,659.2414037252835,659.2414042457509,225.04712324585196,0.05
30.270163945607614,13.301684649686338,1648.959668787695,1919.302707796228,6.339806192592877e-07,1919.3027071622475,959.6513535811238,959.6513542151043,249.14412551337412,0.05
29.81977713323469,13.457147284556887,1649.8161416560777,1705.146694240848,5.01376301959859e-07,1705.1466937394719,852.5733468697359,852.5733473711122,252.3298127980184,0.05
33.14821160105196,7.535766516251174,1660.3654576253964,2291.2221937704503,4.778317447315064e-06,2291.222188992133,1145.6110944960665,1145.6110992743838,386.7379483882624,0.05
33.35905259810506,6.2685195272755525,1660.5787976781228,779.3296889708664,4.649027488360622e-06,779.329684321839,389.6648421609195,389.66484680994694,209.77967002134235,0.15
32.7672620916036,8.863751764868036,1659.9068271859062,3625.790045320565,4.662117695143971e-06,3625.790040658447,1812.8950203292236,1812.8950249913412,572.1132845041868,0.05
33.102407209561825,10.728566145978595,1648.551489397675,1722.515108086822,3.824066196294607e-07,1722.5151077044154,861.2575538522077,861.2575542346143,277.9912802992277,0.05
33.38278247871983,10.412415343519498,1647.583063084279,2520.436938515289,5.073943920989821e-07,2520.4369380078947,1260.2184690039473,1260.2184695113417,303.13150313116734,0.05
33.59002918758693,9.946038275120776,1648.0067231422634,2227.9638326059,3.146285525312442e-07,2227.963832291271,1113.9819161456355,1113.9819164602643,320.8466521649787,0.05
33.83338033891973,9.326872561420563,1648.2062964333352,1749.8905365321823,3.321188163179536e-07,1749.8905362000635,874.9452681000317,874.9452684321506,300.4938962166586,0.05
31.919901879174013,10.498368706269185,1658.6483659316086,4195.6720865545685,4.085447163663633e-06,4195.672082469121,2097.8360412345605,2097.836045320008,633.8502716420012,0.05
34.09106367012738,8.680361965672773,1647.5810421156857,2278.403829970204,2.394877540375985e-07,2278.403829730716,1139.201914865358,1139.2019151048457,340.2258509059091,0.05
34.16203377999144,8.357604059747176,1647.7387331896252,1982.712157561117,2.6448387481326346e-07,1982.7121572966332,991.3560786483166,991.3560789128004,330.10052037795543,0.05
34.02734469331674,8.768328760695326,1648.0808740565917,1697.207668899692,3.215541920277783e-07,1697.2076685781378,848.6038342890689,848.603834610623,308.292281992413,0.05
33.15549188396732,7.813775920961126,1659.3322669001702,2540.74674587535,4.315560346576075e-06,2540.7467415597894,1270.3733707798947,1270.3733750954552,411.20586648478246,0.05
32.89023305812172,10.872148393026263,1649.587193751597,1234.5849295487428,6.437295023747805e-07,1234.5849289050134,617.2924644525067,617.2924650962361,256.63715920753253,0.05
31.595189886868173,11.244538628158187,1656.330449743955,3551.2294078498994,3.0328459226201945e-06,3551.2294048170534,1775.6147024085267,1775.6147054413727,516.55893956572,0.05
31.12401164160744,11.950827000716384,1654.4910452471486,2643.949971092829,2.2302951354892707e-06,2643.9499688625338,1321.9749844312669,1321.974986661562,395.7030246395459,0.05
31.899674535594627,11.489828701828042,1652.9666675957203,2267.206322566956,1.7711543786739945e-06,2267.2063207958013,1133.6031603979006,1133.6031621690552,355.74689451820797,0.05
31.91257712813679,11.805783835466148,1650.879444608102,1235.0379953506367,9.656058048434614e-07,1235.037994385031,617.5189971925155,617.5189981581212,245.4333982505527,0.05
33.329315399902114,6.801966038622644,1659.6657049704197,1292.38740892211,4.309939515943433e-06,1292.3874046121705,646.1937023060852,646.1937066160247,260.8664580076554,0.05
33.45631080890092,5.622373841910109,1660.09207369,822.632310427831,4.362433933474075e-06,822.6323060653971,411.31615303269854,411.3161573951325,210.14213635985493,0.15
32.98777780743586,8.692503290254113,1658.2713233043162,3251.357949128634,3.982447258760544e-06,3251.357945146187,1625.6789725730935,1625.6789765555407,495.07358430891946,0.05
33.51978646538867,9.87666268273624,1649.092560641339,1351.7935318136117,5.354972339901299e-07,1351.7935312781144,675.8967656390572,675.8967661745545,277.658576390509,0.05
33.936589206299125,8.863849378649954,1648.7871170706042,1324.4033598508645,5.15845267247918e-07,1324.4033593350193,662.2016796675097,662.2016801833548,290.35120307516866,0.05
33.133781137899085,10.28887741340303,1650.6433136786763,1581.6695651658483,1.0405000749255886e-06,1581.6695641253482,790.8347820626741,790.8347831031742,300.2111399891621,0.05
32.85573358864348,10.424967597929037,1652.2209276219496,2208.2604529521554,1.5672461408337465e-06,2208.260451384909,1104.1302256924546,1104.1302272597009,359.12110085172037,0.05
32.73130105883013,9.697019181905777,1656.5528532749804,3594.232346869565,3.3322783605304875e-06,3594.2323435372864,1797.1161717686432,1797.1161751009217,524.197560103417,0.05
32.58158861120414,10.428532541227083,1654.274930924663,3157.748428822918,2.355531976477309e-06,3157.748426467386,1578.874213233693,1578.874215589225,452.2166745878154,0.05
34.14528469994778,8.243642217882345,1648.2806306641237,1476.442376881403,3.987430119780009e-07,1476.4423764826602,738.2211882413301,738.221188640073,306.4742508540316,0.05
33.33645103204648,7.252880108817604,1658.4518992591643,1721.8224206809311,3.7958225450512206e-06,1721.8224168851086,860.9112084425543,860.9112122383768,319.26534584419113,0.05
33.48000128680778,5.819596207076543,1659.2017366256755,824.8720357494308,3.99937751117652e-06,824.8720317500532,412.4360158750266,412.43601987440417,216.1835731195712,0.15
33.38528118153399,7.68093990158104,1656.8790275406182,2043.09146947129,3.361897723109276e-06,2043.0914661093923,1021.5457330546961,1021.545736416594,349.41967091761916,0.05
33.81192071468983,8.942456860689028,1649.7961848049763,1199.6825783111433,8.22913988339155e-07,1199.6825774882293,599.8412887441146,599.8412895670286,289.7239404518286,0.05
34.111399169129065,8.074195846844205,1649.0751494745498,1054.462455258811,6.536235961747463e-07,1054.4624546051873,527.2312273025937,527.2312279562173,286.15101328451215,0.05
33.64720813526072,8.96246239974569,1651.2528118197235,1702.0815846619496,1.327244238480835e-06,1702.0815833347053,851.0407916673527,851.0407929945969,330.4053237797505,0.05
33.46889263581676,8.88125842766304,1653.0675956551324,2229.615273304902,1.960811128436366e-06,2229.615271344091,1114.8076356720455,1114.8076376328565,367.2763648183237,0.05
33.438478518076295,8.186393663842647,1655.1630305475878,2364.117228770863,2.7350544010242835e-06,2364.117226035809,1182.0586130179045,1182.0586157529588,376.65338926799245,0.05
33.531420413499006,6.104308872155832,1657.9248303931397,832.9846422179894,3.524569293349235e-06,832.9846386934202,416.4923193467101,416.4923228712793,212.1551676310768,0.15
33.63321819749905,6.512228994671182,1656.1066629427,948.8841079472209,2.939560611303077e-06,948.8841050076602,474.4420525038301,474.44205544339076,245.54082839717583,0.05
33.93121543727614,7.447783370648375,1651.9346904247398,1199.9263970022369,1.5481573539643032e-06,1199.9263954540795,599.9631977270398,599.9631992751971,294.43490690543393,0.05
33.77993387148224,6.989084450755017,1653.985975374061,1240.9253836377827,2.2283790026441507e-06,1240.9253814094038,620.4626907047019,620.4626929330808,284.0467433560654,0.05
34.04642717095409,7.821748996313825,1650.2395198874206,1021.6712362303828,1.013640712816368e-06,1021.671235216742,510.835617608371,510.83561862201174,286.9320226590467,0.15
30.9902827426301,-5.18461386581246,1644.1492391260408,3370.361400368945,4.1730382265353113e-07,3370.361399951641,1685.1806999758205,1685.1807003931244,477.36186346159724,0.05
31.161473304600005,-5.0549649451,1644.14627319,3409.673179783954,4.632654352721572e-07,3409.6731793206886,1704.8365896603443,1704.8365901236095,486.4531134337331,0.05
30.85658382412352,-5.2859430780339896,1644.3542288467647,2025.7589790174104,2.0474280736519046e-07,2025.7589788126677,1012.8794894063338,1012.8794896110766,337.71596786224603,0.05
30.729806731403475,-5.372758190360849,1644.1560521676038,3148.317491461893,3.769984269660687e-07,3148.3174910848948,1574.1587455424474,1574.1587459194457,466.81046399488383,0.05
30.53817303949108,-5.5089076420344885,1644.5682067282964,1996.5241535993428,1.8235892998167795e-07,1996.5241534169838,998.2620767084919,998.2620768908508,355.13154892166256,0.05
30.329389708499157,-5.64102540439624,1644.171807163378,2972.2510925819765,3.462804682819849e-07,2972.251092235696,1486.125546117848,1486.1255464641285,448.965598933242,0.05
29.416447387469464,-6.168039640798069,1646.74691797443,1282.6354786382108,6.254407256740921e-07,1282.6354780127701,641.3177390063851,641.3177396318257,359.52626539897665,0.05
29.966629498005844,-5.8653878687017285,1644.5683517540845,2098.034077321013,1.844183728543726e-07,2098.0340771365945,1049.0170385682973,1049.0170387527155,366.4838750804507,0.05
30.007532735049693,-5.843323022900084,1645.1032596000034,1593.992932386203,2.179930856378696e-07,1593.9929321682098,796.9964660841049,796.996466302098,343.34411572296375,0.05
29.71481817880808,-6.011607066455617,1644.2063745266792,3119.5148148048797,3.385618057602907e-07,3119.514814466318,1559.757407233159,1559.7574075717207,471.84231511002645,0.05
29.5018926212991,-6.12137069707104,1645.9244585818062,1316.0362418552495,3.92234778988989e-07,1316.0362414630147,658.0181207315073,658.0181211237422,344.67880745912714,0.05
29.59382313963319,-6.076875813822146,1644.6338668618191,2130.804656700915,1.8238363485145213e-07,2130.8046565185314,1065.4023282592657,1065.4023284416494,375.70988471750013,0.05
29.26160571443028,-6.24918164373611,1645.099183084048,1656.8079578078316,2.076304016921809e-07,1656.8079576002012,828.4039788001006,828.403979007731,347.2092552013805,0.05
29.057443183877915,-6.363817850115102,1644.254476427554,3273.3436485838624,3.210037435289989e-07,3273.3436482628586,1636.6718241314293,1636.6718244524332,485.36349269257954,0.05
28.5537867021,-6.6021859888600005,1644.29926926,3717.045281736568,3.43585220837413e-07,3717.045281392983,1858.5226406964914,1858.5226410400767,537.2914444026062,0.05
33.66205024790359,-2.054288326130801,1665.3004024898662,1813.880915509899,7.460318521711332e-06,1813.8809080495805,906.9404540247903,906.9404614851088,382.96238310667735,0.05
33.51121450988856,-3.049193165702268,1663.9124147494176,3371.806484000056,7.831896706734355e-06,3371.8064761681594,1685.9032380840797,1685.9032459159764,650.7475769516212,0.05
33.67612894999408,-1.560584415848382,1663.501497315012,1375.722326384415,6.487190790922818e-06,1375.7223198972242,687.8611599486121,687.8611664358029,302.1109339301226,0.05
31.402778723107733,-5.84352083042006,1664.5868710527002,2672.714666591339,6.955904697112252e-06,2672.7146596354346,1336.3573298177173,1336.357336773622,552.9870037889013,0.05
32.616798236475866,-4.6548868594848045,1663.6516295257493,3801.22602195284,7.528046136177986e-06,3801.2260144247934,1900.6130072123967,1900.613014740443,735.0852988002763,0.05
33.22474550035419,-3.6751195094596896,1662.6152951072297,3753.377286847473,7.404691955864773e-06,3753.377279442781,1876.6886397213905,1876.6886471260825,705.512475806177,0.05
33.61349614548232,-2.4412778621265163,1662.4235144228126,2750.9521186144107,6.803769168188478e-06,2750.9521118106413,1375.4760559053207,1375.47606270909,526.191355564376,0.05
33.69713266620113,-1.1307300253300665,1661.9608749600002,1139.2407646950735,5.730194034477657e-06,1139.2407589648794,569.6203794824397,569.6203852126338,273.58258732426884,0.05
33.288856030330514,-3.4539651085754555,1661.6874685557032,3774.542391735875,6.915507168972498e-06,3774.5423848203677,1887.2711924101839,1887.271199325691,692.3730711090624,0.05
31.529813916055296,-5.502560999366335,1662.4287526530345,2769.5540681386665,5.979380876586586e-06,2769.5540621592854,1384.7770310796427,1384.7770370590238,552.7398465944627,0.05
32.51815847266506,-4.556940898943347,1661.730810757565,3676.347910024384,6.444080320083664e-06,3676.347903580304,1838.173951790152,1838.173958234232,686.4932162815675,0.05
33.60388792837806,-2.4207546814705925,1660.8027122055237,3030.8488775698406,6.179009074408481e-06,3030.8488713908314,1515.4244356954157,1515.424441874425,552.4007072220439,0.05
33.738239493849065,-1.136465772274048,1660.208736485116,1454.3978352876686,5.125126621267538e-06,1454.397830162542,727.198915081271,727.1989202063976,314.9039469430554,0.05
32.83841927253853,-4.016669614310118,1659.8722905288553,3879.369099330369,5.886770727060412e-06,3879.369093443598,1939.684546721799,1939.68455260857,685.2976898567046,0.05
31.75150922638781,-5.132834974211743,1660.482699710819,2967.84791908714,5.343755295380055e-06,2967.8479137433847,1483.9239568716923,1483.9239622154475,565.589132284913,0.05
33.565744602997874,-2.486463275879605,1658.736218461073,3246.3172457643177,5.124446313030435e-06,3246.317240639871,1623.1586203199356,1623.158625444382,562.3111880871667,0.05
33.78864907712125,-1.1525398872662365,1658.1272159297878,1939.2882574346572,4.4210435030648425e-06,1939.2882530136137,969.6441265068069,969.6441309278504,378.1692868293727,0.05
32.90183194684452,-3.776626400154929,1657.8183484348497,3723.6081054556553,4.794019282339652e-06,3723.608100661636,1861.804050330818,1861.8040551248373,626.4197355169894,0.05
31.99536495500345,-4.730951310860366,1658.0710454218988,3025.1461864756125,4.4977601035458045e-06,3025.1461819778524,1512.5730909889262,1512.5730954866863,542.153268909101,0.05
33.57809367910812,-2.310031356969719,1654.3794314445818,3246.883038450165,3.392455821378804e-06,3246.883035057709,1623.4415175288545,1623.4415209213103,516.0236968881482,0.05
33.85361451567214,-1.2833946953526882,1653.7547119255844,2500.1162428700623,2.839925598294328e-06,2500.116240030137,1250.0581200150684,1250.0581228549938,432.22152779599725,0.05
33.83134893224636,-1.196502716644697,1655.944161466697,2337.868995992824,3.5975417263989257e-06,2337.868992395282,1168.934496197641,1168.9344997951828,415.18304198407156,0.05
33.40966677834804,-2.7960255117947286,1656.10136873332,3624.513103761154,4.140964581191693e-06,3624.5130996201897,1812.2565498100948,1812.2565539510592,576.6122698847774,0.05
32.33131417754607,-4.285297359703376,1655.772863946617,3150.563011446397,3.761351880501208e-06,3150.5630076850452,1575.2815038425226,1575.2815076038744,530.1673659965679,0.05
33.48184937271663,-2.5114355909743296,1652.3570265090673,3087.888457313494,2.570651016915461e-06,3087.8884547428434,1543.9442273714217,1543.9442299420725,485.2009265162056,0.05
33.84605363595623,-1.4269934039243286,1651.565419085038,2449.7476052377374,2.0779665208523527e-06,2449.7476031597707,1224.8738015798854,1224.873803657852,432.38065899902375,0.05
32.92493963641325,-3.537894156710782,1654.058089202534,3401.6235731711204,3.2236329929941488e-06,3401.6235699474873,1700.8117849737437,1700.8117881973767,532.3660482959385,0.05
33.39838747034243,-2.640864370102641,1650.137264811456,2544.841691398348,1.685175846818992e-06,2544.841689713172,1272.420844856586,1272.4208465417619,441.8718002643044,0.05
33.79393683211686,-1.6411098156594166,1649.381328068899,2161.3250400716056,1.3300147081608418e-06,2161.325038741591,1080.6625193707955,1080.66252070081,417.69280195128545,0.05
33.32682557059999,-2.55812403919,1644.32479657,1709.469312010313,3.2219064185327695e-07,1709.4693116881224,854.7346558440612,854.7346561662517,246.4090523229797,0.05
33.12986725831865,-2.963791242394218,1645.0552075467724,1487.4834260106948,2.311415315542069e-07,1487.4834257795533,743.7417128897766,743.7417131209181,283.9552627740358,0.05
32.947229148598645,-3.209668416096661,1644.2395922920075,1818.7429683991736,3.0659674403094174e-07,1818.7429680925768,909.3714840462884,909.3714843528852,262.8246062975433,0.05
33.50109668214229,-2.2737752508760924,1645.4817245387087,1569.8174295142417,3.021298811734701e-07,1569.8174292121118,784.9087146060559,784.9087149081857,315.4485936250846,0.05
32.79656863938147,-3.460392653031691,1644.8756008051698,1447.116572252439,1.887428780517484e-07,1447.1165720636961,723.5582860318481,723.558286220591,282.43570484189024,0.05
32.5264415542,-3.77241384733,1644.1853514500003,2114.407210443481,2.929128288369666e-07,2114.407210150568,1057.203605075284,1057.2036053681968,290.4116935269061,0.05
32.82487965856475,-3.586001742527626,1651.7798128055854,2858.605508389615,2.279783173763996e-06,2858.605506109832,1429.302753054916,1429.302755334699,467.6006254997085,0.05
33.188076057088686,-2.9191896419500845,1646.2628735833289,1301.3113807048258,4.86818894965145e-07,1301.311380218007,650.6556901090034,650.6556905958223,332.0059456875254,0.05
33.67331882946639,-1.9434459663236765,1647.21469958673,1501.464917889076,6.80982232909949e-07,1501.4649172080938,750.7324586040469,750.7324592850292,352.2335139427116,0.05
33.29659873606206,-2.782585235432349,1647.9717918054157,1717.744815254701,9.949189324025423e-07,1717.744814259782,858.872407129891,858.87240812481,378.5067953677623,0.05
32.72142681874234,-3.660517883653393,1649.5419039886613,2150.685766413395,1.550423189186454e-06,2150.6857648629716,1075.3428824314858,1075.3428839819092,421.8874449163839,0.05
32.73704315591686,-3.5921090286018185,1646.7648696319186,1267.834978851046,6.553278903496735e-07,1267.834978195718,633.917489097859,633.9174897531869,355.33288654877566,0.05
32.80246614664718,-3.478753516330188,1645.619565675346,1291.369786666705,3.473529144065055e-07,1291.3697863193522,645.6848931596761,645.684893507029,316.8092101711467,0.05
32.78908786116562,7.823242142982502,1665.195389499335,2977.316558989838,6.994113762857455e-06,2977.3165519957242,1488.6582759978621,1488.658282991976,559.4159859302359,0.05
33.130292452565044,6.865459782361511,1664.0089267943397,1972.1887772009773,6.2310498490682455e-06,1972.1887709699274,986.0943854849637,986.0943917160135,384.77136406789106,0.05
33.27961959674877,6.3164544201506025,1662.6408006608765,1242.4694876907895,5.5229164156236365e-06,1242.4694821678731,621.2347410839366,621.2347466068529,265.15347729624483,0.05
33.35599540706693,6.048154278841458,1661.4359855522534,826.0472919042119,4.992867634340127e-06,826.0472869113443,413.02364345567213,413.02364844853975,218.6052002057985,0.05
33.44402210117344,5.435187035986382,1660.942774333083,812.893301389583,4.772353641771663e-06,812.8932966172293,406.44664830861467,406.44665308096836,207.07275861292771,0.15
33.470955079096925,4.808220300247331,1663.8532502834423,818.7181105196935,6.004154362610509e-06,818.7181045155392,409.3590522577696,409.3590582619239,227.01260530764512,0.15
33.44313739299311,5.168921200136915,1662.1654036019704,823.9299504019706,5.236525585421317e-06,823.929945165445,411.9649725827225,411.9649778192481,219.85947193730067,0.15
33.502303552738375,4.985257335848378,1660.4433890603143,884.628559000362,4.506331536524016e-06,884.6285544940305,442.31427724701524,442.31428175334673,240.5811805784969,0.15
33.52417582713922,4.973460591084585,1659.8991447412045,891.0458127595034,4.238322935633611e-06,891.0458085211804,445.5229042605902,445.5229084989132,253.24131554820391,0.15
33.54897612135491,4.41678571984729,1660.3620481482403,1140.3992122741524,4.434794733437752e-06,1140.3992078393576,570.1996039196788,570.1996083544736,296.82034204685897,0.05
33.527325590156174,4.409008681502361,1661.1426287377449,1153.2016282704965,4.782126533726476e-06,1153.20162348837,576.600811744185,576.6008165263115,300.90783872360873,0.05
33.55039417527828,3.781063535530016,1662.4456736342358,1262.3138789948148,5.241745200216407e-06,1262.3138737530696,631.1569368765348,631.15694211828,322.3336321257492,0.05
33.61210606619697,2.675742764426679,1664.2213380411283,1483.7179756898274,5.987610409147582e-06,1483.717969702217,741.8589848511085,741.8589908387189,357.675727961155,0.05
33.66781761041553,0.8175532260050526,1665.2992772490577,1304.235151963744,6.44593402873854e-06,1304.23514551781,652.117572758905,652.1175792048391,323.0264031809392,0.05
33.66921902714219,-0.5201009978503636,1664.3917791030472,752.2163592607432,6.273257114051016e-06,752.2163529874861,376.10817649374303,376.10818276700013,224.73884608256955,0.05
33.57660278806155,3.869873630016383,1660.6042652648027,1375.9858604160052,4.4987478669249824e-06,1375.9858559172574,687.9929279586287,687.9929324573765,331.8821738316744,0.05
33.58163275617455,4.1754210809538215,1659.923974407625,1307.2518506387216,4.232140017365836e-06,1307.2518464065815,653.6259232032908,653.6259274354309,322.3672795182101,0.05
33.58977708171064,3.323564380814937,1661.2500243852658,1515.2835405863973,4.752912959309474e-06,1515.2835358334844,757.6417679167422,757.6417726696551,351.83490490191247,0.05
33.625052343271705,2.0238543089481484,1662.307129129185,1587.001582110321,5.1855968903176445e-06,1587.001576924724,793.500788462362,793.5007936479589,364.13028704129243,0.05
33.649042198906145,0.825844475998615,1663.380065322134,1255.2507254966392,5.677387574294056e-06,1255.2507198192516,627.6253599096258,627.6253655870134,311.5846966781669,0.05
33.67348247102531,-0.5465083651985186,1663.0983750723162,668.0059463528213,5.793469268958583e-06,668.005940559352,334.002970279676,334.0029760731453,206.7490820957184,0.15
33.62968827091394,3.134530144876786,1660.206438680858,1595.732659224994,4.374755471129914e-06,1595.7326548502385,797.8663274251193,797.8663317998747,358.38589493279477,0.05
33.66554320323378,1.812080655725928,1660.749301860748,1515.3794912448218,4.575371969011244e-06,1515.3794866694498,757.6897433347249,757.6897479100969,351.5762537510906,0.05
33.689104670083175,0.2698269210579257,1661.4150214916554,880.3604664718576,5.018648897486553e-06,880.3604614532087,440.18023072660435,440.1802357452533,255.54269773035804,0.05
34.19994500755483,8.425923047798461,1646.9120808714706,5767.521099208581,5.868899593354584e-07,5767.521098621692,2883.760549310846,2883.7605498977355,644.8149720866885,0.05
34.174403635400004,8.522217769960001,1646.94167934,5328.224508929198,5.498490678234579e-07,5328.22450837935,2664.112254189675,2664.1122547395235,597.766936482995,0.05
34.19240133016286,8.436566048028528,1646.9995195793051,4476.991101213246,4.229822959930886e-07,4476.991100790264,2238.495550395132,2238.495550818114,523.5000393952212,0.05
34.2203505897104,8.310649112498039,1647.0305743950523,3924.349762545651,3.42071148912802e-07,3924.34976220358,1962.17488110179,1962.174881443861,477.0907462602311,0.05
34.2410177228218,8.261167052085003,1646.8619934181966,5691.37373680234,5.558488689148049e-07,5691.373736246492,2845.686868123246,2845.6868686790945,639.4065119840982,0.05
34.26844527451302,8.086482075921163,1647.040092818199,3470.921259776564,2.803343737593009e-07,3470.9212594962296,1735.4606297481148,1735.4606300284493,439.30557851747267,0.05
34.29478899450527,8.024022593731845,1646.7910055009054,5292.959280030959,5.043326238888895e-07,5292.959279526626,2646.479639763313,2646.479640267646,599.2921902065793,0.05
34.22430217304884,8.247685938320895,1647.2002028430288,2838.119987146821,2.3462341964165658e-07,2838.119986912198,1419.059993456099,1419.0599936907222,382.47118294138306,0.05
34.283077069948746,7.950187229458423,1647.2452371576453,2663.390033609616,2.2021617080043565e-07,2663.3900333894,1331.6950166947,1331.6950169149159,380.12928562066907,0.05
34.33090957270133,7.755092867651107,1647.0460932282035,3217.433841885752,2.481031845669268e-07,3217.4338416376486,1608.7169208188243,1608.7169210669276,425.46508594691886,0.05
34.3637486282205,7.674865818567299,1646.6886070286366,5379.434678373415,4.645110146095089e-07,5379.434677908905,2689.7173389544523,2689.717339418963,615.5421061433017,0.05
34.24357824303467,8.060341619883278,1647.5127127330616,2256.479729081316,2.377365270512938e-07,2256.4797288435793,1128.2398644217897,1128.2398646595261,352.89904796471353,0.05
34.403711132329185,7.29771475109721,1647.020880910099,2980.621396241153,2.208432852071366e-07,2980.6213960203095,1490.3106980101547,1490.3106982309982,413.76149670846826,0.05
34.44642687632627,7.160355725247972,1646.541647364489,4817.970736120136,4.0989046957201917e-07,4817.970735710246,2408.985367855123,2408.985368265013,562.8560157341634,0.05
34.32168540699368,7.663826757544212,1647.4422910841108,2295.209909883362,2.434860519452704e-07,2295.209909639876,1147.604954819938,1147.6049550634239,362.53786512946243,0.05
34.25434048524257,7.861480838914111,1647.896238059548,1764.2080874615194,3.2336429250195666e-07,1764.2080871381552,882.1040435690776,882.1040438924418,328.12646657661213,0.05
33.5292554609671,5.2178893438064256,1659.347619268557,881.8118894823214,4.046504181367096e-06,881.8118854358172,440.9059427179086,440.90594676441276,236.3415734493269,0.15
34.42102286295467,6.973589337260068,1647.4148719837794,2200.53722987077,2.693745342758559e-07,2200.537229601395,1100.2686148006976,1100.2686150700722,367.30909658987395,0.05
34.48407469234452,6.624867246796543,1646.9847283713405,2992.0398118452545,2.460458003391364e-07,2992.039811599209,1496.0199057996044,1496.01990604565,428.2493917751638,0.05
34.53458142803477,6.402129801341255,1646.3320833316145,4875.954518284251,4.299746228857049e-07,4875.954517854277,2437.9772589271383,2437.977259357113,570.3582959599538,0.05
34.37019147788551,7.097275506863714,1647.9260545890725,1610.166845986592,3.767197809115146e-07,1610.1668456098723,805.0834228049362,805.0834231816559,328.7771147570762,0.05
34.26977717790525,7.472957655754909,1648.523107306194,1133.1382854395792,5.149763807944749e-07,1133.1382849246029,566.5691424623014,566.5691429772778,295.48147111287835,0.05
33.60396886853636,4.422645162581822,1659.0946952633626,1173.711270246077,3.931907801112127e-06,1173.7112663141693,586.8556331570846,586.8556370889924,303.97490684707475,0.05
33.595789771760984,5.200024899526698,1658.2332127892564,884.8973911333483,3.580420904443241e-06,884.8973875529274,442.4486937764637,442.44869735688457,250.81849218432737,0.15
33.68152706315427,3.275166433472719,1658.9475491830958,1423.4560696106848,3.9091514975617695e-06,1423.4560657015334,711.7280328507667,711.7280367599182,335.94530051699866,0.05
34.26512220741615,6.957286011351928,1649.3736642269164,1026.4838196972407,7.684726295038685e-07,1026.4838189287682,513.2419094643841,513.2419102328566,270.47965089181673,0.15
34.46286270474953,6.348681899996252,1647.7211333489035,1668.7113372130163,3.634867621964745e-07,1668.7113368495295,834.3556684247648,834.3556687882516,340.2328918323782,0.05
34.55420927397871,5.661869724442247,1646.951725780025,2854.8239819651244,2.863340841313869e-07,2854.8239816787905,1427.4119908393952,1427.4119911257292,432.3611280931509,0.05
34.606133691872785,5.285910049704384,1646.0357531993286,4368.921511901775,4.2472144986971995e-07,4368.921511477054,2184.460755738527,2184.4607561632483,515.4302141199036,0.05
34.39058052028843,6.437428310356542,1648.576244363434,993.5382017746718,5.689383118582189e-07,993.5382012057336,496.7691006028668,496.76910117180506,289.65933332178867,0.15
33.7094282226977,5.193268034383021,1656.7100402196463,930.3029881025222,3.101724029019016e-06,930.3029850007982,465.1514925003991,465.15149560212313,258.09309340166465,0.15
33.75299439365752,3.8299236759717674,1657.3664833141493,1269.519675567352,3.351910194775537e-06,1269.5196722154417,634.7598361077208,634.759839459631,316.55377584434876,0.05
33.74615876391223,1.709920639621536,1658.9995765341691,1346.9806292773412,4.017188673228936e-06,1346.9806252601525,673.4903126300762,673.490316647265,329.1290370012272,0.05
33.80732035817704,2.3665441044749187,1657.599154289997,1245.0720923347776,3.490173973780252e-06,1245.0720888446037,622.5360444223019,622.5360479124757,319.20667212918676,0.05
34.19818933167637,6.342333408057497,1650.7423850079688,1033.0697470448092,1.2173608382157425e-06,1033.0697458274483,516.5348729137241,516.5348741310851,265.6031412339085,0.15
33.89356851611621,5.2124433548510645,1654.6578114086233,978.2254131157346,2.4591631368899265e-06,978.2254106565714,489.1127053282857,489.11270778744887,268.3243274071774,0.15
34.07242901160804,5.652851930471244,1652.5468703995057,1004.1077343909756,1.770473936805601e-06,1004.1077326205017,502.05386631025084,502.0538680807247,276.2729937573716,0.15
34.36231544854076,5.623803169659427,1649.618304512054,1034.5909579438908,9.13183867569446e-07,1034.590957030707,517.2954785153535,517.2954794285373,274.6829335399761,0.15
34.49390454626037,5.174101490170453,1648.2494519963884,1241.586129658535,5.621762121418987e-07,1241.5861290963587,620.7930645481794,620.7930651103555,326.92267355704683,0.05
34.58415453721944,4.31520546963948,1646.9034019816606,2688.0296611740746,3.458957020396903e-07,2688.0296608281787,1344.0148304140894,1344.0148307599852,432.7501428366663,0.05
34.60999683198743,3.7066451682074426,1645.63693154435,4074.3189967720914,3.85094939962826e-07,4074.3189963869963,2037.1594981934982,2037.1594985785932,497.37051884974204,0.05
33.93539169298231,3.754628560750518,1655.1864954310536,1087.0909973117364,2.638305515783919e-06,1087.090994673431,543.5454973367155,543.5454999750209,304.89021454678885,0.05
33.924837586314595,2.4134702589017643,1655.9441277068524,1291.860143601565,2.931113515977188e-06,1291.8601406704513,645.9300703352257,645.9300732663393,329.5189647398158,0.05
33.76244738852071,0.1570361005311582,1659.435939924911,753.4323364704311,4.376558784203061e-06,753.4323320938723,376.71616604693617,376.71617042349493,243.26046928723747,0.15
33.87232635474759,0.4596980522566097,1657.1638265086622,1034.317282029889,3.594370682084588e-06,1034.3172784355183,517.1586392177592,517.1586428121298,287.97406014553405,0.05
34.28002961730559,4.522073234763419,1651.101234662509,1060.4908675713796,1.397978421277692e-06,1060.4908661734012,530.2454330867006,530.245434484679,305.45472590070204,0.15
34.12714052276243,3.8885705011093754,1653.006696701788,1018.3894740992992,1.994918480335491e-06,1018.3894721043806,509.1947360521903,509.19473804710884,314.1140079641039,0.15
34.41462614873579,3.7688147696920526,1649.6454492687856,1076.743415806603,9.95185898917212e-07,1076.743414811417,538.3717074057085,538.3717084008945,337.52581111883546,0.15
34.49982038377773,3.1941555732072318,1648.150580151471,1352.048317609477,6.119070171308668e-07,1352.0483169975698,676.0241584987849,676.024159110692,349.88889360418335,0.05
34.52000842746948,2.5098038725838188,1646.7574150077269,2090.90971318004,3.622793271904266e-07,2090.9097128177605,1045.4548564088802,1045.4548567711597,377.41247641759304,0.05
34.47067142621974,1.769063956287768,1645.1774252272364,3308.984803097162,3.790657647470107e-07,3308.9848027180965,1654.4924013590482,1654.4924017381138,407.2264185589541,0.05
34.090364091658174,2.0907232269003915,1653.8263997402555,1286.7058404601682,2.3365015470084904e-06,1286.7058381236668,643.3529190618334,643.3529213983348,343.7473348522234,0.05
33.998277316516344,0.419900914129145,1654.7987303779062,1447.474579228726,2.8578422514598585e-06,1447.4745763708838,723.7372881854419,723.7372910432841,345.05991291086536,0.05
34.28543456187333,2.30140428924823,1651.1484138924957,1352.9292607929724,1.5338585548759685e-06,1352.929259259114,676.464629629557,676.4646311634154,363.01931381425663,0.05
34.400066765698284,2.266911109212061,1649.2432342469488,1321.7754119175509,9.727771185904455e-07,1321.7754109447737,660.8877054723869,660.887706445164,364.093350675134,0.05
34.32147426577351,0.6756592095750948,1646.357315899759,1940.966599778496,3.599737797320938e-07,1940.9665994185223,970.4832997092611,970.4833000692348,365.5411208493407,0.05
34.159124167569296,-0.1123742123624048,1644.7680501426275,2377.0873386803764,3.543095359502442e-07,2377.087338326067,1188.5436691630334,1188.543669517343,309.27861525136586,0.05
34.38686243502201,1.3935695664420755,1647.9206817514878,1599.7639701225005,6.763356878087484e-07,1599.7639694461648,799.8819847230824,799.8819853994181,372.7913991942103,0.05
34.11014176850996,0.3486866740129424,1652.356406182244,1807.4964978583691,2.123715458153489e-06,1807.4964957346538,903.7482478673269,903.7482499910423,389.77426546230714,0.05
33.96866406768928,-0.9752710281823448,1645.8692991546325,1682.8236564776687,3.230601634733671e-07,1682.8236561546084,841.4118280773042,841.4118284003645,324.13690070901504,0.05
33.75178007497551,-1.551205244276949,1644.4901471080343,1884.696550352049,3.276842318536395e-07,1884.6965500243648,942.3482750121824,942.3482753398665,255.72472113312162,0.05
34.21238891854252,0.4005554436647198,1649.7840052462868,1866.1167344679163,1.293570737505818e-06,1866.1167331743457,933.0583665871728,933.0583678807435,405.61077708335415,0.05
34.13080443527711,-0.3363042050834156,1647.7167873107771,1680.660129875172,7.368136274074351e-07,1680.6601291383583,840.3300645691792,840.3300653059929,377.2464023179737,0.05
33.32682557059999,-2.55812403919,1644.32479657,1612.225953908623,3.462445560373181e-07,1612.2259535623784,806.1129767811892,806.1129771274339,254.8174778833311,0.05
5.625719317341491,2.4082248339570174,1686.3684565828542,3185.298820173639,1.7239046305661588e-05,3185.2988029345925,1592.6494014672962,1592.6494187063427,929.0880753794257,0.05
5.781393340491925,2.9801856255000243,1686.2692971002075,3760.325095162007,1.827686360523869e-05,3760.3250768851435,1880.1625384425718,1880.1625567194353,1101.7612431745144,0.05
5.729603464737071,2.450354715303665,1685.9444188809805,3394.04460199374,1.7569437384439906e-05,3394.0445844243027,1697.0222922121513,1697.0223097815885,976.8925934405414,0.05
5.94701668494713,2.953263849180935,1685.5514630099992,4222.982686588656,1.88998939204116e-05,4222.982667688762,2111.491333844381,2111.491352744275,1203.8687704787335,0.05
5.5692949543560015,1.7540009618719503,1686.0879186706238,2835.888436260106,1.6911686634182435e-05,2835.8884193484196,1417.9442096742098,1417.9442265858963,816.4999141783298,0.05
5.819722175957919,2.236346171123225,1685.31681937745,3436.419539191244,1.7354311695577443e-05,3436.4195218369323,1718.2097609184661,1718.2097782727778,967.9640496309518,0.05
5.675175479528471,1.2764097844380011,1685.2364083568757,2768.098887801613,1.641537201241374e-05,2768.0988713862407,1384.0494356931204,1384.0494521084925,784.2626093420225,0.05
5.396017424189543,0.9065804395523682,1686.3441602865212,2380.1418004103007,1.6605775927510497e-05,2380.141783804525,1190.0708919022625,1190.0709085080382,697.6409253249396,0.05
5.499669669896691,0.0872378468716724,1685.4491875545734,2419.7414798236045,1.607516663131795e-05,2419.741463748438,1209.870731874219,1209.8707479493855,704.5738263403955,0.05
5.317803912172746,-1.281755523959971,1686.0855835841885,2502.5626810890194,1.6970630682696096e-05,2502.5626641183885,1251.2813320591943,1251.2813490298252,732.1370669386304,0.15
5.84913910002852,3.174118200094122,1686.2250653936348,3985.851500229344,1.8643531137927227e-05,3985.8514815858125,1992.9257407929063,1992.9257594364376,1169.568720760051,0.05
6.00960720443427,3.9923597401817057,1686.7229294971112,4118.07417918933,1.89892991016188e-05,4118.074160200031,2059.0370801000154,2059.0370990893143,1243.5869390519442,0.05
6.287855045554367,4.283265804900477,1686.422313229604,3769.566955526609,1.7409536754734842e-05,3769.5669381170724,1884.7834690585362,1884.7834864680729,1123.4250292680867,0.05
6.09027631158004,3.588947797137414,1685.9112140572463,4194.834570797705,1.8849697931000786e-05,4194.834551948007,2097.4172759740036,2097.4172948237015,1218.6660482383948,0.05
6.042792867537312,2.771795106444912,1684.8845670567807,4089.000622798437,1.824799499594304e-05,4089.000604550442,2044.500302275221,2044.5003205232158,1135.298369040126,0.05
5.891377339050376,1.7440753507566429,1684.5030801032633,3224.588627133526,1.677995664604256e-05,3224.5886103535695,1612.2943051767847,1612.2943219567414,890.5317912536354,0.05
6.1388032075973245,2.622798229930277,1684.2086705498466,4058.393687720246,1.7981785929354724e-05,4058.39366973846,2029.19683486923,2029.1968528510158,1108.0427370318198,0.05
5.551497749093933,-2.6984857570404963,1685.341861501269,3214.319257986197,1.6925634964601506e-05,3214.319241060562,1607.159620530281,1607.159637455916,887.9245645147494,0.15
5.532276877445465,-4.1224128676703256,1686.7418391181282,3888.616094527995,1.7700046078582112e-05,3888.6160768279487,1944.3080384139744,1944.3080561140205,1021.5601938615623,0.15
6.149810218836701,-5.569029534365368,1686.2342354751936,4226.242682483927,1.796239162341829e-05,4226.2426645215355,2113.1213322607678,2113.121350223159,1088.8460671473529,0.15
5.917811915502896,-4.021680575627162,1684.7859021294364,3938.770425456477,1.7346186165165704e-05,3938.7704081102906,1969.3852040551453,1969.3852214013316,1047.119348399483,0.15
6.074207357143533,2.0571357544645363,1683.8363843818572,3528.4263097972844,1.650362551128026e-05,3528.426293293659,1764.2131466468295,1764.2131631504549,955.4117656495803,0.05
5.610185750340213,-1.2194631164092176,1684.6176983495102,2663.567321237327,1.6258472579574014e-05,2663.5673049788547,1331.7836524894274,1331.7836687478998,785.0740263360692,0.15
5.7881707986015805,0.4054143854244497,1684.139155974859,2703.1063020691663,1.5677993375185847e-05,2703.106286391173,1351.5531431955865,1351.5531588735798,760.716505600345,0.05
6.24308045153473,2.4962389760827888,1683.467129946883,4069.610263769557,1.740735273848083e-05,4069.6102463622046,2034.8051231811023,2034.8051405884548,1083.6248737504072,0.05
5.992837232669674,1.2319174200268217,1683.5629527937845,3057.5263894721365,1.566376336415907e-05,3057.526373808373,1528.7631869041866,1528.76320256795,833.3362525757933,0.05
6.160857538101104,1.6661158169227486,1682.9720805914094,3346.7112399407906,1.6030928516050936e-05,3346.711223909862,1673.355611954931,1673.3556279858597,893.6329111742808,0.05
6.369635559658927,2.3883235850915288,1682.5582825011263,3991.9887240862977,1.6676448872980948e-05,3991.9887074098488,1995.9943537049244,1995.9943703813733,1039.509900747957,0.05
5.904626055977004,-0.774282458807999,1683.1388085627536,2838.606913181249,1.5665271259003876e-05,2838.606897515978,1419.303448757989,1419.3034644232603,828.8788578311,0.05
6.530402259314139,2.315569281633835,1681.392800076829,3772.3964943767182,1.5564070622865495e-05,3772.3964788126477,1886.1982394063239,1886.1982549703944,968.96125779645,0.05
6.285806791825069,1.3015301000157813,1681.9473711261603,3244.779397447146,1.5299853869738167e-05,3244.7793821472924,1622.3896910736462,1622.3897063734998,857.5133794677118,0.05
6.041259010634754,0.5718659634799783,1682.8754687421508,2931.6481983952253,1.5325511465868413e-05,2931.648183069714,1465.824091534857,1465.8241068603684,803.804843925653,0.05
5.970742801025529,-2.6571176337424247,1683.2838649316268,3432.854542363162,1.634779221473795e-05,3432.85452601537,1716.427263007685,1716.4272793554771,958.3562989753347,0.15
6.149043580173631,-1.6887981421853888,1681.968190099991,3234.964725608809,1.5707066792915946e-05,3234.9647099017425,1617.4823549508712,1617.482370657938,934.5403348454424,0.15
6.576699184617619,-5.416633709680982,1684.279662029775,4064.297403520335,1.7382139794025416e-05,4064.297386138195,2032.1486930690976,2032.1487104512375,1058.0347742565211,0.15
6.3458370252912655,-4.164089035565819,1683.144532387546,3976.481164084299,1.6840073210223936e-05,3976.4811472442257,1988.2405736221128,1988.2405904621862,1068.8434104954981,0.15
7.011102138541523,-5.155803893435183,1682.342606421227,3749.318479386415,1.6703534766409956e-05,3749.3184626828806,1874.6592313414403,1874.659248044975,987.1660074144596,0.15
6.233716933520425,-0.4139136334058789,1681.4454642063963,3029.367389365005,1.5012885245685176e-05,3029.3673743521194,1514.6836871760597,1514.683702188945,852.772453010985,0.05
6.734045157463226,2.30887299106656,1679.905183716375,3631.919054114076,1.461588919399936e-05,3631.919039498187,1815.9595197490935,1815.9595343649826,914.7993093372427,0.05
6.443087754683075,0.8736498507854767,1680.7201219492547,3156.2157966282552,1.4296279364982218e-05,3156.215782331976,1578.107891165988,1578.1079054622674,837.4251472566252,0.05
6.436413473298503,-1.8892810227276895,1680.6517976182404,3455.548123363837,1.5776903635812837e-05,3455.5481075869334,1727.7740537934667,1727.7740695703703,998.0184876763603,0.15
6.5673091304247055,-3.392356440170601,1681.3133425344845,3913.5437732568894,1.62854441330614e-05,3913.5437569714454,1956.7718784857227,1956.7718947711667,1078.1389629902292,0.15
7.449628257795513,-4.806956794935795,1680.4226002439334,3448.1575250704886,1.593966704041688e-05,3448.1575091308214,1724.0787545654107,1724.078770505078,920.0512670747012,0.15
6.869120337387558,-2.7533004000690124,1679.4321407013583,3797.211082693564,1.5493434185986053e-05,3797.21106720013,1898.605533600065,1898.6055490934991,1071.607691986586,0.15
6.98459265508386,2.396589788356556,1678.0671987336773,3514.259434793894,1.3515087286917184e-05,3514.2594212788067,1757.1297106394034,1757.1297241544905,864.3601579683678,0.05
6.80397786450381,0.4829692685726841,1678.3717944884904,3233.57015033282,1.3499701155709792e-05,3233.570136833119,1616.7850684165594,1616.7850819162607,857.6302584283264,0.05
6.577546493365098,-0.9114513694806472,1679.616475669205,3287.59543752697,1.4501675846888606e-05,3287.595423025294,1643.797711512647,1643.7977260143227,938.592079353744,0.05
6.8695375749028935,-1.3160447763550671,1678.3081865744766,3458.3564380140915,1.4138902128652524e-05,3458.356423875189,1729.1782119375946,1729.178226076497,996.0445253496457,0.05
7.889453525474385,-4.38875185238201,1678.517700331661,3160.4783169944544,1.500429414398997e-05,3160.47830199016,1580.23915099508,1580.2391659993743,854.9683535319083,0.15
7.141266998400961,-0.7753067064866505,1676.7310426744689,3533.390832367545,1.358287125284421e-05,3533.3908187846737,1766.6954093923368,1766.6954229752082,984.73791617248,0.05
7.366191129504926,-2.6273251508677298,1677.4414956972555,3650.754415895135,1.4739344461725498e-05,3650.7544011557907,1825.3772005778953,1825.3772153172397,1039.8107221001226,0.15
8.32814466273591,-3.9182691809406576,1676.6251038779328,2873.7835239052074,1.4370272937168153e-05,2873.7835095349346,1436.8917547674673,1436.89176913774,785.4989901631179,0.15
8.763779154585965,-3.411025793191269,1674.740368561491,2603.9872048919547,1.3318164277555972e-05,2603.9871915737904,1301.9935957868952,1301.9936091050595,713.227790450155,0.15
7.763560126106538,-2.247172426884541,1675.627100256812,3488.598076554459,1.3835908963388526e-05,3488.59806271855,1744.299031359275,1744.2990451951841,1006.935479302988,0.15
7.455516298007431,-0.4118456871520503,1675.0231726191764,3586.3300760014604,1.2917215779672223e-05,3586.3300630842446,1793.1650315421223,1793.165044459338,982.096085929387,0.05
7.124794961931774,0.8833368454530008,1676.4782897800144,3300.6781556111346,1.259384030902332e-05,3300.678143017294,1650.339071508647,1650.3390841024875,856.7024765328613,0.05
7.263863800699612,2.582125864201003,1676.0099047306485,3371.1784786819626,1.2303689464136505e-05,3371.1784663782732,1685.5892331891366,1685.589245492826,813.0876953552788,0.05
8.191968513045257,-1.8119541974274684,1673.7029403502336,3201.6015278582727,1.2750996436328783e-05,3201.601515107276,1600.800757553638,1600.8007703046346,929.1353783006502,0.05
7.851247094316876,-0.2655767540388344,1673.134193997039,3578.357441450218,1.207967939053631e-05,3578.3574293705387,1789.1787146852694,1789.1787267649488,961.7381542857379,0.05
8.543811684942156,-1.2806746684644643,1671.9072370477256,3086.484807911536,1.184176580988663e-05,3086.4847960697703,1543.2423980348851,1543.2424098766508,871.5774830263208,0.05
8.142248831857625,0.0593229769266817,1671.6169577183423,3552.580026051105,1.1548158671509446e-05,3552.5800145029466,1776.2900072514733,1776.2900187996318,933.6885331300448,0.05
9.194351848950138,-2.881893111953926,1672.8596381305515,2354.2836203361157,1.183152145464198e-05,2354.283608504594,1177.141804252297,1177.1418160838186,642.0596899385342,0.15
7.452268311591909,1.2155366705909567,1674.4580220952903,3320.94071150193,1.1786772466605232e-05,3320.9406997151573,1660.4703498575786,1660.4703616443512,842.969072099812,0.05
7.541717558495444,2.8533983660209485,1673.9537584849534,3295.717928692727,1.1110076615921896e-05,3295.7179175826504,1647.8589587913252,1647.858969901402,781.8985107246824,0.05
7.755561165141689,1.5894750973270988,1672.5377348330708,3283.466996545093,1.0940291582287095e-05,3283.4669856048013,1641.7334928024006,1641.7335037426924,818.1263077311133,0.05
9.6172833685468,-2.3460991787359387,1670.981519969254,2334.4299558174903,1.0819860742754996e-05,2334.4299449976297,1167.2149724988149,1167.2149833186754,645.1189782530844,0.15
7.815130651483672,3.1934551975216263,1671.907430603254,3260.4369313961,1.0299883356057602e-05,3260.436921096217,1630.2184605481084,1630.2184708479917,759.6241352774643,0.05
8.080851952293445,3.580692127538968,1669.868514265578,3171.289616735884,9.317767185435094e-06,3171.2896074181167,1585.6448037090584,1585.6448130268257,730.9252038153945,0.05
8.165949572271932,1.4926727465901524,1670.2879792414194,3345.336333994721,1.025290562800958e-05,3345.3363237418152,1672.6681618709076,1672.6681721238133,828.7521283464152,0.05
8.719778003532888,-0.5020094592651033,1670.2657235038037,3267.994941908268,1.0872646951081608e-05,3267.9949310356214,1633.9974655178107,1633.9974763904575,877.8728545295905,0.05
10.030812783398623,-1.817761297241042,1669.10064598,2314.0112899350825,9.72929521404839e-06,2314.0112802057874,1157.0056401028937,1157.0056498321887,644.5028982209826,0.15
8.948346589298335,0.2262458119339742,1668.5073209193386,3227.6409000784365,9.783323019140762e-06,3227.6408902951134,1613.8204451475567,1613.8204549308798,829.0556461858724,0.05
8.33941337209041,4.002704946948499,1667.8355074106853,3183.719736853946,8.402252734219918e-06,3183.7197284516933,1591.8598642258466,1591.8598726280993,719.9343041653261,0.05
8.449286372654962,2.2326681162186994,1668.2586199952982,3320.460588614507,9.162138599364891e-06,3320.460579452368,1660.230289726184,1660.2302988883227,789.8741209452819,0.05
9.014452176880496,1.213478237010254,1666.898823905708,3485.850797426216,8.96142977265206e-06,3485.8507884647865,1742.9253942323933,1742.9254031938228,841.3464586244523,0.05
8.692942247040742,2.993168507717534,1666.312022972647,3309.662845035437,8.13792956152234e-06,3309.6628368975075,1654.8314184487538,1654.8314265866832,760.9848125297652,0.05
8.59066585472006,4.450092482725613,1665.8071374540723,3273.444463248578,7.536485295215403e-06,3273.444455712093,1636.7222278560464,1636.7222353925315,727.2918673335475,0.05
9.84468323102065,0.3056559508880265,1665.7033992331603,3021.257820632899,8.256043217713506e-06,3021.257812376856,1510.628906188428,1510.628914444471,741.5389540184241,0.05
9.928179504117786,-0.758477132354859,1667.4021083309729,2610.879098713309,8.974824981511801e-06,2610.879089738484,1305.439544869242,1305.439553844067,696.5828091891694,0.05
7.075364021161108,-6.837271826307678,1685.6355556764497,3651.007161423107,1.7634098228416304e-05,3651.0071437890088,1825.5035718945044,1825.5035895286026,924.7714973811494,0.15
9.283338085805452,-9.35027516632648,1686.379239975167,2146.222172155926,1.68349168453761e-05,2146.222155321009,1073.1110776605044,1073.1110944954214,523.6897958116826,0.15
8.338682550642785,-8.008003728374039,1684.9888947845782,2669.402113311949,1.6572700518559826e-05,2669.4020967392485,1334.7010483696242,1334.7010649423248,664.3713189577662,0.15
9.78904563034505,-9.058881687513406,1684.3218531705295,1832.251377794524,1.6089446295165403e-05,1832.2513617050777,916.1256808525388,916.1256969419851,443.4583908679926,0.15
12.180980912866996,-11.218420634761475,1686.3998243350686,1619.1273523547654,1.6892104868618492e-05,1619.1273354626605,809.5636677313303,809.5636846234352,430.4405474655541,0.15
10.921098149038093,-10.22709144358106,1685.3085596137737,1800.1157330969272,1.6600333758203523e-05,1800.1157164965934,900.0578582482967,900.0578748486305,448.6469872573377,0.15
11.284610518735263,-9.803519360048885,1683.2652723557514,1801.1921452928343,1.5841268858603877e-05,1801.1921294515655,900.5960647257828,900.5960805670516,460.6655049234795,0.15
12.51077859673865,-10.83893888926944,1684.3067737723247,1723.7945925380782,1.6294742044510338e-05,1723.7945762433362,861.8972881216681,861.8973044164101,460.01819807081955,0.15
8.899960487986332,-7.763693672160275,1683.0387690767725,1956.198071516078,1.5590143690604847e-05,1956.1980559259343,978.0990279629672,978.0990435531108,476.991883527018,0.15
7.556334760824026,-6.594865046009853,1683.6506167986552,3285.1951381532813,1.6559148235495752e-05,3285.195121594133,1642.5975607970665,1642.5975773562147,838.7304860018228,0.15
11.631951627112516,-8.797451389769524,1680.002585145671,1941.7829221970333,1.4594847652978088e-05,1941.7829076021856,970.8914538010928,970.8914683959405,526.3462479851921,0.15
12.67616075282802,-9.476491816010704,1679.8484200396963,2158.903751335181,1.4900968541581634e-05,2158.9037364342125,1079.4518682171063,1079.4518831180746,587.7965925669481,0.15
11.827689204277217,-9.44106781966764,1681.2524370355454,1936.3961256087748,1.4955761626056896e-05,1936.3961106530132,968.1980553265066,968.1980702822682,514.9826748650249,0.15
12.446819696203656,-9.03172261544696,1679.1181292224437,2183.3556795995105,1.4383727483229204e-05,2183.355665215783,1091.6778326078916,1091.677846991619,601.102401463001,0.15
10.29356169856336,-8.760948581647781,1682.4740769051834,1646.52397670197,1.5436223703115584e-05,1646.5239612657463,823.2619806328731,823.2619960690969,407.5307575227792,0.15
13.17674167159386,-10.01414717199378,1680.5101761371868,2076.861779998179,1.499411831122252e-05,2076.8617650040605,1038.4308825020303,1038.4308974961486,569.4292750548013,0.15
12.969808864650084,-9.38943845808993,1679.1191013507669,2271.821858828408,1.4700643590210134e-05,2271.8218441277645,1135.9109220638823,1135.9109367645258,626.3201234698336,0.15
13.403054074900243,-9.728342791586634,1679.315719730704,2300.5040478007104,1.4831877145848738e-05,2300.504032968833,1150.2520164844166,1150.2520313162938,635.798498656224,0.15
12.864013207615889,-10.40682186719498,1682.233622797315,1868.6326157850008,1.5624472481509414e-05,1868.6326001605282,934.3163000802641,934.3163157047367,505.1302467070685,0.15
8.04412290378133,-6.26088757350748,1681.685178517779,2737.330203881969,1.566284270795052e-05,2737.3301882191263,1368.6650941095631,1368.6651097724057,699.394746882369,0.15
9.462496682308505,-7.4512852750001795,1681.116643860529,1676.1925275685064,1.466284144169894e-05,1676.192512905665,838.0962564528324,838.096271115674,410.6529063400756,0.15
10.672700456382424,-8.428021908294376,1680.9234137838469,1644.95311339806,1.455261275576578e-05,1644.9530988454471,822.4765494227236,822.4765639753364,423.8413536831122,0.15
8.451143999517573,-5.817244419442347,1679.8454822229326,2383.8950661044537,1.474078572952193e-05,2383.895051363668,1191.947525681834,1191.9475404226198,610.2165171028334,0.15
10.585563843893036,-7.850967961741707,1679.7822451476156,1626.009580378056,1.4107353881842538e-05,1626.009566270702,813.004783135351,813.004797242705,432.48670769451246,0.15
11.704623813945943,-8.421787581198089,1678.997487965274,1959.765357893369,1.4064219465756338e-05,1959.7653438291495,979.8826719145748,979.8826859787941,539.8137746732112,0.15
13.57851641299875,-9.50724447873216,1678.4155266999994,2384.202069730308,1.4357812277210964e-05,2384.2020553724956,1192.1010276862478,1192.10104204406,663.3095701066233,0.15
12.449910606281252,-8.768018356233226,1678.4797132907886,2198.0275321046406,1.3932918569810667e-05,2198.027518171722,1099.013759085861,1099.0137730187796,612.0142702498667,0.15
12.97018448366249,-9.176484041635186,1678.5729215632182,2302.1824511118093,1.4225196787283383e-05,2302.1824368866123,1151.0912184433062,1151.0912326685032,638.0132014314551,0.15
10.86591061491084,-7.511685161020453,1678.5236350488103,1675.4574654756154,1.3695050458601214e-05,1675.457451780565,837.7287258902825,837.728739585333,459.59270530596746,0.15
11.920494255045105,-8.187788081144701,1678.0875613573874,2049.943616215014,1.3520070456694352e-05,2049.943602694944,1024.971801347472,1024.9718148675422,577.1816610513696,0.15
9.678508358336352,-6.749158565284241,1679.1840857226885,1567.57226178098,1.3771504257744771e-05,1567.5722480094757,783.7861240047379,783.7861377762421,391.0399072747114,0.15
11.403453552257709,-7.385487536457775,1677.2811349938704,1899.3146069387265,1.2934227999284488e-05,1899.3145940044985,949.6572970022493,949.6573099364772,537.5314339804827,0.15
8.85104064744601,-5.275794543509449,1677.930357044046,2083.24273731848,1.3901748134400072e-05,2083.242723416732,1041.621361708366,1041.621375610114,532.9700151874479,0.15
9.352600247584478,-4.769685851746166,1675.9418851271917,1866.6812041953951,1.270627820410825e-05,1866.6811914891168,933.3405957445584,933.3406084508367,469.82829824053164,0.15
10.09694430718587,-6.283315502839812,1677.4268464841753,1517.970982961564,1.3150718769549231e-05,1517.9709698108452,758.9854849054226,758.9854980561414,399.9447897415918,0.15
10.939898506301695,-6.346111265957958,1675.986818569772,1790.814740615225,1.2350476278681194e-05,1790.8147282647487,895.4073641323744,895.4073764828506,509.4932073955638,0.15
10.579827857378085,-5.168852539570725,1674.3268656757891,1789.7478121528693,1.1639888888519671e-05,1789.7478005129803,894.8739002564902,894.8739118963791,492.12511194231917,0.15
9.631435443044335,-4.137221203164063,1674.2025689770603,1846.410469074221,1.1960697572473329e-05,1846.4104571135235,923.2052285567618,923.2052405174593,473.5708662723866,0.15
10.335769729497914,-4.030303546250297,1672.6055253110717,1810.8744197743265,1.0779614615560169e-05,1810.874408994712,905.437204497356,905.4372152769705,480.00752876593685,0.15
10.161967093018358,-2.9177566416358345,1670.8588493503603,2051.3767949978683,1.0395251202390008e-05,2051.376784602617,1025.6883923013086,1025.6884026965597,538.8377261108528,0.15
6.939661754936924,4.950774173417344,1685.8285335356195,3244.765414562811,1.6145094224557917e-05,3244.765398417717,1622.3826992088584,1622.3827153539528,935.9827070526215,0.05
7.412319192762778,5.948700573595175,1686.3889499688455,2826.7049737948187,1.5674968914725978e-05,2826.70495811985,1413.352479059925,1413.3524947348938,850.9371733308669,0.05
6.259894354812345,3.5749103881046564,1685.3307460643146,4112.862165275191,1.834150040174799e-05,4112.86214693369,2056.431073466845,2056.4310918083456,1161.0219153439195,0.05
6.530209369074824,4.125719070136345,1685.4857188949827,3650.326432533457,1.6695385046662884e-05,3650.326415838072,1825.163207919036,1825.163224614421,1034.0716739330576,0.05
6.106100855807945,2.9533880162152304,1684.8563200530602,4292.443660937732,1.873262459471275e-05,4292.443642205107,2146.2218211025533,2146.2218398351783,1190.6775618608149,0.05
6.237608243861248,3.300273077263445,1684.8971803789534,4189.741501610675,1.8510650605783942e-05,4189.741483100024,2094.870741550012,2094.870760060663,1167.3188483461302,0.05
6.261284016472096,2.981940491746893,1684.171575543633,4330.725653781496,1.8408460299375476e-05,4330.725635373035,2165.3628176865177,2165.362836094978,1172.0031091410344,0.05
6.542741123543911,3.7455015368865694,1684.6454477165532,3846.462326674185,1.690867129299416e-05,3846.462309765514,1923.231154882757,1923.231171791428,1049.2797171324685,0.05
7.038117926354392,4.516123801809362,1684.662550627154,3227.0941311847223,1.546673785191965e-05,3227.0941157179846,1613.5470578589923,1613.54707332573,863.3298803945497,0.05
7.560886908065794,5.497213803785621,1685.350921273417,2612.306838043524,1.4290967067540322e-05,2612.3068237525567,1306.1534118762784,1306.1534261672455,731.1087359412027,0.05
7.686830610945072,5.284739617310288,1684.4653558369034,2592.00972179773,1.3752397453513406e-05,2592.0097080453324,1296.0048540226662,1296.0048677750638,680.8591751847995,0.05
7.273595075631674,4.506438699794594,1683.6505616123616,3038.046293696556,1.4541655774891565e-05,3038.0462791549003,1519.0231395774501,1519.0231541191058,764.752014531092,0.05
6.422516005929444,3.046081723357288,1683.452469908582,4337.646551426779,1.797685934261562e-05,4337.64653344992,2168.82326672496,2168.8232847018194,1141.9358497305473,0.05
6.721681528922956,3.7384213490156633,1683.8000563475578,3818.392675393304,1.6497907314989035e-05,3818.392658895397,1909.1963294476984,1909.1963459456058,1001.1207960384395,0.05
6.675904691259035,3.4816095503606497,1683.2203200714423,3908.871462383414,1.6621945860005874e-05,3908.8714457614683,1954.4357228807341,1954.4357395026798,1015.1795957954039,0.05
6.953566772577642,3.901326963079295,1682.9987559517328,3602.905081564983,1.5781876491527625e-05,3602.9050657831067,1801.4525328915533,1801.4525486734296,909.2586661717996,0.05
7.793365975927471,5.233355246391781,1683.7174251599995,2666.7437544441145,1.3709363379828247e-05,2666.743740734751,1333.3718703673755,1333.371884076739,672.8823661682645,0.05
7.698113947961893,4.987351887959649,1682.8812013988006,2716.7105098471307,1.373012010801316e-05,2716.7104961170107,1358.3552480585054,1358.3552617886253,659.7420663450523,0.05
6.62193115679461,3.1816273540177638,1682.5518652110215,4334.236424491422,1.7520578504337755e-05,4334.236406970844,2167.118203485422,2167.1182210060006,1111.928844084867,0.05
7.314830966666036,4.351775301132468,1682.3226086215589,3167.1267028574835,1.435416057408256e-05,3167.126688503323,1583.5633442516614,1583.563358605822,771.0299410256407,0.05
7.633902679083516,4.841818753920673,1681.821466015651,2897.866699508915,1.3893729293910829e-05,2897.866685615186,1448.933342807593,1448.9333567013223,691.8246730547072,0.05
6.98939129769454,3.808914526505952,1682.1846461235723,3697.564191558544,1.5768497152856286e-05,3697.5641757900466,1848.7820878950233,1848.7821036635205,918.5403417789522,0.05
6.878165897593974,3.4564792253360963,1681.3814015650598,4141.420801831314,1.668444783130965e-05,4141.420785146866,2070.710392573433,2070.7104092578807,1028.1077293899846,0.05
7.23731482322792,4.127323283896398,1681.1762591820077,3461.5780317005047,1.4691382195618158e-05,3461.5780170091225,1730.7890085045613,1730.7890231959434,835.9179040557216,0.05
7.61583982487528,4.83535106873347,1680.602319248614,3204.907948790528,1.3996398738058072e-05,3204.9079347941292,1602.4539673970646,1602.4539813934632,759.9454933900475,0.05
7.147756795434115,3.86025000998938,1680.162865576691,3847.991300646594,1.5207697412646747e-05,3847.9912854388967,1923.9956427194484,1923.9956579271457,931.3609102581787,0.05
7.38825457182248,4.376550903254167,1680.2438728176048,3467.510346237857,1.43578329798306e-05,3467.510331880024,1733.755165940012,1733.755180297845,827.2638551014746,0.05
7.632738270113125,4.918742860488877,1679.3930304288317,3418.1421843788007,1.4008555401973954e-05,3418.1421703702454,1709.0710851851227,1709.071099193678,801.3655342732828,0.05
7.397828695714467,4.358982316412241,1679.100904875111,3623.77432931704,1.3947115219257452e-05,3623.774315369925,1811.8871576849624,1811.8871716320778,858.1058603634617,0.05
7.673786693547663,5.05597776737091,1678.1481148100002,3508.4706885957894,1.3505145910235756e-05,3508.4706750906435,1754.2353375453217,1754.2353510504677,808.7674049903767,0.05
6.5404556516342165,2.880807724634358,1682.300525084088,4274.641675206475,1.7358922061311153e-05,4274.641657847553,2137.3208289237764,2137.3208462826988,1100.7778830607256,0.05
9.05536627586822,7.712703745891467,1677.5795301400003,3877.798891020698,1.4535040209185584e-05,3877.798876485658,1938.899438242829,1938.899452777869,888.6486607004695,0.05
9.03482185389542,7.820869238046714,1676.932677426185,4064.297594179108,1.4037716280827268e-05,4064.2975801413913,2032.1487900706957,2032.1488041084122,917.8652393897097,0.05
8.689012986008155,7.267274809444405,1677.337594345559,3912.9687074090416,1.4255807833910127e-05,3912.9686931532337,1956.4843465766169,1956.4843608324247,888.9031507654339,0.05
6.6473024265899445,2.7755886826360188,1681.285355897705,4124.129447246621,1.6535241543964883e-05,4124.129430711379,2062.0647153556897,2062.064731890931,1044.8488609848525,0.05
7.9871607819837935,5.879073405039064,1677.5033554263491,3620.164566821041,1.3518024739361238e-05,3620.164553303016,1810.082276651508,1810.0822901695328,818.8851772678107,0.05
8.323638074193457,6.636042400694637,1677.2796450403248,3798.406127854497,1.3819744838854756e-05,3798.406114034752,1899.203057017376,1899.2030708371208,856.835551994903,0.05
7.992047810125219,5.969595375223077,1676.5303369726942,3774.466682766146,1.318970070573684e-05,3774.466669576445,1887.2333347882225,1887.2333479779234,842.1237875754039,0.05
7.60801224007001,4.86250996135471,1677.1712796981124,3641.487518726706,1.3206910667189112e-05,3641.4875055197954,1820.7437527598977,1820.7437659668085,832.9299962700529,0.05
8.429777049734163,6.945320325606568,1676.579027915636,4062.0337341318,1.3655304347197035e-05,4062.0337204764955,2031.0168602382478,2031.0168738935522,905.2253634824771,0.05
9.024029915043547,7.970649449376451,1676.106495399524,4196.237677600873,1.3567154243814477e-05,4196.237664033719,2098.1188320168594,2098.118845584014,934.2405551313552,0.05
8.59889821033617,7.333995782900107,1676.0789445535218,4181.921930567603,1.355082068000426e-05,4181.921917016783,2090.9609585083913,2090.960972059212,926.3192286448144,0.05
6.940345269526743,3.190742667579162,1679.6338627965672,3917.014583827666,1.4959147578628238e-05,3917.0145688685184,1958.5072844342592,1958.5072993934066,958.8536560982551,0.05
7.261203009547672,3.899282563121285,1678.219434958512,3809.800558568184,1.382369221861145e-05,3809.8005447444916,1904.9002723722458,1904.9002861959382,900.8497420676653,0.05
7.369385392546619,3.9067609616936254,1676.5773110659725,3663.767741213372,1.3032499343630984e-05,3663.767728180873,1831.8838640904364,1831.8838771229357,853.4717973668518,0.05
7.767558918816058,5.322266354417131,1675.8143027673354,3760.3834250554896,1.254063303584461e-05,3760.3834125148564,1880.1917062574282,1880.1917187980614,838.9557727886609,0.05
8.206207711835695,6.588604707733558,1675.560292738195,4043.076570608987,1.2677086477366769e-05,4043.0765579319004,2021.5382789659502,2021.5382916430367,887.4770545221799,0.05
8.581278068447903,7.40458089322811,1675.3938126145397,4339.341279323651,1.3121671347710409e-05,4339.34126620198,2169.67063310099,2169.670646222661,950.6589298242184,0.05
9.03060752415096,8.178394527401801,1675.0445559943971,4494.206291652506,1.3097134469660032e-05,4494.206278555371,2247.1031392776854,2247.10315237482,982.2975095070983,0.05
7.949738880575478,5.907801668280751,1674.71087565137,3928.841640094148,1.176470352748634e-05,3928.841628329444,1964.420814164722,1964.4208259294257,859.938517801422,0.05
7.602239650031842,4.30666341474588,1674.4350647737217,3699.807937226508,1.1823766047386998e-05,3699.8079254027416,1849.9039627013708,1849.903974525137,835.1695753284868,0.05
9.061961347082722,8.450806923357723,1673.7382017057987,4683.786977819706,1.2085515457535576e-05,4683.786965734191,2341.8934828670954,2341.893494952611,1005.6742762617667,0.05
8.363734878615123,7.102815159682512,1674.1597180452957,4462.401896024072,1.2310406418376998e-05,4462.4018837136655,2231.2009418568327,2231.200954167239,961.1004847979408,0.05
7.96506444493867,5.870634179455202,1673.0849165773902,4016.8829758742672,1.1015852966001202e-05,4016.882964858414,2008.441482429207,2008.4414934450601,868.2969467205568,0.05
8.417355299289829,7.379457858803951,1672.4865586983635,4585.14023388604,1.1098322280837248e-05,4585.140222787718,2292.570111393859,2292.570122492181,970.7944437926421,0.05
9.120134899607596,8.781549938808185,1672.2227205929462,4907.764937163463,1.1027961227859923e-05,4907.764926135502,2453.882463067751,2453.8824740957125,1034.9171304248969,0.05
7.805079052933562,4.63881947376081,1672.4370497665598,3675.868516753389,1.0567324768996476e-05,3675.868506186064,1837.934253093032,1837.934263660357,814.1175200832353,0.05
8.110739827060895,6.210902648053517,1670.9309252369137,4180.009870433812,1.0183979067291237e-05,4180.009860249833,2090.0049301249164,2090.004940308895,886.6944124342384,0.05
8.583520922854627,7.906308224102092,1671.059851220742,4885.2987577307385,1.0398788614672431e-05,4885.29874733195,2442.649373665975,2442.6493840647636,1018.0753071692442,0.05
9.204724786134111,9.164119594435268,1670.520329118109,5163.745064791227,1.027236299221489e-05,5163.745054518864,2581.872527259432,2581.8725375317954,1064.9525157541143,0.05
7.9795453977218544,4.695048532254291,1670.6304787975153,3531.281679099267,9.78681638686493e-06,3531.2816693124505,1765.6408346562253,1765.6408444430417,781.1906670975335,0.05
8.494263310461134,7.697218587603106,1669.1506004213584,4951.820163231892,9.491114677999525e-06,4951.820153740778,2475.910076870389,2475.9100863615035,1015.8188920035143,0.05
9.315292135837328,9.58365048397286,1668.6941889896607,5301.63234804876,9.483763857773031e-06,5301.632338564996,2650.816169282498,2650.816178766262,1069.0154859545726,0.05
8.17191514700337,5.367199804123636,1668.888716345999,3851.5274404512393,9.025073407539368e-06,3851.527431426166,1925.763715713083,1925.7637247381563,824.0031173504221,0.05
8.404418143552084,7.034556299643612,1667.5804566740292,4249.7822554717,8.577482648991858e-06,4249.782246894218,2124.891123447109,2124.8911320245916,882.0309431568952,0.05
8.685585336391497,8.30238159234665,1667.3827238936808,4916.989421471832,8.63487698338091e-06,4916.989412836955,2458.4947064184776,2458.494715053355,992.0912279079589,0.05
9.447450157360535,10.016812715043846,1666.8400490399194,5229.16922684812,8.683188546010434e-06,5229.169218164931,2614.5846090824657,2614.5846177656545,1027.546091892722,0.05
8.393102963816586,5.805659363088748,1666.7254657967728,3699.758807255658,7.982511900203369e-06,3699.7587992731465,1849.8793996365732,1849.879407619085,788.0541951787053,0.05
8.503530313871243,7.312544960850184,1666.4753637220872,4350.69752468961,7.926546880264213e-06,4350.6975167630635,2175.3487583815318,2175.348766308078,893.0963835816989,0.05
8.64759596312819,6.635696245031616,1684.7345025334455,2969.9004703704863,1.5191109557359074e-05,2969.900455179377,1484.9502275896884,1484.950242780798,839.7557325806346,0.05
8.652287637656514,6.928975079052896,1685.3987587264571,2856.9332279918426,1.544142102241622e-05,2856.9332125504216,1428.4666062752108,1428.4666217166318,847.7200613383067,0.05
9.075674613957451,7.121687097875171,1684.757951385059,3264.3176095536,1.6243369561633273e-05,3264.3175933102307,1632.1587966551153,1632.1588128984847,943.4090112063573,0.05
8.12520700809694,6.33124290875865,1685.5237737173993,2609.281913369978,1.4664730554081956e-05,2609.2818987052474,1304.6409493526237,1304.6409640173545,759.9548954525454,0.05
8.197883255574418,6.08695824936853,1684.7911176923892,2679.084092798508,1.4273563773311198e-05,2679.0840785249443,1339.5420392624721,1339.542053536036,740.6007085684853,0.05
7.972787246231851,5.675130792452613,1684.481538888328,2557.085179208385,1.385600502724676e-05,2557.08516535238,1278.54258267619,1278.542596532195,682.7039648577534,0.05
8.25008895114839,7.064177388578499,1686.4381444066414,2761.325834309822,1.5755358158905875e-05,2761.3258185544637,1380.6629092772318,1380.66292503259,836.6429543536005,0.15
9.135266000676207,7.627300372317262,1685.71614870619,3009.590976008962,1.6425384198937868e-05,3009.590959583578,1504.795479791789,1504.7954962171732,920.9649522739498,0.15
9.013377001747878,6.829854667012094,1683.9143617899997,3450.2351231328853,1.62529934076698e-05,3450.235106879892,1725.117553439946,1725.1175696929392,943.6158506044164,0.05
8.361986876161657,6.029461270312682,1683.8368613900116,2869.027863697392,1.4418578345033034e-05,2869.027849278814,1434.513924639407,1434.5139390579852,752.7562753710638,0.05
8.191555249355275,5.741311365561663,1683.0557196863472,2862.465805769137,1.45293691751089e-05,2862.465791239768,1431.232895619884,1431.2329101492533,716.4029874296465,0.05
8.972946517862837,7.379344260197394,1678.7152917975357,3673.393058353519,1.514653877498057e-05,3673.39304320698,1836.69652160349,1836.6965367500288,864.1453386404679,0.05
8.481784354371184,6.668080959098257,1678.8649718204151,3581.172905638476,1.484635868679922e-05,3581.1728907921174,1790.5864453960587,1790.5864602424174,835.5660198142226,0.05
8.931426470262005,7.173706433518237,1679.4907842075272,3586.232618876428,1.565035010851924e-05,3586.232603226078,1793.116301613039,1793.1163172633892,859.122424098712,0.05
8.309360667687388,6.273877333284164,1679.5195423893936,3456.783833249862,1.4905024228504669e-05,3456.7838183448375,1728.3919091724188,1728.391924077443,811.6529193898467,0.05
8.683668209501988,7.088078853558053,1678.2570936147915,3717.596334174829,1.4788398817248806e-05,3717.59631938643,1858.798159693215,1858.7981744816138,861.1534976287104,0.05
9.012920519641677,7.547883681322135,1678.1280886280692,3748.882829866224,1.4874364907803273e-05,3748.882814991859,1874.4414074959295,1874.4414223702943,870.7915450537686,0.05
8.779228623467253,7.3092380496854785,1677.8142237105044,3832.640025383672,1.4662638373904878e-05,3832.6400107210334,1916.3200053605167,1916.3200200231552,880.9265790255796,0.05
8.514177018376751,6.9063504799720565,1677.77594780317,3755.374894575012,1.4336547680853873e-05,3755.3748802384644,1877.6874401192322,1877.68745445578,858.4933620406239,0.05
8.949745104955026,6.708363308041808,1682.921444088679,3477.359907172898,1.639709156364041e-05,3477.3598907758064,1738.6799453879032,1738.679961784995,907.8356002203095,0.05
8.368682626507939,6.022367024918182,1682.2769670540335,3010.236168293448,1.5049050948717814e-05,3010.236153244397,1505.1180766221985,1505.1180916712494,751.3603875919772,0.05
8.906134093839636,6.7544631614012935,1681.7453649579654,3325.5324275437238,1.6004318317812113e-05,3325.5324115394055,1662.7662057697028,1662.766221774021,840.329069834788,0.05
7.995216615439775,5.449523146536606,1682.2505331496602,2876.8908949854163,1.42780769866882e-05,2876.8908807073394,1438.4454403536697,1438.4454546317465,697.776797123293,0.05
8.129702914346845,5.7328116193393805,1681.3217193272849,3131.2305513770984,1.4981649402940008e-05,3131.2305363954492,1565.6152681977246,1565.6152831793738,751.4645446128388,0.05
8.386690865850095,6.22896321675666,1680.668297603666,3255.1843452882517,1.5311290644358484e-05,3255.184329976961,1627.5921649884806,1627.5921802997711,787.0819239076427,0.05
7.992422622971927,5.593526708419055,1680.3167928508124,3132.998511870007,1.43310401976181e-05,3132.9984975389666,1566.4992487694833,1566.4992631005236,741.6876439851567,0.05
8.901609480001795,6.941680629770819,1680.525712843874,3368.6287945299505,1.5899591739693762e-05,3368.6287786303587,1684.3143893151794,1684.314405214771,827.8659360489024,0.05
8.39173320424795,6.61850446487383,1678.2359064845407,3631.3258342123145,1.4356689888237972e-05,3631.3258198556246,1815.6629099278123,1815.6629242845022,835.9844153332383,0.05
8.239769620556016,6.391948956759425,1677.833386802222,3639.66971754981,1.3906248049407754e-05,3639.6697036435617,1819.8348518217808,1819.834865728029,828.8872137501742,0.05
8.05071244866634,5.922012722683792,1678.460919270705,3469.851144584395,1.3973400972762738e-05,3469.851130610994,1734.925565305497,1734.925579278898,797.1833773209466,0.05
14.712466333199153,10.738616523502705,1685.3535176799987,2173.3006894264354,1.578396514480448e-05,2173.3006736424704,1086.6503368212352,1086.6503526052002,650.7025723973398,0.15
13.259844656977744,10.874564841029809,1686.4967903095087,2549.839624094848,1.5675419024987903e-05,2549.839608419429,1274.9198042097146,1274.9198198851336,741.3101259963956,0.15
10.47072593979409,7.901978390440602,1683.8152550234802,2538.7386726803497,1.3056228238652128e-05,2538.7386596241213,1269.3693298120606,1269.369342868289,700.3321651921951,0.05
10.133778488339734,7.736958843230575,1684.1186837575417,2778.1307794741992,1.40683881863409e-05,2778.130765405811,1389.0653827029055,1389.0653967712938,784.1273203439947,0.05
10.701717655398271,8.150702696572553,1684.2454080699993,2357.3428422192915,1.3087744068238055e-05,2357.342829131547,1178.6714145657736,1178.6714276535179,682.5586323101339,0.05
9.446116004137544,7.146031009267565,1683.3474697424308,3125.8319125966864,1.4966746290590209e-05,3125.83189762994,1562.91594881497,1562.9159637817163,841.9952448107257,0.05
9.605693310269285,7.338453128859004,1684.015065385616,3043.231619611399,1.4833205820882336e-05,3043.231604778193,1521.6158023890964,1521.6158172223024,849.848536922057,0.05
9.53166676810276,7.801629527490163,1679.341184028317,3229.183348182926,1.4446834219563578e-05,3229.1833337360918,1614.5916668680459,1614.59168131488,780.2281101875475,0.05
9.306599000531342,7.753103943501144,1678.648806242705,3498.000536879209,1.4699021207480033e-05,3498.000522180188,1749.000261090094,1749.000275789115,826.4896983676646,0.05
9.23135385416606,7.525048974812972,1679.3386379541907,3423.6363877057693,1.5127015903605724e-05,3423.6363725787533,1711.8181862893766,1711.8182014163926,822.8703335276165,0.05
9.165032909390057,7.728128293411719,1678.0955133079983,3690.744452495087,1.458359475007986e-05,3690.7444379114922,1845.3722189557461,1845.3722335393409,858.1280484384193,0.05
11.010187387132952,8.16924523629633,1683.341035866523,2547.634077211916,1.29461773990606e-05,2547.6340642657387,1273.8170321328694,1273.8170450790467,677.4693064793282,0.05
10.024064961215434,7.556276237169779,1683.2305335735473,2900.472438625419,1.4193379193380108e-05,2900.4724244320396,1450.2362122160198,1450.236226409399,777.8884799726243,0.05
9.550438389989058,7.238861706454576,1682.5450564872422,3158.1634566927423,1.5186858827378956e-05,3158.1634415058834,1579.0817207529417,1579.0817359398006,824.3306084719756,0.05
10.328329190224364,7.780572979162991,1682.332188596655,2726.0210067070016,1.3405567481101907e-05,2726.020993301434,1363.010496650717,1363.0105100562846,703.9791244959958,0.05
11.37397590929853,8.4251859040825,1682.2156132900004,2815.0284286652804,1.2886002980876029e-05,2815.0284157792776,1407.5142078896388,1407.5142207756417,713.4000415651741,0.05
10.59392610146557,8.11745431814864,1681.3221650786838,2858.870731882329,1.3482514921652662e-05,2858.870718399814,1429.435359199907,1429.435372682422,724.206011032078,0.05
9.339235017032502,7.500946742521097,1679.909197107099,3264.514572549433,1.5057079721708567e-05,3264.5145574923536,1632.2572787461768,1632.2572938032563,797.2200602455185,0.05
9.580236608160046,7.461830783902122,1681.0563461685476,3079.250860698158,1.474841784815819e-05,3079.25084594974,1539.62542297487,1539.6254377232879,774.7563768521403,0.05
9.937534742510072,7.907506585340142,1680.2612690726917,2921.6712918691937,1.409722409468729e-05,2921.6712777719695,1460.8356388859847,1460.835652983209,726.4181625925737,0.05
11.472468236204824,9.814677156999617,1686.36345080708,2614.4883037812438,1.5594865425537328e-05,2614.488288186378,1307.244144093189,1307.2441596880547,757.7815863925001,0.15
10.450495407859597,9.039428894709678,1686.2272531527,2718.5415932894807,1.5750113825793006e-05,2718.5415775393667,1359.2707887696833,1359.2708045197974,797.1735928289221,0.15
11.225293488699798,9.090609675551637,1685.5113460802002,2359.6139371081376,1.473519079033784e-05,2359.613922372947,1179.8069611864735,1179.8069759216642,716.4708672095019,0.15
10.531732738807788,8.634567323374503,1685.5127341938455,2506.8719122713337,1.4850959957225811e-05,2506.871897420374,1253.435948710187,1253.4359635611468,764.0804169187601,0.15
10.96115693631142,8.544288505769257,1684.8149678624393,2203.824191759023,1.3603628862713553e-05,2203.8241781553943,1101.9120890776971,1101.912102681326,680.0960087697104,0.05
9.627714119523509,7.574250859512445,1684.695370036541,2931.92701376183,1.509573967503664e-05,2931.92699866609,1465.963499333045,1465.963514428785,862.0733950113897,0.05
9.881074945285103,8.331579908564615,1685.7965523875728,2776.893311531964,1.588591273903411e-05,2776.8932956460512,1388.4466478230256,1388.4466637089386,836.1554311608766,0.15
10.0799095093799,8.08460805021428,1685.0806095070338,2682.3792266871787,1.5251360991754628e-05,2682.379211435818,1341.189605717909,1341.1896209692698,823.9755763790159,0.05
9.237634353512234,8.023980303435525,1677.0977511712506,3909.616705568579,1.389748332208214e-05,3909.616691671096,1954.808345835548,1954.8083597330312,889.2045374190111,0.05
9.489472443248092,8.408925173180492,1676.5554904919684,3912.027578314769,1.3362624325485507e-05,3912.0275649521445,1956.0137824760723,1956.0137958386968,881.2294726191035,0.05
9.42560381351562,8.528211890866825,1675.6820241546454,4108.742762707625,1.2792266916428656e-05,4108.742749915358,2054.371374957679,2054.371387749946,911.9100722664385,0.05
9.895302299779685,8.951278001974817,1675.8786823291057,3902.08697191168,1.2566233298343244e-05,3902.0869593454468,1951.0434796727234,1951.0434922389566,875.0471012191491,0.05
9.77284472012314,9.069283032797207,1674.8022699756427,4226.622944940273,1.1999230373053877e-05,4226.622932941043,2113.3114664705213,2113.3114784697514,927.2344822210837,0.05
10.532905728507178,9.66613383226468,1675.1167357264735,3868.883538898272,1.1907679749401648e-05,3868.883526990592,1934.441763495296,1934.441775402976,866.7437798147944,0.05
9.76673058367121,9.44298290749882,1672.9151959048936,4556.227612483167,1.1127963491337083e-05,4556.227601355204,2278.113800677602,2278.113811805565,971.7610649229316,0.05
10.574490261535992,9.966413370667327,1673.895073490947,4036.591615725235,1.133643457587592e-05,4036.5916043888005,2018.2958021944003,2018.2958135308347,883.7066099209537,0.05
11.430355677398936,10.426008081401704,1674.5354267600003,3797.5791174912742,1.1762960414817318e-05,3797.5791057283136,1898.7895528641568,1898.7895646271174,855.0992285629166,0.05
10.62228467448105,10.306268549277169,1672.437188579708,4060.457871544152,1.0461702579505428e-05,4060.4578610824497,2030.2289305412248,2030.2289410029273,868.9457263001285,0.05
12.361230748366324,10.963439387297994,1674.3793116608,3543.4253588101697,1.1709058253176584e-05,3543.4253471011116,1771.7126735505558,1771.7126852596139,815.2266801181366,0.05
12.130922655635237,11.021382744128427,1673.627049593673,3492.006153009876,1.1147753739856173e-05,3492.006141862122,1746.003070931061,1746.003082078815,786.4834843150717,0.05
13.872275638921966,11.550456543675134,1674.227497437477,2937.054674506763,1.0976944463049672e-05,2937.0546635298188,1468.5273317649094,1468.5273427418538,704.9587360236727,0.05
13.291978013340518,11.294944135011418,1674.5529588078864,3220.012235437481,1.149390163818464e-05,3220.0122239435796,1610.0061119717898,1610.0061234656914,761.735478514989,0.05
14.492914891499574,11.469751809901988,1675.1406602600005,3205.241214501522,1.117041428342918e-05,3205.2412033311075,1602.6206016655537,1602.6206128359681,780.7292244221167,0.05
12.800597383197886,11.344181940018752,1673.5527136865528,3264.104169218163,1.0933417665493364e-05,3264.104158284745,1632.0520791423726,1632.0520900757904,745.1692202096442,0.05
14.677657842926818,11.913958734362078,1673.494058846265,2432.4827664172126,1.0306866022381434e-05,2432.4827561103466,1216.2413780551733,1216.2413883620393,594.0297585048359,0.05
13.584422746163495,11.591967562339915,1673.6977924285425,2816.4839825060394,1.0866814506617986e-05,2816.483971639225,1408.2419858196124,1408.241996686427,664.7463742569805,0.05
10.04939451653973,10.031141194658666,1671.2897052513342,4778.627089321736,1.0297279149995062e-05,4778.627079024457,2389.3135395122285,2389.3135498095075,995.9351846712822,0.05
13.333040326488462,11.832635967288574,1672.2541581305486,2762.527155033013,1.003882057684087e-05,2762.5271449941924,1381.2635724970962,1381.2635825359168,624.6918499244265,0.05
11.402683121194116,10.750047040928068,1672.965493219077,3782.579127869472,1.0746601050409186e-05,3782.5791171228707,1891.2895585614353,1891.2895693080366,825.1518754520453,0.05
12.299411969438552,11.281567729452693,1672.8162507674722,3352.805121399896,1.0371996569757765e-05,3352.8051110278993,1676.4025555139497,1676.4025658859464,746.4519098076289,0.05
11.716506435215551,11.278817809859603,1671.3215942880488,3628.572303681434,9.66826033807181e-06,3628.5722940131736,1814.2861470065868,1814.286156674847,769.8254853967879,0.05
14.926203768965689,12.391004441898096,1671.6368694483174,1663.3670306221672,9.316163287173317e-06,1663.367021306004,831.683510653002,831.6835199691652,412.424057179088,0.05
10.289499045218545,10.509920986130382,1669.898423979922,4661.877913372809,9.406404099528927e-06,4661.877903966405,2330.9389519832025,2330.938961389607,951.8719918467337,0.05
13.355625908802033,12.227901027386473,1670.4093732454887,2490.2199109968888,9.00901323272307e-06,2490.2199019878753,1245.1099509939377,1245.109960002951,542.0545442373915,0.05
11.88903168533049,11.789694619904068,1669.214517213599,3484.957493396054,8.666275418820804e-06,3484.9574847297786,1742.4787423648893,1742.4787510311646,713.0252382613036,0.05
10.491218312180122,11.029875765888368,1667.9642295601925,4584.867036399012,8.427636213145462e-06,4584.867027971376,2292.433513985688,2292.433522413324,910.231052537718,0.05
15.227235960521323,12.886349390753807,1669.6255820315143,1182.4410896369957,8.332358168734938e-06,1182.4410813046375,591.2205406523187,591.220548984677,294.7931074054604,0.05
15.552951840805507,13.364986764215292,1667.6081041510172,888.0229180578614,7.306809455563322e-06,888.0229107510519,444.01145537552594,444.01146268233543,227.41491045811324,0.05
13.626654264058203,12.736486661462065,1668.3299580970834,2016.5856543449968,7.930152721944437e-06,2016.585646414844,1008.292823207422,1008.2928311375748,427.81482369287147,0.05
11.952825066513284,12.203088514136612,1667.1838157717114,3366.7276268795454,7.671346414445177e-06,3366.727619208199,1683.3638096040995,1683.3638172754459,666.9535629057139,0.05
13.543967183583812,13.187994723738512,1665.7886180116516,2263.4227074901946,6.758828682741419e-06,2263.422700731366,1131.711350365683,1131.7113571245116,452.9605289215591,0.05
10.561536350782266,11.427597143770098,1665.9373340710813,4486.915183968331,7.45407287083585e-06,4486.915176514258,2243.457588257129,2243.457595711202,863.6523873588204,0.05
15.89694147923366,13.827636646530728,1665.5893021758916,1184.2497824314244,6.357178947243328e-06,1184.2497760742453,592.1248880371227,592.1248943943017,269.4038487513953,0.05
9.456649608577884,8.123892385745263,1677.674109904582,3601.9901218050613,1.3978422637908165e-05,3601.990107826639,1800.9950539133195,1800.9950678917419,833.2375705127512,0.05
10.89834114459508,8.512049405997052,1680.5358022705216,3168.748326198468,1.3777352431223062e-05,3168.7483124211158,1584.3741562105579,1584.3741699879101,793.7755494763621,0.05
11.61243378475629,8.715753871922626,1681.3917923704228,3187.5050211301373,1.320178030891244e-05,3187.505007928357,1593.7525039641785,1593.7525171659588,798.1421513713078,0.05
11.830649636394984,9.02218427888418,1680.661209673936,3560.3818558973608,1.3779783400687086e-05,3560.3818421175774,1780.1909210587887,1780.190934838572,890.3010162757258,0.05
9.68284198431612,8.207201348131658,1678.211027547989,3392.4696184725576,1.387264248011258e-05,3392.4696045999153,1696.2348022999577,1696.2348161726,797.6006111431692,0.05
9.8602596245184,8.202464701703143,1678.843622486517,3183.3424265122835,1.3852438940975302e-05,3183.3424126598447,1591.6712063299224,1591.6712201823611,764.4502754138007,0.05
10.360724507804944,8.427199440405646,1679.490941659146,3108.013224993088,1.3769694351958984e-05,3108.0132112233937,1554.0066056116968,1554.0066193813911,764.2368647712137,0.05
11.220436617840775,8.961056243041233,1679.6871718045572,3492.1272519522768,1.3877574423489312e-05,3492.1272380747023,1746.0636190373511,1746.0636329149256,869.992843887542,0.05
12.045289610998902,9.319947255912258,1679.9952865400007,3851.408795046667,1.381204234114552e-05,3851.4087812346247,1925.7043906173124,1925.7044044293546,960.5508735928701,0.05
9.949773650856974,8.574558095234636,1677.6723733338151,3487.409895857104,1.336591650950064e-05,3487.4098824911875,1743.7049412455938,1743.7049546115102,814.2487146983838,0.05
9.649039115295192,8.413440296788316,1677.223913988698,3659.68323951124,1.3516173243406277e-05,3659.683225995067,1829.8416129975335,1829.8416265137066,840.6239266312457,0.05
11.75864691889025,9.492644040450928,1678.9511031358047,3864.7862860755945,1.400320991346818e-05,3864.7862720723847,1932.3931360361923,1932.3931500394021,956.828576722803,0.05
10.548998252352096,8.908896749111358,1678.2459649919845,3420.967556083677,1.3499179416484718e-05,3420.967542584498,1710.483771292249,1710.4837847914282,822.1011229372489,0.05
10.351263523018668,9.088530619777348,1676.9521755250478,3591.00953557208,1.2971472113176498e-05,3591.009522600608,1795.504761300304,1795.5047742717761,833.3277754201126,0.05
11.54935129046244,9.76059960368016,1677.59201206808,3914.730486610145,1.325875101790161e-05,3914.730473351394,1957.365236675697,1957.365249934448,945.4670199011397,0.05
11.450534685866652,10.104581984485522,1675.9688851816436,3848.581752172982,1.2389727655797426e-05,3848.5817397832543,1924.2908698916272,1924.2908822813547,895.2800946964423,0.05
10.44333379276989,-1.2980840527361153,1667.1651335816707,2369.9641844369044,8.549971860418345e-06,2369.9641758869325,1184.9820879434662,1184.9820964934381,634.0045225022005,0.05
13.301903033411271,-9.20311186700842,1678.0760698031088,2406.7404565491347,1.412504220090761e-05,2406.7404424240926,1203.3702212120463,1203.3702353370884,670.8446559830257,0.15
13.007889757627868,-8.893722168596893,1677.8116365685828,2328.924030997516,1.3748668487839991e-05,2328.9240172488476,1164.4620086244238,1164.4620223730924,653.4550711250733,0.15
12.60104038629534,-8.526013801717236,1677.653728392845,2236.6984491085705,1.3439584765342824e-05,2236.698435668986,1118.349217834493,1118.3492312740775,630.0272885646107,0.15
13.76149078414521,-9.2778602915267,1677.4974700343482,2479.7530666375737,1.4048775546930707e-05,2479.7530525887983,1239.8765262943991,1239.8765403431746,695.0776246585419,0.15
13.069516700919406,-8.599263588513306,1677.0075882251372,2340.9044494872664,1.3180849118103196e-05,2340.904436306417,1170.4522181532086,1170.4522313340578,664.4925919218082,0.15
12.254170334421437,-7.95079853991003,1676.9806612876353,2195.974739613668,1.280912945404238e-05,2195.9747268045385,1097.9873634022692,1097.987376211399,628.4964599475006,0.15
11.952089992498214,-7.300370720564253,1676.131204250923,2170.1975455151555,1.2091697204321787e-05,2170.1975334234585,1085.0987667117292,1085.0987788034263,609.8089531435104,0.05
14.01353794524866,-8.964036608025157,1676.2588870140132,2471.8961180144274,1.311298275268706e-05,2471.8961049014447,1235.9480524507223,1235.948065563705,703.9289480178924,0.15
12.993308552183024,-7.910611321011316,1675.5962202531805,2457.1002356718286,1.199756999583538e-05,2457.100223674259,1228.5501118371294,1228.5501238346992,680.4691063223805,0.05
12.157885191965567,-6.615203085018094,1674.3612145395186,2423.699764426608,1.120390938921336e-05,2423.6997532226987,1211.8498766113494,1211.8498878152586,643.5829570330781,0.05
11.563047437516516,-5.4185591279797,1673.0154135561506,2452.044907843407,1.0579179385751169e-05,2452.044897264228,1226.022448632114,1226.0224592112932,645.4148033664726,0.05
12.71964157419709,-6.355042796926233,1672.8348510080514,2836.0531225299524,1.046712804335376e-05,2836.0531120628243,1418.0265560314122,1418.0265664985402,720.6160624994772,0.05
14.371614638912034,-8.522576475003506,1674.5323458912449,2603.768671065149,1.2131228432353948e-05,2603.768658933921,1301.8843294669605,1301.8843415981887,715.8896420266836,0.05
13.447668863143416,-7.350611820872266,1673.5834794076827,2735.686283026929,1.0958827445367951e-05,2735.6862720681015,1367.8431360340508,1367.843146992878,718.294034979972,0.05
11.422646095097605,-4.440259330026237,1671.327949864512,2287.9982461816367,9.990250881390958e-06,2287.998236191386,1143.999118095693,1143.9991280859438,597.8428116730505,0.05
11.34144292044126,-3.5494592984724163,1669.7040675110743,2399.5552955695107,9.457799443876767e-06,2399.555286111711,1199.7776430558556,1199.777652513655,626.8587298834371,0.05
12.60062715716812,-5.604209899761545,1671.5211873517517,2935.3900469900505,9.824028074042033e-06,2935.3900371660225,1467.6950185830112,1467.6950284070392,723.9949191205161,0.05
13.842085692435225,-6.911551401273855,1671.925399352832,2850.8255219708103,1.0057148204411189e-05,2850.825511913662,1425.412755956831,1425.4127660139793,717.4690163388213,0.05
14.796704991136185,-8.005685514423618,1672.5033303576213,2730.7299198209766,1.1164232319560144e-05,2730.729908656744,1365.364954328372,1365.3649654926046,716.0604288113761,0.05
12.54241389899062,-4.741150709861369,1669.8604577428014,3051.4587349269077,9.05970738348496e-06,3051.4587258672004,1525.7293629336002,1525.7293719933075,728.9950098433123,0.05
12.2927484775841,-3.951314663658169,1668.6900797114822,3062.888623874605,8.672831733284441e-06,3062.888615201773,1531.4443076008865,1531.4443162737184,726.3995280946224,0.05
11.447816932005624,-2.849194752626228,1668.0698494124144,2471.4057057403447,8.667703415870758e-06,2471.4056970726415,1235.7028485363207,1235.702857204024,629.1156694985641,0.05
12.733135799031915,-3.648532620051952,1667.1813504276322,3286.5146706924484,7.935482377681374e-06,3286.514662756966,1643.257331378483,1643.2573393139653,747.6591310186808,0.05
13.38771851328823,-4.796072258018316,1668.3639655735708,3398.016603350818,8.296893164270291e-06,3398.016595053925,1699.0082975269625,1699.0083058238556,773.7109346683641,0.05
14.13199225777347,-6.154789026301004,1669.7685893230173,3046.8719165023967,9.019557902041869e-06,3046.8719074828387,1523.4359537414193,1523.4359627609774,722.4474873566935,0.05
15.220155173456147,-7.499738439060392,1670.4712682667234,2616.162668102142,9.941254182294069e-06,2616.162658160888,1308.081329080444,1308.081339021698,652.6662821774819,0.05
11.765014766843542,-2.28312254056686,1666.211843842693,2770.0135230820324,7.764634449653718e-06,2770.013515317398,1385.006757658699,1385.0067654233335,658.1287398536107,0.05
13.898343900851042,-4.40671241862676,1666.4702015245043,3574.6597734972297,7.422434525949897e-06,3574.6597660747952,1787.3298830373976,1787.329890459832,774.4788300359731,0.05
14.777139560443022,-5.713188841972105,1667.4559813588653,3036.396726755478,7.95649124984436e-06,3036.396718798987,1518.1983593994935,1518.1983673559846,680.6803852230807,0.05
15.635398420467247,-7.014349425886451,1668.4320585553717,2189.3545696247643,8.999732439516107e-06,2189.354560625032,1094.677280312516,1094.6772893122484,530.3996789666667,0.05
16.034821940389136,-6.560809599256967,1666.3831898515589,2001.1579542326883,8.001284690083252e-06,2001.1579462314037,1000.5789731157018,1000.5789811169865,458.0661579764504,0.05
18.783689516207943,-13.05815779588612,1685.7491985457266,1357.5478265451763,1.511036335789473e-05,1357.547811434813,678.7739057174065,678.7739208277699,382.2905531320054,0.15
20.46030995528137,-13.520461737238728,1686.027638927067,1832.5997952382245,1.5698145702049185e-05,1832.5997795400788,916.2998897700394,916.2999054681851,491.36973622369663,0.15
13.973034523000887,-11.758048111069094,1685.7452123622722,1824.5218513611064,1.5977947793667463e-05,1824.5218353831585,912.2609176915793,912.2609336695272,512.1408314282224,0.15
17.026500225508745,-12.643594750030084,1685.9012103016323,2198.568658794695,1.5133778607309044e-05,2198.568643660916,1099.284321830458,1099.2843369642367,608.0870163606257,0.15
17.447844484083188,-12.3972644334869,1684.3654704882322,2099.222753288552,1.4710189329350952e-05,2099.222738578363,1049.6113692891815,1049.6113839993707,584.2543523890349,0.15
19.02124966756997,-12.699998353100144,1684.0094083964193,1431.584765554518,1.4391475516097188e-05,1431.5847511630425,715.7923755815212,715.7923899729968,403.3462688660035,0.15
23.599847335900403,-13.930883572402784,1686.6215286099996,6489.227863351551,1.9083936346157975e-05,6489.227844267614,3244.613922133807,3244.6139412177436,1712.5905479034914,0.15
20.3114804233191,-13.150115993752538,1684.589562892662,1286.577968662839,1.4885647989495772e-05,1286.5779537771912,643.2889768885956,643.2889917742435,353.2542258162156,0.15
21.85070725932125,-13.634433484180764,1685.3733196385665,3777.324399798312,1.6175127089299693e-05,3777.3243836231845,1888.6621918115923,1888.6622079867195,1003.4886810434416,0.15
13.997178074693805,-11.25035790320611,1683.5553903065806,1812.7862836848212,1.5586854901434637e-05,1812.7862680979663,906.3931340489831,906.3931496358381,510.5955983522002,0.15
14.187072567263243,-10.861513075506515,1681.8078752682425,1909.678477893078,1.509493750986172e-05,1909.6784627981406,954.8392313990703,954.8392464940077,536.4863263573766,0.15
15.588083767662306,-12.069452639420472,1685.019670103723,2080.5636349641286,1.51366740091663e-05,2080.5636198274547,1040.2818099137273,1040.2818250504013,584.9385281871196,0.15
15.987125094152246,-11.655656854980746,1682.7969857334876,2057.7194804542337,1.4496949949324562e-05,2057.719465957284,1028.859732978642,1028.8597474755918,584.9616215006472,0.15
18.299756618419604,-12.188183844661117,1682.6565644895377,1836.552607219109,1.387355677045414e-05,1836.5525933455522,918.2762966727761,918.2763105463329,513.8189156877027,0.15
23.5311658883983,-13.59611731665317,1684.6609441195078,5957.135144171283,1.762591420412173e-05,5957.135126545369,2978.5675632726843,2978.567580898599,1583.5801187279508,0.15
21.911767423940702,-13.231684487578429,1683.5870155188109,3291.2622463210987,1.5305088255617705e-05,3291.2622310160104,1645.6311155080052,1645.6311308130935,879.2010380649731,0.15
20.176850411403095,-12.674655931442189,1682.8138609261518,973.6967201922054,1.4181012985180218e-05,973.6967060111924,486.8483530055962,486.84836718660915,266.9721094888471,0.15
14.462557637796412,-10.1443741356394,1678.943330616223,2099.356000218448,1.4121315131986975e-05,2099.355986097133,1049.6779930485666,1049.6780071698815,590.1387596361869,0.15
14.31255897869934,-9.754347370679934,1677.947991843977,2327.120904739238,1.4159606530488389e-05,2327.1208905796316,1163.5604452898158,1163.5604594494223,652.7580290648359,0.15
15.655986730824823,-11.105401184976753,1680.931056908758,1829.4399393242904,1.4217021504332763e-05,1829.439925107269,914.7199625536344,914.719976770656,527.9373117676871,0.15
14.392993445521798,-10.50562776420742,1680.255933824464,1886.819731952976,1.4639274982492509e-05,1886.8197173137012,943.4098586568506,943.4098732961255,533.9965185781343,0.15
15.26284697147366,-10.647211846378063,1679.6323479314444,1973.5547481707624,1.4137418234000946e-05,1973.5547340333442,986.7773670166721,986.7773811540903,563.2661472172606,0.15
19.92362235608128,-12.156443004916206,1681.051336148785,1211.9826161959695,1.3504571183394065e-05,1211.9826026913984,605.9913013456992,605.9913148502703,334.8080277376307,0.15
17.649641572870024,-11.64185317701409,1681.0904691451988,1974.312284280133,1.3464395008837e-05,1974.3122708157382,987.1561354078691,987.156148872264,558.2038666059857,0.15
18.82088883784946,-11.499021370795225,1679.4911090417802,1566.072323940343,1.2897799552739902e-05,1566.0723110425436,783.0361555212718,783.0361684190713,438.37514151179596,0.15
23.509121952559,-13.168112083697068,1682.6033903663615,5445.34355508188,1.6411529337180804e-05,5445.343538670351,2722.6717693351757,2722.6717857467047,1457.92817054569,0.15
21.910734216149525,-12.761136320015709,1681.7074809184614,2888.8414264559174,1.438156650597522e-05,2888.841412074351,1444.4207060371755,1444.420720418742,778.6333166746537,0.15
16.873886875186496,-11.046578161289087,1679.4419544656662,1875.830675642368,1.3303077381058222e-05,1875.8306623392907,937.9153311696454,937.9153444727227,538.5538645422437,0.15
15.52916485317055,-10.384110474613989,1678.3385080723351,1940.7659796936305,1.374649313893149e-05,1940.7659659471374,970.3829829735687,970.3829967200618,555.6724976693453,0.15
15.171907868976536,-9.904745593642795,1677.1414090822436,2224.686825945508,1.3714847534021762e-05,2224.6868122306605,1112.3434061153303,1112.343419830178,631.5378162528033,0.15
20.37441836953133,-11.784021651524364,1679.2678148671462,1429.759404884261,1.2734426247820931e-05,1429.7593921498346,714.8796960749173,714.8797088093436,379.9743050486131,0.15
21.80795329305251,-12.28205020091209,1679.9665091891195,2157.772813292409,1.3634592334077163e-05,2157.7727996578164,1078.8863998289082,1078.8864134635007,577.7811569961391,0.15
16.80258727588775,-10.523116047283548,1677.434797170793,1719.7689125717943,1.2897145429771589e-05,1719.768899674649,859.8844498373245,859.8844627344698,497.9334392879623,0.15
18.45890949702391,-10.981923010540385,1677.7717517076214,1662.8112400369453,1.2334180214883746e-05,1662.811227702765,831.4056138513826,831.4056261855627,464.8787226089138,0.15
19.778384957711687,-11.378371015936509,1678.2308433091582,1334.8655521697078,1.2336860652197091e-05,1334.8655398328472,667.4327699164236,667.4327822532842,361.21176168174605,0.15
23.52495615311896,-12.684617222119156,1680.5309669863332,5085.720977747905,1.5407801205440978e-05,5085.720962340103,2542.8604811700516,2542.860496577853,1383.601638660844,0.15
16.233532752910037,-9.953660423871522,1675.880137095057,1937.937644626444,1.278611645106028e-05,1937.9376318403274,968.9688159201637,968.9688287062802,556.3151598190668,0.05
23.568863239244507,-12.171151582393051,1678.4698287149834,4289.770633833679,1.4192772358781865e-05,4289.770619640907,2144.8853098204536,2144.8853240132257,1179.2235206221453,0.05
21.55528069185524,-11.6557753182792,1677.847706183053,1606.1537943854971,1.236109259332606e-05,1606.1537820244046,803.0768910122023,803.0769033732948,426.9042167572421,0.15
18.164532100036062,-10.50398485450711,1676.092060568106,1490.3582221547747,1.1931120007252072e-05,1490.3582102236546,745.1791051118273,745.1791170429474,420.00429756369107,0.15
19.939289137135688,-10.99040240654156,1676.617658079785,1366.2779683967676,1.1691547490856576e-05,1366.27795670522,683.13897835261,683.1389900441576,357.08667717713485,0.15
17.412333363028605,-9.886152868417604,1674.2314365991194,1558.311409364214,1.1890455248875908e-05,1558.3113974737587,779.1556987368793,779.1557106273345,448.1791457703673,0.05
23.63345562449459,-11.641750091620954,1676.414576065179,3990.858945231065,1.3008659273859209e-05,3990.8589322224057,1995.4294661112028,1995.429479119862,1058.5698183564348,0.05
21.94826350690227,-11.113671735435346,1675.552701373969,1704.03561212421,1.1457439513094058e-05,1704.0356006667705,852.0178003333853,852.0178117908248,454.14005904663145,0.15
19.928445813292846,-10.454007947198187,1674.505690753526,1313.5107302329964,1.0940145072138822e-05,1313.5107192928513,656.7553596464256,656.7553705865707,335.3765130058754,0.15
18.510226994356668,-9.740276928157448,1672.5144304682292,1274.0619103228055,1.0872207513032182e-05,1274.061899450598,637.030949725299,637.0309605975065,365.23194892327064,0.15
23.713062954834367,-11.108280083304784,1674.3629893565335,3557.7725471425647,1.1784635167795532e-05,3557.7725353579294,1778.8862676789647,1778.8862794636,896.1260839047566,0.05
22.311328167672063,-10.636126719855204,1673.500513358304,1551.1968057551685,1.0452900730807004e-05,1551.1967953022677,775.5983976511338,775.5984081040347,411.17098721190155,0.15
20.79522286025045,-10.043850745695377,1672.193784342134,1218.697926704264,9.86912781374112e-06,1218.6979168351363,609.3489584175682,609.3489682866959,285.68658363405456,0.15
19.545488493941868,-9.547132346309745,1670.76216185195,1116.9488896480382,9.850068827357088e-06,1116.9488797979693,558.4744398989847,558.4744497490535,304.4894541260007,0.15
23.803352850561897,-10.58053738164512,1672.3117390227524,2995.144208344745,1.0716440720817282e-05,2995.1441976283045,1497.5720988141522,1497.5721095305928,737.4309725538092,0.05
22.47640532961009,-10.232155051559358,1671.8257631453066,1582.1744194135026,9.7493408129214e-06,1582.1744096641619,791.0872048320809,791.0872145814217,423.56342480955436,0.15
21.786613545443075,-9.792267692925394,1670.4749574763823,1368.4638890677843,9.150321330581344e-06,1368.463879917463,684.2319399587315,684.2319491090528,340.0679989746526,0.15
20.53139217923217,-9.323738063344017,1668.985648132558,1207.7035309942714,8.862385629737723e-06,1207.7035221318858,603.8517610659429,603.8517699283285,331.63816439613885,0.15
23.90160203001826,-10.066748465530909,1670.2575374035405,2731.357002933495,9.618028889950858e-06,2731.3569933154663,1365.6784966577331,1365.678506275762,652.385822529595,0.05
22.416831633198864,-9.463381715835888,1668.6444929847598,1506.6197467193094,8.352448792179457e-06,1506.6197383668607,753.3098691834304,753.3098775358791,409.70961353752887,0.15
21.47609459246847,-9.080494163852142,1667.1894508126334,1540.057681840782,7.959108560025537e-06,1540.0576738816733,770.0288369408366,770.0288448999453,390.8513512851026,0.05
24.005593697421062,-9.575397217220615,1668.1983343476354,2613.880901468449,8.635452182886949e-06,2613.880892832997,1306.9404464164984,1306.9404550519505,608.2716462129472,0.05
22.82377633142624,-9.20132558763718,1667.20361228276,1724.5986806808685,7.695779788292962e-06,1724.5986729850888,862.2993364925444,862.2993441883241,438.0163278732762,0.05
24.112980889994574,-9.116806102510854,1666.1366902361065,2475.645985603184,7.594779965253691e-06,2475.6459780084037,1237.8229890042019,1237.822996598982,562.325810265592,0.05
11.537602611043084,8.748929515751948,1684.442849817249,2217.762934430676,1.361001986692464e-05,2217.7629208206563,1108.8814604103281,1108.881474020348,661.4348790420355,0.05
12.411650637208496,9.3770588245056,1684.743475761019,1975.8887773639049,1.3815806069099678e-05,1975.8887635480987,987.9443817740494,987.9443955898555,626.5535940225337,0.05
13.17166117108176,10.176911242143197,1685.5096871683054,2157.076926906552,1.4758050635702228e-05,2157.0769121485014,1078.5384560742507,1078.5384708323015,648.1082693356738,0.15
12.341279264461242,10.17216520901418,1686.1590793475232,2474.0628678615176,1.5056491579971766e-05,2474.062852805026,1237.031426402513,1237.0314414590046,722.1508771277269,0.15
12.214530376095183,9.77196288295921,1685.6586412633578,2293.531788021118,1.4675940543115516e-05,2293.531773345177,1146.7658866725885,1146.7659013485293,684.9154521912661,0.15
12.103563806153463,8.87951641914992,1683.7794276029529,2286.69459291043,1.2881075040191506e-05,2286.6945800293547,1143.3472900146774,1143.3473028957526,630.5368583536991,0.05
13.85810930962425,9.956624688548436,1684.4212375885788,1966.3963012271413,1.420667322216281e-05,1966.396287020468,983.198143510234,983.1981577169073,607.5205799206116,0.05
12.976604587017752,9.307046681251173,1683.616273282479,2352.375776215075,1.3313518592695836e-05,2352.3757629015563,1176.1878814507781,1176.1878947642967,632.2099522766039,0.05
12.14508621371344,8.806451693527892,1682.9058034077527,2620.025772010717,1.2472835844349556e-05,2620.025759537881,1310.0128797689406,1310.0128922417764,668.0129183938484,0.05
14.729557019881632,10.072180850705967,1683.7562433593089,2149.0460646303777,1.457769832865154e-05,2149.046050052679,1074.5230250263396,1074.523039604038,603.3813664691899,0.05
13.768043296841135,9.59499791759264,1683.002690521713,2797.3526909878565,1.3989121666685423e-05,2797.3526769987348,1398.6763384993674,1398.676352488489,720.6557389442634,0.05
12.596558308753304,9.075363058732917,1682.2277808730123,3156.3935753259925,1.3325238104133885e-05,3156.3935620007546,1578.1967810003773,1578.1967943256152,788.5815145153801,0.05
14.587224944485104,9.830799415697696,1682.2802915481147,3077.0780254451884,1.3946456253135551e-05,3077.078011498732,1538.539005749366,1538.5390196958224,768.1703535920027,0.05
13.411525381375569,9.508384684045188,1681.5762521844997,3592.8268468497868,1.3622161898195938e-05,3592.826833227625,1796.4134166138124,1796.4134302359744,890.2686296772428,0.05
12.369004949622614,9.21401790548464,1680.919287556713,3722.3141211980624,1.3582707061906452e-05,3722.314107615355,1861.1570538076776,1861.1570673903848,925.750911370244,0.05
13.053933785369564,9.622215540491014,1680.3895896719348,3991.47858752186,1.3475811265561343e-05,3991.478574046049,1995.7392870230244,1995.7393004988355,989.8302892039785,0.05
14.410312517599356,9.932240534462576,1680.7787087400006,3762.767428446101,1.331842864686336e-05,3762.7674151276724,1881.3837075638362,1881.3837208822647,926.045125415588,0.05
14.325659540129251,10.22579183154281,1679.492446512031,4073.844535076568,1.3033716215947412e-05,4073.8445220428516,2036.9222610214258,2036.922274055142,1006.2898195708557,0.05
12.790399055505029,9.82817194021097,1679.323791262026,4093.215877160443,1.3525138821081978e-05,4093.2158636353042,2046.6079318176521,2046.607945342791,1015.5351884622328,0.05
12.358159948229464,9.96131918563712,1678.2714426240077,3971.0655072577,1.326807635659386e-05,3971.065493989624,1985.532746994812,1985.5327602628881,977.20438514521,0.05
13.273543079943815,10.244192235032395,1678.4570571550423,4023.788055324471,1.3114939133012203e-05,4023.788042209532,2011.894021104766,2011.894034219705,995.6719058759087,0.05
12.935845540851128,10.557803365746176,1676.934028121952,3842.933019977365,1.255767337932003e-05,3842.9330074196914,1921.4665037098457,1921.4665162675192,932.9578697311417,0.05
12.422964014492386,10.778022271015873,1675.2785106552965,3624.782480107092,1.2017783924155674e-05,3624.782468089308,1812.391234044654,1812.3912460624379,849.134799473824,0.05
13.535633289019358,11.12830959760119,1675.5342017946043,3508.314481811145,1.1807892080027236e-05,3508.314470003253,1754.1572350016265,1754.1572468095185,845.1015159957567,0.05
14.310713682561362,10.612694302320309,1678.108442947531,4012.454504442695,1.249153036248543e-05,4012.4544919511645,2006.2272459755823,2006.2272584671127,991.2853692402929,0.05
14.37595831619958,11.066779505554528,1676.5565567502974,3547.331779383437,1.180342086255836e-05,3547.3317675800163,1773.6658837900081,1773.665895593429,876.4554995101531,0.05
14.461192199696098,-9.48623694075344,1676.9266174497568,2474.7269116579,1.3896883105700915e-05,2474.726897761017,1237.3634488805085,1237.3634627773915,697.8490009027938,0.15
15.023100762210886,-9.45887157552472,1675.9522722505944,2434.204971357404,1.3116988390898762e-05,2434.204958240415,1217.1024791202076,1217.1024922371962,694.7669587958185,0.15
15.587097943621416,-9.173539877948512,1674.1748938662313,2540.3587661567867,1.245714779757673e-05,2540.358753699639,1270.1793768498194,1270.1793893069673,691.5299655715756,0.05
16.53506145709838,-9.224491589427885,1672.8102842280286,2398.1662431550844,1.201615490379927e-05,2398.1662311389296,1199.0831155694648,1199.0831275856196,621.681614475359,0.05
17.53323405225688,-9.182855970710484,1671.1501078955723,2199.307155989303,1.1175974351146378e-05,2199.3071448133283,1099.6535724066641,1099.6535835826387,540.6498513043252,0.05
16.116233591956124,-8.494640477433187,1671.2057031932989,2627.1409156442883,1.0957609877795022e-05,2627.1409046866784,1313.5704523433392,1313.570463300949,665.3635921391667,0.05
18.58486528615731,-9.11765323125704,1669.4691768857251,2110.1477222157573,1.0259267796255533e-05,2110.1477119564897,1055.0738559782449,1055.0738662375124,476.74177201881946,0.05
16.740638245540254,-8.330100689095975,1669.470906253974,2739.9773124351573,1.0603862939980449e-05,2739.9773018312944,1369.9886509156472,1369.98866151951,644.7153319305218,0.05
18.03714373801619,-8.638493601931009,1668.0728198920451,2765.1085431131305,1.0095603368635574e-05,2765.108533017527,1382.5542665087635,1382.554276604367,597.5267593324293,0.05
19.475558353523827,-8.996828238262786,1667.8737423624186,2126.664969912092,9.271827638877296e-06,2126.6649606402643,1063.3324803201322,1063.33248959196,453.30758898357027,0.05
16.864339674339586,-7.757834244611537,1667.4715109797503,2383.371523735133,9.420192412295916e-06,2383.3715143149407,1191.6857571574703,1191.6857665776627,535.5650419854705,0.05
18.36762331511664,-8.414819865349449,1666.49222989548,3108.2766476921192,9.423477144740718e-06,3108.2766382686423,1554.1383191343211,1554.138328557798,618.2351557804037,0.05
20.284961086116382,-8.786327521064607,1665.8918412612134,2358.9016075124,8.254718285036546e-06,2358.901599257682,1179.450799628841,1179.450807883559,470.52233869359276,0.05
17.04255950769959,10.212102408102847,1681.7826556,1993.7333975564743,1.1195150425783478e-05,1993.733386361324,996.866693180662,996.8667043758123,483.94969077837953,0.05
17.40995789426246,10.352219509863977,1680.932892347249,2187.4099108640744,1.122891645037047e-05,2187.409899635158,1093.704949817579,1093.7049610464953,552.3711433780938,0.05
16.29957100377902,10.124041375187854,1681.470410137383,2431.373185382462,1.1330846960549773e-05,2431.373174051615,1215.6865870258075,1215.6865983566545,587.8776530677239,0.05
16.24483366544152,10.237188823591932,1680.674504999562,2814.463510951788,1.1438480189059384e-05,2814.463499513308,1407.231749756654,1407.2317611951341,693.6326523761193,0.05
15.451172936427072,10.042403939309342,1681.1411928732546,2984.903421552191,1.193067674423225e-05,2984.903409621514,1492.451704810757,1492.451716741434,725.4478621416059,0.05
17.79860732174389,10.60671019651808,1679.9512859507229,2337.5297909334927,1.1634383814653466e-05,2337.5297792991087,1168.7648896495543,1168.7649012839383,626.039082942983,0.05
16.690929736652105,10.425397148343922,1680.0745036922588,2804.148965917117,1.142826912204896e-05,2804.1489544888477,1402.0744772444239,1402.0744886726932,710.0074279444067,0.05
15.549711913081312,10.323856371930784,1679.8722200405662,3442.54108230275,1.2008231236457671e-05,3442.5410702945187,1721.2705351472594,1721.2705471554907,853.2399744468302,0.05
15.2504235233565,10.558210695370514,1678.8456850267598,3654.580906197983,1.2115565441439034e-05,3654.5808940824177,1827.2904470412088,1827.2904591567742,912.9880675667362,0.05
16.69346636701741,10.708624769465866,1678.9753637998788,3126.656453058928,1.1659663144810963e-05,3126.656441399265,1563.3282206996325,1563.3282323592955,802.415995350939,0.05
18.24072247989977,10.972984958402389,1678.6846247700007,2425.8084874972237,1.1492786956729062e-05,2425.8084760044367,1212.9042380022183,1212.9042494950054,672.3887869232719,0.05
15.705198145979825,10.955276134446136,1677.6735448196691,3375.6436397616635,1.1423341636914177e-05,3375.643628338322,1687.821814169161,1687.8218255925026,854.5928287477013,0.05
17.047006174187466,11.204462038015372,1677.3398479640368,2948.738701779341,1.1034074884574591e-05,2948.7386907452665,1474.3693453726332,1474.369356406708,774.9254923922978,0.05
15.815203975541603,11.401852066907884,1676.1462075271943,3154.171991826934,1.0842933368048095e-05,3154.1719809840006,1577.0859904920003,1577.0860013349338,797.0475846442487,0.05
16.238203774730216,10.710231403261997,1684.5598572853407,1290.1650431776393,1.446975268946802e-05,1290.1650287078867,645.0825143539433,645.082528823696,428.44659794650335,0.05
16.616690982776095,11.407743335865302,1685.7655307834857,1617.6650882163922,1.501678651914462e-05,1617.6650731996056,808.8325365998028,808.8325516165894,505.1117760294824,0.15
17.367820714419768,10.701990408894524,1684.2241408228049,983.3473732626176,1.2971666404228492e-05,983.3473602909512,491.6736801454756,491.67369311714197,287.9043138031824,0.05
16.897957784418086,10.3736376948397,1683.3946755332142,1417.7845581152403,1.2422468719353658e-05,1417.7845456927716,708.8922728463858,708.8922852688545,353.544559246969,0.05
15.813794362953326,10.172436442317258,1683.137470679918,2035.46789092954,1.3293878116136187e-05,2035.467877635662,1017.733938817831,1017.7339521117091,515.1165051975956,0.05
16.56861846196467,10.160740365446774,1682.3658654271137,1969.8634672176008,1.170462665731432e-05,1969.8634555129743,984.9317277564871,984.9317394611137,473.69415233047846,0.05
17.432628088166826,10.288505114114116,1682.5993470811193,1560.9728791392374,1.1425253354997594e-05,1560.972867713984,780.486433856992,780.4864452822454,374.9048562860103,0.05
18.277583540501617,10.930321707337448,1684.5986237692816,753.3011748106851,1.3505870040884276e-05,753.3011613048151,376.65058065240754,376.65059415827756,250.4305406326928,0.05
17.355179281719547,11.025866802940753,1684.9367423360418,953.3618947650896,1.3752513206634216e-05,953.3618810125764,476.6809405062882,476.68095425880136,321.1720434859965,0.1
18.748734989499944,11.657024404402833,1685.9526210899987,1222.7979114474754,1.4625049629459931e-05,1222.7978968224259,611.3989484112129,611.3989630362624,388.77579591935006,0.1
17.83776758323795,10.50213769923681,1683.508983899958,1130.908346114226,1.2230227159301631e-05,1130.908333883999,565.4541669419995,565.4541791722266,279.8355081494676,0.05
15.84019122553379,10.053298827694832,1682.0669993790375,2471.486708080175,1.2371620999284865e-05,2471.486695708554,1235.743347854277,1235.743360225898,597.2600974365187,0.05
21.55898946409803,10.659504132891575,1683.1043325475127,816.6810233323596,1.3001804008534974e-05,816.6810103305555,408.34050516527776,408.3405181670818,234.51960201444678,0.15
22.7604125195005,10.8493113979029,1684.814947759999,1125.4325184599195,1.4325011348813635e-05,1125.4325041349082,562.7162520674541,562.7162663924654,298.32329715497224,0.15
23.1928188542134,10.483704587344809,1682.7715345946856,767.7706283317933,1.321902572091046e-05,767.7706151127676,383.8853075563838,383.8853207754095,244.9614133995053,0.2
22.06813406905836,10.696151108164234,1681.3558043177609,1064.366785961339,1.28078328081701e-05,1064.3667731535063,532.1833865767532,532.1833993845859,313.7970883498906,0.25
20.387074978581158,10.663706925311098,1681.4593606055132,926.9009969433364,1.2429537049152427e-05,926.9009845137994,463.4504922568997,463.4505046864367,310.00160541489123,0.25
20.969922988294893,10.847389139101889,1680.317171977851,1391.8153667097715,1.2312758789702027e-05,1391.8153543970127,695.9076771985063,695.9076895112652,415.0258811480321,0.25
19.321346107659355,10.782835080097149,1680.0337104180037,1626.3248173803124,1.19857181581792e-05,1626.3248053945943,813.1624026972971,813.1624146830153,493.2633815470349,0.05
23.64308589994207,10.612545438255257,1680.8317831856596,1786.8094829427816,1.2450361508331616e-05,1786.8094704924201,893.4047352462101,893.4047476965716,498.5126565610815,0.05
22.38801565164724,10.977623773511556,1679.5038448309865,1917.104495163692,1.2080769279689535e-05,1917.1044830829228,958.5522415414614,958.5522536222306,556.4357122150838,0.05
20.509992381737945,11.199252782545344,1678.4772792051003,1853.884541217556,1.1739678244322158e-05,1853.8845294778778,926.9422647389389,926.9422764786171,568.2932043935823,0.05
19.03349254483268,11.496740530684896,1676.8887240276729,2325.6420417333807,1.0823295371181686e-05,2325.6420309100854,1162.8210154550427,1162.821026278338,657.6274265788336,0.05
17.62530206787783,11.716379311419322,1675.6294721426375,2603.533354748105,1.0276057726411734e-05,2603.5333444720472,1301.7666722360236,1301.7666825120814,689.2921075610541,0.05
16.186700708768917,11.870672059514831,1674.5356277610515,2458.688114599407,1.0326542672804624e-05,2458.6881042728646,1229.3440521364323,1229.3440624629748,629.3181756692267,0.05
16.502392539432773,12.344801716333548,1672.771336592115,1802.5674577647485,9.403802102624206e-06,1802.5674483609464,901.2837241804732,901.2837335842753,465.9018194694706,0.05
24.11637093860025,11.010039660602365,1678.8099438600009,2617.973782815222,1.2050870770063436e-05,2617.9737707643512,1308.9868853821756,1308.9868974330464,685.9868234859807,0.05
24.52215681348232,11.45406520069244,1676.9317575422515,2784.6581003236483,1.1567966915122282e-05,2784.6580887556815,1392.3290443778408,1392.3290559458076,711.1936394989912,0.05
22.52907035278363,11.3982518222101,1677.6344195125769,2367.984397180473,1.1357810986874593e-05,2367.9843858226623,1183.9921929113311,1183.992204269142,650.4207481186677,0.05
21.085395108886463,11.707714042591553,1676.4187502856066,2086.796277365036,1.0694736173986411e-05,2086.7962666702997,1043.3981333351499,1043.3981440298862,596.5720423042609,0.05
23.03093731185312,11.858955111975297,1675.731715394773,2258.640121065785,1.0498113712169772e-05,2258.6401105676714,1129.3200552838357,1129.3200657819493,595.982155589206,0.05
18.01910204931491,12.186155357522056,1673.9235382529043,2069.37772451488,9.599556485769848e-06,2069.3777149153234,1034.6888574576617,1034.6888670572182,548.7132335668132,0.05
21.49172663437077,12.170772740473684,1674.578517720987,1838.429384454852,9.809427131132493e-06,1838.4293746454248,919.2146873227124,919.2146971321396,506.98609614299295,0.05
19.51345297935473,11.978594760813564,1675.1083068178852,2115.383801683216,1.0118930779389214e-05,2115.3837915642853,1057.6918957821426,1057.6919059010734,587.9884091478555,0.05
24.87706858653856,11.892105444302636,1675.04020194151,2534.7511499106968,1.0758213850894823e-05,2534.751139152483,1267.3755695762416,1267.3755803344552,633.1137166812723,0.05
23.40088255977945,12.28869838680752,1673.9558598176268,1881.741214120928,9.840750994592462e-06,1881.7412042801768,940.8706021400884,940.8706119808395,494.7830205784369,0.05
25.17727489164362,12.293187561705516,1673.130267316372,2332.571422075938,1.0175312037172747e-05,2332.5714119006257,1166.2857059503128,1166.285716125625,578.1085627889489,0.05
23.67950897011755,12.700554363737526,1672.1613883440198,1454.5504947832196,9.193485443788618e-06,1454.550485589734,727.275242794867,727.2752519883526,394.85577750241356,0.05
21.860023674002697,12.607218112250738,1672.8164137746269,1460.517561445935,9.163693795880196e-06,1460.517552282241,730.2587761411205,730.2587853048144,395.7989903030559,0.05
19.92787904537142,12.441354211837313,1673.3367645910398,1867.5698855816224,9.408354730237894e-06,1867.5698761732676,933.7849380866338,933.7849474949886,495.65572286299425,0.05
18.422124533709944,12.67987562188422,1672.0406842699256,1703.720603986483,8.825263003974589e-06,1703.72059516122,851.86029758061,851.860306405873,432.45633780330303,0.05
16.90629286452634,12.860883398717949,1670.7651627147584,1237.8632378883497,8.47777640193067e-06,1237.8632294105732,618.9316147052866,618.931623183063,321.5675505615692,0.05
19.002294217652185,13.205023175148844,1669.968317001813,1451.6269657917712,7.855761334721619e-06,1451.6269579360098,725.8134789680049,725.8134868237663,345.2318608369525,0.05
20.323514512566987,12.875067256861431,1671.614565495024,1481.4598754078625,8.614557034192526e-06,1481.4598667933053,740.7299333966527,740.7299420112098,371.0277644543226,0.05
17.201809965388954,13.324336832232056,1668.8369454645942,911.3529417775176,7.58974897818962e-06,911.3529341877686,455.6764670938843,455.6764746836333,240.78816333959062,0.05
25.425746920900416,12.64488494600161,1671.204630940001,2173.5220568337727,9.25764319186136e-06,2173.5220475761294,1086.7610237880647,1086.761033045708,539.1370102497713,0.05
20.95292800401376,13.2439025027592,1670.108162085589,1114.7828916300805,7.986254067228142e-06,1114.7828836438264,557.3914418219132,557.3914498081673,281.4386209405162,0.05
20.512032194722853,13.63269295671738,1668.3437252087244,1062.8730685054506,7.178367888725414e-06,1062.8730613270827,531.4365306635414,531.4365378419093,256.1538180356483,0.05
18.64580573468731,13.609695229671985,1668.0721802651576,1211.3987246637398,7.204667439893949e-06,1211.3987174590725,605.6993587295362,605.6993659342036,280.1983875496773,0.05
17.404853369389137,13.759914357702524,1666.899779755158,926.15472455547,6.770016509873059e-06,926.1547177854535,463.07735889272675,463.07736566274326,230.84037957395628,0.05
19.474232698707294,14.056141801621392,1666.200301141856,1009.8706289142136,6.336338417292635e-06,1009.8706225778752,504.9353112889376,504.935317625276,240.81974883597348,0.05
21.785639934755604,13.939743200071408,1666.9035663845004,624.097416016809,6.694489941818701e-06,624.0974093223191,312.04870466115955,312.04871135564946,196.67661838936033,0.25
24.624464599257987,13.197575173568795,1669.248338499485,1672.488886496449,8.18645506348383e-06,1672.4888783099939,836.2444391549969,836.244447341452,428.21321566955606,0.05
23.81725890638799,13.70365998915847,1667.277294314681,1206.0599095102712,7.166690610407202e-06,1206.0599023435805,603.0299511717902,603.0299583384809,326.87503741467526,0.05
22.549645520934597,13.435425192487855,1669.1749644061508,736.9673260213339,7.730451712657902e-06,736.9673182908822,368.4836591454411,368.48366687589277,231.7011929411741,0.25
22.219287853576823,13.012671901057235,1671.1009025249691,988.3370254843056,8.576513104332975e-06,988.3370169077925,494.16850845389627,494.16851703040936,288.01986610364594,0.05
23.65835393351989,13.041856416946484,1670.6516569415514,1287.0014255730218,8.534882038403721e-06,1287.0014170381398,643.5007085190699,643.5007170539519,354.0028867951515,0.05
20.82527174153011,11.404965896861604,1685.6250631525563,1022.6223640052835,1.4035144683594246e-05,1022.6223499701389,511.31117498506944,511.3111890202141,312.37501166171256,0.1
21.77302782255859,11.858166540013752,1686.6421020436107,1643.1458373801129,1.5208074391394978e-05,1643.1458221720384,821.5729110860192,821.5729262940937,492.1497142632322,0.15
23.26740218141595,11.5934852593399,1686.7318499557546,1921.5939221840972,1.5070608331625128e-05,1921.593907113489,960.7969535567445,960.7969686273527,544.0100935887207,0.15
19.493751129469207,11.027974222047003,1684.707221343827,695.0371215031981,1.3505262164311978e-05,695.037107997936,347.518553998968,347.51856750423013,241.4288737482961,0.15
18.56923943671368,10.446779874503305,1682.6405085273864,1229.673351526477,1.1987400643867107e-05,1229.6733395390763,614.8366697695382,614.8366817569389,312.5249016648231,0.05
19.279528603222836,10.71229024501474,1683.7897491543447,859.035583820934,1.2878201694183706e-05,859.0355709427323,429.51778547136615,429.51779834956784,251.83420532053867,0.05
19.88953388744464,10.607978267274492,1682.9319017754246,845.2328795895568,1.2720712947664837e-05,845.2328668688439,422.61643343442194,422.61644615513484,261.0740339429425,0.15
20.631036534974804,10.85796196444956,1684.1930154977322,748.2511531799872,1.3465530703391103e-05,748.2511397144565,374.12556985722824,374.125583322759,220.30190938574037,0.15
17.92690025770997,10.345538492721412,1681.7903348117884,1699.8421316525146,1.1479223581992894e-05,1699.842120173291,849.9210600866455,849.921071565869,428.7360560425384,0.05
19.090444977158175,10.528235189956314,1681.5874550387753,1261.9343531862537,1.2184404601752334e-05,1261.9343410018491,630.9671705009246,630.9671826853291,368.1692800510396,0.05
18.160729960564478,10.467465211914115,1680.9543769773254,1753.8895996574574,1.1498201564883566e-05,1753.889588159256,876.944794079628,876.9448055778295,468.5660639761781,0.05
25.648721229651954,12.97422807461524,1669.0818059114772,2093.692311927672,8.167495732587968e-06,2093.6923037601764,1046.8461518800882,1046.846160047584,505.79770251586876,0.05
24.88158775834632,13.485123088998606,1667.3239970583863,1701.8055525863608,7.311605162739238e-06,1701.8055452747556,850.9027726373778,850.902779948983,419.6051815049862,0.05
25.84028307921518,13.259925330673864,1666.9489815720217,2011.342626801308,7.075494973357244e-06,2011.342619725813,1005.6713098629065,1005.6713169384014,467.2220940876783,0.05
24.73321315228652,13.74624102686152,1665.9594032069006,1608.6683653242646,6.551861318121391e-06,1608.6683587724033,804.3341793862016,804.334185938063,383.43706085634176,0.05
26.87471713370072,9.757767132902645,1682.1365984100005,1841.1587456456095,1.2604559351730703e-05,1841.1587330410503,920.5793665205251,920.5793791250844,482.27221679090275,0.05
26.10125253111011,9.840800659973713,1682.7241586223304,1295.255833050844,1.2026111520750804e-05,1295.2558210247325,647.6279105123663,647.6279225384778,353.093119246112,0.05
27.02832476896669,9.566724323453432,1683.1000259380778,1269.5813029556311,1.2401964070840935e-05,1269.581290553667,634.7906452768335,634.7906576787976,360.5657410249284,0.05
26.30835202232738,9.983824805482142,1681.6421831275954,2007.46173578322,1.2436196764381672e-05,2007.4617233470233,1003.7308616735116,1003.7308741097085,521.2146293489294,0.05
25.639832556199877,10.060042143262391,1684.8387617727465,1076.4747470841548,1.2291708629152404e-05,1076.4747347924463,538.2373673962231,538.2373796879317,283.7404992826203,0.15
24.371808957577723,10.676255488003292,1685.5233560610395,1385.0275010485293,1.3621393790923212e-05,1385.0274874271356,692.5137437135678,692.5137573349615,359.91694653086125,0.15
25.98543464928477,10.292126589891616,1685.9578689094774,1686.535497758436,1.3277872098089064e-05,1686.5354844805638,843.2677422402819,843.267755518154,445.73106874189216,0.15
26.405947537343614,9.847962046813286,1685.0110556715456,1183.9900381271025,1.2418279615193216e-05,1183.990025708823,591.9950128544115,591.995025272691,316.6429968622469,0.15
27.517387889201125,9.738683878062831,1685.992690779999,1794.3184790477949,1.359219124793703e-05,1794.3184654556037,897.1592327278019,897.159246319993,463.4170516224596,0.15
27.23363718124235,9.48235591171467,1684.34490534802,988.7581929873508,1.247753326010562e-05,988.7581805098175,494.37909025490876,494.379102732442,297.5863013539427,0.15
26.282920882953142,9.7352399671455,1683.9151407595928,754.1352597037053,1.2027425958213844e-05,754.1352476762793,377.06762383813964,377.06763586556565,252.06778567841738,0.2
24.72080375515325,10.173398261506444,1683.7595317581822,773.4391098844434,1.255183218456054e-05,773.4390973326113,386.7195486663056,386.71956121813776,224.2302948006334,0.2
25.05538563015669,10.15069839349796,1682.19687926787,1404.744631287539,1.217283981157705e-05,1404.7446191146992,702.3723095573496,702.3723217301895,385.05127830112315,0.05
25.67671727593538,10.257937969267998,1680.9683203662998,2205.654757533351,1.2335996289752118e-05,2205.6547451973547,1102.8273725986774,1102.8273849346738,572.7792679496341,0.05
24.96179524664413,10.602594094611192,1680.0380888547386,2479.4198523993905,1.2013073426186916e-05,2479.419840386317,1239.7099201931585,1239.709932206232,642.3019876072689,0.05
30.24287410562197,8.56259461593843,1686.4841589694556,2359.546134462272,1.532796803448617e-05,2359.5461191343043,1179.7730595671521,1179.77307489512,596.517654105104,0.15
28.81925217721448,9.121366353535214,1685.6219880201154,1825.3538525267584,1.4339463101768618e-05,1825.3538381872952,912.6769190936476,912.6769334331108,464.3694745003835,0.15
31.214507038039823,7.700003218266578,1685.4701672563365,2258.68919290288,1.4986399691430205e-05,2258.6891779164807,1129.3445889582404,1129.3446039446399,597.3250507956782,0.15
30.027509746518724,8.438296320681417,1684.8552678831884,1914.429376875056,1.4818541142420736e-05,1914.429362056515,957.2146810282575,957.2146958467986,506.0238515121367,0.15
31.0440939685017,7.789555876542241,1683.78759913,2071.313678898526,1.4896113000549787e-05,2071.313664002413,1035.6568320012066,1035.6568468973196,579.980563458986,0.15
24.353401669272927,-13.525677690809754,1684.894006405235,6401.167460376424,1.815258760371623e-05,6401.167442223837,3200.5837211119183,3200.5837392645058,1703.3338385378413,0.15
25.03027872776934,-13.048826336560026,1683.16096138518,6274.649872755257,1.7396310936219376e-05,6274.649855358946,3137.324927679473,3137.324945075784,1686.730344550538,0.15
25.66736523556629,-12.500970181503694,1681.3731313017363,6137.134708828505,1.663915690493433e-05,6137.134692189348,3068.567346094674,3068.5673627338306,1669.2420465218986,0.15
24.89872772662705,-12.378965246804004,1679.4699035968938,5792.214513515651,1.5552562998949452e-05,5792.2144979630875,2896.1072489815438,2896.107264534107,1592.6392267376382,0.15
26.29230986446621,-11.873566067121429,1679.4803235089855,5252.828472241748,1.5192242140922108e-05,5252.828457049506,2626.414228524753,2626.4142437169953,1438.7280176450024,0.05
25.189885987694957,-11.996567685417109,1677.9329974486934,6049.616352209785,1.534268706749611e-05,6049.616336867098,3024.808168433549,3024.808183776236,1624.9322554640596,0.05
26.900453368298077,-11.1875481834022,1677.5266739593428,4628.355769653624,1.3676711524298858e-05,4628.355755976912,2314.177877988456,2314.1778916651674,1203.8485231704599,0.05
25.199927401136343,-11.562384329364589,1675.976203030324,6013.914624052156,1.463629533276216e-05,6013.9146094158605,3006.9573047079302,3006.9573193442257,1553.2827331554386,0.05
27.48644055900819,-10.475148777901262,1675.5759954571097,4402.890539568301,1.261949730171913e-05,4402.890526948804,2201.445263474402,2201.4452760938993,1087.086998441139,0.05
25.491138602903508,-11.156294027315305,1674.3561219953117,5584.338309112971,1.3529548082252414e-05,5584.338295583423,2792.1691477917116,2792.1691613212593,1383.4164275577443,0.05
24.94402329169608,-10.898114150721742,1673.1278572750557,4860.866672426914,1.2356389833457404e-05,4860.866660070525,2430.4333300352623,2430.433342391652,1173.7120750380075,0.05
26.46906520388321,-10.66622049126514,1673.243496876452,5455.1365475303965,1.2809268751242197e-05,5455.136534721128,2727.568267360564,2727.5682801698326,1305.7266486829844,0.05
28.065739881764102,-9.747216552245824,1673.630370592263,3501.191505828508,1.1239390328423716e-05,3501.1914945891176,1750.5957472945588,1750.5957585339493,823.8668323409521,0.05
25.224355775248505,-10.489729553884043,1671.442280122989,4683.486253318944,1.1797378366617852e-05,4683.486241521566,2341.743120760783,2341.7431325581615,1091.6261875684079,0.05
26.858560099542142,-10.06131431824554,1670.859836445752,5449.465458112279,1.2177711396766111e-05,5449.4654459345675,2724.7327229672837,2724.732735144995,1230.4971791141409,0.05
28.647284783337565,-9.004952808571728,1671.6903421017394,2986.621949472279,1.0035913453579173e-05,2986.6219394363657,1493.3109697181828,1493.3109797540963,673.3863010347886,0.05
24.98542988439628,-9.989008154906406,1669.425276370821,3899.034935875072,1.0120816601831388e-05,3899.0349257542553,1949.5174628771276,1949.5174729979442,868.0174458614285,0.05
26.57720443956405,-9.834482067499836,1669.1773594951756,5131.23301565326,1.10719348155261e-05,5131.233004581325,2565.6165022906625,2565.6165133625973,1120.0894032721071,0.05
27.8168235127804,-9.243968489047337,1669.0657993529944,4322.608122003393,1.015941805720399e-05,4322.608111843975,2161.3040559219876,2161.3040660814054,929.9062611802204,0.05
29.24117485618677,-8.245903732564487,1669.7604933212558,2527.561096244459,8.978159124848936e-06,2527.5610872662996,1263.7805436331498,1263.780552611309,550.8174920450238,0.05
26.36845930104898,-9.533029980755211,1667.5146313755238,4951.68468332973,1.0027965075707392e-05,4951.6846733017655,2475.8423366508828,2475.8423466788477,1044.6415180549673,0.05
29.86691226700106,-7.464803201411348,1667.84986939,2284.2542224086314,7.933872644583808e-06,2284.254214474759,1142.1271072373795,1142.127115171252,491.83259869355203,0.05
28.32583559641096,-8.68342894922173,1667.5920882067708,3849.889094988134,9.364543023491004e-06,3849.8890856235907,1924.9445428117954,1924.9445521763384,807.6129733597708,0.05
27.49230411209741,-8.92581705994085,1665.890781208266,4705.469715502268,9.073881665595462e-06,4705.469706428386,2352.734853214193,2352.7348622880745,951.790208183303,0.05
28.65044267065541,-8.190958512747095,1665.6360414641715,3613.1483668423534,8.129524187019082e-06,3613.148358712829,1806.5741793564146,1806.5741874859389,735.6632284888507,0.05
30.057597361352084,-7.046931914150139,1665.7956256283674,2286.5135754319194,7.057179403399932e-06,2286.51356837474,1143.25678418737,1143.2567912445495,489.1685088649994,0.05
25.735952832247957,-13.15821624391797,1686.216041924201,5028.638239169352,1.6906124473113942e-05,5028.638222263228,2514.319111131614,2514.319128037738,1342.5852382247103,0.15
27.27260830862886,-12.21519930635157,1686.295778118122,3004.980338765617,1.5380133295504156e-05,3004.9803233854836,1502.4901616927418,1502.4901770728752,819.9647022382667,0.15
30.664383333696478,-9.83081137185564,1686.719758416683,2181.894722387501,1.564458666819689e-05,2181.8947067429144,1090.9473533714572,1090.947369016044,600.0284102599547,0.15
32.247450448130536,-8.410916605535961,1686.4333668006095,2954.213565566111,1.6948948745056825e-05,2954.2135486171624,1477.1067743085812,1477.1067912575297,798.883431065297,0.15
26.30016371230958,-12.640551008662433,1684.612112604324,4555.618193543449,1.5815372635512508e-05,4555.618177728076,2277.809088864038,2277.8091046794107,1229.5487231285106,0.15
28.11067364162889,-11.450529000292326,1684.8646261630847,2077.6890671281544,1.4546973291928336e-05,2077.689052581181,1038.8445262905905,1038.844540837564,584.6446510474477,0.15
31.22054523353268,-9.161522967437216,1684.77214412724,2003.961837137012,1.5002087046119922e-05,2003.961822134925,1001.9809110674624,1001.9809260695496,560.5833898841901,0.15
29.522289712557804,-10.4457501193556,1684.9344245476386,1417.2751990004465,1.4449802957575743e-05,1417.2751845506436,708.6375922753218,708.6376067251247,411.28083858328495,0.15
32.67375796333519,-7.760157838773131,1684.3987647018787,2749.355770903159,1.650532455131117e-05,2749.355754397834,1374.677877198917,1374.6778937042418,758.2718428942865,0.15
31.669864314902043,-8.577827030914108,1683.216830088215,2078.299943248428,1.5035082896786306e-05,2078.299928213345,1039.1499641066725,1039.1499791417555,561.0585534238712,0.05
26.930105879218665,-12.024726160013222,1683.0470810022337,3772.291481253664,1.4698973751641354e-05,3772.2914665546905,1886.1457332773452,1886.145747976319,1033.7053978038912,0.15
28.65299316089086,-10.783643937218027,1682.9555036098564,1716.112642474752,1.3601113166625589e-05,1716.1126288736389,858.0563144368194,858.0563280379325,467.9162302193373,0.05
30.02044426529018,-9.798133250909434,1683.0319166761628,1279.811654213734,1.3862244014058897e-05,1279.81164035149,639.905820175745,639.905834037989,351.3820644261072,0.05
33.00051490610208,-7.113584650951593,1682.3908366899998,2820.424116717906,1.6107841469634e-05,2820.4241006100647,1410.2120503050323,1410.2120664128738,724.2862704447335,0.05
31.790363458223545,-8.209462929823198,1681.5079722499056,2091.739398428187,1.4400510784496882e-05,2091.7393840276764,1045.8696920138382,1045.869706414349,536.5780079041984,0.05
30.76977790438326,-9.042489808638257,1681.7747833628655,1514.1062841192577,1.3509910728259507e-05,1514.106270609347,757.0531353046734,757.0531488145842,385.6964646687713,0.05
27.53440921891936,-11.326740682163765,1681.1792542848598,3056.847584261617,1.3700125592110612e-05,3056.8475705614915,1528.4237852807457,1528.4237989808714,833.177593469631,0.05
29.32162081051464,-9.981408193838892,1681.023332685302,1403.4857557904186,1.2957469732447258e-05,1403.4857428329487,701.7428714164744,701.7428843739442,362.75159767322026,0.05
32.463224169411745,-7.425967668631332,1680.4148993757417,2746.4915748530334,1.4724382360121446e-05,2746.491560128651,1373.2457800643256,1373.2457947887078,673.1029167044014,0.05
30.845700591515588,-8.653928392851745,1679.8637817030929,1386.5958250100414,1.2739424561535108e-05,1386.5958122706168,693.2979061353084,693.297918874733,326.9921429683983,0.05
28.156537676678315,-10.540499216725394,1679.087389968495,2648.4647981541543,1.2507427573144871e-05,2648.464785646727,1324.2323928233634,1324.232405330791,680.6697887586208,0.05
29.5181598281754,-9.481414187502724,1678.936576370672,1383.614159279044,1.208269903933355e-05,1383.6141471963451,691.8070735981726,691.8070856808715,339.4991367976014,0.05
31.965519801606654,-7.523080284185785,1678.3650791200128,2358.151277765139,1.3070289567365908e-05,2358.1512646948495,1179.0756323474247,1179.0756454177144,551.2136449709948,0.05
30.607324495461995,-8.446326557059436,1677.7176864389012,1420.510929290419,1.1671881302182625e-05,1420.5109176185376,710.2554588092688,710.2554704811502,325.20007752061446,0.05
28.82590385065288,-9.705437877853903,1677.090217371987,2125.7342047092675,1.1707667338168856e-05,2125.7341930016,1062.8670965008,1062.8671082084675,521.3758586924666,0.05
31.495647112131262,-7.5234441735995485,1676.271604195769,2051.8845912491706,1.2034774772719953e-05,2051.8845792143957,1025.9422896071978,1025.9423016419728,464.5064092099779,0.05
30.167052459844648,-8.425526315657825,1675.6855669073616,1453.9436082085122,1.0898102234869275e-05,1453.9435973104098,726.9717986552049,726.9718095533073,333.5009984519418,0.05
28.689013779564483,-9.507915835206852,1675.2029212517452,2358.100880725812,1.1052660314820588e-05,2358.100869673152,1179.050434836576,1179.0504458892362,564.6183729553309,0.05
31.056538299897127,-7.489239852960977,1674.172144228775,1854.3738224511264,1.04161391581402e-05,1854.3738120349874,927.1869060174937,927.1869164336327,415.44832379441004,0.05
29.593509052770155,-8.46826411761796,1673.1998186043368,1872.197367977391,1.0057539645632553e-05,1872.1973579198514,936.0986789599257,936.0986890174653,425.66327760062205,0.05
30.645586017834585,-7.459640306996084,1672.067837618053,1746.6889874888448,9.622901728716697e-06,1746.6889778659431,873.3444889329716,873.3444985558732,395.7950186402926,0.05
29.65494336213849,-8.18565661678845,1671.694384890449,2012.311318953251,9.488776214235668e-06,2012.3113094644748,1006.1556547322374,1006.1556642210136,443.1519836832362,0.05
30.253571538877782,-7.446160999579965,1669.9593425662158,1826.2702001506796,8.73800557397682e-06,1826.270191412674,913.135095706337,913.1351044443426,408.9938977269113,0.05
27.28623483524533,9.790556728991534,1681.4896378885642,2266.966427002465,1.3182748801050484e-05,2266.9664138197163,1133.4832069098582,1133.4832200926069,581.431780626454,0.05
26.65184889062441,10.12897510850129,1680.7147209296231,2556.812717163644,1.3035407372870723e-05,2556.8127041282364,1278.4063520641182,1278.4063650995256,645.8380287275222,0.05
27.668996251187544,9.870436446894027,1680.641270513704,2627.470883066226,1.3429059768200685e-05,2627.4708696371663,1313.7354348185831,1313.735448247643,662.9675575275007,0.05
27.077393247308127,10.226753500787886,1679.8828662401042,2882.1735810354576,1.3220752293362962e-05,2882.173567814705,1441.0867839073526,1441.086797128105,717.7799005644902,0.05
28.01449133825452,10.005775786997264,1679.5278264276562,2894.014215755466,1.3081965570765588e-05,2894.0142026735,1447.00710133675,1447.007114418716,712.6937277593062,0.05
26.137719663252827,10.498414330958404,1679.6783337611653,2859.807518762489,1.263374673564844e-05,2859.8075061287423,1429.9037530643711,1429.903765698118,718.5078429818817,0.05
28.35308883100091,10.18543076550208,1678.0826175600005,3066.2092762052166,1.2620188457337168e-05,3066.209263585028,1533.104631792514,1533.1046444127026,742.078003769844,0.05
27.005979165234653,10.595512798443464,1678.462426193796,3056.1232483437643,1.2593348388745127e-05,3056.123235750416,1528.061617875208,1528.0616304685564,751.1152612846261,0.05
25.424678831254862,10.94190059248912,1678.4542532127616,2951.967134824472,1.2143573888007988e-05,2951.9671226808982,1475.9835613404491,1475.9835734840228,744.2462047799719,0.05
27.613414860005243,10.860552834934497,1676.3977343730055,3060.823445315791,1.1762789192529956e-05,3060.823433553002,1530.411716776501,1530.4117285392902,733.9385389182602,0.05
26.036785190288956,11.386483358348386,1676.2563167170938,3006.760899619704,1.1661694244395008e-05,3006.76088795801,1503.380443979005,1503.3804556406992,735.7825435719328,0.05
26.87852272597416,11.501552957201676,1674.6844580400552,2944.5404619112487,1.0994161561290576e-05,2944.540450917087,1472.2702254585436,1472.2702364527051,708.6124341030587,0.05
25.85143228485716,11.834744091298957,1674.5368638831242,2779.666661802712,1.1081919120456837e-05,2779.666650720793,1389.8333253603964,1389.8333364423156,684.2026103761148,0.05
26.15007245880013,12.09728088131047,1672.953249495211,2626.152072953976,1.0262768472547205e-05,2626.1520626912074,1313.0760313456037,1313.0760416083724,637.0901109540076,0.05
30.31519422646492,8.395977762164426,1682.3123699068667,1901.9520682308328,1.4191341920951967e-05,1901.9520540394908,950.9760270197454,950.9760412110874,574.9081967754713,0.05
31.360140297378617,7.736427250876687,1681.6915235518345,2068.5882247740783,1.4166098261790128e-05,2068.58821060798,1034.29410530399,1034.2941194700884,631.492192733702,0.15
29.40048303520597,9.674509505086585,1678.0150816591174,2886.0837743904576,1.2571760801855008e-05,2886.083761818697,1443.0418809093485,1443.0418934811091,705.901414560669,0.05
29.00504099320585,9.578805288334374,1679.529765749664,2742.2010383472075,1.3108427495013776e-05,2742.20102523878,1371.10051261939,1371.1005257278175,681.3965350728542,0.05
30.36979253481192,8.858536182529312,1679.2522732731557,2727.679362676692,1.3185693769346628e-05,2727.6793494909984,1363.8396747454992,1363.8396879311929,704.9027594896746,0.05
29.63996189345908,8.99379132554802,1680.899624703772,2401.6062772660266,1.3569901649242604e-05,2401.606263696125,1200.8031318480625,1200.803145417964,631.7723831662505,0.05
30.545082426198668,8.455927586450429,1680.930445996709,2257.9093286211014,1.3764967512181558e-05,2257.9093148561337,1128.9546574280669,1128.9546711930345,629.4842066491183,0.05
31.566788039355213,7.858235164266286,1679.582734112449,2568.614507213575,1.3465186153487142e-05,2568.614493748389,1284.3072468741946,1284.3072603393805,711.7618027884606,0.05
31.702186433553027,8.051220976413925,1677.4731931350125,2971.054438228055,1.2705709915117803e-05,2971.054425522345,1485.5272127611724,1485.5272254668826,774.8740322272686,0.05
30.56148634980144,9.09313220853644,1677.166263304263,3108.564942575804,1.2426437291896628e-05,3108.5649301493663,1554.2824650746832,1554.2824775011206,770.7844477804679,0.05
29.10375718323235,10.0894599643041,1676.7071779203277,2978.662548127167,1.1681474049930534e-05,2978.662536445693,1489.3312682228466,1489.3312799043206,716.7834671724656,0.05
28.61208186222223,10.68027660886701,1674.9635813190894,3110.5619961115813,1.0933969135507564e-05,3110.5619851776123,1555.2809925888062,1555.281003522775,732.5280292986466,0.05
31.78166353779955,8.281675994408692,1675.367099948872,3350.555252753829,1.184041748836903e-05,3350.5552409134116,1675.2776204567058,1675.277632297123,824.7882259761526,0.05
30.503707025875418,9.544610203560342,1674.7839341731224,3443.2282278742346,1.1365282218705085e-05,3443.2282165089523,1721.6141082544762,1721.6141196197584,818.4516804595864,0.05
27.494099883002548,11.814076707080632,1671.7025433609106,2720.255001354169,9.221525990431864e-06,2720.254992132643,1360.1274960663216,1360.1275052878475,635.5481392102387,0.05
27.96182777976705,11.34116294078544,1673.1357299125652,2932.084649628552,9.88345654499851e-06,2932.0846397450955,1466.0423198725478,1466.0423297560044,683.3092373247573,0.05
29.410550064889733,10.503468925602048,1673.4365168480324,3184.018889707705,1.0102406024351614e-05,3184.018879605299,1592.0094398026495,1592.0094499050556,739.0170872795236,0.05
27.20128215577816,12.258452604908904,1669.8451159186027,2476.8763041155994,8.292129553694576e-06,2476.8762958234697,1238.4381479117349,1238.4381562038645,570.9948385468083,0.05
30.67266192047306,9.769434239832933,1672.568951808517,3722.584745163428,1.0073628236429296e-05,3722.5847350898,1861.2923675449,1861.2923776185282,843.2733837120835,0.05
31.819486900938426,8.528784752303824,1673.25424333761,3607.190047382685,1.0669759154083193e-05,3607.1900367129256,1803.5950183564628,1803.5950290262222,839.9742656939669,0.05
31.832243476000368,8.777270268977889,1671.1957217457507,3824.558508377109,9.728643406232202e-06,3824.5584986484655,1912.2792493242328,1912.2792590528761,841.362617848792,0.05
29.378921779122045,10.83209954810341,1671.5651098305184,3266.327443225639,9.249034168043734e-06,3266.327433976605,1633.1637169883024,1633.1637262373365,734.0611615236711,0.05
31.117172418585135,9.8731538093894,1669.0871310943817,4128.142591362061,8.731444334625966e-06,4128.142582630616,2064.071291315308,2064.0713000467526,854.9050831198414,0.05
30.67815371313317,10.46504908749259,1667.7354753930983,4004.010519360849,8.130740258575382e-06,4004.0105112301085,2002.0052556150542,2002.0052637457945,808.9750507496024,0.05
29.79897501018214,10.878774195167765,1669.5141297448456,3528.582947335214,8.39111427053076e-06,3528.5829389441,1764.29146947205,1764.2914778631641,754.8078477765272,0.05
31.036148922269152,9.753446416106533,1670.5170274201823,4032.6720354709946,9.38042599588706e-06,4032.6720260905686,2016.3360130452843,2016.3360224257103,869.1575466355127,0.05
31.83452409322553,9.003569090538015,1669.356126538806,3945.2372986303776,8.896590031414714e-06,3945.2372897337877,1972.6186448668939,1972.6186537634837,825.0259677750407,0.05
28.497057538515744,11.545830961338512,1670.27989654853,2849.4916857686685,8.45031213624359e-06,2849.4916773183563,1424.7458386591782,1424.7458471094903,638.8089484064027,0.05
28.59305477585291,11.682713152358405,1669.0567323187338,2935.57463211247,7.9402360923262e-06,2935.574624172234,1467.787312086117,1467.7873200263532,641.7316230185459,0.05
29.382281965702568,11.390607582236289,1667.8738561063697,3333.7107748739886,7.528976867754897e-06,3333.710767345012,1666.855383672506,1666.8553912014827,693.8388813598394,0.05
27.80772909846502,12.292962229900294,1667.758254970263,2577.2819720165303,7.32730767071547e-06,2577.2819646892226,1288.6409823446113,1288.640989671919,564.2054375544346,0.05
29.088291501502567,11.735483834188903,1666.723991419586,3098.330773585556,6.900348965129393e-06,3098.330766685207,1549.1653833426035,1549.1653902429525,636.7594616804577,0.05
30.432905075485763,10.831706254697078,1666.5499219197577,4028.7531396140616,7.482962036183533e-06,4028.7531321310994,2014.3765660655497,2014.376573548512,789.6547244088417,0.05
31.835462512772576,9.194003315384572,1667.8233973426827,4125.187724612574,8.384254368188611e-06,4125.18771622832,2062.59385811416,2062.593866498414,825.7336206537673,0.05
31.839643728601068,9.3466930252208,1666.6004969600003,4328.482165435774,7.849333123862236e-06,4328.482157586441,2164.2410787932204,2164.2410866425535,830.3774041417405,0.05
27.8181751063595,9.45237940223639,1682.4242945622998,1830.8261226401728,1.3189956207372971e-05,1830.8261094502166,915.4130547251083,915.4130679150645,493.3846887913112,0.05
28.156950214088457,9.22685203995123,1683.3334330075152,1321.7998289756872,1.3444323322228015e-05,1321.799815531364,660.899907765682,660.8999212100052,408.2369245308431,0.05
28.396898661435102,9.13183632635548,1684.5244183676718,1317.0168674262302,1.3756682492713606e-05,1317.0168536695478,658.5084268347739,658.5084405914563,369.70025970712425,0.15
29.489148139751265,8.702586527168512,1683.5543796146358,1572.1387564663762,1.4345822642723106e-05,1572.1387421205536,786.0693710602768,786.0693854060994,490.89142992759935,0.15
28.45218289893433,9.377953804780988,1681.6840914745192,2220.502032741143,1.34663023677407e-05,2220.5020192748407,1110.2510096374203,1110.2510231037227,583.0312423393971,0.05
29.057730704556537,9.016647772275668,1682.4006349241547,1902.546852593323,1.4031443415340344e-05,1902.5468385618794,951.2734192809397,951.2734333123832,536.8281357232897,0.05
28.41449157193652,9.55859681648628,1680.861094424827,2544.0819857279103,1.3623608525863712e-05,2544.0819721043017,1272.0409860521509,1272.0409996757594,646.4948732129667,0.05
33.84444608317599,-5.723685893865968,1686.0462646568224,1950.7541349571336,1.6320667733738287e-05,1950.7541186364658,975.3770593182329,975.3770756389007,520.2241133765,0.15
34.62853774560101,-2.434471551077209,1686.3336680870902,2278.945605288701,1.51510330290495e-05,2278.9455901376678,1139.4727950688339,1139.472810219867,577.5426561631467,0.15
34.29506762189068,-4.197582081211887,1685.6822245734998,1620.1366017693915,1.54053964746208e-05,1620.136586363995,810.0682931819975,810.068308587394,408.7823900037034,0.15
33.14085599494248,-7.219948821645687,1686.162446327553,2688.1306352909933,1.6874512878295827e-05,2688.1306184164805,1344.0653092082403,1344.065326082753,727.255035540425,0.15
33.89076484216646,-5.593826764130871,1684.8672341274244,1807.993706231371,1.5744163404389507e-05,1807.9936904872077,903.9968452436038,903.9968609877673,493.9317422232728,0.15
33.4988497561581,-6.536963588205807,1685.0440593136298,2328.519179473308,1.6720363921024954e-05,2328.5191627529443,1164.2595813764722,1164.259598096836,637.5287887183356,0.15
33.46995425693052,-6.517710860564357,1683.8297795533922,2488.131443681349,1.633359865502962e-05,2488.1314273477506,1244.0657136738753,1244.0657300074738,661.1554388780969,0.05
32.249570486589946,8.872544817915971,1665.54810917453,3858.599419045562,7.199889494584582e-06,3858.599411845673,1929.2997059228364,1929.2997131227257,718.0738321198003,0.05
33.21136489863589,-6.554205767937075,1680.6421279928932,2956.90962230844,1.562928901345656e-05,2956.909606679151,1478.4548033395754,1478.4548189688644,726.7655698486402,0.05
32.80244018957588,-6.825050339419796,1679.001985487602,3051.7121799020724,1.442024759408179e-05,3051.7121654818247,1525.8560827409124,1525.85609716116,728.2966102491996,0.05
33.35744256364626,-6.033393941368616,1678.9960790826908,3053.8845550972856,1.4784955278300603e-05,3053.8845403123305,1526.9422701561653,1526.9422849411203,732.5344942524509,0.05
33.46226522504381,-5.522341195223541,1677.3588751309926,3132.8607952477505,1.402376021603662e-05,3132.86078122399,1566.430390611995,1566.4304046357554,738.2536488742278,0.05
32.92073567847521,-6.341992394393018,1677.0662158482678,3284.1762826054137,1.3774228474625746e-05,3284.176268831185,1642.0881344155925,1642.0881481898211,767.9462775420247,0.05
33.53567930419962,-5.014444375388288,1675.70477398375,3175.830660249396,1.3065644359749056e-05,3175.8306471837514,1587.9153235918757,1587.9153366575201,737.9334334710119,0.05
33.01344112939321,-5.832944951625502,1674.90662236375,3538.3476806568137,1.3169916880566197e-05,3538.347667486897,1769.1738337434485,1769.1738469133652,809.8055584860512,0.05
33.58426396626532,-4.513150771996647,1674.039773480874,3129.556260696409,1.2337564884841284e-05,3129.556248358844,1564.778124179422,1564.778136516987,720.5738327882449,0.05
32.14523952663677,-6.785556699789569,1675.033922670758,2867.918643143004,1.2310108384236084e-05,2867.9186308328954,1433.9593154164477,1433.9593277265562,647.9105308771924,0.05
33.19128127179621,-5.2655523942950655,1673.276820733008,3728.47098993558,1.2474966272002236e-05,3728.4709774606135,1864.2354887303068,1864.235501205273,840.4987289036158,0.05
33.61455304687558,-4.0216881069225545,1672.3693306682103,3070.0290943547298,1.1548778212768447e-05,3070.0290828059515,1535.0145414029757,1535.014552951754,692.5777873858542,0.05
32.250863227651834,-6.362308488093086,1673.0889520114888,3033.4360225662663,1.134061907803534e-05,3033.4360112256472,1516.7180056128236,1516.7180169534427,676.2004474280418,0.05
33.02198686629601,-5.23068593945862,1671.4907661581506,3841.123534776537,1.1801714998401104e-05,3841.1235229748218,1920.5617614874109,1920.561773289126,846.9793279545838,0.05
33.63307350766931,-3.5378702991908977,1670.6803980879506,2802.8968559003447,1.0679581059113232e-05,2802.8968452207637,1401.4484226103818,1401.4484332899628,624.9757948452054,0.05
31.65439745000479,-6.429402640816785,1670.4053628735917,2734.486699591996,9.695994615428553e-06,2734.4866898960013,1367.2433449480006,1367.2433546439954,592.6899810629086,0.05
32.49296853185803,-5.563579494347265,1669.5077272482265,3543.418467478922,1.0079588824305042e-05,3543.4184573993334,1771.7092286996667,1771.7092387792554,760.3200301568463,0.05
33.30573354422255,-4.401714282802933,1669.5467853004425,3698.3008654380897,1.067457206873876e-05,3698.3008547635177,1849.1504273817588,1849.1504380563308,791.6055547110541,0.05
33.64474452867498,-3.052332966717169,1668.9429859154957,2420.443488942757,9.487619458782976e-06,2420.4434794551375,1210.2217397275688,1210.2217492151883,533.329550729075,0.05
32.662941420280355,-5.236943398408483,1668.5301224083046,3865.501008335144,1.01192448374367e-05,3865.500998215899,1932.7504991079495,1932.7505092271945,814.0903820661283,0.05
31.580083376461005,-6.213041137561915,1668.5180910499253,2706.086621225447,8.72819563997422e-06,2706.0866124972513,1353.0433062486256,1353.0433149768212,585.0399156760074,0.05
33.34671073804469,-4.013170230821621,1667.6251124839405,3773.254125056501,9.892102553424404e-06,3773.254115164398,1886.627057582199,1886.6270674743018,781.2425619697018,0.05
33.652944384867055,-2.560212441846727,1667.1526992621514,2196.895429337863,8.461460890211027e-06,2196.895420876402,1098.447710438201,1098.4477188996618,466.4000167114427,0.05
32.38433424327625,-5.36756937653661,1667.3932781349683,3609.8106655139354,9.141261649460364e-06,3609.8106563726737,1804.9053281863369,1804.9053373275985,747.8941879663467,0.05
31.332727767679422,-6.137985456774203,1666.526731608188,2586.3132021573606,7.704352413787952e-06,2586.3131944530082,1293.1565972265041,1293.1566049308565,549.2430651051791,0.05
33.373022904935105,-3.668185211610164,1665.5358326501307,3627.6807486765288,8.736637791650067e-06,3627.680739939891,1813.8403699699454,1813.8403787065834,722.4034526926297,0.05
32.64828346633289,-4.891128324264454,1665.8884960309367,3717.41879966169,8.524121924259266e-06,3717.4187911375684,1858.7093955687842,1858.709404092906,752.1426679603436,0.05
33.121536583754285,5.959409429898494,1686.6299651332545,3281.73222598604,1.4934726447584414e-05,3281.7322110513132,1640.8661055256566,1640.8661204603832,898.7483262820701,0.15
33.703655324900225,5.212488606932741,1685.7906000101077,3866.123737792602,1.61726496766844e-05,3866.123721619952,1933.061860809976,1933.0618769826258,1085.815879880527,0.15
32.38981553237201,6.748559447435123,1686.6823570300717,2784.200885047246,1.473648608198546e-05,2784.20087031076,1392.10043515538,1392.1004498918662,746.6587257555867,0.15
33.70696698640229,5.12668922092166,1684.42960266,3405.357722033732,1.5669021953436165e-05,3405.35770636471,1702.678853182355,1702.678868851377,972.231951410939,0.15
32.89561381470919,6.113427186060164,1685.5025742383164,2913.259819643636,1.4558574068153887e-05,2913.259805085062,1456.629902542531,1456.629917101105,807.0177542691605,0.15
31.99903945628497,7.010410014543654,1685.384177181724,2374.6979061677357,1.4486101982513204e-05,2374.697891681634,1187.348945840817,1187.3489603269188,642.2591958940495,0.15
32.63584334814752,6.359361218695538,1684.078281715486,2543.476307534668,1.4440364953238276e-05,2543.4762930943034,1271.7381465471517,1271.7381609875165,714.3949297438612,0.15
34.92117258125629,2.7938161441889706,1686.4431107682449,4784.733992360694,1.754322104259181e-05,4784.733974817473,2392.3669874087363,2392.367004951958,1374.437746683536,0.15
34.964428062206174,2.0109728093417334,1685.747760169233,3711.6135936230135,1.6373920921102605e-05,3711.6135772490925,1855.8067886245462,1855.8068049984672,1072.7569987960023,0.15
34.794984973364194,3.3579298864164797,1686.490923711412,5086.989884991889,1.834689343194976e-05,5086.989866644995,2543.4949333224977,2543.4949516693914,1458.9801891838404,0.15
34.84947421475168,2.92797121214206,1685.5230893788475,4279.849752858266,1.7456845315509065e-05,4279.849735401421,2139.9248677007104,2139.9248851575553,1243.8113580407053,0.15
34.5526478838522,3.838715908702992,1685.6009540245009,4880.741792834568,1.765275675956297e-05,4880.741775181811,2440.3708875909056,2440.370905243662,1400.8757989328328,0.15
34.886052214015734,1.9926200529422144,1684.0283220959643,3271.085685381338,1.5652375340666735e-05,3271.085669728963,1635.5428348644814,1635.5428505168566,957.4525479999079,0.15
34.2261172980979,4.394301472114701,1684.9233478389483,4340.5318337803565,1.7188866486099677e-05,4340.53181659149,2170.265908295745,2170.2659254846117,1244.651638414942,0.15
34.59319974662175,3.5719623956349498,1684.431373631665,4253.016076898372,1.726247618271571e-05,4253.016059635896,2126.508029817948,2126.508047080424,1239.9908823956348,0.15
34.14834225265278,4.423350330099276,1683.5688820942446,3678.584708443184,1.6077852971826348e-05,3678.5846923653307,1839.2923461826654,1839.2923622605185,1075.6647507430787,0.15
33.29713818354554,5.633059358517088,1682.8861200115691,2779.7372613826283,1.4604477077189532e-05,2779.737246778151,1389.8686233890755,1389.8686379935527,808.4990309435801,0.15
33.88782775827327,4.784617876720584,1681.9339983316725,3026.174869972688,1.4825556728685282e-05,3026.1748551471314,1513.0874275735657,1513.0874423991224,908.0812447655328,0.15
32.844416092385146,6.286552767564064,1680.990343330231,2345.700129677183,1.3837327113029758e-05,2345.700115839856,1172.850057919928,1172.8500717572551,711.8313525435206,0.15
34.574145137472534,3.3565419570925594,1682.8297928249044,3508.23591266657,1.587701435566195e-05,3508.2358967895557,1754.1179483947778,1754.1179642717923,1041.9844406635737,0.15
34.76841389562951,2.0676386145579246,1682.143534331031,2697.519387763023,1.4785191616365065e-05,2697.5193729778316,1348.7596864889158,1348.7597012741073,799.8409826179826,0.15
32.31160493581583,6.754595249934046,1682.6472067019802,2206.65409885984,1.4105853500419094e-05,2206.6540847539864,1103.3270423769932,1103.3270564828467,642.7400860970655,0.15
34.617617795689206,2.2062689851131614,1680.106428581836,2244.867657316931,1.3826654153062543e-05,2244.867643490277,1122.4338217451384,1122.4338355717925,672.4330554969765,0.15
34.38012717173138,3.615736731339611,1680.8442495367822,2849.68481192684,1.4744142418129867e-05,2849.684797182698,1424.842398591349,1424.8424133354913,874.4375592009044,0.15
33.8275899453119,4.846288891709432,1680.4345126491098,2618.7342400510884,1.3876893207089705e-05,2618.734226174195,1309.3671130870976,1309.3671269639908,812.0243735140558,0.15
33.451664505325994,5.499970966683764,1679.2731741874325,2443.770357020537,1.3177947891371192e-05,2443.770343842589,1221.8851719212946,1221.8851850992426,734.7590429602737,0.05
34.16456722873933,3.98304764432534,1678.9999061450892,2459.4834006194333,1.3688019627474144e-05,2459.483386931414,1229.741693465707,1229.7417071537263,749.3773631455532,0.05
32.602608115370266,6.804282726986918,1678.7847711739346,2468.0399140222057,1.2917329964716912e-05,2468.0399011048758,1234.0199505524379,1234.0199634697678,710.8916685397141,0.05
33.53219452853314,5.377719804484402,1677.3447370215486,2361.512828269992,1.24765439981224e-05,2361.512815793448,1180.756407896724,1180.756420373268,677.6172759333868,0.05
34.124885956257906,3.806563761135013,1677.0946975062952,1947.879359054513,1.2621888097383594e-05,1947.879346432625,973.9396732163125,973.9396858382006,595.0689356500668,0.05
34.44870275022383,2.398033368890089,1678.0554380507197,1742.7229480113044,1.2823077721495115e-05,1742.7229351882268,871.3614675941134,871.361480417191,530.9726892809218,0.15
32.70737717461947,6.901895964724536,1676.41864741414,2742.8547582416086,1.1844612616325772e-05,2742.854746396996,1371.427373198498,1371.4273850431107,726.5470313875559,0.05
33.32406254175707,5.8436768911669255,1675.1398390880595,2324.3339830884424,1.12834828700801e-05,2324.3339718049597,1162.1669859024798,1162.1669971859626,623.2771109547131,0.05
32.58190179982592,7.328641830388943,1674.180195273914,3017.913230348224,1.0932131967991996e-05,3017.913219416092,1508.956609708046,1508.9566206401778,741.557197991326,0.05
33.88642102914993,4.3853058594555785,1675.4915951818589,1783.0668497247734,1.161615887139858e-05,1783.0668381086145,891.5334190543073,891.5334306704661,526.0464624371117,0.05
34.27140653133638,2.638824171378825,1676.0093674924376,1377.1154647686153,1.1772120088776664e-05,1377.1154529964952,688.5577264982476,688.5577382703677,418.55435448877245,0.15
32.53311395824615,7.6201817235662,1672.0803080255591,3218.6482783618994,9.974169027202426e-06,3218.6482683877302,1609.3241341938651,1609.3241441680343,739.2584675448918,0.05
33.2083426648581,6.169022716159128,1672.7991078367866,2314.693474636273,1.0167448376329344e-05,2314.693464468825,1157.3467322344125,1157.3467424018606,577.2950988533113,0.05
33.74310275680531,4.6142792610450245,1673.3555250337402,1498.480411051416,1.0500949807317933e-05,1498.4804005504661,749.2402002752331,749.240210776183,431.9071402404697,0.05
34.09648548399516,2.9300783561480688,1673.9684281118575,1067.5437598456683,1.0746941732113788e-05,1067.5437490987265,533.7718745493632,533.7718852963051,318.4649650228454,0.15
32.47442051127135,7.908687979958835,1670.2615377415786,3385.338018628836,9.242997357382348e-06,3385.3380093858386,1692.6690046929193,1692.6690139359166,735.6651257781117,0.05
32.334229784141385,8.316096555687272,1668.78445869568,3555.780484969907,8.515296526092276e-06,3555.7804764546104,1777.8902382273052,1777.8902467426017,736.4194960251814,0.05
33.04526288539572,6.660358277713093,1670.7068378274366,2417.565326380666,9.223724793225976e-06,2417.5653171569415,1208.7826585784708,1208.7826678021954,558.4156116496135,0.05
33.58407544839256,4.988039945497583,1671.3200417631217,1313.9124267140055,9.509439519318372e-06,1313.912417204566,656.956208602283,656.9562181117225,360.60387586753865,0.05
33.93010976121548,3.257513436327335,1671.933762351593,895.6427173472113,9.732755803322142e-06,895.6427076144555,447.82135380722775,447.8213635399835,249.34790237256493,0.2
32.89930058826075,7.15392185114644,1668.8324268667288,2710.3234399856333,8.545917365329819e-06,2710.323431439716,1355.161715719858,1355.1617242657753,577.8292525826116,0.05
32.67715701085668,7.848638141728113,1667.1094575917632,3266.092174969022,7.982543335852305e-06,3266.092166986479,1633.0460834932394,1633.0460914757825,642.7766316713773,0.05
33.444851085536314,5.391284868277936,1669.3819026639203,1317.9077431519818,8.579368177167192e-06,1317.9077345726137,658.9538672863068,658.953875865675,337.32925775982676,0.05
33.77799474565846,3.612744432087749,1669.9045283985745,869.2450140653301,8.773260771903461e-06,869.2450052920693,434.62250264603466,434.62251141929545,221.29226508408266,0.2
33.321755912996935,5.841539149195483,1667.400128096211,1420.100405305833,7.6221852497557616e-06,1420.1003976836478,710.0501988418239,710.0502064640091,333.00871742458605,0.05
33.22141015379025,6.321739665275769,1665.628790524518,1587.9570190196482,6.9886936560004425e-06,1587.9570120309545,793.9785060154773,793.978513004171,344.6666143093283,0.05
33.64628014545363,3.992308991728332,1667.8799476530312,844.5781847593935,7.830528851441338e-06,844.5781769288647,422.2890884644323,422.28909629496115,231.39248455971173,0.15
33.5414807617663,4.392813649233843,1665.859065508259,819.8260308125242,6.874664585196889e-06,819.8260239378596,409.9130119689298,409.9130188435944,233.79510512198075,0.15
34.96502005934638,0.7260633573133134,1686.3377898147162,3038.426516142503,1.5620627006773365e-05,3038.426500521876,1519.213250260938,1519.213265881565,846.277210430785,0.15
34.90601321980815,0.4843639760437636,1684.5926540731202,2675.4837925027045,1.489202838687452e-05,2675.483777610676,1337.741888805338,1337.7419036973665,744.2558168338736,0.15
34.8138793024215,-0.9462976093280474,1685.2322613862366,2445.07207186975,1.4690307687040644e-05,2445.0720571794423,1222.5360285897211,1222.5360432800287,641.0132503637822,0.15
34.57107045042963,-2.763633120178268,1684.7476218594431,1936.490172390609,1.4800548395504563e-05,1936.4901575900606,968.2450787950303,968.2450935955786,489.3525163192549,0.15
34.26815270874085,-4.26610501163983,1684.3539541361602,1406.0609300209887,1.5068179349497668e-05,1406.0609149528093,703.0304574764046,703.0304725445841,370.4928773526409,0.15
34.73404485990311,-1.096237476777734,1683.1588948954136,2148.730584634802,1.400171879947098e-05,2148.7305706330835,1074.3652853165418,1074.3652993182604,562.5367205739568,0.15
34.84473522222641,0.8096483407002893,1683.0227257969216,2386.8546842670567,1.4232263300945698e-05,2386.8546700347933,1193.4273350173967,1193.42734924966,671.9880915224832,0.15
34.01589927046773,-5.091189496922597,1683.2162376176084,1637.5710739772946,1.5291618344423997e-05,1637.5710586856762,818.7855293428381,818.7855446344565,438.1031520167503,0.05
34.42065487127085,-3.2919706058530203,1682.778829177296,1429.7454424972434,1.415002487276593e-05,1429.7454283472184,714.8727141736092,714.8727283236342,373.11848872643776,0.15
34.583185141017985,-1.736384274089864,1681.529165239433,1754.7693420268042,1.348518591121013e-05,1754.7693285416183,877.3846642708091,877.3846777559951,452.90716422698983,0.15
34.72309230459644,0.2265245838460612,1681.3037198694722,2027.178148818819,1.347237974510103e-05,2027.1781353464391,1013.5890676732196,1013.5890811455994,548.9001774227773,0.15
34.53271339286783,-1.328806389408618,1680.0693108965652,1648.633006408492,1.2866258858492875e-05,1648.6329935422332,824.3164967711166,824.3165096373755,422.49470585125766,0.15
33.61420604877112,-6.074687822798484,1682.4494479488233,2370.622170836349,1.561903005270413e-05,2370.6221552173192,1185.3110776086596,1185.3110932276895,603.5412433811896,0.05
34.02232660363833,-4.838533978825537,1681.69606483087,1753.7159007643793,1.4498989548231177e-05,1753.7158862653898,876.8579431326949,876.8579576316844,442.9681581036848,0.05
34.35600126994263,-3.059865777637426,1680.7686715743798,1360.905980144143,1.337922706252603e-05,1360.905966764916,680.452983382458,680.4529967616851,366.33457615767475,0.15
34.34967783716927,-2.455257861852185,1679.3072559310372,1424.1922699421696,1.2712534321115717e-05,1424.1922572296353,712.0961286148176,712.0961413273519,371.0584160106648,0.15
34.17557928378144,-3.562909462294908,1679.3206637604478,1402.6565604438315,1.3401531636801925e-05,1402.6565470423,701.32827352115,701.3282869226815,376.26460840311324,0.05
34.57712576648975,0.5332618549009751,1679.0889624726417,1719.7516889920917,1.2586967939015336e-05,1719.7516764051238,859.8758382025619,859.8758507895297,457.94224020624097,0.15
34.412029812762206,-1.156084241008042,1678.21554255092,1494.9570372852302,1.2098489661184436e-05,1494.9570251867406,747.4785125933703,747.4785246918599,378.58284979785617,0.15
34.17286084389071,-3.000947172931048,1677.9279542131471,1346.1645213995253,1.2350435048442707e-05,1346.1645090490902,673.0822545245451,673.0822668749802,377.3810891523262,0.15
33.98324250701676,-4.6464614176268935,1680.1247522670867,1955.1816993578088,1.4034293043016664e-05,1955.1816853235157,977.5908426617578,977.590856696051,479.45735661890694,0.05
33.90986549236201,-4.510125283135281,1678.5060990757772,2162.084840525846,1.3534905180774182e-05,2162.084826990941,1081.0424134954706,1081.0424270303756,523.6307441681611,0.05
34.423191058009046,0.7217673274356287,1677.0712986494193,1463.365867088368,1.1763933253231158e-05,1463.3658553244347,731.6829276622174,731.6829394261507,374.4367783330056,0.15
34.291913430489835,-0.732312459225849,1676.2927613342094,1362.2870964529168,1.1322118876020936e-05,1362.287085130798,681.143542565399,681.1435538875178,336.8234213717073,0.15
34.16874497394523,-2.252907705597645,1676.529661387198,1312.6466356286733,1.1485574760465556e-05,1312.6466241430985,656.3233120715493,656.323323557124,353.0276600622303,0.15
33.9360963679816,-3.910601488844633,1676.8750128701056,2023.8587321907523,1.25149437607957e-05,2023.8587196758085,1011.9293598379043,1011.9293723528481,493.9059596069154,0.05
34.243158084424266,0.6141599928689192,1674.8965046995393,1241.318590112194,1.0740495200979015e-05,1241.318579371699,620.6592896858494,620.6593004263445,300.2619456903587,0.15
34.11951089823395,-1.4572501691813369,1674.8565618913583,1183.765696035888,1.0653101869364448e-05,1183.765685382786,591.882842691393,591.882853344495,303.81355357900406,0.15
33.92254392914213,-3.363855912085242,1675.2217759451044,1938.23229419658,1.1600899350307187e-05,1938.2322825956805,969.1161412978403,969.1161528987396,477.25544123807964,0.05
34.07694776840129,1.2749223077331056,1672.6960154862495,1096.4963238039495,9.79392979687969e-06,1096.4963140100197,548.2481570050098,548.2481667989397,260.4872443586048,0.15
34.04900641253056,-0.7508879574478275,1673.2689492218688,1147.5714292280315,9.92632243704432e-06,1147.571419301709,573.7857096508545,573.785719577177,287.16069445306647,0.15
33.899387681067125,-2.7550034391543887,1673.570218962741,1477.1315969923123,1.0532752305194011e-05,1477.13158645956,738.56579322978,738.5658037625324,375.3708577451208,0.05
33.950078012445466,-0.2860231132361452,1671.5768371208358,1061.2785251588823,9.16518729525424e-06,1061.278515993695,530.6392579968475,530.6392671620348,270.2156144070256,0.15
33.951105884824734,1.476755415214163,1670.9865482227858,1010.8657767313024,8.950516021822978e-06,1010.8657677807863,505.43288389039316,505.43289284090923,253.69850298105123,0.15
33.87318216105926,0.1820644018805972,1670.1631905079428,1123.0872060756938,8.547513869863995e-06,1123.0871975281798,561.5435987640899,561.5436073116039,302.8122325711036,0.15
33.853870842228204,-2.211115692923621,1671.8914460398046,1165.414930425978,9.645836794160214e-06,1165.414920780141,582.7074603900705,582.7074700359074,309.8687569664172,0.05
33.80042488551045,-1.5954515370364624,1670.0754990816658,795.9764840674931,8.848222520298812e-06,795.9764752192706,397.9882376096353,397.98824645785777,218.98954853699257,0.15
33.79093481068493,-0.1848957924355286,1668.8816096217988,896.835868559188,8.012100992633263e-06,896.835860547087,448.4179302735435,448.41793828564454,254.563094783212,0.15
33.81948645321865,1.6159191217928843,1668.9654956027953,1061.8449334295249,8.089729340377407e-06,1061.8449253397955,530.9224626698978,530.9224707596271,297.1785815553671,0.15
33.73048629227359,-1.389124442791539,1668.1119537012296,843.9866801135017,8.035677456579724e-06,843.9866720778243,421.99333603891216,421.9933440745896,232.09671847458287,0.05
33.68711143296504,2.402551554259677,1666.5447575382843,1198.6016370465738,7.026519117322155e-06,1198.6016300200547,599.3008150100273,599.3008220365465,317.2734153487632,0.05
33.72655161375483,0.3125211582184719,1667.2550988787928,1120.4909444721616,7.213732308328835e-06,1120.4909372584293,560.2454686292147,560.2454758429469,298.48538861587144,0.05
33.68960452232733,-0.8627994872409741,1666.1777864057908,755.6280009803805,7.102322533503125e-06,755.627993878058,377.813996939029,377.81400404135155,218.2041069653127,0.15
34.27847614774425,4.51970047705422,1686.5488080157954,5294.8290282150965,1.815983136624485e-05,5294.829010055265,2647.4145050276325,2647.414523187464,1493.0800717337947,0.15
34.185075755451244,4.561425166943976,1685.803492559676,4705.976654113344,1.7572123534789183e-05,4705.976636541221,2352.9883182706103,2352.9883358427337,1334.8808857214703,0.15
2.910884343876152,0.8659385355139221,1706.7642275200003,2826.2909021416763,2.079364178179915e-05,2826.2908813480344,1413.1454406740172,1413.145461467659,730.23631512718,0.15
2.476250524510176,2.8821508994692318,1707.4333826215902,2846.0931542728936,2.102753174487148e-05,2846.093133245362,1423.046566622681,1423.0465876502126,736.4596978093426,0.15
2.4903429895608484,2.2001623994435917,1705.2900532506007,2810.8046958548243,2.059738855114582e-05,2810.804675257436,1405.402337628718,1405.4023582261063,728.2659445904038,0.15
3.0529803575292824,-0.1254349614456812,1705.02825403549,2771.2450502574206,2.031962931191149e-05,2771.2450299377915,1385.6225149688958,1385.622535288525,715.1153485407668,0.15
2.113833231896025,9.210469410402856,1706.9367302455487,2356.96250523629,2.144299116907785e-05,2356.962483793299,1178.4812418966494,1178.4812633396405,600.414678902895,0.15
1.998025486959903,6.375783352382728,1706.9833379912004,3080.790834054458,2.14298911475328e-05,3080.790812624567,1540.3954063122835,1540.3954277421747,792.544837563505,0.15
2.0245565112821886,7.598422281426114,1706.3376985657608,2864.259718866781,2.14933355278048e-05,2864.2596973734453,1432.1298486867227,1432.1298701800583,734.3416899701106,0.15
2.2464666954539445,8.40862071959191,1704.9677313099164,2066.6164854275594,2.0815632367658447e-05,2066.616464611927,1033.3082323059634,1033.308253121596,523.3402287797493,0.15
2.0794170470743576,6.378965167742327,1705.1124847606543,2861.0198454311467,2.116124287121487e-05,2861.019824269904,1430.509912134952,1430.5099332961947,736.076618277802,0.15
2.4491073440375843,7.61683058577959,1703.0006402313377,1981.452787760714,2.023565125662656e-05,1981.4527675250629,990.7263837625314,990.7264039981826,499.9270707579668,0.15
2.732037268523344,0.8939402613310401,1703.4375903700395,2701.678909721126,2.025159907615111e-05,2701.678889469527,1350.8394447347634,1350.8394649863624,701.4384854904035,0.15
2.4337158361220363,2.6028743692166256,1703.1511675488969,2795.3958787956744,2.051018800854225e-05,2795.3958582854866,1397.6979291427433,1397.6979496529311,728.4170945494175,0.15
2.712044725724887,6.846618859198298,1701.032324733104,1719.257079470003,1.9675677411076828e-05,1719.2570597943256,859.6285298971628,859.6285495728401,434.9855006619103,0.15
2.3115970887394988,5.599527193565124,1702.722378897495,2524.937018837581,2.052853747772699e-05,2524.9369983090437,1262.4684991545219,1262.4685196830592,656.069204665552,0.15
3.242739933911626,-1.068336922550962,1703.2684557491575,2727.4528703690908,1.995411610321291e-05,2727.452850414975,1363.7264252074874,1363.7264451616034,701.3850730475269,0.15
2.231046651826155,4.107895409348069,1704.0208745575076,2913.1793116534063,2.0750330390694396e-05,2913.179290903076,1456.589645451538,1456.5896662018683,756.8914440343411,0.15
2.399739007648806,3.7742385640677214,1702.0615310876815,2711.2933863406643,2.0373846332833666e-05,2711.293365966818,1355.646682983409,1355.6467033572553,709.391154025476,0.15
2.162389158324536,4.384843943834923,1706.1886572888277,2966.8662761094565,2.1116891320373143e-05,2966.8662549925652,1483.4331274962826,1483.433148613174,767.7372235873904,0.15
2.960140592568885,-0.0517399259421697,1701.6372945378896,2620.111051604761,1.993752258121084e-05,2620.1110316672384,1310.0555158336192,1310.0555357711419,680.4162946884568,0.15
3.467920636482444,-1.95368795678936,1701.4820311246945,2747.723490110442,1.966527267038308e-05,2747.7234704451694,1373.8617352225847,1373.8617548878574,703.6226753503992,0.15
3.0271877864695163,6.107861569338096,1699.0602724230532,1499.0218284754076,1.915752823282182e-05,1499.0218093178794,749.5109046589397,749.5109238164679,392.2286480225371,0.15
2.564172506770716,4.922261881955531,1700.8161991383672,2248.204317956204,2.009211624332795e-05,2248.2042978640875,1124.1021489320437,1124.10216902416,590.6316333865693,0.15
2.605376077073668,1.8885549599048688,1701.6836147768493,2715.76467012216,2.016448288413485e-05,2715.764649957677,1357.8823249788386,1357.8823451433216,711.1636560692381,0.15
2.632320318893057,2.986708312131316,1700.3162411264195,2533.01571566706,2.002660883828309e-05,2533.0156956404508,1266.5078478202254,1266.5078678468344,668.6294847053285,0.15
3.7205200393613977,-2.773980747253293,1699.668010696715,2809.03667850192,1.9647949676967416e-05,2809.0366588539705,1404.5183294269852,1404.5183490749348,716.1679067339778,0.15
3.203183805948594,-0.8492777402871415,1699.8154327394511,2563.87165538981,1.9685762336621583e-05,2563.8716357040475,1281.9358178520238,1281.935837537786,665.7995344142507,0.15
2.845627437582238,1.0294273869267023,1700.012443643238,2574.946011741638,1.983245813076908e-05,2574.9459919091796,1287.4729959545898,1287.473015787048,678.1118173511115,0.15
2.87627672714264,4.181190483558962,1698.830773061729,1945.640584252158,1.9659851671975185e-05,1945.6405645923064,972.8202822961532,972.8203019560049,523.6866778076017,0.15
3.386181488822658,5.403787556621013,1697.083559184034,1294.9207477942646,1.87304454311064e-05,1294.9207290638192,647.4603645319096,647.460383262355,367.7829099863882,0.15
2.9330923733022147,2.14275407244893,1698.3800494601444,2271.9474210797,1.972337942380831e-05,2271.9474013563204,1135.9737006781602,1135.9737204015396,609.6166601843865,0.15
3.131087650578498,0.310823098774608,1698.0606027228132,2411.5434887947526,1.9519916720529176e-05,2411.543469274836,1205.771734637418,1205.7717541573347,638.9852686493925,0.15
3.245695870575739,3.4374980708353067,1696.7632538361822,1689.2738707527133,1.9107191714127224e-05,1689.2738516455215,844.6369258227608,844.6369449299525,471.8256231072508,0.15
3.2757610683997584,1.5243914306026525,1696.374942557347,2037.333939975952,1.912611510875685e-05,2037.3339208498369,1018.6669604249184,1018.6669795510336,557.7734097758448,0.15
3.656799902302832,2.839054064964346,1694.6925800843972,1497.0846406218025,1.853978813847108e-05,1497.0846220820142,748.5423110410071,748.5423295807954,446.4024545017741,0.15
3.997068063591658,-3.5198065596002315,1697.825396451409,3037.4736789126,1.936946528504981e-05,3037.4736595431345,1518.7368297715673,1518.7368491410327,769.5770084418559,0.15
3.476546180032004,-1.544857352810414,1697.82474987189,2521.7838878804687,1.925566782056029e-05,2521.783868624801,1260.8919343124005,1260.8919535680682,654.2835017391562,0.15
3.4552476528617464,-0.3431547675141503,1696.059709365919,2270.927768494879,1.9080417430239545e-05,2270.9277494144612,1135.4638747072306,1135.4638937876482,607.3596431201746,0.15
4.297105220521404,-4.179000287762976,1695.9515728448312,3219.4785814663737,1.904662077277013e-05,3219.478562419753,1609.7392812098765,1609.7393002564972,813.9128733887625,0.15
3.7903305413623474,-2.282917874930766,1695.9789398699877,2562.71456375582,1.892753029153032e-05,2562.71454482829,1281.357272414145,1281.3572913416751,664.1130422210161,0.15
3.7819432599455656,4.744496367499916,1695.0986036469642,1375.9050252054983,1.829479247981116e-05,1375.9050069107059,687.9525034553529,687.9525217501454,429.40858068676306,0.15
4.210969291443077,4.168419030951886,1693.094838307926,1750.8595092403757,1.7881004513012113e-05,1750.859491359371,875.4297456796855,875.4297635606902,550.3744225456301,0.15
4.1156059591312975,2.486701182786778,1692.5994727287878,1500.4342412338367,1.806525670171277e-05,1500.43422316858,750.21711158429,750.2171296495467,473.78199835986095,0.15
3.6828187809369206,1.0474579346834574,1694.202391010101,1769.8372008073825,1.872948344099134e-05,1769.8371820778991,884.9185910389496,884.9186097684329,505.73100216908983,0.15
4.663914294464446,3.679275695129861,1691.0813892983856,2237.3677338853813,1.7559607643842347e-05,2237.3677163257735,1118.6838581628867,1118.6838757224946,703.1379445676029,0.15
4.620795559039075,-4.735806715427014,1694.0470267771182,3546.409887081379,1.8954474130451543e-05,3546.409868126905,1773.2049340634526,1773.2049530179265,895.4346106403023,0.15
4.1208277862980935,-2.9253833133299354,1694.1283670831428,2756.1731977913737,1.902606556478809e-05,2756.173178765308,1378.086589382654,1378.0866084087197,710.9334116296286,0.15
3.786968875988557,-0.914544934898932,1694.1827588305334,2135.332407482196,1.8741733819299063e-05,2135.3323887404617,1067.6661943702309,1067.666213111965,577.6194428367191,0.15
4.96856077006968,-5.171156772051951,1692.1146965453938,3885.7536089840446,1.8820816259276055e-05,3885.753590163228,1942.876795081614,1942.8768139024305,982.5303477561722,0.15
4.39548735346643,-3.209336041316914,1692.399873401922,2838.6180805529834,1.8454759275273835e-05,2838.618062098224,1419.309031049112,1419.3090495038714,737.1099465319546,0.15
4.136233168251511,-2.017200930409299,1692.765758592118,2425.046215499757,1.8466013282801392e-05,2425.0461970337437,1212.5230985168719,1212.5231169828853,645.4447552586713,0.15
5.6048569840864415,3.0351005073923485,1687.0300203031416,3505.758558457566,1.8130990260453052e-05,3505.7585403265757,1752.8792701632879,1752.879288294278,1055.6418845834523,0.05
5.454945535801675,2.092212957017816,1686.860854068473,2834.38048359362,1.7246220234277583e-05,2834.3804663473998,1417.1902331736999,1417.19025041992,834.2480620378772,0.05
5.242150008646762,2.0886087150239256,1687.7735167088483,2515.657648240205,1.7118825844510376e-05,2515.6576311213794,1257.8288155606897,1257.8288326795155,759.7215334747475,0.05
4.957713841172968,0.9596480266951418,1688.355323642789,1994.709625379185,1.682411501869726e-05,1994.70960855507,997.354804277535,997.3548211016499,610.9183671006627,0.05
4.959986049872294,2.118382750244161,1688.9661234210766,2153.1071606636488,1.7083760555556474e-05,2153.107143579888,1076.553571789944,1076.5535888737047,670.9424930208429,0.05
5.270741959925577,1.246788207560517,1687.1130496327423,2294.4299422628465,1.6815283516473442e-05,2294.4299254475627,1147.2149627237814,1147.214979539065,677.8516938522082,0.05
5.0782174117755705,3.3304584457641786,1689.2896051917464,2725.2231244484924,1.7460282475697752e-05,2725.22310698821,1362.611553494105,1362.6115709543874,856.0875844552452,0.15
5.38908464176819,3.1341187798417613,1687.9562065919515,3093.8043638734457,1.7865630779603134e-05,3093.8043460078147,1546.9021730039074,1546.9021908695383,956.6967715589017,0.05
4.145781114839879,-0.0131737041724941,1691.8687839762486,1829.4383359190117,1.8280358769358397e-05,1829.438317638653,914.7191588193265,914.7191770996852,530.2258355672349,0.15
4.350070815677106,-1.8463274870345348,1691.3005685155194,2304.025344852769,1.820235767538669e-05,2304.0253266504114,1152.0126633252057,1152.0126815275635,624.0558091816952,0.15
4.651601728457157,-0.8063751629610408,1689.3738910644302,2058.099898179033,1.7564563258519433e-05,2058.09988061447,1029.049940307235,1029.0499578717981,599.4021558377963,0.15
4.522600261560677,2.254983078952597,1690.823424596425,1737.8209746514876,1.7537232596903985e-05,1737.820957114255,868.9104785571275,868.9104960943602,565.0290776959457,0.15
4.645690624012056,0.9544028169625576,1689.725589223355,1680.9349154754705,1.7406343649655182e-05,1680.9348980691268,840.4674490345634,840.4674664409071,538.1160423710031,0.15
4.731583272634327,-3.26534624618547,1690.2136624970742,2998.89938464926,1.814382295258098e-05,2998.899366505437,1499.4496832527184,1499.4497013965415,789.0109825939405,0.15
5.340573974786944,-5.46231744532117,1690.16170653,4264.151548829304,1.8808022830194373e-05,4264.151530021281,2132.0757650106407,2132.0757838186637,1081.3271436314872,0.15
5.208939707660584,-4.211157151069868,1688.5789022338513,3635.962838179381,1.810380874181288e-05,3635.9628200755724,1817.9814100377862,1817.9814281415947,945.8862124482912,0.15
5.137614959807776,-0.1303053367488282,1687.1186561578104,2067.9245277575656,1.6669376115186487e-05,2067.9245110881893,1033.9622555440947,1033.962272213471,629.182009351145,0.05
5.020620004752007,-1.6627261655104906,1687.6259391933766,2442.053297344896,1.7232247986281602e-05,2442.053280112648,1221.026640056324,1221.0266572885719,696.8128963597753,0.15
4.932872966418783,-2.531644307770059,1688.4385046221794,2799.481505981398,1.7657933742147557e-05,2799.4814883234644,1399.7407441617322,1399.740761819666,760.7457570754913,0.15
5.203458512583757,-2.7907481540625976,1687.1653944923285,3067.622333959929,1.7842424154031267e-05,3067.622316117505,1533.8111580587524,1533.8111759011767,834.1727758996933,0.15
3.736151537546753,16.76126145636897,1707.301247215555,3487.0530049092617,2.1445236384422408e-05,3487.052983464025,1743.5264917320126,1743.5265131772492,889.6339711526937,0.15
4.184119053910647,17.640154644594553,1706.0595393828323,5753.633269599647,2.3270632856033463e-05,5753.633246329015,2876.8166231645073,2876.81664643514,1458.9781553792716,0.15
3.7317182761853576,15.881963279341772,1705.4897250195363,3729.703106970602,2.1259405569299967e-05,3729.7030857111968,1864.8515428555984,1864.8515641150038,951.6181811922766,0.15
3.3316991768444013,14.902902739772136,1706.8558263701034,1845.695040498106,2.018345349036326e-05,1845.6950203146525,922.8475101573263,922.8475303407797,463.4444409040683,0.15
2.8582520621278493,12.981796252630708,1707.0537395764047,1617.390438022143,1.9971801317734727e-05,1617.3904180503416,808.6952090251708,808.6952289969721,380.6480988839587,0.15
4.213954972466462,16.74377489360153,1704.313523009999,5971.571462450703,2.3050015835320747e-05,5971.571439400687,2985.7857197003436,2985.785742750359,1516.21904834885,0.15
3.2600420713137024,13.802155114914042,1705.4643003623185,1645.9298035892086,1.992438040257991e-05,1645.9297836648282,822.9648918324141,822.9649117567945,411.66354687757274,0.15
2.9345579987584145,12.02416422378023,1705.0646715955188,1493.095931052723,1.9483168455441256e-05,1493.0959115695546,746.5479557847773,746.5479752679457,348.87039961027295,0.15
3.689555072892062,14.83041647760296,1704.0679011242669,3496.3187588984424,2.092679157162168e-05,3496.318737971651,1748.1593689858255,1748.159389912617,902.3319933355784,0.15
3.318173191612919,13.135034813183474,1704.1006713558254,1643.784102589832,1.9657252270219788e-05,1643.7840829325796,821.8920414662898,821.8920611235421,421.13561983843294,0.15
4.101706825693388,15.407301919656062,1702.8348519582412,5553.159295167334,2.2199435047118226e-05,5553.159272967899,2776.5796364839493,2776.5796586833844,1420.4718601653235,0.15
2.403921715416344,10.971981963477896,1707.0249478555972,1680.9459360612298,2.0664880069797383e-05,1680.9459153963496,840.4729576981748,840.472978363055,414.0213823134344,0.15
3.6248153042100575,13.435353513121724,1702.6257776336745,2959.9553775978275,2.0342744782415485e-05,2959.9553572550826,1479.9776786275413,1479.9776989702862,775.025294591491,0.15
2.5800326121785817,10.251824353033712,1704.9024353145337,1608.152460629738,2.000152357164654e-05,1608.1524406282144,804.0762203141072,804.0762403156308,383.4018827335356,0.15
3.15811152060107,11.504324402496025,1703.1001305562795,1457.7110638537852,1.9203867765911257e-05,1457.7110446499173,728.8555223249587,728.8555415288265,356.8275131666823,0.15
2.7760398811200737,9.450000963156135,1702.9423949286947,1585.768442368175,1.944114877765838e-05,1585.7684229270262,792.8842114635131,792.884230904662,373.2186801239113,0.15
3.315687085150232,10.332408625579273,1701.094678344366,1378.4268232103525,1.8991497580135923e-05,1378.4268042188548,689.2134021094274,689.2134211009251,359.90565208767333,0.15
4.067027692215642,13.989643338923376,1701.2471312167108,5132.753758708053,2.1537235984611644e-05,5132.753737170818,2566.376868585409,2566.3768901226445,1328.1001455367618,0.15
3.643497393841338,12.047253410024329,1701.0531710033704,2646.7277824357566,1.989147404647184e-05,2646.7277625442825,1323.3638812721413,1323.3639011636153,708.6612938982762,0.15
4.106347161759995,12.580620301343975,1699.640123476113,4757.604676005054,2.099922698955656e-05,4757.604655005827,2378.8023275029136,2378.8023485021404,1250.2217031807377,0.15
3.7490646501694247,10.853664222617528,1699.4977352197393,2600.9988046939943,1.9578218873430025e-05,2600.9987851157753,1300.4993925578876,1300.4994121361067,711.706032808719,0.15
3.018882459044008,8.597130204418702,1700.9620620925652,1335.1799808370804,1.904054684283417e-05,1335.1799617965335,667.5899808982667,667.5899999388137,322.4593753940855,0.15
3.260878561578394,7.661280791579628,1699.1261764846197,1213.3338904329682,1.872702028508387e-05,1213.333871705948,606.666935852974,606.6669545799942,322.4461959224347,0.15
4.209187867510124,11.190265494985178,1698.019002899219,4522.964937436628,2.062485183494855e-05,4522.964916811777,2261.4824584058883,2261.48247903074,1210.6243438746483,0.15
3.4842012363914083,9.304225328102074,1699.428342038368,1401.6416468922075,1.881151684622636e-05,1401.6416280806907,700.8208140403453,700.8208328518622,393.27185675725065,0.15
3.635130678244996,8.467971473223463,1698.1337109719286,1538.7322254737203,1.8772844672111324e-05,1538.7322067008756,769.3661033504378,769.3661221232825,444.9896380652767,0.15
3.893553799503207,9.609228134034982,1697.9138927060392,2597.5216976093216,1.9268764832530008e-05,2597.5216783405567,1298.7608391702784,1298.7608584390432,726.7249889606165,0.15
3.548706602267699,7.20706203577689,1697.5844692407911,1190.706437183365,1.8493613950753013e-05,1190.7064186897512,595.3532093448756,595.3532278384895,360.3592299096272,0.15
3.983479164905974,8.449202833357273,1696.7164543471472,2550.9717767364505,1.8865159484244492e-05,2550.971757871291,1275.4858789356456,1275.4858978008049,728.5652471426434,0.15
4.369877349191138,9.824832728111408,1696.3806572741414,4276.933791814605,2.0131571656504307e-05,4276.933771683033,2138.4668858415166,2138.466905973088,1169.6785942393703,0.15
3.936581360812646,6.936203123357757,1695.8527289353271,1720.9454506251325,1.850526570673201e-05,1720.9454321198668,860.4727160599334,860.4727345651991,519.3442500125088,0.15
4.580656563778439,8.511383054246634,1694.7050840495035,4229.771296156808,1.9783833899182088e-05,4229.771276372974,2114.885638186487,2114.8856579703206,1181.340494294606,0.15
4.325442727168096,6.757407043070527,1694.2850502932422,2761.2788059941377,1.855847703158944e-05,2761.2787874356604,1380.6393937178302,1380.6394122763074,808.698181444172,0.15
4.520643923119979,5.772703403342265,1692.9282748803812,2873.270373831549,1.830910602216289e-05,2873.270355522443,1436.6351777612215,1436.6351960703275,853.7507962449456,0.15
4.822978464198997,7.240994594069677,1693.0001875466978,4144.249659793914,1.9442455016464727e-05,4144.24964035146,2072.12482017573,2072.1248396181845,1184.0721992239712,0.15
4.836667626405521,4.805458224154095,1691.1741149184254,3110.5024394336365,1.817715605092888e-05,3110.5024212564804,1555.2512106282402,1555.2512288053963,938.2636161947163,0.15
5.054866138824102,6.133930003095575,1691.4582093405468,4122.924861257205,1.9107175510435624e-05,4122.924842150029,2061.4624210750144,2061.46244018219,1202.6520249094324,0.15
5.2679152786575925,5.183730951449455,1690.075969908332,4024.7317900996327,1.873896641081909e-05,4024.7317713606662,2012.3658856803331,2012.3659044192996,1199.8024777857847,0.15
5.750128191775683,3.43446038305332,1686.898403630722,3905.2025558285823,1.885375291189087e-05,3905.2025369748294,1952.6012684874147,1952.6012873411676,1177.759936866762,0.05
5.116195749470578,4.265120097520172,1689.831016637427,3311.464168559863,1.806618476375069e-05,3311.4641504936785,1655.7320752468393,1655.7320933130238,1010.6050725376559,0.15
5.632712844887702,3.790632486354853,1687.686493122475,3887.20377045181,1.9018930245534445e-05,3887.20375143288,1943.60187571644,1943.6018947353703,1210.1973174582768,0.15
5.302721233603256,3.839647932868839,1688.8547552605069,3378.7264362575247,1.7933736021645767e-05,3378.7264183237885,1689.3632091618942,1689.3632270956305,1045.2381483601957,0.15
5.470287881219348,4.362954753549733,1688.7594963530337,3884.341974476813,1.8473913580328257e-05,3884.341956002899,1942.1709780014496,1942.1709964753634,1185.4333652578982,0.15
3.667271818969976,-2.04924827669241,1704.8003552081514,3182.542737791253,2.0229180689882817e-05,3182.542717562072,1591.271358781036,1591.2713790102168,812.916117578353,0.15
6.33596122412648,-5.934781876454721,1707.406784981359,5232.751740454184,2.229275422578373e-05,5232.75171816143,2616.375859080715,2616.375881373469,1334.7748882833773,0.15
3.856092773434807,-2.9353266075584448,1703.0998257322776,3250.5883590543217,1.9989269573471077e-05,3250.588339065052,1625.294169532526,1625.2941895217957,826.8228728633956,0.15
4.5159297029801335,-4.087658261824863,1704.8738085283728,4289.195425858866,2.086050561606619e-05,4289.195404998361,2144.5977024991803,2144.5977233596855,1089.5130452084961,0.15
5.258392868450505,-5.707808247400421,1704.0512514881293,4754.147843965935,2.1236770808162478e-05,4754.147822729165,2377.0739113645823,2377.0739326013527,1203.8029187036134,0.15
5.612863043768509,-5.7253302986841,1705.6966927540934,5160.53283340527,2.168694083161889e-05,5160.532811718329,2580.2664058591645,2580.2664275461057,1312.4961747603793,0.15
3.5619843563828986,-1.0934565957471447,1706.8552692714527,3322.162235646876,2.0674413701519875e-05,3322.162214972462,1661.081107486231,1661.081128160645,852.4731594353921,0.15
5.0372136346042415,-4.263457349521741,1707.115385700543,5044.06688046301,2.174087492692065e-05,5044.066858722135,2522.0334293610676,2522.033451101943,1286.5126846160208,0.15
4.164173862194258,-2.857190557319737,1706.2379400754623,4027.479293947845,2.079334519219941e-05,4027.4792731544994,2013.7396365772497,2013.739657370595,1028.2450811061583,0.15
4.594848564778828,-4.764087092889406,1702.8375896836912,4067.6172315172826,2.044079355131536e-05,4067.617211076489,2033.8086055382446,2033.808625979038,1027.5197920524802,0.15
6.960693360135358,-7.176250724063198,1705.989013372313,4523.146689180331,2.1879469287242423e-05,4523.146667300862,2261.573333650431,2261.5733555299003,1151.3701603922825,0.15
8.659900908815837,-8.410972709761142,1706.1421020090306,3072.9670888931887,2.1690834003009588e-05,3072.967067202355,1536.4835336011774,1536.4835552920113,789.4193235117328,0.15
7.63617070583594,-8.280555839620739,1704.5877162685108,3875.188849097775,2.141438582599149e-05,3875.1888276833893,1937.5944138416946,1937.5944352560803,985.3089462643848,0.15
9.288318159018688,-9.42270132271919,1704.5743232205773,2567.0080340072022,2.109057100005025e-05,2567.0080129166313,1283.5040064583156,1283.5040275488866,663.1748424140227,0.15
6.152219860122504,-6.89435163562875,1704.3212524890382,4861.695781809494,2.1487327106654757e-05,4861.695760322167,2430.8478801610836,2430.8479016484107,1232.7720812928594,0.15
5.560989776669497,-6.56586019175149,1702.5073680051275,4687.080605661498,2.1030826095067424e-05,4687.080584630672,2343.540292315336,2343.5403133461623,1181.6089310182756,0.15
6.570541932429942,-7.80993295908677,1702.754223390128,4455.773219557187,2.126379637885232e-05,4455.773198293391,2227.8865991466955,2227.8866204104916,1125.1033666118428,0.15
6.060886929410756,-7.645346507206302,1700.4446014653088,4511.14770588524,2.0518728553721745e-05,4511.147685366511,2255.5738426832554,2255.5738632019843,1130.424580881778,0.15
8.188602069673248,-9.123323364670512,1703.276014058165,3297.378585207849,2.1116758448624613e-05,3297.3785640910905,1648.6892820455453,1648.6893031623038,836.9445158664606,0.15
9.952864350333286,-10.33755025431465,1702.960410065769,2289.5766741374096,2.0783884767026537e-05,2289.5766533535248,1144.7883266767624,1144.7883474606472,597.6094900780739,0.15
7.337568599643772,-8.795008725850924,1701.8116597027845,3837.5775061163936,2.0999906790535397e-05,3837.577485116487,1918.7887425582435,1918.78876355815,967.8219989469543,0.15
4.112029527382597,-3.867863402306222,1701.2694908292044,3352.0687093518804,1.983964555125711e-05,3352.068689512235,1676.0343447561174,1676.034364595763,847.6190377974445,0.15
4.983247175799606,-5.827860178654789,1701.2035183290377,4373.473461506198,2.045232641464127e-05,4373.473441053871,2186.7367205269356,2186.7367409792623,1099.2595186413241,0.15
5.179742525949577,-6.359522046810627,1699.8252945862134,4368.325708874387,2.021482815485649e-05,4368.325688659558,2184.162844329779,2184.1628645446076,1094.8518022364437,0.15
4.500471149264096,-4.978099650877297,1699.2060635048783,3722.949473495615,1.975448995383221e-05,3722.949453741125,1861.4747268705626,1861.4747466250526,934.5594736660737,0.15
4.610684692784631,-5.225473860549468,1697.3948003649796,3760.591254655788,1.949293754702718e-05,3760.5912351628504,1880.2956175814252,1880.2956370743627,942.8825340656534,0.15
5.417294636531425,-6.878755169518963,1698.4101201614608,4455.19212622647,2.017057668104009e-05,4455.1921060558925,2227.5960530279463,2227.5960731985233,1112.676094786487,0.15
6.614675282904981,-8.532990432060716,1698.614357063999,4241.093169546016,2.0530531940694453e-05,4241.0931490154835,2120.5465745077418,2120.546595038274,1058.7701027588828,0.15
7.732462259573436,-9.432893119478766,1700.2611288731478,3526.628181187441,2.0480883134878283e-05,3526.628160706558,1763.314080353279,1763.314100834162,884.6457402964645,0.15
8.340534249133645,-9.572096039122684,1701.9990465038288,3127.703640433595,2.0865821508450504e-05,3127.7036195677733,1563.8518097838867,1563.8518306497083,792.818603479023,0.15
9.06276031854768,-10.245397574701576,1701.2153672340808,2592.4515986361125,2.0642976874290257e-05,2592.4515779931357,1296.2257889965679,1296.2258096395447,661.6480222744557,0.15
10.657040133998343,-11.13436651110324,1701.3012349600008,2216.117469224512,2.0406132488566092e-05,2216.1174488183797,1108.0587244091898,1108.0587448153224,585.9644858630993,0.15
9.224224093629822,-10.56122190653845,1700.044622981182,2545.0598457958145,2.0522411955534265e-05,2545.0598252734026,1272.5299126367013,1272.5299331591132,647.6981103345404,0.15
8.076501822770792,-9.928479829094774,1698.5451600310455,3238.615359635903,2.0684278176247157e-05,3238.615338951625,1619.3076694758124,1619.3076901600907,810.8461382524396,0.15
5.999447895148838,-7.823717854021774,1696.834814764671,4397.154981826744,2.0051186738752965e-05,4397.154961775557,2198.5774808877786,2198.5775009389654,1096.4491881553013,0.15
7.17468556031297,-9.216232323631768,1696.9174737178705,3920.5136519917232,2.0287830816227736e-05,3920.5136317038923,1960.2568158519462,1960.256836139777,977.0490688211812,0.15
5.239878844489274,-6.566008342670625,1696.6010083029678,4268.467343029869,1.991035036200198e-05,4268.467323119518,2134.233661559759,2134.23368147011,1066.1122777456203,0.15
5.57154729603939,-7.097315554630755,1695.3390385427244,4430.722096016821,1.9761887041183056e-05,4430.722076254933,2215.3610381274666,2215.361057889354,1105.4349209893066,0.15
4.837289150525501,-5.622877987628748,1695.6274885009284,3904.527634776716,1.9385757579627708e-05,3904.527615390958,1952.263807695479,1952.2638270812367,978.1493061945251,0.15
6.484461528194234,-8.42144223028238,1695.226901881452,4320.301308998219,1.9876370102048367e-05,4320.301289121849,2160.1506445609243,2160.1506644372944,1076.2326688001958,0.15
5.963514138788897,-7.536049488654338,1693.5146707890708,4458.650129506269,1.9596236784904804e-05,4458.650109910032,2229.325054955016,2229.325074551253,1112.902931069166,0.15
5.183848820065463,-6.133415939852806,1693.7484696010522,4155.496573063013,1.926466125615641e-05,4155.496553798352,2077.748276899176,2077.748296163837,1041.1789303792496,0.15
5.58807914457069,-6.554163956446522,1691.8138753904964,4484.515437464949,1.9236515565231895e-05,4484.515418228433,2242.2577091142166,2242.2577283507326,1125.6459330045877,0.15
4.970421104081888,16.943838459321228,1702.4234899425696,6539.553504513468,2.2064714477704167e-05,6539.553482448754,3269.776741224377,3269.7767632890914,1664.404463841176,0.15
5.322291717972835,18.41359490974024,1703.8331785562602,6285.955377026053,2.232710477011998e-05,6285.955354698948,3142.977677349474,3142.9776996765786,1595.0343187979074,0.15
4.843293147033665,15.502520041900729,1700.8327209737,6564.320037414,2.196421352903469e-05,6564.320015449786,3282.160007724893,3282.1600296891065,1682.5220665108052,0.15
5.973556728051643,17.077950417683375,1700.7435497394642,5868.103418864754,2.14420842947319e-05,5868.103397422669,2934.0516987113347,2934.051720153419,1501.8618939465277,0.15
6.262244414209251,18.51079510570278,1702.2551107088243,5246.969776647353,2.1456798019808173e-05,5246.969755190555,2623.4848775952773,2623.4848990520754,1341.2278172431104,0.15
6.897282507788221,19.867363201029686,1703.3222216212473,4452.683652108549,2.134323171855541e-05,4452.6836307653175,2226.3418153826588,2226.34183672589,1141.4781411616161,0.15
7.36429873526031,18.56812019342621,1700.7689566342922,4253.786100284072,2.07991772364562e-05,4253.786079484895,2126.8930397424474,2126.8930605416244,1097.728051633343,0.15
7.4981378058746895,19.54305385268064,1701.9678051600322,3954.936722765192,2.0686837948768443e-05,3954.936702078354,1977.468351039177,1977.468371726015,1019.7803807632748,0.15
8.668856611127648,21.0849987070029,1702.7813626399986,3104.950691932792,2.07793460310286e-05,3104.950671153446,1552.475335576723,1552.475356356069,809.8633941186225,0.15
8.564098098403484,19.844732072424478,1701.07651038518,3308.4017240440385,2.056746112993504e-05,3308.4017034765775,1654.2008517382887,1654.2008723057497,861.1307533309651,0.15
5.750981883240589,15.64684243537308,1699.31306720743,6092.8620939381535,2.0945165889239733e-05,6092.862072992988,3046.431036496494,3046.4310574416595,1568.5732616983653,0.15
4.711240493014063,13.99079648315072,1699.3900689060893,6330.760386061657,2.169694056763561e-05,6330.760364364717,3165.3801821823586,3165.3802038792987,1639.1418195167628,0.15
5.552771688188083,14.437146298216588,1698.2428973928045,6224.206807569944,2.07411351641075e-05,6224.2067868288095,3112.1033934144048,3112.1034141555397,1613.8427401046392,0.15
8.532501651003452,18.571863238368127,1699.3926552819928,3612.741652089108,2.0238570189865397e-05,3612.7416318505375,1806.3708159252687,1806.3708361638392,940.0967098374335,0.15
7.097389692645525,17.101034210975886,1699.193043575674,4735.590466667057,2.019242551627296e-05,4735.590446474631,2367.7952232373154,2367.7952434297413,1222.7101476028756,0.15
8.556296699903154,17.274922030319605,1697.7270705782971,3799.0252210924937,1.981716306635385e-05,3799.025201275331,1899.5126006376654,1899.5126204548283,990.5927651694171,0.15
4.942431659748036,12.928243393029712,1697.7652006007847,6255.550910808153,2.121096517374596e-05,6255.550889597188,3127.775444798594,3127.7754660095593,1638.242241699228,0.15
5.083953888803045,11.655022118502965,1696.2149380279525,5963.137015456287,2.077911470122686e-05,5963.136994677173,2981.5684973385864,2981.568518117701,1585.5421110141472,0.15
5.777009143411908,13.08999325932206,1696.422498755449,5924.884337589487,2.017863102977691e-05,5924.884317410856,2962.442158705428,2962.4421788840586,1554.5940020979133,0.15
5.202417462624255,10.344918688029786,1694.7490234873171,5524.468622474327,2.0267102044773345e-05,5524.468602207226,2762.234301103613,2762.2343213707145,1496.5153249336734,0.15
6.117263037142308,12.626000262631832,1695.414774035234,5676.549979169698,2.016384410920552e-05,5676.549959005854,2838.274979502927,2838.2749996667712,1498.4880977917371,0.15
5.917949649921691,11.650518495985931,1694.7269400440332,5608.501262747637,1.970070855294227e-05,5608.501243046929,2804.2506215234644,2804.250641224173,1493.5771318524376,0.15
6.342774692461308,11.02096270978254,1693.4474038391188,5227.90359624041,1.9318787359864987e-05,5227.9035769216225,2613.9517884608113,2613.9518077795983,1405.3678214160232,0.15
6.93615490568898,15.495507844308976,1697.4564499780993,5113.107385606569,1.9926337228999e-05,5113.107365680232,2556.553682840116,2556.5537027664527,1327.8857100044095,0.15
6.95886096120763,14.061048202285734,1695.800037342053,5171.752350131709,1.952828175959781e-05,5171.752330603427,2585.8761653017136,2585.8761848299955,1353.5572547439108,0.15
8.621715758986204,15.959369901179622,1696.0765253861398,4003.045685571114,1.9568039782127197e-05,4003.045666003074,2001.522833001537,2001.522852569577,1046.9077701898477,0.15
8.717005605993515,14.629443818974034,1694.438210745337,4063.852010561309,1.935117155374054e-05,4063.8519912101374,2031.9259956050687,2031.9260149562401,1067.503710828153,0.15
5.963155759214418,13.968295536283495,1697.0733665109335,5941.439914821669,2.0646058389146188e-05,5941.439894175611,2970.7199470878054,2970.7199677338635,1549.001203753138,0.15
5.406555966881638,9.178164672350814,1693.2799700767328,5187.998140508909,1.971411088164573e-05,5187.9981207947985,2593.9990603973993,2593.99908011151,1431.5153553222249,0.15
7.125803938294808,12.73548057911588,1694.1492764322566,4959.092030703576,1.9142370105129443e-05,4959.092011561205,2479.5460057806026,2479.546024922973,1310.1900011393523,0.15
8.831334258626796,13.289362071240886,1692.809804057353,4075.841835438309,1.900213574711295e-05,4075.8418164361733,2037.9209082180867,2037.9209272202222,1075.821325142489,0.15
5.653892593523547,7.906209850862593,1691.631356976981,4808.691809854139,1.9271164757491588e-05,4808.691790582974,2404.345895291487,2404.345914562652,1359.658817299276,0.15
6.445467454633087,9.71017201680064,1691.9943883744447,4823.771888358582,1.8826124881885163e-05,4823.7718695324575,2411.8859347662287,2411.8859535923534,1321.416901276009,0.15
5.756130452866966,6.61039339440174,1690.2073901001256,4497.985835563694,1.879074573941915e-05,4497.985816772949,2248.9929083864745,2248.99292717722,1307.3800144499567,0.15
7.461779965298917,11.51697415605646,1692.4365476730618,4548.945083288117,1.8669673611025605e-05,4548.945064618443,2274.4725323092216,2274.472550978895,1214.2346423263132,0.15
8.954253552785927,11.942978924988514,1691.187100921469,3985.61339991117,1.83721798494596e-05,3985.61338153899,1992.806690769495,1992.806709141675,1060.3975394343177,0.15
6.140321274712641,4.623968744664985,1687.2396691811944,4082.94417570171,1.870391376234841e-05,4082.944156997796,2041.472078498898,2041.4720972028117,1265.4368733100675,0.15
5.785518156923938,5.542027347845038,1689.0833702459267,4278.27938495435,1.853522709396844e-05,4278.279366419122,2139.139683209561,2139.1397017447885,1275.0242746369368,0.15
5.8794030646620925,4.9449872065540585,1688.2252624509892,4182.031276932255,1.9035205729010687e-05,4182.03125789705,2091.015628948525,2091.0156479837306,1269.3752821190312,0.15
9.07120975152862,10.597338738912033,1689.5663364456038,3704.5541610430873,1.797039403489121e-05,3704.5541430726935,1852.2770715363467,1852.2770895067406,1000.1131004406675,0.15
7.603418897004534,10.170390904219134,1690.8484735924003,4118.497122965808,1.805977230495339e-05,4118.497104906035,2059.2485524530175,2059.24857051279,1118.680869551828,0.15
6.69044354838719,7.067388849680853,1688.9567247519713,3924.1708430177778,1.76540200774911e-05,3924.1708253637576,1962.0854126818788,1962.085430335899,1143.2586106895487,0.15
6.578918231539414,8.39384783838531,1690.4882138812122,4353.463771541316,1.82711745994837e-05,4353.463753270142,2176.731876635071,2176.7318949062455,1223.8242887150523,0.15
7.7263846822946896,8.889537141567114,1689.3413195683622,3698.445123084402,1.7494463144930128e-05,3698.445105589939,1849.2225527949695,1849.2225702894325,1028.557362099149,0.15
8.079584210499803,8.122153290897364,1688.0154277561148,3236.8977436197497,1.6913875351312464e-05,3236.8977267058744,1618.4488633529372,1618.4488802668125,926.1058692209729,0.15
9.150909937757968,9.371036353632084,1688.0716061099986,3346.2936981903404,1.7334075222775752e-05,3346.293680856265,1673.1468404281325,1673.146857762208,930.631834617087,0.15
6.608094629175841,5.230298337769298,1687.0289986996722,3370.425177709937,1.6875811056341388e-05,3370.425160834126,1685.212580417063,1685.212597292874,1037.8006146696455,0.05
7.217350087787489,6.654211110481737,1687.6363733999983,3244.350591341725,1.677100490008397e-05,3244.35057457072,1622.17528728536,1622.175304056365,968.0164575591571,0.15
6.352128319477929,5.61272312541929,1687.9919338555508,3773.271996285856,1.765073437746395e-05,3773.2719786351217,1886.6359893175609,1886.636006968295,1140.925105540416,0.15
9.477953712109269,24.230553211144223,1707.5526664189154,2080.5404995355066,2.2025526694109384e-05,2080.54047750998,1040.27023875499,1040.2702607805165,589.0444674662757,0.15
8.113639393042641,23.18434859206378,1707.584482434871,2757.992034648528,2.19147956685725e-05,2757.9920127337323,1378.9960063668661,1378.9960282816617,743.5953967010648,0.15
9.12127233958444,23.25269640295339,1705.9858653492151,2333.355156919789,2.158774912538884e-05,2333.35513533204,1166.67756766602,1166.677589253769,632.7331804865468,0.15
7.784502987181863,22.20851887726892,1706.0659768310882,3062.418375053649,2.15795750469015e-05,3062.418353474074,1531.209176737037,1531.209198316612,805.7163154282227,0.15
6.821367568830707,21.955407052515497,1707.3588750020203,4237.704824627904,2.226908333328885e-05,4237.70480235882,2118.85240117941,2118.8524234484935,1096.2409944776246,0.15
8.849239373994545,22.191544108791906,1704.3759211704803,2762.8783115992715,2.1109716012357265e-05,2762.8782904895556,1381.4391452447778,1381.4391663544936,728.6803507016119,0.15
7.665118294291715,21.359902819277604,1704.6491201366716,3380.9236890595653,2.113605452364261e-05,3380.923667923511,1690.4618339617555,1690.4618550978098,878.317196496556,0.15
6.28133082073477,20.635536705786294,1705.738074161756,5067.78419947387,2.2341552023806388e-05,5067.784177132318,2533.892088566159,2533.892110907711,1294.34981305138,0.15
4.981306819942194,19.50631493512412,1706.7087400300554,6386.05676405855,2.349701334559639e-05,6386.056740561537,3193.0283702807683,3193.0283937777813,1618.4226739438109,0.15
5.73536512871218,-5.591096383996705,1688.200615731988,4251.835616718858,1.839829629935788e-05,4251.835598320561,2125.9177991602805,2125.917817558577,1087.4519621322368,0.15
10.78631520500485,-11.557583172964977,1699.1917468556978,2079.031927058133,1.970030225006527e-05,2079.0319073578307,1039.5159536789154,1039.5159733792177,549.7476270999384,0.15
9.207918356835512,-10.738116166170949,1698.5180076774698,2539.6430613260886,2.034823761554293e-05,2539.643040977851,1269.8215204889254,1269.8215408371632,644.7898317281379,0.15
9.778333874899424,-11.158495962769669,1697.587128969399,2270.438136277418,1.961626998362243e-05,2270.438116661148,1135.219058330574,1135.219077946844,583.6636777466715,0.15
8.628955756553129,-10.432858915144424,1697.200644413227,2865.599643613956,2.0043958075725147e-05,2865.5996235699977,1432.7998117849988,1432.799831828957,718.5329685823332,0.15
7.800225989862086,-9.788184952761162,1695.5196052044978,3486.0153720165977,1.984853587039929e-05,3486.015352168062,1743.007676084031,1743.0076959325668,868.371989682784,0.15
9.553137588650594,-11.071598484856445,1695.8678198014616,2382.6040270701133,1.925051827358804e-05,2382.604007819595,1191.3020039097976,1191.3020231603157,603.7034286460959,0.15
10.944843356767011,-11.80634374483905,1697.0564570682393,2144.408168102738,1.9203477705100766e-05,2144.40814889926,1072.20407444963,1072.2040936531077,565.3587725042978,0.15
11.133452994468362,-11.91149566709696,1694.9121032060043,2054.9707849495526,1.871148766588125e-05,2054.9707662380647,1027.4853831190323,1027.4854018305202,542.8549801507204,0.15
7.0375286857831085,-8.933815589337227,1693.7572743908152,3961.198162385359,1.951031651101718e-05,3961.1981428750423,1980.5990714375212,1980.5990909478378,986.1082398769863,0.15
9.955973632730707,-11.25915466615034,1694.0506750065986,2219.8758164221763,1.9003784596441643e-05,2219.875797418392,1109.937898709196,1109.9379177129804,564.83463673368,0.15
8.523788988618453,-10.299280509530671,1694.0679000219811,3001.7421582808006,1.9042108450928358e-05,3001.7421392386923,1500.8710696193461,1500.8710886614545,748.9610341186633,0.15
6.830843320808804,-8.378646442943959,1691.6336015125682,4135.183363927394,1.899405191661328e-05,4135.183344933342,2067.591672466671,2067.591691460723,1030.6812108593292,0.15
7.990277884419672,-9.683341334931235,1692.4232975906004,3310.388517722098,1.886995637305132e-05,3310.3884988521418,1655.1942494260709,1655.1942682960273,824.1541515312181,0.15
11.352115671160847,-11.893877974882145,1692.7657701920916,1883.3125357082904,1.8341665605189583e-05,1883.312517366625,941.6562586833124,941.656277024978,497.86158877593056,0.15
9.5815177095247,-10.848399686163688,1692.1010054490523,2422.96690557385,1.849446847113708e-05,2422.9668870793816,1211.4834435396908,1211.4834620341592,607.5503008914642,0.15
8.35339072909878,-9.661196791713474,1690.4998975184133,3049.5191399018845,1.8206149131839844e-05,3049.5191216957355,1524.7595608478678,1524.7595790540167,757.066471302486,0.15
8.81885832769128,-9.555034812078882,1688.3895765133616,2631.218327764848,1.7433773803351856e-05,2631.218310331074,1315.609155165537,1315.6091725993108,649.5808542047052,0.15
7.3360253663478465,-8.384680281264183,1689.2385280487538,3674.877748953648,1.829860712768688e-05,3674.8777306550405,1837.4388653275203,1837.4388836261276,917.5284799399377,0.15
7.846760277044695,-8.27015941785157,1687.0921980428914,3191.220349865047,1.7380965291087703e-05,3191.2203324840816,1595.6101662420408,1595.6101836230062,795.9793476402467,0.15
6.105773949947113,-6.9206991636950965,1689.8020293786242,4382.830850764402,1.8712689195524045e-05,4382.8308320517135,2191.4154160258568,2191.4154347385456,1102.74277064562,0.15
6.632405532643477,-7.022465908044307,1687.6904999762717,4112.886165391109,1.8194977908872144e-05,4112.886147196131,2056.4430735980654,2056.4430917930435,1037.6992708135883,0.15
11.600400552060218,-11.76141820731766,1690.6291691030583,1761.6658141777368,1.79221510044946e-05,1761.6657962555857,880.8328981277929,880.832916049944,465.7045446921809,0.15
10.01613759638416,-10.726091245172055,1689.6129689085842,2144.0337174906867,1.787020147362241e-05,2144.033699620485,1072.0168498102425,1072.0168676804442,533.5690309005636,0.15
11.87713269985092,-11.53038435461642,1688.507459712024,1656.0322679560006,1.7415631930432636e-05,1656.0322505403688,828.0161252701844,828.0161426858162,438.9242714230773,0.15
10.484621878425427,-10.528330410898905,1687.4041369459924,1928.0963807697224,1.7301321717771848e-05,1928.0963634684006,964.0481817342003,964.0481990355221,478.02474220153937,0.15
12.946651793790144,-10.017246651573329,1707.1523185458702,1867.351125655637,2.0186956964035e-05,1867.3511054686799,933.6755527343399,933.675572921297,499.962118817567,0.15
11.216432707307478,-9.599266968918776,1706.489606338941,1913.112959057796,2.0194590287457308e-05,1913.1129388632057,956.5564694316029,956.5564896261931,513.2835013739552,0.15
9.964199858128854,-9.240688650594167,1705.9408192730584,2048.6538716733457,2.07019325080476e-05,2048.6538509714132,1024.3269254857066,1024.3269461876391,536.8163447921723,0.15
10.62842466841212,-10.020217842342309,1704.874265373709,2045.468879069096,2.0272106571913287e-05,2045.4688587969893,1022.7344293984946,1022.7344496706013,543.4750257796563,0.15
12.11135414272884,-10.541285920336394,1705.2620321197217,2105.375395101812,2.007338814547388e-05,2105.375375028424,1052.687687514212,1052.6877075876,562.2436600153507,0.15
11.341165337725617,-10.920556473502126,1703.3103926171138,2165.7626606571484,2.0118419118237152e-05,2165.762640538729,1082.8813202693646,1082.881340387784,576.9355072855693,0.15
9.168629881629649,8.411297711630555,1686.8528495217918,3144.572867823314,1.685629800429882e-05,3144.572850967016,1572.286425483508,1572.286442339806,909.7262071793498,0.15
9.725928898458072,20.89413292546617,1701.2916132856722,3115.4216421867814,2.0620836732800857e-05,3115.4216215659444,1557.7108107829722,1557.7108314038092,813.8787837785617,0.15
10.312468731619184,21.99518646871105,1702.2983888501767,3149.2547778147405,2.115213453672844e-05,3149.254756662606,1574.627378331303,1574.6273994834376,823.3599246201258,0.15
13.164461776258191,22.28463150682058,1700.561989570254,3554.4356887330737,2.1128179443306075e-05,3554.435667604894,1777.217833802447,1777.2178549306266,925.9902771266701,0.15
12.055193826398472,22.74832494810315,1701.9011531199978,3588.078719164433,2.144017725370739e-05,3588.078697724256,1794.039348862128,1794.039370302305,934.2524003260748,0.15
13.9716851211021,23.35172104248776,1701.6841730114895,3535.105206581458,2.1435399273784175e-05,3535.105185146059,1767.5525925730294,1767.5526140084285,921.4550823082926,0.15
14.67379150301024,22.783786153390803,1700.5955089681695,3333.97057533606,2.100728730991736e-05,3333.970554328773,1666.9852771643864,1666.9852981716735,870.0848168819422,0.15
15.95138146489956,23.757974804503437,1701.677192659998,2883.5484691619704,2.129479967969227e-05,2883.5484478671706,1441.7742239335853,1441.774245228385,757.2816184444468,0.15
16.02186105047617,22.565838403560036,1699.930611143148,2945.313721451607,2.094395440093119e-05,2945.3137005076524,1472.6568502538262,1472.6568711977807,772.7084313864958,0.15
11.285226454911689,21.38959927705412,1700.5728854514027,3295.5913731817564,2.075949632209781e-05,3295.59135242226,1647.79567621113,1647.7956969706263,860.7975851320656,0.15
9.900078574344391,19.935519924584455,1699.8053737271437,3225.6813175292987,2.0452036147018728e-05,3225.6812970772626,1612.8406485386313,1612.8406689906674,842.7753676502639,0.15
12.906746825608774,21.02129404305844,1699.014419407158,3448.673912162438,2.0300353568253087e-05,3448.673891862084,1724.336945931042,1724.3369662313958,900.9504542391953,0.15
14.472109555507355,21.76077684551241,1699.2713805281387,3385.3216856825907,2.061862959958564e-05,3385.321665063961,1692.6608325319805,1692.6608531506101,884.8611540276086,0.15
16.055626094987858,21.303846803010902,1698.2327027676408,3043.5902648961346,2.0046828307323342e-05,3043.590244849306,1521.795122424653,1521.7951424714815,803.1768609529379,0.15
11.34179724774886,20.04080232443669,1698.7458018593336,3293.3141709173287,2.005014882544975e-05,3293.3141508671797,1646.6570754335899,1646.6570954837389,862.4531580121863,0.15
12.89894075983803,19.70459615106196,1697.3422001934746,3400.58972112157,1.98523904266928e-05,3400.58970126918,1700.29485063459,1700.2948704869802,895.2959174431973,0.15
9.865157409399014,18.6178640463294,1698.1313725443665,3385.737610361202,1.999636898085934e-05,3385.737590364833,1692.8687951824165,1692.8688151787853,885.7898669988921,0.15
9.93904990232101,17.317157640693434,1696.4589288007712,3507.5736441164204,1.9381780589396316e-05,3507.57362473464,1753.78681236732,1753.7868317491004,921.2087457513148,0.15
14.435243595707474,20.56547677921205,1697.735913341313,3369.914561945572,2.000160974855368e-05,3369.9145419439624,1684.9572709719812,1684.957290973591,888.0984114835476,0.15
14.40378735941359,19.24973002427093,1696.1098514871255,3358.744930503149,1.9576612757959343e-05,3358.7449109265362,1679.3724554632681,1679.372475039881,896.4544811049655,0.15
16.054156092772683,19.99336151071357,1696.5713257030188,3088.434945878152,1.966667353926201e-05,3088.434926211479,1544.2174631057394,1544.2174827724127,826.263462613038,0.15
11.36179960075425,18.65107980221088,1696.9812749283233,3323.5358408856555,1.9587548599249972e-05,3323.535821298107,1661.7679106490534,1661.767930236602,874.9639164757091,0.15
11.418433341601656,17.26677112170642,1695.2594732832672,3378.756911081097,1.96400233471536e-05,3378.7568914410735,1689.3784457205368,1689.37846536056,896.5251194027195,0.15
12.866181182867546,18.423494931258315,1695.7836726494354,3366.5365162737885,1.9405482148890326e-05,3366.536496868306,1683.268248434153,1683.2682678396354,896.1385476410654,0.15
14.312687034336886,17.92515906055656,1694.5412356809404,3320.3676097834164,1.91567684112801e-05,3320.367590626648,1660.183795313324,1660.1838144700923,900.7697202929826,0.15
12.789155272246257,17.308091286704695,1694.4835787259408,3354.12027984207,1.917094919856626e-05,3354.120260671121,1677.0601303355604,1677.0601495065096,900.9106501098466,0.15
11.896939764202992,16.277351579941886,1693.7745352896693,3402.8879127725268,1.8913824422190783e-05,3402.8878938587022,1701.4439469293511,1701.4439658431756,913.2591407690953,0.15
10.221768739646537,16.161850279006014,1694.840633483002,3588.267492271089,1.9043308216295697e-05,3588.2674732277806,1794.1337366138903,1794.1337556571987,946.1848718881906,0.15
16.017079260580413,18.648884759660213,1694.9360106779557,3114.4302259578467,1.9252095363704222e-05,3114.4302067057515,1557.2151033528758,1557.215122604971,851.7341200498003,0.15
15.942298758732424,17.28231460975608,1693.3185531692816,3187.6594527458237,1.8805992938165484e-05,3187.6594339398307,1593.8297169699154,1593.8297357759084,891.6954179608947,0.15
13.748206546661544,16.578536163802852,1693.1646488408987,3371.3758144020585,1.887710695996489e-05,3371.3757955249516,1685.6878977624758,1685.6879166395827,923.7619423959933,0.15
12.31200276236124,15.528148192656424,1692.6486601251252,3420.296870204653,1.8382237671610275e-05,3420.296851822415,1710.1484259112076,1710.1484442934452,927.9411812864641,0.15
10.608444196982356,14.95186606454693,1693.1208784053522,3610.230466826212,1.8732961430401264e-05,3610.2304480932503,1805.1152240466251,1805.1152427795867,959.4130899706777,0.15
11.87241103258313,14.624620922465478,1691.8618981880086,3430.8192522570585,1.818229072381756e-05,3430.819234074768,1715.409617037384,1715.4096352196746,930.8332978692425,0.15
15.825666795525702,15.905807765124752,1691.7128432943616,3190.2245681902023,1.837101413418853e-05,3190.2245498191883,1595.1122749095941,1595.1122932806081,913.1824404837093,0.15
10.608610685617936,13.42662971063966,1691.367326845202,3572.583674023321,1.8222971830542854e-05,3572.583655800349,1786.2918279001744,1786.2918461231463,957.0416312270836,0.15
10.261117329214596,12.093152912847136,1690.1255940476708,3559.4484234927904,1.7830873732597805e-05,3559.4484056619167,1779.7242028309583,1779.724220661832,957.1497712095912,0.15
13.590159004492344,15.083928219314416,1691.4771014221612,3394.009444584972,1.831355542934558e-05,3394.0094262714165,1697.0047131357082,1697.0047314492635,944.7061594837113,0.15
12.398027855351131,13.983253253937889,1690.8017031133684,3391.376675677237,1.7960684298463865e-05,3391.376657716553,1695.6883288582765,1695.6883468189606,933.793562276557,0.15
10.730911633053934,11.447230020352004,1688.9929540440903,3344.169071927868,1.733499050781246e-05,3344.1690545928777,1672.0845272964389,1672.0845446314293,912.2831007996467,0.15
9.82491850288562,10.443725016052692,1688.6181523755113,3347.6503448111125,1.7286446883932566e-05,3347.6503275246655,1673.8251637623327,1673.8251810487798,912.2759500254434,0.15
10.35291998093748,10.222835502536508,1687.8610415946528,3258.613890376128,1.711350249208595e-05,3258.6138732626255,1629.3069366313127,1629.3069537448152,902.3786062934503,0.15
15.65943957598763,14.530938304241676,1690.1099083229212,3232.8097584558814,1.790312843478657e-05,3232.809740552753,1616.4048702763764,1616.404888179505,940.2071137847151,0.15
13.840030595277725,13.781809670961476,1689.8309692619032,3386.299876626297,1.7688934255372897e-05,3386.299858937363,1693.1499294686814,1693.1499471576158,959.9428487444856,0.15
12.063502502013796,12.82111747339382,1689.649545923797,3339.075884023754,1.766669379253176e-05,3339.0758663570605,1669.5379331785302,1669.5379508452238,923.3682338226852,0.15
15.432973775180288,13.172659913961978,1688.5015066846663,3085.8014491931904,1.7252898723478467e-05,3085.8014319402914,1542.9007159701457,1542.9007332230447,908.1146117547185,0.15
14.1579878196777,12.501624247942548,1688.129110435802,3141.935535160605,1.706251822471328e-05,3141.935518098087,1570.9677590490435,1570.9677761115615,906.2942628338469,0.15
11.677201834898552,10.710079510802428,1687.379963189998,2929.428292311087,1.6621742515509888e-05,2929.4282756893444,1464.7141378446722,1464.7141544664146,826.300282842341,0.15
12.488073507483596,11.621816354177003,1687.9543108695923,3064.858029263209,1.6634038324250688e-05,3064.858012629171,1532.4290063145854,1532.4290229486237,865.3464988645125,0.15
15.130470818334231,11.860463966364977,1686.8872987983416,2669.9430511403957,1.646593417484969e-05,2669.9430346744616,1334.9715173372308,1334.971533803165,787.1262762490876,0.15
13.993433519946493,11.61791730421236,1687.0716762533643,2833.606787511109,1.6499111959562338e-05,2833.606771011997,1416.8033855059984,1416.8034020051105,822.7421185612131,0.15
12.33727124709008,25.82946306237364,1706.9346147021363,4182.231618028595,2.5605598892223316e-05,4182.231592422996,2091.115796211498,2091.115821817097,1113.1137303063874,0.15
11.601778492848643,25.706383997715925,1707.5593261427452,3545.628141807392,2.4807721209217057e-05,3545.6281169996705,1772.8140584998353,1772.8140833075565,957.2422121382841,0.15
10.601197025395148,25.02561184100677,1707.4984783995628,2518.8900718785867,2.291073286148929e-05,2518.890048967854,1259.445024483927,1259.4450473946597,699.3717161915903,0.15
12.249726921373044,25.33754205996215,1705.9867385885775,4061.245139875358,2.4336532685059764e-05,4061.2451155388253,2030.6225577694127,2030.6225821059452,1074.2829340331168,0.15
11.265055377786693,25.08702396448374,1706.6235695117678,3285.330040286255,2.3602009681583963e-05,3285.3300166842455,1642.6650083421227,1642.6650319441324,880.2490171384835,0.15
11.286160543680904,24.67760049823931,1705.7527935047722,3377.5896631796204,2.2806496878846832e-05,3377.5896403731235,1688.7948201865618,1688.7948429930586,899.229443028626,0.15
12.167023236662953,24.6772844270673,1704.8316912247317,3973.525711992484,2.3297094182271425e-05,3973.52568869539,1986.762844347695,1986.7628676447891,1042.9673992763387,0.15
10.309626823387898,24.25068050402353,1706.2136091788277,2650.721191019406,2.203717623153228e-05,2650.7211689822298,1325.3605844911149,1325.360606528291,718.8637457195758,0.15
12.101138981331715,23.78008186326809,1703.4204130805851,3716.154672545449,2.207098674009487e-05,3716.1546504744624,1858.0773252372312,1858.077347308218,971.5071679607245,0.15
10.525046454400096,23.54692003833683,1704.5752515891277,3056.894361416683,2.1986811403839588e-05,3056.8943394298713,1528.4471697149356,1528.4471917017472,807.2858616868353,0.15
10.905968858736436,22.899495105588908,1703.0914213469307,3254.785551202337,2.152956798700501e-05,3254.785529672769,1627.3927648363845,1627.3927863659526,852.470827569689,0.15
9.82155253614867,22.330784385273365,1703.3548196351023,2918.1242324781065,2.125553689598724e-05,2918.1242112225696,1459.0621056112848,1459.0621268668217,765.9157437912959,0.15
10.329634424090733,9.482750715694158,1686.9542264118809,2990.8847285421066,1.6243700728552515e-05,2990.8847122984057,1495.4423561492029,1495.4423723929037,850.7704219906801,0.15
11.040796679429851,10.093647837929788,1687.1010893383582,2878.5963507455785,1.6087587989562866e-05,2878.5963346579906,1439.2981673289953,1439.2981834165832,813.0608309517492,0.15
12.210750278465383,-12.04232154316512,1700.3060960187047,2476.3172358147444,1.9715370266534576e-05,2476.317216099374,1238.158608049687,1238.1586277650574,657.531387948063,0.15
12.281014840191949,-12.340623287376289,1698.0975814259434,2401.1929694355804,1.907378827294799e-05,2401.192950361792,1200.596475180896,1200.5964942546843,639.5889023698718,0.15
13.746253757198376,-12.809573020401707,1699.1752703984298,2590.8182392373155,1.9569790162061838e-05,2590.818219667525,1295.4091098337626,1295.409129403553,684.5406888641645,0.15
13.679900617829436,-12.91876655737659,1697.6496442251723,2546.274570192032,1.9262596500053944e-05,2546.2745509294355,1273.1372754647177,1273.1372947273144,675.3866178415053,0.15
15.24954429014759,-13.440297501220822,1697.9242048664396,2503.3332418733658,1.933977258062528e-05,2503.333222533593,1251.6666112667965,1251.6666306065692,658.9994159567946,0.15
14.720210919016752,-13.322550165210911,1696.5808465804146,2398.969909981312,1.874144536815848e-05,2398.9698912398667,1199.4849456199333,1199.4849643613786,635.9759599293742,0.15
12.839502538037395,-12.64449939768149,1696.2333359804572,2324.442869619154,1.8557394424077707e-05,2324.4428510617595,1162.2214255308797,1162.2214440882742,622.2024313681519,0.15
14.157707533488225,-13.118497090945826,1695.2085386528388,2428.2203828413776,1.8032994247933075e-05,2428.2203648083832,1214.1101824041916,1214.110200437186,648.4710029321602,0.15
16.703272598542092,-13.930558650576229,1696.5575857850265,2377.7797455878467,1.9302406148269465e-05,2377.7797262854406,1188.8898631427203,1188.8898824451264,624.1804800548521,0.15
15.906751008304695,-13.677211486118368,1694.9047886498713,2310.422201893992,1.8173330399439918e-05,2310.422183720662,1155.211091860331,1155.2111100336613,614.7040650241817,0.15
18.09078318571383,-14.276287553331816,1695.0832375903983,2223.65853689237,1.902244891689309e-05,2223.658517869921,1111.8292589349605,1111.8292779574097,584.6141349198924,0.15
14.50844871751067,-13.177202107155562,1693.9690028849282,2389.590811756741,1.7711781848674795e-05,2389.5907940449592,1194.7953970224796,1194.7954147342614,640.9185019679538,0.15
17.645192382372958,-14.06072179687301,1693.2707170160645,1912.5271793997265,1.7737866757507828e-05,1912.5271616618597,956.2635808309299,956.2635985687966,513.2561523296134,0.15
15.763705300002911,-13.468101641334544,1692.7317411720717,2212.714445126904,1.7398189040980937e-05,2212.7144277287152,1106.3572138643576,1106.3572312625465,594.9291904117354,0.15
12.931478945697382,-12.63101966410392,1694.0960679420791,2231.900864579871,1.805255084593732e-05,2231.90084652732,1115.95042326366,1115.9504413162108,600.9801877844233,0.15
12.861390671094613,-12.451981186566428,1692.141811291968,2021.3783688827211,1.763206563537304e-05,2021.3783512506554,1010.6891756253277,1010.6891932573934,549.5586661734457,0.15
14.08239173495252,-12.942573097241516,1692.819037232053,2291.3846848851817,1.7538509885261546e-05,2291.384667346672,1145.692333673336,1145.6923512118458,618.3210762658786,0.15
19.39808674771057,-14.477282720663196,1693.5123751080575,2637.2754168631886,1.9027249827171905e-05,2637.2753978359387,1318.6376989179694,1318.6377179452193,693.6493587343016,0.15
18.768499092266097,-14.17031318993593,1691.7028816658458,1938.425043385109,1.7498966420249305e-05,1938.4250258861425,969.2125129430713,969.2125304420376,520.8875637145458,0.15
20.615039014898997,-14.53563615691492,1691.8561613558677,3580.3074985753324,1.868382905662157e-05,3580.307479891503,1790.1537399457516,1790.1537586295808,938.5009846088979,0.15
14.48441203126175,-12.887781361632683,1691.19010349709,2262.131662068396,1.7005309922309086e-05,2262.131645063086,1131.065822531543,1131.065839536853,614.4619626145793,0.15
13.20237442567219,-12.307044482904182,1690.0422845782464,1853.5807528330097,1.7151810894178044e-05,1853.5807356811988,926.7903678405994,926.7903849924103,510.25270951873574,0.15
17.206713062357608,-13.76361797797583,1691.6902921155552,1891.0582974756417,1.7145772860109623e-05,1891.0582803298687,945.5291401649343,945.5291573107073,511.80332954405173,0.15
15.98165584056677,-13.266597173053794,1690.6719758435138,2209.161504930739,1.6567722563406486e-05,2209.1614883630164,1104.5807441815082,1104.5807607492306,599.0462645714316,0.15
14.836250272385277,-12.680971784606912,1689.1295142627614,2234.8249059113946,1.640647103097881e-05,2234.8248895049237,1117.4124447524619,1117.4124611589327,612.6608292299869,0.15
13.577095704950327,-12.082564631163526,1687.9662383355787,1830.3884132253909,1.656524354614549e-05,1830.3883966601472,915.1941983300736,915.1942148953173,508.72989522450763,0.15
17.841664839302965,-13.658329694219717,1689.8732923431612,1591.1764709177571,1.646650128677162e-05,1591.1764544512557,795.5882272256279,795.5882436921293,439.7033438787031,0.15
19.79572238973927,-14.188593345873253,1690.2161316692934,2259.033401832578,1.715984181938188e-05,2259.0333846727362,1129.5166923363681,1129.5167094962098,601.2269145882752,0.15
21.73377240792818,-14.455381374791903,1690.126590457994,4513.719204109609,1.849928071085747e-05,4513.719185610328,2256.859592805164,2256.8596113044446,1183.1419504859166,0.15
20.902921527331568,-14.141094494194148,1688.6715801974185,3107.1321787261063,1.7074237789649248e-05,3107.1321616518685,1553.5660808259343,1553.566097900172,821.6822117211656,0.15
22.74400410435392,-14.24386914460476,1688.3452673012584,5414.471061383038,1.8661865929393446e-05,5414.471042721172,2707.235521360586,2707.2355400224524,1422.8831954794427,0.15
19.32791804317129,-13.835077792097758,1688.7726318754237,1500.519710336897,1.63100686633931e-05,1500.5196940268283,750.2598470134142,750.2598633234829,413.4896143850861,0.15
19.72011479496796,-13.620868126997951,1687.2472306451118,1462.7487589940392,1.5866001250978593e-05,1462.748743128038,731.374371564019,731.3743874300202,399.1499405035012,0.15
17.675073877294935,-13.206420783295805,1687.7264868628508,1764.7566285725263,1.5723686619884256e-05,1764.7566128488397,882.3783064244199,882.3783221481065,489.8134132859456,0.15
16.352322172035674,-13.082395846451382,1688.9402195884145,2235.054381108149,1.6068088778247038e-05,2235.05436504006,1117.52718252003,1117.5271985881188,610.093734891481,0.15
15.58968290623656,-12.528102795154446,1687.1626202784685,2197.881395553617,1.584241398830751e-05,2197.881379711203,1098.9406898556015,1098.9407056980156,609.2428269511365,0.15
21.51632674568467,-13.965119173025238,1687.2042189794686,3691.055987738047,1.6803697131738992e-05,3691.0559709343497,1845.5279854671749,1845.528002270872,974.1673889434114,0.15
20.267480686474443,-11.838468585318218,1706.4058111640654,3844.390320307062,2.1181861280762323e-05,3844.3902991252007,1922.1951495626004,1922.1951707444618,1006.5314571749801,0.15
18.260723603157988,-11.814672906125764,1706.371731766855,2532.4451477110774,2.0891363270574118e-05,2532.445126819714,1266.222563409857,1266.2225843012204,657.0514178252663,0.15
14.97212257829922,-10.505729788686049,1707.594481336534,1584.9479858565585,2.0452636093470397e-05,1584.9479654039224,792.4739827019612,792.4740031545973,416.1639724949713,0.15
14.23138505860958,-11.20872918590074,1705.6116679265865,1956.523037057265,2.0143079254742265e-05,1956.5230169141857,978.2615084570929,978.261528600172,515.4452869946136,0.15
16.112044918004067,-11.589896916672322,1706.015283362101,1686.248534734542,2.0390211558723607e-05,1686.2485143443305,843.1242571721652,843.1242775623768,436.5546222660376,0.15
13.391832345906137,-11.575087117213194,1703.8953310849363,2290.2601791565608,1.993169060792592e-05,2290.26015922487,1145.130079612435,1145.1300995441256,605.9530279414139,0.15
19.227511696111662,-12.63565235976193,1704.6730776353284,2960.2417862651696,2.0763416493240213e-05,2960.241765501753,1480.1208827508765,1480.120903514293,768.3268084988597,0.15
22.306007360819244,-11.555879542018936,1706.2182926190856,4726.58659176884,2.1290291198940325e-05,4726.586570478548,2363.293285239274,2363.2933065295656,1245.1539201568246,0.15
21.30390412523932,-12.539905290657687,1704.6260304624254,4158.69266192998,2.1102094677129355e-05,4158.692640827886,2079.346320413943,2079.3463415160372,1088.6810719973666,0.15
24.190429732869177,-10.932326370206704,1705.9068232288507,4908.818967085638,2.139718168155541e-05,4908.818945688457,2454.4094728442283,2454.40949424141,1302.067106131523,0.15
23.25764742333226,-12.105755432381777,1704.3955569838165,4632.236983570127,2.1023545199908797e-05,4632.236962546583,2316.1184812732913,2316.118502296836,1221.54351643316,0.15
22.232984560214824,-13.090413895788284,1702.767795903171,4312.766854000881,2.0923231538872943e-05,4312.76683307765,2156.383416538825,2156.383437462056,1129.2723952472443,0.15
20.29201541380971,-13.267893095639046,1703.0013890945934,3507.352527729234,2.0875604028209973e-05,3507.35250685363,1753.676253426815,1753.6762743024192,911.3236087696749,0.15
12.564359375803566,-11.829596490237824,1701.984181470098,2447.798532149957,1.98195379971186e-05,2447.798512330419,1223.8992561652094,1223.8992759847474,649.2413980185779,0.15
14.132165236714348,-12.673708753754738,1700.866062349484,2522.323573213815,1.9605591602767964e-05,2522.3235536082234,1261.1617768041117,1261.1617964097034,663.461304573895,0.15
21.179688213663244,-13.645739990619647,1701.6286847602023,3933.914361426873,2.0908692925252696e-05,3933.91434051818,1966.95717025909,1966.9571911677829,1024.6850518386439,0.15
19.55519266657481,-13.78758948128426,1701.2453520318236,2996.802852799385,2.1070284023025337e-05,2996.802831729101,1498.4014158645505,1498.4014369348347,775.1002048106498,0.15
18.124022714236123,-13.184455384534694,1702.8655132869972,2348.9759229337715,2.047766330359957e-05,2348.975902456108,1174.487951228054,1174.4879717057174,604.2389221785613,0.15
15.376713027831816,-12.206175983146275,1703.9848149783168,2011.1123322379008,2.0100680230830736e-05,2011.1123121372204,1005.5561560686102,1005.5561761692906,523.650348082698,0.15
17.36061238917572,-12.412591171173483,1704.6986311506337,2054.6452121848474,2.050235150607456e-05,2054.645191682496,1027.322595841248,1027.3226163435995,528.6058488997633,0.15
14.231761486697843,-12.295784454495646,1702.5635659596612,2358.33239276608,1.9948536638143413e-05,2358.3323728175433,1179.1661864087716,1179.1662063573083,619.7318054500996,0.15
16.03266129017428,-13.00728048071858,1701.9622131755084,2138.420779331376,1.980111559515508e-05,2138.42075953026,1069.21037976513,1069.2103995662458,554.886622932686,0.15
16.731253168835302,-12.740618320539948,1703.4448322637195,1995.4198452381772,2.020676070819221e-05,1995.4198250314166,997.7099125157083,997.7099327224689,514.2377706988083,0.15
25.12978139071643,-11.287738658597464,1704.1057271936345,4640.205311653434,2.084226812133368e-05,4640.205290811166,2320.102645405583,2320.102666247851,1232.9434590017509,0.15
26.0645326117601,-11.46598494344899,1702.27599662664,4368.586384348083,2.0344924886538027e-05,4368.586364003158,2184.293182001579,2184.2932023465037,1163.1060038035525,0.15
24.253481698589724,-12.481127814443498,1702.4443954123658,4434.816113420955,2.064630318683129e-05,4434.816092774652,2217.408046387326,2217.408067033629,1171.6680315462736,0.15
25.11582747342912,-12.6760267059521,1700.585511429901,4227.40244224025,2.0052595540536045e-05,4227.402422187654,2113.701211093827,2113.7012311464227,1119.4616083215321,0.15
22.92931425365386,-13.532290315256075,1700.8419949362726,4353.488711815516,2.061603731286291e-05,4353.488691199478,2176.744345599739,2176.7443662157766,1140.1344358183524,0.15
21.0258913907474,-14.108712164987129,1699.8708376584918,3804.5064538168367,2.062128866849384e-05,3804.506433195548,1902.253216597774,1902.2532372190626,988.7157316113629,0.15
22.461305247984413,-14.194559623311331,1698.521859557609,4335.514457640186,2.0332309015069983e-05,4335.514437307877,2167.7572186539387,2167.7572389862476,1131.2507533972523,0.15
26.981959365102107,-11.479650135902745,1700.4287610400008,4050.063014327272,1.9767061689074177e-05,4050.0629945602104,2025.0314972801052,2025.0315170471667,1081.406207306183,0.15
24.29065047195876,-13.58725376884554,1698.6864313910771,4228.561397855472,1.998742250767813e-05,4228.56137786805,2114.280688934025,2114.280708921447,1113.1402599708902,0.15
15.59319705519629,-13.339063739759274,1699.761716063928,2426.162909016071,1.9880269047747605e-05,2426.162889135802,1213.081444567901,1213.08146444817,633.599224732074,0.15
17.546716668463887,-13.65785563498901,1700.684253165825,2188.919820337886,2.000660200486573e-05,2188.919800331284,1094.459900165642,1094.459920172244,564.5443209852947,0.15
17.104762583350993,-13.900953989380092,1698.5645283226524,2371.3993489300774,1.9852700071065363e-05,2371.3993290773774,1185.6996645386887,1185.6996843913887,615.8497434141674,0.15
18.992063033948376,-14.153641996011434,1699.2502617616296,2715.1701808311686,1.996811967843059e-05,2715.1701608630487,1357.5850804315244,1357.5851003996443,702.1902375185632,0.15
18.494599841988357,-14.30792434860585,1697.2634453911724,2432.0877427467854,1.944309356515575e-05,2432.0877233036917,1216.0438616518459,1216.0438810949395,632.5742935428666,0.15
20.350868063837567,-14.463543363085352,1697.8066082345645,3545.1970163461697,2.0092434448797985e-05,3545.196996253735,1772.5984981268675,1772.5985182193022,920.5946626088248,0.15
21.718848425614112,-14.603158717511468,1696.1671347147303,4256.888000643455,2.017207435807326e-05,4256.887980471381,2128.4439902356903,2128.4440104077644,1108.6899202480083,0.15
19.801098731737373,-14.579298910542567,1695.5512962836865,3167.9160877462405,1.9715389493133665e-05,3167.916068030851,1583.9580340154255,1583.958053730815,825.255485255601,0.15
26.096927029329983,-12.586682367789754,1698.7993531423504,3843.429607593885,1.9428391152584045e-05,3843.429588165494,1921.714794082747,1921.7148135111381,1022.9966623867589,0.15
23.55830118489417,-14.231183796166926,1696.4629655560764,4579.715403749543,1.99114591843973e-05,4579.715383838084,2289.857691919042,2289.857711830501,1198.7983223613583,0.15
25.350812688302607,-13.401855194458372,1696.940687643391,3943.957043747103,1.933829055567451e-05,3943.9570244088122,1971.9785122044061,1971.9785315426968,1044.1249329370096,0.15
22.973046951012343,-14.550980463126397,1694.1493655934676,4973.0850397817385,1.973869403855535e-05,4973.085020043044,2486.542510021522,2486.5425297602164,1298.2920911579902,0.15
24.75206027688247,-13.93359720507384,1694.93160398288,4316.307032930091,1.9227039324714974e-05,4316.307013703052,2158.153506851526,2158.153526078565,1136.6433797134612,0.15
24.293213645662323,-14.212154497734414,1692.8382220689823,4896.610467887346,1.915483231797138e-05,4896.610448732514,2448.305224366257,2448.3052435210893,1284.3315235102946,0.15
22.499337626090924,-14.587418502197774,1691.7285913032515,5145.116053255794,1.909511569173959e-05,5145.116034160678,2572.558017080339,2572.558036175455,1344.5566309256878,0.15
21.2647703174344,-14.69023620026788,1693.8162467324382,4196.22873980697,1.949288526903428e-05,4196.228720314085,2098.1143601570425,2098.1143796499277,1094.5016557768174,0.15
23.957360770219964,-14.275931869540909,1690.698866264311,5639.675140846305,1.9109985158426915e-05,5639.67512173632,2819.83756086816,2819.837579978145,1478.5702874748724,0.15
22.910573808453403,-14.426268168008196,1690.0091846876385,5596.1464621019295,1.9047752310793024e-05,5596.146443054177,2798.0732215270887,2798.073240574841,1465.7310548038088,0.15
23.73279150166345,-14.16552989801054,1688.6019619403985,6118.468318281945,1.9076084699892047e-05,6118.468299205861,3059.2341496029303,3059.234168679015,1607.5737241119964,0.15
13.239295759848392,26.295898048188764,1707.257694251521,4069.638232827114,2.5311270089782176e-05,4069.6382075158435,2034.8191037579218,2034.819129069192,1092.0740285292638,0.15
13.39089826731668,25.859303443967903,1706.232338934428,3853.143842170548,2.4209473090812156e-05,3853.143817961075,1926.5719089805375,1926.5719331900104,1027.1866711884634,0.15
14.41349257301265,26.33383131842248,1706.7702969819904,3307.386816314081,2.395822987230923e-05,3307.386792355851,1653.6933961779255,1653.6934201361555,901.6308496989955,0.15
15.60272310008379,26.365013752283232,1706.514709228485,2771.1912651391485,2.2962160698244372e-05,2771.191242176988,1385.595621088494,1385.5956440506545,769.8701627968535,0.15
13.402947124051654,25.15324711894414,1704.8700500719897,3756.526602212502,2.294373639305637e-05,3756.5265792687655,1878.2632896343828,1878.2633125781192,992.164011339815,0.15
14.51414390022024,25.72110162220171,1705.4495358514455,3327.079790235065,2.292089730464032e-05,3327.079767314168,1663.539883657084,1663.5399065779811,892.6558819840088,0.15
15.7365796537653,25.60861083251469,1704.90225252739,2725.699545270073,2.2327904527400756e-05,2725.6995229421686,1362.8497614710843,1362.8497837989887,738.5999238447216,0.15
14.574954048294256,24.918206310213925,1703.9408864877853,3277.077527077914,2.2219626644641463e-05,3277.0775048582873,1638.5387524291436,1638.5387746487704,866.9701931361783,0.15
15.857195468578896,24.72787764577991,1703.2663788859895,2784.0642763329784,2.181108795833994e-05,2784.0642545218902,1392.0321272609451,1392.0321490720332,740.8278505067725,0.15
14.677456051800498,24.237778811029177,1702.7681433803164,3287.7720371517926,2.164400758842544e-05,3287.772015507785,1643.8860077538925,1643.8860293979,864.4343800695253,0.15
13.215705912610291,24.070065282400208,1703.1512129464838,3648.7054977021535,2.208320687861923e-05,3648.705475618947,1824.3527378094734,1824.35275989268,954.3506164701323,0.15
22.353598270496104,22.15389310596749,1699.9616038287302,2140.145457512406,2.043815343253217e-05,2140.1454370742526,1070.0727185371263,1070.07273897528,571.9838406444503,0.15
21.38024830028868,23.07691669659091,1701.001908184255,2068.086549879868,2.0777744792843377e-05,2068.086529102123,1034.0432645510616,1034.0432853288064,549.0697465865848,0.15
23.309852724754958,22.63458829528372,1701.1040295336172,2597.222993870004,2.11115060442272e-05,2597.2229727584977,1298.6114863792488,1298.611507490755,683.8895357813362,0.15
20.21815233655061,23.95398106715889,1702.0846247615727,1997.705925244075,2.110441808913824e-05,1997.705904139657,998.8529520698285,998.8529731742465,532.839962263357,0.15
22.33599240979091,23.654057018638976,1702.3095860735705,2533.582053372007,2.1390799063741292e-05,2533.582031981208,1266.791015990604,1266.7910373814032,666.8129406334037,0.15
24.389407212089218,23.029582022925126,1702.4490148874434,3404.299580814949,2.183352713088599e-05,3404.299558981422,1702.149779490711,1702.149801324238,887.261928857666,0.15
24.8016365707028,22.11992505447965,1701.189072018874,3208.368656624706,2.13922362156723e-05,3208.36863523247,1604.184317616235,1604.1843390084712,839.1373467946012,0.15
26.28805362070196,22.029253112303103,1702.4150996399983,4035.792685170281,2.276222096990049e-05,4035.79266240806,2017.89633120403,2017.896353966251,1051.8878283928436,0.15
24.04682954131348,21.382369075283272,1699.6184918839992,2554.520754050795,2.0430978080131805e-05,2554.520733619817,1277.2603668099084,1277.2603872408865,676.6366260084285,0.15
26.081985720672883,21.06331857169872,1700.5318854897002,3579.2281189426503,2.1922091667203045e-05,3579.228097020559,1789.6140485102794,1789.614070432371,936.2762412390966,0.15
17.331000984328494,23.12164687017067,1700.5561627434322,2513.155108993174,2.1040959198458375e-05,2513.1550879522147,1256.5775439761073,1256.5775650170667,663.9530386932157,0.15
18.0811994104705,23.97741118799391,1701.8446472150122,2240.653225165632,2.11140373792056e-05,2240.653204051595,1120.3266020257975,1120.3266231398347,595.738070901328,0.15
19.327481027807384,22.86319712805864,1700.2461865574844,1967.522970023394,2.0504040623013853e-05,1967.5229495193535,983.7614747596767,983.7614952637173,525.1166353347293,0.15
17.643097231373638,22.05481536608945,1699.0477750990528,2542.781506655132,2.0372372134244888e-05,2542.78148628276,1271.39074314138,1271.390763513752,672.6938669625464,0.15
17.758305212155626,20.843475019608928,1697.4549177609306,2584.8729927852755,1.980149682422096e-05,2584.8729729837787,1292.4364864918894,1292.4365062933862,694.0580142666827,0.15
23.76225677801112,18.817498189767534,1696.14010778333,2448.180544323827,1.919788519388098e-05,2448.1805251259416,1224.0902625629708,1224.090281760856,672.0830954797173,0.15
24.010209716614817,20.0429756840803,1697.791066072252,2427.7415579838903,1.979898377238164e-05,2427.7415381849064,1213.8707690924532,1213.870788891437,653.6217408503014,0.15
25.542855743000985,18.76069392156489,1697.0007600743172,2905.700622112991,1.9654088124806103e-05,2905.7006024589027,1452.8503012294514,1452.8503208835396,777.8672728748123,0.15
22.098897895113204,21.09354666288218,1698.4101818728138,2046.4897153189247,1.9832802634697176e-05,2046.4896954861222,1023.2448477430611,1023.2448675758636,552.9989571139555,0.15
19.786941954042863,21.4626247946316,1698.3712483033105,2045.5130207339903,1.9809117075615227e-05,2045.5130009248733,1022.7565004624366,1022.7565202715537,554.06679733619,0.15
19.34456367861813,20.13821038246025,1696.619962932943,2245.363454916184,1.951856222859402e-05,2245.3634353976217,1122.6817176988109,1122.681737217373,620.5558615441515,0.15
21.05498393804674,22.170200788536405,1699.5812311578852,1961.8327909988725,2.0193801942162173e-05,1961.8327708050706,980.9163854025353,980.9164055963372,526.9969514306928,0.15
20.938340829728222,20.36544940446928,1697.157519794087,2009.9525413355448,1.9489094082683683e-05,2009.9525218464507,1004.9762609232254,1004.9762804123194,556.5226798411834,0.15
25.82763532041971,19.95246455669177,1698.7364490966922,3110.366287795765,2.0387456534354256e-05,3110.3662674083084,1555.1831337041542,1555.1831540916107,821.5893167796538,0.15
25.233092692025004,17.522682671685956,1695.3032125125787,2872.02474926892,1.896683700494061e-05,2872.024730302083,1436.0123651510414,1436.0123841178786,780.618548628186,0.15
22.423852352755176,19.76405323852526,1696.8045410239697,2131.4584625475904,1.954228603336227e-05,2131.4584430053046,1065.7292215026523,1065.7292410449381,589.7884256454344,0.15
20.89533236157827,19.59771183940142,1696.1889387550284,2084.4965109069685,1.903807604359118e-05,2084.4964918688925,1042.2482459344462,1042.2482649725223,585.2189486963069,0.15
17.80286493876015,19.513899108399613,1695.793957349246,2656.7548407748004,1.927678717737467e-05,2656.7548214980134,1328.3774107490067,1328.3774300257937,730.8540786360337,0.15
19.768757272679924,18.78158939094905,1695.0047281535656,2282.829788287984,1.886626258628205e-05,2282.8297694217213,1141.4148847108606,1141.4149035771231,649.3437157394858,0.15
21.83472019128371,18.645973376866834,1695.2564005857696,2239.487488072223,1.8886223582140627e-05,2239.4874691859995,1119.7437345929998,1119.7437534792234,633.3112708663459,0.15
24.89846983756036,16.26254061370965,1693.6271572933251,3025.701055571335,1.836031512517044e-05,3025.70103721102,1512.85051860551,1512.850536965825,838.0917161410232,0.15
23.36800121294252,17.561206927789428,1694.466881783692,2594.317317298661,1.862757479245162e-05,2594.317298671086,1297.158649335543,1297.1586679631178,728.2879821378247,0.15
21.341481668805056,17.521282500301094,1693.7853207400167,2393.544835620139,1.8336503706994624e-05,2393.5448172836354,1196.7724086418177,1196.7724269783214,694.0488523797244,0.15
17.79421955349626,18.02640978572185,1693.9996556088174,2758.873765093038,1.8758198633746792e-05,2758.8737463348393,1379.4368731674197,1379.4368919256183,781.5799681341849,0.15
19.496143733339974,17.284066225455877,1693.184953320946,2497.0568571717613,1.831520406196414e-05,2497.056838856557,1248.5284194282785,1248.5284377434828,732.5313265285057,0.15
23.01286630757312,16.315595768415488,1692.859327347905,2770.592724464277,1.801318204707427e-05,2770.592706451095,1385.2963532255476,1385.2963712387295,793.9380780161865,0.15
21.173952032837963,16.123650131451413,1692.0882142325154,2596.999092910184,1.783693353321837e-05,2596.9990750732504,1298.4995375366252,1298.499555373559,772.2726729596808,0.15
22.749100107725933,15.055761451793368,1691.26223591828,2900.0534371763915,1.743475765238395e-05,2900.0534197416337,1450.0267098708168,1450.0267273055747,845.7922643589919,0.15
24.538272480635424,15.00556788440277,1691.953450900139,3172.614419362493,1.764865011043352e-05,3172.614401713843,1586.3072008569216,1586.3072185055717,891.5356821237726,0.15
20.97827269619958,14.960234155348829,1690.6498311100397,2615.315901725298,1.73509206337497e-05,2615.315884374377,1307.6579421871886,1307.6579595381093,792.5876906509258,0.15
17.59242303093597,16.526694083040393,1692.2268574194147,2877.927712530888,1.820409522592489e-05,2877.927694326793,1438.9638471633964,1438.9638653674917,838.7143803049487,0.15
17.77867263176309,14.91169102382224,1690.2920123148565,2836.686821847063,1.7707059364196245e-05,2836.686804140004,1418.343402070002,1418.3434197770612,854.2281929233163,0.15
19.35087383896901,15.765556538390694,1691.3665159082343,2606.1533348110397,1.775136827041351e-05,2606.1533170596713,1303.0766585298356,1303.076676281204,787.5641555906651,0.15
19.46761435379401,14.68717138707303,1690.0783206195513,2647.441044985192,1.7183833193964375e-05,2647.441027801359,1323.7205139006794,1323.7205310845127,812.4987193433082,0.15
24.149545967889303,13.780823244086928,1690.2616609669826,3184.7258236795333,1.6889106597577374e-05,3184.7258067904268,1592.3629033952134,1592.36292028432,909.4943372385848,0.15
22.429829998341685,13.842526139611405,1689.6528716397434,2819.949284910661,1.6740122387681894e-05,2819.9492681705387,1409.9746340852694,1409.9746508253916,835.6179951991899,0.15
20.527203456799946,13.815657254160216,1689.1447755891422,2410.139748189333,1.6811068189681273e-05,2410.139731378265,1205.0698656891325,1205.0698825002007,747.6187258609422,0.15
18.47690463011765,13.512072629538222,1688.5554240469778,2437.6512933890363,1.6692344224888748e-05,2437.651276696692,1218.825638348346,1218.8256550406902,759.6818041211358,0.15
16.803611524397944,13.8564579205613,1689.0791002936205,2852.532394214597,1.7137918942915823e-05,2852.532377076678,1426.266188538339,1426.2662056762579,861.8043273927874,0.15
16.889166464262853,13.079259387026502,1688.0860314187285,2557.079619160807,1.6668718645966866e-05,2557.0796024920883,1278.5398012460441,1278.5398179147628,779.9352601664403,0.15
17.612646764096958,12.349062987738536,1687.0332313861431,2003.8288859489317,1.5949260002246315e-05,2003.8288699996717,1001.9144349998359,1001.9144509490958,627.9854859699842,0.15
23.72779451015511,12.624257472640744,1688.530285460179,2792.6259992460027,1.623153567301011e-05,2792.6259830144672,1396.3129915072336,1396.313007738769,800.7284261102169,0.15
22.06480945882405,12.698250361368368,1688.0080108543443,2334.796169812846,1.5981324844201094e-05,2334.796153831521,1167.3980769157606,1167.3980928970855,700.4236615497839,0.15
19.89528262005108,12.468904445330637,1687.2534683265176,1826.4750073346672,1.562132606861299e-05,1826.474991713341,913.2374958566705,913.2375114779967,572.7714639989786,0.1
16.657430607770586,26.769920840427886,1707.347486751965,2453.105640527549,2.327170272426472e-05,2453.1056172558465,1226.5528086279232,1226.5528318996257,703.7267293902721,0.15
18.801745224107968,26.741075186159087,1707.5384843991144,2439.605584367996,2.343174885278708e-05,2439.605560936247,1219.8027804681235,1219.8028038998725,693.7434316963459,0.15
21.37980757179412,25.712529493508555,1706.0996794692608,3051.9414892667337,2.2974505433394598e-05,3051.941466292228,1525.970733146114,1525.9707561206196,816.7615503646232,0.15
19.047945150560786,25.73513512146811,1705.1845841179172,2201.3812216148604,2.2172102383928396e-05,2201.381199442758,1100.690599721379,1100.6906218934814,604.7244826519924,0.15
17.304072954506246,26.15761108806787,1705.9029037737591,2267.8494252690766,2.2604176265043725e-05,2267.8494026649005,1133.9247013324502,1133.9247239366264,637.5520337676893,0.15
17.2237658024482,25.36096857229779,1704.262008214333,2319.397513748459,2.1964854448859253e-05,2319.3974917836044,1159.6987458918022,1159.6987678566568,630.4630502401155,0.15
18.872539135133533,24.853375294379,1703.4027316942947,2048.085310349828,2.1557561019677055e-05,2048.085288792267,1024.0426443961335,1024.0426659536945,553.0643949838723,0.15
25.23354759944037,24.019563782069184,1705.8604352731109,4262.30739137533,2.343328769960944e-05,4262.307367942042,2131.153683971021,2131.1537074043085,1122.6834432410333,0.15
23.513065819391468,25.068883317674423,1706.3700891141973,4010.303653178345,2.348724990495421e-05,4010.303629691095,2005.1518148455475,2005.1518383327975,1061.1491298694343,0.15
24.359086654796467,24.055515269632178,1704.6104439328976,3850.190507998051,2.2860364913587515e-05,3850.190485137686,1925.095242568843,1925.095265429208,1007.5506147796464,0.15
25.797557772055324,23.089037405763875,1704.111094424044,4231.578335299159,2.3146453111173184e-05,4231.5783121527065,2115.7891560763533,2115.789179222806,1103.201846335972,0.15
17.247874683171613,24.63499294399325,1702.9425776214698,2366.992771511034,2.1547218535084725e-05,2366.992749963815,1183.4963749819076,1183.4963965291263,633.4050049003239,0.15
21.10615361948877,24.808416737944626,1703.9173610146397,2431.5129489505275,2.1869192631784588e-05,2431.512927081335,1215.7564635406675,1215.75648540986,646.3490432418863,0.15
22.64220879433241,24.85480433347569,1704.9033804658773,3315.0552171189997,2.254090765292529e-05,3315.055194578092,1657.527597289046,1657.5276198299537,873.3514592962944,0.15
23.000165030716392,24.202961917621888,1703.7256410651544,3128.8162786486528,2.217643175913653e-05,3128.816256472221,1564.4081282361105,1564.4081504125422,820.329807667,0.15
28.352718305429125,-6.052863457199311,1707.425033843451,4021.945880447527,2.0480402593576688e-05,4021.9458599671243,2010.9729299835622,2010.972950463965,1090.1588006166032,0.15
30.159123084388984,-3.086451691155423,1706.8229135693682,2274.270525948635,1.9862567621875017e-05,2274.2705060860676,1137.1352530430338,1137.1352729056014,618.8032666016618,0.15
29.73910556241413,-4.7725048939035375,1706.0767522442668,3044.875599323763,2.017008070276361e-05,3044.875579153682,1522.437789576841,1522.4378097469219,828.7621879061963,0.15
30.92775996530339,-3.1050856485912552,1704.8672829800014,1996.4952757372012,1.948961540502121e-05,1996.4952562475858,998.2476281237929,998.2476476134083,530.0627220944726,0.15
27.69848458646141,-7.520017755274823,1706.6966296068354,4564.152538920614,2.056354064581914e-05,4564.152518357073,2282.0762591785365,2282.076279742077,1229.2103060785817,0.15
29.069668153767875,-6.531287666537025,1705.416125585634,3857.940704199531,2.0044171364057723e-05,3857.9406841553596,1928.9703420776798,1928.9703621218512,1041.932493082119,0.15
28.24416771693597,-8.154886723196181,1704.7618653367542,4444.755586662831,2.018562150086653e-05,4444.755566477209,2222.3777832386045,2222.3778034242264,1195.1196938630715,0.15
30.424079888233027,-5.002778921404765,1704.1679135032828,2815.1796421491363,1.9583866801929535e-05,2815.1796225652693,1407.5898112826346,1407.5898308665016,760.4322967196648,0.15
25.23699394118715,-9.704247956729256,1706.9311310281191,5092.5033787915445,2.0905491380246423e-05,5092.503357886053,2546.2516789430265,2546.251699848518,1357.2225003872582,0.15
26.905011243719034,-8.784935314841297,1706.1291270494346,4862.779869910711,2.064608910284108e-05,4862.779849264622,2431.389924632311,2431.3899452784,1303.1666342944409,0.15
25.845039143581424,-10.159481085411755,1705.3611407926649,4852.403209725125,2.0715384341005928e-05,4852.40318900974,2426.20159450487,2426.2016152202546,1294.3600041892355,0.15
27.070709807291827,-9.435826739624698,1704.7710220040226,4716.357838506141,2.0311037079204923e-05,4716.357818195104,2358.178909097552,2358.178929408589,1262.866828682448,0.15
27.688388022790942,-9.410265496905511,1703.7020515806298,4593.465498267352,2.0217718049981768e-05,4593.465478049634,2296.732739024817,2296.732759242535,1230.6381589803723,0.15
29.73792250747998,-6.846089188520286,1703.4812425419773,3757.3948455842215,1.9619574769469093e-05,3757.3948259646468,1878.6974129823234,1878.697432601898,1011.8036653452683,0.15
28.887822718007307,-8.581597898431902,1702.7060670396145,4391.134174457293,1.9772642262952325e-05,4391.134154684651,2195.5670773423253,2195.5670971149675,1177.0132281944143,0.15
26.58553523562884,-10.526423723968149,1703.5033321810083,4561.494035790042,2.0237669477221533e-05,4561.494015552373,2280.7470077761864,2280.747028013856,1218.2861611314584,0.15
27.93438034425229,-10.14638564971437,1701.716286748748,4414.040943429063,1.9672265553908836e-05,4414.040923756797,2207.0204618783987,2207.0204815506645,1180.080389475117,0.15
29.69979186886988,19.98080876544483,1706.7404078514708,4277.690089067289,2.230136849559585e-05,4277.69006676592,2138.84503338296,2138.8450556843286,1139.5755324544798,0.15
27.493902518593156,21.801944908390176,1703.9822709787836,4215.868788229863,2.25767685074307e-05,4215.868765653095,2107.9343828265473,2107.9344054033154,1105.0132020695155,0.15
25.869884603494288,23.96407438262441,1707.6069946751695,4085.388232120549,2.3622489403441088e-05,4085.3882084980596,2042.6941042490298,2042.6941278715194,1093.3398149137777,0.15
28.557837853566657,21.429296355449942,1707.2183814388925,3786.94465416186,2.273116762463608e-05,3786.9446314306924,1893.4723157153462,1893.4723384465137,1014.730205634967,0.15
27.44056741619908,22.32309055771292,1705.6728133565978,4107.643628877287,2.2976602440751177e-05,4107.643605900684,2053.821802950342,2053.8218259269447,1084.3756037610353,0.15
28.667967099195504,21.05552119426776,1705.4146314153822,4044.457524595809,2.241199211728288e-05,4044.457502183817,2022.2287510919084,2022.2287735039006,1070.210204808236,0.15
26.44688373204353,23.28875578115578,1706.3140622759374,4088.2676426240287,2.3018023983085343e-05,4088.2676196060047,2044.1338098030024,2044.1338328210263,1082.2560836224543,0.15
27.248548133278774,20.704139301973715,1701.183475399842,4192.41068598453,2.2174402769738383e-05,4192.410663810127,2096.2053319050633,2096.2053540794664,1094.5016230573945,0.15
26.94330469261793,20.056686684921143,1699.8198794043403,3782.30156954318,2.149620728689337e-05,3782.3015480469726,1891.1507740234863,1891.1507955196937,991.825096632502,0.15
28.117899228161782,19.28618545979647,1699.9859140722442,4116.999824499971,2.1872796565526024e-05,4116.999802627174,2058.499901313587,2058.4999231863835,1080.326748567978,0.15
27.184470587129145,18.87691495485977,1698.396611886454,3492.9010092543344,2.030311873522248e-05,3492.900988951216,1746.450494475608,1746.4505147787265,921.0009214866916,0.15
28.911974225846983,17.804827057862326,1698.8087664164727,4150.032661834074,2.1123036455663945e-05,4150.032640711038,2075.016320355519,2075.016341478555,1093.0886880204641,0.15
26.7533972361253,17.729595738430387,1696.564426416007,3188.752227439158,1.9434185483653096e-05,3188.7522080049725,1594.3761040024863,1594.3761234366718,851.5682122660174,0.15
28.252257832271397,17.252536585892802,1697.2966394553057,3609.210878727732,1.9740550318841503e-05,3609.210858987182,1804.605429493591,1804.6054492341411,954.0148383890763,0.15
29.64068656448003,16.282246186573605,1697.6440631996095,4343.989241788729,2.0152097797876767e-05,4343.989221636631,2171.9946108183153,2171.9946309704133,1147.8665766418892,0.15
28.965255679406813,15.923279171881546,1696.359052183579,3756.98904206493,1.936442458479428e-05,3756.9890227005053,1878.4945113502527,1878.4945307146772,992.0340742067569,0.15
30.312043205043437,14.735597060961084,1696.482870398038,4446.9341849018165,1.962295598498002e-05,4446.934165278861,2223.4670826394304,2223.467102262386,1175.1872812770125,0.15
27.701085999360465,16.724711836126016,1696.1098137965894,3335.484136745184,1.970517691967629e-05,3335.4841170400073,1667.7420585200036,1667.7420782251804,885.706395669787,0.15
29.555738775699613,14.275798423139136,1694.963962075243,3689.948389213469,1.858725580453706e-05,3689.948370626213,1844.9741853131065,1844.9742039003625,971.359975465166,0.15
30.93398353304729,13.18670434995385,1695.318381841648,4601.449230616174,1.9210872224650796e-05,4601.449211405302,2300.724605702651,2300.724624913523,1213.9012962863499,0.15
28.090453122102232,15.426686941522725,1694.8788089561624,3320.6389830877183,1.8761640657994407e-05,3320.6389643260777,1660.3194821630389,1660.3195009246795,881.4587858241777,0.15
26.54697280988793,16.659305050948607,1695.1109551997856,3119.0829560151064,1.89216830254931e-05,3119.0829370934234,1559.5414685467117,1559.5414874683947,839.7459956438823,0.15
30.98393133179536,11.81192717817292,1693.6354141613965,4022.5642392171417,1.818727537812873e-05,4022.564221029866,2011.282110514933,2011.2821287022086,1048.5127892615403,0.15
31.41234142589621,11.913169908392751,1694.3552012843645,4597.420596944781,1.886291709382957e-05,4597.420578081864,2298.710289040932,2298.7103079038493,1211.2437762023976,0.15
31.75599671015984,10.948817852766432,1693.6209371499515,4566.50042515412,1.865730958783224e-05,4566.500406496811,2283.2502032484053,2283.250221905715,1199.9856810664112,0.15
32.02966850380246,10.149896685902052,1693.0082157099987,4588.748046324006,1.7910830441716986e-05,4588.748028413176,2294.374014206588,2294.374032117418,1206.7034478556495,0.15
31.150169303935325,10.799664826269428,1692.5632570103394,3904.529304042785,1.753446320993138e-05,3904.529286508322,1952.264643254161,1952.264660788624,1005.9631048335365,0.15
31.926548824967377,9.603610655336436,1692.1324542348634,4183.21111212553,1.690468646404766e-05,4183.211095220844,2091.605547610422,2091.605564515108,1089.7666445959833,0.15
30.974242364916275,10.150720737853106,1691.4046632244554,3688.7858350538354,1.6905733797075645e-05,3688.7858181481015,1844.3929090740507,1844.3929259797846,941.4882624798286,0.15
30.045592238979715,12.140661478808882,1692.8583307992951,3623.17003421652,1.783325829177719e-05,3623.1700163832616,1811.5850081916308,1811.5850260248892,934.8670415173112,0.15
28.84760055913899,13.846470526604522,1693.6800386564912,3447.060804383932,1.8232837416876996e-05,3447.060786151095,1723.5303930755474,1723.5304113083846,906.9350959413819,0.15
30.44320038537665,12.850976249512156,1694.2446565094672,3832.911159990252,1.8214617331728307e-05,3832.911141775635,1916.4555708878174,1916.4555891024347,1001.4051782446518,0.15
26.83152018512377,14.990585020165888,1693.3265361439392,3320.0645143318898,1.819596393380823e-05,3320.0644961359258,1660.0322480679629,1660.0322662639269,896.0990206135453,0.15
28.098161791947124,13.314608748904998,1692.3031783151043,3447.5998548341045,1.7853003710503133e-05,3447.599836981101,1723.7999184905505,1723.799936343554,915.5692819622504,0.15
26.073949070529437,13.718543466038756,1691.2620717199795,3434.1082968854007,1.7237898745218277e-05,3434.108279647502,1717.054139823751,1717.0541570616497,948.7332064002086,0.15
25.606288235870306,12.691474303974267,1689.647873998152,3292.0526570149627,1.6397631570775284e-05,3292.0526406173312,1646.0263203086656,1646.0263367062971,919.7244682887064,0.15
27.46927393622668,12.191672651044614,1690.2910137114882,3443.702468638889,1.679081464230359e-05,3443.7024518480744,1721.8512259240372,1721.8512427148519,932.7635063583122,0.15
31.796574020757117,9.01706336945436,1691.0577566116974,3795.582881531218,1.6240031319648572e-05,3795.5828652911864,1897.7914326455932,1897.7914488856247,977.2027096683479,0.15
30.25955788728525,11.106399005211026,1691.748116209164,3597.8211718989623,1.7183604269399635e-05,3597.8211547153583,1798.9105773576791,1798.9105945412832,921.3322099010835,0.15
29.12904206548596,11.817737285952951,1691.3596981790452,3604.358978240866,1.7168558389597797e-05,3604.3589610723075,1802.1794805361537,1802.179497704712,942.351732419153,0.15
29.90674070522947,10.779635265987784,1690.800895933858,3603.68389510592,1.6952617584856583e-05,3603.6838781533024,1801.8419390766512,1801.8419560292687,926.8402467843348,0.15
30.779160360062544,9.733973782413376,1690.4376368276055,3534.0403394248383,1.66701302578928e-05,3534.040322754708,1767.020161377354,1767.0201780474843,899.3841864531538,0.15
29.93299265398869,10.128947996083088,1689.7784103570737,3430.371925736325,1.634240896088436e-05,3430.371909393916,1715.185954696958,1715.185971039367,880.5992910153853,0.15
31.645520611602315,8.452058835792185,1689.746000639999,3433.257091589636,1.5862873753861616e-05,3433.257075726762,1716.628537863381,1716.6285537262547,876.7561069080309,0.15
28.87319733073316,10.993478537735184,1689.8628969704885,3464.2981815733824,1.6617295790399302e-05,3464.2981649560866,1732.1490824780433,1732.1490990953391,908.552391850093,0.15
26.65718974676668,11.666985445899112,1688.9195961916942,3191.143546519708,1.5913079253419015e-05,3191.1435306066287,1595.5717653033144,1595.5717812163934,876.4666244283458,0.15
25.626848035690404,11.770286812160972,1688.3672706832206,2929.502144198501,1.5426016596070104e-05,2929.5021287724844,1464.7510643862422,1464.7510798122587,816.2868124139701,0.15
27.927372125666583,10.986678393593674,1688.9006800514358,3209.574924639834,1.597425363638822e-05,3209.5749086655806,1604.7874543327903,1604.7874703070438,860.556892901728,0.15
29.301373333278693,9.98845463919999,1688.6306175984205,3119.899928772428,1.6123969879033126e-05,3119.899912648458,1559.949956324229,1559.949972448199,807.6880311247933,0.15
30.563157985613945,9.241862130888103,1689.1279323702538,3285.633546667151,1.618059163627736e-05,3285.6335304865597,1642.8167652432799,1642.8167814238714,833.952661160981,0.15
31.51125755965872,8.066383489121456,1688.4703741708263,3127.7680880067223,1.5772970575500165e-05,3127.768072233752,1563.884036116876,1563.8840518898464,799.9677779370375,0.15
31.371212885530387,7.810216084410844,1687.064325078784,2701.689697026268,1.5426031429199952e-05,2701.6896816002363,1350.8448408001182,1350.8448562261497,696.0552215399862,0.15
30.34496158728149,8.944379235880355,1687.9883445600558,2905.986780254178,1.5981998444412744e-05,2905.9867642721797,1452.9933821360898,1452.9933981180882,734.4622240603372,0.15
29.393643367456672,9.35896495105585,1687.3572121198854,2621.1417844488883,1.552560722234091e-05,2621.1417689232812,1310.5708844616406,1310.5708999872477,666.5047877636563,0.15
28.17462250008845,10.01920444336881,1687.3687797309112,2610.3264808393046,1.5098058830729932e-05,2610.326465741246,1305.163232870623,1305.1632479686816,688.1604992249135,0.15
26.66235694228101,10.777768950058697,1687.4960016308678,2654.77759691103,1.4593609587369542e-05,2654.77758231742,1327.38879115871,1327.3888057523197,722.5783237161912,0.15
24.78673160681196,11.328818181133474,1687.131143004309,2374.312620068589,1.4706092882879323e-05,2374.312605362496,1187.156302681248,1187.1563173873408,653.8328059309289,0.15
27.92582538758784,-11.336710637743389,1698.4547004217568,3796.4668726345913,1.9104111807680724e-05,3796.4668535304795,1898.2334267652398,1898.2334458693515,1015.7532642524461,0.15
27.12653437712929,-12.292316421360471,1696.9156526109473,3439.821732221763,1.871861057040494e-05,3439.8217135031523,1719.9108567515761,1719.9108754701867,921.0082657231084,0.15
28.82263892987066,-11.05764808967357,1696.4735733227826,3729.11593018933,1.866666898347425e-05,3729.115911522661,1864.5579557613305,1864.5579744279994,996.0413924915116,0.15
26.2768334828536,-13.049376219670409,1695.5639333719712,3517.9996584952705,1.8582493560260776e-05,3517.999639912777,1758.9998199563886,1758.999838538882,938.1015149876935,0.15
27.68932346740024,-12.179412565733651,1694.840406924562,3137.6569139786666,1.7965722818261478e-05,3137.656896012944,1568.828448006472,1568.8284659721946,843.3011494703062,0.15
26.137766802644023,-13.272405657442969,1693.8177819040998,3576.389359338865,1.8157790486693653e-05,3576.389341181074,1788.194670590537,1788.1946887483277,952.8019305214684,0.15
26.05665660111817,-13.356190743488456,1691.6768457115672,3720.4510606979647,1.7627999186136576e-05,3720.4510430699656,1860.2255215349828,1860.225539162982,990.9031789942642,0.15
29.65979158738877,-10.66755819490094,1694.485804700666,3700.490587506545,1.8363663154305155e-05,3700.490569142882,1850.245284571441,1850.245302935104,986.428972594821,0.15
27.32415625045565,-12.547053494118876,1692.956816959591,2885.022966884078,1.751279552941401e-05,2885.0229493712823,1442.5114746856411,1442.5114921984368,779.4255245962759,0.15
28.849905131293927,-11.458005610011972,1692.9643445707345,2948.592108102468,1.7455643215110512e-05,2948.592090646825,1474.2960453234125,1474.2960627790555,793.8969229557031,0.15
30.42753666801907,-10.18913656086312,1692.490347340524,3637.431991506333,1.7990490209846022e-05,3637.431973515843,1818.7159867579214,1818.7160047484115,967.2388601774308,0.15
29.523352372835348,-10.975436482430872,1690.9698600140837,2746.6548576655264,1.689526005450216e-05,2746.654840770266,1373.327420385133,1373.3274372803933,741.3319548013321,0.15
25.534363809596798,-13.56922961908473,1689.6180733391632,4540.896664861638,1.7582181124927508e-05,4540.896647279456,2270.448323639728,2270.4483412219097,1203.9977104635525,0.15
26.951533595508465,-12.753112447176246,1690.1203030677386,2959.104126442514,1.659538229107337e-05,2959.1041098471314,1479.5520549235657,1479.5520715189482,800.1306529884833,0.15
26.778485138078462,-12.78230134501548,1688.8022446613193,3345.0269664779603,1.6477632068432406e-05,3345.0269500003283,1672.5134750001641,1672.5134914777962,901.2427850272081,0.15
27.898457936018197,-12.160771624402832,1691.4239274753495,2506.16657971881,1.6879867022379346e-05,2506.1665628389433,1253.0832814194716,1253.0832982993386,683.366515612896,0.15
25.48043086368916,-13.472108269823602,1687.9712713350968,5087.342464285382,1.729086722012935e-05,5087.342446994515,2543.6712234972574,2543.671240788125,1350.0342005784837,0.15
31.118293368884952,-9.642466751680924,1690.4853962340565,3492.575527057812,1.7646246291171916e-05,3492.5755094115657,1746.2877547057828,1746.2877723520292,929.2166829043974,0.15
28.343035308965582,-11.75136229563187,1689.2094253761493,2152.2757310451334,1.6069177880752206e-05,2152.2757149759555,1076.1378574879777,1076.1378735571557,594.9242652864488,0.15
30.093122766328257,-10.454395041065665,1688.8501593180588,2447.3829854415576,1.6298194101493588e-05,2447.3829691433634,1223.6914845716817,1223.6915008698759,665.2152841285446,0.15
27.479123134291232,-12.231546177299348,1687.7934165626662,2592.1537497055688,1.580019881321704e-05,2592.15373390537,1296.076866952685,1296.0768827528839,709.8111052375094,0.15
26.60054567926049,-12.779428957656364,1687.4519452730158,3596.955548975556,1.620446620009607e-05,3596.95553277109,1798.477766385545,1798.4777825900112,968.5906844414675,0.15
31.726117907829213,-9.045134399605034,1688.468797369503,3268.2973206058937,1.7299342450765656e-05,3268.2973033065514,1634.1486516532757,1634.148668952618,873.2837274937757,0.15
28.862071253034987,-11.182047523101666,1687.0115221656242,1786.5364193634964,1.5143250524758144e-05,1786.536404220246,893.268202110123,893.2682172533735,503.7340174732035,0.15
31.57444250799792,2.38713106788469,1707.247774412637,1890.2127237653524,1.9603519285581537e-05,1890.212704161833,945.1063520809165,945.1063716844359,470.61612039874007,0.15
30.915879608351062,-0.2428671742463052,1707.298870162096,1409.7590149442087,1.9674112128542225e-05,1409.7589952700966,704.8794976350483,704.8795173091604,358.4526812799449,0.15
30.42792246897043,-1.561540585265586,1707.5100046153032,1680.5554715257613,2.005174523417281e-05,1680.555451474016,840.277725737008,840.2777457887532,449.94919084142003,0.15
31.46122713570988,0.5719029431018771,1706.3955450818466,1691.3539782090556,1.935487506021804e-05,1691.3539588541805,845.6769794270903,845.6769987819654,419.2031305006784,0.15
31.253878356660135,-1.2625681350316804,1705.6016821555154,1620.2248764747146,1.9404308136294925e-05,1620.2248570704064,810.1124285352032,810.1124479395114,413.5865400805116,0.15
31.391443299120475,17.105580784948867,1707.406186542691,6196.2792385666135,2.2591591300681752e-05,6196.279215975022,3098.139607987511,3098.1396305791022,1644.6184867719003,0.15
27.81413884370061,20.96797533637931,1702.588041354149,4240.604744283826,2.222121852482307e-05,4240.604722062608,2120.302361031304,2120.3023832525223,1110.1908999859445,0.15
28.825378367547817,20.4087614983266,1703.6645591256674,4216.586688555073,2.1985122743669077e-05,4216.5866665699505,2108.2933332849752,2108.293355270098,1109.4967044292341,0.15
29.84195216057202,19.521663348017167,1704.861551103463,4440.812431712268,2.192884802287407e-05,4440.812409783421,2220.4062048917103,2220.406226820558,1174.7617882492495,0.15
31.23150739222142,16.964815726654766,1702.8784748812611,5678.831411351104,2.1339021347047123e-05,5678.831390012083,2839.4156950060415,2839.4157163450627,1505.704373419466,0.15
30.339424982531096,18.096013225907868,1702.3049360848142,4957.152397176377,2.133529773076588e-05,4957.152375841079,2478.5761879205397,2478.5762092558375,1309.2050503897378,0.15
30.775787111738683,18.039133495656863,1704.2403468910304,5141.074595119599,2.1523007459807004e-05,5141.074573596591,2570.5372867982956,2570.537308321303,1361.1189086872603,0.15
30.679342757125195,18.47195636833649,1706.1350241930716,5099.411963766445,2.2030630507780305e-05,5099.411941735815,2549.7059708679076,2549.7059928985377,1352.892867959087,0.15
31.76500397862516,16.283812315477704,1704.2291983347193,6200.064342762115,2.159127566182086e-05,6200.064321170839,3100.0321605854197,3100.0321821766956,1645.2326303601917,0.15
29.81152004474397,19.18168306418044,1703.434838061709,4568.965041467354,2.1834888991196092e-05,4568.965019632466,2284.482509816233,2284.4825316511215,1204.986551490969,0.15
31.391302223105896,17.159522454706522,1705.5842916868494,5880.482032139755,2.1902537191435443e-05,5880.482010237218,2940.241005118609,2940.241027021146,1559.9565676185734,0.15
31.98494749687072,15.819703402236696,1706.0582051907488,6566.516002820047,2.228272057715628e-05,6566.515980537327,3283.2579902686634,3283.2580125513837,1743.0984667789862,0.15
28.892144829665785,19.56320259199721,1701.7641678606878,4426.827323968684,2.172261456694953e-05,4426.82730224607,2213.413651123035,2213.413672845649,1161.5856869104407,0.15
29.71962971431932,18.039172034459828,1700.5250395533883,4718.709843738775,2.131884980471181e-05,4718.709822419925,2359.3549112099627,2359.3549325288122,1243.181333203414,0.15
32.47030426222952,14.173982008554155,1706.2452180121525,6576.500401013662,2.212201002854744e-05,6576.500378891652,3288.250189445826,3288.250211567836,1748.8055388377427,0.15
31.014008905016723,16.733698145314637,1701.265314214827,5553.983395904215,2.121795515018165e-05,5553.9833746862605,2776.9916873431303,2776.991708561085,1470.9486660216744,0.15
32.43933449154227,14.695554935198414,1704.397060364655,6855.026425290443,2.1632980546268197e-05,6855.026403657462,3427.513201828731,3427.5132234617117,1824.0077335065214,0.15
32.063505593023905,15.340540126307674,1702.4213295446816,6636.808054243201,2.130476338576472e-05,6636.8080329384375,3318.4040164692187,3318.404037773982,1765.4859487607416,0.15
31.5643323647019,15.428705219777653,1700.1828229310302,6079.981506983874,2.0794449563033397e-05,6079.981486189425,3039.9907430947123,3039.990763889162,1617.056819840449,0.15
32.909158490209485,12.942835806623068,1704.650328032353,6609.061242444176,2.154339370250477e-05,6609.061220900782,3304.530610450391,3304.530631993785,1763.286091102631,0.15
32.84282922782929,13.515425590297149,1702.6803077189295,7198.916424468717,2.1323776008347816e-05,7198.916403144941,3599.4582015724704,3599.4582228962468,1921.969294216283,0.15
30.338985313892803,16.700676030921493,1699.4275730992513,5026.239478761731,2.099359377896638e-05,5026.239457768138,2513.119728884069,2513.1197498776623,1330.1793251518068,0.15
32.4877485387091,13.960968617506444,1700.6030614815347,7045.337347309149,2.1024322553588582e-05,7045.337326284826,3522.668663142413,3522.6686841667356,1881.1372287370496,0.15
31.00100161542955,15.292855522313095,1698.448698770707,5379.548995496759,2.0450780182270597e-05,5379.548975045978,2689.774487522989,2689.7745079737697,1428.0021741941491,0.15
31.965931957635267,14.34391479291374,1699.2336313097417,6399.139685557961,2.066989635530226e-05,6399.1396648880645,3199.5698324440323,3199.5698531139283,1707.0941966152013,0.15
33.293849452276206,11.68727520755056,1703.0605947619013,6586.099728002467,2.107549381471572e-05,6586.099706926972,3293.049853463486,3293.0498745389805,1765.3565212532212,0.15
33.630884403244195,10.419767365477425,1701.4696001838324,6501.173331532596,2.0655883478294145e-05,6501.173310876713,3250.5866554383565,3250.58667609424,1752.6646991288908,0.15
33.2034769112381,12.286665737809976,1700.9920024858484,7482.233921764309,2.1052669960366817e-05,7482.23390071164,3741.11695035582,3741.1169714084895,2005.9615250277798,0.15
33.50747731249189,11.102289867824428,1699.3794466752245,7748.8947695379875,2.087616577076145e-05,7748.894748661822,3874.447374330911,3874.4473952070766,2086.7075292695185,0.15
32.77996531011138,12.823806556593407,1699.1045266034694,7440.303166674465,2.0901072761140017e-05,7440.303145773391,3720.1515728866957,3720.151593787769,1993.4327714720314,0.15
31.71056218554341,13.62106386048782,1697.2704267670365,6001.729127922595,2.03447332752085e-05,6001.729107577861,3000.8645537889306,3000.864574133664,1598.7793260927572,0.15
32.977531527056634,11.696458195345436,1697.422292325217,7620.7466408295695,2.0629074918716594e-05,7620.746620200494,3810.373310100247,3810.3733307293223,2046.1773846411888,0.15
32.20645160024861,11.865479630778395,1695.631717639076,6003.614831343955,1.9793271286944743e-05,6003.614811550684,3001.807405775342,3001.8074255686133,1602.890352468558,0.15
33.92748591021681,9.15268944099744,1699.869958161161,6394.644619720159,2.028928764329257e-05,6394.6445994308715,3197.3222997154357,3197.3223200047237,1735.0635271244241,0.15
33.76552478935904,9.98427187106197,1697.887603694239,7977.108203970399,2.081763984849338e-05,7977.108183152759,3988.5540915763795,3988.5541123940193,2155.949582940253,0.15
33.21170372112406,10.617437914962853,1696.1583915799465,7833.403796271396,2.0704090153721772e-05,7833.403775567305,3916.7018877836526,3916.701908487743,2109.96453838083,0.15
33.94015100051539,8.937151170318632,1696.030715891494,8364.760314814093,2.0947116906593053e-05,8364.760293866977,4182.3801469334885,4182.380167880605,2270.6171246096487,0.15
33.20231336589499,9.942479948229815,1694.949033164105,7506.277038457964,2.0695986799197444e-05,7506.277017761978,3753.138508880989,3753.1385295769755,2022.589847052498,0.15
32.700285950686926,10.74185211746071,1694.9977080994215,6441.917156140837,2.011140027271665e-05,6441.917136029437,3220.9585680147184,3220.9585881261182,1727.2680669411222,0.15
33.04286246067723,9.472043498846302,1693.848329507334,6708.050109267884,1.9774474611047018e-05,6708.050089493409,3354.0250447467047,3354.0250645211795,1804.6670818688456,0.15
33.6433957781904,8.800989511671828,1694.2788064486258,7950.133505885265,2.044029433376132e-05,7950.133485444971,3975.0667427224853,3975.0667631627794,2153.0139733523265,0.15
34.31893842950447,7.35395472711172,1694.800583667609,8093.503756241024,2.0722012358451345e-05,8093.503735519012,4046.751867759506,4046.7518884815186,2216.9339757963926,0.15
32.543958403776955,9.46868699374594,1692.9333303043277,5189.629038054462,1.8304990658703423e-05,5189.629019749472,2594.814509874736,2594.8145281797265,1380.3724599244554,0.15
32.49927372756588,10.21006623556855,1693.852146071416,5656.636102032847,1.9238843479345395e-05,5656.636082794003,2828.3180413970017,2828.318060635845,1508.1989155639053,0.15
33.237298720141084,8.951378177114862,1693.4870510554856,7064.104592886954,1.9621728226057294e-05,7064.1045732652265,3532.0522866326132,3532.052306254341,1906.9949540072303,0.15
33.07008336181048,8.664724535819559,1692.7412384812512,6044.0419418159,1.8817100575756812e-05,6044.041922998799,3022.0209614993996,3022.0209803165003,1624.529090842172,0.15
32.094080181075164,11.181143743307205,1694.4637875421834,5542.839173464848,1.9647604885802295e-05,5542.839153817243,2771.4195769086214,2771.419596556226,1473.417639368256,0.15
34.402344755138934,6.699880281519538,1696.5898583881246,6044.218417322409,1.948681316503666e-05,6044.218397835595,3022.1091989177976,3022.109218404611,1667.5373725115394,0.15
34.184663299257736,7.90588625232556,1698.247941641545,6254.198140094612,1.992462498799065e-05,6254.198120169987,3127.0990600849937,3127.099080009619,1710.8908966012095,0.15
33.899992679932545,7.80805239358377,1693.326113572827,8414.57271745285,2.1193101051590227e-05,8414.572696259747,4207.286348129874,4207.286369322976,2292.2937348801297,0.15
34.222475982510815,6.335492536575554,1691.647747404029,8374.176523474032,2.140689018368239e-05,8374.176502067143,4187.088251033571,4187.088272440461,2295.835528653161,0.15
34.239977008575224,6.780696007553626,1692.6358549769338,8438.126970795034,2.110322703321647e-05,8438.126949691807,4219.063474845903,4219.063495949131,2311.65217237043,0.15
34.5567529305995,5.7413167212127485,1692.111529606863,8130.171376413956,2.1158694742401967e-05,8130.171355255261,4065.0856776276305,4065.0856987863253,2246.8422030395755,0.15
34.51161030650794,6.313332005120755,1693.5642487716048,7837.628929817947,2.043212927219146e-05,7837.628909385818,3918.814454692909,3918.8144751250384,2158.0534296539736,0.15
34.552954374053414,5.345411722312095,1690.9901306146996,8132.974345597309,2.1236906447363253e-05,8132.9743243604025,4066.4871621802013,4066.487183417108,2255.383825837343,0.15
34.59723802243195,5.535068581348342,1694.9034523774371,5739.665190926927,1.898625301958304e-05,5739.665171940674,2869.832585970337,2869.83260495659,1598.9620479851642,0.15
34.76502925752144,4.447790992923491,1693.2286796259173,5664.18986837407,1.864833220334961e-05,5664.189849725738,2832.094924862869,2832.094943511201,1589.7570296265196,0.15
33.62945031930265,7.65527906974172,1692.3467934399991,7458.7115201567585,1.9915060975068197e-05,7458.711500241698,3729.355750120849,3729.3557700359097,2024.3395986276303,0.15
34.76822171229795,4.699266244625399,1691.3724348006294,7158.525319985735,1.9688282533491725e-05,7158.525300297452,3579.262650148726,3579.262669837009,1996.6635492920873,0.15
34.75811538837634,4.527596676688982,1690.3681394149853,7805.099903800302,2.0826506361027435e-05,7805.0998829737955,3902.5499414868978,3902.549962313404,2176.083722474063,0.15
34.87052995907945,4.004473894744624,1690.7356110271423,6533.874999930844,1.908205783394854e-05,6533.874980848786,3266.937490424393,3266.9375095064506,1834.173675255224,0.15
34.88967642885458,3.560763071369536,1691.6881016778018,5161.837481600181,1.835997095085989e-05,5161.837463240209,2580.9187316201046,2580.918749980076,1458.7229127808616,0.15
34.91376007237415,3.611118726496029,1689.6401650335629,6160.576923518051,1.942789190592843e-05,6160.57690409016,3080.28845204508,3080.2884714729717,1739.2340447785025,0.15
34.96814378950206,2.901036890488997,1690.2366027162211,4860.2667207517015,1.7851604840017425e-05,4860.266702900097,2430.1333514500484,2430.133369301653,1378.6638077164077,0.15
35.005240437603064,2.431536448570211,1688.7619144300002,4655.121525481412,1.804481407821133e-05,4655.121507436598,2327.560753718299,2327.5607717631133,1329.2239183528873,0.15
31.19013897172092,-4.197534805026944,1703.0260960274288,2276.822545097765,1.9285863261668308e-05,2276.822525811902,1138.411262905951,1138.4112821918143,603.363118738535,0.15
31.663252459164884,-2.8663876728288757,1703.0202276929936,1949.0507025864088,1.896507176885519e-05,1949.050683621337,974.5253418106685,974.5253607757403,497.2942979606262,0.15
31.772120708103586,-4.016909940863309,1701.495505180886,2181.1093212882365,1.8806415677128517e-05,2181.109302481821,1090.5546512409105,1090.554670047326,570.8515209476886,0.15
32.36826161982099,-2.4266288157816978,1701.1979970950874,2131.5798980606933,1.880495594776578e-05,2131.5798792557375,1065.7899396278688,1065.7899584328245,531.9053538653108,0.15
30.827742752708872,-5.752448291200516,1702.1774731769742,2920.4117691203032,1.924822376452441e-05,2920.4117498720793,1460.2058749360397,1460.2058941842636,784.4082699435862,0.15
30.07631806551576,-7.616667027032664,1701.470671554813,3911.5289445703984,1.937112699922609e-05,3911.5289251992713,1955.7644625996356,1955.7644819707627,1048.4475361163504,0.15
29.3476945103606,-9.056499883435606,1700.720758665438,4332.837012838072,1.959619535739408e-05,4332.836993241876,2166.418496620938,2166.418516217134,1158.6400618310975,0.15
30.42267128650243,-8.032548311452864,1699.80375039418,3910.688691090369,1.9060214579639803e-05,3910.6886720301545,1955.3443360150773,1955.3443550752918,1044.4789270656975,0.15
29.709258936324225,-9.243044575609767,1699.3509704901762,4226.921457278693,1.9387921925142187e-05,4226.921437890771,2113.4607189453855,2113.4607383333077,1128.1968081160899,0.15
28.645288510884217,-10.29469147517938,1699.6652952198342,4210.851327443833,1.946958840903721e-05,4210.851307974244,2105.425653987122,2105.4256734567107,1124.8637162093828,0.15
30.888863147802603,-6.89083034146163,1700.3875451528204,3382.3201346978444,1.896043663003111e-05,3382.320115737408,1691.160057868704,1691.1600768291405,904.7497724377596,0.15
31.671879734563863,-5.406926437852683,1700.1245948971157,2562.459484833348,1.877453885486436e-05,2562.459466058809,1281.2297330294045,1281.2297518039436,677.4436961781465,0.15
33.01467121694579,-1.8440829664783431,1699.3940622552836,2483.903481148648,1.848012171683043e-05,2483.9034626685266,1241.9517313342633,1241.9517498143848,621.6698002099356,0.15
32.44274370027188,-3.686400202680345,1699.6193475233033,2186.65240909006,1.8381196620829904e-05,2186.652390708863,1093.3261953544315,1093.3262137356282,554.8802164483552,0.15
31.365552991274832,-6.868954421383892,1698.9536745978464,3331.217109840424,1.8888133485931235e-05,3331.2170909522906,1665.6085454761453,1665.608564364279,886.8868001428539,0.15
33.58649272512557,-1.1686429523098132,1697.5974881848988,2741.9756940739985,1.799374144607958e-05,2741.975676080257,1370.9878380401285,1370.98785603387,692.6699844005869,0.15
33.63769170908573,-2.4279668271045183,1696.0247455323986,2809.5153521464326,1.787378194919247e-05,2809.5153342726508,1404.7576671363254,1404.7576850101073,706.9204238668766,0.15
34.08462293142281,-0.423505481906562,1695.8066377504133,2913.392335681347,1.7902910544266162e-05,2913.3923177784363,1456.6961588892182,1456.6961767921289,745.4882676272697,0.15
34.12515938259494,-1.5694539749449,1694.3025734720145,3025.8953583836574,1.7135152518802453e-05,3025.895341248505,1512.9476706242524,1512.947687759405,768.7458172365532,0.15
29.42699810849246,-10.10469101192274,1697.9275301342127,4214.8942415263655,1.917159219140389e-05,4214.894222354773,2107.4471111773864,2107.447130348979,1123.4221095935372,0.15
30.795596255903728,-8.425885185454622,1697.8528534454376,4085.7503902705816,1.9005937694120703e-05,4085.750371264644,2042.875185632322,2042.8752046382597,1085.9938887770033,0.15
31.795027911379595,-6.927915691325769,1697.3647051421758,3268.356997390057,1.846339244409319e-05,3268.356978926665,1634.1784894633324,1634.1785079267247,863.0861978235845,0.15
33.05440683780064,-3.181969894496933,1697.8249156821166,2480.0268102540285,1.8408330103503733e-05,2480.0267918456984,1240.0133959228492,1240.0134143311793,620.7251600613695,0.15
34.48524144979475,0.3445214300035881,1694.0016003142084,2871.697791428685,1.7324893456282955e-05,2871.6977741037913,1435.8488870518956,1435.8489043767893,750.8794666691274,0.15
32.33779673511116,-5.267128297166218,1698.0059280954438,2472.490425154708,1.850137239055321e-05,2472.490406653336,1236.245203326668,1236.2452218280403,642.0800032273576,0.15
33.09116255339479,-4.313765700118503,1696.2376638412725,2525.113625070044,1.793809092295258e-05,2525.113607131953,1262.5568035659765,1262.5568215040673,636.1493728857744,0.15
32.456529257999534,-6.1439541612737,1696.152092762551,2742.740767916885,1.823664375257889e-05,2742.740749680241,1371.3703748401206,1371.3703930767645,713.7189391536441,0.15
31.638663691689267,-7.988419687906973,1695.7272276813346,3748.513967991768,1.851545908315092e-05,3748.513949476309,1874.2569747381544,1874.2569932536135,990.2023871222921,0.15
32.55786332733121,-6.663421425898213,1694.678057001942,3023.327748234841,1.81763622469018e-05,3023.3277300584787,1511.6638650292393,1511.6638832056015,790.1189260733552,0.15
33.65296166908126,-3.491694705563364,1694.5855972859026,2697.208392165185,1.7408761656435103e-05,2697.2083747564234,1348.6041873782117,1348.6042047869735,674.5706165835329,0.15
33.10916735046253,-5.243532271305051,1694.708851015257,2603.78760468393,1.7711348438682394e-05,2603.7875869725817,1301.8937934862909,1301.8938111976393,658.8921851684805,0.15
33.65004408199867,-4.520144511302751,1692.93168632362,2491.814249309907,1.7309063518104848e-05,2491.8142320008437,1245.9071160004219,1245.9071333094853,620.2069540534438,0.15
34.12455950112662,-2.6865129620869848,1692.7986224271738,2970.876956782136,1.6946176691996466e-05,2970.876939835959,1485.4384699179795,1485.4384868641564,748.2416245206515,0.15
34.485510259249125,-0.9225873767282096,1692.490103496298,3154.775144104578,1.684006956056694e-05,3154.7751272645082,1577.3875636322541,1577.3875804723239,812.1461497630767,0.15
34.77611417493954,1.0943094715063415,1692.1732272049817,2941.3063726907058,1.7152862277741286e-05,2941.3063555378435,1470.6531777689218,1470.653194921784,805.2681006211241,0.15
32.973070458948484,-6.307557468898051,1693.285525555479,2830.4680886194965,1.7900152659609832e-05,2830.468070719344,1415.234035359672,1415.2340532598246,730.2877358315524,0.15
33.51878200199519,-5.481383858075185,1691.7420937525162,2577.374100957713,1.7273666111847452e-05,2577.374083684047,1288.6870418420235,1288.6870591156894,651.7878939060555,0.15
32.13561862806456,-7.859149142523987,1693.7181335670632,3695.597686850633,1.847339953419247e-05,3695.5976683772337,1847.7988341886169,1847.7988526620163,969.7309827881697,0.15
30.36263974289184,-9.637792231868328,1696.0650698853,4193.272171039195,1.8925411350039534e-05,4193.272152113784,2096.636076056892,2096.6360949823033,1112.8244196908975,0.15
31.18787738379141,-9.1642696989684,1694.0038692304554,4079.4275442341145,1.8551847022759192e-05,4079.4275256822675,2039.7137628411338,2039.7137813929808,1078.075614394544,0.15
31.73909861823663,-8.810604996614806,1692.172901747612,3922.1338738391096,1.8327055166644784e-05,3922.133855512054,1961.066927756027,1961.0669460830825,1034.6257958220228,0.15
32.74249368982148,-7.258832433055528,1691.9829450961524,3248.644214002238,1.793881260460816e-05,3248.6441960634256,1624.3220980317128,1624.3221159705254,848.6279240088497,0.15
32.35459734803694,-8.234938585257636,1690.2205004122393,3589.610247463336,1.7951927106986177e-05,3589.6102295114088,1794.8051147557044,1794.8051327076314,947.2280716835003,0.15
34.948375108624134,0.8831338966833738,1689.216036030311,3226.996030197527,1.6414205079671604e-05,3226.996013783322,1613.498006891661,1613.4980233058661,891.2446251939793,0.15
34.98980880029156,1.0461824958896302,1687.878943823125,3280.396093369068,1.6095132857007697e-05,3280.396077273935,1640.1980386369676,1640.1980547321002,919.1199388789962,0.15
34.95537558381147,1.814264037991993,1690.3514644984814,3710.889741233069,1.6983104581284845e-05,3710.8897242499643,1855.4448621249821,1855.4448791080868,1046.9995391231384,0.15
34.77124263741816,-0.1340071667988933,1690.6135207847724,3118.338056284605,1.636799625970454e-05,3118.338039916609,1559.1690199583045,1559.1690363263006,824.1278321613192,0.15
34.07764965836978,-3.7974017584392064,1691.168207640937,2565.5288119849165,1.6611990144706884e-05,2565.528795372926,1282.764397686463,1282.7644142984534,637.3708377020698,0.15
33.80096367752194,-5.126431502954984,1690.3273769478349,2371.981893759986,1.6860406599426713e-05,2371.9818768995797,1185.9909384497898,1185.9909553101963,591.861796861726,0.15
34.42764482767382,-1.9848795908577488,1691.4245266018183,3036.686327701426,1.657011510704895e-05,3036.686311131311,1518.3431555656555,1518.3431721357704,770.8156096227798,0.15
34.53686221541667,-2.2149189630868715,1689.7311504149277,2874.0885008242585,1.625718402567663e-05,2874.0884845670744,1437.0442422835372,1437.0442585407213,727.6757954130236,0.15
33.23273700099186,-6.660938824091117,1690.2835643421288,2813.975277746071,1.7568864972525644e-05,2813.9752601772057,1406.9876300886028,1406.987647657468,730.925128031083,0.15
34.835349564776415,-0.5124423444852055,1688.6624011408885,2985.947478597712,1.5865314293198178e-05,2985.9474627323975,1492.9737313661988,1492.973747231513,788.2141150119577,0.15
34.196823672732194,-4.035258927786765,1689.2638913485266,2321.642924060924,1.640329590931012e-05,2321.6429076576283,1160.8214538288141,1160.82147023211,572.531693600187,0.15
34.59393132898391,-2.398721866755239,1688.097949304352,2624.410689190118,1.571241091327823e-05,2624.410673477707,1312.2053367388535,1312.2053524512644,663.5455867357232,0.15
34.85403189131491,-0.6419280150504023,1687.0206744858046,2759.307017499092,1.5324417962022337e-05,2759.3070021746744,1379.6535010873372,1379.653516411755,729.0359401676375,0.15
32.96127037261203,-7.470615054693756,1688.2677576198184,3074.14266028128,1.7441255165340457e-05,3074.1426428400246,1537.0713214200123,1537.0713388612676,815.4202959587959,0.15
33.71032055993873,-5.743764700301704,1689.0254747263496,2268.800310681589,1.6726150329886576e-05,2268.8002939554385,1134.4001469777193,1134.4001637038698,581.4107955525711,0.15
33.64775999998892,-6.153507481108844,1687.3703793374818,2259.182791962553,1.6892223338876683e-05,2259.1827750703296,1129.5913875351648,1129.5914044273882,596.2881582802911,0.15
34.22341683461713,-4.347689879091588,1687.3926172634924,1873.329447208381,1.5844233787315695e-05,1873.3294313641472,936.6647156820736,936.6647315263074,463.62123055069617,0.15
32.655669635781614,12.388197377961385,1706.7566205849305,5289.808941352683,2.1497747232384862e-05,5289.808919854936,2644.904459927468,2644.904481425215,1407.9283480009105,0.15
33.102329338488545,10.899519847177624,1705.0312435063145,4938.522593359006,2.089669942089113e-05,4938.522572462307,2469.2612862311535,2469.261307127853,1321.749778446681,0.15
32.3285942777101,7.704018661537112,1707.546211188554,2386.8605211778186,1.9922004505435965e-05,2386.860501255814,1193.430250627907,1193.4302705499115,615.9078464553819,0.15
32.65919121297247,7.193818489684585,1706.292146828739,2026.1116006193104,1.984944127362252e-05,2026.111580769869,1013.0557903849345,1013.0558102343758,521.7066188482462,0.15
32.77617789732017,10.132692432472451,1706.536086262045,3540.8310180825524,2.064839346196304e-05,3540.830997434159,1770.4154987170796,1770.4155193654728,941.1033906998032,0.15
33.05778130731198,8.734984477360424,1705.256207141962,2936.410857428331,2.0078413331857723e-05,2936.4108373499175,1468.2054186749588,1468.2054387533722,783.7271172280797,0.15
32.64464803551317,8.617701199436016,1706.7638900155468,2594.265312560008,2.007646494239464e-05,2594.2652924835434,1297.1326462417717,1297.1326663182365,677.0899872006394,0.15
32.1790147094094,4.216442075676392,1706.5029996260969,2054.016828607413,1.9589612965975e-05,2054.0168090178004,1027.0084045089002,1027.008424098513,519.62025305611,0.15
33.451071651441865,9.669929124808789,1703.4088288932962,4657.863819613697,2.0346496153925136e-05,4657.863799267201,2328.9318996336006,2328.9319199800966,1255.427786669705,0.15
33.39692841991471,7.656992881105851,1703.599285124605,2530.228962472389,1.9756376107137346e-05,2530.2289427160126,1265.1144713580063,1265.1144911143826,685.3250580963816,0.15
33.0115925773587,6.915096480438422,1704.9484458903123,2010.754093494234,1.961539286161716e-05,2010.7540738788412,1005.3770369394206,1005.3770565548134,525.2942794889038,0.15
32.662611064638845,5.566035265474736,1705.6295633788052,1886.3571098611912,1.9378825867332952e-05,1886.3570904823655,943.1785452411827,943.1785646200085,477.1887048460473,0.15
32.17685845690378,2.3407095064824266,1705.4503827132266,2200.639307612384,1.9175003038415218e-05,2200.639288437381,1100.3196442186904,1100.3196633936936,553.7932730988331,0.15
32.071740172436456,0.2826316950121363,1704.406457129803,2108.5674422201123,1.9014955653095708e-05,2108.5674232051565,1054.2837116025783,1054.283730617534,526.5769471660612,0.15
31.658688430638957,-1.6839596807605763,1704.1034323589172,1802.8588789321475,1.9078287814502807e-05,1802.8588598538597,901.4294299269299,901.4294490052176,454.49772469737377,0.15
32.31014061797595,-1.0334748309482749,1702.6379701211692,2122.450218220603,1.8778520410768134e-05,2122.4501994420825,1061.2250997210413,1061.2251184995616,528.0467035521589,0.15
32.74345244959108,3.96019880459952,1704.5679274180886,1990.3766707192435,1.9144875247349947e-05,1990.3766515743682,995.1883257871841,995.1883449320594,500.56544360339814,0.15
33.190380422837094,5.7746407367450985,1703.8353814258817,1557.3457544595567,1.9381312960839128e-05,1557.3457350782437,778.6728675391219,778.6728869204348,400.01851540693536,0.15
33.75202846685829,8.433808123437743,1701.7943509369354,4241.971194805956,1.985194267651552e-05,4241.971174954013,2120.9855874770064,2120.9856073289493,1155.4175657428889,0.15
33.65737735988939,6.402868189172233,1702.0573633544725,2132.3988302181874,1.9210672945594334e-05,2132.3988110075143,1066.1994055037571,1066.1994247144303,587.607732101861,0.15
34.006517683388054,7.189832556823761,1700.227517559637,3874.121887914021,1.940507098183456e-05,3874.1218685089502,1937.0609342544751,1937.060953659546,1068.9195797815325,0.15
33.89094917241836,5.127448496724726,1700.4426951324417,1817.631747186622,1.8786686019496163e-05,1817.631728399936,908.815864199968,908.8158829866541,512.2424831791428,0.15
32.89895738083524,-0.6054974290516852,1700.950325475049,2470.5760058047103,1.842016526383618e-05,2470.575987384545,1235.2879936922725,1235.2880121124379,619.5054345045868,0.15
33.46307681366143,0.0794332996679937,1699.2641882740977,2560.3012486491098,1.832211669913552e-05,2560.301230326993,1280.1506151634965,1280.1506334856133,647.0579204990925,0.15
32.83832836832267,0.7633011970871104,1702.2374462750822,2440.6279534758564,1.877040419420789e-05,2440.6279347054524,1220.3139673527262,1220.3139861231302,613.2451851926355,0.15
33.73482901271349,3.526314499430315,1700.4379251880223,1483.6296281926902,1.855619611375313e-05,1483.629609636494,741.814804818247,741.8148233744432,389.0602013330144,0.15
34.10214665781273,3.998305483050274,1698.8042398502148,1877.245905904014,1.8426698994306094e-05,1877.2458874773151,938.6229437386576,938.6229621653565,526.9036874110699,0.15
33.744129411600376,2.0190509153878,1699.4625648752133,1998.2327046127032,1.8186839821653133e-05,1998.2326864258634,999.1163432129317,999.1163613997714,511.55894480198725,0.15
33.39876745644197,4.192768849937942,1702.2667603085308,1490.2359360013145,1.894594515489593e-05,1490.2359170553693,745.1179585276847,745.1179774736298,378.3061336712949,0.15
32.79458596647764,2.3284356926698324,1703.4469030971836,2201.62640798623,1.888827237390581e-05,2201.6263890979576,1100.8131945489788,1100.813213437251,553.1654708431886,0.15
33.277530350495915,0.9085783897421508,1700.6870764103348,2416.4590236594936,1.840833067841654e-05,2416.459005251163,1208.2295026255815,1208.229521033912,608.9243913331196,0.15
33.35896091752746,2.3598137338162446,1701.3640944152455,2012.7542878179784,1.872544276577343e-05,2012.7542690925357,1006.3771345462678,1006.3771532717105,505.6436967258929,0.15
34.24093410295564,5.99352773856121,1698.5482110031203,3599.312946144595,1.899785081980355e-05,3599.312927146744,1799.656463573372,1799.656482571223,1009.0059984765347,0.15
34.42772005588769,4.814245045759518,1696.962174517153,3324.000542987937,1.853271506843381e-05,3324.000524455222,1662.000262227611,1662.000280760326,944.1124373785871,0.15
33.949104577767656,0.9019016878364312,1697.639668878357,2482.922455504491,1.8112785361399004e-05,2482.922437391706,1241.461218695853,1241.4612368086382,637.3387760065583,0.15
34.21977872503332,2.7212072955354274,1697.4258851726695,2149.1255743277598,1.804403082534899e-05,2149.125556283729,1074.5627781418646,1074.5627961858952,589.7790924915378,0.15
34.590440164451564,3.5606718619965525,1695.2683900788998,3121.350133882999,1.8004439980983134e-05,3121.3501158785593,1560.6750579392797,1560.6750759437195,890.9782605201505,0.15
34.38156486319468,1.538532691182409,1695.635067864783,2408.8967614843205,1.760027190710558e-05,2408.8967438840486,1204.4483719420243,1204.4483895422961,645.5934218490338,0.15
34.69320748531805,2.2828552979944754,1693.789977975707,2822.2597398491266,1.744261948853355e-05,2822.259722406507,1411.1298612032535,1411.129878645873,795.04399571887,0.15
34.865902052831835,2.678949332412192,1692.1802598407994,3761.1748031808233,1.7590890977071313e-05,3761.1747855899325,1880.5873927949663,1880.587410385857,1068.4472664951056,0.15
32.95223465056801,6.691538326735237,1689.1427450992103,4016.735214910481,1.458289371891121e-05,4016.7352003275873,2008.3676001637937,2008.3676147466872,1075.8176205180184,0.15
32.50497626117567,7.0066126522641285,1688.5242167816057,3455.0783628022905,1.482911175290502e-05,3455.0783479731786,1727.5391739865893,1727.5391888157012,916.1563852128459,0.15
32.402672146697086,7.415913195308557,1689.3766551543713,3617.36767766501,1.4888641788669894e-05,3617.367662776368,1808.683831388184,1808.683846276826,950.5336051803378,0.15
33.098084330183454,6.351645432890869,1688.5693835846305,3958.6880499625418,1.4648432431870574e-05,3958.688035314109,1979.3440176570546,1979.3440323054872,1068.824480714408,0.15
33.427567535402474,6.102388095172032,1688.9452010899993,4863.382801457049,1.5461948328792406e-05,4863.382785995101,2431.6913929975503,2431.6914084594987,1322.3186516686765,0.15
33.552694376931164,5.746949266482125,1688.1797424264944,4538.377712550398,1.5509268768162985e-05,4538.37769704113,2269.188848520565,2269.1888640298334,1242.5252830650004,0.15
32.902826093409885,6.346625809611333,1687.5997576460709,3481.2784032323243,1.4787974674089464e-05,3481.2783884443497,1740.6391942221749,1740.6392090101494,941.2888390067171,0.15
33.65828578483876,5.422191207575204,1687.139210668335,4371.722454687018,1.6044900521608252e-05,4371.722438642118,2185.861219321059,2185.8612353659596,1208.1432753793545,0.15
32.20816853255098,7.106313653214924,1687.6289724554745,2975.952911355858,1.499822906462018e-05,2975.9528963576286,1487.9764481788143,1487.9764631770436,785.8594454001524,0.15
34.942405337553524,2.932060181610058,1687.4878353251806,5048.891214728246,1.767070099173856e-05,5048.8911970575455,2524.4455985287727,2524.4456161994735,1443.8413967777851,0.15
35.002761607287106,2.1471796813740665,1687.278434256216,3984.632963549333,1.7061360567206516e-05,3984.6329464879723,1992.3164732439861,1992.3164903053469,1144.3907714692327,0.15
32.59431486591132,9.038045649005603,1692.439466492894,5052.566301657496,1.7592003422564925e-05,5052.566284065493,2526.2831420327466,2526.2831596247497,1341.9837838266146,0.15
33.01381531755534,7.092247978787235,1690.1863252833791,4440.227918501591,1.533661000857773e-05,4440.227903164981,2220.1139515824907,2220.1139669191007,1187.6083604591813,0.15
33.684197913958144,6.7554721298608325,1690.9819757570124,6610.857112279045,1.85490533135995e-05,6610.857093729992,3305.428546864996,3305.4285654140494,1797.7528575640138,0.15
33.60640776990602,6.248672129916387,1689.835200779074,5628.929478131489,1.6400794349924443e-05,5628.929461730695,2814.4647308653475,2814.464747266142,1530.122404744702,0.15
33.02032256654944,7.652277317549391,1691.1694306516206,4986.133795602545,1.6483423388497182e-05,4986.133779119122,2493.066889559561,2493.0669060429846,1335.5389079742956,0.15
32.57775981570243,8.59600823305883,1691.8013341466608,4663.478284804265,1.6835941510993383e-05,4663.478267968324,2331.739133984162,2331.739150820103,1234.2508900995713,0.15
32.35525961060026,8.090994394341019,1690.6046484712033,3956.6297635915575,1.565246616606258e-05,3956.6297479390914,1978.3148739695457,1978.3148896220118,1036.7575633214537,0.15
34.13379509658293,5.788891617492232,1690.2251336412305,7463.620266800487,2.027735925423752e-05,7463.620246523128,3731.810123261564,3731.810143538923,2048.796450003023,0.15
34.00560411800058,5.5056767663298665,1689.1380693240046,6673.390408954351,1.884404860745412e-05,6673.390390110302,3336.695195055151,3336.6952138992,1835.6937147972203,0.15
34.52904970631148,4.61352098766742,1688.8613175378937,7178.661388044721,2.02164952305807e-05,7178.661367828226,3589.330683914113,3589.3307041306084,2002.6063185144917,0.15
34.13798338415181,5.004225586362851,1688.0132151990003,5799.77172503189,1.7841365260812445e-05,5799.7717071905245,2899.8858535952622,2899.885871436628,1610.3104568615793,0.15
34.548273570532245,4.350371470817148,1688.070410882844,6430.028270895047,1.941549324199652e-05,6430.028251479554,3215.014125739777,3215.0141451552704,1803.2568697164613,0.15
34.76851513414394,3.945232270206509,1688.6112308662302,6539.572328088025,1.9686726515262637e-05,6539.572308401298,3269.786154200649,3269.7861738873758,1843.688117065373,0.15
34.75952936692221,3.7413489778511217,1687.771848149874,6067.704704550372,1.859457592312842e-05,6067.704685955797,3033.8523429778984,3033.852361572474,1716.7740537825193,0.15
34.44138236543268,4.394274176668292,1687.3589981748037,6014.736319935069,1.8877246976879952e-05,6014.736301057822,3007.368150528911,3007.3681694061584,1692.5067380446494,0.15
6.517404087448999,12.89761481873188,1724.7950532049897,3006.2793017506974,4.163518913512441e-05,3006.2792601155084,1503.1396300577542,1503.1396716929432,798.0166312139311,0.15
6.846958689343039,12.872323361319596,1725.200027489444,2810.1931269714096,9.153122995965652e-05,2810.1930354401798,1405.0965177200899,1405.0966092513197,763.5213297807708,0.1
6.418222234222323,13.524947071594076,1725.0302144436316,2858.010932031308,7.96972828630739e-05,2858.0108523340255,1429.0054261670127,1429.0055058642954,773.1367076507227,0.1
7.209718586696993,12.404432722361182,1725.3153906733037,2551.538396820885,8.33097653695369e-05,2551.5383135111197,1275.7691567555598,1275.769240065325,696.7670885185781,0.1
7.0246330343342285,12.202815529788024,1724.9796845695244,2663.412951226808,4.400197881939446e-05,2663.4129072248293,1331.7064536124146,1331.7064976143936,722.2452213189035,0.15
7.48905674743,12.082391047099998,1725.39142846,2472.098064713304,8.515705184356025e-05,2472.0979795562525,1236.0489897781263,1236.049074935178,676.4782438617002,0.1
6.134674788401789,13.520984584731233,1724.610706932711,3266.7427190272624,4.214323371024105e-05,3266.7426768840287,1633.3713384420143,1633.371380585248,854.3570746055884,0.15
5.988757412942826,14.33096956148198,1724.8089994359398,3310.0403760647205,8.362720545749835e-05,3310.040292437515,1655.0201462187574,1655.020229845963,881.0343797804632,0.15
6.010416830149808,13.02965953269378,1724.1487953867136,3297.3127770513534,3.441823997901763e-05,3297.3127426331134,1648.6563713165567,1648.6564057347966,831.327760107523,0.15
5.64280617236,15.1432658043,1724.57608741,3541.1786876382603,7.699071588602083e-05,3541.1786106475442,1770.5893053237721,1770.5893823144881,927.8225893600212,0.15
5.652259925451568,14.030964398951529,1724.0856212182805,3708.5639038327886,4.247606180475787e-05,3708.5638613567266,1854.2819306783633,1854.2819731544253,941.3282561805433,0.15
5.193926781064756,14.856253532190824,1723.5799620384917,3985.658466081833,4.223088748073926e-05,3985.6584238509454,1992.8292119254727,1992.8292541563603,993.2678477868208,0.15
7.404378179323307,11.558164212431446,1724.9540783107902,2635.9635081179067,3.939135116551e-05,2635.9634687265557,1317.9817343632778,1317.9817737546289,721.7952809579383,0.1
5.3477457874433325,13.41488567055503,1723.247339932945,3382.295848522588,2.9856290256641025e-05,3382.2958186662977,1691.1479093331488,1691.1479391894393,823.1603975425577,0.15
6.633270256938525,11.995300490821853,1724.3870750490055,2930.26020812911,3.3216535617943026e-05,2930.2601749125747,1465.1300874562874,1465.1301206728228,749.3514529892402,0.15
5.931249137832901,12.38921657154057,1723.6693195793216,3142.652816362749,3.06319895257166e-05,3142.6527857307597,1571.3263928653798,1571.3264234973692,769.6620198415249,0.15
5.54512087839082,12.210187796316736,1722.9696381900103,3113.4413528215864,2.9480412933757475e-05,3113.4413233411733,1556.7206616705867,1556.7206911509998,759.292490121735,0.15
7.289707607207526,10.84227513644634,1724.3592974214164,2534.62730012401,3.145437375852328e-05,2534.6272686696366,1267.3136343348183,1267.3136657891919,647.448133485134,0.15
4.651004460323798,14.483203666091736,1722.279447607476,3347.1355121748543,3.010082179492913e-05,3347.1354820740326,1673.5677410370163,1673.567771137838,812.5895118930431,0.15
4.77244409247318,12.706051088167635,1721.83175024336,3310.750349810153,2.9539272065760003e-05,3310.750320270881,1655.3751601354404,1655.3751896747124,829.6027616549385,0.15
4.8291004976290415,11.051563784434263,1721.1349324657,3528.623531862825,2.815031197214805e-05,3528.623503712513,1764.3117518562565,1764.3117800065686,914.5910593361225,0.15
4.079264068686445,12.280267410780151,1720.1555825146218,3489.1478693428594,2.758278910087368e-05,3489.14784176007,1744.573920880035,1744.5739484628243,906.2569173967712,0.15
2.9550546892583878,11.172708197619825,1716.560124401804,3506.3777778349813,2.464001264418665e-05,3506.3777531949686,1753.1888765974843,1753.188901237497,912.1326633405178,0.15
3.4840021561099364,11.769189193238573,1718.4300945865748,3559.907776271362,2.590376160643404e-05,3559.9077503676003,1779.9538751838002,1779.9539010875617,930.0118982199975,0.15
2.9186426969484947,12.828050478655676,1716.752686971097,3498.0481665653065,2.56423011679692e-05,3498.048140923005,1749.0240704615026,1749.024096103804,914.8739824889637,0.15
6.227085926356512,11.298027807269388,1723.438700239325,2840.2198471744296,3.075247634254487e-05,2840.219816421953,1420.1099082109765,1420.109938963453,694.8147950205322,0.15
7.1282292947429085,9.829021177175914,1723.518302402572,2399.835960934199,3.106810864106169e-05,2399.8359298660907,1199.9179649330454,1199.9179960011538,616.8567416892398,0.15
5.402388966070272,11.44590694784151,1722.3234291824483,3200.265192875316,2.9312110392057176e-05,3200.265163563206,1600.132581781603,1600.1326110937132,808.4676894578115,0.15
5.844345657757229,10.111000375900272,1722.205267506493,3289.005969334912,2.916207272058417e-05,3289.0059401728395,1644.5029700864197,1644.5029992484924,856.3566617051829,0.15
6.913391762219812,8.47094911892989,1722.394032550629,3094.5939515177847,2.9234929843147325e-05,3094.5939222828547,1547.2969611414273,1547.2969903763574,833.8498395649146,0.15
5.61995814467098,8.61002976263278,1720.9840709839627,3994.547353002353,2.7555983590305167e-05,3994.547325446369,1997.2736627231845,1997.2736902791682,1053.6134016603655,0.15
4.961734981538542,9.90094149198656,1720.747173659087,3746.200485020164,2.735624210803774e-05,3746.2004576639215,1873.1002288319607,1873.100256188203,982.2054259455333,0.15
4.219150479438333,10.722900637589383,1719.7749652153254,3691.4625224591296,2.659059353486417e-05,3691.462495868536,1845.731247934268,1845.7312745248616,963.2673270738237,0.15
4.021524855343368,13.994243572478474,1720.5885324598794,3392.738712870241,2.8985173464489027e-05,3392.7386838850675,1696.3693419425338,1696.3693709277075,870.1271329510594,0.15
3.4170163993245484,13.427958696259385,1718.683742901481,3447.2945352529296,2.6989090775834297e-05,3447.294508263839,1723.6472541319195,1723.64728112101,905.1615615317917,0.15
3.6392477310005935,10.064708663315724,1718.123404042529,3733.387084424809,2.5165123843816696e-05,3733.387059259685,1866.6935296298425,1866.6935547949665,970.0457268981164,0.15
4.528170891468255,9.00370625254529,1719.4822125065332,4116.207661214253,2.583972702830022e-05,4116.207635374526,2058.103817687263,2058.1038435269897,1073.3594810275927,0.15
3.837651645494693,8.690347996671635,1717.8904728040463,3910.701806855415,2.508038343847993e-05,3910.7017817750316,1955.3508908875158,1955.350915967899,1012.4025868983595,0.15
4.417582850808761,7.40874669337005,1718.343150654537,4431.390200485129,2.5713090232687725e-05,4431.390174772038,2215.695087386019,2215.6951130991097,1145.9780116492523,0.15
3.703028680612377,7.783149660750365,1717.060469207381,3955.435850554181,2.430308566762791e-05,3955.435826251095,1977.7179131255475,1977.7179374286334,1021.2597421816284,0.15
6.668021061862417,6.9038610070306055,1721.0940732441388,4008.938879956816,2.7666971621329257e-05,4008.9388522898444,2004.4694261449222,2004.4694538118938,1066.3919347501278,0.15
5.413538988586533,7.139076279377069,1719.778547163917,4591.957887157554,2.6086915376380168e-05,4591.9578610706385,2295.9789305353193,2295.978956622235,1199.207083858563,0.15
5.19854636509738,5.646904593637469,1718.494675748166,5064.732206704686,2.5365322172038978e-05,5064.732181339364,2532.366090669682,2532.3661160350043,1307.8972270915215,0.15
6.42405708173569,5.332561081965366,1719.7666130398316,4658.367106148019,2.6516392827459e-05,4658.367079631626,2329.183539815813,2329.183566332206,1213.2703650138071,0.15
6.185276543862657,3.787962509581312,1718.404280400558,5202.834040424688,2.521464957553589e-05,5202.834015210039,2601.4170076050195,2601.4170328196687,1339.392957989811,0.15
4.064940902117325,6.201718253108136,1716.8800233370189,4437.11496974707,2.405373731168969e-05,4437.114945693333,2218.5574728466663,2218.5574969004037,1139.802354609061,0.15
3.1439153377747338,9.310039425241476,1716.4003157451782,3584.815525015428,2.4126326384962503e-05,3584.8155008891017,1792.4077504445509,1792.4077745708773,926.8066897893954,0.15
2.5370032363387183,10.566987535817944,1714.671288438302,3473.974655162601,2.3810004308557973e-05,3473.9746313525966,1736.9873156762983,1736.9873394863025,898.049458280192,0.15
2.533262063617812,12.18912304871124,1714.803986193275,3379.2590822118723,2.443026111718312e-05,3379.2590577816113,1689.6295288908057,1689.6295533210666,879.3147330587018,0.15
2.2637779223421046,11.508181280408063,1712.8473306740357,3229.8313614880785,2.3806668741376368e-05,3229.83133768141,1614.915668840705,1614.9156926473736,834.8111197288758,0.15
2.249953254734044,9.855985986445983,1712.8637997203537,3368.69977120158,2.308893405364932e-05,3368.699748112646,1684.349874056323,1684.349897145257,866.571402899523,0.15
2.657471205973895,8.696173817511028,1714.4122255554196,3371.2939097191825,2.311059762751441e-05,3371.2938866085847,1685.6469433042923,1685.6469664148901,869.6384130094532,0.15
3.2396630553887715,7.438075647918755,1715.6398534073785,3713.924740649311,2.3402203318894497e-05,3713.9247172471078,1856.9623586235539,1856.962382025757,956.0064050023838,0.15
3.385120584981609,6.09580092832467,1715.165648925561,3879.785587930135,2.316427556888672e-05,3879.7855647658594,1939.8927823829297,1939.8928055472054,996.651850633495,0.15
4.9691409556357256,4.220798048371814,1717.1453733014891,5265.254628351725,2.445490049063976e-05,5265.254603896825,2632.6273019484124,2632.6273264033125,1350.4764546715544,0.15
5.954763527206175,2.2840815364689395,1716.9916037474236,5566.954270565996,2.5305605695039032e-05,5566.95424526039,2783.477122630195,2783.477147935801,1424.4670456116235,0.15
4.007212937916822,4.58725774670817,1715.6095991795416,4570.646454326663,2.3459671832945603e-05,4570.646430866991,2285.3232154334955,2285.3232388931674,1171.2892410864483,0.15
4.82577638410524,2.642624675220667,1715.6797658014086,5374.023716546947,2.406171736357456e-05,5374.02369248523,2687.011846242615,2687.011870304332,1375.3644236754217,0.15
2.8567770115390867,6.893717543967681,1714.0566463883877,3361.459684315232,2.254119864275102e-05,3361.4596617740335,1680.7298308870168,1680.7298534282154,865.3966022773456,0.15
3.227411658878847,5.184857272802951,1714.0164259471806,3645.811202750123,2.2614483837005207e-05,3645.811180135639,1822.9055900678195,1822.9056126823034,937.0011927678108,0.15
4.600911052654194,1.395020434244977,1714.1331224740277,5374.287535236025,2.351213845985221e-05,5374.287511723886,2687.143755861943,2687.143779374082,1375.2002920363577,0.15
3.781900080609119,3.306355974289047,1714.0016780235785,4384.589783051025,2.2700545391767677e-05,4384.589760350479,2192.2948801752395,2192.2949028757853,1123.87716665064,0.15
3.718588289193242,1.8425290003669712,1712.3399483288756,4191.15907250039,2.2139036324388324e-05,4191.159050361353,2095.5795251806767,2095.579547319713,1075.524137358395,0.15
2.386938326910506,7.946629095796605,1712.7646590307966,3233.4621709825383,2.2612028930016436e-05,3233.4621483705096,1616.7310741852548,1616.7310967972835,832.5715161824803,0.15
2.9297235878372465,4.144238561213543,1712.011953926052,3350.613696061242,2.1992296421522496e-05,3350.613674068946,1675.306837034473,1675.3068590267692,862.4568868080878,0.15
2.5800754634953527,6.15622059429213,1712.3788298288443,3160.609887342664,2.211459727426157e-05,3160.6098652280666,1580.3049326140333,1580.3049547286307,814.3164037365042,0.15
2.167867831811885,7.3476024917047695,1711.0036526192414,3230.232496144296,2.2119550289965477e-05,3230.232474024746,1615.116237012373,1615.116259131923,829.864067475483,0.15
2.1093440982057725,10.785772615400376,1710.8957867600004,2991.2789171416885,2.3180864088059627e-05,2991.2788939608245,1495.6394469804122,1495.6394701612762,769.0161431346596,0.15
2.1175044531213087,8.850476693988908,1711.5228022154724,3297.6655868309776,2.2658778725208092e-05,3297.665564172199,1648.8327820860995,1648.832804744878,846.8367157505,0.15
1.99039800390992,8.895220605744917,1709.8353736956897,3204.3490341694064,2.2398181192863405e-05,3204.3490117712254,1602.1745058856127,1602.1745282837937,820.4331445733135,0.15
4.55677919462255,-0.06380750594626,1712.470073249664,5201.161238889353,2.2632472169576613e-05,5201.161216256881,2600.5806081284404,2600.5806307609123,1331.7505597964187,0.15
3.805634746078885,0.293377624995905,1710.6609970139616,4046.955072392309,2.1693783442056645e-05,4046.9550506985256,2023.4775253492628,2023.4775470430461,1038.8001919777512,0.15
5.738999425142628,0.8404385682937823,1715.5127232324885,5853.547010021833,2.502957515642181e-05,5853.546984992257,2926.7734924961287,2926.773517525704,1494.0240126378092,0.15
5.557765244657007,-0.4430224419250066,1714.037292350002,6021.231434927668,2.4478289813581823e-05,6021.231410449378,3010.615705224689,3010.6157297029786,1538.3785905503614,0.15
3.269332413720411,0.6124500208059195,1708.7386871352794,3242.955614924049,2.11654372993083e-05,3242.9555937586115,1621.4777968793057,1621.4778180447431,834.7910978907222,0.15
2.010006089741882,6.927655305988782,1708.9198300763942,3203.592928809805,2.183164099908138e-05,3203.592906978164,1601.796453489082,1601.796475320723,822.3837622432693,0.15
2.3028234951528592,5.665865964369137,1710.3710425425738,3040.234659293193,2.1710381097726077e-05,3040.234637582812,1520.117318791406,1520.117340501787,783.5042733647807,0.15
3.065989410659243,2.2230995868311547,1710.3002391736006,3229.99041458976,2.1609842092889644e-05,3229.990392979918,1614.995196489959,1614.995218099801,833.2141119615213,0.15
2.5248708064868683,4.091191874912696,1709.9152948968294,2949.0193601517267,2.13372301891761e-05,2949.0193388144967,1474.5096694072483,1474.5096907444783,761.4048739954578,0.15
2.1754769346345078,4.912762216499667,1708.1357828358557,2990.558980448676,2.129952252362325e-05,2990.5589591491535,1495.2794795745767,1495.279500874099,771.6020042435441,0.15
2.063141964591199,10.008677274714136,1708.9116378431704,2603.039475711952,2.221514356418887e-05,2603.0394534968086,1301.5197267484043,1301.5197489635477,665.9354373991318,0.15
1.9645104970154552,8.057472826690908,1707.9977186829822,3029.7696315948983,2.195072142734637e-05,3029.769609644177,1514.8848048220884,1514.88482677281,775.963792777374,0.15
6.03414160485046,23.96114689637372,1721.1211631932194,5014.9037177416485,4.8542403024793054e-05,5014.903669199245,2507.4518345996225,2507.451883142026,1207.9970159381567,0.15
5.9459344157036655,23.731681143712787,1721.658729755068,6746.959561845117,0.00010361723478713972,6746.959458227882,3373.479729113941,3373.4798327311755,1636.920907848767,0.15
6.2321381888600005,24.328278163,1721.42562504,6170.992257949157,0.00011186417675651836,6170.99214608498,3085.49607304249,3085.4961849066667,1490.779144736242,0.15
5.62871974069178,23.069980950803703,1721.1904144629727,4842.114335467983,5.026975354888747e-05,4842.1142851982295,2421.0571425991147,2421.0571928688687,1167.88450180201,0.15
5.64816440419494,22.97418701151465,1721.9471558165371,5612.792556829973,8.524315592608159e-05,5612.792471586818,2806.396235793409,2806.3963210365646,1368.8817015265108,0.15
5.7754200654194365,23.454346453018488,1720.701906728398,3760.332159212919,3.296921743327346e-05,3760.3321262437016,1880.1660631218508,1880.1660960910683,898.4687100219124,0.15
5.364702588090147,22.385341574771715,1721.2794822194107,4742.910176988719,4.788674265873026e-05,4742.910129101977,2371.4550645509885,2371.455112437731,1144.1881593281375,0.15
5.326111980429135,21.905839341401126,1722.3426805264255,5722.014246389271,6.903852145548023e-05,5722.014177350749,2861.0070886753747,2861.007157713896,1405.7849908876417,0.15
4.997023952928378,16.049360020786366,1723.535247513265,4321.79005446275,4.085574775215818e-05,4321.790013607002,2160.895006803501,2160.895047659249,1080.8451985984104,0.15
5.410250447975409,15.817362842301923,1724.3765411803352,3838.2733209391936,7.619725254729168e-05,3838.273244741941,1919.1366223709706,1919.136698568223,993.2292025557225,0.15
5.124564890797904,16.94438084579285,1724.0310391254118,3797.704300284761,6.984917478699815e-05,3797.704230435586,1898.852115217793,1898.8521850669679,966.2745434885097,0.15
5.4281699603171125,22.72625420797017,1720.1005041065075,2281.6881730217187,3.138437528035177e-05,2281.6881416373435,1140.8440708186718,1140.844102203047,543.2370531131272,0.15
4.95168965210011,21.310720815430816,1720.8615397526694,3213.934172197637,3.2434005045352646e-05,3213.934139763632,1606.967069881816,1606.967102315821,770.9857686297444,0.15
5.64280617236,15.1432658043,1724.57608741,3452.2712251245493,7.12684351944829e-05,3452.2711538561143,1726.1355769280572,1726.1356481964922,900.3903755645426,0.15
4.939151833565072,18.50136598378085,1723.5296611297376,4816.774581977065,6.549509869008246e-05,4816.774516481966,2408.387258240983,2408.387323736082,1208.6925277565606,0.15
4.587295599667152,17.130510134514022,1722.5948954914118,4131.825031064621,3.716045616019523e-05,4131.824993904164,2065.912496952082,2065.9125341125387,1011.2710148459473,0.15
4.688511410146028,15.627177475429106,1722.6936167463416,3650.689233015453,3.037790338654637e-05,3650.6892026375494,1825.3446013187747,1825.344631696678,888.1262958549211,0.15
4.820615872768314,20.49836541263469,1721.633921308288,4195.144295988982,3.966041750047203e-05,4195.144256328565,2097.5721281642823,2097.5721678246996,1018.6191017963245,0.15
5.026829191897648,20.35298066594229,1722.8982522690708,4743.958419063878,6.761723997720002e-05,4743.958351446638,2371.979175723319,2371.979243340559,1175.3663336842199,0.15
4.5517261559465085,18.967821738109592,1721.9015814147776,4144.410633291149,3.7406542464658887e-05,4144.410595884607,2072.2052979423033,2072.2053353488454,1010.2633684782659,0.15
4.15249892621158,17.982345489485365,1720.7671381409525,2727.850796733593,3.075971708670638e-05,2727.850765973876,1363.925382986938,1363.925413746655,681.5112561713856,0.15
4.968057502292379,21.679481944980843,1719.2357388045095,1323.9972431391243,3.0768924250555295e-05,1323.9972123702,661.9986061851,661.9986369540243,378.4336432313919,0.15
4.475151477848836,19.964973313168,1720.1979147985387,2237.7231755451025,2.971293876978952e-05,2237.723145832164,1118.861572916082,1118.8616026290206,562.653919007832,0.15
4.419425806086728,20.3020511213168,1718.098570575218,1507.1687887982623,2.873356450700661e-05,1507.1687600646978,753.5843800323489,753.5844087659134,438.5635172446532,0.25
4.127657606318318,15.773556200035843,1721.1883933171052,3168.2193483114875,3.0336614036456388e-05,3168.2193179748733,1584.1096589874367,1584.1096893240508,789.7238281094686,0.15
3.765550314328413,17.067757713362287,1719.497143810377,2799.3047125939343,2.9394817403270186e-05,2799.304683199117,1399.6523415995584,1399.6523709943758,738.5546492976175,0.15
3.9388364561070768,18.405495943108487,1719.029131451926,2109.617281933364,2.884914078585201e-05,2109.6172530842236,1054.8086265421118,1054.8086553912524,583.0841637151565,0.15
3.509950958649074,17.082234613006502,1717.8307282937803,2360.925198189669,2.7386548159971324e-05,2360.925170803121,1180.4625854015605,1180.4626127881086,650.7763305059227,0.1
3.4280618557792644,15.296550955474167,1718.7132793717751,3227.8597926981784,2.8144811810563268e-05,3227.8597645533664,1613.9298822766832,1613.9299104214952,851.9255415639902,0.15
3.10386627844862,15.628770869908353,1716.5942424734892,2657.59766523092,2.6044704821041537e-05,2657.597639186215,1328.7988195931075,1328.7988456378125,719.5185067047122,0.15
3.4089690580005323,17.262951832475075,1715.6216972324207,1577.2977734445333,2.523901185491545e-05,1577.2977482055214,788.6488741027607,788.6488993417726,459.52058075683993,0.1
3.0424323736632664,14.244272708627076,1717.1843152002346,3308.874276036501,2.611551071064165e-05,3308.8742499209907,1654.4371249604953,1654.4371510760059,875.2411240267977,0.15
3.887148744813503,18.79823627296423,1716.86477235079,1583.7348065492,2.6527590050423427e-05,1583.7347800216098,791.8673900108049,791.867416538395,459.4471903737077,0.1
2.704148118951356,13.983681791830293,1715.0807432910417,2933.002393005308,2.4975090639553257e-05,2933.0023680302174,1466.5011840151087,1466.5012089901993,775.3915063995464,0.15
2.9869343817387706,15.703892710661284,1714.3878049444484,1724.756079511416,2.422202539758863e-05,1724.7560552893906,862.3780276446953,862.3780518667206,489.6220016580788,0.15
2.469877386387171,13.015384446768138,1713.7524537398265,2930.355778050494,2.4134064896036552e-05,2930.355753916429,1465.1778769582145,1465.1779010922794,767.3249090340131,0.15
2.6239110080578585,14.113098968491723,1713.1754871588305,2074.189433999766,2.359850648960985e-05,2074.1894104012595,1037.0947052006297,1037.0947287991364,558.284931028256,0.15
2.3268578876396964,12.479103622612357,1712.0021028231015,2550.0626908377267,2.345730164358465e-05,2550.062667380425,1275.0313336902125,1275.0313571475142,664.8790859703105,0.15
6.384768068354603,24.60031552360466,1721.3167952669294,6278.571270502799,0.00011302727424025092,6278.571157475525,3139.2855787377625,3139.2856917650365,1514.3374601347964,0.15
6.263930564201336,24.390612185452262,1721.091667336144,5355.2206501832725,5.284915971945053e-05,5355.220597334112,2677.610298667056,2677.6103515162163,1289.9188928989338,0.15
6.2321381888600005,24.328278163,1721.42562504,6053.382060929884,0.00010787506269360583,6053.381953054821,3026.6909765274104,3026.6910844024733,1461.014018097174,0.15
6.51022764361,24.8046332403,1721.23381377,6142.161751062496,0.000110446444344399,6142.161640616051,3071.0808203080255,3071.08093075447,1480.2213895633763,0.15
6.41996959559967,24.64792580989795,1720.8659640721105,5048.20472699835,5.296442979769892e-05,5048.204674033921,2524.1023370169605,2524.10238998139,1212.4795035836366,0.15
6.213383361926228,24.2993463591448,1720.771774555509,4298.201067310362,3.489692496390752e-05,4298.201032413437,2149.1005162067186,2149.1005511036437,1030.3092932159748,0.15
6.298652720838575,24.432555963527616,1720.3648760726596,3425.503263866927,3.4208329114535214e-05,3425.5032296585982,1712.7516148292991,1712.751649037628,813.529955255049,0.15
5.922900169883972,23.767827049701488,1720.1848939305198,2727.2545845179807,3.346274372872679e-05,2727.254551055237,1363.6272755276184,1363.6273089903623,644.0817754952429,0.15
6.130369023285971,24.12453953658732,1719.6563580176262,2169.299938973931,3.2731201447338054e-05,2169.29990624273,1084.649953121365,1084.6499858525663,518.763289692187,0.15
5.8996895212232126,23.683567545471316,1718.6566768385178,1760.93119121,3.168333783490382e-05,1760.9311595266622,880.4655797633311,880.4656114466688,493.7747685913463,0.15
5.58872313417714,23.111452292504087,1719.3172004867522,1557.7350201740817,3.2137808611262124e-05,1557.734988036273,778.8674940181365,778.8675261559451,408.9612374924267,0.15
5.254482199750633,22.40368966726462,1717.9857985916665,2041.458363520996,3.010180609524761e-05,2041.45833341919,1020.729166709595,1020.729196811401,580.7537102131519,0.15
5.589399739571373,23.050676284326038,1717.2478018757597,2798.064004811345,2.965223986377333e-05,2798.063975159105,1399.0319875795526,1399.0320172317925,771.3326143870713,0.15
4.932675576166046,21.659248872015823,1716.6715949288562,2628.148310546332,2.7622351993003783e-05,2628.1482829239803,1314.0741414619902,1314.074169084342,728.8681990752552,0.15
4.323102358241625,20.09610610206737,1716.258098471929,1959.350787090651,2.5946652265133705e-05,1959.3507611439989,979.6753805719994,979.6754065186516,568.039333762154,0.15
4.572158660767121,20.720738996470978,1715.0330599822514,2991.0932845089533,2.5461465491051797e-05,2991.0932590474877,1495.5466295237438,1495.5466549852094,807.1607315206641,0.15
5.227005400411732,22.235620651185545,1715.471466403813,3912.69590173116,2.7519617657026005e-05,3912.6958742115426,1956.3479371057713,1956.3479646253888,1040.262663677578,0.15
4.885179638221029,21.35098700555426,1713.5858066694918,4574.18940503308,2.587830619467232e-05,4574.189379154774,2287.094689577387,2287.0947154556934,1191.9886670292503,0.15
4.000850931659268,19.14475790483576,1715.1592783876642,1784.7049832350592,2.44821279321243e-05,1784.7049587529314,892.3524793764657,892.3525038585935,515.2125236088272,0.15
3.5745911384728384,17.72008445468245,1713.7628602716095,1388.189975998588,2.3110736304176376e-05,1388.1899528878516,694.0949764439258,694.0949995546621,400.4360519193649,0.15
4.232222636881248,19.685759924118763,1713.3434936073447,3015.938439895575,2.3792729855127864e-05,3015.938416102845,1507.9692080514226,1507.9692318441523,796.5246969712276,0.15
4.598568277962023,20.44419687771727,1711.6939047499957,4969.319943997342,2.462424389940387e-05,4969.319919373099,2484.6599596865494,2484.659984310793,1277.5127422418823,0.15
3.173008266302443,16.171352755693977,1712.4216028715557,1282.4677966261554,2.2268710348903357e-05,1282.467774357445,641.2338871787225,641.2339094474329,350.8052316431469,0.15
4.382332927908741,19.519796088382137,1709.8035136463027,5212.691186292367,2.380933107704161e-05,5212.691162483036,2606.345581241518,2606.345605050849,1328.472389082888,0.15
3.867201459899915,18.332941491242277,1711.453971553306,2754.3153488839407,2.231398708561998e-05,2754.3153265699534,1377.1576632849767,1377.157685598964,713.0191440676077,0.15
4.241843050134566,18.581801319509232,1707.9197808470751,5409.584943659141,2.3287364008668645e-05,5409.584920371776,2704.792460185888,2704.7924834732526,1372.0079990273503,0.15
3.7967244303465,17.602169170385235,1709.1351574107366,3187.563383196735,2.1820736821626876e-05,3187.563361375998,1593.781680687999,1593.7817025087359,815.59258992516,0.15
2.7569376230502107,14.349269687342204,1711.1603030757492,1213.90664152684,2.1913147743896315e-05,1213.9066196136923,606.9533098068462,606.9533317199939,325.0198913537452,0.15
3.3082492946917523,16.148510906574973,1710.4100034343903,1637.3475310772603,2.0981954975320384e-05,1637.3475100953053,818.6737550476527,818.6737760296077,412.82352541178125,0.15
3.3770542583653578,15.785413921221528,1708.4765487298507,1816.2074000747343,2.0662204656511996e-05,1816.2073794125297,908.1036897062648,908.1037103684695,456.0714225181178,0.15
2.923538348430642,14.427293151658294,1709.5371911522914,1541.72386700096,2.078830242753764e-05,1541.7238462126575,770.8619231063287,770.8619438946312,376.58068350591157,0.15
2.5032529972875404,12.924317382916032,1709.974326887304,1508.6430651362898,2.1815630105447894e-05,1508.6430433206597,754.3215216603298,754.32154347596,393.6711632334983,0.15
2.7163253088457013,13.262250644876506,1708.7062039894408,1475.3788273516632,2.0756022949516093e-05,1475.3788065956403,737.6894032978201,737.689424053843,353.58020027049344,0.15
2.395526430621508,11.827951131811409,1708.5748838829752,1519.3541437566273,2.128589450348205e-05,1519.3541224707328,759.6770612353664,759.6770825212609,388.0790956417826,0.15
3.0334516091955788,14.274891959559534,1708.167308712626,1492.047600950227,2.032133701297397e-05,1492.04758062889,746.023790314445,746.023810635782,356.50686180453977,0.15
4.613713606701475,-1.4873380629549746,1710.7548142739297,5138.830029347402,2.2417728268708477e-05,5138.830006929674,2569.415003464837,2569.4150258825653,1315.5708735952849,0.15
5.269218789651347,-1.3996106989693349,1712.4589149788042,5909.125199370698,2.371144803905712e-05,5909.12517565925,2954.562587829625,2954.5626115410732,1511.0693601475964,0.15
5.489953867412376,-2.318999737682266,1711.7186390984498,5970.267521679437,2.317771323142997e-05,5970.267498501724,2985.133749250862,2985.133772428575,1526.0274031142312,0.15
5.990695429390815,-1.9507663025112385,1713.0172982783172,5800.478691396562,2.415700857942785e-05,5800.478667239553,2900.2393336197765,2900.2393577767853,1479.6118126942156,0.15
5.557961970421632,-3.309612553323207,1710.4307668289284,5857.323317448288,2.3060502660869037e-05,5857.323294387786,2928.661647193893,2928.6616702543956,1497.0769334698903,0.15
4.884560566803282,-3.055866786759911,1709.039702151289,5267.745851375362,2.211536583911301e-05,5267.745829259996,2633.872914629998,2633.872936745364,1346.2326704032946,0.15
6.467292147029423,-3.439437486149472,1711.8127835906453,5450.572372702358,2.34992862987993e-05,5450.572349203071,2725.2861746015355,2725.2861981008223,1390.5424746192525,0.15
6.968735379601245,-4.826950777157308,1710.5099515319544,4910.113560143477,2.3021987021348542e-05,4910.1135371214905,2455.0567685607452,2455.056791582732,1252.8101088356714,0.15
5.940343042186529,-4.639825102690834,1709.052091876976,5638.959193889354,2.266497182436324e-05,5638.959171224382,2819.479585612191,2819.4796082771627,1441.0251764872953,0.15
7.500022433438913,-6.1174182835517605,1709.1224381217855,4337.222387569195,2.2563206465735016e-05,4337.222365005989,2168.6111825029943,2168.611205066201,1106.8324519215628,0.15
3.996891584418788,-1.149724488300824,1709.11263747292,4115.307975115619,2.141274920885733e-05,4115.30795370287,2057.653976851435,2057.6539982641843,1055.1530143901753,0.15
4.272769641911018,-2.533785443819465,1707.6336708989584,4324.911539693302,2.1172097546674548e-05,4324.911518521205,2162.4557592606025,2162.4557804326996,1105.2801088081014,0.15
8.063450169152018,-7.310239368626955,1707.6624504214342,3614.981611478021,2.2102220596084927e-05,3614.9815893758005,1807.4907946879002,1807.4908167901208,923.1228258627547,0.15
14.652023455499998,29.6592007739,1718.6696043900004,5390.836591901398,0.0001122699827572891,5390.836479631415,2695.4182398157077,2695.41835208569,1308.3077132105684,0.15
14.447852587558984,29.55004883123233,1718.3638430251383,4545.142343417373,4.755681249870511e-05,4545.142295860561,2272.5711479302804,2272.5711954870926,1102.9492490263287,0.15
14.229535923493962,29.566047341594064,1718.7493807551907,5743.575035754112,0.00010344496110154814,5743.57493230915,2871.787466154575,2871.7875695995367,1397.7414568657298,0.15
13.872812262554367,29.39451839914729,1718.4179078566185,4685.15473916415,4.4516817262593184e-05,4685.154694647333,2342.5773473236663,2342.5773918404834,1133.2650551672734,0.15
13.622595794873478,29.405756212212477,1718.872869736394,5722.703630239371,0.00010069818490295962,5722.703529541186,2861.351764770593,2861.3518654687778,1389.8153304813763,0.15
13.192654460573722,29.157878568970258,1718.3929288323288,4735.59522530912,4.124470339853841e-05,4735.595184064417,2367.7975920322083,2367.7976332769117,1137.7899176754263,0.15
13.643127175002135,29.229551341568133,1717.9656417018573,3818.134447351413,3.208814925390698e-05,3818.134415263264,1909.067207631632,1909.0672397197811,891.0304615531005,0.15
14.185038373622763,29.40044540045225,1717.959121566407,3834.6916402936185,3.229794060021677e-05,3834.691607995678,1917.345803997839,1917.3458362957795,901.2021238397177,0.15
6.728457314337899,25.12745206777777,1721.1005107263854,5823.656161424883,0.0001049617195133404,5823.656056463164,2911.828028231582,2911.8281331933013,1402.0897222115175,0.15
6.611811599516664,24.940246963602178,1720.8064858087896,5384.016746331066,6.538516036257177e-05,5384.016680945906,2692.008340472953,2692.0084058581133,1291.3974353385904,0.15
6.51022764361,24.8046332403,1721.23381377,6610.067161016918,0.000120740752829495,6610.067040276165,3305.0335201380826,3305.0336408788357,1593.1978272156732,0.15
6.868142830102,25.27827859110012,1720.5795244063215,4858.278201525222,4.828735757659828e-05,4858.278153237865,2429.1390766189324,2429.13912490629,1163.653544578587,0.15
7.085554743653548,25.585828909283286,1720.9055587506657,5237.26836258479,8.984880983969796e-05,5237.268272735981,2618.6341363679903,2618.6342262168,1260.3232115750134,0.15
13.827959181656029,29.18053168642876,1717.3889669997957,3068.7713300491628,3.1526838443674416e-05,3068.7712985223243,1534.3856492611621,1534.3856807880006,681.1266752284791,0.15
12.139736471159154,28.721394656971327,1718.3243074915176,4314.5972618695605,3.966660366004355e-05,4314.597222202957,2157.2986111014784,2157.298650768082,1024.6462002112028,0.15
11.498464083298252,28.646329372632785,1719.3716551976277,5761.0250867299865,7.295235187246914e-05,5761.025013777635,2880.5125068888174,2880.512579841169,1404.0692071736153,0.15
12.744841144437892,29.12604492601525,1719.0675354922562,6022.861769723187,8.860542589004949e-05,6022.861681117761,3011.4308405588804,3011.4309291643062,1468.0231347957151,0.15
13.049832346806149,28.94602334986244,1717.616962889254,3271.524475062781,3.041389561083018e-05,3271.5244446488855,1635.7622223244427,1635.7622527383385,736.7692011576063,0.15
6.568035047832762,24.85437288954132,1720.464402689605,3982.195668574888,3.490665049200939e-05,3982.1956336682374,1991.0978168341187,1991.097851740769,950.7173104772527,0.15
8.002421552865497,26.38938920761096,1719.625080408295,4081.540952561212,4.652348131380332e-05,4081.540906037731,2040.7704530188655,2040.7704995423467,969.0643407237933,0.15
7.636110095372367,26.17968928611582,1720.643023782737,5485.7669778865775,9.195554418378286e-05,5485.766885931033,2742.8834429655167,2742.883534921061,1321.1688340380445,0.15
8.518775122559285,26.944171289182425,1720.28508911098,5391.527432137057,7.217139617946982e-05,5391.527359965661,2695.7636799828306,2695.7637521542265,1302.5356782002862,0.15
7.299479904916136,25.757449886657643,1720.1722551919286,4545.62676341116,4.423343562148661e-05,4545.626719177724,2272.813359588862,2272.813403822298,1086.306089880938,0.15
6.88421392061508,25.245671465198853,1720.0209307912023,3521.223988040375,3.44371571019311e-05,3521.223953603218,1760.611976801609,1760.612011238766,833.3333818631831,0.15
6.5440389511682575,24.755694805475464,1719.6338742841103,2512.0774645255137,3.32147035005299e-05,2512.0774313108104,1256.0387156554052,1256.0387488701085,593.3111623753025,0.15
10.674640060688525,28.04959027905723,1718.525671841682,4119.158222355987,3.428432967098339e-05,4119.158188071658,2059.579094035829,2059.5791283201584,979.5990489728209,0.15
9.908327638273413,27.86086665539498,1719.817864850399,5675.91250866252,7.29624451355381e-05,5675.912435700075,2837.9562178500373,2837.9562908124826,1376.7813281709414,0.15
9.139805779059875,27.18543038603635,1718.968396788198,3845.269035188644,3.505912371059547e-05,3845.2690001295205,1922.6345000647602,1922.6345351238838,912.2242248160184,0.15
13.337392477834957,28.847211515134536,1716.567995607693,2592.839977667713,3.0850757605409835e-05,2592.8399468169555,1296.4199734084777,1296.4200042592352,603.6447136124423,0.15
11.811526094904991,28.264323648745453,1716.860291071028,2375.275789193597,2.9700107726432413e-05,2375.275759493489,1187.6378797467446,1187.6379094468525,548.7450279439097,0.15
8.179020242422022,26.32253994886605,1718.3224947798903,2123.991668650654,3.148363821991444e-05,2123.9916371670156,1061.9958185835078,1061.9958500671462,517.329667442217,0.15
7.126631437323249,25.447352367047312,1719.2615997411103,2271.309479283137,3.358482117325308e-05,2271.309445698316,1135.654722849158,1135.6547564339792,542.8565042946484,0.15
6.4819780794956845,24.596207000291013,1718.8574257945666,1736.7168264303807,3.2843197511409155e-05,1736.7167935871832,868.3583967935916,868.3584296367891,453.9715796367588,0.15
7.258906894708042,25.3670893022579,1717.7535790806678,1945.7085866424884,3.082835122381429e-05,1945.708555814137,972.8542779070685,972.8543087354199,550.9800052197439,0.15
6.40840508605171,24.32042711827145,1717.3413615069326,2627.406473598632,3.076015050553481e-05,2627.406442838482,1313.703221419241,1313.7032521793913,731.8331245329094,0.15
9.652901540072682,27.19081540278451,1717.3170313374414,1780.906625965646,2.9829654451312653e-05,1780.9065961359915,890.4532980679958,890.4533278976503,449.77477412391175,0.15
12.67107879765949,28.33899142572461,1715.386405011719,2577.670395011418,2.940551408186059e-05,2577.670365605904,1288.835182802952,1288.835212208466,689.6975644540951,0.15
11.84930136170868,27.61941428997184,1713.815392266874,2695.048073784625,2.713161515483318e-05,2695.04804665301,1347.524023326505,1347.5240504581202,770.4335209094927,0.15
10.801485326314776,27.41721631760053,1715.3377410193905,2076.4029459287817,2.8170862984152536e-05,2076.4029177579187,1038.2014588789593,1038.2014870498224,592.9543804241462,0.15
8.217556904497012,26.08556449987335,1716.9388694881427,1796.657078405029,3.0546819332342046e-05,1796.6570478582098,898.3285239291049,898.3285544759242,527.1488131225386,0.15
7.434114674424519,25.19049607488952,1715.8871338077752,2977.569498340413,2.884477290529954e-05,2977.56946949564,1488.78473474782,1488.7847635925928,831.9975297705041,0.15
8.959226334818165,26.34371968769828,1715.6026462668208,2181.393443015179,2.8219038518334327e-05,2181.3934147961404,1090.6967073980702,1090.6967356171087,642.5509858137095,0.15
8.34535955538138,25.524792720024926,1714.081575061548,2817.0618150500136,2.669310220949671e-05,2817.061788356911,1408.5308941784556,1408.530920871558,802.2803240525574,0.15
6.139937326475066,23.721380553031537,1715.649945620244,4034.863048605872,2.9013461907602948e-05,4034.86301959241,2017.431509796205,2017.4315388096668,1080.3730679488237,0.15
6.993658299338129,24.365367271076597,1714.0612343649766,4012.371478713356,2.7032238835690223e-05,4012.371451681117,2006.1857258405585,2006.1857528727974,1081.5188021868264,0.15
7.494626951735064,23.845221873660567,1710.670970735214,3521.800160182345,2.3887419170833403e-05,3521.800136294926,1760.900068147463,1760.900092034882,946.8168434747731,0.15
6.22745799931129,22.61508046047581,1710.6029701661414,5153.630729748017,2.455138776047034e-05,5153.63070519663,2576.815352598315,2576.8153771497023,1336.8766876689358,0.15
6.588583498893615,23.50487054078189,1712.2926828970085,4669.741760998345,2.570183969870398e-05,4669.741735296505,2334.8708676482524,2334.8708933500925,1230.4506257585501,0.15
7.911689996660297,24.701346946726996,1712.3071133721014,3195.61486086416,2.495768820038325e-05,3195.614835906472,1597.807417953236,1597.8074429109242,883.1286972994282,0.15
9.446694614997911,25.82667642933459,1712.3192452778767,2277.088049387388,2.4686750227339088e-05,2277.0880247006376,1138.5440123503188,1138.544037037069,670.3763330676677,0.15
10.125578598488426,26.668605187776283,1713.8473684543017,2221.320366533526,2.6241061213382912e-05,2221.3203402924646,1110.6601701462323,1110.6601963872936,657.5088863509363,0.1
11.081468151684408,26.811075406136613,1712.176305981752,2613.866976929597,2.5134473813964348e-05,2613.8669517951234,1306.9334758975617,1306.9335010320353,752.2929475763744,0.15
10.432079853597488,25.96678315860391,1710.574469499999,2186.633038935151,2.3635249106142225e-05,2186.633015299902,1093.316507649951,1093.3165312852,642.1182716021149,0.15
7.039571985370447,22.905174429754403,1709.162656026132,3966.4280338954527,2.3168634492693065e-05,3966.4280107268182,1983.2140053634091,1983.2140285320436,1040.6393198626854,0.15
9.908673310224296,25.118796261413426,1709.056666777394,1996.4846249433,2.2548766161057945e-05,1996.484602394534,998.242301197267,998.2423237460331,583.9166502256876,0.15
8.885382937230803,24.93567992234964,1710.6734783675836,2271.520071331441,2.334156820573225e-05,2271.520047989873,1135.7600239949365,1135.7600473365046,654.3392074145639,0.15
8.422312760347959,24.059018063632013,1709.1545096776872,2472.088538042883,2.2596648279156944e-05,2472.088515446235,1236.0442577231174,1236.0442803197657,686.3330804745555,0.15
5.806213372349497,22.956794942066672,1713.86617539851,4969.494165035415,2.713907264930072e-05,4969.494137896342,2484.747068948171,2484.747096087244,1303.1651851089623,0.15
5.456149567394689,22.058605999761284,1712.0130417970458,5612.493460126985,2.5774535972690564e-05,5612.493434352449,2806.2467171762246,2806.2467429507606,1450.1499814137544,0.15
5.190060558025229,21.1753464666845,1710.2257981552468,6013.363557823214,2.4763865591802343e-05,6013.363533059349,3006.6817665296744,3006.68179129354,1538.4610238969153,0.15
5.900964754367352,21.699557212603285,1709.036391707999,5550.433807887751,2.3988469023078295e-05,5550.4337838992815,2775.2168919496407,2775.21691593811,1424.4106904919286,0.15
5.698540020986429,20.91169058985508,1707.680153596703,5692.410878055363,2.3319771510588497e-05,5692.410854735592,2846.205427367796,2846.2054506875675,1452.0414794699027,0.15
4.915570047182112,20.20834706588577,1708.631723503334,6275.776772768605,2.413149545821782e-05,6275.776748637109,3137.8883743185547,3137.8883984500503,1594.9897305232726,0.15
7.932811683684241,11.63156900190292,1725.49178780099,2230.1759814655875,7.923315390519815e-05,2230.1759022324336,1115.0879511162168,1115.0880303493707,615.2632902102227,0.1
7.797845580186812,11.178282273160251,1725.0599708817924,2497.665971581974,4.06014125941436e-05,2497.6659309805614,1248.8329654902807,1248.8330060916935,691.5660620586937,0.1
8.517956419990432,11.130920182261995,1725.592633705386,2020.9687469940368,6.849499826100774e-05,2020.9686784990386,1010.4843392495193,1010.4844077445175,561.3545540108141,0.1
8.059303959371269,10.643689161947304,1724.9042129006789,2513.610813902458,3.416263138293232e-05,2513.6107797398267,1256.8053898699134,1256.8054240325448,701.3909683267029,0.1
9.356730726319668,10.538483097431024,1725.6951680702114,2155.996742011676,6.993823542402903e-05,2155.9966720734405,1077.9983360367203,1077.9984059749556,599.7057580911605,0.1
8.702502594125095,10.241677298610153,1725.0858735221816,2479.30399344304,3.610618589305881e-05,2479.303957336854,1239.651978668427,1239.6520147746128,697.9432834046611,0.1
9.585528989267846,9.644107379367602,1725.1803587828922,2715.98027396166,3.473864182373763e-05,2715.980239223018,1357.990119611509,1357.9901543501508,769.4745629987003,0.1
10.3191230836,9.97186013068,1725.77483913,2510.948640771071,6.906386795682605e-05,2510.948571707203,1255.4742858536015,1255.4743549174696,697.8201166165582,0.1
10.635491188591162,9.137957499274838,1725.3206502329792,3013.1143479613384,3.3591694258047e-05,3013.114314369644,1506.557157184822,1506.5571907765163,848.7816929819916,0.1
10.08569450191082,8.757581011799218,1724.7965605825354,2437.531100823684,2.8911560772426692e-05,2437.5310719121235,1218.7655359560617,1218.7655648676223,695.4362721172039,0.15
10.963760094282817,8.305048855078123,1724.8659881117128,2842.857680565394,2.8096789918229344e-05,2842.857652468604,1421.428826234302,1421.4288543310918,804.8295058075738,0.15
7.48905674743,12.082391047099998,1725.39142846,2344.1013017453383,7.786248946779616e-05,2344.101223882849,1172.0506119414244,1172.0506898039139,642.9202082886254,0.1
8.001365210970684,10.0373988932247,1724.4327343955904,2178.9452900891274,3.057590440158896e-05,2178.945259513223,1089.4726297566115,1089.472660332516,574.1263644114284,0.15
8.74683422617073,9.57933002941606,1724.642342619995,2119.5840789748936,2.978650653895381e-05,2119.584049188387,1059.7920245941934,1059.7920543807002,588.7162064423977,0.15
9.250798300048189,8.76122410836396,1724.3615358390182,1732.423915609278,2.9338910064142853e-05,1732.423886270368,866.211943135184,866.2119724740941,472.28372503501635,0.15
10.118701150409455,7.958636994171307,1724.2363969412231,1470.0575785408746,2.843039127496137e-05,1470.0575501104834,735.0287750552417,735.0288034856329,401.96844735789716,0.15
11.37039183176902,7.316632200296855,1724.32423486994,1812.648403228968,2.778603449899705e-05,1812.6483754429335,906.3241877214667,906.3242155075012,498.32411532553317,0.15
8.089511104682353,8.96927477654698,1723.7486558345545,1920.0493698213263,2.9326890374065855e-05,1920.049340494436,960.024670247218,960.0246995741084,511.41466716768457,0.15
9.115341880600663,7.690487309495066,1723.5099063517052,1598.3144545498117,2.790422123207344e-05,1598.3144266455904,799.1572133227952,799.1572412270165,448.1035765788503,0.1
7.915072602547757,7.4089665600851875,1722.5147577806454,2699.09960521958,2.80211133864268e-05,2699.0995771984667,1349.5497885992334,1349.5498166203467,736.4578908378796,0.1
9.04861917745444,6.423080862875602,1722.5484931392325,1966.733550970599,2.7024294698390708e-05,1966.7335239463043,983.3667619731522,983.3667889974469,535.1815458839448,0.1
10.262732082705613,6.790343090804423,1723.45645038377,1176.9890522173162,2.705946330322947e-05,1176.989025157853,588.4945125789264,588.4945396383897,342.40101455194684,0.1
11.954110437447037,5.97503345382414,1723.582412530819,1428.5375668741724,2.7439180499118503e-05,1428.537539434992,714.268769717496,714.2687971566764,411.66255298593444,0.15
10.581131470526245,5.194236738230399,1722.4260052964844,1194.150852387165,2.5661242152017612e-05,1194.1508267259228,597.0754133629614,597.0754390242037,325.3705958054587,0.1
7.794784665444051,5.773929604383366,1721.2579610398586,3141.4733521021576,2.6833826441868176e-05,3141.4733252683313,1570.7366626341657,1570.736689467992,849.1446262541002,0.15
9.13776920058635,5.136511398604655,1721.6494767826634,2187.1501257417167,2.5703863336136848e-05,2187.1501000378535,1093.5750500189267,1093.57507572279,594.2319894433965,0.1
7.355739624612547,4.2771697800608015,1719.8327571389568,4027.511877762896,2.6149007524972097e-05,4027.511851613888,2013.755925806944,2013.7559519559518,1052.4259718854137,0.15
12.706893341998647,4.364844707057087,1722.676149190004,1671.074187661686,2.578146930437665e-05,1671.0741618802167,835.5370809401084,835.5371067215776,501.4266920640558,0.15
11.54867524293641,3.4606748411344106,1721.5330614571271,781.3957351709345,2.424647207756334e-05,781.3957109244624,390.6978554622312,390.6978797087033,229.55737738246023,0.2
13.489671804624956,2.818083731036624,1721.7804467086148,1878.570474203725,2.478649565165994e-05,1878.5704494172294,939.2852247086147,939.2852494951104,553.5653248556091,0.15
8.676751976877918,4.36062807996686,1720.7988076266672,2476.953296974726,2.5437199333835717e-05,2476.9532715375267,1238.4766357687633,1238.4766612059627,670.6618622834615,0.15
9.93361616605485,3.804865166314713,1721.0606496118637,1445.5791489897629,2.47099699064578e-05,1445.579124279793,722.7895621398965,722.7895868498664,394.83238684121636,0.1
14.325853044534709,1.3064508308173994,1720.8696206561606,2612.38748276622,2.4544676445981946e-05,2612.3874582215435,1306.1937291107718,1306.193753655448,727.9437989478207,0.15
13.150010592522497,0.2012331781263275,1719.5535115597552,831.2936376792719,2.26988310000498e-05,831.2936149804409,415.64680749022045,415.64683018905146,268.8748854989988,0.15
15.222936398445208,-0.1585610977921138,1719.9392655952247,3182.3080833478866,2.419413114675868e-05,3182.3080591537555,1591.1540295768777,1591.1540537710089,860.3906181729016,0.15
12.339267238032106,1.7240234996920447,1720.4887685189724,754.6777115508172,2.326111164378108e-05,754.6776882897055,377.33884414485277,377.33886740596444,228.9035037403634,0.2
8.85321579337737,2.760282243466857,1719.6675459895578,2261.8303162091056,2.426113492347822e-05,2261.8302919479706,1130.9151459739853,1130.9151702351203,596.8472974985907,0.15
10.641962135548471,2.116993714575852,1720.0703735249156,968.1794367142649,2.36233203740496e-05,968.1794130909444,484.0897065454722,484.08973016879264,257.80396256578996,0.25
9.900760099388997,1.3233957372746443,1719.0626225221208,1209.651393741719,2.351237133884159e-05,1209.6513702293475,604.8256851146738,604.8257086270452,330.5651486509336,0.15
8.44819433605287,1.1603500762449388,1718.12506791869,2681.473439757256,2.40567210619033e-05,2681.473415700535,1340.7367078502675,1340.7367319069886,684.2704722348833,0.15
7.252339690426618,2.4664425317106744,1718.3651730149631,4307.373764891366,2.5346843019156504e-05,4307.373739544522,2153.686869772261,2153.6868951191045,1103.6033671483624,0.15
14.125419476149554,-1.284175145474902,1718.6310853735906,1275.4618850083973,2.2361686156361857e-05,1275.461862646711,637.7309313233555,637.7309536850418,361.97738310715346,0.15
16.187827190645763,-1.5641834030508277,1718.984566179229,3974.235628170929,2.39401834262424e-05,3974.2356042307456,1987.1178021153728,1987.1178260555562,1053.9916732758998,0.15
15.169979318596631,-2.7098725296617574,1717.683769018287,1939.7733662728808,2.225614221742088e-05,1939.7733440167385,969.8866720083693,969.8866942645116,519.4589550617287,0.15
17.23378187613797,-2.887136918875279,1717.9959378863214,4700.108947416414,2.401558372441454e-05,4700.10892340083,2350.054461700415,2350.054485715999,1237.4702097617333,0.15
6.775799248736175,-1.004162626402893,1714.9229080615637,4867.326614948675,2.3817913644278217e-05,4867.326591130762,2433.663295565381,2433.6633193832945,1235.2719744195542,0.15
6.938226736766044,0.7444287777225228,1716.6826519072267,4782.52980528702,2.449626087996791e-05,4782.529780790759,2391.2648903953796,2391.2649148916407,1214.6589562100448,0.15
8.288703975036547,-0.540208000505491,1716.5297789201727,2731.018412925764,2.329813975889521e-05,2731.0183896276244,1365.5091948138122,1365.509218111952,685.8941443537353,0.15
7.285329349629961,-2.7244708393794634,1713.5708746290486,4285.495900137846,2.30253426842206e-05,4285.495877112503,2142.7479385562515,2142.747961581594,1085.8439028575442,0.15
8.187065703096879,-1.9569267682576563,1715.0927649401035,2881.264644087109,2.241793513055605e-05,2881.2646216691737,1440.6323108345869,1440.6323332525221,721.1334714066924,0.15
9.637412506834355,-2.0620902110379804,1715.874841379478,1127.9280548797954,2.200588233302524e-05,1127.928032873913,563.9640164369565,563.9640384428388,290.5541102639671,0.15
13.143956576135892,-2.367073928279306,1717.2564596788595,575.8685227946121,2.161039264675757e-05,575.8685011842194,287.9342505921097,287.93427220250237,200.04342283370585,0.05
14.23263601400821,-3.848507221883092,1716.238603579637,947.596231152674,2.1470435524319614e-05,947.5962096822385,473.79810484111925,473.79812631155477,270.54915249073827,0.15
12.32310655496892,-3.544011962802548,1715.7288602768783,919.108962536358,2.121557256600467e-05,919.1089413207854,459.5544706603927,459.5544918759653,284.06556892577083,0.15
10.07813003918661,-0.278277715849095,1717.7760555795471,1059.082727906654,2.2327523321871828e-05,1059.0827055791308,529.5413527895654,529.5413751170887,295.587604881657,0.15
11.24608625686956,0.697204698386799,1719.1746658352642,661.8677545190404,2.256513875215894e-05,661.8677319539016,330.9338659769508,330.9338885420896,192.8156146249882,0.25
12.168523479021625,-0.7921975513013888,1718.2906349077846,554.874993025811,2.198506503178161e-05,554.874971040746,277.437485520373,277.437507505438,202.38205351647974,0.05
11.444111086539092,-2.0624810582354924,1716.791277773342,875.3534102445577,2.1478315270242245e-05,875.3533887662425,437.67669438312123,437.6767158614365,279.31344875446183,0.15
10.76694364333555,-3.0883259126898897,1715.4365177714935,817.1593598477945,2.138755287420761e-05,817.1593384602415,408.57966923012077,408.5796906176737,249.80897966803167,0.15
16.33720384014557,-4.120569399335879,1716.6511559011374,2982.2479571762647,2.233303261264001e-05,2982.247934843232,1491.123967421616,1491.1239897546486,785.3608065660447,0.15
18.383773383900085,-4.081040157922829,1716.9620958300031,5525.904821660243,2.407729265600197e-05,5525.904797582951,2762.9523987914754,2762.952422868768,1452.6472680965408,0.15
17.55886077471126,-5.432189370868832,1715.5355965957483,3821.940884203776,2.249767594218281e-05,3821.9408617061,1910.97043085305,1910.970453350726,1005.1748135045624,0.15
15.402953637712017,-5.249688560520872,1715.1885546242124,1543.0639693592664,2.148784011018852e-05,1543.0639478714263,771.5319739357132,771.5319954235532,411.2440273393832,0.15
13.254184976486306,-4.889678470441129,1714.71671052613,932.5166728849064,2.1005243442964338e-05,932.516651879663,466.2583259398315,466.2583469450749,278.8389032859165,0.15
9.131052089275247,-3.37352795914407,1714.2086149001293,1735.6956248721085,2.1594101834311685e-05,1735.6956032780067,867.8478016390034,867.8478232331051,437.8536308907393,0.15
11.262973096072518,-4.456518588947337,1714.215887348392,1032.6147863245376,2.0885188475598112e-05,1032.6147654393492,516.3073827196746,516.307403604863,305.80871850323314,0.15
14.42387627417433,-6.305835461130822,1713.595051881606,983.5694474781312,2.0970630225453e-05,983.569426507501,491.7847132537505,491.7847342243807,275.6376723821055,0.15
16.642691024138674,-6.609750601317508,1714.0105541223556,2369.0268008197672,2.164174072105388e-05,2369.0267791780266,1184.5133895890133,1184.513411230754,623.5886299674947,0.15
7.945644074214432,-4.29648785682156,1712.2627334890694,3377.6442014534205,2.235957257959593e-05,3377.644179093848,1688.822089546924,1688.8221119064965,853.8826483193919,0.15
10.10166549430371,-5.378556831840228,1712.439361474422,1253.4223784822,2.0950423163633157e-05,1253.4223575317767,626.7111787658883,626.7111997163116,338.71368307291505,0.15
8.40341903716144,-5.657556955504149,1710.8106591353455,3069.4242070993355,2.180889139869717e-05,3069.4241852904443,1534.7120926452221,1534.7121144541134,783.1430970235949,0.15
12.265444273647368,-5.858265007530469,1713.095300484921,1205.785198145698,2.0707911286878803e-05,1205.7851774377866,602.8925887188933,602.8926094268046,348.7005675188346,0.15
9.978411395893328,-6.6203820509203695,1710.6607677261436,1669.9532154734577,2.094814491854596e-05,1669.9531945253127,834.9765972626564,834.9766182108013,442.4035415469185,0.15
9.02492942494554,-6.985293316218129,1709.3137976116195,2460.261321579256,2.138214171294821e-05,2460.2613001971145,1230.1306500985572,1230.130671480699,631.9917510842336,0.15
10.852663705693452,-7.66650777997134,1709.7075194278534,1540.9367316602309,2.054925435506438e-05,1540.9367111109766,770.4683555554883,770.4683761047426,420.93246640703796,0.15
10.047943881219563,-8.463569517775735,1707.6444013841506,1894.500897706548,2.054274712166418e-05,1894.5008771638009,947.2504385819004,947.2504591246475,498.18434998145995,0.15
11.543280941494894,-6.8269201070672825,1711.417458204087,1360.07609958426,2.055757059638443e-05,1360.0760790266893,680.0380395133446,680.0380600709153,380.43911398672867,0.15
13.520715709465598,-7.258946453288082,1711.9525758293896,1264.396876899577,2.0647491557917052e-05,1264.3968562520854,632.1984281260427,632.1984487735342,354.1746630271009,0.15
15.699239691577386,-7.651135729879487,1712.4066372572508,1407.5872312217698,2.11110283319768e-05,1407.5872101107414,703.7936050553707,703.7936261663991,373.05446729594814,0.15
11.922367643177608,-8.966916080753975,1708.3293306183984,1735.0792886210654,2.026809860890819e-05,1735.079268352967,867.5396341764834,867.539654444582,470.6022417090396,0.15
12.676852166865082,-8.14353034449986,1710.2080823094043,1486.7729464968052,2.047307527528468e-05,1486.77292602373,743.386463011865,743.3864834849402,408.8502208478931,0.15
14.755512805324482,-8.56479808423143,1710.7275662582751,1262.9175088398283,2.066893266318708e-05,1262.9174881708957,631.4587440854478,631.4587647543805,340.0219924719609,0.15
13.832392289044046,-9.355907529572535,1708.9759614606005,1563.0733875291216,2.0402895917010985e-05,1563.0733671262258,781.5366835631129,781.5367039660088,419.95900140635547,0.15
11.956934467174692,26.29197825914967,1708.544520197455,3745.6072837983447,2.595878791940449e-05,3745.607257839557,1872.8036289197785,1872.8036548785662,1016.3432022078599,0.15
11.126035869097242,25.69404837782208,1708.277709501181,2889.544080630623,2.4194664445672523e-05,2889.5440564359583,1444.7720282179791,1444.7720524126437,799.9083655879581,0.15
11.351395356863646,26.247049024176185,1709.456592569122,2936.914417927454,2.477605104068152e-05,2936.914393151403,1468.4571965757016,1468.4572213517524,819.7989085425688,0.15
12.429577704998405,26.22442847680377,1707.7582904499984,4127.787406493138,2.59941956173506e-05,4127.787380498943,2063.8936902494715,2063.893716243667,1109.1540356061942,0.15
14.159862520699496,7.842587591817569,1725.478183310002,2673.437018031278,3.670156897985912e-05,2673.436981329709,1336.7184906648545,1336.7185273664236,745.6146733289514,0.1
13.9634867944,8.484880520739999,1725.8554662400004,2048.7791960533154,6.267415304570892e-05,2048.7791333791624,1024.3895666895812,1024.3896293637342,564.85364197427,0.1
13.405575765995051,7.879091400284696,1725.3797578303245,3415.6077314156246,3.412365932613369e-05,3415.6076972919655,1707.8038486459827,1707.8038827696419,954.8505486420801,0.1
13.30339456268906,8.667628592385675,1725.869921775063,2365.484976542423,6.212101965096367e-05,2365.484914421403,1182.7424572107016,1182.7425193317213,654.2066675249248,0.1
11.298524154085108,9.47695287365609,1725.8284883217084,2524.474037752329,6.712371322777078e-05,2524.473970628616,1262.236985314308,1262.237052438021,700.5317026269482,0.1
10.3191230836,9.97186013068,1725.77483913,2256.7868718101786,6.907246600404718e-05,2256.7868027377126,1128.3934013688563,1128.3934704413223,627.0394785625308,0.1
12.648785294320303,8.153996720115591,1725.3675837215123,3414.113251843677,3.364858031656812e-05,3414.1132181950966,1707.0566090975483,1707.0566427461288,956.9508131375803,0.1
11.716971625585902,8.662335331866291,1725.411772645039,3348.775379037543,3.461793371037972e-05,3348.7753444196096,1674.3876722098048,1674.3877068277384,938.8464756486219,0.1
12.313830370101323,9.029393644057045,1725.862123615571,2455.2171556339363,6.710019678776706e-05,2455.2170885337396,1227.6085442668698,1227.6086113670665,680.8755638173559,0.1
13.795167609362965,6.94157615951065,1724.844235909967,3226.000441339844,2.9017649742729963e-05,3226.0004123221943,1613.0002061610971,1613.000235178747,892.1444557843561,0.15
11.896079650727197,7.961319354971056,1724.984023790994,3155.9685292943104,2.8665280569051943e-05,3155.9685006290297,1577.9842503145148,1577.9842789797956,890.4602032784393,0.15
12.738368389639456,7.141130273261759,1724.6971688685733,2836.371434251539,2.7724154723489637e-05,2836.3714065273844,1418.1857032636922,1418.185730987847,782.6808056413331,0.15
13.314441165145402,5.794471257423037,1723.92941738597,2499.743281827086,2.7914955383215923e-05,2499.7432539121305,1249.8716269560653,1249.8716548710206,696.5285285526993,0.15
15.1564186388,29.7412098193,1718.5841638600004,5995.453719745858,0.00014296201553077575,5995.453576783842,2997.726788391921,2997.7269313539364,1459.1484508268147,0.15
15.139267653047456,29.70248209245957,1718.405031929653,4628.183660212652,6.510484939968601e-05,4628.183595107803,2314.0917975539014,2314.091862658751,1129.3634682342363,0.15
14.955069956514617,29.712885420658587,1718.6167898944736,5979.2587048825935,0.0001293701740907779,5979.258575512419,2989.6292877562096,2989.629417126384,1455.4752425727697,0.15
14.904600432030769,29.638884746430705,1718.2911920392046,4201.129787636018,4.6400039870375735e-05,4201.129741235978,2100.564870617989,2100.5649170180286,1021.5750172787233,0.15
14.736478046644969,29.630791956677736,1718.4239169127452,4595.344308065205,5.706314942356379e-05,4595.344251002056,2297.672125501028,2297.672182564177,1120.8515143559432,0.15
14.652023455499998,29.6592007739,1718.6696043900004,5589.631998877852,0.00011870314048283964,5589.631880174712,2794.815940087356,2794.8160587904963,1357.1832448458472,0.15
15.116842153919642,29.646148982806466,1718.1428536560272,3876.992507807376,3.667514271216613e-05,3876.9924711322333,1938.4962355661166,1938.4962722412595,937.245212386415,0.15
14.905114631497067,29.579766468403253,1717.9930565746386,3727.3534214215406,3.443167450680089e-05,3727.353386989866,1863.676693494933,1863.6767279266076,885.8590348505318,0.15
14.6144136221019,29.54402322805146,1718.118679295506,3952.034366155336,3.547582139696123e-05,3952.034330679515,1976.0171653397574,1976.0172008155787,945.3028582281919,0.15
15.089624763260764,29.56440863379751,1717.7594483596706,3465.6617376746376,3.345374830821031e-05,3465.661704220889,1732.8308521104445,1732.830885564193,806.3270931175462,0.15
14.56387400625334,29.424694084736817,1717.5704774276485,3342.1455800567305,3.343237169131354e-05,3342.1455466243588,1671.0727733121794,1671.0728067445511,758.1466021074688,0.15
15.061152567555103,29.445998924198086,1717.19949626097,3013.223241612941,3.276711936080934e-05,3013.223208845822,1506.611604422911,1506.61163719003,670.1682674458667,0.15
14.216800342111489,29.11220797964386,1716.4522775021956,2678.5864947365403,3.2484468233332155e-05,2678.586462252072,1339.293231126036,1339.2932636105043,622.7306363185045,0.15
15.040911078559596,29.273707687358588,1716.3822758874226,2801.301548365227,3.283427882165902e-05,2801.301515530948,1400.650757765474,1400.650790599753,655.8931270062068,0.15
15.045371966229837,29.017576848407668,1715.1903252430425,2946.848302930571,3.24176454861608e-05,2946.848270512926,1473.424135256463,1473.4241676741083,788.033343295334,0.15
13.748790037889275,28.804120309286088,1715.638171160139,2685.643661387104,3.159842696015266e-05,2685.643629788677,1342.8218148943386,1342.8218464927656,692.7502359962481,0.15
13.90200082477715,28.582475181366533,1714.3636724081875,3090.318821087824,3.0457077776803525e-05,3090.318790630746,1545.159395315373,1545.1594257724507,861.1466927416132,0.15
13.00580932299509,28.099429125028585,1713.5714374035083,3050.50016660404,2.8338599503592723e-05,3050.5001382654405,1525.2500691327202,1525.2500974713196,868.5334981176977,0.15
13.938329066649668,28.243781597584007,1712.832627029539,3426.137489647422,2.8177100167095265e-05,3426.137461470322,1713.068730735161,1713.0687589122613,977.5111912529513,0.15
15.09088143344504,28.63478836834309,1713.5258398566486,3112.6007368172645,2.921655822361549e-05,3112.6007076007063,1556.3003538003532,1556.3003830169114,896.412867265293,0.15
12.487774256303076,27.548117749097493,1712.1179383123254,3236.1537193614367,2.6599623450687374e-05,3236.153692761813,1618.0768463809065,1618.0768729805302,914.9695219830435,0.15
13.69604534849846,27.615509043780097,1710.6563645073577,3803.7667458159694,2.664500991721692e-05,3803.7667191709597,1901.8833595854799,1901.8833862304896,1065.0520343638502,0.15
11.873137978362838,26.82863368034739,1710.4531915460802,3366.7155551363358,2.564277141982044e-05,3366.715529493564,1683.357764746782,1683.3577903895537,934.556440154855,0.15
15.190236889449183,28.142356318534524,1711.6107909486238,3152.214360577522,2.6824872122856303e-05,3152.2143337526495,1576.1071668763248,1576.107193701197,921.2364890688697,0.15
15.3293072409996,27.577520407104423,1709.7226793999987,2963.594971331657,2.505362608244918e-05,2963.594946278031,1481.7974731390154,1481.7974981926413,861.1000585407998,0.15
13.96836975423303,27.158912659022132,1708.9756218941004,3687.404216422148,2.5798867107770144e-05,3687.4041906232806,1843.7020953116403,1843.7021211105075,1028.2088756754645,0.15
12.905471066531602,27.004894458837903,1709.4413961296036,3798.4009429873754,2.613591364308504e-05,3798.4009168514617,1899.2004584257309,1899.2004845616445,1048.7188565425042,0.15
13.08581939096757,26.69509023031866,1708.3301715407492,4161.904762991897,2.6454877220468897e-05,4161.90473653702,2080.95236826851,2080.952394723387,1130.3312836438292,0.15
12.002936354380562,26.629875399202263,1709.5079289708403,3504.816809926043,2.575258329657217e-05,3504.8167841734594,1752.4083920867297,1752.4084178393132,971.4121207387461,0.15
19.083505882144973,-5.435713540304588,1715.5897452961171,5306.8291220600495,2.35223847435343e-05,5306.829098537664,2653.414549268832,2653.4145727912173,1397.1337197682112,0.15
18.299414786890733,-6.706018587768962,1714.1745308920658,4087.635487729356,2.254156246005041e-05,4087.6354651877937,2043.8177325938968,2043.8177551354593,1076.289649950935,0.15
17.361305264868154,-7.856854012749553,1712.6161524059598,2834.529898157607,2.189290555844923e-05,2834.5298762647017,1417.2649381323508,1417.2649600252562,744.9341956245147,0.15
19.07828309328097,-7.93061439404613,1712.684986389581,4345.072905790243,2.262572495438654e-05,4345.072883164517,2172.5364415822587,2172.536464207984,1144.4249197794488,0.15
19.72322493575476,-8.950731280321964,1711.2753361400858,4422.775996476117,2.20195343604752e-05,4422.775974456583,2211.3879872282914,2211.3880092478257,1166.203666085947,0.15
20.634033944660526,-7.817914765657722,1712.6201439815727,5332.678537690898,2.256434735061426e-05,5332.678515126551,2666.3392575632756,2666.3392801276227,1408.7486108939472,0.15
21.474059274899812,-8.829468755695869,1711.030739661116,5304.782826724901,2.2208827930894624e-05,5304.782804516072,2652.391402258036,2652.3914244668645,1403.2220732658539,0.15
20.41894271351656,-9.945638863388536,1709.7064436831542,4534.569441238743,2.1724875090821865e-05,4534.569419513868,2267.284709756934,2267.284731481809,1195.106374246645,0.15
19.8342606579737,-6.681126642553182,1714.143795871396,5437.219447718301,2.337662366337872e-05,5437.219424341677,2718.6097121708385,2718.6097355474626,1433.81897389172,0.15
16.668038722742775,-8.758450796198858,1711.202340404226,1985.6476060455188,2.112120922126345e-05,1985.6475849243095,992.8237924621548,992.8238135833641,520.6359844319028,0.15
18.205158615947923,-8.607926248524986,1711.7375420617698,3392.12556575189,2.1686539394696516e-05,3392.125544065351,1696.0627720326754,1696.0627937192146,891.987005281642,0.15
18.169741630881035,-9.824014902466027,1709.941032540661,2960.3660083921063,2.1551798912852863e-05,2960.3659868403074,1480.1829934201537,1480.1830149719526,775.913524937219,0.15
22.35148753456905,-9.694543735075216,1709.378302911852,5269.668100728215,2.198997565664136e-05,5269.668078738239,2634.8340393691196,2634.8340613590954,1394.6583317323518,0.15
21.324307649178373,-10.84441505813163,1707.9831444387353,4603.310639498161,2.150747857785645e-05,4603.310617990683,2301.6553089953413,2301.65533050282,1212.3537946313388,0.15
19.246342716543687,-10.954619222439796,1708.1433004615135,3480.977744241076,2.124210890835805e-05,3480.9777229989672,1740.4888614994836,1740.4888827415923,912.3026970322029,0.15
15.892188749217745,-9.718362739327963,1709.445722323877,1483.733776826998,2.0720214962845628e-05,1483.7337561067832,741.8668780533916,741.8668987736065,388.5349450811002,0.15
17.094485365338837,-10.800551139178932,1708.0299608273442,1988.4637399521368,2.0709033341851447e-05,1988.4637192431035,994.2318596215517,994.2318803305851,516.6300824249379,0.15
23.26007440859368,-10.398271193777337,1707.6678579470183,5142.6731600183,2.181001105751799e-05,5142.673138208289,2571.3365691041445,2571.3365909141557,1362.1553703835727,0.15
13.914820077128594,26.72144307476325,1707.8667688979142,3689.929017218516,2.53001452887774e-05,3689.9289919183707,1844.9644959591853,1844.9645212593307,1009.2428378719331,0.15
15.466636312849134,27.00486963686289,1708.0890845445206,2803.4048027933104,2.4037405796057927e-05,2803.4047787559048,1401.7023893779524,1401.702413415358,798.8092395681753,0.15
14.707109105816103,7.250642908403423,1725.1495022371305,3143.94053290223,3.2653251297648605e-05,3143.940500248979,1571.9702501244894,1571.9702827777407,882.8293799235735,0.1
15.359497138031156,6.5955979512471945,1724.7553130667204,2952.1705205772446,3.099818769411645e-05,2952.1704895790567,1476.0852447895284,1476.0852757877162,817.6226560987416,0.15
14.95000682967475,6.247642780170373,1724.5356129624502,3236.6779288099374,3.0362269225348292e-05,3236.677898447668,1618.338949223834,1618.3389795861033,891.5011551682195,0.15
16.145834733827904,5.898600885594955,1724.273525954477,2938.4163258462654,3.005133825404591e-05,2938.416295794927,1469.2081478974635,1469.208177948802,816.663404201344,0.15
15.252490537973117,5.086874612091868,1723.8060870113788,3503.393735607134,2.956929027252508e-05,3503.393706037844,1751.696853018922,1751.6968825882122,978.8078906056235,0.15
16.317594223382127,4.66170596414493,1723.5177847755042,3890.473761992427,2.9573696748955863e-05,3890.4737324187304,1945.2368662093652,1945.236895783062,1083.1294924872643,0.15
17.019391307400937,5.318299188857378,1723.7849040600045,3133.518195459623,2.9323176665794492e-05,3133.5181661364463,1566.7590830682232,1566.7591123913996,873.711977883383,0.15
15.411681519818892,3.785727261260576,1722.9483215987138,3971.510909527458,2.7554231155354787e-05,3971.510881973227,1985.7554409866134,1985.7554685408445,1103.660200227893,0.15
14.440760332848692,4.273228858064423,1723.1351006248506,3180.515791430541,2.7259481978752e-05,3180.515764171059,1590.2578820855294,1590.2579093450115,895.9030778236041,0.15
14.360682744263835,3.3869794763989374,1722.4714533520362,2849.855398861004,2.6379038436683093e-05,2849.8553724819653,1424.9276862409827,1424.927712620021,808.7709462179847,0.15
15.10772378829859,2.5114565325490696,1721.993512636514,3775.512932199605,2.60244081686293e-05,3775.512906175197,1887.7564530875984,1887.7564791120067,1042.9255101024903,0.15
17.263594152250977,4.040790813868748,1723.0024922410637,4357.227729994279,2.841344098748088e-05,4357.227701580838,2178.613850790419,2178.61387920386,1198.0968543744862,0.15
16.33775708860384,3.3146436335572718,1722.6650106192023,4755.558711257712,2.8170153050405116e-05,4755.558683087559,2377.7793415437795,2377.7793697139327,1303.5545289720994,0.15
17.525673389499936,2.523986327480942,1722.0370565623757,5439.611703460346,2.724524250345588e-05,5439.611676215103,2719.8058381075516,2719.805865352794,1468.762986571843,0.15
16.44851870932275,1.6647228609464038,1721.539425511242,5196.947215935462,2.6499347801839505e-05,5196.947189436114,2598.473594718057,2598.473621217405,1401.4740947234066,0.15
17.786853046667623,0.8299553526216571,1720.894677540333,6122.386643524002,2.609994091291794e-05,6122.38661742406,3061.19330871203,3061.1933348119715,1630.6722221284392,0.15
16.830597542713296,0.1079754799520202,1720.414901289237,5190.3009936159415,2.530898372419061e-05,5190.300968306958,2595.150484153479,2595.1505094624627,1382.0197806357373,0.15
17.246967700963122,-1.6458586993339257,1719.061987839522,5420.906263999268,2.450196066446419e-05,5420.906239497307,2710.4531197486535,2710.4531442506145,1431.2821908614458,0.15
18.01854964551737,-0.865660559824125,1719.665993951477,6253.128522799388,2.5330624550995695e-05,6253.128497468763,3126.5642487343816,3126.564274065006,1652.9189309299616,0.15
18.217159404502706,-2.5105843412505826,1718.3594885662635,6058.974896398417,2.475020906798056e-05,6058.974871648207,3029.4874358241036,3029.487460574313,1594.619306500538,0.15
15.713828033696506,7.808405918012565,1725.4111845529646,1677.0421209727929,3.795185710895237e-05,1677.0420830209357,838.5210415104679,838.521079462325,461.3198055426779,0.1
15.984530283586531,7.254103724758984,1725.06248433708,2139.0337536329557,3.1898784997047066e-05,2139.0337217341707,1069.5168608670854,1069.5168927658704,590.4885116815464,0.1
16.46143965166346,7.851924306180128,1725.2926556751004,1456.3321345679417,3.672861582072757e-05,1456.3320978393258,728.1660489196629,728.1660856482788,394.3002506848795,0.1
15.912318176871985,8.352399859775296,1725.676139804688,1155.383333060802,6.0304049436299e-05,1155.3832727567526,577.6916363783763,577.6916966824257,313.07331289261134,0.1
15.340303214196016,8.330535432749132,1725.749181942374,1220.9844065131358,6.205193509847883e-05,1220.9843444612006,610.4921722306003,610.4922342825355,334.2543805548374,0.1
16.327181627000005,8.396810957529999,1725.61362156,1064.0516124601645,6.079338188131775e-05,1064.0515516667826,532.0257758333913,532.0258366267732,285.7918520701984,0.1
16.624090008944655,7.1607249246750735,1724.8848355463958,1874.7801472842727,3.108480161773826e-05,1874.7801161994712,937.3900580997356,937.3900891845371,513.7778567407621,0.1
16.17598596269853,6.679001112471055,1724.7107829624474,2346.17144478572,3.0288063078121423e-05,2346.1714144976568,1173.0857072488284,1173.0857375368914,656.0188228365496,0.15
16.81017905411595,6.324330388772957,1724.3885417201195,2219.296395328975,2.9194410275872007e-05,2219.296366134565,1109.6481830672824,1109.6482122616926,619.5082559567714,0.15
14.737620399718304,8.362147118186467,1725.8077720477577,1611.4204733375157,6.265984885277222e-05,1611.4204106776667,805.7102053388334,805.7102679986823,441.58459966912636,0.1
15.020651253575007,7.871571120081466,1725.514989172876,2068.2173764617914,3.81918194205162e-05,2068.217338269972,1034.108669134986,1034.1087073268054,571.8400212989284,0.1
15.384664492885149,7.421085102820113,1725.233628918856,2353.584060241044,3.403379925948103e-05,2353.5840262072447,1176.7920131036224,1176.7920471374216,653.1092734730764,0.1
13.9634867944,8.484880520739999,1725.8554662400004,2078.4900342170167,6.094065192362458e-05,2078.4899732763647,1039.2449866381824,1039.2450475788344,572.2051600527371,0.1
15.349222889384714,29.73398340913887,1718.412410559083,4570.355595057573,6.921100327460983e-05,4570.355525846569,2285.1777629232847,2285.177832134288,1117.543515762678,0.15
15.265495484946191,29.754250957672983,1718.5672576767436,5947.024878754858,0.00014313547561980433,5947.024735619382,2973.512367809691,2973.512510945167,1444.7118497424206,0.15
15.451495844785162,29.772697083044328,1718.5397145947552,5921.084236300645,0.00014497423625370155,5921.084091326409,2960.5420456632046,2960.5421906374404,1438.840779040315,0.15
15.1564186388,29.7412098193,1718.5841638600004,5995.476342824781,0.00014296192437036483,5995.476199862856,2997.738099931428,2997.7382428933524,1459.1537429799764,0.15
15.719104461543662,29.790947396838487,1718.5028618757915,4947.560273829531,0.00011750970304826196,4947.560156319828,2473.780078159914,2473.780195669617,1205.5150805802987,0.15
15.544300538089129,29.733248261481894,1718.3018402745363,4324.524139726854,5.7896552566254034e-05,4324.524081830301,2162.2620409151505,2162.2620988117033,1057.0645178390641,0.15
15.865030956548996,29.725628067501464,1718.1475272992857,4041.0049104951554,5.3785091045098965e-05,4041.0048567100644,2020.5024283550322,2020.5024821401232,985.6410019048084,0.15
16.111851312066822,29.80069841159477,1718.4544932025894,4385.894797968417,0.00010349184114059872,4385.894694476576,2192.947347238288,2192.9474507301293,1071.0572460703927,0.15
15.334844784503645,29.700662985345584,1718.258648639354,4029.674383854636,4.086276905592687e-05,4029.674342991867,2014.8371714959335,2014.8372123587023,984.373224067316,0.15
15.451296756398586,29.65795611346256,1717.984884955863,3652.212665334374,3.5266043214827405e-05,3652.212630068331,1826.1063150341654,1826.1063503002085,875.6145697558687,0.15
15.942504952106074,29.65472196960129,1717.7916557481135,3391.006358593701,3.4947858152879604e-05,3391.0063236458427,1695.5031618229214,1695.5031967707796,803.3119323456993,0.15
16.341256734788793,29.69935245720149,1717.968554715013,3722.2589660421686,4.900644388253583e-05,3722.2589170357246,1861.1294585178623,1861.1295075243063,904.2980459734302,0.15
16.6870898146951,29.78024576661276,1718.395307852836,3772.006070762182,8.839058761587428e-05,3772.005982371594,1886.002991185797,1886.0030795763848,921.5679216959845,0.15
15.655651306141424,29.574259190877864,1717.4902987663838,3213.490224407551,3.3455238889423994e-05,3213.4901909523123,1606.7450954761562,1606.745128931395,733.8266354535419,0.15
16.233032695522958,29.58113953691764,1717.406984136369,3047.277318965565,3.315642267847341e-05,3047.277285809142,1523.638642904571,1523.638676060994,695.1439470841456,0.15
17.523665633685034,29.68194384444177,1718.3322440697027,3549.0851018790654,7.878055620468681e-05,3549.0850230985093,1774.5425115492546,1774.5425903298108,877.8322195096187,0.15
16.939220375450695,29.617632239554823,1717.7134375017172,3276.771124407935,4.225969942081724e-05,3276.7710821482356,1638.3855410741178,1638.3855833338173,786.1563821841545,0.15
15.858543964526888,29.44702715720311,1716.8187529936845,2871.4143957904294,3.2831666094528104e-05,2871.4143629587634,1435.7071814793817,1435.7072143110477,644.0864519326594,0.15
21.017697399992397,27.987237446849,1717.9275981060389,1994.1173346802727,4.272784358287397e-05,1994.1172919524292,997.0586459762146,997.0586887040581,527.3345743426078,0.1
20.817374645762836,28.23463908942518,1718.4398177703683,2072.6596778926246,8.224453326153158e-05,2072.6595956480915,1036.3297978240457,1036.3298800685789,528.4022622769205,0.15
21.3997242215,27.630739481400006,1718.5756398600004,1952.1405128691224,8.008241676921428e-05,1952.1404327867056,976.0702163933528,976.0702964757696,511.87406698033965,0.15
20.322318875274703,28.503647733650205,1717.722918200919,2237.812289773496,4.299325388452269e-05,2237.8122467802423,1118.9061233901211,1118.906166383375,579.3834813981975,0.15
19.89111377504689,28.88498069517768,1718.3278965655966,2333.313947187713,7.712660341040611e-05,2333.3138700611094,1166.6569350305547,1166.6570121571583,581.3039586617501,0.15
19.356910792494613,28.976328459758257,1717.4346098186054,2662.500350109712,4.830217225494768e-05,2662.50030180754,1331.25015090377,1331.2501992059422,650.3217376152212,0.15
18.660920533286173,29.41417169930792,1718.291535581904,2904.290130934296,7.683792187413887e-05,2904.290054096374,1452.145027048187,1452.145103886109,722.1007526207023,0.15
18.061245210018853,29.36011379884973,1717.2921827745365,2889.754453395657,3.9653685940161e-05,2889.754413741971,1444.8772068709854,1444.8772465246716,680.6455741091677,0.15
16.842501531911356,29.429863357361555,1716.7952156736353,2784.00037662821,3.2273586339806095e-05,2784.0003443546234,1392.0001721773117,1392.000204450898,632.4378906847,0.15
16.184675675310764,29.21610054085812,1715.7091296213891,2860.6004332354632,3.1585638082589373e-05,2860.600401649825,1430.3002008249125,1430.3002324105507,723.017756316245,0.15
17.81953324192851,29.109310200193768,1715.8518683115035,2739.636850401094,3.159254273049242e-05,2739.636818808551,1369.8184094042756,1369.8184409968183,690.0543187912019,0.15
20.963518666593888,27.957834315143817,1717.064429074031,1994.065108913097,3.325043848687592e-05,1994.0650756626585,997.0325378313293,997.0325710817677,497.4035373221883,0.15
21.491722509321384,27.50547865573727,1717.7569754729848,1851.3768694820808,3.70703632264356e-05,1851.3768324117175,925.6884162058587,925.688453276222,493.3927188240264,0.1
18.91345743454876,28.96592095382173,1716.489304829561,2615.4066505235974,3.168984039426818e-05,2615.406618833757,1307.7033094168785,1307.7033411067189,625.1314620278288,0.15
20.04743165807125,28.473328994098477,1716.3997026481002,2527.017863982283,3.320732225106769e-05,2527.0178307749607,1263.5089153874803,1263.5089485948026,633.0042743931582,0.15
16.458240321076268,28.83571866773534,1714.0652241743398,2950.507153089145,2.962670174166972e-05,2950.5071234624434,1475.2535617312217,1475.2535913579234,836.8415433225731,0.15
17.449335410778126,28.90876672441745,1714.6687761058208,2886.8198469429926,3.025361675757296e-05,2886.819816689376,1443.409908344688,1443.4099385983047,784.6276925203466,0.15
17.87648512470671,28.570573732342734,1713.4197199660605,2999.2147882171635,2.8795279302043924e-05,2999.214759421884,1499.607379710942,1499.6074085062214,863.4486064221744,0.15
19.20868119956497,28.56863327657246,1714.842596553072,2996.3389361930817,3.055702676393891e-05,2996.338905636055,1498.1694528180276,1498.1694833750541,823.6845557319978,0.15
20.808383538152093,27.941764569640725,1715.5338509981611,2722.795161345806,3.096520760632958e-05,2722.795130380598,1361.397565190299,1361.3975961555068,755.6852856838451,0.15
21.694911506666003,27.323868136024835,1716.6494146305056,1825.621499508405,3.087580708797263e-05,1825.6214686325977,912.8107343162989,912.810765192106,486.53221195787995,0.15
22.07758427935514,27.039049613074702,1715.102345585721,2706.322041482802,2.9800526895666945e-05,2706.322011682275,1353.1610058411375,1353.1610356416645,775.7904435371022,0.1
16.540499638487738,28.426036359174542,1712.4375592321517,2940.73474420074,2.741664661942368e-05,2940.734716784093,1470.3673583920465,1470.3673858086934,863.7223444256953,0.15
16.853270917656005,27.954991239256145,1710.7770427666585,2718.7678657941306,2.563112484841561e-05,2718.7678401630055,1359.3839200815028,1359.3839457126278,809.9303419291992,0.15
17.893388748633395,28.19123703470032,1711.8802936926184,2944.64374276885,2.6760823361131375e-05,2944.643716008027,1472.3218580040134,1472.3218847648368,859.9727759475729,0.15
20.958433712388853,27.692182859714816,1713.8515743547268,3376.052786202821,2.927348519057153e-05,3376.052756929336,1688.026378464668,1688.0264077381532,973.0332318564319,0.15
19.66660836954922,27.96641116785062,1712.4135057201277,3404.24451688735,2.7507981415832343e-05,3404.2444893793686,1702.1222446896843,1702.1222721976658,977.311093937851,0.15
22.65096234194527,26.626659492673348,1713.2143604791718,3547.0914982758604,2.7774732897656645e-05,3547.0914705011273,1773.5457352505637,1773.5457630252968,1025.5422525118936,0.1
17.03972671422431,27.388489238607853,1709.0150676992064,2502.7515822270097,2.4223667015906787e-05,2502.751558003343,1251.3757790016714,1251.3758032253384,738.0677487288747,0.15
21.6657979218972,27.12198960147981,1712.0283196247417,3877.656924657613,2.705192845478252e-05,3877.6568976056847,1938.8284488028423,1938.8284758547709,1106.1461086661145,0.15
23.296028373357014,26.12664941884949,1711.3270164979456,4022.7957305078658,2.610418684236526e-05,4022.795704403679,2011.3978522018394,2011.3978783060263,1138.517794570825,0.15
22.231503308385246,26.567192292408546,1710.1461407406864,4114.029941870592,2.5605552590684405e-05,4114.029916265039,2057.0149581325195,2057.0149837380723,1138.2798296895808,0.15
18.89715679854079,27.58806489883548,1710.1722150428293,2883.8612840730616,2.5188830043620696e-05,2883.8612588842316,1441.9306294421158,1441.9306546309458,835.5336530319349,0.15
20.654929995570782,27.29159808324561,1710.6723655279882,3676.512568544781,2.606558205410372e-05,3676.512542479199,1838.2562712395995,1838.2562973051815,1036.182278116963,0.15
20.61647119928241,26.84168088540134,1708.8590395845467,3391.4946185353024,2.4398327253876425e-05,3391.494594136975,1695.7472970684876,1695.7473214668148,937.5237436367966,0.15
23.96201804103324,25.53157505781448,1709.4700086729797,4241.387645651198,2.491644641514551e-05,4241.387620734751,2120.6938103673756,2120.6938352838224,1161.1961639036915,0.15
24.615419210155437,24.830276303290425,1707.6472845851729,4323.745603361273,2.402206123045992e-05,4323.745579339212,2161.872789669606,2161.8728136916675,1154.0499503761985,0.15
22.886098182798467,25.854501356002835,1708.170390920028,4140.974203541567,2.4359236751211804e-05,4140.97417918233,2070.487089591165,2070.4871139504016,1112.236819174602,0.15
21.11313254646743,9.915945518417574,1724.1221994480304,3159.728399454268,3.690203080620873e-05,3159.7283625522373,1579.8641812761186,1579.8642181781495,827.9786544511104,0.15
21.148836675768628,10.499687793708894,1724.35419678502,2253.922797576375,6.172621420964844e-05,2253.9227358501607,1126.9613679250804,1126.9614296512948,593.0752583345281,0.1
20.621680336069016,10.069613740306975,1724.559071479518,1996.075010327064,6.022105220887349e-05,1996.0749501060118,998.0374750530059,998.0375352740582,524.4916378694872,0.1
21.4568523543,10.792864131699998,1724.22042867,2497.221516687833,6.0820810564820034e-05,2497.2214558670225,1248.6107279335113,1248.610788754322,656.7818799166793,0.1
21.68850352372908,10.26918010954784,1723.804270890926,3737.5033439978033,3.470798968804705e-05,3737.503309289814,1868.751654644907,1868.7516893528964,978.6088598080578,0.15
21.353911129573746,9.504626336668228,1723.7553702886369,4350.2819274815865,3.10522481637616e-05,4350.281896429338,2175.140948214669,2175.1409792669174,1134.4666001699243,0.15
21.98020090500013,9.6216192999057,1723.2998552212669,4777.363402883321,2.8406106880612e-05,4777.363374477214,2388.681687238607,2388.681715644714,1242.1951255927058,0.15
16.327181627000005,8.396810957529999,1725.61362156,1064.0811826936858,6.079536297881536e-05,1064.0811218983229,532.0405609491614,532.0406217445244,285.79981936984444,0.1
16.98028763845049,8.510662323222762,1725.5004185260914,1057.0247926329257,5.752284583364817e-05,1057.02473511008,528.51236755504,528.5124250778857,280.91913701945987,0.1
19.86347267501565,9.57930064092788,1724.8106955709386,1936.267501728745,5.575669718088933e-05,1936.2674459720477,968.1337229860238,968.1337787427211,504.5928853968528,0.1
20.58453533822726,9.129673954505442,1724.1430362019044,3395.9402319582928,3.346283647199608e-05,3395.940198495456,1697.970099247728,1697.9701327105647,891.0869613526054,0.1
16.99880054505441,7.678239288113041,1725.0623220499017,1572.7317919895286,3.383529679929554e-05,1572.7317581542318,786.3658790771159,786.3659129124127,415.9868448018598,0.1
17.569754228162097,7.09034930314422,1724.5830060626452,1743.6874739790048,2.9620468018569576e-05,1743.6874443585368,871.8437221792684,871.8437517997364,463.808999910676,0.1
17.82483924289488,8.728998731532625,1725.330164644945,1123.3980367672546,5.635647243037132e-05,1123.397980410782,561.698990205391,561.6990465618635,296.3375073601308,0.1
17.570401212876092,7.924343373653378,1725.0113840665622,1554.1474193306294,3.4941127159217526e-05,1554.1473843895023,777.0736921947512,777.0737271358782,403.6049036315791,0.1
17.880821917876982,6.096938596336128,1723.963699310837,2175.719537044224,2.8188520486293183e-05,2175.7195088557037,1087.8597544278518,1087.8597826163723,602.8728562867979,0.15
21.38980693427129,8.743243433376053,1723.3993963595126,3962.7937066346735,2.801216584939288e-05,3962.7936786225077,1981.3968393112539,1981.3968673234197,1035.079332196938,0.15
22.34137183339962,8.838320216382282,1722.6989772544105,3193.073321226744,2.592110841667481e-05,3193.073295305636,1596.536647652818,1596.5366735739262,842.7469925824629,0.15
21.594487398812134,7.610946890551983,1722.7613805506369,2902.6004491912577,2.7079606687036417e-05,2902.600422111651,1451.3002110558255,1451.3002381354322,794.5391654560995,0.15
18.47436441086612,7.917677522049058,1724.6669718444673,1994.2073722024293,3.32641201940921e-05,1994.207338938309,997.1036694691545,997.1037027332748,509.2036147315064,0.1
18.857040135412177,9.09577530415613,1725.0885430979888,1433.9539571521582,5.56047901691708e-05,1433.953901547368,716.976950773684,716.9770063784741,373.4786648840658,0.1
20.58164186668893,7.908342021657976,1723.5777792502256,3309.1117140494457,2.7656681919913065e-05,3309.1116863927637,1654.5558431963818,1654.5558708530639,872.4532370308389,0.15
19.608717172246944,8.485052876381237,1724.4154714293911,2912.033422120061,3.305073205201958e-05,2912.033389069329,1456.0166945346646,1456.0167275853964,750.7852895369863,0.1
19.50790222079497,7.239765449179617,1723.860725595956,2574.507931803806,2.6859740702358536e-05,2574.5079049440656,1287.2539524720328,1287.2539793317733,681.3992700534842,0.15
18.49019408752251,6.831813218670623,1724.1161906665163,1911.6429302097813,2.7440197610604517e-05,1911.6429027695838,955.8214513847919,955.8214788249894,515.5849564627015,0.15
20.453236281662125,6.36734541331746,1722.9335561227583,3070.70712245737,2.6833067918936506e-05,3070.7070956243024,1535.3535478121512,1535.353574645219,838.9798874277478,0.15
19.027431673402607,6.032091812942625,1723.4884733085355,2700.1946353434337,2.636300993030727e-05,2700.1946089804237,1350.0973044902119,1350.0973308532218,732.8171733304292,0.1
18.21875437315593,4.9737915356985365,1723.2561997007426,3388.243663613568,2.774613313047342e-05,3388.243635867435,1694.1218179337175,1694.1218456798506,924.7102803273237,0.1
19.784864125819038,4.740924747560989,1722.4915363433547,3820.578878171669,2.6213265984461376e-05,3820.578851958403,1910.2894259792015,1910.2894521924677,1038.7619240872714,0.1
22.806091780361378,7.846588041831996,1721.9440519755658,2186.204859019456,2.6331287763239685e-05,2186.204832688168,1093.102416344084,1093.1024426753718,633.2568606411921,0.15
22.01001419015848,6.265766559465788,1721.8832231267231,3036.060804751079,2.5764619815132056e-05,3036.0607789864594,1518.0303894932297,1518.0304152578494,854.808987180615,0.15
21.03833739358979,5.087877765166815,1721.9840721925807,3623.722532821889,2.5860892812632344e-05,3623.7225069609963,1811.8612534804981,1811.861279341391,994.8782339981142,0.1
18.87808604228333,3.6102732641675632,1722.2857435073429,4493.051491860555,2.635562612324097e-05,4493.051465504929,2246.5257327524646,2246.5257591080904,1218.6342125184003,0.15
20.610674642392567,3.40416086133196,1721.397447844524,4373.761802510883,2.5320480481689827e-05,4373.761777190402,2186.880888595201,2186.880913915682,1182.3500144583247,0.15
23.43855866414281,6.518926639966584,1720.9268228566596,2537.288933149533,2.4666382357061662e-05,2537.288908483151,1268.6444542415754,1268.6444789079576,743.2582563435074,0.1
22.32694337046781,4.547895797973802,1720.8988495068704,3502.637959434392,2.451905218212161e-05,3502.63793491534,1751.31896745767,1751.3189919767221,972.7510971665617,0.15
19.73470777709014,-2.8417033734568027,1717.842320656157,6203.872589908727,2.3894533484428717e-05,6203.872566014194,3101.936283007097,3101.93630690163,1634.9414552399348,0.15
19.956976504722928,-1.4704425426376078,1718.7952786872656,6367.293360538247,2.422503407795914e-05,6367.293336313212,3183.646668156606,3183.6466923816406,1681.135393505313,0.15
20.874014539684072,-2.4244668431573078,1717.7687307785552,5968.220453556001,2.346541062670941e-05,5968.2204300905905,2984.1102150452953,2984.110238510706,1577.4529113867638,0.15
21.88948683923636,-1.1961753465619904,1718.1127341797794,5387.865325523381,2.326331885506812e-05,5387.865302260062,2693.932651130031,2693.93267439335,1431.0412673444057,0.15
19.521903743866307,0.3408363154207739,1720.1453248962534,6013.930079156628,2.4894213913390577e-05,6013.930054262414,3006.965027131207,3006.9650520254213,1595.4126784953014,0.15
21.32061192494546,0.148908989595506,1719.2449286011722,5340.36741283268,2.3835818351776356e-05,5340.367388996862,2670.183694498431,2670.183718334249,1419.5391216010864,0.15
23.025317655741517,0.1791182610483561,1718.233087225032,4364.27966348593,2.298707121877065e-05,4364.2796404988585,2182.1398202494292,2182.1398432365004,1171.511070822531,0.15
20.79527400784771,1.667419309548308,1720.380901113929,5072.754215542239,2.4534563586714822e-05,5072.754191007675,2536.3770955038376,2536.3771200384012,1355.783355515606,0.15
19.21898870651111,1.970325446923452,1721.2380555655393,5548.671299872897,2.5676712928536084e-05,5548.671274196185,2774.3356370980923,2774.335662774805,1484.9389562107867,0.15
22.349260837471416,1.526460688606758,1719.4123007476976,4279.014067986634,2.361730884486872e-05,4279.014044369324,2139.507022184662,2139.5070458019713,1150.6250167435803,0.15
21.90383019728946,2.6915258346652733,1720.2916250563048,4208.066984484006,2.471956478936972e-05,4208.066959764441,2104.0334798822205,2104.0335046017854,1139.3502147093534,0.15
23.24132861204941,3.164356461309687,1719.6135865851886,3285.288435236588,2.344726134876332e-05,3285.288411789327,1642.6442058946634,1642.6442293419248,909.6761481781198,0.15
24.021750271339943,1.807630334042601,1718.3723389745126,3486.2585038902166,2.280383786115507e-05,3486.2584810863787,1743.1292405431893,1743.1292633470273,955.3411395245811,0.15
24.161060534667584,5.039124611902006,1719.7566939795845,2729.204710533831,2.356152633690299e-05,2729.204686972305,1364.6023434861524,1364.6023670476786,793.0028550819128,0.15
24.917873385635342,3.541432186178676,1718.4912873767569,2941.532101677122,2.2886044950695344e-05,2941.532078791077,1470.7660393955384,1470.7660622815833,832.3037364220808,0.15
25.6745191678028,2.1136924757584303,1717.146246060003,3392.865391093128,2.2827462125973177e-05,3392.865368265666,1696.432684132833,1696.432706960295,940.4437571866849,0.15
22.168109347070505,-2.78031438813586,1716.8770485233692,5623.0230421166825,2.3035277154043102e-05,5623.023019081405,2811.5115095407027,2811.51153257598,1491.9406720829393,0.15
24.789013550161776,0.2934982773720715,1716.951055580971,3634.1064455734463,2.2420089544672365e-05,3634.106423153357,1817.0532115766785,1817.0532339967679,993.3956757099205,0.15
23.63989874387573,-1.3811279037827098,1716.8666980451146,4485.091884636136,2.2530288949939214e-05,4485.091862105846,2242.545931052923,2242.5459535832124,1204.3333698509648,0.15
20.37802663606818,-3.732966589344611,1716.9291645501862,6315.044808916624,2.369300019979782e-05,6315.044785223624,3157.522392611812,3157.522416304812,1664.8711485429772,0.15
26.423783333770423,0.793632982506868,1715.6925578954897,3596.0132984087777,2.242065056088158e-05,3596.013275988127,1798.0066379940636,1798.0066604147141,991.7528940482766,0.15
20.114587454462107,-4.720761324211168,1716.1291048861112,6053.719531039414,2.341290397214198e-05,6053.71950762651,3026.859753813255,3026.8597772261587,1596.122477028375,0.15
20.76305644706653,-5.5872318076152725,1715.0964733617602,6002.066346975985,2.3083851983000973e-05,6002.0663238921325,3001.0331619460662,3001.0331850299185,1584.752229994507,0.15
25.312823399628137,-1.28904932513534,1715.5299749806716,3921.140022562208,2.202219366837357e-05,3921.140000540014,1960.570000270007,1960.5700222922007,1068.1913205093197,0.15
27.16731692090581,-0.3892926346372864,1714.1210053009,3700.369326473539,2.202867253295839e-05,3700.3693044448664,1850.1846522224332,1850.1846742511057,1017.5943961338602,0.15
26.412920539733125,-2.3049696850535413,1713.696783453827,3908.478885833045,2.1679017735479e-05,3908.478864154027,1954.2394320770136,1954.2394537560313,1068.4502550409811,0.15
27.908836360640223,-1.4033044509456314,1712.4336887826869,3505.869056220845,2.1718394688034877e-05,3505.86903450245,1752.934517251225,1752.9345389696198,964.7650463987094,0.15
21.90555440837128,-4.167495606096678,1715.928357968197,5917.583945607314,2.3179553681297204e-05,5917.58392242776,2958.79196121388,2958.7919843934337,1567.279279246382,0.15
23.71942896879578,-2.937262285150174,1715.745681982217,5021.792623014714,2.2527410023066734e-05,5021.792600487304,2510.896300243652,2510.896322771062,1343.386334263886,0.15
24.976482155645368,-3.1318691264213334,1714.5554163912125,4490.5529693964345,2.203643587321637e-05,4490.552947359999,2245.2764736799995,2245.276495716435,1212.958771788006,0.15
23.91923340508257,-4.362914419555391,1714.4699703818612,5176.30946221939,2.2488983799636746e-05,5176.309439730407,2588.1547198652033,2588.154742354187,1385.8867139293586,0.15
25.51738302596323,-4.339005196873615,1713.0536708467437,4634.819163837063,2.1745319962048897e-05,4634.819142091743,2317.4095710458714,2317.4095927911912,1251.715367688775,0.15
22.716270927912948,-5.671849801838472,1714.1129082388593,5796.227447649432,2.277245195605345e-05,5796.22742487698,2898.11371243849,2898.113735210942,1539.3325929731752,0.15
21.71643012772848,-6.750616356478351,1713.5068055482209,5800.066762687882,2.2517662313642344e-05,5800.066740170219,2900.0333700851097,2900.0333926027724,1535.8703442069536,0.15
24.150720861740027,-5.511189454932439,1713.2497519838882,5344.526461706506,2.206655613077346e-05,5344.52643963995,2672.263219819975,2672.263241886531,1428.9883010643896,0.15
22.496899409750228,-7.724606915131123,1711.9878154678893,5693.322301265022,2.224275791566401e-05,5693.322279022264,2846.661139511132,2846.66116175389,1510.7303005119488,0.15
24.990264992513765,-5.999216657447777,1712.0162650861816,5164.429110377163,2.198601859309725e-05,5164.429088391144,2582.214544195572,2582.2145661815907,1384.957110485771,0.15
23.42962738284774,-6.598560480770838,1712.6941924382518,5638.793618937983,2.215908680348049e-05,5638.793596778896,2819.396798389448,2819.3968205485353,1501.4353498836927,0.15
24.241072949056527,-7.31994044727461,1711.245565330338,5448.9846213966375,2.1721857260927285e-05,5448.98459967478,2724.49229983739,2724.4923215592476,1454.1058932873677,0.15
23.399009339153217,-8.530966200885366,1710.3814820552886,5546.546985411272,2.198156561313602e-05,5546.546963429706,2773.273481714853,2773.2735036964186,1473.9203869398489,0.15
25.9552573369672,-6.553997734636258,1710.3883055110025,4973.670151865995,2.1295934939639087e-05,4973.67013057006,2486.83506528503,2486.835086580965,1337.265265466002,0.15
25.21713081063532,-7.959772770715181,1709.5139407039196,5267.049093610686,2.159218921275119e-05,5267.049072018497,2633.5245360092485,2633.5245576014377,1408.3746787121818,0.15
27.225562299837065,-3.3112877353409327,1711.9090978186878,3849.54470742298,2.1417666615152603e-05,3849.5446860053135,1924.7723430026567,1924.7723644203234,1053.2820607991207,0.15
28.65215740474757,-2.213056329743776,1710.6404194227214,3031.977962334238,2.125687181204468e-05,3031.9779410773663,1515.9889705386831,1515.9889917955547,835.0142561356059,0.15
26.60795616045653,-5.047807788158208,1711.161331018592,4363.589936912844,2.1407194453125047e-05,4363.5899155056495,2181.7949577528248,2181.794979160019,1182.5709989890706,0.15
28.09580751704599,-3.909563396246078,1710.1058493635785,3660.386173882546,2.115322348887241e-05,3660.3861527293225,1830.1930763646612,1830.1930975178846,1001.8951010377122,0.15
24.41881237672441,-9.174480984460684,1708.625030864717,5335.301061026777,2.128641454580668e-05,5335.301039740362,2667.650519870181,2667.6505411565954,1420.2781796912936,0.15
29.40122861003669,-2.7837539613840203,1708.7601354182357,2628.416354666756,2.0536325898991663e-05,2628.41633413043,1314.208167065215,1314.2081876015409,723.3830057447062,0.15
27.5211280858466,-5.5527916782751285,1709.377230752225,4250.88896384238,2.1069430541023136e-05,4250.888942772949,2125.4444713864746,2125.444492455905,1153.5483661145481,0.15
26.892926557429668,-7.089336043978287,1708.5304119065197,4744.979985404947,2.100388843571615e-05,4744.979964401058,2372.489982200529,2372.490003204418,1276.9107296873592,0.15
26.2210174907241,-8.376304385956635,1707.7384516272846,5026.095204326149,2.108277110697073e-05,5026.0951832433775,2513.0475916216888,2513.04761270446,1346.4393223810819,0.15
28.92898110076069,-4.43146248065892,1708.1326092556324,3294.0071119937093,2.0329795202771813e-05,3294.0070916639143,1647.0035458319571,1647.0035661617521,898.8115389886626,0.15
24.373821021264845,23.110817009131903,1719.4848899883295,2221.6447352867503,4.634459407962606e-05,2221.6446889421563,1110.8223444710782,1110.8223908156722,601.6482126745371,0.1
24.3612738328,22.9838139479,1719.7952513900004,2231.436790072241,8.467226580005996e-05,2231.436705399975,1115.7183526999875,1115.7184373722534,597.4674575434458,0.1
24.53318047715825,22.882111834747857,1719.5161864408246,2173.257275904143,4.397998614705177e-05,2173.257231924157,1086.6286159620786,1086.6286599420646,588.8418021759461,0.1
24.14477341642925,23.31537727493598,1719.7088268551595,2266.0111610350923,7.80431199906974e-05,2266.011082991972,1133.005541495986,1133.0056195391062,607.8858414833742,0.1
24.51175133878052,23.060879912075848,1719.2011710000556,2310.771071849482,3.4124155062987814e-05,2310.7710377253266,1155.3855188626633,1155.3855529868185,641.0546356300966,0.1
24.2021026650324,23.48987536756856,1719.1367206279629,2401.104776967363,3.606943695383948e-05,2401.1047408979257,1200.5523704489628,1200.5524065184,666.4923421514843,0.1
23.81820291147448,23.793389008553703,1719.5858877173505,2272.920473522255,7.229707713939364e-05,2272.920401225178,1136.460200612589,1136.4602729096662,607.2812471543589,0.1
24.778301897147625,22.741466166223173,1719.1359590591996,2349.4641707296582,3.200283869358243e-05,2349.4641387268193,1174.7320693634097,1174.7321013662486,666.1975835075757,0.1
21.701882957301372,27.211795440791512,1718.6815639237311,1873.62134286378,7.907281594061807e-05,1873.6212637909641,936.8106318954821,936.8107109682979,501.7080040494683,0.1
21.811050277429203,27.10183325070504,1718.1924882681246,1892.15333970012,4.31603545132509e-05,1892.1532965397653,946.0766482698826,946.0766914302372,518.9265928564296,0.1
21.3997242215,27.630739481400006,1718.5756398600004,1853.95818608354,7.777658528559462e-05,1853.9581083069547,926.9790541534774,926.9791319300627,494.3408423754994,0.15
22.13609196460395,26.47535454957912,1718.878874362133,1910.9467462661407,7.302675439129603e-05,1910.9466732393864,955.4733366196932,955.4734096464475,519.4662761209024,0.1
23.914544215455106,24.064896721203496,1718.6637500001143,2439.5038898561284,3.325415238187166e-05,2439.503856601976,1219.751928300988,1219.7519615551403,699.3388852614221,0.1
23.3462020774724,24.48311937771032,1719.4085873737174,2246.599483685504,6.460088648283512e-05,2246.5994190846172,1123.2997095423086,1123.2997741431952,605.775941996246,0.1
22.12541946076125,26.757815537453755,1717.7341643836112,1826.9932321006304,3.5389155014578406e-05,1826.9931967114753,913.4965983557377,913.4966337448927,508.8795114496478,0.1
22.6161714514093,25.979526239558165,1718.165303903537,2215.987010886435,3.695586582157417e-05,2215.9869739305695,1107.9934869652848,1107.9935239211504,646.2201833671285,0.1
22.715312965894157,25.467786583950986,1719.1505403076778,2023.5324932640224,6.758294632753239e-05,2023.5324256810761,1011.7662128405381,1011.7662804234843,545.5344237364083,0.1
24.62947513564985,23.137820707609155,1718.7171808457667,2291.93335392502,2.897628260968023e-05,2291.9333249487377,1145.9666624743688,1145.9666914506513,665.5353964485552,0.1
24.406789502725992,23.579287311286237,1718.3719256496129,2147.0174394911664,2.7169792579651355e-05,2147.0174123213737,1073.5087061606869,1073.5087333304796,633.564022800316,0.25
25.12376017509304,22.54592632966083,1718.6236780672,1972.0990738210485,2.8461368421890395e-05,1972.09904535968,986.04952267984,986.0495511412084,586.2099384301575,0.25
24.92578217459133,23.175234085869757,1717.8564216267885,1368.5082684639217,2.624713206443837e-05,1368.5082422167895,684.2541211083948,684.2541473555269,410.11050275257656,0.25
25.59180146618607,22.28011371288138,1717.9608004671404,1312.6524620112036,2.7068877543527217e-05,1312.6524349423262,656.3262174711631,656.3262445400405,398.3265999117871,0.1
23.35509133760324,25.074780638153435,1717.968471850775,2156.9913192772037,3.140287072870883e-05,2156.991287874333,1078.4956439371665,1078.4956753400372,636.3174579032561,0.25
24.277243036705347,24.06335983250076,1717.6524306751328,1325.0535276472845,2.536680984396398e-05,1325.0535022804745,662.5267511402373,662.5267765070472,397.76045324223605,0.25
22.90771471189014,26.04026486618872,1716.7095102382616,1463.3378493028108,2.7987249892248046e-05,1463.3378213155609,731.6689106577804,731.6689386450304,409.9158019990349,0.1
26.13308217232155,21.962042832657207,1717.2227746949286,1755.9120863100627,2.776319717707236e-05,1755.9120585468656,877.9560292734328,877.9560570366299,505.1472080685669,0.1
25.794207895935056,22.667384222719004,1716.6584874655623,1610.6224683453988,2.70926354893224e-05,1610.6224412527633,805.3112206263817,805.3112477190172,462.70161306285695,0.1
26.1818865003455,22.612476120777917,1715.7167851943514,2297.638315845435,2.7008958318084917e-05,2297.638288836477,1148.8191444182385,1148.8191714271966,665.6409592624285,0.1
25.61832318615371,23.23737088359388,1715.8294490954745,1929.4596645581005,2.687321410616044e-05,1929.4596376848863,964.7298188424431,964.7298457156573,557.9602561744916,0.1
24.972582445936485,23.66493737830668,1716.6391056577377,1141.303894036872,2.7015486753455347e-05,1141.3038670213853,570.6519335106926,570.6519605261793,329.5405163714727,0.1
25.090068538058627,23.97924789472876,1715.4679172780036,1937.579650193229,2.654744418790729e-05,1937.579623645785,968.7898118228925,968.7898383703366,564.6341928027704,0.1
26.70692478010404,21.60344109880291,1716.4597860600015,2647.531695278394,2.7840566326338748e-05,2647.5316674378278,1323.7658337189139,1323.7658615594803,755.8303532776958,0.1
24.00858306152065,24.99727687784584,1716.0332326139062,1495.1762496910826,2.731224480268207e-05,1495.1762223788378,747.5881111894189,747.5881385016637,431.8624189321716,0.1
27.40447271721404,21.12584307430335,1715.5437629314677,3626.527029279878,2.735003218128958e-05,3626.527001929846,1813.263500964923,1813.2635283149552,1033.4335460471943,0.1
26.717539237109463,22.18485433703261,1715.178064501502,2817.171594630116,2.6439961767156413e-05,2817.171568190154,1408.585784095077,1408.585810535039,812.3575140471822,0.1
24.796787635843195,24.61879748055121,1714.3667809420374,2421.677264268077,2.6600544684489023e-05,2421.6772376675326,1210.8386188337663,1210.8386454343108,710.1356150048849,0.1
23.367247313838277,25.929158168611032,1714.8778716917975,2454.451567149425,2.8014603811049865e-05,2454.4515391348214,1227.2257695674107,1227.2257975820144,713.6884853757963,0.1
26.04218610498341,23.23548887210964,1714.502214908316,2491.0045139562008,2.595004714421581e-05,2491.0044880061537,1245.5022440030768,1245.502269953124,727.3337611907433,0.1
27.33513277567504,21.923298365047447,1713.8833349530262,3262.575909870033,2.52245145957566e-05,3262.5758846455183,1631.2879423227591,1631.2879675472736,944.1343582885814,0.1
28.295064656059264,20.421924536032428,1714.3662774834338,4695.403771061249,2.6479088898715936e-05,4695.4037445821605,2347.7018722910802,2347.701898770169,1304.4806548244048,0.15
29.229762810383484,19.533125821215982,1713.0908977410754,5466.856210437086,2.59089712951136e-05,5466.856184528115,2733.4280922640573,2733.4281181730285,1488.1242347178406,0.15
28.439886051256003,20.925393791699577,1712.6084220319642,4217.487524647167,2.462479417556511e-05,4217.487500022373,2108.7437500111864,2108.743774635981,1177.0412744475607,0.15
27.512134112364517,22.26768060432405,1711.9471299120505,3242.255476684796,2.4547317109834435e-05,3242.255452137479,1621.1277260687395,1621.1277506160566,935.5692420263389,0.15
28.564216412732858,21.20785948595172,1710.8821568245155,3782.0681528766286,2.365041650885849e-05,3782.068129226212,1891.034064613106,1891.0340882635226,1048.432784470185,0.15
25.34092879337704,24.56401423149268,1709.4995350126435,3900.756274955704,2.4296559633776734e-05,3900.7562506591444,1950.3781253295722,1950.378149626132,1072.722450426864,0.15
29.37124742970632,19.89731596969518,1711.5908351018834,4904.781216333674,2.420974293718312e-05,4904.781192123931,2452.3905960619654,2452.3906202717085,1335.1778190071393,0.15
30.027831638778387,18.608628746499207,1711.940370288987,5970.080727962956,2.5102758660711653e-05,5970.080702860198,2985.040351430099,2985.0403765328574,1607.9840248483233,0.15
29.44435760241428,20.174287027596343,1709.9980169486812,4461.179837407532,2.331695447586959e-05,4461.179814090578,2230.589907045289,2230.5899303622436,1209.369111789846,0.15
30.10427109342138,18.940167031744892,1710.7523739114763,5522.324926051286,2.4011953529814356e-05,5522.324902039332,2761.162451019666,2761.1624750316196,1484.4387259834214,0.15
30.29595754721758,18.949738913834988,1709.359816784531,5285.573430317395,2.3274025891032226e-05,5285.573407043369,2642.7867035216846,2642.7867267957104,1415.5271439931007,0.15
30.59793820565598,18.187743446762628,1710.1450996280068,5975.671071479546,2.3982333572982887e-05,5975.671047497212,2987.835523748606,2987.83554773094,1597.2754861472818,0.15
30.61665369344,17.769883054514086,1711.0246346134882,6260.568746843572,2.4791203161579835e-05,6260.568722052369,3130.2843610261843,3130.2843858173874,1674.6237765824342,0.15
29.59409216861412,20.141008273669595,1708.4294500801,4282.396613834981,2.269886444436714e-05,4282.3965911361165,2141.1982955680583,2141.1983182669223,1150.9535905837338,0.15
31.054117327003983,17.016501153501338,1710.2868169100009,6527.337939762101,2.511916758072146e-05,6527.337914642933,3263.6689573214667,3263.6689824406344,1738.6045916761693,0.15
30.94799974873356,17.718339183727892,1709.2534771183437,6091.622404579888,2.3821334970497345e-05,6091.622380758553,3045.8111903792765,3045.8112142006116,1622.5948090103022,0.15
30.51236035989165,18.75054215779752,1708.0645444083862,5161.777045028316,2.259267895596244e-05,5161.777022435637,2580.8885112178186,2580.8885338104974,1375.5639466703374,0.15
25.432788793641603,24.28770807569542,1712.88852765517,2899.6715158169463,2.541719361484309e-05,2899.6714903997527,1449.8357451998763,1449.83577061707,848.2435572880096,0.1
24.7263055372543,25.08012587067644,1711.220606933136,3604.705438881895,2.5202115042267725e-05,3604.70541367978,1802.35270683989,1802.352732042005,1030.9135652404334,0.15
24.08027718784457,25.51349149358523,1713.0485786641475,3213.651753664476,2.645344247974129e-05,3213.6517272110336,1606.8258636055168,1606.8258900589592,933.6174834819616,0.1
26.57153484446532,23.109196743804556,1712.8839142004654,2912.4038347474334,2.4923997693184838e-05,2912.4038098234355,1456.2019049117177,1456.2019298357156,852.7564700593699,0.1
26.313003035870288,23.68233832589415,1711.0382366393062,3191.680756497376,2.419724447903573e-05,3191.6807323001317,1595.8403661500658,1595.8403903473102,917.535872041818,0.15
27.58203018590339,22.482566945534774,1710.0001238416444,3314.623344929652,2.345594483984348e-05,3314.623321473707,1657.3116607368536,1657.3116841927983,927.4847053169605,0.15
26.51049876006524,23.56993175166031,1709.3094210380373,3561.03671678464,2.3927667627304047e-05,3561.036692856972,1780.518346428486,1780.5183703561538,981.760752019429,0.15
28.57934346223407,21.41368374042009,1709.1169140833738,3670.232733664363,2.3080568674507684e-05,3670.2327105837944,1835.1163552918972,1835.1163783724658,1001.9350259801107,0.15
27.434238545343558,22.641055402407407,1707.7688020079695,3712.89462261061,2.327039274303038e-05,3712.894599340217,1856.4472996701086,1856.4473229405014,999.7861640370609,0.15
25.656072453751857,17.113365711845038,1720.9800404141913,3072.2530931467336,3.455035878796871e-05,3072.253058596375,1536.1265292981875,1536.126563848546,828.3440116690754,0.15
25.1971861484,17.952386737200005,1721.38798394,1520.5646933589398,5.586953845060212e-05,1520.5646374894013,760.2823187447007,760.2823746142392,408.38654594621147,0.1
24.96264503960847,16.758199597175093,1721.8157333328384,1567.5014769970585,5.485202181133709e-05,1567.5014221450367,783.7507110725184,783.7507659245401,420.5849062361731,0.1
22.311535822100502,10.406897695744204,1723.3130689086545,4989.793761058822,3.000608856685934e-05,4989.793731052734,2494.896865526367,2494.8968955324553,1300.336753671881,0.15
21.97515955364499,10.805828331390282,1723.75940473311,3322.758483191438,3.824994365576431e-05,3322.758444941494,1661.379222470747,1661.3792607206908,868.6293283357442,0.15
21.4568523543,10.792864131699998,1724.22042867,2390.3393679587643,6.28046229473491e-05,2390.3393051541416,1195.1696525770708,1195.1697153816935,627.7246542176589,0.1
21.902892407238006,11.286113867439276,1724.0036694126318,2452.4979245409195,6.113620703987891e-05,2452.4978634047125,1226.2489317023562,1226.2489928385633,645.4290277584444,0.1
22.45259759343309,11.238208474552795,1723.4727991467198,3836.269773316577,3.460359533548812e-05,3836.2697387129815,1918.1348693564908,1918.1349039600861,1001.8159870306424,0.15
22.46536023366074,11.99538632728913,1723.7010241008195,2479.000067797232,5.956362637825492e-05,2479.0000082336055,1239.5000041168028,1239.5000636804293,653.1173677981946,0.1
23.10047047825302,10.921033997220228,1722.7873599921072,5384.592626333622,2.767539432765161e-05,5384.592598658228,2692.296299329114,2692.2963270045084,1397.4591403963823,0.15
23.09200064804616,12.88837396659128,1723.3293738494822,2404.330295767154,5.628211201723178e-05,2404.330239485042,1202.165119742521,1202.165176024633,635.4736918234611,0.1
23.792690953598186,12.634324985628432,1722.6150947480348,4191.040123862697,3.17872943451193e-05,4191.040092075403,2095.5200460377014,2095.520077824996,1095.396463081057,0.15
23.658286001114227,13.796009218961483,1722.9597024138477,2221.7122903576587,5.4456150478346094e-05,2221.7122359015084,1110.8561179507542,1110.8561724069045,589.5069873574356,0.1
23.14438440812114,11.837781729762382,1723.0141266774065,4167.694838628414,3.25359591783802e-05,4167.694806092455,2083.8474030462276,2083.8474355821863,1085.1487257504316,0.15
24.358151332169555,13.634117452195294,1722.2809297249764,3797.7783809298176,3.307628009036068e-05,3797.7783478535375,1898.8891739267688,1898.8892070030488,990.5088567769,0.15
24.45503348545333,12.559561879341604,1722.0100187501655,5543.07371677973,2.8093199792084708e-05,5543.07368868653,2771.536844343265,2771.536872436465,1443.8387922101351,0.15
24.173091620995613,14.73584092708605,1722.5851311556626,2055.69698443052,5.364536953753049e-05,2055.6969307851505,1027.8484653925752,1027.8485190379447,546.6149257976987,0.1
24.974212301763654,14.62724863914876,1721.81677923471,3824.5449745545807,3.29058523649283e-05,3824.544941648728,1912.272470824364,1912.2725037302166,1007.6793207542972,0.15
24.618490933778634,15.719511582413636,1722.2038503196884,1785.0014027957286,5.346142493052868e-05,1785.0013493343038,892.5006746671519,892.5007281285767,476.1521951165545,0.1
25.417850657856093,15.865040251751113,1721.3887900916536,3478.490237259502,3.4155064493041144e-05,3478.4902031044376,1739.2451015522188,1739.2451357072832,926.7606753594821,0.15
26.18898505266987,16.117414921951546,1720.4993073307826,4486.6313903117325,3.0138981320251667e-05,4486.631360172752,2243.315680086376,2243.3157102253567,1203.5538211304029,0.15
23.999940184460424,11.52968295631046,1722.1723674370496,5224.522720742213,2.638264162044217e-05,5224.522694359572,2612.261347179786,2612.2613735624273,1355.690285025516,0.15
23.56912471641201,10.358092834751718,1722.2093757773348,3748.1114935161736,2.4625694523371247e-05,3748.111468890479,1874.0557344452395,1874.055759070934,972.1266997069224,0.15
24.501754686595927,10.33918759649384,1721.4253885147598,2675.952614569937,2.55984737374643e-05,2675.9525889714632,1337.9762944857316,1337.9763200842053,714.1345581437768,0.15
22.854216663176445,9.875109189685402,1722.6575290629758,4342.410457087882,2.6043368683997375e-05,4342.410431044513,2171.2052155222564,2171.2052415656253,1127.7574585250356,0.15
23.58667632486428,9.11432878278852,1721.786937130573,2084.149913569304,2.5728494187843037e-05,2084.1498878408097,1042.0749439204048,1042.074969648899,582.8820772433467,0.15
25.34691377127353,13.20402395913914,1721.3262108645076,4763.386837692737,2.6978411365311493e-05,4763.386810714325,2381.6934053571626,2381.693432335574,1251.1983553229543,0.15
26.629634566542983,10.952319965135487,1719.7246748116193,1908.371265782758,2.7594153729960345e-05,1908.3712381886041,954.1856190943021,954.1856466884559,595.5579062162029,0.15
26.07689246389341,12.075145105243331,1720.476553761466,2560.6887629764383,2.7849598962098094e-05,2560.688735126839,1280.3443675634196,1280.3443954130187,702.9333937536674,0.15
25.623466115725257,10.64342307487273,1720.5711446726252,1857.9867291993817,2.697948736762228e-05,1857.9867022198944,928.9933511099472,928.9933780894345,556.4739219780945,0.15
25.024501966868623,11.784194942782246,1721.3559416261728,3610.7824530350576,2.5612389024604124e-05,3610.7824274226687,1805.3912137113343,1805.3912393237233,938.6926640213575,0.15
25.94457420499299,14.69427260291419,1720.8618869757163,4666.224835674336,2.974465695598286e-05,4666.224805929679,2333.1124029648395,2333.1124327094963,1237.8077137276323,0.15
26.8579254202793,14.751017990637624,1719.818269301762,2883.269062824714,2.859413461351447e-05,2883.2690342305796,1441.6345171152898,1441.6345457094244,732.3918166773096,0.15
26.48693445007437,13.426679535732848,1720.2381481084824,2910.427824542736,2.792193903735073e-05,2910.427796620797,1455.2138983103985,1455.2139262323374,774.253865059778,0.15
27.82581554026244,12.378376462595297,1718.5501765805966,2067.508680505317,2.8030516401235207e-05,2067.508652474801,1033.7543262374004,1033.7543542679166,604.2080403799906,0.15
27.02302641093565,12.251829008560378,1719.5397992728942,1981.7738053497008,2.8665199768090552e-05,1981.773776684501,990.8868883422505,990.8869170074503,592.803507817054,0.15
27.505767509393024,11.290690561243077,1718.8399417322569,2039.5132083407264,2.790368523199268e-05,2039.5131804370412,1019.7565902185206,1019.7566181222057,638.7348251328705,0.15
27.4161637268616,13.453023340788375,1719.1406156182843,2252.3979709989026,2.8718395913911795e-05,2252.397942280507,1126.1989711402534,1126.1989998586491,604.4120934143244,0.15
28.125729827703918,11.5030456188997,1718.0449189800026,2120.6500933449797,2.717230030285333e-05,2120.6500661726795,1060.3250330863398,1060.32506025864,633.0470674082281,0.15
24.182466793194127,7.8914055884928285,1720.8747733810787,1826.1595799697868,2.5049441586147728e-05,1826.1595549203453,913.0797774601726,913.0798025096142,575.7135541627196,0.15
24.90828256449972,9.24405363960309,1720.758927585779,1724.8122766297208,2.5522839606555668e-05,1724.8122511068811,862.4061255534406,862.4061510762803,532.0457124954088,0.15
27.9463591688791,10.490470924610246,1718.131209879357,2214.306072601877,2.714580705565281e-05,2214.30604545607,1107.153022728035,1107.153049873842,688.6326115726811,0.15
27.150525139614235,10.055801719941917,1718.9791529617737,2190.873715553153,2.713367009176996e-05,2190.8736884194827,1095.4368442097414,1095.4368713434117,697.1641290837365,0.1
26.127447911828053,9.634395937690195,1719.8545474969285,1869.9395604028568,2.6297984807201857e-05,1869.939534104872,934.969767052436,934.9697933504208,607.1707311468111,0.15
27.71226731106013,9.249890737800234,1718.12155391117,2471.370960358328,2.6222164236087696e-05,2471.3709341361637,1235.6854670680818,1235.685493290246,765.0013680975227,0.15
26.7315760002544,8.638212213858122,1718.9898848833975,2295.867104649556,2.562833121937387e-05,2295.867079021225,1147.9335395106125,1147.9335651389435,722.7581138374645,0.15
25.52849595278124,8.161722691930342,1719.8890522454865,1935.6646279811664,2.4952666647850977e-05,1935.6646030284999,967.8323015142499,967.8323264669165,622.9368318411325,0.1
24.904751205049983,6.660874250240813,1719.836264044984,2178.519504084577,2.4315685749238732e-05,2178.5194797688914,1089.2597398844457,1089.2597642001313,676.7069429173482,0.15
26.183645152283404,7.131978750657451,1718.954053252641,2451.987733832156,2.4525844646606685e-05,2451.9877093063114,1225.9938546531557,1225.9938791790005,751.0933196710434,0.15
25.636235977655183,5.386880266026482,1718.7167850826731,2752.8959186598445,2.372357876466413e-05,2752.895894936266,1376.447947468133,1376.4479711917115,806.4806650653736,0.15
27.389380778861604,7.727684966109824,1717.999366385054,2815.0414128271914,2.515331361986212e-05,2815.0413876738776,1407.5206938369388,1407.5207189902526,844.5575014485255,0.15
26.941621041190647,5.922030628213038,1717.750261358367,3134.861547418508,2.4204127910794604e-05,3134.86152321438,1567.43076160719,1567.430785811318,905.3434664514268,0.15
26.36996683885575,3.9989482874887217,1717.4356831064797,3328.2171449233715,2.3186270604319613e-05,3328.217121737101,1664.1085608685505,1664.108584054821,938.0398902867246,0.15
24.3612738328,22.9838139479,1719.7952513900004,2228.4761017080464,8.356179791851464e-05,2228.4760181462484,1114.2380090731242,1114.2380926349222,596.7105822818365,0.1
24.483438359983037,22.793815815461237,1719.844956036757,2182.365331162581,7.951839760985884e-05,2182.365251644183,1091.1826258220915,1091.1827053404893,585.2951921699432,0.1
24.9021987320686,22.065748039804262,1720.0412748299775,1867.5273777102784,7.816480444460283e-05,1867.527299545474,933.763649772737,933.7637279375414,500.3752125046198,0.1
25.00829947985269,22.1426309393815,1719.6505250062007,2033.8324028708344,4.211946883410854e-05,2033.8323607513655,1016.9161803756828,1016.9162224951516,559.6248417021013,0.1
24.676492376445143,22.48210938732377,1719.9274461965972,2070.055679247492,7.902980630057934e-05,2070.055600217686,1035.027800108843,1035.0278791386493,554.2856788330284,0.1
24.725497911302494,22.599172586550942,1719.5612429994535,2127.919200833931,4.255219405933589e-05,2127.919158281737,1063.9595791408685,1063.9596216930624,579.6919697069549,0.1
25.14286397870874,21.80748837825209,1719.827556190082,1865.962002789886,4.538469464206824e-05,1865.9619574051912,932.9809787025956,932.9810240872903,508.4028133859553,0.1
25.097313378800006,21.6002584517,1720.1751050100002,1686.763686572771,7.108437065668429e-05,1686.7636154884003,843.3818077442002,843.3818788285707,452.8936803410854,0.1
25.327811050194303,21.458351050482797,1719.8328563973448,1806.04892757652,4.227965964437062e-05,1806.0488852968604,903.0244426484302,903.0244849280899,501.1324781610348,0.1
25.295858928385023,21.78876164009956,1719.5025814573405,2092.240308400064,3.622087653921295e-05,2092.2402721791873,1046.1201360895936,1046.1201723104703,591.0195771543811,0.1
25.10290080130286,22.25693353530265,1719.2163664252907,2270.7515644430077,3.2864306897407575e-05,2270.751531578701,1135.3757657893505,1135.3757986536573,648.5848756804353,0.1
25.60730198913132,21.297619378435424,1719.4317672058723,2183.943132627069,3.673291192531528e-05,2183.943095894157,1091.9715479470785,1091.9715846799907,633.5009023810434,0.1
26.223108606104294,20.963540629202004,1718.5709358900017,1990.085237019731,3.286599246800019e-05,1990.0852041537385,995.0426020768692,995.0426349428618,574.9807782854895,0.15
26.09069421766355,21.28712691418056,1718.456221769787,1816.4580143414007,3.147884326609175e-05,1816.4579828625574,908.2289914312787,908.229022910122,531.5350622340533,0.15
25.924037354710496,21.123934795859217,1718.9871338630644,2056.7262153122297,3.4091947333711343e-05,2056.7261812202823,1028.3630906101412,1028.3631247020885,618.3495290258282,0.1
25.614634683397963,21.80754274415426,1718.7450717813886,1912.1904354556243,3.045233041202885e-05,1912.1904050032938,956.0952025016469,956.0952329539774,576.7525966323997,0.1
26.04075854450917,21.698341059127515,1717.9311822887228,1607.353563538372,2.8772731299232256e-05,1607.3535347656407,803.6767673828203,803.6767961555518,462.9743363299102,0.15
26.445435459253588,21.06113597253092,1718.0002343255712,2253.939942148764,3.159129717986685e-05,2253.939910557467,1126.9699552787336,1126.9699868700307,622.5013552682327,0.15
26.62314514021057,21.236484954689438,1717.3386563172116,2558.0789329199506,2.975234038016065e-05,2558.0789031676104,1279.0394515838052,1279.0394813361454,717.094091451473,0.15
25.097313378800006,21.6002584517,1720.1751050100002,1714.6542250872749,6.912383293997456e-05,1714.654155963442,857.327077981721,857.3271471055539,461.4818801793372,0.1
25.17198820516656,21.278807995470952,1720.2744422626042,1591.9263087758975,7.081674879485114e-05,1591.9262379591487,795.9631189795743,795.9631897963231,429.9924323507115,0.1
25.381840154681345,21.00535634001862,1720.0646655603657,1667.8811571370782,4.41730828160469e-05,1667.8811129639953,833.9405564819976,833.9406006550805,456.2443735104801,0.1
25.245895648171015,20.72297050149454,1720.4524915080062,1487.561203189838,6.844012486843978e-05,1487.5611347497131,743.7805673748566,743.7806358149813,401.21425476671993,0.1
25.59111629285956,20.955923016715943,1719.725591214055,2031.4191644731325,3.633620670267782e-05,2031.4191281369258,1015.7095640684629,1015.7096004046696,577.5220137794978,0.1
25.888150337502328,20.782063673988,1719.3202009320278,2252.5290171400143,3.315119109044354e-05,2252.5289839888233,1126.2644919944116,1126.2645251456026,666.173013815448,0.1
25.545522740661365,20.49505112469743,1720.0615261511325,1871.85203927623,3.808739650103538e-05,1871.8520011888336,935.9260005944168,935.9260386818132,520.6436591157061,0.1
25.2897206116,20.0789419536,1720.6636166400003,1539.9592534181377,6.392209969320045e-05,1539.9591894960379,769.9795947480189,769.9796586701187,415.66762285068785,0.1
25.651600442474503,19.906911365897763,1720.1667561780555,2114.6299980716653,3.626052975326764e-05,2114.6299618111357,1057.3149809055678,1057.3150171660975,588.1737986428715,0.1
26.245146526985987,20.56549317918681,1718.8471794842849,2216.777628283126,3.1291057155261944e-05,2216.777596992069,1108.3887984960345,1108.3888297870915,637.9189286597526,0.15
25.828729609403585,20.33511172870373,1719.6727854266055,2394.6598971614217,3.2512336666692974e-05,2394.659864649085,1197.3299323245426,1197.329964836879,688.850371078961,0.1
26.18230347854105,20.14506267880953,1719.1868608920042,2455.6514437379547,2.9602334258176143e-05,2455.6514141356206,1227.8257070678103,1227.8257366701444,711.9786700325234,0.15
26.04964017609762,19.721119771513376,1719.6112276832962,2796.2333744823504,3.011140297857829e-05,2796.2333443709476,1398.1166721854738,1398.1167022968766,805.6211030190946,0.15
26.5428802508306,19.49574351344046,1718.9146541395637,2622.197757361813,2.724236419800482e-05,2622.197730119449,1311.0988650597244,1311.0988923020884,694.8730409883309,0.15
26.624228802423342,19.995204340611814,1718.5344405770782,2476.8364452681344,2.9131908749615373e-05,2476.8364161362256,1238.4182080681128,1238.4182372000216,647.6518538710462,0.15
26.636516567872583,20.503002509157675,1718.2034545177455,2525.3130834169738,3.198543424044745e-05,2525.3130514315394,1262.6565257157697,1262.656557701204,680.6067546395387,0.15
27.1392493757467,19.851494990064914,1717.7409487064638,3206.326987243436,2.9835549082094908e-05,3206.326957407887,1603.1634787039436,1603.1635085394926,853.8794175180113,0.15
27.09293557163274,19.246955446529554,1718.1214629432163,2956.047874720555,2.7548057518384327e-05,2956.0478471724973,1478.0239235862487,1478.0239511343061,749.469123566531,0.15
27.69131053990436,18.973611793801343,1717.2287890300024,3802.0348926313295,2.801707559316877e-05,3802.034864614254,1901.017432307127,1901.0174603242026,1011.4571449771987,0.15
25.54330904319964,19.555378752546677,1720.474509017633,1954.0358206641188,3.952439494492526e-05,1954.035781139724,977.017890569862,977.0179300942568,533.8706500061904,0.15
25.2897206116,20.0789419536,1720.6636166400003,1470.1993009039188,6.362337004842877e-05,1470.1992372805487,735.0996186402743,735.0996822636445,394.5911196552512,0.1
25.30168558401212,19.47565168093631,1720.8647270856102,1467.0301311540106,6.347416783686052e-05,1467.030067679843,733.5150338399214,733.5150973140892,394.757282926047,0.1
25.60333225866285,18.992980209728263,1720.5906025062195,2163.122494909357,3.823498083006787e-05,2163.1224566743763,1081.5612283371881,1081.561266572169,590.8272055950976,0.15
25.88094854830382,19.31041946508595,1720.0552642439284,2817.319884349317,3.2220915170090344e-05,2817.3198521284016,1408.6599260642008,1408.659958285116,796.891516078034,0.1
25.281642582309924,18.72011740824063,1721.1206107681526,1554.8358398178243,5.9969549780730654e-05,1554.8357798482746,777.4178899241373,777.417949893687,417.7109035688263,0.1
25.695717684992943,18.147859945754305,1720.7066980833536,2711.6212333379813,3.521454616983814e-05,2711.621198123435,1355.8105990617175,1355.8106342762637,740.3601136290654,0.15
25.1971861484,17.952386737200005,1721.38798394,1547.0231697158576,5.8576747738648e-05,1547.02311113911,773.511555569555,773.5116141463027,416.0122484960736,0.1
26.11602212958778,18.393949084315988,1720.0417605972682,3537.264393087105,2.99960476248894e-05,3537.2643630910575,1768.6321815455287,1768.6322115415762,984.4833351266765,0.15
26.38375238024459,18.91002708438506,1719.4332589891708,3094.2392307650225,2.750796540050263e-05,3094.239203257057,1547.1196016285285,1547.119629136494,848.1752017729115,0.15
26.825826956342244,18.79601936337825,1718.772173125764,2872.583688309205,2.673911125115752e-05,2872.583661570094,1436.291830785047,1436.291857524158,720.0172956692409,0.15
26.224901492829886,17.382224010140433,1720.1939106942716,4061.0919098357294,2.953808627639373e-05,4061.091880297643,2030.5459401488215,2030.545969686908,1114.425642373604,0.15
26.764978550830868,17.879861986470257,1719.2468860009003,3209.6024691186294,2.6335271680849853e-05,3209.6024427833577,1604.8012213916788,1604.8012477269506,818.8725625144644,0.15
26.85454965789422,16.510577000885256,1719.5471892227126,3270.1446483873874,2.7784036679893437e-05,3270.1446206033506,1635.0723103016753,1635.072338085712,825.6641781671192,0.15
27.337737534717977,18.20264921194086,1718.18560199097,3210.936543539521,2.680555567132999e-05,3210.9365167339656,1605.4682583669828,1605.4682851725383,797.556360798082,0.15
27.571937806695843,17.011078333408022,1718.274175301279,3320.5897439240903,2.718384532051072e-05,3320.589716740245,1660.2948583701225,1660.2948855539678,816.1622966022328,0.15
27.580749904537758,14.97025342303976,1718.8009492291394,2806.5170391153238,2.78913298669876e-05,2806.517011223994,1403.258505611997,1403.2585335033268,694.4889851892888,0.15
28.008720216274053,13.75638034751814,1718.277579081005,2553.9237891990906,2.750074222550506e-05,2553.9237616983482,1276.9618808491741,1276.9619083499165,656.9479374493252,0.15
28.461187956295188,14.533693438636607,1717.4316729805112,3201.3374903219437,2.5954602553674327e-05,3201.337464367341,1600.6687321836705,1600.6687581382732,815.5895487666514,0.15
28.035448413879653,17.765579754922157,1717.1627922401406,3915.653676967308,2.640214181798258e-05,3915.653650565166,1957.826825282583,1957.826851684725,1021.9889885586117,0.15
28.47216027681397,18.602451130224686,1715.985197189892,4850.721404572061,2.7377952228062672e-05,4850.721377194109,2425.3606885970544,2425.3607159750068,1310.3213580647634,0.15
28.30653807928375,16.228044244403502,1717.2681373638138,3775.7271351289855,2.5873056331521354e-05,3775.727109255929,1887.8635546279645,1887.863580501021,965.6724423810938,0.15
28.900700547508617,17.164313964829244,1715.791737086796,4562.8720525501785,2.501202497469488e-05,4562.872027538154,2281.436013769077,2281.4360387811016,1211.4940784237008,0.15
29.39398002658589,18.125582194141398,1714.334363852155,5615.167657051586,2.643289943403732e-05,5615.167630618686,2807.583815309343,2807.5838417422424,1517.5028300631475,0.15
28.636085923229075,12.797678928111482,1717.283351460612,2504.229294870769,2.609992557485465e-05,2504.2292687708436,1252.1146343854218,1252.1146604853473,658.709352675391,0.15
28.650919496907942,11.180275826006396,1717.174581269347,2088.992224411612,2.5941468614119488e-05,2088.992198470143,1044.4960992350716,1044.4961251765403,599.6890471897729,0.15
29.096680574983218,13.777039950043283,1716.3612991224793,3286.15530674787,2.50823596450639e-05,3286.1552816655103,1643.0776408327552,1643.0776659151147,843.5663972549675,0.15
29.18529735796163,15.346047844349656,1715.8438023663095,4053.023345542576,2.463873380094532e-05,4053.023320903842,2026.511660451921,2026.511685090655,1055.482577406458,0.15
29.27880605041134,12.4871054865131,1716.0966238533542,2804.8802076414177,2.4842076617304857e-05,2804.880182799341,1402.4400913996706,1402.440116241747,724.916627163635,0.15
29.753518762463887,13.705316270133872,1715.0030780016853,3745.771406039061,2.3596930924256795e-05,3745.77138244213,1872.885691221065,1872.885714817996,966.3084227191116,0.15
29.235049933704804,10.740726730605257,1716.0720946518372,2179.91918349333,2.447019343855319e-05,2179.9191590231367,1089.9595795115683,1089.9596039817616,593.1151244116785,0.15
29.794819247196543,16.7556768083592,1714.1007026987468,5167.1070820163,2.445213493032652e-05,5167.107057564165,2583.5535287820826,2583.553553234218,1377.3091583411938,0.15
30.166208648561295,17.671553084082493,1712.7127784429208,6143.817472423337,2.5454152649493883e-05,6143.817446969184,3071.908723484592,3071.908748938745,1646.5451217790405,0.15
30.441849528843186,16.451178107417675,1712.7031823642983,5565.45545148872,2.455157975290285e-05,5565.455426937141,2782.7277134685705,2782.72773802015,1484.5347654342743,0.15
30.680502650538127,17.31823546714951,1711.4194785518405,6305.716434754956,2.503948253073541e-05,6305.716409715474,3152.858204857737,3152.858229897219,1685.2673713354832,0.15
30.980484812287163,16.22926904996516,1711.3213750423397,5871.718472540272,2.4076238547061056e-05,5871.718448464034,2935.859224232017,2935.8592483082552,1564.1009681890496,0.15
31.41915365922472,15.897095918013822,1710.0253875009546,6150.132502783273,2.406412428526873e-05,6150.132478719149,3075.0662393595744,3075.0662634236983,1635.92088153612,0.15
30.201242834236595,15.145886972954454,1713.6822418126894,4437.122063745811,2.3269821470607426e-05,4437.12204047599,2218.561020237995,2218.561043507816,1166.0121036873543,0.15
30.46701237575889,13.316882306971648,1713.396321173459,3864.3988754157385,2.2508467915718987e-05,3864.398852907271,1932.1994264536354,1932.1994489621031,1002.4022394111119,0.15
30.754178906893312,15.40899980042505,1712.2793848857089,5021.328590584591,2.3083339376339127e-05,5021.328567501252,2510.664283750626,2510.6643068339654,1331.3265110051495,0.15
30.759844254309,14.375927324076828,1712.5066934186057,4463.824986521022,2.252540693514833e-05,4463.824963995615,2231.9124819978074,2231.9125045232145,1175.6799788951487,0.15
29.93873663962273,11.9787723213773,1714.7200446884726,3071.549390705577,2.3381651748048443e-05,3071.5493673239253,1535.7746836619626,1535.7747070436144,790.7733139021652,0.15
30.63467687719961,11.403223439718545,1713.066289038281,3222.847994786378,2.2091201296641332e-05,3222.847972695177,1611.4239863475884,1611.4240084387895,829.8432416007057,0.15
31.05292819769753,10.263094841658804,1711.8869103309523,3074.9092466626803,2.1630318632303296e-05,3074.9092250323615,1537.4546125161808,1537.4546341464995,790.1585934247139,0.15
31.337485086442005,11.492652150474274,1711.2131000681345,3506.967512052217,2.1235517086222265e-05,3506.9674908167,1753.48374540835,1753.483766643867,908.9839989811499,0.15
29.88445097851947,10.143524108199331,1714.6706270648274,2381.606266165171,2.2904795471951103e-05,2381.6062432603753,1190.8031216301877,1190.8031445349832,621.6315541728316,0.15
30.55257784455351,9.380060494862398,1712.9916011702464,2540.7545354589265,2.1950751416781067e-05,2540.754513508175,1270.3772567540875,1270.377278704839,650.0898136925327,0.15
31.045063365882694,8.715113471510488,1711.5817468069008,2622.269631130371,2.167479364846798e-05,2622.2696094555777,1311.1348047277888,1311.1348264025823,668.2587962247394,0.15
31.39431559250397,8.190650749389572,1710.4819715200017,2559.0940560806985,2.1345288741572915e-05,2559.09403473541,1279.547017367705,1279.5470387129935,652.798016592963,0.15
31.620213606264507,9.294786984718083,1710.1352941978805,2926.3442616442067,2.1203536450479345e-05,2926.34424044067,1463.172120220335,1463.1721414238716,752.7843378945995,0.15
31.39956799439608,10.100935903531711,1710.9153136194243,3164.317310107792,2.133831512749605e-05,3164.317288769477,1582.1586443847384,1582.1586657230534,815.877972985746,0.15
31.798036308132264,10.724501367259158,1709.8399581344397,3321.054286175316,2.091498096768617e-05,3321.054265260335,1660.5271326301674,1660.5271535451486,863.6917074722061,0.15
31.17477237408401,14.964063037229849,1711.2818474757769,5222.476938362706,2.2997379710656814e-05,5222.476915365327,2611.2384576826635,2611.238480680043,1383.7158021814637,0.15
31.857052485864937,12.526988982035697,1709.7077242002956,4207.570026993907,2.1571927292396197e-05,4207.57000542198,2103.78500271099,2103.785024282917,1107.8260392914026,0.15
31.178494939591285,13.014026628082062,1711.6054915873738,3965.927279110626,2.185216948764916e-05,3965.9272572584564,1982.9636286292282,1982.9636504813977,1038.7922557266493,0.15
31.712272706835243,14.398333492880411,1709.8066180282951,5352.842281348973,2.259997773092596e-05,5352.842258748996,2676.421129374498,2676.4211519744754,1419.9440638856959,0.15
28.58937642992083,9.841293961449656,1717.0474087191612,2160.675371723003,2.56500812513721e-05,2160.675346072922,1080.337673036461,1080.3376986865421,652.6625764879437,0.15
29.25608649733824,9.171702733508043,1715.7302488955213,2104.16319970744,2.365923357326456e-05,2104.1631760482064,1052.0815880241032,1052.0816116833369,600.0066660717584,0.15
28.443134450939077,8.404176592081665,1716.877005745066,2588.5265665003576,2.4665209392515485e-05,2588.5265418351482,1294.2632709175741,1294.2632955827835,770.5299294874728,0.15
28.32172861254177,6.601121041622041,1716.389007826136,3120.195743794917,2.373814686339018e-05,3120.19572005677,1560.097860028385,1560.0978837665318,896.1892491457166,0.15
27.80715686196132,4.6782600763057305,1716.202178684847,3548.831047339012,2.3196242701653902e-05,3548.8310241427694,1774.4155120713847,1774.4155352676273,994.9526936702603,0.15
27.229106138076546,2.7923097318949464,1715.9263960379649,3652.745324673268,2.2577961718789875e-05,3652.745302095306,1826.372651047653,1826.3726736256149,1012.273333106518,0.15
28.8629528049448,5.377071894926425,1715.0231279783632,3075.6274616084825,2.2786009110002085e-05,3075.6274388224733,1537.8137194112367,1537.8137421972458,863.1046701733086,0.15
29.206724984879408,6.827343301244135,1715.0588017782609,2568.6924571552017,2.3248487630177948e-05,2568.692433906714,1284.346216953357,1284.3462402018447,730.8743602676866,0.15
29.710488376795897,6.395604628162363,1713.91749405129,2164.828255213272,2.212926428503781e-05,2164.8282330840075,1082.4141165420037,1082.4141386712681,604.5556109426315,0.15
29.80519390153329,8.111716325811003,1714.3455645356084,2074.761742204451,2.248228994018812e-05,2074.761719722161,1037.3808598610806,1037.3808823433703,565.1542171893781,0.15
29.05461067939537,7.787317655772528,1715.6828320851764,2425.3945638439814,2.3579356519510195e-05,2425.394540264625,1212.6972701323125,1212.6972937116689,701.466673899883,0.15
30.388596146338195,7.60612454955004,1712.8785393917938,2009.7629518989156,2.1658596992046576e-05,2009.7629302403186,1004.8814651201593,1004.8814867787563,518.9259896912002,0.15
28.546147980011657,3.675567700745973,1714.6673462097306,3497.1894291822155,2.243633471072596e-05,3497.1894067458807,1748.5947033729403,1748.5947258092751,968.7391301219666,0.15
28.03416606195332,1.7441298985004938,1714.3187336150709,3566.877175528631,2.203031255545461e-05,3566.8771534983184,1783.4385767491592,1783.438598779472,983.072490198215,0.15
31.49003731014684,7.157035714760853,1709.8505719182422,2306.781434693871,2.0542378387480255e-05,2306.7814141514923,1153.3907070757461,1153.3907276181246,585.868220657287,0.15
30.959222780342003,6.936224946248879,1711.2117168853038,2053.4413231436724,2.108498040525326e-05,2053.441302058692,1026.720651029346,1026.7206721143264,517.651177268701,0.15
30.225118373029368,6.121360576030884,1712.6881584398293,1968.8253804386252,2.1439989042404168e-05,1968.8253589986361,984.4126794993181,984.4127009393071,522.1339009903955,0.15
29.649054233255704,4.835373819044864,1713.334618630857,2295.4922342200407,2.1845864032928865e-05,2295.4922123741767,1147.7461061870883,1147.7461280329524,635.354815875999,0.15
29.270022581400664,2.691845730527715,1712.9068526081494,2938.485483703444,2.1620723571321782e-05,2938.4854620827205,1469.2427310413602,1469.2427526620838,807.8359354631318,0.15
30.479417884438064,4.511626895136593,1711.337262523674,1702.701476762784,2.0935150396499652e-05,1702.7014558276337,851.3507279138169,851.3507488489672,440.63737621977344,0.15
31.165218200142863,5.260710311047395,1709.9379082994988,1880.9615024543768,2.0332172166126924e-05,1880.9614821222046,940.4807410611023,940.4807613932745,469.66232786836594,0.15
31.568461084453663,5.839843261930115,1709.0807400577592,2185.62640232538,2.003537837609591e-05,2185.6263822900014,1092.8131911450007,1092.813211180379,553.0315972021549,0.15
31.60619319863276,4.175642825084902,1708.1627217813034,2055.170702430022,1.9737829814027003e-05,2055.1706826921923,1027.5853413460961,1027.585361083926,517.0286746471904,0.15
28.720386652310708,0.6726883847423996,1712.6128938770617,3124.3264889819043,2.148753181650643e-05,3124.3264674943725,1562.1632337471863,1562.163255234718,861.731092624026,0.15
29.32499614542803,-0.2729817951774286,1710.89192457123,2484.481374737712,2.095111046620023e-05,2484.4813537866016,1242.2406768933008,1242.2406978444112,685.8465208115159,0.15
29.91604859626195,1.8550551063183869,1711.117141049157,2136.913573889404,2.084001819502114e-05,2136.9135530493854,1068.4567765246927,1068.456797364711,580.7288842024557,0.15
30.934545176429083,2.899083904360844,1709.3093786682296,1631.487701755056,2.0095529633888287e-05,1631.4876816595263,815.7438408297631,815.7438609252928,405.792050209243,0.15
30.20817033985786,0.5273925937303237,1709.595867660854,1694.0459508982938,2.0367154323296607e-05,1694.0459305311394,847.0229652655697,847.022985632724,455.75734237607315,0.15
30.988745892884367,0.9547676066814956,1707.9502454587248,1569.4590366791235,1.995914808493519e-05,1569.4590167199754,784.7295083599877,784.7295283191359,388.49693488450384,0.15
30.536918236021503,-0.324125426874594,1708.2040060110853,1505.2862628969342,2.009346996971592e-05,1505.2862428034643,752.6431214017322,752.643141495202,397.60551044916684,0.15
29.81891009688358,-1.293120601526827,1709.1239489044676,2133.70590617688,2.03671402914264e-05,2133.70588580974,1066.85294290487,1066.8529632720101,586.3274181743315,0.15
27.01639223525783,20.4954759577708,1717.4645393258108,3247.861274222049,3.154323943304718e-05,3247.8612426788095,1623.9306213394048,1623.9306528826442,893.0922339536284,0.15
27.295485690748286,20.74951259663988,1716.5019946751345,3693.260782028145,2.976846492656033e-05,3693.26075225968,1846.63037612984,1846.630405898305,1034.7887605594678,0.15
27.676370075781374,19.864460314118027,1716.714136450937,4326.605738755882,3.044486246590381e-05,4326.60570831102,2163.30285415551,2163.302884600372,1187.2746011402412,0.15
28.048032463743425,20.06834259236117,1715.6519043175738,4770.316666141248,2.837027421468048e-05,4770.316637770974,2385.158318885487,2385.158347255761,1317.8207926380114,0.15
28.702109487210144,19.432959581095137,1714.8234687806005,5342.758474356006,2.715553289666117e-05,5342.758447200474,2671.379223600237,2671.3792507557696,1464.9079747591315,0.15
31.47841792511051,16.325602578325064,1709.2246197815284,6478.705453190597,2.3722880621014506e-05,6478.705429467716,3239.352714733858,3239.3527384567387,1722.3136601328551,0.15
31.969599018427378,15.361825320795072,1707.8456147877728,6571.345489158247,2.2894824170303576e-05,6571.345466263423,3285.6727331317115,3285.6727560265354,1744.5305584801358,0.15
31.83878843448288,7.633312422036241,1709.0193818887735,2478.275412535728,2.0458641409756447e-05,2478.2753920770865,1239.1376960385433,1239.1377164971846,634.7025594773532,0.15
32.116225691510714,13.84035010809904,1708.5189226851603,5585.66537031686,2.2181454302588177e-05,5585.665348135406,2792.832674067703,2792.8326962491574,1482.813657556124,0.15
31.83296637519465,14.983634266683032,1709.022840781898,5979.190312209763,2.2953010979519667e-05,5979.190289256752,2989.595144628376,2989.5951675813867,1586.8990300363191,0.15
32.32052985190048,11.581104591540736,1708.2347737447783,4002.301663464378,2.1106977483381777e-05,4002.301642357401,2001.1508211787004,2001.1508422856778,1057.6274453916046,0.15
32.080572682331514,6.067406141444133,1707.6861689784323,2201.5568989658736,1.977525985752749e-05,2201.556879190614,1100.778439595307,1100.7784593705667,560.8470075945398,0.15
32.22311205038495,9.32821539947636,1708.3171673026714,2847.4335404310814,2.0486927369989195e-05,2847.433519944154,1423.716759972077,1423.7167804590044,740.1980732675005,0.15
