x_mm,y_mm,z_mm,anchor_5pct,anchor_10pct
-21.609682720884937,177.84178399631455,-239.2833522556361,0,0
-21.13202155330008,176.608153916,-238.568877284,0,0
-21.22410305611573,178.14527707655492,-238.20609415284304,0,0
-21.75598619573492,176.9006196658584,-240.0143550775405,0,0
-20.74426481453768,181.90762238929457,-237.6265963407071,0,0
-20.770843410919767,180.8637167134351,-237.1505469768421,0,0
-20.29767425170012,182.000761816,-236.51353586099992,0,1
-20.31017800359561,182.8913173147529,-237.23992031190585,0,0
-21.30785220942792,181.0713601339272,-238.63301423743107,0,0
-21.104002250452016,179.55060677776245,-237.73558707809576,0,0
-21.661958404803656,179.28898005050252,-239.1781732875956,0,0
-22.06972291632373,178.2755365973593,-240.3562271326072,0,1
-22.3274931920822,177.2072000308211,-241.3460604903924,1,0
-20.155092088005446,183.9454309401001,-237.93636387770297,0,0
-19.757067781000057,185.16280016600004,-238.537725732,0,0
-20.58043976622162,183.84788914829625,-239.04428442455549,0,0
-20.511343466272667,184.53325231944748,-239.8414143454662,0,0
-20.885652405906686,182.63488828893293,-238.56707706513657,0,1
-21.55446162318146,182.03218181140096,-239.8853441502285,0,0
-21.145696554149765,183.29394397050024,-239.9862018672321,0,0
-21.937202219569475,180.6604530355423,-240.133495131136,0,0
-22.26154728641355,179.46920695052594,-240.7565722215684,0,0
-22.413901211114933,180.4427800181964,-241.3522000654086,0,0
-23.3688677615354,178.76005697972684,-243.7741110580844,0,1
-23.24907332324713,177.8664116637359,-243.5728747607424,0,0
-22.98682818616664,178.58666116261745,-242.73901735617056,0,0
-22.824825829605206,177.53245286430558,-242.5299739234703,0,0
-22.58412637911783,178.39888169526452,-241.684545309596,0,0
-22.74215771849702,179.57196926122333,-242.06230647230225,0,0
-21.19318273960406,183.96826417691736,-241.03057038967904,0,0
-22.11302416561033,181.5550893446648,-241.0887110208712,0,0
-21.714098277937293,182.7584529056529,-241.01807085329744,0,0
-22.71193296552345,180.5273746199306,-242.21539163065,0,0
-23.607769070111228,178.1910736875228,-244.4938323422992,0,0
-22.485690741614707,181.31948888430955,-241.9917320955585,0,0
-23.67922776301333,179.03114212447215,-244.64680700505247,0,0
-23.118743445903004,179.46921090082725,-243.0952164742719,0,0
-23.446047295665405,179.6649433793786,-244.0559138304248,0,1
-22.95129291099792,180.20972121030053,-242.78005908862127,0,0
-22.18408060178698,182.33432002124133,-241.952970457664,0,0
-21.78187824198337,183.4529967418221,-242.08198021002457,0,0
-22.28128220197741,182.96538542299464,-243.0061535810012,0,0
-22.85953211751394,180.99844019317345,-242.87671399452205,0,0
-23.208949710926536,180.36559696336363,-243.5816480408875,0,0
-23.907005624880824,178.49912406617491,-245.3113470954748,0,0
-22.62795464365586,181.95577671085232,-242.9166948353336,0,0
-23.078606378270244,181.4140332571636,-243.8349372733533,0,0
-22.7063150094479,182.5134094937476,-243.8199987050968,1,1
-23.94548957780676,179.2620171658194,-245.4545687749205,0,1
-23.450318908975905,180.5645712828364,-244.4043610469633,0,0
-23.719603690254303,179.8528877202779,-244.9144024044578,0,1
-23.331106457218663,181.3958709208944,-244.6510348753155,0,1
-24.15059073263204,178.78232351778252,-246.0391494260857,1,0
-23.066326924229443,182.0947232949661,-244.53587949016952,0,0
-23.950426221630583,180.01845744965829,-245.7144602972133,0,0
-24.15404628690341,179.47256889739123,-246.16361813397404,0,0
-24.344454711796825,179.03719573753938,-246.68978790906303,0,0
-24.142835265562063,179.98700702489123,-246.36085278480945,0,0
-23.5609333845613,181.02512810311543,-245.0973710620746,0,0
-23.718681253591143,180.46161054029955,-245.2004209380184,0,0
-23.795773513702105,180.74266519712327,-245.6804095047985,0,1
-23.37187613701256,181.708905268816,-245.16898485250977,0,0
-23.6365121779348,181.35113118643733,-245.74107151147035,1,0
-24.32399682993953,179.64334852389507,-246.82026985816032,0,0
-24.45786134035152,179.71422191696416,-247.365695670458,0,0
-24.495041297277933,179.2630791175913,-247.27243573948653,0,1
-24.19515753718741,180.2247371624505,-246.7323594050484,0,0
-24.33660606526992,180.05641999665593,-247.14908461791697,0,0
-24.245464766424824,180.44718854894515,-247.16719025191364,0,0
-24.611645022900003,179.46637434500002,-247.808511386,0,0
-24.511623050048613,179.832146275275,-247.6719550962661,0,0
-24.015469203220285,180.4578872637518,-246.24336109945168,1,1
-24.06941230115389,180.7195714224281,-246.7366698867213,0,0
-23.86741076175565,181.0212414644309,-246.26183908273907,0,0
-24.5506052852,179.955712858,-247.956077029,0,0
-24.40297547065428,180.19643170588824,-247.5671450157897,0,0
-7.131954259573682,163.6436321681723,-231.61817135164648,0,0
-5.6428824013882375,163.717801877898,-233.06482913857863,1,0
-9.000356345813897,163.99090604123555,-232.0434244618937,0,0
-6.242830240727177,163.84781802502792,-234.9565128882384,0,1
-7.73821461419782,163.78573834178837,-233.46152757337063,0,0
-8.337721083469923,163.9136832897562,-235.24337300516143,0,0
-6.904522781773369,163.9593876538549,-236.8301274384685,0,0
-7.610074883547746,164.02922221695167,-238.6911543508532,0,1
-8.992218436909234,164.02156103870738,-237.11561006360384,0,0
-10.683721875991912,164.56679014971837,-232.38878025204696,0,0
-9.718045590059033,164.19371078005074,-233.83114756371728,0,0
-10.19089445081888,164.29332740035437,-235.6133029422772,0,0
-9.699897670392124,164.09073099016734,-238.90546235874217,0,0
-8.342083846871006,164.03986715029896,-240.54577842778207,0,0
-10.432966056629091,164.10683050883912,-240.7471797514291,1,0
-9.10784407438,164.00706458699997,-242.437065417,0,0
-11.241815491643914,164.10068678705446,-242.5526291462727,0,0
-12.238829350764467,165.36853673672698,-232.47619537761872,0,0
-10.91162640945667,164.42259291929457,-237.3711860355349,0,0
-11.651459756200952,164.9274620208273,-234.2225971192535,0,0
-11.710587725355074,164.8064439606274,-236.1215595466361,0,0
-13.037963561973449,165.78684464998767,-233.65848520278809,1,0
-11.68011371825218,164.5159326967129,-239.10354896602828,0,0
-12.495878100241992,164.5595814592854,-240.89646297772765,0,0
-13.282877903392388,164.54914813362092,-242.77321870717967,0,0
-13.633261010023714,166.3796406599596,-232.51710935675555,0,1
-12.681345284337082,165.09793829213237,-237.4786001484601,0,0
-13.200965987758678,165.64488319777846,-235.57931762955133,0,0
-14.203686824638844,166.61732438099884,-234.13884297881165,0,0
-14.76596013625629,167.46336744302417,-232.6150857564423,0,0
-13.559589973101588,165.24385754360364,-239.2741924215251,0,0
-14.396841256437812,165.27621019714354,-241.1765640347357,0,1
-15.212852241017764,165.26388515026,-243.07093721243564,0,0
-14.420691715240537,166.09326182639376,-237.53617397437768,0,0
-15.075282469713526,166.9750674085464,-235.99471503434657,0,0
-15.543849312423806,167.95480426056125,-234.19418253051373,0,0
-15.919409252597172,168.9322095539813,-232.6125473785453,0,0
-15.37856922522025,166.24947120767257,-239.5723661513811,1,0
-16.203129317143777,166.24333827622337,-241.50794975848808,0,0
-17.021669296406696,166.2027224216712,-243.4324422240176,0,0
-16.31362476843284,167.52657083586,-237.9946992114789,0,0
-16.46010538442555,168.43068245536332,-236.02018393601227,0,0
-16.72143935052029,169.5779406048991,-234.1133791056941,0,0
-16.86240969274017,170.56378919020048,-232.44067393439207,0,0
-17.54809311245858,172.2672411586209,-231.98748230074847,1,1
-17.985017795421616,173.75304757813282,-231.5552605189162,0,0
-17.06698704738526,167.4870750364861,-239.9895592290657,0,0
-17.850251825308177,167.40437789726843,-241.9242838659373,0,0
-18.69004076039246,167.35059783552842,-243.85233005733443,0,0
-17.339373405649606,168.9747443436689,-237.3597814821418,0,0
-17.767030982087512,168.77319841299115,-238.88140821061145,0,1
-18.20436555474108,169.98093522208475,-237.81781205266225,1,0
-17.741965915840947,170.3268970473773,-235.9265137353331,0,0
-17.650059467027262,171.39694785691324,-233.8012135895216,0,0
-18.5220292210019,175.05801344980324,-232.17612697768087,0,1
-18.34068660118444,173.37013452322643,-233.31072569336328,0,0
-19.320668790046472,168.70176862864415,-242.4935098243915,0,0
-20.17058616860258,168.69200678367952,-244.3239179523904,0,0
-18.49728522791793,168.77569938530067,-240.58190015505787,0,0
-19.763540871954312,170.19095786879365,-241.2088239954596,0,1
-19.0610749089272,170.39976690915967,-239.31545663992875,0,0
-18.92244883304557,171.469265821838,-237.4770525870761,0,0
-18.76793878190396,172.73935996086124,-235.402436316008,0,0
-19.082794524404367,176.18766260802008,-233.16848508875407,0,0
-19.00688446709829,174.57422483437392,-234.1554430032762,0,0
-20.545427010745648,170.074636911601,-243.059999424298,0,0
-21.3684594666608,170.10515244467868,-244.80599794639448,0,0
-20.872116786926536,171.54551745609163,-242.02887606275425,0,0
-20.20338378231264,171.7448789329985,-240.29813859096475,1,0
-19.788598489144608,173.28704869416683,-237.62238274569057,0,0
-19.75615645499312,172.10196555600768,-238.8265985987549,0,0
-19.73850184882622,174.75613520542817,-236.11782870952047,0,0
-19.75981153785994,176.19184818396764,-235.16847821489367,0,1
-20.50528190410645,174.97174475873572,-237.9963935796736,0,0
-21.547118639588007,171.43017164191107,-243.64635246743777,0,0
-22.28637214396165,171.47376052584733,-245.26302622212327,0,0
-21.721206936079287,172.75770400298944,-242.75278399934007,0,0
-21.170501558866416,172.9818659986204,-241.2882127405246,0,0
-20.5989698929906,173.48644890019867,-239.47821537791023,0,0
-20.46290621328986,176.35836515711836,-236.96183995831964,0,0
-21.2377044047564,175.39905258523484,-239.55079892177287,0,1
-22.342449273940627,172.69194216405887,-244.2364858676068,0,1
-22.979220457731405,172.75336244277727,-245.6836013508251,0,0
-23.499533819394635,173.92948902399064,-246.06542454586403,0,0
-22.95142628997174,173.83738960898543,-244.7755478826533,1,0
-21.83164242280715,173.87715659853453,-242.08001237859665,0,0
-22.418421397344705,174.06815148997393,-243.32686719608915,0,0
-21.54130368071429,174.499302026407,-240.9211253872655,0,0
-22.19612190357665,174.99748667530102,-242.15767401415192,0,0
-21.93561514042449,175.86993697416233,-240.9900499194755,0,0
-23.4691358336212,174.89277831597866,-245.3799188125252,0,0
-23.8910619056698,174.99746892996214,-246.4088440662125,0,0
-23.091699642780814,175.028932099687,-244.34557713453952,0,0
-23.49685180155888,175.6878667223261,-245.02389749333588,0,0
-22.76591428806976,175.5815455725568,-243.21315877213937,0,1
-23.28413502470848,176.21614020820763,-244.2206432257856,0,0
-22.54110316720105,176.3148545547552,-242.27076337958945,0,0
-23.80216078309813,175.73447045944332,-245.7996355634863,0,1
-24.185535003573328,175.9599225695461,-246.71595489627245,0,0
-23.731125992231824,176.61935756867618,-245.241045617978,0,0
-23.46124457763236,177.1992997859133,-244.3188922668885,1,0
-23.04056439930912,176.8157207563327,-243.3363593515682,0,1
-24.078794703168715,176.67443576299152,-246.16071145593543,0,0
-24.39823884845888,176.82491161670032,-246.9898512062539,0,1
-23.99786775301116,177.28986856577012,-245.7626339686303,0,1
-23.773391599632014,177.61045481554973,-245.0638659138401,0,0
-24.27236571441788,177.5532959936668,-246.4777630797581,0,0
-24.53734846526209,177.6010400316156,-247.23350403658367,0,0
-24.06661618764288,178.03827013635032,-245.82131033182483,0,0
-24.28440097240769,178.3514350672378,-246.44505568426848,0,0
-24.44876078083735,178.10237599806848,-246.94166215265943,0,1
-24.61189859038414,178.29529745379224,-247.44942440619263,0,0
-24.47055929068908,178.65517536827517,-247.04232968092583,0,0
-24.633500387325075,178.91355718679998,-247.63988588650523,0,0
-24.611645022900003,179.46637434500002,-247.808511386,0,0
-9.828174022263836,194.40416269819968,-231.7073224564697,0,1
-10.347789809558106,194.2331165479841,-231.8750704139537,0,0
-9.857568374472343,194.3256796543461,-232.39652720366897,0,0
-10.53674902737241,194.0941963422761,-232.57813852885693,0,0
-10.98054564781177,193.9691494255113,-231.8850520306237,0,0
-9.914378985587629,194.24215147786583,-233.1803125161016,0,0
-10.000299161786865,194.15300332463207,-234.06798138304669,0,0
-10.66365983443515,193.98191378425287,-233.46102324583143,0,0
-11.525883296350983,193.714861899548,-231.55715525625624,0,0
-11.179986806195542,193.7946862904764,-232.7503738289618,0,0
-11.62773786181322,193.5638966250215,-232.29714437815176,0,0
-11.331755586347976,193.68018759213885,-233.5078544091059,0,0
-10.985457126851108,193.80890132123696,-234.3630795756616,0,0
-10.116566874422544,194.0554496086544,-235.0754916356047,0,0
-12.088273066681491,193.27544237413204,-231.8494772103621,0,0
-11.835663082247317,193.3904000154971,-233.15845588665823,1,0
-12.709032008512503,192.6977839919836,-232.06706915410825,0,1
-12.294824765445687,193.0487649499638,-232.73501029581905,0,0
-12.460976171681564,192.9314456636517,-233.65485957072823,0,0
-11.894873810301192,193.3478369854961,-234.05330237682847,0,0
-11.12270890250792,193.71092021882177,-235.48029547248328,0,0
-10.26434061628962,193.94190569940656,-236.2192002043468,0,0
-11.747946437333669,193.43271910039155,-234.86654047918347,0,0
-13.393991494981838,191.9792106233824,-232.12797693488028,0,0
-13.12484092531642,192.2841869395834,-233.0949025393337,0,0
-13.074230830295368,192.4253199982524,-234.06853924644307,0,0
-12.603647190117435,192.8745290910041,-234.74474525313929,0,0
-10.44877970641035,193.7946645824561,-237.5151835291488,0,0
-11.418919355140778,193.54501984752127,-236.65509488027223,0,0
-12.09124967009272,193.2392205814733,-235.72752884041512,0,0
-13.459682845193583,192.15722899825624,-234.8760102058121,0,0
-10.671908812861638,193.5841429704069,-238.9806958204592,0,0
-11.760737222780978,193.3321488700672,-237.9743183484621,1,1
-12.607171532081528,192.93756504705084,-236.90570341160264,0,0
-12.50818304480981,189.1755018153892,-249.34244574597548,0,0
-11.629480882395836,189.64717077805983,-248.95163690467493,0,0
-11.624350624499998,189.037921408,-250.214915894,0,0
-12.825469835994491,188.6699224058649,-250.15096041460188,0,1
-13.995000144429383,191.33588805068584,-233.00173549190868,0,0
-14.146488314160392,191.15047910753364,-231.9794801443782,0,0
-14.883536502601164,190.2957563667075,-232.76567642031983,0,0
-14.873537906025245,190.25571263898567,-231.5613467017192,0,0
-13.759963756709558,191.71420338532096,-233.92085247125112,0,0
-13.053534205913436,192.6045283983776,-235.96758327211825,0,0
-12.139279738905753,193.03423899818205,-239.47972807196763,0,0
-10.925091463014631,193.2600050269696,-240.63198402298133,0,0
-14.407172975234865,191.2270094314701,-235.10067189201743,0,0
-13.848460718212303,191.91964042389745,-235.85413975577364,0,0
-13.119911580025349,192.60440189842487,-238.25214606982232,0,0
-13.72779775601814,192.13755104560903,-236.96773792163384,0,0
-15.339345013731528,189.6270079565236,-231.99983557425304,0,0
-15.849053751329954,188.7688437520623,-231.74764007389973,0,0
-12.842936121057722,189.70913258974144,-248.01522886564007,0,0
-11.602120762336837,190.3426588379193,-247.60063727111148,0,1
-13.988942522940636,189.17907846281244,-248.09292491314145,0,0
-13.445251276864838,188.93256368255072,-249.0910584514996,0,0
-13.8776196648298,188.2887744697449,-250.076909707462,1,0
-14.595782846074592,190.8008085850304,-233.9918323892925,0,0
-15.276537993472592,189.9692811683348,-233.77524661660573,0,0
-15.718341421504611,189.25120305371715,-232.9553007132592,0,0
-12.8747568798367,190.53709865216672,-246.3156313516596,0,0
-11.527937038571396,191.12410937077647,-246.0910977409852,0,0
-15.314482120273444,190.22510464916925,-235.1697463385561,0,0
-12.50588331839376,192.61970986525463,-241.07517171523656,0,0
-11.181982598314582,192.73794516753028,-242.4752249569709,0,1
-12.814338510472698,192.0060169556876,-242.8558434842644,0,0
-11.390902459855528,191.9786429420812,-244.3678626190039,0,1
-12.797461279422912,191.26922524956703,-244.8006790184093,0,0
-13.661877893529796,192.1773130764719,-239.7165061861599,0,0
-14.783842911558756,191.1112792226824,-236.59851322095392,0,0
-14.442860917229227,191.61609467197056,-238.22184559582544,0,0
-16.35850563706101,188.2009132334274,-232.644130537436,0,0
-14.30781012747585,188.6154673761235,-248.9778310834389,0,0
-14.782163921554435,188.788188089092,-248.12695452491351,0,0
-14.020498706656904,189.73160332016616,-246.90843038421616,1,0
-14.745963086331296,189.0927775360992,-247.49957143158124,0,0
-15.306700071493616,188.31362192561124,-248.6436470137972,0,0
-14.938131148,187.891189618,-249.99815914,0,0
-15.896503698183412,189.30186289587888,-234.24966527376867,0,0
-16.323912441285426,188.5520138750213,-233.5949424848914,0,0
-14.50748146697507,190.20043566367656,-245.273176595688,0,0
-16.11315003534661,189.314097119282,-235.34957631049687,0,0
-15.84847028414283,189.9174246606545,-236.4623786848869,0,0
-14.108312695190753,191.669270314142,-241.3202830419224,0,0
-14.566951914134846,190.90266979242617,-243.2140066657272,0,0
-15.066998114305935,191.1104430586777,-239.7920049423528,0,0
-15.811560667582988,190.30065355429755,-238.1778673637933,0,0
-16.736131879065017,188.3432191484768,-234.84041338760665,0,0
-16.917973086174097,187.64020637277005,-233.6239540969281,0,0
-17.540599494064185,187.0594386622574,-234.7069861241457,0,0
-15.515464171041383,188.65201234047944,-247.60997410475187,0,1
-16.244003557514223,188.04384785196507,-248.2057672292264,0,0
-15.292064257554436,189.23078095754016,-246.53487386631457,0,0
-15.960454252088224,187.7134668979673,-249.37909993224991,0,1
-16.71702955376563,188.7952116656396,-236.20409694307173,0,0
-17.45058815571916,187.74327485380667,-236.04756266603968,0,0
-15.752295275087244,189.4445141019588,-245.30467465580645,0,1
-16.298055462941164,188.89574732417253,-245.8901178259817,0,0
-15.71281298768009,189.8744750895776,-244.0847991476903,1,0
-16.63509922656759,189.0257061053686,-244.81069815305392,0,0
-16.603372899253497,189.2654161268096,-237.3988948029064,0,0
-17.334799690132606,188.37544787179783,-237.4412972441989,0,0
-15.622900484439766,190.5211173757289,-241.4379668479794,0,0
-16.03252518727072,189.9447028855964,-242.9086034271604,0,1
-16.359834569480142,189.92266592599552,-239.96786655581468,1,0
-16.971148485846673,189.12618084485496,-238.69417315919432,0,1
-18.24238459851083,186.43979318354167,-235.9224316756217,0,0
-16.963557451573056,187.4310533168325,-248.8858285950002,0,0
-16.44105335533318,188.4236505816742,-246.94061016899704,0,0
-17.229432689199875,187.67572491639496,-247.79287842532509,0,0
-17.180023781839225,188.3589918413712,-245.82200072120136,0,0
-17.687676122972675,187.75605105568704,-246.7300067542158,0,1
-18.15733835884283,187.2063587182016,-237.3365331283744,0,0
-16.943875004581425,189.0798526875311,-243.67729293554808,0,0
-17.72154382244324,188.27459313190573,-244.68389095467344,0,0
-17.981134942980677,187.91155024499284,-238.6932985741116,0,0
-17.141213870455612,189.16396535152728,-241.75811453271908,0,0
-17.648825042583887,188.5935243729375,-240.09279976699287,0,0
-19.00280726749328,185.79342015543224,-237.2361286546532,0,0
-17.872810684399646,187.0649636665071,-248.540278345496,1,0
-18.21765646106995,187.1781638541112,-247.5531312902129,0,0
-18.677117163256725,186.6760780228049,-248.3051343106117,0,0
-19.061319334912486,186.66600657104715,-247.4767444539332,0,0
-18.16065883889691,187.71282219326537,-245.7465963615336,0,0
-18.78860044442614,187.08066347311865,-246.54740075932423,0,0
-19.52181329025432,186.4913308859668,-246.82741071158685,0,0
-18.938974305468992,187.18063004010847,-245.52463277692192,0,0
-18.904020496285025,186.594342735908,-238.58036908544867,0,0
-18.76480788398024,187.26585257860447,-240.03673607734115,1,0
-19.69652742170212,185.9124625676763,-239.85944448095216,0,0
-18.379479201736068,187.9367608731173,-243.258069739618,0,0
-18.64199460436337,187.5407607995085,-244.76717436540423,0,0
-18.541650446555074,187.75582916897727,-241.353749984505,0,1
-19.38403669120077,186.96346415881737,-244.07202023659147,0,0
-19.60502885857301,186.46162728564585,-241.1650442253873,0,0
-19.45174974791856,186.8829735139277,-242.74414317525543,1,0
-19.3932152886,186.275155806,-248.148198623,0,1
-19.77824982839558,186.19108324266853,-247.36350911566885,1,0
-20.12120258484356,186.06087306686348,-246.57918659360945,0,0
-19.60986197955632,186.59516441220407,-245.82714500843923,0,0
-19.34212861508281,186.9254418127574,-245.0098523362299,1,0
-20.04773731078027,185.8458551553776,-248.04783596406776,1,0
-20.45822367904965,185.23241906323145,-241.0892494907596,0,0
-20.260909849279862,186.06255358512,-243.67800114588857,0,0
-20.04097189892741,186.307297453622,-244.78581475731704,0,0
-20.3684604380572,185.74832651133084,-242.38337966283484,0,1
-20.426791236391864,185.6897543255923,-247.297622544576,0,0
-20.70051570145383,185.33743048665733,-247.98598352157785,0,0
-20.482570009071456,185.83398927009785,-245.7082598451757,0,0
-20.79633567656804,185.46170459573776,-246.54787526452748,0,0
-21.06595556190837,185.1133349188122,-247.28004246381448,0,0
-21.44421126428048,184.8082440984756,-246.5795438242654,0,1
-21.24506701916215,185.0544733123773,-245.78023518820245,0,0
-21.08955101874187,185.00330667608463,-243.36063474702155,0,0
-21.146691906892336,184.5749788899736,-242.16526601943264,0,0
-21.729878075989525,183.989909709164,-243.09674221403205,0,0
-21.00458591993369,185.28742837286168,-244.6202364043461,0,0
-21.766677203988365,184.4130843211525,-245.1909625790217,0,1
-21.703417817817552,184.32090980255705,-244.12388407851248,0,0
-22.25007323256536,183.4220527110513,-243.90816448977887,0,0
-21.33475829508954,184.7558655752044,-247.96200286284247,0,0
-21.65473365542956,184.51422723365167,-247.3266329731197,1,0
-21.87913892740376,184.2025679397662,-247.97314240978207,0,1
-22.25235917631007,183.67828010903816,-244.8219973793248,0,0
-21.99515436716713,184.19040261320487,-246.7420110399141,0,0
-22.16506109360888,183.95166187812305,-247.41087406426428,0,0
-22.28906641491515,183.77994178907343,-245.68990658381583,0,0
-21.836596857225803,184.3822346890454,-246.00088908318708,0,0
-22.34593970639561,183.6955750369828,-248.0063274315916,0,1
-22.702028597496163,182.8957534581737,-244.63347500614768,0,0
-22.681245732582777,183.1531991430604,-245.4132030483345,0,0
-22.266256108850776,183.8627700517113,-246.3170056395997,0,1
-22.664563269479377,183.31599908525348,-246.1989015956327,0,0
-22.44921846224958,183.6416984494753,-246.8651909492071,0,0
-22.82190580363478,183.1585332093425,-246.97664628434504,0,0
-22.74526667867625,183.23228770999668,-248.0499121934216,0,0
-22.587639746198874,183.4518807369037,-247.4951057559407,0,0
-22.94100238656364,183.00863352331328,-247.5744159064369,1,0
-23.08936224498856,182.8124502219705,-248.0980902713445,0,0
-23.25714017941125,182.58711224003312,-247.6861028207032,0,1
-23.0657918212197,182.4420597060912,-245.25009599876856,0,0
-23.069886164838373,182.6425431115601,-245.9550619356825,1,0
-23.38487414788857,182.00876030793447,-245.80890797314413,0,0
-23.153776219639283,182.7045898153844,-247.1863017156031,0,0
-23.08790836340821,182.737022658265,-246.59679080715395,0,1
-23.38108244633381,182.21715122838208,-246.4533247526417,0,0
-23.34143926683318,182.381264875675,-246.91536345502283,0,0
-23.43076887749188,182.2926813651206,-247.2864886554256,0,0
-23.38409826587068,182.431120812591,-248.14603331138096,0,0
-23.64658934218207,181.63570575466147,-246.3083184096429,0,0
-23.50899604427281,182.2277849152408,-247.7686908678604,0,0
-23.6337746341532,182.08306942717635,-248.19055675724863,0,0
-23.730337618713907,181.8890009740713,-247.85665823498263,0,0
-23.600899864978857,181.9324647046001,-246.93864069828547,0,0
-23.639455329246864,181.96610792835304,-247.4136992157001,0,1
-23.79900527096605,181.7271171968229,-247.63082434041607,0,0
-24.096577173593303,180.9112573579773,-247.1589427431857,0,1
-24.235913193420267,180.686917925258,-247.4674977534128,0,0
-23.950243650616272,181.49540451804504,-247.84404889862915,0,0
-24.11726189393947,181.08558265594365,-247.65880678198343,0,0
-23.883476517464185,181.4746215316974,-247.29666054414483,0,0
-24.107836209732227,181.2323338963265,-248.0244707406709,0,0
-24.03123958489176,181.44723618692967,-248.2669134386724,0,0
-23.84530996500612,181.7608022183253,-248.2305053378278,0,0
-23.87205834901654,181.2986884221516,-246.76059153352435,0,0
-24.318067201687448,180.65081751860785,-247.82805892752768,0,0
-24.454750484881643,180.3957247137388,-248.0871006030373,0,0
-24.5506052852,179.955712858,-247.956077029,0,0
-24.22009109488754,180.98706195884603,-248.02451707527365,0,1
-24.33731600064262,180.7773364192332,-248.19933770594287,0,0
-24.2004786313,181.126365204,-248.300793514,0,0
-19.56710398371173,185.98480999196727,-248.8336101740205,0,0
-20.08150257905257,185.63897675534707,-248.84585280754013,0,0
-20.506630424836093,185.3883549054805,-248.5605121935755,0,0
-19.739688183,185.702890022,-249.522572099,0,0
-20.46917371157869,185.23196206029107,-249.4078588256418,0,1
-20.972659022993323,184.98757149594672,-248.65376331151376,1,0
-21.17551920704485,184.69751914579905,-249.2727272699757,0,0
-21.53929488883116,184.4797248364245,-248.5850820986857,0,0
-22.075999035397505,183.9470277879549,-248.5223692104646,0,0
-22.529146704271533,183.45933068712424,-248.4748102216361,0,1
-22.70178049997487,183.23685334739625,-248.8869517969758,0,0
-22.278267013414304,183.6884683565248,-249.00819677562336,0,0
-21.775086453153595,184.176718140918,-249.137432828694,0,0
-22.89934785695421,183.03270408607744,-248.44024187538864,0,0
-23.20395441341664,182.66430348785545,-248.41567885326063,0,0
-23.061205152556965,182.8245475897356,-248.77515204578623,0,0
-23.368473479317217,182.45139448727,-248.67323517297788,0,0
-23.445739891705767,182.355021311012,-248.398955185011,1,0
-23.627630135450893,182.11203955939263,-248.5797239115575,0,0
-24.03664012755124,181.46463062302715,-248.39785066180536,0,1
-23.84663773845599,181.7903961955476,-248.49000957655625,0,0
-24.2004786313,181.126365204,-248.300793514,0,0
-18.88294890885282,180.1132449381875,-231.88821157581333,1,0
-18.83965095854297,181.2554257408,-232.2098940591385,0,1
-19.134885227091186,179.2449030247145,-232.48087526344443,0,0
-19.11348378526811,177.51750904259677,-232.58447433052265,0,0
-18.979691671297378,182.12253786648176,-233.0756291403916,0,0
-18.58588687879949,183.29528142211183,-232.79398508030343,0,0
-18.025950803100248,183.85542431200008,-231.637319551,0,0
-19.339753224659287,180.51651278654523,-233.333417991626,0,0
-19.500422948117755,178.94261224890585,-233.519293985008,0,0
-19.5959591588952,181.4033066448695,-234.34436235845428,0,0
-19.80150340040036,177.74799409207375,-234.5484130075116,0,0
-19.15763779582277,182.8091421988046,-234.0008055810663,0,0
-19.7468935054222,182.36948833386,-235.2848691488104,0,0
-19.93827864859076,179.62935668973148,-234.7343677828586,0,0
-20.177932869142563,181.0481019872587,-235.6971749558788,0,0
-20.349175435037,178.71036330043356,-235.820523639732,0,0
-20.358449022852906,177.5364951120686,-236.13255676738743,0,0
-20.51227477091581,179.91493407943537,-236.24756467872928,1,0
-20.80248208921904,178.5996072903675,-237.017786509408,0,0
-20.829423685074183,177.5415435794216,-237.3696423822076,0,0
-16.37566281713387,187.89188809615888,-231.95161905200405,0,0
-16.89081096678398,187.1914092197894,-232.52891815642923,0,0
-17.06610006183574,186.2239267441652,-231.53570572447964,1,0
-17.52999884058909,185.95054729746644,-232.67049283393217,0,0
-17.567187942817704,185.1059272520349,-231.62747126536752,0,0
-18.09073923774039,184.77173846178565,-232.87037470257545,0,0
-17.334164797088146,186.81008327898752,-233.42284130803603,0,1
-18.64865041776707,184.32253647068484,-234.0143294422521,0,0
-18.02800477978205,185.8759991435123,-234.17601699183223,1,1
-18.68639133090736,185.14180324802027,-235.15976945430768,0,0
-19.330328963291887,183.90516357680764,-235.5227360333625,0,0
-19.00914216519784,185.1664467496042,-236.2008051476216,0,0
-19.87581993129849,183.371037453526,-236.50217236009664,0,0
-19.554007543653903,184.52581211828,-236.9338246701973,0,0
-14.938131148,187.891189618,-249.99815914,0,0
-16.10054436820394,187.41946168227653,-249.90082098486047,0,0
-17.19693160690154,186.94972379668167,-249.8014057086402,0,0
-17.72610329255052,186.9212241741256,-249.17928025602563,0,1
-18.4181599734326,186.57615705660203,-249.1052753105162,0,0
-18.1608423212938,186.5127997706052,-249.7066604504616,0,0
-19.017411996051763,186.2918523566545,-248.9322700062276,0,0
-18.99344477896995,186.10896002581865,-249.6167156821485,0,0
-19.30765341852321,186.0524737088228,-249.1799305530892,0,1
-19.739688183,185.702890022,-249.522572099,0,0
1.959303852262391,187.08626180579105,-248.09700616003764,0,0
2.2700169935718795,186.93460121695028,-247.892900948537,0,0
2.1317289986999866,186.76239115,-248.23613725300004,0,0
2.0513560036160152,187.3086804409817,-247.7456428841552,0,0
2.425478511233731,187.1268196345621,-247.50308923922464,0,0
1.783261407122461,186.73737360849765,-248.67025204279813,0,0
2.0029416775709548,186.60104577947183,-248.5528167139722,0,0
1.87360829522,186.438045682,-248.86830842900005,0,0
1.5755111121085166,186.6861099346562,-248.9565074496784,0,0
1.8483888621690376,186.898699928254,-248.42553391232568,0,0
1.524154141741067,187.01785256342,-248.648177067275,0,1
1.698513864236453,187.15437689428973,-248.30775022368465,0,0
1.2296025726369824,186.9360740324356,-249.0472350245668,0,0
2.16724172416324,187.5568935191868,-247.3303226537089,0,0
2.6001922431162945,187.34092692141803,-247.0601993960548,1,0
1.6842772509954718,187.40714688571163,-248.02890451292487,0,0
2.302998289948459,187.828871716072,-246.85504715213017,0,0
2.796503807003232,187.57884006185017,-246.5567953427302,0,0
2.463749416597477,188.13382076927144,-246.2993859309856,0,0
3.017078422319765,187.8424646472032,-245.98437883210423,0,0
3.264973642560515,188.1336338174592,-245.3332479187563,0,0
2.6402555714972484,188.46499251908224,-245.67739938488984,0,0
1.7299032221824246,187.68609287817927,-247.6433116884278,0,1
1.1128305502590936,187.3137184339093,-248.7176781049293,0,0
1.397103426280357,187.36896637815929,-248.3690454856913,0,0
0.8212273188198305,187.1956772580812,-249.14346080818544,0,0
6.0795790581052405,190.96376287993792,-237.6401918641909,0,0
5.323067399314779,191.87279727048136,-237.0926901807781,0,1
6.647155660930292,191.4188954360003,-236.06398667000016,0,0
5.100030802172162,192.6131075820676,-235.81509446861944,0,0
5.55865819258484,190.51137296147687,-239.0846078519254,0,0
4.73794477481162,191.58726753832588,-238.3362516252008,0,0
4.61126174795806,189.6034677850724,-241.6967765708923,0,0
4.211776845889546,189.18843892750053,-242.7883440769198,0,0
3.590448353984806,190.13717250875453,-242.18647316400137,0,0
1.808997239105801,187.98947430236527,-247.17896496545177,0,0
1.3571346300021176,187.70339814482105,-247.9946020037779,0,0
1.907444291864815,188.32657316772404,-246.6344798388968,0,0
2.834724882358899,188.8249722981769,-244.9782941959517,0,0
3.5437405371164115,188.45403564809104,-244.5923441540118,0,0
3.857577397616781,188.80514918019784,-243.74905428726203,0,0
3.050918784158125,189.22662193962665,-244.1733301558712,0,0
2.0039418380539584,188.68156959235503,-246.047248205313,0,0
2.104091584768628,189.06816273927,-245.38674164286164,0,1
1.4079423087497007,189.20909225336845,-245.81649419816395,0,0
1.357130784763964,188.04578449294223,-247.5486002736847,0,0
0.9984877099852068,187.6886095659061,-248.3557733395158,0,1
0.6710713539310804,187.6135087622728,-248.7554625790164,0,0
0.927885454804812,188.0720124670502,-247.910830908376,0,0
0.3433317123163439,187.4652544151608,-249.245574556936,0,0
3.2977664543186744,189.6611232102236,-243.25608771590623,0,0
3.9454780314341216,190.61060323774004,-241.00730703201447,0,0
5.063106321498818,190.05008324457,-240.45423869938472,0,0
4.308503445745924,191.1110781248505,-239.7181152105333,0,0
3.7410571240619097,192.6181291907352,-237.12383376055527,0,0
3.288145887649782,193.47885202783533,-235.3003162208951,0,0
2.3457809374437986,189.9640049675635,-243.7347761589857,0,0
3.326892342364612,191.9908563522624,-238.92895039235296,0,0
2.505262736896579,190.45237941831843,-242.73660944781943,0,0
2.682150850944459,190.97888987031115,-241.59415585334503,0,0
1.3731402935520884,188.4184711705505,-247.02273726141928,1,0
0.1554818108845574,187.9249962905737,-248.79075485019075,0,0
1.388152191802897,188.80792706430503,-246.44619516115213,0,0
0.8570941890741836,188.85136530357343,-246.84895711852155,0,0
0.8076691557734603,189.28686888764187,-246.2084288904301,0,0
2.2192290464512823,189.49015633112927,-244.62760412506063,0,0
1.431433356340866,189.632050585934,-245.113362146238,0,0
0.815225026531358,189.69342585168204,-245.52791392762924,0,0
0.8978518126916444,188.45459774578788,-247.40082019551588,0,0
0.5324853898527412,188.0221078953608,-248.3304700847104,0,0
0.4316409756826141,188.43669674172685,-247.8281763981238,0,0
-0.212033884323588,187.7452282192144,-249.3540294528072,0,0
1.811389359969477,193.430974952094,-236.43876842952344,0,0
1.4151458922830602,194.0974590887137,-234.6585136377688,0,0
1.4393876706220303,190.1196581395342,-244.26855727933005,0,0
2.907102563567271,191.49675986419925,-240.35719649141896,0,0
1.7923765970371746,192.81818171502672,-238.13434824064285,0,0
1.4474838092526598,190.6311149056476,-243.3186302229052,0,1
1.7065676642331589,192.2883392937576,-239.5365578959327,0,0
1.527736579806872,191.70133119711804,-241.04035863173283,0,0
1.4874976031620033,191.16085130673443,-242.2336381181971,0,0
0.2789395902270978,189.2969221342624,-246.6230239661476,0,0
0.3424728308341015,188.86761394415663,-247.25480240271503,0,0
-0.486156577199076,188.26933181692203,-248.8277068671389,0,0
-0.8539827737356986,188.03615199048363,-249.46936608898665,0,0
-0.0317824859091403,188.38194950020448,-248.2930303440709,0,1
-0.1803567979129355,188.84306819103864,-247.7121743217617,0,0
-0.3167902424206384,189.3026015797664,-247.0782455580992,0,0
0.1787047983334992,189.7185317288956,-245.99136764370408,0,0
0.7740406026562026,190.13856460951027,-244.7783890913638,1,0
0.2204239803956271,190.03213595936657,-245.4036851450716,0,0
-0.2152118143934593,190.5473445982886,-244.75995250406257,0,0
-1.168851602979684,188.5724218973233,-248.89882953601045,0,0
-1.59304608234861,188.33844085567603,-249.5921403905665,0,0
-7.085946890745567,194.8399540325861,-231.9468587827943,0,0
-8.450206153510658,194.652961607812,-231.6877964155317,0,1
0.0290780849390585,193.96917247132524,-235.7200733829476,1,0
-0.315300456655927,194.50267634179744,-234.0049741020744,0,0
0.0609659259422562,193.45157837914084,-237.37276104663945,0,1
-0.0053754395918157,192.93795882058453,-238.944235041594,0,0
0.6261515679992908,190.64182290112188,-243.9460956889372,0,0
0.4298490158506989,191.20285380676867,-242.94727726471683,0,0
0.2368221470608855,192.35573140134764,-240.37686351020085,0,0
0.2879271436336437,191.7413350382012,-241.8483881122503,0,0
-0.2887455893528752,189.64417895858264,-246.47806405482103,0,0
-0.6918344363448241,188.78510569616256,-248.199962640202,0,0
-0.8597267083983567,189.3112372691764,-247.47034011212,0,0
-0.9428632580339114,189.788250957652,-246.7063185627095,0,1
-0.6702831801996698,190.1798424606402,-245.794658205036,0,0
-0.6438412596868184,191.138007717022,-243.8518186422296,1,0
-1.0251616457897954,190.7887714650376,-244.8519218183256,0,0
-1.4467677980329674,189.1391017360748,-248.1854151627244,0,0
-1.9728893040902429,188.91257861305257,-248.9421005579997,0,0
-2.442219903305267,188.649722947752,-249.7221540104806,0,0
-1.601649363246644,194.35181649543173,-234.94410872319955,0,0
-1.8513688803058448,194.7603859823274,-233.3924402955105,0,0
-2.997233651396498,194.59006431440875,-234.27538298342355,0,0
-3.207351496435181,194.9184485448445,-232.83151931115248,0,0
-4.257694826395188,194.75306101876703,-233.5813212457034,1,1
-4.401857159952654,195.00223543207863,-232.32003339248428,0,0
-6.262111802953491,194.86486237854493,-232.42529845919583,0,0
-5.4517703856899,195.0303106328526,-231.8551942669837,0,0
-5.318670939015718,194.836890841369,-232.974183952801,1,0
-7.079827677829071,194.7183948901109,-232.86539299322283,0,1
-7.94718304066287,194.6615873187636,-232.37927162025684,0,0
-8.72545157188254,194.5497383379508,-232.29499512983529,0,0
-8.973267178485795,194.5597448296428,-231.7463583057258,0,0
-1.524458783691205,193.90531569772256,-236.5929351180267,0,0
-1.8733556919568195,191.272957407382,-244.387193500436,0,1
-1.6362249097743546,193.4321747642712,-238.3040006341887,0,0
-1.7894637445631785,192.8621632929931,-240.2098863894969,0,0
-0.9227999207414456,191.77660311315603,-242.58777644785704,0,0
-1.734033207797056,191.6314233116302,-243.4699552312668,0,0
-0.92355088888341,192.2130988536465,-241.49652920954853,0,0
-1.6201577214590426,189.70328533901096,-247.33411610283488,0,0
-1.6842117337666616,190.2460890219897,-246.37838153324228,0,0
-1.7531983781262663,190.73105181309063,-245.4664589519016,0,0
-2.301497465742659,189.50309514072933,-248.1529446931808,0,0
-2.5494906895510216,190.1223743757464,-247.18090479753576,0,0
-2.882263614109215,189.2602845797467,-248.97159893549485,1,0
-3.415754375674025,188.96370261706127,-249.85805646010303,0,0
-3.284573984953872,189.884204692363,-248.087033064278,0,0
-2.9780233395128786,194.2365397906713,-235.80963022105104,0,0
-4.187322392813892,194.46853605259687,-235.0077242659937,0,0
-6.245851520169397,194.70156275645,-233.49534956473823,0,0
-5.3349149068168735,194.6297152252269,-234.1641923395752,0,0
-5.471158677941913,194.41814801094577,-235.39675567281407,0,0
-6.446198499817398,194.53088211455008,-234.58762482530085,0,0
-9.336182484409472,194.4648312869408,-232.0903073109041,0,0
-7.177933183787283,194.5855323172856,-233.8490436958256,0,0
-7.797933055452542,194.59244162658428,-233.23519857885108,0,0
-8.547056368769773,194.5043852741292,-233.1189626214704,0,0
-9.262373821790469,194.4157005430383,-232.7942064082336,0,0
-3.0453032960347883,193.83514762533568,-237.49416600244288,0,0
-2.8469162860088115,191.2773803892764,-245.0008273033341,0,0
-2.919021157564256,191.8264332365224,-243.7517400976626,0,0
-3.422333704059789,193.4266687857146,-239.24201070881008,0,0
-4.39051247998768,193.84942899419693,-238.00408364775183,0,1
-2.472064464813436,192.33218846257404,-242.15226930442893,0,0
-3.3384530329762447,192.9829339986252,-240.7309936830408,0,0
-2.739901709541365,190.7077691232318,-246.15126220481068,0,0
-3.56884576017108,190.4979434256671,-247.06831614890035,0,0
-3.876743213007435,191.1382205172287,-245.9142879783344,0,0
-3.9557461983200986,189.61947597501683,-248.9851862143484,0,0
-4.5302239600208924,189.26298417101648,-249.99518815298708,0,1
-4.36671121055207,190.258216180247,-247.97904954733016,0,0
-5.113740199984701,189.9304329823977,-248.9921284971637,0,0
-5.80706858791293,189.51375314858788,-250.1240529069384,0,0
-4.484130880801662,194.16943733827773,-236.5493811406831,0,0
-5.887407469804485,194.23628345804127,-236.50269946960543,0,0
-6.929829483079886,194.3566340593509,-235.7151142554601,0,1
-7.370691084307008,194.47456360540048,-234.6413689208666,0,0
-8.242720622907678,194.4569837261254,-234.06872402741405,0,0
-9.202916711973158,194.3524197643173,-233.68796673457024,0,0
-5.553890453904245,194.0051005727448,-237.69606374071503,0,0
-4.090764380190987,192.808739563472,-241.7233179073584,0,0
-4.199349510254672,192.34305692869324,-243.16175468630345,1,1
-4.1335759930991305,191.7813601281897,-244.5839035038645,0,0
-5.067722547978757,193.6803865091076,-239.0393821002701,1,0
-4.722396151053618,193.27991607979715,-240.46969883809928,0,0
-4.798582091297615,190.9244157124607,-246.8405307030192,1,1
-5.152757549361864,191.5493773088688,-245.6427496616958,0,0
-5.802827673736557,191.1609126052119,-246.75719342696507,0,0
-5.640565286221929,190.62256722809823,-247.82104694228903,0,0
-6.487911178404842,190.2091817944197,-248.9353684432964,0,0
-7.264987710187409,189.6569764101637,-250.22730997984067,0,0
-6.826199457686036,194.1522704129125,-237.1173152158632,0,0
-8.11944824782309,194.346629118704,-235.27400645092064,0,0
-8.038168952778223,194.2236932187164,-236.40822459697773,1,0
-9.154707504505527,194.2817659519803,-234.64964029348133,0,0
-9.15410661488404,194.1827357732311,-235.7958570948541,0,0
-6.534504249923778,193.9009264659341,-238.5308019405477,0,0
-6.332972067327203,193.5401465936054,-240.18297747584745,0,1
-5.695879846149431,192.956225402518,-242.0953243851372,0,0
-5.919916647656929,192.3026000986162,-244.1284973181322,1,0
-6.800066787622078,191.6913096047552,-245.8894552930954,0,0
-7.146506594156306,190.99704637604623,-247.45506036760884,0,0
-8.056727135821749,190.2541754080434,-249.04672837921308,0,0
-8.830867881719968,189.6199049836109,-250.27967591638773,0,1
-7.907979858840752,194.04016078368045,-237.8322439476447,0,0
-9.224860750559111,194.051315772842,-237.05040581243003,0,0
-7.84165668819081,193.79792528323443,-239.31307125058325,0,0
-7.608859033453463,193.38270217373025,-241.21821341668024,0,1
-8.017445093252748,192.29574119747275,-244.64719366614847,0,0
-7.666294582309661,192.8899681229684,-242.9689279408927,0,0
-8.521296709801742,191.53330200284208,-246.3923773439171,0,0
-9.038831674897075,190.7562981239033,-247.93680771488465,0,0
-9.517073571566677,189.98545643356425,-249.3635163048218,0,0
-10.315055175891828,189.38195419568297,-250.2671194883945,0,0
-10.662225680226536,189.72391596491948,-249.3835209759656,0,1
-11.624350624499998,189.037921408,-250.214915894,0,0
-9.255560818843367,193.88106273395263,-238.43957864817995,0,0
-9.25035829640936,193.61073410807376,-240.11433295372308,0,0
-9.360453728052878,193.2104234832538,-241.8529557992442,1,0
-9.964110532756134,191.8740134918237,-245.3605047244811,0,0
-9.6614332031621,192.65871688657072,-243.5364096024875,0,0
-10.24832652320694,191.0364505803948,-246.9986277542368,0,0
-10.534353617001322,190.273623145966,-248.372737276678,0,0
5.602850786782673,194.0131259715789,-231.86765394223733,0,0
6.828163756074723,193.0741385782165,-232.6751293712976,0,0
5.563932875442824,193.5069458697338,-233.19985583560955,1,0
6.769688783072277,192.259542613738,-234.4230331067346,0,0
4.189029397589619,194.10436534228205,-232.8824197259195,0,0
4.71450591696524,193.3320622027136,-234.49528573148527,0,0
2.564743386245504,194.71383915277423,-232.1366466976954,0,0
3.008868670863196,194.0764153901108,-233.806978203522,0,0
1.3035927994146768,194.5773553197802,-233.16557926790244,0,0
-0.4233112446250349,194.93281881585617,-232.4818337851918,0,1
-2.045293773512064,195.11486722357373,-231.9941367585494,0,0
-3.2887051947814125,195.20002943445235,-231.5931673864825,0,1
8.98673404399042,170.88072313740366,-234.1968052152299,0,0
9.654894234739924,172.171827708694,-235.1082558327085,0,0
10.26495063450054,171.68007307899956,-233.10898930300016,0,0
8.9581648302289,170.30003923811094,-232.70503794631173,0,1
7.44470440674045,169.09676815423722,-232.2710465228789,0,0
7.681665782204668,169.84162386204045,-234.1270219714609,0,0
8.743861872765827,172.71171135637778,-237.02004439258727,0,0
7.962233693891019,171.0192929134302,-235.94756923083744,0,0
7.321450823684117,171.78599663736517,-237.85535057545903,0,0
7.75953120083379,173.1838624895025,-238.7967890452116,0,0
6.4292817987143644,172.1894706541663,-239.58297280317203,0,0
6.851714363231831,173.55099986840705,-240.36642988056755,0,0
5.746092033720898,172.5460591778198,-241.02064123799423,0,0
6.048601698899267,173.86112583659687,-241.7622256701036,0,0
4.728315827206184,173.5254474008169,-243.5805020330753,0,0
4.764755679915439,174.4073703850749,-244.1228116502292,0,0
5.3545016223732045,174.14203922795048,-243.0082661136191,1,1
5.838998772939874,168.01030827500284,-231.83325950005053,0,0
6.118662478592109,168.73223805900443,-233.78036837845235,0,0
6.253994947937237,169.63594387524242,-235.64477049575032,0,0
6.420224775992068,170.56694820405212,-237.14429920407807,0,0
5.6897100995866055,170.93165200420495,-238.6963263158378,0,0
5.158981614598536,171.38551864931824,-240.26385626764247,0,0
5.203486498674094,173.00750713310435,-242.3531390894131,0,1
4.538367871404686,171.71904826717653,-241.82620505093115,0,1
4.136909301043357,170.7913069679179,-240.81703626344424,0,0
4.498921041386079,172.53744649291446,-242.9999673335873,0,0
4.18061368332818,172.74949846966967,-243.77922241686755,0,0
4.24999788289,174.67559275399998,-245.16476481,0,0
4.020470704715977,173.5898056956815,-244.8411633270917,0,0
3.562670790688044,172.4152127852682,-244.49962098287176,0,0
4.558344033099004,167.73653283673255,-233.4137542526672,0,0
2.889959913055601,166.68364946745226,-232.8898592516829,0,0
-0.3053946353953617,165.00522038781662,-232.15984848595087,0,0
1.3457002978578063,165.81055273920967,-232.5044856025912,0,1
4.685207962243941,168.57379867118442,-235.31269130069373,0,1
3.1786097318993582,167.5241174902815,-234.7585982134604,0,0
4.774200863434292,169.5629891535353,-237.2746949823143,0,0
3.1489218829143777,168.3611307945612,-236.69949541049635,0,0
4.164023040175163,170.2022608227591,-239.4615811575065,1,0
2.9375673767537185,169.8665648811737,-240.8120986725237,0,0
3.675635130260137,170.8589588970181,-241.80240289498747,0,0
3.69571281123873,171.6827596204472,-243.26070631381265,0,0
2.643216110066368,170.27792412049854,-242.5568203638428,0,1
2.8100256957044323,171.19279708947903,-244.15541493214369,0,0
1.4820745390157888,166.48533442071894,-234.4126068677064,0,0
0.0581865639647884,165.62643418337382,-233.97624889289563,0,0
-2.2469487247215008,164.23337420972751,-231.6834924690056,0,0
-1.3100759154561656,164.88355076153675,-233.4374305574628,0,0
-2.909869340912484,164.3862108736166,-233.8222410485906,0,0
-1.5454641476289286,165.22075966786537,-235.1011635995894,0,0
1.882694492614289,167.28369772123312,-235.8481698705638,1,0
0.1075022750013742,166.3866407020546,-236.078291195981,0,0
1.1663096830451525,167.71654535351811,-237.8726584226174,0,0
-0.6848844888810725,166.60964716938165,-237.91857031076108,0,0
2.908956359973658,169.10267431058978,-238.75959001276905,0,0
1.3329611795012244,168.57074475673468,-240.10745187007623,0,0
1.5379634009501226,169.2529914074605,-242.1020151320276,0,0
1.734407580516608,169.96084790655237,-243.8214309899136,0,0
-1.8537430872728384,165.61900639471298,-236.91672889242705,0,1
-4.101832554945449,163.87981925565748,-232.57525380526604,0,0
-0.3913150778560295,167.34574913401056,-239.6754643710757,0,1
-0.0125603747810921,168.0590661893685,-241.64468292846368,0,0
-3.0669274990059323,164.7512248898826,-235.77129161972644,0,0
-4.427663236100006,164.07403982662643,-234.4659940662454,1,0
-2.291879551544859,166.02223460638373,-239.14761504596063,0,0
-1.761018312390445,166.80832647942836,-241.2178233320452,0,0
0.3446328268162553,168.72470906331174,-243.49894894053224,0,1
-3.759301888869232,164.906840994267,-237.65838355304743,0,0
-4.943164830803844,164.25886144793185,-236.4385087562256,0,0
-1.3052362591031983,167.47018417657588,-243.18141521647283,0,0
-3.093422048580958,166.2476387761329,-242.87931731325943,1,0
-3.678859134044439,165.66636650529594,-241.33037756380008,0,1
-4.663866663168932,164.90667878916702,-239.6452372358914,0,0
-5.698215177097636,164.34614079048598,-238.38291496755213,0,0
-6.4291174929209465,164.36469172576616,-240.3232827369403,0,0
-4.985177330442218,165.17241505422498,-242.62660933049924,0,0
-5.268954218667444,164.8728955821712,-241.2370697531585,0,0
-7.0027245798565545,164.37639558833956,-242.46463603097504,0,1
-9.10784407438,164.00706458699997,-242.437065417,0,0
11.406117449695952,172.8663241934339,-231.8201676247384,1,0
2.6372741159498254,185.5399949207482,-248.56184959331551,0,0
2.7014192377233366,185.60138580410148,-248.4187560829415,0,0
2.8462845423300003,185.183149457,-248.443919637,0,0
2.41281633137267,185.8567741652918,-248.6681220485937,0,0
2.534495037791943,186.00557321827307,-248.3756398873796,0,1
2.325113994130148,186.15232396658456,-248.5518018883586,0,0
2.1602275488633707,186.15578299551493,-248.7700903805484,0,0
2.342931463757047,186.3974579561985,-248.31452978681136,0,1
2.1682806533452297,186.3291528872805,-248.60512244135552,0,0
1.87360829522,186.438045682,-248.86830842900005,0,0
3.506564575921684,183.1441825312504,-247.4732358620816,0,0
3.611921678378952,183.418099740722,-247.1798236554376,0,0
3.634167944820745,182.9883956992294,-247.1070743917264,0,0
3.51057515033344,182.84015124820385,-247.45806901448336,0,0
3.420036903060343,182.89901697697704,-247.7201645249816,0,0
3.381800544462875,183.22341332295392,-247.8211932107548,0,0
3.475743765736487,183.5134185697693,-247.5520535259126,0,1
3.5817966827338013,183.802544881978,-247.2537289650368,0,0
3.3301492762098666,183.5811639548303,-247.93299561035943,0,0
3.575965703370529,182.60094970426613,-247.2703969787749,0,0
3.45539781283,182.573691613,-247.618967569,0,0
2.9023264469470167,185.53022596856016,-248.1374406076488,0,0
2.8462845423300003,185.183149457,-248.443919637,0,0
2.805532790496575,185.83612550449044,-248.0898816891433,0,0
3.052221993740172,185.6774153286065,-247.78750325317424,0,0
3.0196161550157266,184.80111239942127,-248.31971791166384,0,0
3.1050609590153098,185.2041394355689,-247.9639923321612,0,0
3.257034600036583,183.9752641024459,-248.0568177614924,0,0
3.4307768661160454,183.907262112618,-247.637723555198,0,0
3.154058900710196,184.3933089497549,-248.1891976641876,0,0
3.264348959162415,184.7340293783075,-247.84033284003183,0,0
3.3582388218996857,184.307517797086,-247.7470827106773,0,0
3.4841549186178,184.58858314475256,-247.386207641391,0,0
3.3799406162152508,185.0479778894289,-247.4801717059536,0,0
3.549591214250865,184.8732943011419,-247.16141847950627,0,0
3.292429398547776,185.45934111184727,-247.47386367073904,0,0
3.7093612664272952,182.6270779059063,-246.8937840105421,0,0
3.7889658077958894,183.04465822722528,-246.6755865528156,0,0
3.715434450034414,183.32019996750324,-246.88990501577263,0,0
3.538245827506401,185.28155552383816,-247.0529293433032,0,1
3.687549408948783,184.88936040281348,-246.83778382264475,0,0
3.690676072196347,184.48775979660977,-246.9076752163759,1,0
3.5411629012760253,184.2213894287299,-247.3179313071031,0,0
3.675862844086376,184.05355328370908,-246.9915677214537,0,0
3.7224220584074863,183.6894457611903,-246.8786854011147,0,0
3.854087724577589,184.0743298028805,-246.5247142083857,0,0
3.851980790236548,183.4918725206372,-246.5216652811952,0,0
3.955023305903662,183.12506898257783,-246.2286479767435,0,0
3.864235085347505,182.65222303455928,-246.4706359486193,0,0
4.04588577917306,182.6748464614754,-245.99538348929937,0,0
4.0216305631931375,183.6721063983043,-246.07622777156493,0,0
3.4160805070495788,185.718741418694,-247.0979771842468,0,0
3.6868156987084095,185.55611194737315,-246.6274653217512,0,0
2.6800979934342446,186.1881380119341,-248.0174417224308,0,0
3.1938575500933424,185.80903888334,-247.4560975880464,0,0
3.1923915565145977,186.1733662191465,-247.2180137216837,0,0
2.9602374923274897,186.0802518555316,-247.66730366431293,0,0
2.7421426086234466,186.416024167428,-247.7409914396149,0,0
2.940605437590791,186.47511341704,-247.3960349254432,0,0
4.140973207752221,183.18784139582507,-245.74746826819944,0,1
4.260173604593692,182.6926284399356,-245.46424438358324,0,0
4.377971955633414,183.28947878568096,-245.16486237988883,0,0
4.229031866956262,183.8071856099408,-245.54705757983737,0,0
4.482633880445958,183.9860481429047,-244.9273228588225,0,0
3.54103251557419,186.0878878388564,-246.65116280032683,0,0
3.800961413195721,185.7578265976572,-246.30200740449973,0,0
3.8709027299139978,184.72187206476025,-246.429471992503,0,0
3.743632776095007,185.1539120031549,-246.63949553293733,0,0
4.074241037691409,185.6795013549692,-245.7363397013992,0,0
3.90486417985999,185.2823862519828,-246.23477449535588,0,0
4.0663742860861625,184.28082112996407,-245.9710523293384,0,0
4.109724006203122,184.9526106026161,-245.8141839368629,0,0
4.298646229963571,184.5093499281637,-245.3813975589137,0,0
4.349687755565133,185.20382725626104,-245.2025845748767,0,0
4.303027012868536,185.8597169650444,-245.16880804116005,0,0
4.087707204158908,186.3356264554546,-245.44173460519423,0,0
4.648276796982696,183.370235026114,-244.5394417024488,0,0
4.5162403572320615,182.70295167820208,-244.8707541014503,0,0
4.5851822420793935,184.76902930298365,-244.6764093838446,0,0
4.597935445307198,185.62971379250465,-244.55118523054523,0,0
4.891184688856473,184.9481656619288,-243.95410716742663,0,0
4.92551219153995,185.7355514843372,-243.7838763657347,0,0
4.773809721748474,184.1344306298222,-244.2486701958748,0,0
4.827041157795692,182.7038351982497,-244.21176300061973,0,0
4.985064556574154,183.46621707219387,-243.81659791871496,0,0
5.153515521199707,184.309289109363,-243.4156448781729,0,0
3.799181824568838,186.25067199387647,-246.06294636512,0,0
4.392923053674871,186.3874107892963,-244.7822021206657,0,0
4.731871337045618,186.43919772828104,-244.0340178897609,0,0
3.186675556757224,186.5902790184119,-246.9199368174399,0,1
2.4749554958017086,186.57752544888416,-247.9753876991062,0,0
2.636294107291116,186.74713818314453,-247.6014571711372,0,0
2.8068178332870177,186.9131665991921,-247.2127549503762,0,0
4.041520834222833,186.97795928248613,-245.1572301684072,0,0
3.4509463631593427,186.68465365709687,-246.4131209510124,0,0
3.726714077340189,186.82818436969444,-245.8315170948161,0,0
5.256750651890466,185.3039025749214,-243.1112441647105,0,0
5.172842738038806,186.43835118907268,-243.0749127750772,0,0
5.197967151528831,182.68931267854936,-243.4792946656686,0,0
5.5780218174256495,184.50975675871985,-242.52707791453707,0,0
5.633631543563628,182.6490361793685,-242.6635055500753,0,0
5.404002714059652,183.54494461190063,-242.9724332257988,0,0
6.15475573931024,182.570650218,-241.75679155200007,0,0
5.862727269227854,183.5704570304252,-242.0985975223433,0,0
6.017767438896619,184.6199871154145,-241.65365597897195,0,0
6.344776034490269,183.5598122272669,-241.24158216785207,0,0
6.5438465191983255,184.62328125943264,-240.68901459806776,0,0
4.3704235364597865,187.15018432512443,-244.42347637628507,0,0
4.76638714719466,187.31752667056267,-243.5464500683941,0,0
5.2580070296946095,187.60087562279224,-242.4023372443513,0,0
3.0446091781619207,187.08545496044127,-246.7160642988574,0,0
3.5606392676173337,187.4926080735696,-245.5702353090309,0,0
3.855424873064588,187.7295921785408,-244.8898030175102,0,0
3.278942361399664,187.28219472045063,-246.1911125694312,0,1
6.183099066439351,185.8007263655929,-241.1186798659104,0,0
5.6602773479823965,185.6267796011591,-242.2093467971483,0,0
5.740845008176227,186.72627665729289,-241.7825288295616,0,0
6.7436538243623225,185.81754745701943,-240.052261378513,0,0
6.331623608554105,188.59382507603743,-239.6952666409387,0,0
7.007649294108415,188.60203760635,-238.39377730656005,0,0
6.914984318748479,187.1536974402351,-239.29644251405512,0,0
5.796542084103463,188.00348965578013,-241.10203340784165,0,0
6.346592968979089,187.1053411127273,-240.4179488221656,0,0
4.212239582199864,187.96873179193648,-244.08956258511049,0,0
4.628516215100784,188.295647118483,-243.08987494946527,0,0
5.06352584456164,188.691927123974,-241.97737790883,0,0
5.526941995933418,189.1487068954385,-240.7433760848496,0,1
5.838583200272998,189.60391544685007,-239.75166525493964,0,0
6.368420078104547,189.67104753650528,-238.75583638958707,0,0
6.942960138555708,190.0549691467712,-237.32823343279887,0,0
3.6423357189534977,182.35051195502027,-247.09928021064044,0,0
3.789504676172234,182.1955282945883,-246.7136812171862,0,0
3.650965161796137,182.05119825331545,-247.1106169687472,0,0
3.45539781283,182.573691613,-247.618967569,0,0
3.504548931971117,182.20540508323649,-247.5040362092269,0,0
3.7389196003430896,181.72297721575828,-246.9220061203352,0,0
3.570330277927249,181.7870323306142,-247.3730696113127,0,0
3.912638628381276,181.72278486924648,-246.4668642209139,0,0
4.181204993441684,182.156632204284,-245.72216795060265,0,0
3.9688097711848505,182.1910940763144,-246.2445953803651,0,0
4.103021950204885,181.7304732314123,-245.9887283516101,0,0
4.322125814663275,181.64308876771247,-245.48654498309563,0,0
4.230912088342528,181.30737872236423,-245.76665350079983,0,0
4.7860304849732405,181.8924051321131,-244.4360119095216,0,0
4.41191741494125,182.1230598817476,-245.18924418312653,0,0
4.529987370766018,181.5210399071005,-245.04984763739336,0,0
4.7505851210124845,181.2477519506743,-244.6404533174904,0,0
4.049471094922441,181.19565725629903,-246.2242747569265,0,0
3.652579361397109,181.31134827231364,-247.22385889925505,0,0
3.8483644872225033,181.2370690495644,-246.7217672675777,0,0
4.2670331911375525,180.65528887937828,-245.8122733846241,0,0
3.989562858601375,180.6762110425154,-246.4683458824164,0,0
3.751667941590528,180.77009205381847,-247.05385584563425,0,0
4.417332566082292,181.12213362040927,-245.38003196658727,0,0
4.514309885766445,180.66572064669728,-245.2582711107392,0,0
4.58788725595591,181.0379569133364,-245.02573574850425,0,0
4.833286167833839,180.4680506656336,-244.62242196840955,0,1
5.136874418862934,181.8908591882379,-243.73821818548024,0,0
5.066449734418741,181.17618052789567,-244.01747414503205,0,0
5.422019780974219,182.04395496793927,-243.1653869560577,0,0
5.4696653104463255,181.24618022313624,-243.2359350297012,0,0
5.3054875585169885,180.438216604066,-243.70138619894223,0,0
5.968541921911873,181.5790843194986,-242.2846255578192,0,0
5.782970774886887,180.6030445435811,-242.8129137807635,0,0
5.584203813277387,179.62751102126424,-243.34359875213585,0,0
3.864683133440216,180.15318228731527,-246.8600876668848,0,0
4.169547752278487,180.0558935462781,-246.14003896445712,0,0
3.989334001042786,179.44929654968402,-246.6391757160138,0,0
4.513715857403655,180.02106177771083,-245.37327194145,0,0
4.764423503965648,179.46072285998997,-244.92344863037133,0,0
5.1431182540386455,179.4732718192152,-244.1712961908973,0,0
4.919836624273733,178.57368664464707,-244.697155138106,0,0
5.356474667987492,178.63728015289712,-243.8782516029493,0,0
5.0826891933627705,177.6258027289887,-244.4123883747708,0,0
4.358424058860782,179.33896762193714,-245.8045402034642,0,0
4.522407795659423,178.5713914919412,-245.5055740027152,0,1
4.118830455051027,178.6449389149036,-246.3872579879848,0,0
4.236048320254089,177.72382993697536,-246.1000395547056,1,0
4.636026829038048,177.63249434213995,-245.2637712296623,0,0
4.73966664868663,176.58106320054603,-244.94217864456243,0,1
4.318150045654245,176.6709100831216,-245.77383210269247,0,0
4.32532311512,175.55446433799997,-245.431194864,0,0
12.181764802161172,178.67941297881842,-233.116161167094,0,0
12.812772167510538,177.91932693166936,-231.5680814757197,0,0
12.105546527750995,176.59198253061183,-233.26633209145697,0,0
12.609394322231289,180.14309196761505,-231.7678271420639,0,0
12.04742128318062,181.97008590178044,-232.3190762091263,0,0
11.447917637994662,183.30909984947056,-232.8947312670271,0,0
11.093110345827368,181.69108385711712,-234.30709824440007,0,0
11.942301174318647,180.43261176703368,-233.17149475941045,0,0
12.01674569181424,174.60015697356903,-232.48129176852143,0,0
11.497674672537984,174.88697344909545,-234.0059053905485,0,0
11.057235854842062,173.22964012895272,-233.6507865176864,0,0
9.748939306815725,188.82630859874703,-232.88070190071787,0,0
8.884766562242072,190.6419787880286,-232.9688044901616,0,0
8.816576865863262,189.41480431332803,-234.3318962316773,0,0
9.409809262388864,187.6913738193849,-234.39763154964484,0,0
8.587850334359443,188.4408291525444,-235.5041978411067,0,0
7.427785787217412,182.536071403722,-239.7420443268951,0,0
6.8145262035123695,182.4647087959941,-240.7062952909505,0,0
7.108739173421085,183.4915894528501,-239.996683764013,0,0
11.458512663586047,179.833096058289,-234.29141468573627,0,0
11.208432395490584,177.9039882163323,-235.08939848531992,0,0
11.22453041782282,175.94294309564438,-234.9265339579244,0,0
10.288746196383691,176.34053499465915,-236.55861978830148,0,1
10.457179999265724,186.7803131971611,-232.87115789233545,0,0
7.318666487169179,184.5239185748081,-239.3969781171251,0,0
7.562253115420351,185.62702957025488,-238.6670942827052,0,1
8.127122632838132,184.22845796332112,-238.1794423023263,0,0
7.826976884242441,183.25148355619973,-238.93851256819576,0,0
8.541735878494366,182.8831690756395,-237.9596107158484,0,0
8.29523615453577,181.7079292672408,-238.68146926226493,0,0
8.217143336414281,180.68418425939817,-239.07989788651008,0,0
8.71438170777492,179.31821054247925,-238.68740365809364,0,0
7.756459450707655,180.02037831261578,-239.90692381214305,0,0
9.154865145834933,180.5261140786772,-237.76371559063267,0,1
8.9822101151553,181.9102454362373,-237.60506588156983,0,0
9.607835926462316,181.6049094326349,-236.761134862889,0,0
7.474570155522245,181.4289542297296,-239.966246367012,0,0
6.663823732610457,181.5999412805874,-241.15208780537083,0,0
7.795176512001206,178.92360084006512,-240.0668068664912,0,0
8.18595577610741,177.89890103287635,-239.6347231401085,0,0
6.25571307584451,179.63295278803838,-242.23109126178616,0,0
10.755615650058662,183.7898333094604,-233.9808293552756,1,0
10.083199908947442,183.51883583780528,-235.286757019126,0,0
10.203480919777984,181.84736741278897,-235.74657224670173,0,0
9.153591301459196,182.48628704893363,-237.1592210082129,0,0
9.59875484999207,182.6211860399757,-236.424085285426,0,0
9.072524935260557,183.79140867084016,-236.82909063854763,0,0
7.787376558745985,186.8776688936511,-237.8117934398795,0,0
8.404511100372636,185.3014280567752,-237.3624729570476,0,0
11.060422950353075,184.97797981207563,-232.7492513817984,0,0
10.461648492545756,180.12735986021684,-235.89687886493152,0,0
9.812728485082571,178.3108765869494,-237.26428590632847,0,0
8.888907099486884,178.07360809818033,-238.6257599363689,0,0
5.956761357965529,178.59175984021823,-242.8669951382232,0,0
6.522615488936775,178.67678011048167,-241.96933453873007,0,0
5.684384679955564,177.52236567970704,-243.3738953450249,0,0
5.282422781214504,176.58023403352064,-243.9822055219594,0,0
5.921999762836528,176.35571316485175,-242.9111608212669,0,0
5.247823794018744,175.36924848035966,-243.75504330672788,0,0
7.287885127299738,177.87610849407247,-240.9156031318455,0,0
6.414525771785901,177.4816220449733,-242.2224365204333,0,0
9.00596344040339,176.50004152817192,-238.46699291597497,0,0
10.467117369954808,174.2337664661153,-235.57108876485827,0,1
9.104141050596366,174.63552458294015,-237.8423522063724,0,0
8.05032304826294,174.9186013764312,-239.44568580086803,0,0
6.05707597868895,175.11681894155018,-242.39363273893272,0,1
7.86743851633909,189.7982062413108,-235.84822516533904,0,0
7.88408441108205,188.2821681301673,-236.9288973927817,1,0
7.782262908193891,191.10869725962456,-234.5726013831168,0,0
9.90882577760587,185.5449111966501,-234.6561348339281,0,0
9.263191625209831,184.92085913644016,-236.0758986540049,0,0
8.806917910323888,186.81032328581944,-236.0205265650469,0,0
6.427932037873092,180.5075344457413,-241.7790314964964,0,0
7.020651876911177,179.4543913337708,-241.0975113161192,0,0
7.029117552976271,180.59806348275143,-240.83834281823448,0,0
7.806681361312329,176.39831908362177,-240.1470694931563,0,0
7.004590871121389,175.09827039983702,-240.99154860805768,0,0
6.812159671589508,176.3510557078495,-241.56685473518337,0,1
4.877816687247812,175.88613424079864,-244.5380682709004,0,0
4.32532311512,175.55446433799997,-245.431194864,0,0
4.742073475974859,175.18435535251285,-244.53773184169444,0,0
4.24999788289,174.67559275399998,-245.16476481,0,0
7.95594108603275,191.9792004917938,-232.9428720012153,0,0
-4.762836682499937,163.53647873499932,-229.186924004,0,0
-6.656932030214788,163.5341256949144,-229.7696463695777,0,0
-5.129951112308759,163.60042593838344,-231.14345230946617,0,0
-8.455329119958638,163.82069447999004,-230.25417369960348,0,0
-10.084976805592389,164.32901889926833,-230.6293221363685,0,1
-11.56453281839874,165.02719455646042,-230.9063073489937,0,0
-12.882509709972128,165.8955035902029,-231.08645738962736,0,0
-14.038857809000303,166.91712457999972,-231.174166502,1,0
-15.105133441551784,168.16093472379367,-231.17458742893177,0,0
-16.06411860996232,169.6152151074867,-231.08701401367347,0,0
-16.869278683816233,171.24321072308558,-230.8667066017489,0,0
-17.549308123553345,173.0989131401444,-230.47960192827176,0,0
-18.003782286612704,175.0469241308619,-229.91604023985,0,0
-18.16827552920041,176.8751075019999,-229.275861022,0,0
-18.53659372916611,176.4130747841584,-231.17200957076096,1,0
-9.880802689788167,194.61433350872184,-230.0917156906907,0,0
-10.111060535415584,194.58408976974408,-230.06043158281605,0,0
-9.94527784308012,194.6830457330004,-229.636988897,0,0
-10.066017729908047,194.5259952787005,-230.4264690937441,0,0
-9.841695604955376,194.54754874199523,-230.5687016053704,0,0
-10.159483909169268,194.4492870033506,-230.74955077501065,0,0
-9.82371826245499,194.47804906451347,-231.1011324222113,0,0
-10.32786096553718,194.45727123093232,-230.4674936562264,0,0
-10.307353159657035,194.35031935695795,-231.09861584524543,0,0
-10.188277193729242,194.34214564434583,-231.4150558319625,1,0
-10.625078275095364,194.2841642914736,-230.8647955742764,0,0
-10.612917591696451,194.1974237999933,-231.3869650955345,0,0
-11.027713513323231,194.04313672311287,-231.2337015954262,0,0
-15.39773199117189,189.35334115319515,-230.95400660735345,0,0
-18.81843076493857,178.78003080945598,-231.447303370378,0,0
-18.461888010147515,178.35989593749775,-230.2037219557052,0,0
-18.58782899502972,179.82373082413537,-230.840025086582,0,0
-18.60231521566328,177.57218198138446,-230.86528670536248,0,1
-18.548846374017828,181.23725033709297,-231.27093888879563,0,0
-18.34927162754447,182.55023254255624,-231.5149115270004,0,0
-15.973793916408724,188.32601802766104,-231.1978190341431,0,0
-16.53690405696224,187.27720910043791,-231.38959203604568,0,1
-16.606853175843312,185.098262964794,-226.48731751664167,0,0
-16.38192138580052,185.51341622800007,-225.626016083,0,0
-16.3861318826653,185.7520392360812,-226.6434759502573,0,0
-16.72273479209969,184.58438984784456,-225.95455306454733,0,0
-16.866624507908355,184.4129998043745,-226.88578592696624,0,0
-17.025031727000798,183.58213890429272,-226.3265692555755,0,0
-16.69012571950804,185.21874101270083,-227.5179564531396,0,0
-16.35106550828378,186.09365553882503,-227.5035062278058,0,0
-17.544890712294965,182.2685650738476,-228.00215849003348,0,0
-17.598719398036636,181.28146594159224,-227.2863346076909,0,0
-17.311040921755005,182.48105412935828,-226.76151398845323,0,0
-17.218172646090903,183.36559291674791,-227.44013589193992,0,0
-16.543690062238976,185.82975140072384,-228.11258958958865,0,0
-16.252107358400373,186.52904268400016,-228.2722537319999,0,0
-17.119171108142826,184.1325625473152,-228.11025028810909,0,0
-17.472834296421926,183.1534440563308,-228.64866084988395,0,0
-16.923267412364922,185.01673859720268,-228.59814927295653,0,0
-16.635582585959476,185.90359063705168,-228.8987645705696,0,0
-17.898091339138336,179.95507559643394,-227.9229339246382,0,0
-17.90847066389669,181.23631347667444,-228.9691220929101,0,0
-17.741484062404997,182.353042075782,-229.10981339693308,0,0
-18.19122860428033,179.84650636067255,-229.40262013297163,0,0
-18.25693187870244,180.86278996352988,-230.1469841329028,0,0
-18.125154793561407,178.47121134729187,-228.6275989651975,0,0
-17.71566666256804,182.96819118543783,-229.59246440886363,0,0
-17.41064404379764,184.0538234760562,-229.50878498999847,0,0
-17.050098939240822,185.23338406706583,-229.650814749348,0,0
-18.067374826240805,182.04382935231683,-230.18480648311345,0,1
-17.510899765611644,184.53380483628763,-230.564840600586,0,0
-17.85206598834961,183.3441459550188,-230.50579679976445,0,0
-16.406127735400766,185.56411194400025,-221.1316771520001,1,0
-16.38861784225918,185.5009890739772,-221.86523143542323,0,0
-16.618105949274497,184.94533471350303,-220.91671438007444,0,1
-16.69573170534971,184.53566440988465,-221.6040350373131,0,0
-16.83737438658971,184.24758916316364,-220.69844566760145,0,0
-16.912544596997446,183.75897072950912,-221.4855948210213,0,0
-17.055543075605424,183.4406742988072,-220.47857560299585,0,0
-16.600154133122633,184.779960696219,-222.35540342397067,0,0
-16.379522969578336,185.4497594070508,-222.6946297986556,0,1
-17.323424242370475,181.82587020743347,-220.98323569576533,0,0
-17.411838199400854,181.46801809800013,-220.065724549,0,0
-17.25535500751399,182.51930844107488,-220.2658141356676,0,0
-17.434845753343815,180.85733569862464,-221.12479201189595,0,0
-17.168136195762916,182.62433021548685,-221.46873611856617,0,0
-17.34732134312693,181.52546892392087,-222.1782826592362,0,0
-16.805560196470804,184.0539205492587,-222.41711789231368,0,0
-16.98941844492468,183.34383633106464,-222.3260136603346,0,0
-16.63864016199333,184.6133684688736,-223.23917739095376,0,0
-16.379150149316416,185.42055194322708,-223.6337151367349,0,0
-17.506171993141738,180.23120953038568,-222.2725552284384,0,1
-17.171003789489017,182.51145232908493,-222.51944171555263,0,0
-17.088112100306397,182.89141439185573,-223.0495339902984,0,0
-17.270596215444346,182.0110845187544,-223.33508953859155,0,0
-17.447648088561873,180.9438656313169,-223.37957793944017,0,0
-17.610342833233286,179.58782466708945,-223.5005281006869,0,0
-16.902020762917275,183.66023702501025,-223.28717105549148,0,0
-16.579990195966275,184.82783080392187,-224.09378330481567,0,0
-16.80938417602239,184.0425614328801,-224.08957000086403,0,0
-16.382506769751746,185.43264128406457,-224.6157315112073,0,0
-17.599750939106197,180.18273059738584,-224.7588802777337,0,0
-17.726089187966828,178.88671260641357,-224.84920160102,0,0
-17.35609533813209,181.68975341100185,-224.4139977723384,0,0
-17.089646452812953,182.9470797555974,-224.18844228968783,0,0
-16.664674624301067,184.61822406221984,-224.92306225618285,0,0
-16.9275538888058,183.73471504540225,-225.19254180198217,1,0
-17.549094586179823,180.99594263944388,-225.89912855874783,0,0
-17.756933666395145,179.3373736827811,-225.9256098928036,0,0
-17.786021411685002,179.8387005974461,-226.92710359327523,0,1
-17.83642956119084,178.1390890139452,-226.2680239173646,0,0
-17.86069474498196,178.7559937546761,-226.791475243367,0,0
-17.21112932454766,182.62048106143413,-225.4384613680305,0,0
-17.937386546678766,178.94841912231325,-227.58917401207395,0,0
-17.959256616680406,177.4343827954408,-227.71985480974448,0,0
-17.478790872707233,179.23418415070842,-220.96298425428,0,1
-17.3970151785134,178.48728661171882,-219.66910305049123,0,0
-17.466734837715073,180.07363055640462,-219.85618602915807,0,0
-17.197018588600887,176.77106244099986,-219.4967412279999,0,0
-17.408886929049245,177.36493008962825,-221.4117403961011,0,0
-17.098032359799955,175.5308779221883,-220.5273684563521,0,0
-17.538550354913465,178.8806607367353,-222.3134352339148,1,0
-17.30751225139889,175.86993168384618,-222.30113152470707,0,0
-16.931779957592315,174.1566442617267,-221.6156657602569,0,0
-17.57734178327329,177.75240532769797,-223.4084790915624,0,0
-17.08438095717097,174.24309980147095,-223.0649318453061,0,0
-16.658700935689357,172.73475253250908,-222.66337365807,0,0
-16.85329073772552,173.05972411868976,-223.8233272682262,0,1
-16.279211551400675,171.40071054299975,-223.573037302,0,0
-17.6992753785743,177.5377937453985,-224.9417364488265,0,0
-17.498054266675133,175.97903496431337,-224.38312103685377,0,1
-17.20454993205894,174.17563240843927,-224.84051939656976,0,0
-16.76758202984415,172.52775562564543,-225.0179468003525,0,0
-17.694118692238956,176.64663268168968,-225.68111666957844,0,0
-17.526637475575267,175.2196995739409,-226.16395359401469,0,0
-17.24252137929131,173.86129366170186,-226.5227308231682,0,0
-17.800347571994163,176.29808475097823,-227.2250639167448,0,0
-17.743388421344022,175.32338142012924,-228.0264526122578,0,1
-14.09221017131696,167.1328417860109,-226.66375291746368,0,0
-13.592393673300451,166.56815681299955,-226.28277009599995,0,0
-14.150519066669997,167.26600110894344,-225.92080661355703,0,0
-13.601756684801792,166.52006453313504,-227.29773241405903,0,0
-14.672869793086852,167.94415368132414,-226.50749249717327,0,0
-14.71562996679735,168.08641024122247,-225.4925704091636,0,1
-14.388571562640236,167.47878379266865,-227.68341021714784,0,0
-13.66392374781554,166.55519537350676,-228.44533896483304,1,1
-14.470888825149135,167.53339995700605,-228.8739159502458,0,0
-13.782313728609626,166.7283469222007,-229.73176569577376,0,1
-15.767202318723442,169.91945403999128,-225.4818346339433,0,0
-15.271764518754038,169.04179164190168,-224.9732398591308,0,0
-15.801538624986556,170.14403030217505,-224.3432863605438,0,0
-15.388741198227358,169.13275091450274,-226.20818509289444,0,0
-15.107121754113605,168.58025057792796,-227.380671577584,0,0
-14.925241853575129,168.2279322226614,-228.34103397112423,0,0
-15.63721710380339,169.51153648678013,-227.31519995978493,0,0
-15.042249410727816,168.3462041570047,-229.1221261867772,0,0
-14.767399760896502,167.88004686685304,-230.02262563843863,0,0
-16.011433014412606,170.326046333157,-226.60117582569063,0,0
-16.276946403063445,171.08015998010995,-225.33876421567345,1,1
-15.52404343402428,169.1970490746319,-228.5128985705059,0,0
-16.18088980146213,170.5265420631181,-228.0553286394997,0,1
-15.501413337922184,168.96991893496934,-229.87773540108748,0,1
-16.726168933273964,172.02805500113024,-226.9703367823164,0,0
-16.195738732291307,170.2942323095591,-229.476310482728,0,0
-16.829967942039076,171.83256509541454,-229.0383999831084,0,0
-17.370079622107372,173.5659229078019,-228.48069431194003,0,0
-14.539100769312652,190.18552179544656,-228.3924716683058,1,0
-14.545659357536408,189.76696096476627,-227.825476018722,0,0
-14.284712219400369,190.4520507960002,-227.763619249,0,0
-14.818867092844874,189.90312111093377,-229.1173321618896,0,0
-14.8572953101764,189.42130524016977,-228.55889934362585,0,0
-14.893210259267104,189.0127418528168,-227.9066854740892,0,0
-15.693807087617085,187.73191582936067,-228.79820057683497,0,0
-15.805153874199036,187.3309501983516,-228.14009422406627,0,0
-15.330206175200502,188.1782947632408,-228.01369733346635,0,0
-15.24785762050496,188.5904129699552,-228.67517640752027,0,0
-15.186331893196884,189.1060145462898,-229.37110644284823,0,0
-15.112692985223358,189.61308102715125,-229.96046648292744,0,0
-16.165841541997235,186.87964968348385,-228.99953726435848,0,0
-15.952771276939568,187.5117990968837,-229.52992334968985,0,0
-15.59207599273978,188.29179189415868,-229.56451362584832,0,0
-15.55110635451371,188.7493065743549,-230.25372290684533,0,0
-16.04863521424248,187.7671784262723,-230.42557895642128,1,0
-16.622413340134322,186.23024932580924,-229.7638860222323,0,0
-16.25635679698494,187.0476941929448,-229.88517889291592,0,0
-16.558546484384927,186.8186235796912,-230.67668500712983,0,0
-17.05470005543828,185.695985807514,-230.6320814465638,0,0
-17.51757368805854,184.41544749909647,-215.35531230073667,1,0
-17.56952603089121,183.064262413541,-215.25352468652244,0,0
-16.8210414446193,178.5696718507151,-215.15551370419632,0,0
-16.6315218224084,176.9989956427815,-216.0935017639558,0,0
-17.483752552618963,181.5822529612205,-215.37061206072147,0,0
-17.350833447087638,180.19197391415767,-215.79376923537143,0,0
-17.54397913477612,181.2907911872848,-216.4640411409618,0,0
-17.515690937093012,183.6214960976164,-216.5855293016187,0,0
-17.581926840691693,182.40865442536133,-216.38051990946,0,0
-17.223045109094297,178.50607971677798,-216.926659117393,1,0
-17.045961005645452,176.91924705627102,-217.8614514368048,0,1
-17.31716134543449,178.13045447963884,-218.51763756846543,0,0
-17.504596617646417,180.34846247202407,-217.321539326325,0,0
-17.555180370540604,181.71875064478448,-217.50235970102497,0,1
-17.48096669204884,182.87918062878308,-217.75723945568487,0,0
-17.450266427931385,179.4133299588107,-218.4350277905696,0,0
-17.436243303250016,182.1568952011116,-218.9218551580756,0,0
-17.503515302018766,180.84338062387943,-218.7233128996928,0,0
-16.155519910299457,188.48965008858767,-216.69488883095423,0,1
-16.084709780125426,189.29044689585976,-215.6319187400072,0,0
-15.52780548777382,189.64978778259984,-217.0263953314592,1,0
-15.654006569717389,188.9344004317537,-217.80340338684013,0,0
-16.640826338831832,188.02091923349207,-215.42699803335523,0,0
-17.01328018371822,186.9212463674906,-215.3473834316844,0,0
-16.095123248943416,187.80689605814788,-218.03879256180625,0,0
-17.314799891391605,185.7415919047569,-215.30565825350968,0,1
-16.61198817307317,187.3350965860164,-216.68508776188165,0,0
-15.011854662400848,189.91905827500045,-218.3336264940002,0,0
-15.454816793430613,188.7467373025003,-218.92116791102336,0,0
-15.77809017778458,187.74752312592705,-219.5225018409762,0,0
-16.2816956121011,186.7932418293108,-219.00321535597905,0,0
-16.03388789425552,186.90331224694663,-220.10082530521493,0,0
-17.015139402984268,186.15053401408085,-216.5934532689849,0,0
-16.627818886268134,186.570341974229,-217.80898456345943,0,0
-17.33865342716938,184.88165495147155,-216.492561806098,0,0
-16.653053263795613,185.808067922862,-218.91247436459167,0,0
-16.38330216332092,186.11023319433124,-219.80872038309505,0,0
-16.23877122901886,186.1800087514817,-220.6412949668465,0,0
-17.025810659030473,185.2096085858791,-217.90972536397112,0,0
-17.336837270662127,184.0381830673116,-217.6147630905782,0,0
-16.62521552039726,185.38701882185185,-219.8142097800693,0,0
-16.89263285866098,184.91042942309173,-219.07614725570207,0,0
-16.475554668501655,185.52753667608832,-220.55394588026303,0,0
-16.654950450369583,185.01633935189224,-220.3883929007193,0,0
-17.137373342306738,184.2454791025256,-218.61722599919648,0,0
-17.319296669370523,183.43151724220425,-218.47402430779147,0,0
-16.806418837153565,184.72063497834463,-219.91716088571908,0,0
-17.000482102165343,184.11294897129247,-219.6721002970497,0,0
-17.195096294838528,183.4090944866664,-219.3795057308984,0,0
-15.532732145870064,175.35367941526948,-215.1721722255938,0,0
-16.47709860906404,175.81872490450849,-216.85865184838056,0,0
-15.142297842390215,173.75864624868825,-216.0270684290688,0,0
-16.037305734550202,174.61233595671757,-216.9653850166549,0,0
-15.800456230390951,173.3020809655137,-217.85274427274115,0,0
-14.700146763240603,172.20075666712182,-216.92570993784585,0,0
-14.185122238781346,170.69274519031222,-217.8653227605398,0,0
-15.283324402279504,171.68885116417596,-218.63047337751576,0,0
-14.768565582815556,170.52727747372705,-219.09937338733343,0,0
-13.587278937500638,169.29113610199937,-218.8154383009996,0,0
-16.694954402756757,175.1072961125924,-218.50189379950967,0,0
-16.000570614759525,172.46184510367755,-219.55489640118725,0,0
-16.575769046888094,173.9296610811019,-219.6655415184858,0,0
-14.772386448195778,169.68485680448336,-220.46704236118043,0,0
-15.608061606223847,171.1662586486759,-220.32294442525688,0,0
-16.41870429154574,172.71593639108846,-220.9958139272109,0,0
-15.639214183163572,170.4343282935218,-222.0628751098192,0,0
-16.191281283341013,171.7089351151349,-221.9046626275312,0,0
-11.105508131388392,170.6847987981894,-214.4866035102932,0,0
-12.557373613401156,171.83505180023622,-214.6559387010953,0,0
-14.47750566468629,174.318798403873,-214.49388214505643,0,0
-10.782351476060947,169.40331814317491,-215.78440092891097,0,0
-14.10898450814032,172.91763931315575,-215.3516164268406,1,0
-12.43312248538878,170.37356821346893,-216.15493781961567,0,0
-13.647280554116282,171.6445432946851,-216.0850921154462,0,0
-12.2343816734878,169.26679283684692,-217.29467281186743,0,1
-7.780841559725708,199.49648476552872,-215.10221816382807,0,0
-9.120646547814353,196.8126589977361,-220.49043693822844,0,0
-7.99605267311743,197.54124305411744,-220.08010164325728,0,0
-8.069210418687918,197.05280326519824,-221.40720657100152,0,0
-7.941002490793158,198.11147928121383,-218.61417660511705,0,0
-9.187113629324823,197.29444637271376,-219.0024512039313,0,0
-7.885982092703618,198.77327191769763,-216.9677430508052,0,0
-9.216709609189133,197.9088366347181,-217.34811465837225,0,0
-9.21906808553135,198.5734054182892,-215.5834548160398,0,1
-10.178516511375094,196.35456637388333,-219.5171025318939,0,0
-10.002301920422816,196.01941340739685,-220.9702570522057,0,0
-9.094058108477148,196.42317899225213,-221.7707150319969,0,0
-8.167459559052729,196.6230530651601,-222.64086110575244,0,0
-9.98240352623286,195.70930624129096,-222.08924873581995,0,1
-9.144972974422258,196.06995361738475,-222.9187058795088,0,0
-10.387090288837449,196.8004734466556,-217.8619210831165,0,0
-11.886584887384878,196.52167386187628,-214.83168561523863,0,0
-10.600703291781588,197.3144657740971,-216.1348098620584,0,0
-11.178613482202364,195.6550067687892,-218.6341920003157,0,0
-10.7840066926543,195.1120244671341,-221.37080985963576,1,0
-10.913498875072175,195.39342460170124,-220.0955898212117,0,0
-12.845251304403448,194.9058329061764,-215.68164434164817,0,1
-13.871711058649144,193.54703271335907,-215.3550200029837,1,0
-11.123492626316962,194.4813467659592,-222.0307300502613,0,0
-11.372303378038897,194.3345257946013,-221.4170613813812,0,0
-11.566117014610498,193.88819862089068,-222.0054772035396,0,0
-8.294909589708794,196.23895978777227,-223.80656955188817,0,1
-10.59390788119432,195.010476422351,-222.5007834041733,0,0
-9.965800906893456,195.4386576290496,-223.24238623408164,0,0
-9.22074940704137,195.7447837946337,-224.0724809456553,0,0
-11.730246282018689,195.7267709193971,-216.9926925574781,0,0
-11.6799506127688,194.71661404596665,-219.32268373712307,0,0
-12.09043769334678,194.7156174555869,-218.0881069347737,0,0
-12.599775483287532,194.47608395789348,-217.14682841304045,0,0
-11.427762769067808,194.57861640175608,-220.5169999088547,0,0
-11.905663539954542,193.71728306065447,-221.06243244614285,0,1
-12.078659693708312,193.87582270629565,-219.98919902027643,0,0
-12.01072827163787,193.3018424931365,-221.9958517433692,0,0
-15.202378594606056,191.54585078698184,-214.8110810558269,0,0
-13.463681058454984,193.4900639189083,-216.60076189560144,0,0
-14.476325852480796,192.15207578715803,-216.0653309341203,0,0
-15.377951179877329,190.6783778365325,-215.7817259079052,0,0
-11.166292452573902,194.22194539883773,-222.7914354395193,0,0
-11.805449339890696,193.416093057542,-222.71602759718257,0,0
-10.5800124659549,194.80155884399989,-223.5098547016508,0,0
-8.45065229572009,195.9002228753345,-224.89742578130463,0,0
-10.062759990981515,195.15907130580248,-224.2757317195845,0,0
-9.38666264844931,195.4544774572579,-225.0501830898924,0,0
-12.28882180815711,193.97736032882656,-219.056197388378,0,0
-12.471707047090318,192.81828735255388,-221.46316263345312,0,0
-12.942015447834924,193.47321511160587,-218.1050125727785,0,0
-12.7790322291173,193.096629592807,-219.4290471918343,0,0
-12.593509909246698,192.9468458473032,-220.50136698179224,0,0
-12.351316062020832,192.7736646412524,-222.40780369068952,0,0
-12.228334057371558,192.8352056109389,-223.37886297793304,0,0
-12.728210593383398,192.2059147863621,-222.99480966686528,0,0
-13.913063323544096,192.24650670298857,-217.5459552256769,0,1
-14.778491127909342,190.9462410568257,-217.2325736767314,0,0
-11.04926195528583,194.1787600539775,-223.87405460382345,0,0
-11.593922256655423,193.57310353226035,-223.4979458581402,0,0
-10.596422647736768,194.6379114575853,-224.48681979755105,0,0
-11.502510683875164,193.67332823932216,-224.2914591617965,0,0
-8.624722576672985,195.6167778614064,-225.8852579870816,0,0
-9.642578444781584,195.2094853373531,-225.7223943139572,0,0
-10.157608157184256,194.94782246236164,-225.28412062159776,0,0
-12.726781659679371,192.2019315140425,-223.80562524535185,0,0
-11.100266090622036,194.08935020003148,-224.6520619769624,0,0
-11.962286564968544,193.18930307844388,-224.1602812195385,0,0
-12.447620677655095,192.632781005516,-224.2405381452328,0,0
-14.316068650770957,191.08621189258827,-218.4898757062032,0,0
-12.828861874267634,192.17970988921465,-222.11975629514308,0,1
-12.99705441682378,192.1738999876501,-221.11096825676933,1,0
-13.536550955865774,192.2019467518157,-218.83830098491143,0,0
-13.223594703760764,192.1780199584641,-220.06438914247167,0,0
-13.936660206925724,191.1780607580402,-219.7415352213561,0,1
-13.122518012234638,191.620672310991,-223.52080839007183,0,0
-13.050570841478043,191.75157917414512,-224.09083704337047,0,0
-13.23559993487744,191.50339522286365,-222.7585378471448,0,0
-10.7709426861123,194.4344379501644,-225.2297377128776,0,0
-10.045351493150688,194.95133871770952,-226.04339502263667,0,0
-9.49699397514728,195.1768318781461,-226.46451664308785,0,0
-8.80975409126877,195.3848047885039,-226.7574591196918,0,1
-10.504610824319723,194.6729744410396,-225.97194382438173,0,0
-9.005027747166716,195.1926420809506,-227.52063493760124,0,0
-9.511118543724953,195.0931103585036,-227.10108195458577,0,0
-12.8931372957068,192.05318611275203,-224.4707789170833,0,0
-14.58423126739868,190.1518681090148,-219.54075022993263,0,0
-13.629036760007349,191.30252532238765,-220.829827349433,0,0
-13.396349655129985,191.40411216510407,-221.868069698646,0,0
-14.226709852342818,190.37524083238887,-220.67583809351623,0,0
-13.255632716926623,191.51246401348632,-224.73728003552893,0,0
-13.370762383718784,191.2474629456674,-224.1157668851448,0,0
-13.703787557431513,190.80464081427968,-222.6074671952975,0,0
-13.517841502443565,191.0186310856788,-223.4105021369737,0,0
-9.577553523297146,194.99592007160803,-227.7765735537606,0,0
-9.212070799566147,195.03139353190696,-228.18391082528376,0,0
-9.636154276266437,194.92306382839573,-228.280356282496,0,1
-9.433912312231834,194.89503881115087,-228.7552304085672,0,0
-9.984751462101617,194.86454724133645,-228.0942643388628,0,0
-10.28191711804616,194.8073932233508,-226.73850631821048,0,0
-10.0980763126782,194.86703696093548,-227.44922838463552,1,0
-9.934077410111254,194.8218232223641,-228.67124883539185,0,0
-9.67499328836588,194.7798863963337,-229.23862692614856,0,0
-9.92625563575777,194.7575889841932,-229.1821571100516,0,0
-13.936860068842435,190.5918148113921,-221.69913999905955,0,0
-15.00995175463108,189.385541193231,-219.4911875684655,0,0
-15.944565294189497,186.86254603388355,-220.9611952515669,0,0
-15.661636543062352,187.6447660114874,-220.5420839624132,0,0
-14.74985785780918,189.5421932971514,-220.39163188896023,0,0
-15.25622057475664,188.64261562839403,-220.1504256362818,0,1
-16.16594350567227,186.19937559339343,-221.3824485739899,0,0
-14.4640750723691,189.76629295175508,-221.41461552247665,0,0
-15.6276605544514,187.47394309381664,-221.5116358307021,0,0
-15.925531504839189,186.76134572910985,-221.6405174506087,0,0
-14.20332562766876,190.02244958930376,-222.36911302358664,0,1
-13.608155246867431,190.88203522309965,-224.6832233689353,0,0
-13.777757305850145,190.5743776775323,-224.02051529480065,0,0
-13.976821732209846,190.2881589858265,-223.25846073210835,0,0
-14.971207046173452,188.86901058239457,-221.29359443843143,0,0
-15.366164534843891,188.1204004756248,-221.14209008645128,0,0
-16.10752984052853,186.22563764533896,-222.1954347727135,0,0
-15.255549629258567,188.1420953521653,-222.08905700908684,1,0
-14.727711319083548,189.1200226548945,-222.2587777396429,0,0
-15.717943063368503,187.1052176234164,-222.4696637652573,0,1
-14.46849633345836,189.4528443327002,-223.1714332013757,0,0
-15.388370481417072,187.73136858625853,-223.06190421182004,0,0
-14.010178507613,190.16810466817503,-224.6882523930436,0,0
-14.233416853166489,189.79570881296587,-223.9463480129775,0,0
-16.06624392606641,186.2398212841524,-223.10194024347123,0,0
-14.981479844133451,188.51867171733767,-223.158485214412,0,0
-15.750790555849315,186.9306275064372,-223.52243191505227,0,0
-14.73874906304302,188.8924950883638,-224.02162090495287,0,0
-15.286821091662857,187.85852207441155,-224.0063455996817,0,0
-14.464044500634795,189.35961375405543,-224.7553793419612,0,0
-15.783809180759189,186.8302732770974,-224.4861452586008,0,0
-16.124192610903183,186.0710303608768,-224.0167042741828,0,0
-14.96770117987971,188.44264938172176,-224.88565387995968,0,0
-15.489728337473968,187.4442132007917,-225.0864698871346,0,0
-16.118517463268557,186.09162525219568,-224.7550512237291,0,0
-15.96628233448048,186.46574644908685,-225.3357241859308,0,0
-13.418587622289882,191.35168574607283,-225.3249076252725,0,0
-13.55391328362028,191.0324402336152,-225.0925690300081,0,0
-13.709798949230311,190.8296634476865,-225.5954444874037,0,0
-13.613439628361029,191.16455564663244,-225.9592416954811,0,0
-13.781419339883795,190.60852401696988,-225.1169323306385,0,1
-13.912680692229795,190.54140863235008,-226.1069969936813,0,0
-13.837089339221691,190.93574678406904,-226.6045687483328,0,0
-14.066958991004638,190.4191367944852,-226.744101530122,0,0
-14.067106184563196,190.68772901237853,-227.21563974171,0,0
-14.064386829003736,190.1245645047237,-225.54545959414057,0,0
-14.62062490575418,189.09875849885177,-225.60201126481056,0,0
-14.293560551835084,189.82141846522447,-226.3862970909252,0,0
-14.30756543687388,190.0396460828304,-227.1988683352548,0,0
-15.131632048542256,188.1675143737024,-225.73879319133604,0,0
-14.829343648323343,188.7982113435025,-226.43078858337591,0,1
-14.622741706231372,189.3398260391737,-227.16442857247856,0,0
-15.624416064285564,187.2363812583245,-225.8728321887293,0,0
-16.033963720108847,186.42025503676183,-226.05129308426007,0,1
-15.905795439481414,186.8679338620236,-226.94147595475724,0,0
-15.379242600632852,187.79709572953053,-226.5574216964472,0,0
-15.038622428849516,188.54598571849647,-227.24363197524625,0,0
-15.496669879177295,187.71833814635,-227.33520212059184,0,0
-15.94356256483468,186.96080408401687,-227.64156975869813,0,0
-11.305778909827325,165.41284329714398,-223.22433632099947,0,0
-9.82678418975026,164.79413906999923,-223.1827614769998,0,0
-10.89001694716302,165.6122261132661,-222.05808054469824,0,0
-10.993351982643842,164.96875823274763,-224.26017622539388,0,0
-12.37708646581198,166.30371356002007,-222.5603675643335,0,0
-11.889299393898098,166.63977809889548,-220.96281209478497,0,0
-12.117671068973404,165.71014196646203,-223.8854552982968,0,0
-12.94627787092509,166.42159453074456,-223.65944079246748,0,0
-12.021592055447,165.36519710164532,-225.12026106731903,0,0
-13.461343260721948,167.07061291966804,-223.06279154608,0,0
-13.370690465683328,167.52256234887787,-221.55432241602009,0,0
-12.78421789959153,167.85243362535877,-219.90065991021063,0,0
-13.880598658085692,168.49584194973076,-220.59316720144352,0,0
-13.041853213018838,166.2787312162547,-224.6380537643094,0,0
-12.881043089497211,165.94109664472464,-225.7767427778974,0,0
-13.498481666830182,166.88288692678924,-223.9248797749749,0,1
-13.596562160036074,166.67146697511916,-225.5365189201574,0,0
-13.968654855284129,167.42591728332724,-223.8101866773132,0,0
-14.295121838982336,168.0502744753303,-222.93503464663505,0,0
-14.56257374768231,168.767271626099,-221.83371338669835,0,0
-13.94554693239258,167.1934784167075,-224.7965663998944,0,0
-14.61122140760957,168.15282120911442,-224.24767991662983,0,0
-15.122126096549133,169.1588476116145,-223.23056010249928,0,0
-15.725760355512511,170.2238994226442,-223.31032741149164,0,0
-11.875782180455724,193.35821983105464,-224.76944384783627,0,0
-11.561235262224256,193.68379624552176,-225.0271225297327,0,0
-11.007213655472276,194.29298652794,-225.8921125682485,0,0
-11.2530095342162,194.0183453881337,-225.4787365220588,0,0
-12.609836843678636,192.5384330614024,-224.81428934872068,0,0
-12.270327957012324,192.946711393207,-224.7849240544992,0,0
-12.00647438688416,193.3022000255805,-225.3332956195275,0,0
-11.699787391482396,193.6294897506097,-225.61497647114464,0,0
-10.974080459412734,194.40985906287227,-226.58645460530573,0,0
-12.975717957994837,192.13536641027247,-225.3174028868756,0,1
-11.5329032639693,193.87575811824053,-226.17328285214603,1,0
-12.489645240906611,192.8195951205172,-225.4829018590713,0,0
-12.876473019016077,192.44273319117173,-225.9480922920108,0,0
-10.388607391060624,194.7257337494572,-228.40008214350945,0,0
-10.44558499518216,194.67086778904743,-228.90640262236937,0,0
-10.319363858044069,194.6555979595173,-229.38867729271112,0,0
-12.079112718169378,193.34130705222225,-226.03385869200224,0,0
-10.563748223658283,194.677090393714,-227.9334489937877,0,0
-11.548270755233064,194.0039378253016,-227.0100357553333,0,1
-10.86952428967827,194.5240523637325,-227.23347816981948,0,0
-11.211287555268711,194.3227650739375,-227.7466684730517,0,0
-10.714080299097848,194.52491312210628,-229.36310482970657,0,0
-10.407393231323226,194.5856304942235,-229.6949838151464,0,0
-13.245778548944884,191.903166112268,-225.98357928611208,0,0
-12.090858285850784,193.44353070109432,-226.66859912393787,0,0
-12.553069950120356,192.90556927204705,-226.3060155677812,0,0
-13.039883997247536,192.37027164093743,-226.5331577506545,0,0
-10.907386392248563,194.497959933579,-228.4592808456495,0,1
-10.926231284746525,194.4598590811841,-228.9982073312717,0,0
-11.80247887345043,193.86104889738888,-227.76873948897443,0,0
-12.116200995311615,193.51816328912545,-227.2817376268248,0,1
-11.47943237589194,194.13865287530768,-228.2224468850022,0,0
-11.476450732238716,194.13042843800943,-228.7649607040386,0,0
-11.1796337898074,194.284379418313,-229.38177045117607,0,0
-10.83540174813824,194.42664725863764,-229.69860998753475,0,0
-10.708273364321972,194.41685525948645,-230.0669882885093,0,0
-10.832644519344612,194.29720613307225,-230.413277436747,0,0
-13.48812039826303,191.6999289505428,-226.59609415441776,0,1
-12.619325417523758,192.97890443029289,-227.0992478344233,0,0
-12.375900645990072,193.3207807589568,-227.7881204743413,0,0
-13.2566327048388,192.2451856996572,-227.2220699837549,0,0
-11.968259233029045,193.73831544667905,-228.37776441818983,0,0
-12.510233921420523,193.22191717265216,-228.39848262298992,0,1
-12.332799327490909,193.39640520250504,-228.85169858174555,0,0
-11.917975546662849,193.7713863557614,-228.9638770440896,0,0
-11.225686525767925,194.1695172400541,-230.030003659135,0,0
-11.15400144102537,194.09525106198245,-230.65537137608348,0,0
-11.586019238844925,193.8794101854248,-230.38916511449148,0,0
-11.616656284890508,193.98079176937165,-229.4485699129296,0,0
-11.820376131705862,193.77645608538785,-229.87043831073711,0,0
-12.05861238896668,193.6231492241141,-229.3739717263784,0,0
-13.7738586780948,191.4544922916785,-227.32629366795788,0,0
-14.08414027887358,191.0127888249311,-227.78464530535624,0,0
-12.981407868912571,192.70123089192407,-228.0104104513488,0,0
-13.50742220468848,192.0414909714273,-227.88663220027428,0,0
-12.849710363117383,192.86982629389595,-229.0165742273988,0,0
-12.426915400065011,193.28137761504627,-229.3437942767285,0,0
-12.684801494115872,192.9805624294006,-229.84952264019904,0,0
-12.2223855927778,193.446616358332,-229.6944028742343,0,0
-12.151114841506216,193.4333885240136,-230.36695777387985,0,0
-11.653567287951017,193.7360076580293,-230.9707347572964,0,0
-14.27048356719354,190.88284443371413,-228.3747651287975,0,0
-13.87036599791374,191.56469002391069,-228.1803858606121,0,0
-13.480383176988711,192.1645297554041,-228.67961819213016,0,0
-12.954402796764736,192.622088935747,-230.530721113924,0,0
-13.317839780550884,192.3176494311895,-229.76358083241936,0,0
-12.070830188514304,193.3885290668668,-231.17083486860943,0,0
-12.504571656261303,193.06650295517443,-230.64244477455992,0,0
-12.660347406260987,192.83558184304448,-231.24060015166032,0,0
-14.49431146316992,190.6923952749688,-229.14099914483944,0,0
-13.975771283436124,191.5450225937117,-229.1793919454944,0,0
-13.865883558166384,191.65224756330448,-230.1617612315124,0,0
-13.127507221859103,192.3390056448482,-231.3376536336906,0,0
-13.391607548399024,192.1383797197713,-230.6435589014011,0,0
-13.736575259085804,191.70014131225585,-231.10183439625763,0,0
-14.32868918067588,191.0592552762448,-229.813461333745,0,0
-14.707132879419218,190.45513887824467,-229.95476483972791,0,0
-14.392838258555742,190.94092806093016,-230.74427730691392,0,0
-14.917515573798438,190.15594068462445,-230.57634939383016,0,0
-10.018645402549646,164.48503385491207,-224.69184838726625,0,0
-8.687825426280023,164.165443118125,-224.39370265309995,0,0
-10.854934647606656,164.67368969622254,-225.6457699137549,0,0
-9.314355778431528,164.07929433652703,-226.00365292484955,0,0
-7.447674595038912,163.72853943285298,-225.7718725582081,0,0
-8.021594989209389,163.70967002892394,-227.10519826146432,0,0
-6.097506182393116,163.50294317023463,-227.39278325387536,0,0
-9.662450755729948,164.11668377397743,-227.53820673695864,0,0
-7.085548428568845,163.55337180740244,-228.39440816412653,0,0
-8.837544073200531,163.87763819988845,-228.4290996241644,0,0
-12.908137141417118,165.90241113140198,-226.7933755786947,0,0
-11.89328364047004,165.18726367257307,-226.26427588674804,0,0
-10.706406246427628,164.53544599958238,-226.8694115940983,0,0
-11.929774645759933,165.19267972315356,-227.39488806639133,0,0
-10.913033694288808,164.6343430639253,-228.1839646762176,0,0
-9.990309587579633,164.2571371861522,-229.10944697927664,0,0
-12.95741659578144,165.9232336198327,-227.83123745703784,0,0
-12.13236849220326,165.33910216474058,-228.591331592386,0,0
-11.305420787115972,164.87186004281074,-229.5515607784756,0,1
-13.03404518971532,165.9963180761514,-228.8289375570152,0,0
-12.584765078554526,165.69259431932258,-229.8061003668433,0,0
-2.1963027125583685,166.24494049771957,-215.2206630587036,0,0
3.7834220496625592,167.48436065193505,-215.0061033471465,0,0
1.811540715606704,166.64153621261354,-215.2904224449196,0,0
-4.093193363004426,166.67074467801203,-214.9259516370021,0,1
-3.599902888685842,165.8781105861231,-217.23382531011737,0,0
-1.241558091171528,165.87875308078216,-217.00418151679344,0,0
-0.172617271666689,166.23689490247875,-215.2532175634674,0,0
0.8817720622195446,166.26553249510803,-217.00760544542445,0,0
2.8129334574462512,167.05824516139074,-216.8638984971165,0,1
-5.51070097734253,166.50899951323083,-216.49817455470017,0,0
-5.213758062510275,165.8030473498832,-218.16081126311923,0,0
-5.887982406040846,167.4024077663599,-214.6524072397509,0,0
1.8890161758593425,166.50790112030654,-218.71182232494047,0,0
-0.1166948691551173,165.77105460844376,-218.7653342965654,0,0
-4.032489562025101,165.33534910547098,-219.12183350434083,0,0
-2.2020111008335164,165.42785434020607,-218.8122831932756,0,0
0.9704315546329176,165.88475592687834,-220.541083678746,0,1
-1.0352445659034224,165.23836163794337,-220.5272349534256,1,0
-5.229045258212771,165.33267876953204,-219.43494330695145,0,0
-6.093021491387529,165.63419334356416,-218.9897635643757,0,0
-4.608997189395144,164.89316758034974,-220.58624086150385,0,0
-3.0601270133487453,164.93051388491938,-220.5562346874529,0,0
-1.954168949057168,164.70293617189952,-222.23994292569748,0,0
0.011782489520703,165.24779048487565,-222.3428353218173,0,0
-3.916597130004632,164.47479206733493,-222.08065687863555,0,0
-7.677413012725718,168.39958109191647,-214.45767619009715,0,0
-6.749781634587965,166.25819066024692,-217.88754255961305,0,0
-7.105816251214612,165.75317271211432,-219.1944896312384,1,0
-7.231827338705811,167.24291431151,-216.1878317790433,0,0
-8.051913186269422,166.2147641274208,-218.7481961685669,0,0
-6.401603386037847,165.1171110893579,-220.3998928923352,0,0
-5.293575000179691,164.5536183370496,-221.72760341118888,0,0
-2.8841798352590824,164.2228450367426,-223.851252913184,1,1
-1.0207287048093865,164.64585974020602,-224.1163376242582,0,0
-7.933431336590076,164.91161451597608,-221.55100009240985,0,0
-6.673449997791132,164.4678836773093,-222.27290300696825,0,1
-5.137071794208855,164.05819435766116,-223.53672315188777,0,0
-3.889238110452351,163.78141903429568,-225.74270990286584,0,0
-2.1482335060338134,164.1244818094307,-225.85828768535285,0,0
-8.357965355818411,165.5705099287415,-220.2424856762704,0,1
-9.019887251559018,168.2405887070514,-215.9186028200084,0,0
-8.454240292329123,167.0336636011577,-217.4792109990556,0,0
-9.544497103262133,166.599015075029,-218.9881199075571,0,0
-9.321009116439924,165.17872962647914,-221.70539355888167,0,0
-8.278689043803134,164.52775149266049,-222.78041977339032,0,0
-6.950440256610955,164.00210413037578,-223.9911767869523,0,0
-5.824587323449985,163.65849584652443,-225.6074263380732,0,0
-4.721966141978879,163.5713771174791,-227.030585414679,0,0
-3.388149448592832,163.73492405230675,-227.5576566589592,0,0
-10.26053467025286,166.0817673058904,-220.45550301178696,0,0
-10.532278754315175,167.9845110123311,-217.51740237561893,0,0
-11.145392497150636,167.11086827301182,-219.36085996792,0,0
-12.126097478323876,168.21679264990087,-218.5944341243216,0,0
-9.528847185663473,194.69628263439287,-229.8845983160408,0,0
-8.410272098041476,194.7365337198528,-231.02721629253384,1,0
-8.511602305574005,194.8063081101112,-230.41859666239063,0,0
-7.889963672442983,194.8838844982408,-230.7222499419656,0,0
-7.18033874376852,194.95987391521783,-231.05900169414429,0,0
-7.7762029540728355,194.7900391681504,-231.50405206685983,0,0
-6.373277555107344,195.0147911060224,-231.4346237984812,0,0
-8.881205391437652,194.6260584370678,-231.2475950126345,0,0
-8.94299131837097,194.6845743532943,-230.66768334433064,0,0
-9.054898933010325,194.74059595258143,-230.14161189400537,0,0
-9.44314619498734,194.6368223383172,-230.38215968045543,0,0
-9.399320125588885,194.57707548389067,-230.9111218294254,0,0
-9.385432772601597,194.51284086821784,-231.5134922570269,0,0
2.2630408307770087,200.6044436531637,-214.4256012420901,0,0
4.012852616646732,200.2381652995544,-214.46140341695,0,0
7.677821080113415,198.61332600741463,-215.74598777960145,0,0
6.09515557674433,199.54789608928485,-214.67893900213247,0,0
4.651999335733055,199.6736123644352,-216.06062035072463,0,0
6.067552650702012,199.0550385736445,-216.739355056494,0,0
7.338342241239187,198.2777037390641,-217.62996685998547,0,1
1.084732033325175,200.32776572953955,-215.8593083758045,0,0
2.926454414806305,199.9467781733897,-216.3504631847256,0,0
-0.677734325244189,200.429915133327,-215.81076466855515,0,0
-2.308999296038572,200.44917712204315,-215.6823421338248,0,0
-4.365782523970504,200.3280825818798,-215.44465301658792,0,0
-6.296388224401069,199.63104649639453,-216.20452628159816,0,1
5.64986486974234,198.60925772041543,-218.63392397156144,0,0
7.0846003104419175,197.80811400406023,-219.4976691402358,0,0
4.324194555572033,199.2728724570109,-217.6296580904288,0,1
0.179368643392061,199.97693974264723,-217.00235441399963,0,0
1.392540825783418,199.8022788628166,-217.29748591105684,0,0
6.9104393808523845,197.2499297046175,-221.3500074780568,0,0
5.334800138719225,198.0508839358202,-220.52583574911995,0,0
2.4710301304465294,199.32191563903208,-218.34764803348668,0,0
3.8003818217600527,198.7123246956528,-219.54401644589723,0,0
-1.478449207553613,199.7892629340884,-217.509293610646,1,1
-3.2798320689738256,199.90849012571584,-216.92042905316225,0,0
-4.886609707495193,199.51262797911485,-217.35147936205647,0,0
-6.6026532980703365,198.8540822077144,-217.97230528743728,0,0
-5.299872401416352,198.77265148777684,-219.0055690463819,0,0
-6.756316527007366,198.24259251409973,-219.41635063240545,0,0
6.811373736800434,196.644891333001,-223.19342186200035,0,0
5.142469422864251,197.44108983638344,-222.39400833126768,0,0
0.3227098126448555,199.30604743785565,-218.76207757445704,0,0
-1.4455383796080838,199.13448786130493,-219.17799150060983,0,0
1.7643061006549634,198.67895323626337,-220.25475829271,0,1
3.496356777190882,198.0913229140415,-221.397849995426,0,0
-3.220167182833109,199.24015971059583,-218.61586645244424,0,0
-2.392741928249889,198.73804960435552,-220.0672362987436,0,0
-6.91591099013278,197.6539950607325,-220.87386807322025,0,1
-4.109867981991922,198.43411731153503,-220.39714093867423,0,0
-5.7908508958467575,198.1798829441477,-220.2602499964532,0,0
5.025723445729667,196.82812507757905,-224.2578307047416,0,0
6.777414538342453,195.9957283050241,-225.1105311567904,0,0
3.26616319530482,197.44647729217235,-223.3224879737859,0,0
-0.6127548896423122,198.4567156266509,-220.9998343429513,0,0
1.4158401389153514,197.99619561427,-222.1826418695195,0,0
-2.615126103778946,198.27704030346683,-221.2424108716884,0,0
-1.743512513647784,197.9654524894458,-222.2599357248193,1,0
-3.730394780094819,197.95528741071848,-221.82882310523544,0,0
-2.8811405563094934,197.76149588437428,-222.6296452369529,0,0
-6.931077213745954,197.18840433572552,-222.21725667162664,0,0
-5.400374818283253,197.7586608238801,-221.64403019959337,0,0
-7.166251226852316,196.71773283573785,-223.4854603234529,0,0
-5.858762998658116,197.1413724385725,-223.18863125567137,1,1
6.787193039059252,195.3227855977446,-227.0221629793419,0,0
5.013665646321794,196.1738397485517,-226.2211996536692,0,0
3.270601778446518,196.8125154887379,-225.225813385966,0,1
1.4293412101045084,197.2738036074496,-224.30721952823205,0,0
-0.2988823280243509,197.70465873511623,-223.1262810025928,0,0
-2.028968793496615,197.5985520179725,-223.28683525819648,0,1
-1.595582307926979,197.260968615722,-224.3826792995924,0,0
-4.229175854567644,197.4230539001933,-223.1913800482276,0,0
-2.836563213101685,197.36368555814,-223.83008455723973,0,0
-3.595825597236379,197.07118807601736,-224.52268520799373,0,0
-7.432700634399951,196.3252603985262,-224.56976025196428,0,0
-6.254552484234936,196.67079537973348,-224.4267690120316,0,0
-4.968244041820765,196.93518266257155,-224.37048621777905,0,0
-6.615281979192265,196.3084892938501,-225.4073152126735,0,0
-5.476509036994824,196.54903581447883,-225.375744035572,0,0
6.8136944524291305,194.6161737068004,-228.9239132739106,0,0
5.064623153862778,195.52561332400705,-228.11546950234188,0,0
-7.688299749620378,195.98511373540225,-225.5790844753233,0,0
3.3105860923017323,196.162745764086,-227.2242562949873,0,0
1.401867189756496,196.68182488047964,-226.1651617011053,0,0
-0.292842673067718,197.03455639307944,-225.1832849739724,0,0
-2.536492039015375,196.9845593568895,-225.0989830941545,0,0
-1.6289013412404707,196.9288404366231,-225.4379840208537,0,0
-1.158565128167142,196.71508031644305,-226.1893420327512,1,1
-3.355258488896068,196.79271679000533,-225.5119126996675,0,0
-4.249511668723139,196.7181209433317,-225.43211778948253,0,0
-3.666890030225072,196.5113311871229,-226.37029223564835,0,0
-5.918596219257119,196.20293828388665,-226.3329502607385,0,0
-4.8019865938694135,196.3796647586384,-226.3539428757891,1,1
-6.971546707814998,195.9883750596115,-226.3097315114354,0,0
-7.952319934398258,195.6913688444485,-226.51280176942845,1,0
-6.397093333090281,195.9199184324985,-227.0777137172511,0,1
5.261586775448964,194.79033869792568,-230.0774478336345,0,0
6.835022679460586,193.86960162051344,-230.8102258535269,0,0
3.471915370468017,195.51394806707185,-229.1697411442323,0,0
-7.408871684736487,195.6744213960707,-227.20024995426468,0,0
-8.255166342239304,195.43350296113147,-227.3475640229104,0,0
1.4104512286068915,196.0563933358805,-228.20214326066537,0,0
0.0133962156964032,196.54292200675005,-226.7777423956705,0,0
-0.6682233778576092,196.1405866496065,-228.16617052569583,0,0
-2.3327296967157563,196.6231000175342,-226.3432897170105,0,0
-1.2598979312738174,196.453513512224,-227.06496926277248,0,0
-5.391517655193312,196.03917981627603,-227.3013834371569,0,0
-3.20201133352509,196.31741496647123,-227.2056655088616,0,1
-4.205711140710826,196.1911048413784,-227.319872768588,0,0
-6.9254154447466405,195.6154945388767,-227.9280002601048,0,0
-6.111870394012139,195.78628116424923,-227.84648440524623,0,0
-6.289827354971903,195.6253515992724,-228.4101832870816,0,0
-5.483521319618377,195.7718265459835,-228.32584069760875,0,0
3.823449730396253,194.81178078983967,-231.09937819180308,0,1
2.050359299285558,195.34761255285417,-230.3419558192058,1,0
-7.779388869947269,195.42772232141385,-227.9482953983661,0,0
-7.494808236665108,195.37774472456127,-228.49658070741413,0,1
-8.550219617461694,195.2103459777805,-228.10663622119847,0,0
0.1054357322305569,195.69055008348764,-229.68492862258867,0,0
-2.106316811997312,196.21848639202472,-227.79516708653244,0,0
-1.4509529945948725,195.8156535103625,-229.3171137887349,0,1
-3.449305329213121,196.02239515772607,-228.22280862834367,0,0
-4.585296132411054,195.93162721386287,-228.149933129838,0,0
-2.7305239727448702,195.81026684025497,-229.203688278274,0,0
-4.024550241368531,195.72448400359943,-229.2080021334296,0,0
-6.879262294883995,195.42294982880648,-228.8651400223365,0,0
-7.595284835134606,195.2564452443605,-229.0007522496425,0,0
-6.005499374021233,195.5294431847776,-229.0491318708948,0,0
-5.028783761285355,195.64792054691463,-229.104246900892,0,0
0.7591077563974733,195.14760072029912,-231.4364214901509,0,0
-8.930748704696901,195.00731005696133,-228.7209799237,0,0
-8.162098965276634,195.20736925966904,-228.6146345721725,0,0
-8.059549519451666,195.08036718275625,-229.41203257660587,0,0
-9.245580082319044,194.8616301996232,-229.1797640280637,0,0
-9.518026165702423,194.75399420749244,-229.5371115200448,0,0
-0.9149334200033932,195.3787079843804,-230.91631518723864,0,0
-2.341858200273031,195.47841614145008,-230.54514253787903,1,0
-3.5494999938645906,195.49077949315333,-230.31132184493163,0,0
-4.746302255496464,195.44691105916115,-230.1173761897868,0,0
-5.711344812734208,195.3859835542437,-229.9113312882289,0,0
-7.306169502754213,195.2074825596718,-229.55197463064857,0,0
-7.916455056532684,194.9960225178568,-230.0456118346385,0,0
-6.622239786010646,195.2969327621593,-229.70784556748697,0,1
-7.200945184326191,195.08820454973235,-230.3012593055392,0,0
-6.468771300849514,195.1536805754492,-230.5818821817448,0,0
-8.614820782866873,194.9882119692668,-229.23928218103663,0,1
-8.567234370899168,194.89124418210884,-229.8510478995317,0,0
-9.112572824629863,194.8033462698728,-229.6902895419441,0,0
-4.489647327888167,195.23071789406887,-231.2018900547937,0,0
-5.534902284800013,195.21180343414787,-230.86743386589063,0,0
4.189279424405616,166.9935634823992,-231.40321405954484,1,0
2.502327668274164,166.04334477725033,-230.97890438096067,0,0
0.7678416191616013,165.18572434084578,-230.5513162325445,0,0
-1.0197196430346085,164.44841571976784,-230.1144202722046,0,0
-2.864763430604805,163.8735338112474,-229.6622598087748,0,0
-3.824492168654763,163.76392391486607,-230.9695919973248,0,1
13.450549677158795,178.68695745448957,-218.77967325874883,0,1
14.413885875006905,179.92832718185156,-217.6616546900344,0,0
13.682450520797392,178.2282098303995,-216.84697791464487,0,0
14.915661973008604,181.71631276791024,-218.46190530638464,0,0
14.599618293299544,181.6867956315144,-219.72854223908828,0,0
15.06755093900154,183.58455439999992,-219.2150443250005,0,0
12.799381727538568,176.6008020742749,-216.0347713139564,0,0
11.81347132144614,175.02646837287486,-215.23606330713807,0,0
11.512814875773888,175.54039566191284,-217.29666463450337,0,1
14.23217416088984,180.39131071148083,-219.22791751921991,0,0
12.514172969799649,177.0454959400768,-218.06089848900496,0,0
11.560293528503523,175.80742228705395,-219.32828957028823,0,0
12.566799247321672,177.29501787811236,-220.00910778031087,0,0
13.507628876813737,179.02976814609892,-220.50769814400064,0,0
14.139690686910193,180.6523197322716,-220.9437232359845,0,0
14.560562215961252,182.41508192042767,-220.91418132899165,0,0
8.357778004178398,171.30677857834857,-215.1247304360119,0,0
10.424151539081256,174.33069327909544,-218.61147760786915,0,0
10.771108163429302,173.47731762049935,-214.4598043534972,0,0
9.4249583335519,172.66849858736737,-215.7503075157557,0,0
10.480975063052076,174.1067157061681,-216.52772168823395,1,0
9.328169788278018,172.99128350369182,-217.9469843455484,0,0
5.275958475403656,168.4399665863538,-214.8714672971027,1,0
12.877332457229516,177.58280319850917,-221.8811410301385,1,0
13.681094717650094,179.32593111483106,-222.3298228635286,0,0
13.29248214748006,177.95570031623353,-223.8234745814518,0,0
11.818928874776768,175.860975455404,-221.4776004933812,0,0
10.724765437235028,174.47919836658147,-220.7083048830216,0,0
9.507560527149538,173.06976681904368,-220.0383458321417,0,0
14.189226188641523,181.15224482352832,-222.5840318148772,0,0
13.894485863535218,179.8220813020863,-224.22325981240945,0,0
8.22526001771812,171.66591202666024,-217.17309037801948,0,0
7.239958437641676,170.48415414535484,-216.28405933327247,0,0
8.284020312771478,171.74240634710614,-219.3065206457222,1,0
13.621597440891335,178.44417854317857,-225.83070389466587,0,0
12.914351048379144,176.5159210486326,-225.394713336854,0,0
12.333678472157557,176.08958860380022,-223.45403879137484,0,1
11.888554545330624,174.7605477734636,-224.94073606154805,0,0
12.490620076984657,175.08382504696408,-226.98306624169,0,0
13.309171528184269,177.03696128757193,-227.4005061073077,0,0
12.876213427054182,175.61719352655714,-228.9294996960122,0,0
6.852496591277974,170.26488797410337,-218.4017186967587,0,0
5.905306843466954,169.24500496495548,-216.47684322264723,0,0
4.415101472863485,168.0657714753948,-216.79685281551463,0,0
3.637561676605829,167.52096921199197,-218.72768105182243,0,0
5.224237920059508,168.74157451861183,-218.61647847193345,0,0
11.4217259688168,173.45987133814523,-226.56675424994003,0,0
11.043619431240646,174.2849614901014,-222.86579149149523,0,0
9.847012438566848,173.0979986706832,-221.69466971991125,0,1
10.017192419209175,172.8198147933786,-223.20974511392225,0,0
9.288117581993944,172.15115349852454,-222.6144534330724,0,0
9.485239549084111,171.87466791236267,-224.1429112130557,0,0
8.631008440684038,171.79334611906722,-221.2283977599884,0,0
10.724909383521815,172.15181527711613,-227.99382278358863,0,1
10.087227886667806,171.93887425605513,-226.05280436722705,0,0
9.27428859197707,170.74900335930988,-227.3063282386818,0,0
7.413191348493129,170.55531855982454,-220.88888194836449,0,0
8.183718727435197,170.83915036790552,-222.97070518563464,0,0
8.65870989597641,170.66755756828104,-225.25180277684723,0,0
10.731883629757696,173.18998378917036,-224.68061344065768,0,0
12.260778372056354,174.21219039589676,-230.4078588289153,0,0
11.195216334446645,172.42593801601325,-229.9259451211434,0,0
10.183416410042588,171.21773298075638,-231.3519768912568,0,0
2.846530989460488,166.841928874993,-220.6270824279096,0,0
4.505522772894464,167.9803898933506,-220.6432432434781,0,0
5.99266961395455,169.23142382952864,-220.59142545257737,0,0
6.903727451844341,169.65382325150657,-222.70181371394764,0,0
3.799399329923865,167.187072544177,-222.6495920649683,0,0
5.454224687542557,168.38919794487657,-222.7553300381217,0,0
6.151456075974529,168.7035213118026,-224.052992919128,0,0
4.72653874114525,167.56734083435367,-224.352200719212,0,0
2.016740709676975,166.13175965472797,-222.506551093406,0,0
7.380620060894317,169.600342804971,-224.7524438258796,0,0
6.120657584545899,168.30814030142258,-226.06138032248583,0,0
7.824839903111039,169.54646974819266,-226.75905117997848,0,0
8.309606925023562,169.61973852489987,-228.85048529948,0,0
11.94292647169332,173.73475056506095,-228.47736186126,0,0
2.9959071134338657,166.46640063064132,-224.2135747051045,0,0
9.805991798240814,170.90115168541627,-229.39209214734345,0,0
8.714804324790723,169.8579572424305,-230.87806157991977,0,0
7.146804484209182,168.6777746983256,-230.35269617877287,0,0
4.155285411077461,166.95336773526918,-226.044752395967,0,0
4.986452940785602,167.3052073350259,-227.90973018452675,0,1
2.108334447732025,165.80038314077655,-225.84301058769807,0,0
1.083626195340593,165.45482783545694,-224.2497525582393,0,0
0.0900490526698404,164.85001570385225,-226.20487696101443,0,1
1.5704044382575175,165.43290367290714,-227.50751975534203,0,0
6.749138778833067,168.47170298642993,-228.3192331884133,0,0
5.490145821285489,167.58054330913492,-229.8441159775748,0,0
0.1962264920820951,164.82440798923972,-228.45150680588293,0,0
-1.547541251704159,164.20140489326593,-227.8877992745807,0,0
3.775431969627596,166.56200370033082,-229.47999704986705,0,0
1.966894716730163,165.619156783837,-229.18617546616912,0,0
3.1427563475446307,166.22981202036453,-227.60326931503573,1,1
14.609466806743397,184.7712038653274,-220.9558008485957,0,0
14.382381157099896,182.83985773163133,-222.48410560045969,0,0
14.207420765185798,184.44946427847583,-223.0627320450618,0,0
14.04166932721808,185.86300299186104,-222.7256956995895,0,0
13.78374959575326,185.20833207660849,-224.49578657506905,0,0
13.362183888420256,186.8736573598356,-224.50386416798108,0,0
14.140349696665655,181.81648104717684,-224.287925884654,0,0
13.908224551662205,180.426387443746,-226.0704140277732,1,1
14.066359648435457,183.40476100563592,-224.4789521468689,0,0
13.560309843487737,184.14516450029336,-226.41004044989035,0,0
13.150393580731617,185.9843351522017,-226.2925770843453,0,0
12.579349349087128,187.8085777284031,-226.28188776567671,0,0
13.65264191934162,178.98471650483282,-227.7449737619592,0,0
12.951431215497182,184.9108102451799,-228.00319704943388,0,0
12.404638319039035,186.6399331564652,-228.1289422149002,0,0
11.600348595703965,187.2875976018805,-229.79775696079312,0,0
12.192438245773277,185.4087809871476,-229.82421818041263,0,0
11.709260997200923,188.6690799260004,-228.0568945020003,0,0
10.838281525079328,189.40459726277624,-229.70183462515016,0,1
13.863849897246164,182.3021797906392,-226.21350723114605,0,0
13.617358158665224,181.0589235729093,-228.0386797389941,0,0
13.353302218172695,182.93286945374047,-228.1371613956605,0,0
12.766832001090194,183.8808763032741,-229.3888526874392,0,0
12.964536203455689,181.8615685237989,-230.07073890204484,0,0
13.286089319305727,177.5092008067965,-229.4591266164812,0,0
12.73376384594618,175.99764351663134,-231.0968441538186,0,1
12.077541453067932,183.79489458756137,-231.24887340507087,0,0
13.278592323521185,179.5658342388104,-229.8962392367395,0,0
11.437041669071638,185.89334236866856,-231.3304266544459,0,0
10.74412563461182,187.9935722219435,-231.32442096483643,0,0
9.899727345415592,190.06693113381544,-231.3411573179887,0,0
16.575536294103234,180.9986187179992,-214.7674978499087,1,0
16.644029996248303,182.9668946622104,-215.4508630882399,0,0
15.655072533411994,181.43846340581155,-216.5039346125237,0,1
14.189926521084448,177.5087470854007,-215.03969723677835,0,0
15.17705669030684,179.28006446234104,-215.48836396463048,0,0
15.761886688872083,183.3699994565732,-217.28273802165484,0,0
10.32573033376345,193.69734489302203,-223.80033390074576,0,0
9.791831708144928,194.68409908247872,-222.9214468795093,0,0
10.789085137701004,193.59562976200075,-222.5939194030003,0,0
11.039836655621777,192.66562597846035,-223.83046661180063,0,0
9.270510902638126,194.60102414692165,-224.4939632839429,0,0
8.484287954354846,195.74294590833588,-223.15739870731016,0,0
7.953976195874335,195.60100766517243,-224.5251911415614,0,0
10.25730453217994,193.1558718471677,-225.2505799278636,0,0
8.023850161867266,195.0157086260223,-226.0157061073588,0,0
11.298637967381078,191.54203193380312,-225.1792209070324,0,0
9.254618185826311,193.80109413113752,-226.5160739877368,0,0
8.148528744023425,194.2331672945648,-227.8249672618205,0,0
11.536119228392945,190.1664198689328,-226.61807442676687,0,0
10.354931996038705,192.09078574335928,-227.1232268423473,0,0
9.221399471033694,193.05541903946724,-228.25529318329444,1,1
8.161502850448073,193.48158566414853,-229.5861226154593,0,0
9.10353284689452,192.3992099436508,-229.815290591292,1,0
9.895920495047068,191.86948274934483,-228.78915251044867,0,0
9.996666731784336,191.0025742883873,-229.89448751408577,0,0
10.81721669793745,190.5061591266536,-228.34233664239804,0,0
8.087400298185107,192.7803856596265,-231.22007442237404,0,0
9.02714382581224,191.5541692841463,-231.41900524245327,0,0
8.862213240597843,197.9868818137092,-215.2344179800764,0,0
8.701059106259624,197.65433255891384,-217.0130357093555,0,0
10.259068885044748,196.9478659780852,-214.7061833898684,0,0
9.857641854219406,197.002467355875,-216.00820283857323,0,0
11.221772069398275,195.65992832773927,-215.7953611054544,0,0
12.5962178824969,194.23175852866555,-214.8028349774763,1,0
12.333846853194435,194.01794803410263,-216.39514148003545,0,0
10.10606229394924,196.29081299509403,-217.66369933752225,0,1
8.57847279932156,197.24256004029945,-218.6680953258262,0,0
13.562268289601429,192.4262656570009,-215.7064355940004,0,0
12.697565890078574,192.9681253083564,-217.5591001158684,0,0
11.395439064594497,194.65453597671527,-218.10951844187943,0,0
11.932780539355829,193.35616178180348,-219.4065251844764,0,0
10.702370880439537,194.7436060112344,-220.1362493729691,1,0
8.324241689637134,196.8261892580656,-220.42511285805384,0,0
9.938340985072184,195.9182519796488,-219.2667470948533,0,0
9.46574207056331,195.6148524788152,-221.3465276188905,0,1
10.470686306097594,194.4095581948364,-221.66040718022785,0,0
11.300183850518009,193.54001089184635,-221.0872107223533,0,0
8.016001010336037,196.52814618682007,-221.81962080154457,0,0
14.59378520198353,191.33842159837187,-214.4208004369877,0,0
14.253039290230438,190.77395030032227,-216.4817473375501,0,0
15.206457543490206,189.6130578137849,-215.3553832906374,0,0
16.396432943169483,184.58197717938145,-216.0184267195602,0,0
16.7203403120992,186.3058929299121,-214.6810934481706,0,1
15.615111446053684,187.948061826838,-216.1010426727564,0,0
15.75337809633996,186.136939233006,-217.00758879335348,0,0
15.69759768777852,184.67969456780804,-217.563048378341,1,0
14.777916294810632,189.0502625447845,-217.23387519616472,0,0
15.114021507572236,187.26437434008488,-217.9472565115942,0,0
15.23061927249423,185.4323097358005,-218.6111506830493,0,0
13.479715465035504,191.63631168736885,-217.49843794610587,0,0
13.858153485623443,190.4437783190114,-218.20061942137315,0,0
14.312491666144616,188.8163117394249,-218.85630950267185,0,0
14.82360523241296,185.47148266774656,-219.83535868435047,0,0
14.279416377408763,186.4770117789694,-221.19255050768936,0,1
14.689243800412989,186.95696094892224,-219.3759246260362,0,0
13.726259706675805,188.6287662053423,-221.000475036474,0,0
13.423304846096205,190.31187875106744,-219.7979924508813,0,1
12.670779309537872,190.7565795526147,-221.69317018040127,0,0
12.972734242490183,191.7813701201377,-218.93034931913223,0,0
12.428739233321586,191.90154401406696,-220.5497316830665,0,0
11.686337660205384,192.33697329659896,-222.2807664842988,0,0
11.950157352118456,191.2328644145736,-223.44649719263003,0,1
12.83376850963185,189.4959875749418,-223.0793613888992,1,0
13.569510581777497,187.63556394383605,-222.78338562308576,0,0
12.783807958064113,188.53422283793387,-224.62355411338,0,0
12.149588402994572,189.11553658081024,-226.07012579168432,0,0
12.038693034783464,190.1307508638945,-224.97820346431408,0,0
-16.97823240796214,185.4182466268261,-211.58431827156053,1,0
-16.90987127610112,186.9536389070001,-211.5119512509997,0,0
-17.270406673981352,186.0767577770044,-212.82912974813752,0,0
-17.3320095383255,184.50572001112232,-212.9692693078844,0,0
-16.923736468953752,183.84912225299857,-211.8425958315456,0,0
-17.24178415146152,183.3501425297337,-213.0150939237977,0,0
-16.76936746461708,182.1903691389781,-212.2762485389355,0,0
-17.45383595769798,185.2442889069813,-214.0889383122028,0,0
-17.476246984905117,183.71713551967545,-213.98153873123488,0,1
-17.30836682405511,182.2265532672168,-213.8988705431321,0,0
-16.533341349889103,180.45525584187064,-212.86417567782365,0,0
-16.996031916884075,180.15663585928584,-214.30704866818755,0,1
-16.233350728870843,178.7099994882797,-213.5699269624413,0,0
-15.88876111320095,176.98029255499955,-214.3619582799996,0,0
-16.982429334412632,187.63012162791944,-214.0731807163312,0,1
-16.924757388805194,187.98786593331835,-212.7469756177378,0,0
-16.60311689835724,188.7547292525151,-214.1512859999495,0,0
-17.15134630690235,187.0612606575985,-213.09633922495703,0,0
-17.26484918868308,186.4699608004476,-214.06079448975595,0,0
-4.940823405573663,178.036465003082,-199.9635641252888,0,1
-4.340365872400672,177.0604441057139,-199.8432985802449,0,0
-2.92132668170827,174.28927818138854,-200.03168113807988,0,0
-3.474749383983548,175.17841464765576,-200.0533156274153,0,0
-3.94139395587313,176.0885753284534,-199.9901807879018,0,0
-6.229252170747321,180.95281132804485,-200.13819020822515,0,0
-6.436491259441177,182.1680711673391,-200.08530425831685,0,0
-5.873510759049173,179.8247807996436,-200.133868255819,0,0
-6.7956175147408,180.05648068090966,-200.988783726964,0,0
-5.451488267766854,178.87318463431973,-200.0959529167471,0,0
-6.262511979998529,179.0110273201242,-200.90712826246485,0,0
-5.077559375873687,177.35479506522483,-200.5243887921533,0,0
-5.686565330132467,178.0593010550532,-200.79206291213168,0,0
-4.802817005694271,176.47627836448245,-200.77547890378324,0,0
-4.295222136330606,175.44956921616662,-200.89164334973668,0,0
-3.6936831941199664,174.43194685686635,-200.92421209070915,0,0
-3.0393678400212725,173.46022384999912,-200.87968040199905,0,0
-3.8697568610247504,173.6410070493939,-201.82877797360925,0,0
-6.600625667916494,178.06280868437457,-201.80833922739555,0,0
-5.759908632017574,176.9924144088068,-201.54593682414725,0,0
-7.447669615020843,182.70957107598025,-200.86642644025764,1,0
-7.191858799234203,181.33801785761432,-200.9432782336781,0,1
-7.224539163401404,179.05523617794145,-201.91541321887345,0,0
-7.790557107134989,180.3323178788416,-201.88212444173865,0,0
-6.676099005833735,177.20636510080033,-202.45332152558265,0,0
-8.27079454073085,179.27289843721798,-202.9161056580436,0,0
-7.4634722280414145,178.00029676315896,-202.8092567597777,1,1
-5.189263573913202,175.74777438387906,-201.7630515102272,0,0
-6.216953289440117,176.13962951093174,-202.69860663215664,0,1
-5.53755797848025,174.97833620996678,-202.80892877425288,0,0
-4.58129077177988,174.6678918477668,-201.86474735760527,0,0
-4.765327077514451,173.82827719442918,-202.8420152511773,0,0
-3.0655311615399445,172.66718243605075,-201.67223367507785,0,0
-3.950909908418012,172.80664341700913,-202.75480127507225,0,0
-2.990111986324056,171.81198138985025,-202.5205386279257,0,0
-2.7937704295311803,170.93138210327356,-203.3931010612771,0,0
-3.9438407571687537,171.9107134365729,-203.7617896924306,0,0
-8.604297289798426,183.30686037614905,-201.74652507476,0,0
-8.26895067423905,181.75956216366964,-201.82329410543605,0,0
-8.937260760115345,180.6321907359152,-202.91621893897627,0,0
-9.415941234963189,179.43418781366773,-204.06449886086784,0,0
-9.89944953273623,183.9595741831264,-202.7763472560829,0,0
-9.50472573995207,182.2291474740817,-202.8488925398675,0,0
-10.220842703224864,181.0272480768192,-204.06591213222103,0,0
-5.7967262894303655,174.02464664630878,-204.0109139484347,0,0
-6.545736622682129,175.22975105959804,-203.8514766198995,0,0
-7.377186884485861,176.68507961994663,-203.65279048213185,0,0
-8.50942725775306,177.9829303492697,-204.00141554967365,0,0
-7.549007373414373,175.6258006257581,-204.7451305394032,0,0
-6.934766643904028,174.31658974506158,-205.2064465854353,0,0
-3.699913283704475,170.9504405168041,-204.6850004211653,0,0
-2.465233184925792,170.05417667351327,-204.2699107050354,0,0
-4.810381729164786,171.82243738513532,-205.11178747947807,0,0
-3.0759864475049707,169.96042958984043,-205.323966321294,0,0
-1.9959952769309448,169.20438833099868,-205.1394456469993,1,0
-2.988593934515346,169.30164315943836,-206.40687832109188,1,0
-5.915736883346704,172.9920195449168,-205.2562974039662,0,0
-4.86968045628958,172.89240605530935,-203.9300348188473,0,0
-4.344086218585688,170.47549182153307,-206.35375181511185,0,0
-5.865742162278658,171.84713524542116,-206.58640155787555,0,0
-7.211361230883254,173.31324629248695,-206.6455287958656,0,0
-8.622002324628767,176.74745343564763,-205.0816404572204,0,0
-9.746742007295587,178.223129795515,-205.2488549487424,0,0
-4.093647316231191,169.41423236797115,-207.8386479546562,0,0
-10.856791970792742,182.78306690341373,-204.0045061764873,0,1
-11.320893045634596,184.6571425225753,-203.98793220320388,0,0
-11.573972493825243,181.4429335869765,-205.3312249747721,0,0
-12.755940215916656,185.33712439307217,-205.33717975975927,0,0
-12.244320227896994,183.3117428081032,-205.2875871278648,0,0
-10.716914131879822,179.79195556948983,-205.2937522947605,0,0
-12.01708146932314,180.3161031889656,-206.46863647518168,0,0
-8.454695923291188,175.09031631701262,-206.3781776484148,0,0
-5.682151762567049,170.71464236192045,-207.94472362338053,0,1
-7.181544101641569,172.085068281354,-208.10901475643345,0,0
-8.554617149516163,173.63616760721754,-208.04119520302527,0,0
-14.120098356012509,185.9520806962649,-206.80250619257083,0,0
-13.585377184247657,183.8624456857584,-206.6369445830289,0,0
-12.859690204268826,181.94080682471147,-206.5626658253821,0,1
-13.094912877928431,180.7485814907028,-207.50383484778283,0,0
-9.928489160353454,176.81393930521682,-206.5956896393521,1,0
-11.133531386224991,178.5982432134165,-206.59499665166263,0,0
-12.611654743107946,179.2518487314743,-207.89960939174827,0,0
-10.029078614914935,175.3526016385841,-208.07657559907136,0,0
-5.31638986690819,169.52832460825877,-209.4257564559123,0,0
-14.781978101974282,184.3823116606445,-207.99421253094872,0,0
-15.34090302225598,186.4692679071864,-208.3617667903348,0,0
-15.993430383265649,185.1947501335488,-209.58614527759755,0,0
-6.941346874961269,170.82368569369234,-209.55821684368888,0,0
-8.438336603366864,172.19349351646565,-209.6349868242222,0,1
-9.831557625772623,173.68013808400408,-209.5911332106877,0,0
-14.15949919482854,182.2122014101668,-208.04533754426748,0,0
-13.945021720853026,180.29349738987503,-208.8772827957453,0,0
-11.628202299900233,177.1972427584928,-208.32040877361524,0,1
-13.29253468894,178.35341865749712,-209.4346979677969,0,1
-11.357949504149286,175.30740449934967,-209.72906300558844,0,0
-6.611054111544144,169.61382123152893,-211.07538773035947,1,0
-8.284576390177666,170.89280112024224,-211.2079575576413,0,0
-15.424515015173348,183.39559345049616,-209.2692594581869,0,0
-16.292776764740687,186.8312677624716,-209.92740950478816,0,0
-16.623826101395437,185.8384103314906,-210.66314941019388,0,0
-16.247080971710766,183.93662380020183,-210.3984280297801,0,0
-16.596339495976288,184.88984033760445,-210.7665776541099,0,0
-9.7675805588905,172.26120395398556,-211.1694589527358,0,0
-11.075948789211692,173.65883122815538,-211.0795539187807,0,0
-15.096242412958274,181.4914467929605,-209.7315739908867,0,0
-14.707452605587736,179.61356104356136,-210.38673863255016,0,0
-12.7974322863781,176.6367823427835,-210.24656094288608,0,1
-14.167714766489722,177.83029192446656,-211.00287349992936,0,0
-12.464146878359289,175.04912185622769,-211.2967723387035,0,0
-7.945540907097237,169.6342138260043,-212.6981318424513,1,0
-12.32747137367633,173.85605227886984,-212.3044463860417,0,0
-9.680050631873794,170.87733646887577,-212.81592890527267,0,0
-11.249158923891256,172.2652837843825,-212.7987816550197,0,0
-16.113886565842453,182.63307961478648,-210.7348496897528,0,0
-15.850670140875629,180.9504398886725,-211.24196838584223,1,0
-15.46275024105349,179.10604131527475,-211.8910710252489,0,0
-15.117704002235294,177.406592670505,-212.7040194427756,0,0
-13.789280623484377,176.20163771425754,-211.8822686086208,0,0
-13.382974949035974,174.67746306187072,-212.75397622846168,1,0
-9.340353692916494,169.5548401610059,-214.2662213648481,0,1
-12.965981742780103,173.20484626587856,-213.68774417210216,0,1
-14.767728427871951,175.81269525866972,-213.54926127663416,0,0
-8.513522338685803,199.8143486791085,-212.0166433950569,1,0
-6.943739206580447,200.5024880500012,-211.02905153099988,0,0
-7.522158128807283,200.1486561396641,-213.0825679467144,0,0
-8.821891763049239,199.53340130862887,-210.4491802464736,0,0
-10.130467415624478,198.7938491069126,-212.0574127035528,0,1
-10.524699489054605,198.24277625530848,-209.97376013580373,0,0
-9.021171603866602,199.261695382092,-213.7315862067052,0,0
-11.781180358101915,197.3657427594872,-211.49314610178627,0,0
-12.040026323907936,196.69103450801725,-209.6593384937829,0,0
-13.053622642019564,195.8870853838823,-211.2898533227828,0,0
-13.35726004926462,194.9453681807669,-209.54339232973552,0,0
-14.178113813706034,194.2207704850675,-211.1164442551621,0,1
-14.456347129111547,193.1232819201896,-209.6406490410651,0,0
-11.528457659472672,197.4491541437716,-213.09780764091383,0,0
-10.508664127864693,198.08710286649355,-214.20803367207523,0,0
-15.321773263568527,191.39097433237043,-209.91848766269496,0,0
-15.156166523017497,192.47567429963928,-211.4072414326044,0,0
-12.5260756406882,196.3946530920216,-212.9224984137329,0,0
-13.601923931617,194.99828533407225,-212.79980167082303,0,0
-14.511465425349565,193.5971083653145,-212.67517285135528,0,0
-15.152783844871294,192.38204655019263,-212.94042627659445,0,0
-15.786710045756754,190.9794327323589,-211.10809479653307,0,0
-15.982119651552562,189.83580133436325,-210.3047556392233,0,0
-16.304567703361247,189.7102040172225,-211.4865823210574,0,1
-15.823134901740518,191.0798506916784,-212.4741581956272,0,0
-15.369814692848632,191.7015833057357,-213.7609146568104,0,0
-13.745590258803292,194.2836338039025,-214.26026278517165,0,0
-13.04451216126506,195.3868109124689,-214.0393050161273,0,0
-14.620934725979364,192.84768752724835,-214.29466741247552,0,0
-16.495791849848846,188.3957570065816,-210.808083395838,0,0
-16.705681075871087,188.51282533552973,-211.86589060834635,0,0
-16.506843075423077,189.33253678240965,-212.83766499574207,0,0
-15.927789301660944,190.3823985004585,-214.1697757556719,0,0
-1.5391937520590837,167.92856990162224,-207.53431839072093,0,0
-0.1764444257847605,167.43260637462996,-207.21922899147228,0,0
-1.2244762357394758,168.25179464289283,-206.173952463482,0,1
-2.1576471996542312,168.6210622991883,-206.6304174692848,0,0
-2.9639251733786978,168.64818160691766,-207.7647025790839,0,1
-2.302304295425437,167.68363886517702,-209.4104621782516,0,0
1.1460710584446938,166.86437952897938,-208.2670372214119,0,0
0.8277423624163305,166.70073820030646,-210.2720983045789,0,0
2.6828448524066086,166.6567859255465,-209.31313207683343,0,0
2.6204071513008307,166.7141992045398,-211.15402744421505,0,1
4.337079642713336,166.94884422091167,-210.34911244953668,1,0
4.055071858299759,167.12379440034286,-211.820517863424,0,0
-0.6416101554968464,167.15557283582692,-209.0981389755221,0,0
-3.803396931458883,168.50285857713027,-209.34946262370408,0,0
5.960365156340726,167.8129297139985,-211.3351807950005,0,0
4.830132444218369,167.74520637399684,-213.1522232626696,0,0
0.8412466709132822,166.5642467094089,-212.1815645913095,0,0
-3.381578418752738,167.600680591765,-211.17162530038496,0,1
2.8035380405846024,166.89377058736702,-213.28523380767805,0,0
-1.2693184768379369,166.8894654155121,-211.25416484565832,0,0
-2.75671767433362,166.83888992814988,-213.084107672942,0,0
-0.830087087201721,166.47222808373257,-213.3737208133022,0,1
-4.96797071208251,168.46351986803182,-211.0990817716579,0,0
0.7829612178133151,166.46199267214402,-213.9077785851103,0,0
-4.551498675225596,167.5049955615606,-212.93000687367456,0,0
-6.2689466228587785,168.45692213934618,-212.80093486865064,0,0
-3.4189233474493075,201.29956625975927,-212.0326954936521,0,0
-1.6625903867594063,201.3373700874569,-212.411686990705,0,0
-2.910990390554539,200.99769744103548,-213.8682603029488,0,0
-4.703400534344444,200.9184797684505,-213.2973543815899,0,0
-5.206952661622726,201.0380880645733,-211.5530379248665,0,1
-6.056737514391085,200.72411626784609,-212.6893397283657,0,0
1.732381352958123,200.990025644389,-212.81031808180808,0,0
3.440393662067001,200.63566244979285,-212.8282407344084,0,0
5.165092632841431,200.1392323733973,-212.7144580287261,0,0
0.0216740309444238,201.22278573700137,-212.66841668700013,0,0
0.5051198082687658,200.8409702245916,-214.3262268096088,0,0
-1.250915804993906,200.9666950038076,-214.16063767398805,0,0
8.568807507840855,198.5628735320014,-212.017316618,0,0
8.10317017059629,198.73708568081304,-213.85621005395544,0,1
6.91778391007175,199.45306506620253,-212.4400294275595,0,0
-6.123152443690907,200.3479872330388,-214.23918189793736,0,0
-1.3409501306761662,200.70266562383665,-208.70592480318635,0,0
-0.0930000378800084,200.61446559336224,-208.7640311567865,0,0
-1.0143199809909187,201.189997584819,-210.0835060602771,0,0
1.5602473989703216,199.72285041900136,-207.7856361439992,0,0
1.1546338262752696,200.33175212627924,-208.66260804363296,0,0
0.1450448772161099,199.96277454729207,-207.66040412955712,0,0
-1.0774199695136186,200.23907277536225,-207.88593926049,0,0
0.8076034785655015,199.4914108188046,-207.1297496814313,0,0
-0.8735159968865233,199.6377316561129,-206.9942047639692,0,0
-2.218851876327589,199.69000679559656,-207.05229473959943,0,0
-1.4813580661013246,198.964933115806,-206.1324205061796,0,1
-2.78989629313063,198.5699216563687,-205.76554648731,0,0
0.0185753144518891,199.1145984413129,-206.40665068555768,0,0
-2.112566074979584,201.3466496327015,-210.81956229800443,0,0
-2.463825905585266,200.9341594748313,-209.2053250692566,0,1
-2.063759795364126,200.4404034960687,-208.1803750074489,0,0
-3.3038524288367306,200.30460613124183,-208.06573233692504,0,0
-4.128363379377024,200.67211840926552,-208.9590733528472,0,0
-3.3387139780406594,201.16316765056297,-210.10628402819,0,0
-0.7958817523471741,198.5270552417805,-205.64401155299143,0,0
-5.005774277615455,199.9327741248605,-207.93556440129925,0,0
-3.889113250008185,199.2945345423404,-206.7621712162613,0,0
-6.08213154805866,200.3889026750004,-209.3653957932434,0,0
0.7384856021905621,200.8874406374987,-209.7394119147291,0,1
0.3514795457787258,201.2178117291719,-211.0842116611624,0,0
-0.9089993736554038,201.3571219247996,-211.44389657199093,0,0
-1.713311208710061,197.79627604800112,-204.87759646199885,0,0
-4.83242760237508,200.9882307373284,-210.2869326971326,0,0
7.332104072987964,169.03591170770477,-212.1756575755795,0,0
5.987372980931983,168.54412854038796,-213.35308704551448,0,0
9.693310123885416,171.94214968647748,-213.70469464018032,0,1
8.559119349090672,170.446244802386,-212.95243883422023,0,1
6.977028504077905,169.70513866629244,-214.38253849536244,0,0
2.0746221423956093,168.88300702407767,-200.0287797849458,0,0
1.4302850487081793,169.3205377114018,-200.0393489674833,0,0
1.6050511881689904,168.91758016870796,-200.6327128572981,0,0
0.8414849761422633,169.78133744994926,-199.99425459939536,0,0
0.3208572551286436,170.39397974892682,-199.67864319335,0,1
-0.4200039923883609,171.0845746095084,-199.7217390057044,0,0
-1.1372874456026003,171.84984146657544,-199.79203942522184,0,0
0.8913774192865531,169.40856364460078,-200.6418701184902,0,0
1.0650211491581838,168.95728598791706,-201.31779535189528,0,0
0.1486878181154914,169.9994003296584,-200.6090592732206,0,0
-0.3134399951540432,170.58176199533227,-200.31568702167857,0,0
-0.9949929749876918,171.10708075971715,-200.54320031774347,0,0
-1.824629997065096,172.38115784589016,-200.2111714188852,0,0
-2.273337033609441,173.12243606542663,-200.13299633637484,0,0
-1.66002184161608,171.71936444644737,-200.72042551500743,0,0
0.4448583453790045,169.0033988335778,-202.0955156257687,0,1
0.1878863405689939,169.53486163185872,-201.4033025159071,0,0
-2.3457440402817165,172.4425498635951,-200.8938732203489,0,0
-0.6576284519360078,170.28391364879025,-201.29615834114915,0,0
-2.3274583186786333,171.7618617587956,-201.6331759185946,0,0
-1.5593626982585918,171.0211141387621,-201.4863557793702,0,0
-0.4945269525602637,169.59423383077447,-202.2608394059559,0,0
-0.2656025057073775,169.05779302033585,-202.97963539751697,0,0
-1.4183607444463988,170.2827542062892,-202.39161199619548,0,0
-1.1994267854319307,169.67777521293647,-203.10728474808187,0,0
-2.0583269889197937,170.27020223550247,-203.3287127513144,0,0
-1.0763781174349238,169.1233118686476,-203.98709953062288,0,0
-1.816236924233448,169.7084174053101,-203.9312705100889,0,0
-2.1789500800153068,170.9737453231716,-202.4464265969669,0,0
12.677095455587253,165.92480634058336,-200.0838361307169,0,0
13.113946484060882,165.93537160062073,-199.7469224762636,1,0
12.452321202047589,165.79058369855252,-199.61398900614583,0,0
4.625329912159239,167.51936252961556,-199.617285773316,0,0
4.947610538805665,167.28261194890055,-199.8578182743504,0,0
5.387206022361672,167.0873784337894,-199.81438739027809,1,0
13.7018788926,166.110891829,-199.85736893,0,0
13.39145417139092,166.17377841627422,-200.4086008534232,0,0
12.7135269090148,166.0656615852623,-200.6340612437591,0,0
12.26206416227101,165.95943550058675,-200.5612735025537,0,1
11.931132101465964,165.81597299388395,-200.09403104242352,0,0
11.094681308958569,165.7436300196514,-199.9848895896505,1,0
10.179842873856916,165.75513698473077,-199.8401955747718,0,0
9.214777094101684,165.8738956056087,-199.63381868357885,0,0
5.753211327223515,166.8329461486445,-200.2222286906984,0,0
7.689743260104573,166.2213001127022,-199.8470868408132,1,0
6.396593649877152,166.6472438742141,-199.89905965804152,0,0
5.08978267987464,167.0745158956815,-200.38197090143743,0,1
4.2022956864117305,167.67951205830704,-199.81510988905063,0,0
4.597851537862456,167.36855645772573,-200.14629026304377,0,0
13.033825283702557,166.25274219025195,-201.02128594847565,1,0
11.600635077846569,165.9173624206281,-200.81278298364649,0,0
12.305476684402214,166.09640538450893,-201.0845375145543,0,0
10.481762792259875,165.82645253021636,-200.7095597176325,0,0
3.728841426428149,167.90127397192325,-199.9306845910287,0,0
9.40743540131616,165.85970028457825,-200.5339265531857,0,0
8.471083873292775,166.00088850371367,-200.21086183229207,0,0
10.750144126019071,165.97466147402636,-201.5465060950432,0,0
3.187477837168711,168.1814583309905,-200.02301317125944,0,0
4.050250116812422,167.5875261246958,-200.329473395942,0,0
2.635010284229261,168.50709404070392,-200.05673945319305,0,0
5.538968584811699,166.76337809034337,-200.9657472532216,0,0
6.971722308396365,166.3841953073218,-200.2978242026961,0,0
6.273276831194418,166.56191244090488,-200.6396013100733,0,0
7.673240754440999,166.14464642838635,-200.80342591347585,0,1
6.841697940459111,166.32466412171735,-201.1359170621353,0,0
8.54305331924174,165.9828588800038,-201.24794851563905,0,0
9.65464249932131,165.91437237262525,-201.41104513363567,0,0
4.489665979904876,167.24188445003526,-200.76456111003364,0,0
4.929935334381471,166.9822361772511,-201.0420211185351,0,0
6.014020231045249,166.5251381918388,-201.4452323630892,0,0
12.616840546714958,166.35186068400571,-201.70978381243768,0,1
11.782219216949168,166.15359767596826,-201.69085139998435,0,0
11.1140344257284,166.2419241952145,-202.4738994819276,0,1
12.130770641202664,166.47465090573849,-202.48283540433405,0,0
3.499272688512899,167.81164977800412,-200.5298568167155,0,0
3.9217995113819377,167.43282187285297,-201.0229463823632,0,0
5.159839263945311,166.76554553038318,-201.6763510698668,0,0
4.435066592324468,167.08437101620746,-201.4637006713032,0,0
9.974814802445175,166.06145116200102,-202.32493228666823,0,0
8.77226921956974,166.02339943544237,-202.2092468695159,0,0
2.878792956322133,168.12263267926818,-200.6317675017256,0,0
3.236193483235262,167.71245610427823,-201.21498992427468,0,0
2.52521959841673,168.05796599184353,-201.3189653312756,0,0
2.246809783867011,168.4889935505438,-200.66567502681963,0,0
6.521031219775651,166.33895912163817,-201.8853863165481,0,0
5.835542781722692,166.48217619076,-202.2062184989882,0,0
6.657310973080019,166.26898955744042,-202.6506640577941,0,0
7.5023217133594144,166.13837114114966,-201.99964660057503,0,0
9.087828864295425,166.1577067634155,-203.1582281109842,0,0
5.07250069578351,166.6648242641789,-202.4649100764477,0,0
11.56466893336554,166.6243866239631,-203.3504079426654,0,0
10.372763653408605,166.34488617506744,-203.3197842436627,0,0
3.744199728177449,167.30162328424123,-201.7602033191721,0,0
4.397691020742249,166.93268278887598,-202.20652042093863,0,0
7.824456391652813,166.1373393714892,-202.9770780349812,0,0
5.597333877593445,166.44650874183776,-203.244110726106,0,0
4.528320541480822,166.72257748892648,-203.16772858893825,0,0
2.91943891606847,167.6086514649617,-202.00909424483584,0,0
1.7994932374397556,168.46661621452748,-201.36143209704568,0,0
2.1267553916974906,167.99024332152229,-202.0788920303424,0,1
5.976082697992288,166.3572353403018,-204.2468945523612,1,0
6.849866716118055,166.25273451917667,-203.6841174750368,0,1
8.113065474924241,166.26922024898394,-204.0925344914036,0,0
9.529690972474055,166.46119394998794,-204.25486084248496,0,0
10.90632548288738,166.80340663432438,-204.32441538546863,0,0
3.5076711523089803,167.1440121726505,-202.75830700850628,0,0
1.3095158225324095,168.44001606952625,-202.12028675894865,0,0
2.5192076772536085,167.52979828445984,-202.8671911083172,0,0
2.9157398552446794,167.19317191257946,-203.50699057940489,0,0
1.671809902283662,167.9187102422245,-202.9329670493444,0,0
3.707531446985448,166.86004317661707,-203.8367045019388,0,0
4.8231784510587845,166.53184579390955,-204.31480633413287,0,0
10.142780021965356,167.0117024502335,-205.4193054144512,0,1
6.922948692466561,166.38545249554824,-205.14310048283448,0,0
5.6721432389541455,166.4085596809938,-205.08121236003743,0,1
8.559799349204367,166.59430234641997,-205.33160730876853,0,0
0.630303198503655,168.37649992741942,-203.22877723318075,0,0
2.131732378961206,167.42699672089006,-203.8089584504808,0,0
2.766505239059317,167.02744395092674,-204.52596032696707,0,1
1.2726164306206114,167.81487889899364,-203.807733370148,0,0
0.4535202304232458,168.0115055961513,-204.4178660737365,0,1
9.261011641572988,167.24438019149707,-206.6537808773106,0,0
4.885133306334775,166.48756485081364,-205.4188684007977,0,0
3.787569760838787,166.6719021369823,-205.16694181328248,0,0
7.558742109922728,166.76301108935905,-206.60158356630663,0,0
5.872126825017924,166.5036642670079,-206.29116966200448,0,0
-0.204181249033372,168.5783338314155,-203.92676428065093,0,0
1.486454545256423,167.38550067174592,-204.93759533302443,0,0
4.110543211094094,166.5655129206719,-206.61776116953268,0,0
2.6164594531990497,166.8430524706653,-205.94586059197684,0,0
0.1982401772701552,167.7070268651833,-205.69448423641208,0,0
-0.612498496182586,168.41290379072532,-204.8923717997725,0,0
8.251126360384262,167.4863523326148,-208.05176457058835,0,0
5.125705270034001,166.5981381600503,-207.3356698347248,0,0
6.312689346395727,166.9210870726763,-208.1479454245376,0,0
4.327916477521867,166.67423826860548,-208.46182385237407,0,0
1.3076427404639628,167.08447074716528,-206.576506259828,0,0
2.6256250285053504,166.69717806899314,-207.51163252271675,0,0
7.133998993714487,167.69881164787287,-209.61449289399428,0,0
5.679194438382623,167.13424180842702,-209.5532326581336,0,0
6.1332432090943385,193.08181603651863,-199.7648446672881,0,0
6.897715380960088,193.3692525523024,-200.28538679520835,0,0
6.924542396372924,193.89657896844585,-201.16483246912424,0,0
6.079285951854004,193.6456244181816,-200.61696238328005,0,0
5.1744195334644765,193.28973261385903,-200.04658905565097,0,0
6.0944538204605045,194.2603997569192,-201.55895682383905,0,0
6.962970629778036,194.47453068779888,-202.1310428611106,0,0
7.015857514877462,195.0820465469166,-203.1616553881109,0,0
5.99291497424454,194.88829460048763,-202.4975686258975,0,0
5.291165549487851,194.5397890875689,-201.80132970179028,1,1
4.681288255049897,195.2468433964112,-202.65374485281893,0,0
7.170923060150463,196.3979591170015,-205.35366821099907,0,0
6.039708166486188,196.41403508125828,-204.861904690112,0,0
7.086900118881069,195.7104509713152,-204.2380615458157,0,0
5.8296230640529245,195.629777858943,-203.57442353596548,0,0
5.095159212443163,196.28278164928648,-204.26344808217684,0,0
4.713841301149024,195.93809374096912,-203.62820122695868,0,0
3.6544531786390406,195.99171567466456,-203.3902586809513,0,0
3.1493622394215484,195.2175961129421,-202.3702340255537,0,0
4.290438657038325,196.4116689359153,-204.1442565182348,0,0
3.1014806143173304,196.94943112093767,-204.4770484602409,0,0
4.102041823757055,194.4565808254177,-201.5236015619417,0,0
5.21466292912915,193.97119524349367,-200.98236449382009,0,0
4.438129558225955,193.64519431278785,-200.5281373393802,0,0
1.7980748050731652,195.02807264605383,-202.16423581085124,1,0
2.6888820381275083,194.2866404173094,-201.3731216821637,0,0
4.0947786282114365,193.09059312771743,-199.9522173992316,0,0
3.44937125868285,193.6428586077257,-200.6385029069692,0,0
1.7131073304298678,199.20738912220023,-207.05676681366305,0,0
2.2946165926134703,198.54478227619185,-206.3388681251033,1,1
2.561865814483159,199.2114055496704,-207.4409126978191,0,0
1.2795589173268238,198.944482110556,-206.5145691444617,0,0
4.645148726194252,197.05625475767005,-205.2005885962973,0,0
6.077006695760984,197.12542345289583,-205.9437419793229,0,0
3.666705261163262,198.6045313594342,-207.02722885234425,0,0
4.868434418429262,197.8899079540216,-206.52064249052225,0,0
2.2721931177419745,196.116954583483,-203.3027162817349,0,1
1.235071357256803,197.1359350697103,-204.30433703680413,0,0
2.2787400719007853,197.8188372155393,-205.35143880673388,0,0
3.535410178811277,197.8250233487473,-205.83030962048468,0,0
1.065487257273409,198.24714862173207,-205.55395059658176,0,0
0.0475907799215786,198.0004157800821,-205.1184614531569,0,0
0.7495112154048602,195.8815123141672,-203.0022547411789,0,0
-0.4622403809210434,196.84070460269547,-203.90998283083724,0,0
3.688223700232688,199.32866948492205,-208.1497403238123,0,1
7.348552444272829,197.22762117950663,-206.66855005353403,0,0
6.2744767371910175,197.9992688415876,-207.32248674686056,0,0
2.34915504384624,199.91679210624736,-208.483554761146,0,1
3.421591214168616,199.99157173541525,-209.22464494694603,0,0
4.872219842448053,199.5322242729331,-209.2082669442572,0,0
4.082370863223344,200.1692508809767,-210.1982437494548,0,0
4.981486353248023,198.7406975569034,-207.8422084350276,0,0
2.126293533767875,200.46438276316127,-209.47439728158224,1,0
2.919153465583453,200.5790988210624,-210.4652358074477,0,0
1.5882703498253148,200.93436200224343,-210.6040683157593,0,0
1.346434834280568,201.0970950508197,-211.66673032057787,0,0
2.5264818591021383,200.85746625026025,-211.6080150484214,0,0
4.070159833377774,200.4355872053683,-211.4365618713641,0,0
5.62202352379274,199.84122708200096,-210.93470537782989,0,0
6.3760819791903565,198.98206223585305,-209.15482364395424,0,0
7.643257652460059,198.02713111507552,-208.19029799065424,0,0
8.07019367712713,198.56702954634463,-209.9987785351378,0,0
7.119596187288483,199.2206436116582,-210.87068666200025,0,0
21.6684952795,176.834071737,-199.986120944,0,0
21.5396355946278,176.2426118042308,-200.05255494053216,0,0
21.57899936461445,176.66885094839836,-200.5840228503558,0,0
21.72114572857437,177.318828735992,-200.41804918213063,0,0
21.43525788234551,176.02071636941278,-200.6906195270245,0,0
21.38949859134013,175.5860846846276,-200.1246157456989,0,0
14.146208604685988,166.27254020000294,-199.9361121599896,0,0
13.7018788926,166.110891829,-199.85736893,0,0
13.857589046071832,166.2909862075553,-200.32659047091525,0,0
21.769411784316464,177.85333923445816,-200.87816125382312,0,0
21.622552365913883,177.19217016486178,-201.1686729693744,0,0
21.466137998836004,176.46870766910732,-201.34021118407728,0,0
21.31246568042988,175.78450006609754,-201.42101041554017,0,0
21.26160100619628,175.31959378918538,-200.8569291052512,0,0
21.10407619139572,175.01283573541053,-201.622856261056,0,0
21.03206636948285,174.48860969256378,-201.0270441670784,0,0
20.97671038226198,174.01047630960895,-200.28513463712247,0,0
21.206677395291003,174.84489721020236,-200.2028153848933,0,0
16.64421587566601,167.63709743675946,-200.30392324279293,0,0
15.94232218490431,167.17216778920962,-200.2139305711561,0,0
16.148038418901947,167.57254616431658,-200.9613510395883,0,0
17.395301766923374,168.22055713598445,-200.38613508851307,0,1
16.86255901557402,168.1212399945411,-201.1520281417164,0,0
15.295276384118202,166.80240159157336,-200.1213254088592,0,0
14.703826484110554,166.50979045332338,-200.02923700214453,0,0
14.875604792815052,166.78226973640815,-200.62975835520825,0,0
14.292395759764188,166.49777964813472,-200.49881821698216,0,0
15.505534922783754,167.15111324644252,-200.80718488771075,0,1
15.624494078321282,167.47781810175962,-201.47886406391515,0,0
15.07367459666492,167.09956697839507,-201.2432120233667,0,0
13.737257659369885,166.44253799414142,-200.9400574926124,0,0
14.461516595729522,166.76157498115225,-201.07403865527465,0,0
14.61442557327698,167.0356531055242,-201.62579142308908,0,0
15.059566930389789,167.35851288099096,-201.9021189050058,0,0
21.805405222802428,178.4419957259998,-201.36307039600047,0,1
21.66569506496773,177.8514842729671,-201.8179131746108,0,0
21.73836535270836,178.63263730378637,-202.10889669245023,1,0
21.58518555521365,178.08341388093663,-202.72327305833417,0,0
21.177015600436285,175.5153947710966,-202.0610096949375,0,0
21.474727953819244,176.90087556449708,-202.0424840534617,0,0
21.511711182827344,177.45197207767558,-202.54284538987184,0,1
21.30515147384132,176.11376365465762,-202.13449972474447,0,0
21.393776386444067,176.98735010695242,-202.81537297945428,0,0
21.30886349350003,176.45792246086526,-202.6775636261404,0,0
20.766556089882418,173.65526167807562,-201.1612790616216,0,0
17.61830207010849,168.78611059256005,-201.3196773325105,0,0
18.18172282767973,168.9523040903993,-200.45240718958576,0,0
18.456160090402143,169.6688201960566,-201.4854741811364,0,0
18.976182606304604,169.8672707750885,-200.4905445433012,0,0
19.229421641596893,170.63120395122203,-201.500264133915,0,1
19.698520016972385,170.9381094795828,-200.48606286659688,0,0
20.675623745340555,173.076210748224,-200.3669785737027,0,0
20.381259175927067,172.67950601101313,-201.3420923975376,0,0
20.264668333414704,172.04170213360646,-200.4392353905676,0,0
20.87077345898445,174.29805914138004,-201.87703498529183,0,0
20.992476321746583,174.9921446379267,-202.4283779238837,1,1
16.268978515723003,167.9836548521133,-201.7723341653985,0,0
16.98316594662893,168.61631771899383,-202.08464466657,0,0
17.743313812545594,169.3701547376604,-202.3636778143924,0,0
21.402063772987383,177.4150808713472,-203.2812553896381,0,0
13.38540281701652,166.58021744709305,-201.69364775628384,0,0
15.61883630185112,167.82928111104235,-202.2989415415128,0,0
14.086290496912032,166.83494390232153,-201.68376851877773,0,1
14.439848555585094,167.1713926014854,-202.15038627720264,0,0
14.990062474803608,167.64197673763152,-202.62240938787767,0,0
21.643993273733884,178.85348735814412,-202.95036840626656,0,0
21.45741475491472,178.19512837603162,-203.6626076275915,0,0
20.64766242395226,174.14197927547536,-202.91550031839145,0,0
21.12057265778314,175.76091610084532,-202.9053836534655,0,0
20.85153394487165,174.95985483945176,-203.22964789799605,0,0
21.20629352398578,176.5526769353221,-203.4966422729952,0,0
20.869702050723088,175.50600272166167,-203.94436152549247,0,0
19.89417339408519,171.7210163721933,-201.5257869105641,0,0
20.506335478971767,173.38208173753495,-202.19777647418223,0,0
20.057541251712905,172.49130588975763,-202.48674831885444,0,1
20.48461733404961,174.39095199471342,-204.0488094570875,0,0
20.234941291302874,173.35004461579973,-203.37133113359369,1,0
19.382224773553727,171.3897408580067,-202.6364359940703,0,0
18.548692189240544,170.34570969832606,-202.704048671086,0,0
21.51044413047413,179.11008765612442,-203.8951796087549,0,0
16.25517069960943,168.41199342343862,-202.71786184975127,0,0
15.515151351324477,168.19775532452135,-203.18457352805203,0,0
17.722251542671728,170.01647880279162,-203.63961908499863,0,0
16.926980923416615,169.1001276012825,-203.1537482444801,0,0
20.940610411082552,176.3349476821756,-204.6167214388371,0,0
21.24541451242592,177.3461718905068,-204.14399988686608,1,1
21.30077317747557,178.34479175882603,-204.61813252020625,0,0
14.761857560055343,167.85585792757465,-203.307301037724,0,0
14.256361700496328,167.44656123955525,-202.96181899160385,0,0
13.781564598405016,166.97463624569147,-202.34440515842508,0,0
13.01285022929918,166.7559451022057,-202.5101088107595,0,0
20.51878985591668,175.28231447954408,-205.0821393779119,0,0
20.00489823657385,174.2575865529769,-205.39779443218265,0,0
18.740424328456765,171.34729349225475,-204.10585763268205,1,0
19.607003707948657,172.33659845644175,-203.7153229602213,0,0
19.862610722341064,173.31148643628092,-204.52528355894285,0,0
20.06792799078458,175.2020383229101,-206.2786869000677,0,0
21.32275407974502,179.4091285844204,-204.9498567448216,0,0
16.05892873859799,168.82290075254377,-203.743519634974,0,0
19.340324803888528,174.03417598582084,-206.56293309274065,0,0
19.048566658248287,172.38570535536138,-205.07959346680715,0,0
19.44762451757724,173.3583194922291,-205.577075975688,0,0
18.274917046179617,171.60267062345198,-205.2889618111752,0,0
17.620297196779617,170.67477250581234,-204.8637486194681,0,0
14.961965763484056,168.38016309803635,-204.10108554841744,0,0
14.137799879842492,167.7978321644035,-203.7958562890661,0,0
16.799569182909174,169.68985784842312,-204.35922520164328,0,0
15.749632513780435,169.36678251048326,-204.9777452215068,1,0
13.541501691796023,167.2565012854982,-203.2237742720762,0,0
21.00710969304848,177.36362965497952,-205.27408580069857,0,0
20.598087710039223,176.2694666117307,-205.8331994036481,0,0
21.058347601659666,178.5310936240274,-205.7783499755198,0,0
21.05999521708085,179.75898546423352,-206.12006236617069,0,0
20.67168825867302,177.44157037610267,-206.5112286974444,0,0
20.7219621385162,178.7698478002161,-207.03214716103383,0,0
20.14076242719296,176.30405561127466,-207.08774674784715,1,1
12.57330801415348,166.92672377592802,-203.3143991189864,0,0
13.123407655816049,167.51199717554323,-204.1301551740189,0,0
19.41663330777421,175.1496948352248,-207.5163357284386,0,0
18.65304395520045,173.98379454993994,-207.53846183062507,0,0
20.198630798041656,177.58633268634247,-207.8286415252347,0,0
20.69348170099402,180.1694736358097,-207.41317511491275,0,0
14.683467783844238,169.0624922947658,-205.4867212419153,0,0
18.34142140156388,172.67782035140692,-206.55924774155795,0,1
16.576834758268244,170.44583560373974,-205.73552138317365,0,0
17.50971280779941,171.36445475974563,-205.96291943846828,0,0
13.864497033666838,168.2263717509797,-204.82941831783245,0,0
15.480847529547594,170.1578837605009,-206.3639385832763,0,0
20.229349255649986,179.05410606174485,-208.4254237826408,0,0
19.430125648993062,176.39592320109367,-208.47984524922745,0,0
13.425114812524622,168.67704351820373,-205.94025791071184,0,0
12.06198022939119,167.16595117361692,-204.2836006397673,0,0
12.652992505215256,167.84745865188066,-205.1660263818654,0,0
18.24681901633352,174.9455291083739,-208.87437543228643,0,0
17.400515237474572,173.26570665980745,-208.20797050923164,0,0
19.507189749370347,177.8288723503703,-209.2496007101426,0,0
20.183817783773,180.6512303182479,-208.8290988297729,0,0
19.54814315754145,179.4423211605539,-209.88600291208948,0,0
14.16037991391444,169.60426885537825,-206.70733963490707,0,0
16.529855230507437,171.63313424328575,-207.272164751204,0,0
14.820611292460056,170.55414036719253,-207.4158416797396,0,1
11.434526556683284,167.43878913198242,-205.3585861291535,0,0
12.81807534778148,169.11861066014788,-207.0841841626112,0,0
18.541436025101127,176.68414292720325,-209.85438667187387,0,0
12.099350162952613,168.24953330498656,-206.311513338252,0,0
17.385869072387905,175.72114004179446,-210.3569366563235,0,0
17.402227373831625,177.00682140164656,-211.29100106869427,0,1
16.581395669173563,174.35570076315358,-209.9384470271756,0,0
15.812875308161225,172.82547191924033,-209.13315117004663,0,0
18.607533759637608,178.20629454288735,-210.7041973871676,0,0
19.481513181249195,181.21391197159863,-210.36031652235232,1,1
18.655793826928964,179.94950421317887,-211.441453187784,0,0
18.59276736134389,181.83335094099635,-212.0001273318482,0,0
17.65483670006569,180.5454393921508,-213.0575405936133,0,0
13.6535958540998,170.23134710683803,-207.92210251879544,0,0
14.680256373072512,171.54476822122493,-208.6725636610024,0,0
10.75611653247775,167.75988511024363,-206.5208249303596,0,0
11.44693035224774,168.68499100870514,-207.5243877342604,0,0
12.269958812296148,169.51542941990604,-208.0638875901619,0,0
17.559655782265008,178.73192766771956,-212.24079931147,0,0
16.263666532408067,177.5477985950276,-212.80426519761,1,0
15.02179375785679,173.88873681853903,-210.76467516675112,0,0
15.983929556835994,175.56801866190457,-211.4752958960163,0,0
13.99733785824273,172.49794556347513,-210.1922518176561,1,0
17.61358579993553,182.4381852530041,-213.70335624200072,0,0
16.456580532509964,179.23355348617423,-213.82223278620685,0,0
12.505591239988064,170.8104324036998,-209.5002446612572,0,0
9.96300635379671,168.18610963189028,-207.93466943086608,0,0
10.975297951447663,169.4267214857541,-208.9837660422907,0,0
14.849262839363472,176.59659467928472,-213.3895197338373,0,0
15.380728362483834,178.0369835338928,-214.12163341015028,0,0
13.37351449922454,175.87736830302072,-214.20883008593137,1,1
14.0442409171789,174.8325105412387,-212.45529575026936,0,0
12.408998070809876,174.2593825771169,-213.40293524084325,0,0
13.191636873159418,173.42407445521667,-211.77079602998995,0,0
11.99270774637468,171.8006251986522,-211.0442170829021,0,1
10.48737457360875,170.22477725625942,-210.47298851644584,0,0
10.146795325330164,171.14968506544096,-212.00845869073527,0,0
8.961600282061466,168.64007182897666,-209.59754309131813,0,0
8.884003805649915,169.6974786879709,-211.3466059080479,0,0
7.746996444831665,168.6170972217278,-210.83475088127395,0,0
11.417330157270236,172.75465103638962,-212.6718609274632,0,0
11.717190966687603,192.5499088967561,-199.59697706057875,0,0
12.762345304349072,192.38534416974323,-199.9428944155841,0,0
12.031767116504202,192.74999568999664,-200.60990296900985,0,0
11.464007436991666,192.7790681260395,-200.2375295647412,1,0
12.114366994573633,192.58042823993244,-200.0498967963672,0,0
12.561101683924544,192.578425993684,-200.51173251122057,0,1
12.377347663461055,192.7633238955094,-201.0142875730572,0,0
11.960524046509429,192.8887743593352,-201.03384743963088,0,0
10.984846718548049,192.7040536444707,-199.6947007228768,0,0
10.79808303464,192.9150663742485,-200.2605631418785,0,0
11.561858904594429,192.92912748704688,-200.81365232793087,0,0
11.13580746363277,192.9875023170225,-200.6842643765502,0,0
11.671153704017105,193.06013330270352,-201.3316846434624,0,0
11.167100808552878,193.1267377868897,-201.12879786910503,0,1
10.69356034764354,193.12689305948533,-200.82115194742,0,0
12.211451814400554,192.94182800200176,-201.45937476399945,0,0
10.037259901044076,193.07968501276767,-200.38783201812456,0,0
10.261122330617818,192.8480028936825,-199.8428233283587,0,1
11.856729714023912,193.1649217292139,-201.8096361920437,1,0
11.274429085256068,193.2752678966581,-201.64818444332693,0,0
10.689439678841737,193.33432559165624,-201.3937184770824,0,0
10.085482874517067,193.3159271732294,-201.01069326975284,0,0
9.649089889245644,193.5312285541728,-201.33367761061675,0,1
9.381319151514472,193.2918245064236,-200.6873979403892,0,0
9.444261453433434,192.91393518803423,-199.82350833784443,0,0
8.560643599213,193.22859388370392,-200.34865314690524,0,0
8.427243610291272,192.883595070828,-199.608415930927,0,0
11.448244279186744,193.42767695762024,-202.1976044193036,0,0
10.790425373096785,193.53079810430165,-201.98635442051923,0,0
10.144570254205703,193.57052507638485,-201.6749486808549,0,0
10.974848090607145,193.73907397767903,-202.6288039802342,0,1
9.462418681357263,193.85071617993705,-201.96462538528573,0,0
8.760805669603107,193.67885369288817,-201.31735057559249,0,0
7.659849909868952,193.12591367034025,-199.9783612527832,0,0
7.702465758915261,193.5834608086648,-200.82574503808968,0,0
10.21265317661398,193.8355028923808,-202.35369954100003,1,0
10.427862552414396,194.10846881206749,-203.1003146989196,0,0
8.66017353499922,194.1731125468772,-202.2606990496658,0,0
9.791907829729524,194.55047465471955,-203.6108008199845,0,1
9.532249352524746,194.20981887443725,-202.7730505124684,0,0
7.765203142339072,194.0667790905592,-201.71149003052216,0,0
8.820902455868037,194.63200051527204,-203.22411829772287,0,0
7.891711082386959,194.56993115007447,-202.6633753673625,0,0
9.051817931651447,195.0752853202452,-204.15806366626737,0,0
8.005722624932366,195.11315511656184,-203.6820021828684,0,0
8.187182528415327,195.6900552318168,-204.7401140840596,0,0
9.280983967439733,197.9322706361663,-213.92659868994457,0,0
10.094076451792764,197.3878958156614,-212.9730240805931,0,0
11.435667650871425,195.9086435513131,-213.88134209262665,0,0
12.33375366772152,193.03501993219413,-201.8385096087616,0,0
12.678171056292111,192.8558330081616,-201.63450400031545,0,0
13.179157626883724,192.75070455181063,-201.82066130781664,0,0
12.725148910518806,193.0359643512115,-202.17716719154424,0,1
13.217924420278376,192.9165585999453,-202.3361145269164,0,0
13.730327845149333,192.62110449109463,-202.0562616965895,0,0
12.758913924496484,193.2187534348712,-202.66393092407367,0,0
13.313496271209935,193.0561033779473,-202.80024354964144,0,0
12.15133172159764,193.2962464280044,-202.36149100551967,0,0
13.797184283059591,192.7675954769557,-202.56631979836712,0,0
14.326636742979831,192.4457619768164,-202.3548875291193,1,0
14.28309692431134,192.59663802970945,-202.84561737665845,0,1
14.921251972501056,192.15341152600152,-202.7676899569997,0,1
14.545151598643717,192.5476022520278,-203.4232727203961,0,0
13.7870542592035,193.01434859297603,-203.3205402127575,0,0
14.153396657580076,192.96984425928625,-204.0906909301796,0,1
13.397782980820988,193.4560800379462,-204.0391476150192,0,0
12.261262003110932,193.59723587515936,-203.1224076510605,0,0
13.04951835726817,193.366258847296,-203.305769592576,0,0
11.625648915402325,193.69196963850257,-202.89786137174465,0,0
12.499270937535323,193.8900748934168,-203.9895368091346,0,0
12.82637855602344,194.01461040620265,-204.73709692320693,0,0
13.731510634579378,193.43456939975192,-204.7917444312229,0,0
11.7614760450001,194.0334897292016,-203.67867024384407,0,0
11.070591464706558,194.0931071112076,-203.3961023830133,0,0
11.828220480081889,194.45914922457249,-204.6136029929832,0,0
11.189473913846872,194.44409528075715,-204.1161511460257,0,0
10.54569962652115,194.5651841565631,-203.9997722614505,0,0
13.265937125889762,193.9551700573029,-205.54422388582665,0,0
12.402674423085184,194.5139725702909,-205.46788377846687,0,0
10.88011233947973,194.9293639228958,-204.82863047695767,1,0
11.606288189157608,194.8681493178147,-205.2966496085647,0,0
9.880179973000454,195.0615160364784,-204.5271962247534,0,1
12.743449195725663,194.5432764200948,-206.36273053972243,0,0
11.840115060289223,195.1258365819356,-206.25396966069712,0,0
12.144407011131683,195.21447101024435,-207.2685490871083,0,0
10.842056047743206,195.5130461060752,-205.9340063447492,0,0
10.117151300387004,195.4765718851255,-205.3399510445321,0,0
9.198592214034194,195.68835680812296,-205.2095558088976,0,0
10.993355622582737,195.87986166524243,-206.95587074262733,0,0
11.444678428288125,195.982732392965,-208.28401205417003,0,0
9.807401636005466,196.1001112241212,-206.2372471218916,0,1
10.113454834508158,196.6632640950168,-207.70348659798847,0,1
10.629017581189537,196.834738554172,-209.4082915376475,0,0
8.424981054347654,196.36919263321403,-205.88977481673777,1,0
8.856541181388604,197.0426282218505,-207.25973394892333,0,0
9.229034952147966,197.5881304683081,-208.8534353893485,0,0
9.688087622227654,197.7153951142086,-210.63372002904268,0,0
22.057581011133053,180.8758836468566,-200.0115169747476,0,0
22.05145800732862,180.41123385657195,-200.2597445933658,0,0
22.079086203606217,179.88051925913746,-200.00743255025407,0,0
21.98590912820486,181.0192313265911,-200.5560372487116,0,0
22.015565666730907,179.99643953066348,-200.59757008560305,0,0
21.964989787172048,181.6854234609245,-200.0795772620924,0,0
18.86019675728257,188.2859894527653,-199.94515501384927,0,0
19.29073282738528,187.7500389210917,-199.8028202950168,0,0
21.893023304195747,181.5429611757108,-200.8802575636822,0,1
21.96241043282262,180.5965339325578,-200.9762546379849,0,0
21.90910575134828,181.11145051899751,-201.13563184956664,1,0
21.937393668596744,180.18000403728297,-201.2636585660997,0,1
21.93333548091562,179.6138052348076,-201.2024505362049,0,0
21.920443297596343,178.96173073152156,-200.9005654827856,0,0
22.009811367776656,179.43234483735668,-200.4556535870138,0,0
18.452596432864528,188.7653573233093,-199.63117611880512,0,0
17.98030536318036,189.27215547425064,-199.88242887896084,0,0
18.42055924918753,188.7907015504383,-200.42359315303028,0,0
18.85346963751961,188.27075079736665,-200.58089164900352,0,0
17.497646323396456,189.7544377124192,-199.9832424837652,0,0
19.240362067362074,187.78226063197,-200.43244218403007,0,0
21.557825689010723,183.5645186435123,-199.76694754576545,0,0
19.63564939642461,187.26892533895304,-199.99890035690115,0,0
18.99876563285332,188.06826266179,-200.9517645807269,0,0
20.43371707846165,186.03759924515552,-199.8524933263303,0,0
20.031827361380003,186.6368640118557,-200.4408920627153,0,0
21.80988915573974,182.5954876273492,-199.9424445881164,0,0
21.78957913495554,182.20791993344,-200.85958574287773,0,0
21.77967257195373,181.689761368426,-201.6308261368221,0,0
21.86537712849225,179.95748566966589,-201.82367281413835,0,0
21.86280613394083,180.7890976253335,-201.69229625867536,0,0
21.850398858610923,179.18560804909174,-201.6548939824212,0,0
21.773218976906648,179.45753944517682,-202.3747353703754,0,0
19.2683949640877,187.69927602964623,-201.10346619095017,0,0
16.980978165826112,190.22726661005217,-200.0146254901693,0,0
16.426308110001294,190.67749660514264,-199.9617944331993,0,0
17.852597276518093,189.41035267694383,-200.59499964700927,0,0
18.6684005673266,188.475504137341,-201.1251458839502,0,0
18.23796126581094,188.98111199740663,-201.28373714376443,1,1
19.00373345703129,188.0222162352985,-201.5641860328629,0,0
18.64198233475389,188.4733727349848,-201.8172222433918,0,0
17.305137464442126,189.96139175533617,-200.70415464971407,0,0
19.635632613051136,187.1974097147832,-200.87945838403184,1,1
21.19023223359824,184.37453729168217,-200.52213902110043,0,0
21.54667088901209,183.2665973719185,-200.76537385326296,0,0
20.82808165701245,185.252458433185,-200.19055083964693,1,0
20.42464467621492,185.923295601804,-200.82625936654995,0,0
20.793823161857585,185.12026159123712,-201.2574387576988,0,1
19.959887479647488,186.6465529590025,-201.34340685482417,0,0
21.55463684874507,182.8079144851881,-201.7151062236688,0,0
19.472879715942057,187.35244167320363,-201.73055447545912,0,0
19.04159704802033,187.916705666826,-202.22806136901164,0,0
21.55099083397489,182.336013373419,-202.50050469002093,0,0
21.703352169824,181.2975001688197,-202.5354551248266,0,0
21.77344676064093,180.32266531201407,-202.4795684486893,0,0
21.664226145148955,179.77706861090545,-203.18284581474748,0,0
21.158699910787465,184.0999856276912,-201.76879067505627,0,1
19.421294361348007,187.3066137771698,-202.75154445471665,0,0
16.09043961199551,190.99786902462844,-200.61992287416143,0,0
16.72049878444335,190.4963342835722,-200.7221976878417,0,0
15.705763562217658,191.36915398609813,-201.3484265192321,0,0
16.41107805767757,190.8152721371065,-201.46918582401923,0,1
17.667973180327895,189.60777899765813,-201.483119808966,0,0
17.049462652651567,190.235589742081,-201.5606548323436,0,0
18.12860807207774,189.07325356000604,-202.3659288407677,0,0
16.765089368352193,190.53915692977253,-202.35700615817544,0,0
16.100716083443515,191.14482336720795,-202.24917092454567,0,0
15.30427562132284,191.7648639658393,-202.0845792173081,0,0
15.6619672892938,191.5790184994325,-202.8602976779657,1,0
15.236200155682884,192.03077044481216,-203.6421981682843,0,0
14.8940248878732,192.3982475834608,-204.2199629416786,0,0
18.984474323051703,187.9148354926062,-203.0229802710111,0,0
18.70615441309989,188.34276723460744,-202.5215065461237,0,0
18.475787341515023,188.59377547219825,-203.1386618987731,0,0
18.77604978309459,188.12182128352308,-203.75715194181413,0,1
18.40038715000071,188.61973436093288,-203.92175401888323,0,0
21.62279238020284,180.7909376782224,-203.3263018265749,0,0
21.50434617968477,180.2312448892064,-204.1166560018881,0,0
19.9087038861902,186.6037851824684,-202.2339364106392,0,0
20.34975491462538,185.8770539971235,-201.91613877499864,0,0
21.2808605408658,183.3493865314076,-202.68082215522816,0,0
20.71431652278197,185.00801763440225,-202.4293788282708,0,0
19.76056010525227,186.7027735437906,-203.1178326685776,1,0
21.353100966384748,182.70769745474632,-203.28820959378976,0,0
21.398465742393785,181.3962785264436,-204.2957612089804,0,0
21.489647554037983,181.8507459968108,-203.4447884038036,0,0
21.222370308052707,182.56234519632133,-204.2418866859555,0,1
20.98176120852587,184.20990171639093,-202.8283339319579,1,0
19.276789199124817,187.3507726032332,-203.912176663778,0,0
16.371704592713222,190.9610108735569,-203.31308428714624,0,0
15.843114686927056,191.493276744456,-203.7409169459184,0,0
17.863507450722246,189.33327342665768,-203.5445293178329,0,0
17.170164276358932,190.135958966156,-203.35456248815493,0,0
17.505848269970915,189.77851546909773,-202.44298484307328,0,0
18.07019576759848,188.98298333478544,-204.6305206495549,0,0
18.73574320653068,188.06456631522144,-204.56884512432376,0,0
17.429827449305982,189.80874917398907,-204.35819865671,1,0
16.837546668632662,190.4928424846169,-204.0879200698194,0,1
16.337587528538894,191.0296116818296,-204.39758468630424,0,0
15.599946680626944,191.783134978564,-204.56137876230724,0,0
15.13775244842926,192.2646206645732,-205.0272561922019,0,0
15.70497218938276,191.7224036040104,-205.6087195387544,0,0
14.490107436453156,192.8626792493945,-205.05368591208853,0,0
14.977312076496563,192.49061688022945,-205.97356299243387,0,0
14.121078019935595,193.2943915862081,-205.8162081596868,1,1
21.274853811199613,180.7009661703605,-205.1754245582325,0,0
20.221422837742427,185.8911931926635,-203.0108834218807,0,0
21.01244699682098,183.67843183005,-203.7982786437358,0,0
20.581155390789608,184.94138460441,-203.6313987747531,0,1
19.915060536798062,186.16059819565623,-204.27778642313896,0,0
21.11949040158856,181.9732957973002,-205.29795783352864,1,0
20.87377116164271,183.32118906147903,-205.12554895635824,0,0
19.31770652917026,187.0073690558456,-205.19454709531504,1,0
16.15741548796563,191.23141086390936,-205.1765260757357,1,1
18.489185017903427,188.20705678072,-205.8139228541992,0,0
17.657438809045683,189.41532690503016,-205.61132975902328,0,0
16.873343153194043,190.42355654838795,-205.21398879518097,0,0
16.327508487687087,191.0275554078431,-205.98093510923164,0,0
15.713501635828662,191.71320653389628,-206.540242204014,0,1
16.24602511036372,191.0640626223713,-206.9819958089629,0,0
15.879644859900816,191.4676728029376,-207.49863071288632,0,0
13.6458526050887,193.83936148656915,-206.68321364394703,0,0
15.252489002768533,192.2208533368688,-207.11022926157463,0,0
14.558026031830522,192.9707054828462,-206.9990370337586,0,0
20.96635709847487,181.1724617725429,-206.34461924459467,0,0
20.476378560198,184.7068237437261,-204.85397431674,0,0
20.397343867038423,184.1547398108385,-206.2192869510104,0,0
19.91544513520052,185.62799949704788,-205.8133320773622,0,0
20.754120011363977,182.60268196430263,-206.4068159743429,0,0
13.122184304839024,194.432573886936,-207.58519141477493,0,0
19.19949863721635,186.6903235288337,-206.8519151994897,0,0
18.50147777583335,187.70190438371,-207.584295867344,0,1
17.03462108544393,190.09113877708737,-206.75042629663463,0,1
17.821868486331216,188.8776102143646,-207.33402157035223,0,0
16.46203629148369,190.665676954907,-207.99239522584665,1,0
15.852135437732082,191.4168935297713,-208.2843581585723,0,1
15.45293384895873,191.94611942463504,-207.96041171715223,0,0
14.864246287234762,192.63065168438555,-208.10264040652865,0,0
14.05908388592641,193.52254949700315,-207.923194959426,0,1
13.585086911917156,194.0374591378622,-208.8028451836103,0,1
20.541484752667703,181.7543049512228,-207.6524753276545,0,0
20.24440258664281,183.42332034223503,-207.64950610557275,0,1
19.7739841192324,185.1317449066472,-207.3996556803858,0,0
12.593008397175442,195.02520192330272,-208.50734580160145,0,0
18.89636355677999,186.37991533992724,-208.76259998472025,0,0
17.92440699130691,188.18489216351733,-208.96353674596983,0,0
17.13414241091918,189.6179274090106,-208.4842260138656,0,0
16.155566900871587,190.7966905594806,-209.4332665700434,0,0
15.316245884836231,192.00232181852107,-208.9953704654716,0,0
14.480489236837013,193.0125683769613,-209.131255731441,1,0
12.942262874179114,194.7187292952293,-209.7097760917856,0,1
13.838312887787756,193.65870907863828,-210.33167603287603,0,0
15.067625741724571,192.0416531049808,-210.5587336702042,0,0
15.960566132303594,190.46355722738548,-211.4061488299424,0,1
19.97102918105493,182.44519251730333,-209.07479697220265,0,1
19.217507953888976,183.15141988880703,-210.65350038597705,0,0
19.55933032120564,184.35415203950447,-209.06577750312832,0,0
17.84778494307108,187.2511836128092,-210.93154141347264,0,0
18.696889400303903,185.1746956012679,-210.78136553122093,0,0
18.32649972140733,183.78289688920032,-212.34456392642173,0,1
11.846699495561468,195.8185744819056,-209.61781471996383,0,0
10.965965181545192,196.68490121918416,-210.67055837761995,0,0
10.254217913907604,197.3193621610632,-211.71075924493744,0,0
11.281825817091326,196.3267425989696,-212.2303295161177,0,0
12.162546648877973,195.5050764179552,-210.96694347099464,0,0
17.010997202757277,189.2013723527408,-210.28953635300115,0,0
13.901422601202295,193.3095519759358,-211.8599001151981,0,0
13.164358413548308,194.38117166439608,-211.00260985578507,0,0
16.707889103089833,188.7673023488988,-212.1827630603597,0,0
15.665691239080973,190.0265098853018,-213.357838491146,0,0
17.061279996279023,187.3453055818584,-213.01761382965023,0,0
14.84763455653226,191.74118641219607,-212.5893319953776,0,0
17.34634912598793,184.35611505786432,-214.1496392037097,0,0
17.762016716141765,185.64609566612404,-212.7201673388621,0,0
12.70863584124426,194.6718594553403,-212.61048009754404,0,0
13.692578185906964,193.11669668875552,-213.5367663598473,0,0
16.26381094992097,188.3079201804536,-214.06892159797823,0,0
13.295515929821503,192.20400264209863,-199.84648770238985,0,0
13.835571014929569,191.99602025391687,-199.7051664234621,0,0
13.652439383625405,192.17996072630595,-200.28334567801443,0,0
13.062273021593604,192.39892017865344,-200.39496886703407,0,0
12.816730833173176,192.58540405765729,-200.8445530679484,0,0
12.63623694903246,192.7534515502417,-201.25984216829627,0,0
15.109814357648194,191.48248025426344,-199.7930025081702,1,0
14.47785017989315,191.73285540207635,-199.59714767442605,0,1
15.78943315099942,191.1179360050806,-199.9016446269184,0,1
14.15339246585895,191.977227351848,-200.1913241720312,0,0
14.723578481464198,191.78613057300663,-200.4302521330777,0,0
15.462670778633331,191.4172875653857,-200.5423652860472,0,0
14.085025286623203,192.1360633112237,-200.80173687162912,0,0
13.347991926457706,192.4090226761153,-200.8232236490988,0,0
13.040035530415032,192.65168008348564,-201.34996726504133,0,0
13.621670661891908,192.45728314515537,-201.375901379798,0,0
14.549049429701869,192.03210986811155,-201.17480330450235,0,1
14.134464757032632,192.31203658373096,-201.56591778955868,0,0
15.146687143677894,191.72373344975708,-201.20565429047176,0,0
14.745910507397678,192.08920692922484,-201.84587455785385,0,0
22.11332594516479,179.68271252303813,-199.6245247453332,0,0
22.05150689919168,179.35689305193722,-200.02974728083325,0,0
22.060164396749368,179.05620417905058,-199.7146290124589,0,0
21.979717690818337,178.45126175368,-199.7947375210768,0,0
21.97323472200882,178.8034238473802,-200.2739721205936,0,0
21.88479679477383,177.89669026402305,-199.8631622807804,0,0
21.843556093385526,177.96593134608807,-200.36131716899592,0,0
21.779342631600155,177.3608416416211,-199.9260174987302,0,0
21.6684952795,176.834071737,-199.986120944,0,0
21.870645469993736,178.4517747929285,-200.79939304918665,0,0
1.85639166846648,192.6504516350689,-199.8304590824463,0,0
0.6897929159912111,192.13440292629,-199.6581435980555,0,0
0.8840435627119653,193.1439467716026,-200.4641323776558,0,1
2.2002228047024874,193.48484235819345,-200.5810077331664,0,0
2.999181834309611,192.94916396987784,-199.94365740058183,0,0
-0.3699310171311721,192.4901679519488,-200.20853138500107,0,0
1.2727825424182462,194.0984484094212,-201.27036217583736,0,0
-0.1286638180248232,193.68011167037693,-201.0943562782661,0,1
-1.6131667632527498,193.0681815928925,-200.9302749137465,0,0
0.2090076027859175,194.7934482252409,-201.9998823845744,0,0
-1.09824815769569,195.55805449856985,-202.7829556352432,0,0
-1.40398025253488,194.3143201014647,-201.8146794242388,0,0
-5.62131538188707,199.034780503934,-206.9487968978422,1,0
-1.577190430795418,191.88068736026355,-200.0955968528785,0,0
-2.9078333553243105,190.97958166221844,-199.9670526193722,0,0
-3.7805046702121294,189.870634712724,-199.7279778582769,0,0
-4.978660139315831,189.63173347652,-200.172723505527,0,0
-6.790058716660648,199.4082128411497,-207.9965157993598,0,0
-7.277907259620779,198.32848061101072,-206.8788124642068,0,0
-3.393054812211121,197.81170551849056,-205.0777443063304,0,0
-3.1169811751629912,192.2375693005881,-200.7852529452365,0,0
-2.8398068405116432,196.60364799154624,-203.8894921032075,0,0
-3.0966835883688986,193.70277308493343,-201.7273650240082,0,0
-2.9125469308076606,194.98720729702515,-202.60418771602497,0,0
-4.33287571312128,195.5204706471472,-203.32814260884425,1,1
-5.184531373851568,196.81177600461515,-204.59520476634748,0,0
-4.563618338271379,191.08446216306675,-200.6538311921876,0,1
-4.772038049057882,192.80928348761333,-201.66396789911423,0,0
-4.467876525571815,198.44376236133647,-205.9338973762901,0,0
-6.019890144251628,198.03814301000588,-206.00273286480527,0,0
-8.836558228651745,197.26340234139943,-206.69667889393529,0,0
-7.080874748211929,197.0358969856829,-205.5007288333749,0,0
-8.540606048430401,195.8216724097105,-205.2588426040905,0,0
-7.016137157618496,195.87174764111853,-204.5209176082832,0,0
-7.904740731264292,194.31107134710223,-203.87448315944545,0,0
-6.079252282795955,188.63966259030565,-200.38735573614352,0,1
-6.49512333559642,186.8593155256297,-200.18594891694943,0,0
-5.779959972962338,190.0787496606892,-200.7440889572523,0,0
-7.652588927660528,188.08808756078733,-201.1866859997908,0,0
-7.124646373131586,189.8419063179186,-201.3614903133588,1,0
-10.30947360061374,195.82908221463447,-206.48912797768207,0,0
-7.528744634315664,199.8626072748572,-209.4114179214904,0,0
-8.743001196221968,198.74199154477952,-208.4494320561217,0,0
-10.536395701449454,197.1935581045926,-208.09323331997527,0,0
-12.029591881394788,195.51143947180003,-207.9547287937652,0,0
-11.829863838738351,194.16779556588853,-206.6124806688196,0,0
-6.659913837505239,185.13159590757647,-200.068344436671,0,0
-6.66572252741509,183.5824905195508,-200.07819004435976,0,0
-7.723752346716117,184.3197258820362,-200.8887610981543,0,0
-7.82899320753629,191.0202070795929,-202.18606356902512,0,0
-7.737455778299926,192.65829594702163,-202.8641788185876,0,0
-8.902770307860987,191.29392543425607,-202.93747883498625,0,1
-6.298181435885601,193.56147600204247,-202.6777497086364,0,0
-9.955626027274873,194.29234601614544,-205.1142479911157,0,1
-5.968193190899858,195.0925137809187,-203.53225666394965,1,0
-4.604091101784803,194.30907459434303,-202.544778900652,0,0
-6.318353672206326,191.65742147272616,-201.6832021172788,0,0
-7.748000569160141,186.1464516752453,-200.94626540209725,0,0
-9.102558490552743,187.2633250649633,-202.0489139901485,1,1
-9.61402781603716,192.7064846988929,-204.01131142629265,0,0
-10.566477830502924,190.51842250393315,-203.83553618358164,0,0
-11.306634264127082,192.4805265678695,-205.18424975265748,0,0
-8.935757381837886,189.4754558823892,-202.36219346028264,0,0
-10.537941085721917,188.1203942698589,-203.2706736730944,0,0
-12.97533866455924,192.38447512210988,-206.7621872640848,0,1
-13.353682370801703,193.6878162676544,-208.09434101045684,0,0
-14.415744265991464,191.5903869001817,-208.2419316203847,0,0
-13.665241365357328,190.7101775379029,-206.8280296123555,0,0
-8.983336583709756,185.1370308683425,-201.8643968406302,0,0
-10.37700566173925,185.88014392934323,-203.00406024755267,0,0
-12.446118254967562,190.7433829426322,-205.531192309038,1,0
-13.529370063037977,189.1698911107168,-206.2482586135411,0,0
-11.800310744975745,186.67404767525164,-204.274340071717,0,0
-13.228323755474568,187.3424030610907,-205.71687418402465,0,0
-12.046584430782916,188.79775373467743,-204.6789818349043,0,0
-14.7798709410369,189.5284738520617,-207.9003667691225,0,0
-14.511618750734709,187.6226411249896,-207.22441508028285,0,0
-15.34251477999071,190.3120323365285,-209.13978801438864,0,0
-15.828686144524816,188.87276115651244,-209.4284739908064,0,1
-15.391668017596253,187.85625480684783,-208.45440087991395,0,0
-0.9881127818594851,178.3708332844224,-194.36937728218064,0,0
-1.0484952489845292,178.31437416194242,-194.55214146575287,0,0
-0.948721895201,178.198792172,-194.406904276,0,0
-1.0611913731835254,178.47445272804148,-194.46798277259688,0,0
-1.02633110689,178.55344526,-194.33039525,0,0
-1.1218760507708585,178.6443703257207,-194.49379722457988,0,0
-1.008180645744546,178.14824525380632,-194.5855408461575,0,0
-1.1184729998496503,178.27314126951896,-194.737512661411,0,0
-1.157911301191373,178.49308743939753,-194.6744042725857,0,0
-1.231618889178779,178.74614282972624,-194.6755574927436,0,0
-1.0771979269804368,178.08576365332715,-194.78641937688195,0,1
-1.2252641696030142,178.40653403346496,-194.87485087511791,0,0
-1.217504908420616,178.2331072744771,-194.97290978741512,0,0
-1.2883523084586717,178.6088509223932,-194.8809390932324,0,0
-1.359541520366654,178.86140165937027,-194.8799074665156,0,0
-1.1576470596841,178.0077348287614,-195.0121918288868,1,0
-1.3526974252518091,178.43835521277634,-195.11222976705693,0,0
-1.3055780194635138,178.15959905800125,-195.19470744743768,0,0
-1.2514166922793786,177.9096723884087,-195.26468473081567,0,0
-1.5087885033407116,178.9916110796449,-195.1087866994933,0,0
-1.4528917004829802,178.73117142199268,-195.1418156759399,0,0
-1.4802077874693778,178.33920764035878,-195.40834441603548,0,0
-1.5015666101287144,178.5773241221272,-195.3168205675264,0,0
-1.6105167166780716,178.82338444357595,-195.39039115432325,0,0
-1.6832933924773932,179.13851624231805,-195.3644058453203,0,0
-1.4324342791571982,178.0621444794856,-195.48803732829376,0,1
-1.5815372064507156,178.2376778677975,-195.64114128358395,0,0
-1.360650924874519,177.78569795169125,-195.545665948622,0,0
-1.5861556480820145,177.98155250595258,-195.7939802083561,0,0
-1.6778754036257315,178.5484905122472,-195.6432189145561,0,0
-1.7951563919008473,178.93677684267092,-195.6617016552607,0,1
-1.888661243839926,179.30474126541682,-195.6501949399818,0,0
-1.487519365894244,177.62841744756628,-195.8566891205148,0,0
-1.811446213925062,178.2829304613562,-195.9881704304172,0,0
-1.7534442942931612,177.84219242742805,-196.13088418689733,0,0
-1.633808767870504,177.42909231398335,-196.19945703607027,0,0
-2.131097799461443,179.49275343273396,-195.9689013585203,0,0
-2.052589048156286,179.065768981917,-196.02553293718617,0,0
-1.9536691166761813,178.70114139382707,-196.0194698721872,0,0
-2.214704204025577,178.79852236135366,-196.36686051266204,0,0
-2.066409345919906,178.45906082511635,-196.2887098313958,0,0
-2.3178950914897847,179.22757248468292,-196.36090018537587,1,0
-2.417888126918373,179.7052271652324,-196.32315705816907,0,0
-2.534250174965306,178.93207501036454,-196.7546595170841,0,0
-2.0313414350631054,178.08938496694748,-196.4050427603105,0,0
-1.9446925871192933,177.64439796132356,-196.5108096160565,0,1
-2.347556535818564,178.41861093370892,-196.69461978364924,0,0
-1.7996875911138068,177.17934208845506,-196.5759147538528,0,0
-2.1682440257168607,177.39912257927895,-196.940054793312,0,0
-1.9831049348949503,176.87282738869246,-196.9914585138008,0,0
-2.6736367320606687,178.62640513938246,-197.0373049440224,0,0
-2.871814174768019,179.0374082693511,-197.14569421837544,0,0
-2.6520841343313246,179.39485494813212,-196.7629865291214,0,0
-2.7571622063225747,179.94493046994032,-196.7152661178323,0,0
-3.043019477247178,179.58451481400886,-197.19608370376443,0,0
-3.1574463271576887,180.214671350299,-197.14723091839417,0,0
-2.296440174856861,177.8996851184105,-196.85508403890705,0,0
-2.630786052853224,178.19273467775392,-197.15400921665176,0,0
-2.5748221481724274,177.6341616561327,-197.34314829335847,0,0
-2.418096815363033,177.09818351634172,-197.4241629461886,0,0
-2.179294749024126,176.5071581561769,-197.4569629649116,0,0
-2.994039581293349,178.55195454692767,-197.4572064625622,0,1
-3.491257757302437,179.80207396348612,-197.6539415988649,0,0
-3.305503514278424,179.12298190455118,-197.62869836381105,0,0
-3.6288839339868346,180.51852480780107,-197.6229953666173,0,0
-2.9960638425423074,177.9615313598491,-197.7104903040132,0,0
-2.8698637255619635,177.38111293345378,-197.8462299106293,0,0
-3.3719267663639347,177.70411127255537,-198.2979250375528,0,0
-2.3823965240096348,176.0805898607715,-197.98691052621487,0,0
-2.6701560770466264,176.73899225607605,-197.950934781054,0,0
-3.207983279909412,177.04208866627852,-198.46180741165577,0,0
-3.5083984967067567,178.47609493162807,-198.09381564850247,0,0
-3.793220678784685,178.03096420909188,-198.6351652554147,1,0
-4.181288937708561,180.86094663932204,-198.14752483331472,0,0
-4.036950550387332,180.03385874743083,-198.1814588805725,0,1
-3.822738941161993,179.26586762234626,-198.16010183263955,0,0
-4.087197585389827,178.6412029149131,-198.68694904144388,0,0
-4.291972425158635,178.00467881666214,-199.2341201792321,0,0
-3.746358411664197,177.40858113760123,-198.9172637975397,0,0
-2.586176350121947,175.58002886025247,-198.58748248890444,0,0
-2.939769874049301,176.3244752952125,-198.55386874170603,0,0
-3.243609214450617,175.7908265207929,-199.30134795075213,0,0
-3.551050467565147,176.56680099471794,-199.1850018380693,0,1
-2.76780687754315,174.98888807113624,-199.2682148409168,0,0
-4.824473731292855,181.2470206498336,-198.7279660685558,1,0
-4.665019315143977,180.3027176820016,-198.7582986023384,0,0
-4.415787523114357,179.42988756930015,-198.74500381381927,0,0
-5.569684723607982,181.6815747666108,-199.37281518155208,0,0
-5.391615465233968,180.6075852591626,-199.4081690432373,0,0
-4.717885590259998,178.74997957251546,-199.3454708451912,0,0
-5.0982611250030505,179.6185746931018,-199.40097125452635,0,1
3.988929060858778,168.873491216864,-197.1046197129384,0,0
3.9575983842878415,168.8286555628916,-197.2646364134673,0,0
4.17545873176,168.718564716,-197.174182075,0,0
3.800055403659969,168.95593672736248,-197.2163791707403,0,0
3.788650983071805,169.04198984325427,-197.02957696775488,0,0
4.022404447064925,168.73153562113092,-197.3936047578464,0,0
3.5565991816607867,169.1289291230871,-197.2049564917803,0,0
3.56565225239652,169.23470893414247,-196.9451841787304,0,0
3.801234630568607,168.8539313488536,-197.4584424173263,0,0
3.553295957729956,169.025707638873,-197.45192883632097,0,0
3.846591686121549,168.74616975729256,-197.6429263232897,0,0
3.5881426371423606,168.90782481430057,-197.6733534820773,0,0
3.357475702779789,169.18791829155592,-197.3911260489288,0,0
3.319148801076475,169.45699767445583,-196.8503788900568,0,0
3.2855948889499618,169.327610374357,-197.1907942443525,0,0
3.0154008969383232,169.55959249995632,-197.12020080773075,0,0
3.0473280713005697,169.71365501222311,-196.7439453007407,0,0
3.299966780940747,169.10817162838595,-197.6663463293286,0,0
2.746255049039572,170.00797559561698,-196.6244116073796,0,0
2.6965314103128875,169.83941647946403,-197.04842998640143,0,1
3.644516068531467,168.7626716650121,-197.9261156961804,0,0
3.3281744938593785,168.9645742082276,-197.95331834191,0,1
3.059198508067756,169.3593632775356,-197.4835701544845,0,0
2.709761869452747,169.65712890957624,-197.4018657674956,0,0
3.018456038084761,169.20295155476973,-197.89640105381324,0,0
3.412123384006831,168.78127476127406,-198.24765047685983,0,0
3.0539483954089786,169.01782492689517,-198.2598101118916,0,0
2.41975220990079,170.35199621136775,-196.4907099560525,0,0
2.369512798555647,170.15068689176766,-196.95235516078827,0,0
2.358515269905457,169.94009960799164,-197.3827575530292,0,0
2.6839823050054554,169.4850231416096,-197.80399468387043,1,0
2.446397317097003,169.72457902382277,-197.677400686072,0,0
3.14473223817648,168.80224972679005,-198.61258287446032,0,0
2.667591480503516,169.31361622752306,-198.1990739062496,0,0
2.7223856193521723,169.08575245256043,-198.6173502509457,0,0
2.836953520890704,168.82591755373284,-199.0266185505073,0,0
2.071851033529585,170.75779042376814,-196.3418159545262,0,1
2.017802095548507,170.51572858366924,-196.8465414023275,0,0
2.0025997404327227,170.25416353694047,-197.34251576228908,0,0
1.71066252365,171.244368382,-196.176533858,0,0
1.6608450989507308,170.9158257622638,-196.74906868584355,1,0
1.2865979400226255,171.43530789494878,-196.59353934914745,0,0
2.339127266825388,169.61725880572808,-198.06402986417547,0,0
2.097967073227907,169.94848540022596,-197.77512622937533,0,0
2.2637178382119965,169.42941403793972,-198.5715931402073,0,1
1.633124767277888,170.29935277083143,-197.84123333013864,0,0
2.482602129928335,168.85267084794853,-199.4962274120174,0,0
2.344170819771843,169.1573263357651,-199.0328308300757,0,0
1.607817991045275,170.63706212185474,-197.29297764494336,0,0
1.2242283411688886,171.06987613240835,-197.2081590336481,0,0
0.8315682404336473,171.6437561026937,-197.0411825459963,0,0
1.8259070393884536,169.8699771191733,-198.3486931030311,0,0
1.1848367883789876,170.7364226240236,-197.7958183892068,0,0
0.751315009203206,171.23871576672553,-197.70527589408263,0,0
1.8324820830638409,169.54177006082818,-198.99195174089508,0,0
1.2163131617421383,170.3464470744054,-198.4037358636464,0,1
1.3070966326792914,169.98823572531657,-198.91351932777275,0,0
1.9292692444142363,169.23126502829177,-199.49280814222217,0,0
0.3250142629612241,171.87953496046865,-197.54042093931048,0,0
0.225827227849873,171.4159371167786,-198.2743499983493,0,0
0.713984933002157,170.84006996424293,-198.3632599330905,0,1
1.3539910766596597,169.6441362697248,-199.50188360672016,0,0
0.7531203366055982,170.41827967472588,-198.98784321308435,0,0
0.9601107991603752,170.02054311214886,-199.37570675921748,0,0
-0.2421680164528819,172.14711598711813,-198.10100509037025,0,0
0.1920597753910886,170.94565925640623,-199.0015063013952,0,0
-0.380281560985783,171.61898037520413,-198.9340642545937,0,0
-0.8715676455903003,172.45197286657935,-198.73083521963525,0,0
-1.5517463859869651,172.78449091061805,-199.41641733922995,0,0
-0.948721895201,178.198792172,-194.406904276,0,0
-0.9139101986684056,178.06005873638736,-194.4378902427979,0,0
-0.9390508110328007,177.97311695801787,-194.57069739302955,0,0
-0.8645522847087439,177.87905343391634,-194.47924317153985,0,0
-0.9162280357765642,177.79905595259987,-194.67075755334733,0,0
-0.8045023067305148,177.67814061623125,-194.5263945260012,0,0
-0.8581328112927527,177.57170490460302,-194.75034225950256,0,0
-0.730641591838,177.45176413299998,-194.580990403,0,0
-0.9991151908410442,177.98243106397334,-194.69846217896324,0,0
-1.0391338085247257,177.89033550695666,-194.8603175932037,0,0
-0.9594985896264898,177.69122055023468,-194.86034545793007,0,0
-0.935220499354655,177.50380153944027,-194.975116187176,0,0
-0.7918299726573681,177.3374796715503,-194.83108290490097,0,1
-0.6395930359027246,177.1934739795505,-194.6448868357424,0,0
-0.8871243624892741,177.25491984265588,-195.1003219327489,0,0
-1.016797437899334,177.46030915894374,-195.1730274190109,0,0
-1.0813227592770371,177.72445426308985,-195.081047480461,0,0
-0.7157681321471455,177.06615446202073,-194.9361849088128,0,0
-0.5308269228138629,176.9017059417705,-194.7184671773549,0,0
-0.404090864438403,176.57134847001626,-194.8026281967404,0,0
-0.6234291357211529,176.74697905805786,-195.057647565628,0,0
-1.043442478856864,177.2445104572244,-195.39711502722864,0,0
-0.8215288087012024,176.96384344607722,-195.2310097621732,0,0
-1.174855600260175,177.57347036116292,-195.3750627552284,0,0
-1.2703388471077557,177.4369859047463,-195.6395898181268,0,0
-0.2600640358347661,176.19582802399495,-194.89828241598457,0,0
-0.5145506652701295,176.38946864475082,-195.180357432246,0,0
-0.7638264341751764,176.61293173075035,-195.4210242539932,0,0
-1.146871005938434,177.04959356357529,-195.7165066788104,0,0
-0.9621631803799982,176.92334139148764,-195.5088363349499,0,0
-1.002646510191981,176.7134713247594,-195.7309360855917,0,0
-1.3768878603923742,177.21797294684623,-195.95732704849323,0,0
-1.2242085604023156,176.82226550606055,-195.9920887890037,0,1
-0.0994084573990772,175.76766344903976,-195.00650316586405,0,0
-0.3922987746515887,175.97965018450753,-195.320307290976,0,1
-0.6533752740613561,176.20754614985336,-195.5604920035963,0,0
-0.2604750236625154,175.53290944439706,-195.4721123676433,0,0
-1.062773261542257,176.44486470946492,-196.01104941553928,0,0
-0.8702347611920486,176.41560408549728,-195.74271360691407,1,0
-0.5640890764645279,175.7974531486633,-195.73786391657924,0,0
-0.8430057155690535,176.10625541046164,-195.9273686579701,0,0
0.0793456530808999,175.2793478946765,-195.1288854917895,0,0
-1.081288770287298,176.07868717969012,-196.2905670321629,0,0
-1.4953155685221182,176.97763846486205,-196.2820183514721,0,0
-1.3068936103551625,176.506796083185,-196.3174233736653,0,0
0.2784995697185303,174.72268683941132,-195.2672938677256,0,0
-0.1194505069899182,175.007623543118,-195.6689751480904,0,0
-0.4560850018669441,175.29874379299918,-195.95599861295355,0,0
-0.786312472696223,175.65710505949357,-196.1727213713632,0,0
0.5021299459268368,174.08877858643288,-195.4241346739952,0,0
0.0560605195478633,174.34739214663884,-195.9108890364592,0,0
1.71066252365,171.244368382,-196.176533858,0,0
1.3730166843820086,171.85815833442916,-195.99597300106456,0,0
-1.080720812084315,175.5781318532399,-196.6432876378708,0,0
-1.3853972401142158,176.118702121499,-196.67925216744453,0,0
-1.6227669351506049,176.65166783934828,-196.6539315189878,0,0
0.758783728634756,173.3715310703316,-195.60247642194625,0,0
0.2471740393300804,173.6879096314314,-196.12945446934785,0,0
-0.7378535974023323,175.16504049814338,-196.464786117296,0,1
-0.3358884579804203,174.74084196556475,-196.19806711984776,0,0
-0.6505794745108576,174.6583619137185,-196.7104462156481,0,0
-1.0656486237143985,174.96690931942132,-197.0614898597433,0,1
0.9324336688495338,172.1001276599906,-196.4242858631717,0,0
1.0546783557157706,172.59387260068195,-195.80000303018485,0,0
0.4550746654018187,172.8576020293715,-196.47651192876907,0,0
0.5222469191546367,172.17439648516898,-196.9590354076392,0,0
-0.2833876641453239,174.08791152122836,-196.6053151766503,0,0
-1.462342634497059,175.64164012329405,-197.1091617022093,0,0
-1.7632127528069477,176.27015067251284,-197.07403306486395,0,0
-0.7946614623105378,174.27853232640337,-197.187874429529,0,0
-0.0150726107483329,173.3573305110848,-196.76819056446263,0,0
-1.91210453320868,175.83178173628633,-197.556372847574,0,0
-1.2251541760256863,174.612689282551,-197.5320059047636,0,1
-1.5457435740644785,175.15154575728783,-197.5657706672669,1,0
-1.1076418159423416,173.91608091045424,-197.88572045797224,0,0
-0.0220229244147206,172.67056707552783,-197.3165656892785,0,0
-0.511462710931182,173.53369362414057,-197.341771802308,0,0
-1.636265930863413,174.6004376335553,-198.0875802767119,0,0
-2.0721416842404707,175.34910860228467,-198.09780881812267,0,0
-1.7173156096491038,174.10294174749424,-198.57324361444088,0,0
-1.3435060271881012,173.31831048295217,-198.6685004982297,0,1
-2.205280214227626,174.8685934668808,-198.6272029067033,0,0
-0.7068517716702893,173.0168224719253,-198.01079215533616,0,0
-2.0240038595417245,173.56340346222086,-199.4149033014551,0,0
-2.310023066062395,174.41771495012617,-199.11871484272405,0,0
4.322746485880857,168.59725281916394,-197.2289226938404,0,0
4.17545873176,168.718564716,-197.174182075,0,0
4.1936377622385965,168.62352992016122,-197.3766272405853,0,1
4.737644363834069,168.14791538609217,-197.6772538502085,0,0
4.974543227993582,168.0770831891354,-197.46854388251708,0,0
4.729635872986882,168.26876401362944,-197.3791335439909,0,0
4.523263290648912,168.3304291929435,-197.56324411405112,0,0
4.515203335221651,168.44057071937553,-197.3001969355145,0,0
4.332250126377321,168.49596540560614,-197.46324508492543,0,0
4.3383256733348965,168.4085753822874,-197.66993536702904,0,0
4.106247085397564,168.58161605610093,-197.62108055665283,0,0
4.9831276405257325,167.94338165612336,-197.8124871700001,0,0
5.255353740573091,167.8648277804182,-197.5698281403872,0,0
4.475449431812655,168.25006891652046,-197.84486404873903,0,0
4.694903388614879,168.0405926467437,-198.02875550032545,0,0
4.950523396382735,167.82162037564598,-198.2013052726118,0,0
4.196440108548332,168.40860718915997,-197.89941265423505,0,0
4.372838052040547,168.19915615901178,-198.1405305933797,0,0
3.931628623286137,168.56513360593587,-197.941397645568,0,0
4.064397530045253,168.36602417044787,-198.2155513980369,0,0
5.268775207670865,167.7161934798266,-197.96685958898505,0,0
5.578325658951888,167.63152721089443,-197.6845453388437,0,0
5.2427161112829,167.58137213753102,-198.4067531161465,0,0
5.951185176251835,167.37785328295442,-197.81441484332709,0,0
5.604095736679556,167.46740615480263,-198.1382227501641,0,0
5.995523697424976,167.20036864097284,-198.32987446731897,0,0
6.383412881124881,167.1062236710963,-197.9612852721073,0,0
4.614074974102315,167.95628162691114,-198.3849777973075,0,0
4.250032700208585,168.1386957308995,-198.49176474296075,0,0
4.493078964244066,167.87923902969172,-198.78893579672504,0,0
4.867404486804367,167.71813110162256,-198.63089954461392,0,0
5.176305898520759,167.46680850054156,-198.8695796031355,0,0
4.771236353306171,167.61047262360364,-199.10290324092148,0,0
5.097635023511057,167.35293464778485,-199.3681944257997,0,0
3.741148555121336,168.56113334232393,-198.2523103077238,0,0
4.106931552444522,168.06310714345585,-198.9134466724504,0,0
3.894543948417641,168.32468161920994,-198.58540317101816,0,1
3.5231236902702747,168.5487957276734,-198.6213917277012,0,0
5.536039225395324,167.17924807706848,-199.21491275002413,0,0
5.582833951923538,167.3204952993916,-198.64744727099668,0,0
6.001079249713322,167.03614598634425,-198.9187284759708,0,0
6.885980492417911,166.8208144172574,-198.1270701096578,0,0
6.45921148366024,166.91670660614997,-198.5446981198237,0,0
6.978661518003651,166.63933206700426,-198.7696568470101,0,0
7.471710937036432,166.52879183896815,-198.3136310445534,0,0
7.617277423477754,166.34928386413458,-199.0428365224093,0,0
8.154653757435005,166.24020390974434,-198.5226478765497,0,0
4.351691919690366,167.7859440124309,-199.2733804246895,0,1
6.457723525482741,166.76721675982637,-199.19001993438624,0,0
5.915693457353749,166.92010124407392,-199.53858802331723,0,0
11.694586052004546,165.6939800588234,-199.4503997313656,0,0
10.833892878114655,165.67482156379947,-199.2497368640224,0,0
3.926620666078461,167.98572073944007,-199.3984334505197,0,0
3.694166539637104,168.28154404840947,-199.0034663992406,0,0
3.2686240796327977,168.53638952379416,-199.0409315125397,0,0
9.8787447621628,165.7678491224441,-199.0083193861042,0,0
8.951692209751632,165.97409842467977,-198.75499621863065,0,0
8.343830424493385,166.08762225168158,-199.3338062323452,0,0
3.4571409858527167,168.2331404281028,-199.48663229336165,1,0
7.016143946494262,166.48923785935594,-199.50098470622063,0,0
2.974053138154606,168.52205477760077,-199.5188447244556,0,0
6.57644326315486,191.34417765439144,-196.7280821883241,0,0
6.316176530389157,191.2810300334536,-196.73648058107327,1,0
6.516408067109464,191.137981312002,-196.34536894899912,0,0
6.393898590795017,191.4652631944066,-197.0476831142879,0,1
6.639092141017387,191.5783551820032,-197.1586766047876,0,0
6.0842718762602495,191.45303260499088,-197.16253976680343,0,0
6.306360235418729,191.65635721457056,-197.43210690166285,0,0
6.702785973021571,191.84533436742265,-197.6438919052976,0,0
5.810053438516485,191.6639503238811,-197.6324714341342,0,0
6.1712471815453975,191.97506418059976,-198.0206809210496,0,0
5.484969660049788,191.92271190522013,-198.14712145254484,0,1
6.764880330501619,192.1511902284805,-198.19169253029747,0,0
5.813002855048175,192.27997972894445,-198.57729137169545,0,0
6.360688195780552,192.3107879747435,-198.5382977233232,0,0
6.8212185342155065,192.5031961479621,-198.8107872729436,0,0
6.86638837149642,192.90794914261096,-199.507585356032,0,0
6.231307119809215,192.61245556389684,-199.03754658330453,0,0
5.098871479842275,192.2395348368036,-198.7061556540937,1,0
5.546831049459877,192.6978935131972,-199.21777092656475,0,0
4.639831745602713,192.6254433893958,-199.30840171263364,0,1
6.185616763510081,190.14455539889423,-194.4138951620561,0,0
5.928135314461226,190.02349634105764,-194.3793626087275,0,0
6.13719775749,190.013939966,-194.148129577,0,0
5.904390815577203,189.8997282748788,-194.11174515733265,0,0
6.232447772452527,190.27406389748265,-194.67474120222656,0,0
5.966760604187825,190.15708789135817,-194.6497043702861,0,0
6.283151537433615,190.4180263923793,-194.96154333304293,0,0
5.99030356734322,190.28006857726209,-194.90463088820024,0,0
5.644997157144789,189.8947642022894,-194.3662625246112,0,0
5.69830569937548,190.11851407006347,-194.8105269451905,0,0
5.743660266784175,190.02670112748703,-194.56611006290683,0,0
5.6006602520853255,189.7435008853016,-194.0654097976656,0,0
5.479583985188904,189.9461091072284,-194.641909905324,0,0
5.263982825333932,189.55999311057968,-194.01576595321907,0,0
5.322785584594541,189.74262455588843,-194.3571648026392,0,1
0.8744192629110612,185.88822095896413,-193.8238961467124,0,0
0.827855522700056,185.6600660268772,-193.6045856596388,0,0
1.04694404667902,185.9598810567508,-193.6073211749752,0,0
6.338082712864551,190.57867301968204,-195.2776255549156,0,0
6.01813471212333,190.4330749603258,-195.2155433706003,0,0
6.19464724896866,190.7965816209827,-195.84898516278489,0,0
6.395380078586484,190.75178980375512,-195.61354562112567,0,1
6.454715652864559,190.93747613206352,-195.968434261273,0,0
6.0073225359001,190.5993305982703,-195.57462492321025,0,0
5.712703794756866,190.26522088996035,-195.1105918952167,0,0
5.758917528055415,190.41259272201515,-195.37851557144668,0,0
5.391679085001667,190.0756162015766,-194.99324375537728,0,0
4.467443359663178,189.07937766826805,-193.9059340717596,0,0
4.887379047531822,189.34106281164043,-193.96247555748923,0,0
4.514667611820186,189.31500541144004,-194.3276184123825,0,0
4.95077824749211,189.5467696138328,-194.3288448703712,0,0
5.068736122298593,189.81328564389787,-194.7556419024941,0,0
5.910333293337162,190.73347437925008,-195.91317307070184,0,0
1.054359052203374,186.21804298407824,-193.950916249796,0,0
1.305416928964693,186.29276143261444,-193.6139648647845,0,0
0.8461209727629061,186.07098125078008,-194.1024706130761,0,0
0.6804724869423722,185.8073636872305,-194.05062896917937,0,0
0.7214846218688076,185.6617741183372,-193.80313719510056,0,1
0.6399946999739999,185.387481337,-193.604781979,0,0
0.5732994906437131,185.53807033710555,-193.91110801298424,0,0
4.682739757012844,189.56195929871663,-194.63423982631585,1,0
4.065866249798773,189.0492250496318,-194.31393894054847,0,0
4.000444105285337,188.76647112923345,-193.8466438625456,0,0
4.208413393683416,189.3985785789047,-194.7996923170692,0,0
1.6108931549325745,186.6607683568324,-193.6259828937894,0,0
1.3026497818663227,186.56763996712243,-194.0146369135213,0,0
1.9742815742279387,187.06378782910272,-193.64596623317448,0,0
1.6384239511244971,186.9847459222213,-194.066868457696,0,0
6.105280197581189,190.9659605818836,-196.24521105248607,0,0
4.602870594137743,189.74080315502,-195.0450539830323,0,0
5.424047460678756,190.2804909031555,-195.3759706642481,0,0
5.040272747983371,190.0339369365216,-195.21148554061816,0,0
5.558547380212578,190.53219339118496,-195.76341048341484,0,0
5.6706364388296775,190.76994092019865,-196.138254295934,0,0
2.040145396062091,187.43943515430647,-194.1336066251925,1,0
2.41073487794428,187.49767515324584,-193.67817875921656,0,0
4.186352945065895,189.68464458180603,-195.31396385659656,0,0
0.6636816990815738,186.0600863067053,-194.36529085384407,0,1
0.963434905562,186.41391388096625,-194.3390821880548,0,0
0.4833339026230139,185.71597674184247,-194.25535192315044,0,0
0.6116560905844207,186.33038889411105,-194.7228315446588,0,0
0.3620651334893759,185.92678766100124,-194.6399032399992,0,0
3.4828220406930424,188.39205256085967,-193.78544785452897,0,0
3.037255882281181,188.38469308661053,-194.3379118242588,0,0
2.9299220827230963,187.95496041627536,-193.7261647953085,0,0
3.548553474506015,188.7388446883961,-194.3414627972033,0,1
3.7351345840839634,189.0674648047059,-194.7037446375649,0,0
3.197545901738121,188.8574091142792,-194.91707434388107,0,0
3.6615030212471447,189.2967611025928,-195.15271906474428,0,0
1.2667337073802625,186.87011885509503,-194.46150235093668,0,0
1.6589852247301524,187.35717589617025,-194.543389277109,0,0
0.8926905982716941,186.7499530192572,-194.813193920948,0,0
2.5203695248534776,187.91745762667367,-194.2187970170573,0,0
2.60663387537029,188.35701108750328,-194.783758066587,0,0
2.0992218408337706,187.8495431311386,-194.6422367867484,0,0
1.2211039009069826,187.20400828046525,-194.9123170675456,0,0
4.649823923545807,190.00811133486368,-195.4836650667063,0,1
4.240139027932566,189.98735411183435,-195.77295464204897,0,0
5.1038272596610055,190.28934394223728,-195.63771382173505,0,0
4.730052056915444,190.28313741908653,-195.90106473637644,0,0
5.208064969862527,190.54245088079773,-196.02278693845588,0,0
2.6222131435125444,188.74726410811576,-195.3168344141837,0,0
3.175293158986672,189.2202809465243,-195.47883147929835,0,0
3.7204028399033504,189.63552875927616,-195.6323392101532,0,0
1.613700632931129,187.7004833415128,-195.0236144016966,0,0
2.085862013601142,188.2287438752959,-195.15748297597668,0,0
6.13719775749,190.013939966,-194.148129577,0,0
6.411563963890238,190.14792475724948,-194.1911344914532,0,0
6.688877060645966,190.28326797266715,-194.23461401794955,0,0
7.003195533281692,190.43016100626687,-194.28498854069505,0,0
6.734724877752626,190.42062963903896,-194.54263729523103,0,0
7.387980725460001,190.593390138,-194.349323049,0,0
7.012550226078808,190.5345811532441,-194.5606669190041,0,0
6.458353451649204,190.27688396659508,-194.46363502062587,0,1
6.508449124884475,190.4118850965233,-194.7438263426208,0,0
7.232816424695685,190.6793486502782,-194.7453844655587,0,0
6.50214593957586,190.52685581307995,-195.02272846702525,0,0
6.817182312820933,190.60466557038288,-194.92856553801693,1,0
6.615229834502598,190.696735259166,-195.3221050158672,0,0
6.6158172929904575,190.83248980755909,-195.62951882904,0,0
7.064279249029014,190.77861865919547,-195.1536507486336,0,0
6.8846464638146125,190.8906579507025,-195.565735706453,0,0
6.702390029392075,191.0103044171853,-195.96180251192555,0,0
13.474939384859864,191.5110392106024,-195.6402376010212,0,0
13.43255451452159,191.52836616080089,-195.70807310818648,0,0
13.369843222000004,191.529202264,-195.612374984,0,0
13.504733007678704,191.51582757430344,-195.7306357585376,0,0
13.579945789188642,191.4913270076392,-195.66833309467697,0,0
13.67426052419537,191.47224594543667,-195.6937934607521,0,0
13.578856642260169,191.5057369653828,-195.7823965573991,0,0
13.339648293929326,191.5510458525894,-195.73947386268068,0,0
13.25401779642192,191.5587143404641,-195.6724421290553,0,0
13.230109053995172,191.58055431452075,-195.80829866698184,0,0
13.43870761779922,191.53943323756585,-195.805568526898,0,0
13.513995900147162,191.52543348916407,-195.8227670402812,0,0
13.353334503372434,191.5656802319653,-195.87358666536448,0,0
13.472532338405657,191.5444299220356,-195.9001649276677,0,0
13.77694887994476,191.4499042624248,-195.7217710685195,0,0
13.756288317866357,191.46668098600136,-195.815024448072,0,0
13.65850444674454,191.4926379799604,-195.82752208208933,0,0
13.401676730501096,191.5744787699936,-196.0145665934781,0,0
13.57677249054619,191.5193228660992,-195.8858029029303,0,0
13.705379544702735,191.4955716059061,-195.94252485633297,0,0
13.55943797820048,191.5399465003704,-196.0146140652489,0,0
13.120871117164883,191.59050317447296,-195.7395666638044,0,0
13.8893861076,191.423391618,-195.75274100500005,0,0
13.85938457179655,191.4512842437396,-195.91366457440577,0,0
13.246055413882946,191.598563290661,-195.9656324601939,0,1
13.10081654966209,191.61482005142528,-195.8971184614369,0,0
12.967769221255692,191.62433851607395,-195.81443575126875,0,0
13.286312460128864,191.61527664096744,-196.14424556114025,0,0
13.826186834110135,191.4816713562871,-196.0853854328584,0,0
13.482547370018104,191.5784287950361,-196.1741040081675,1,0
13.665865195242946,191.5289197277956,-196.1260289354456,0,1
13.788306349334722,191.51569365835016,-196.2739072122443,0,0
13.114464551078862,191.6378590009514,-196.08053714185493,0,0
13.350463076019055,191.63520209526607,-196.38094414194265,0,0
13.589823581190656,191.57490705714943,-196.33448186698524,0,0
13.744696955182851,191.5540157385069,-196.4821263842082,0,0
12.950334887879755,191.6518200038654,-195.99397654840624,0,0
12.791638072901176,191.65979055489845,-195.8976891033188,0,0
13.148526536549369,191.66180749193384,-196.2913848708488,0,0
13.161884258310558,191.68375495619733,-196.4601539263299,0,0
13.523127488970346,191.61881038108555,-196.5422443842193,0,0
13.287453759380924,191.67965817879585,-196.6026106756432,0,0
12.95473344920346,191.6810795228353,-196.2013293074972,0,0
12.981609092382651,191.7085058708832,-196.4147108570523,0,0
13.693373957832724,191.59805268899817,-196.7164654415548,0,0
13.434019224951491,191.6734000276447,-196.7865670864808,0,0
13.058466101585845,191.728637468154,-196.63579093392173,0,0
12.772295212488675,191.69317954077377,-196.1099982803816,0,0
12.588831579608284,191.6961551516777,-195.9897421036792,0,0
12.557592628616431,191.73766191309724,-196.2375759518856,0,0
12.7712304431026,191.7292428622157,-196.34583307535647,0,0
12.8097465583262,191.76337816430768,-196.598116209832,0,0
13.174102293264538,191.7364381970564,-196.83396478121944,0,0
12.354975185446667,191.73235841263644,-196.0903962041264,0,0
12.556931046293162,191.78204949891668,-196.50984566889804,0,0
12.311405521040298,191.78062720909696,-196.3623864872918,0,0
13.63250400489643,191.64901803647496,-196.9813218851732,0,0
13.5612121860111,191.7073846140809,-197.2761096399787,0,0
13.342196919756276,191.7324619197212,-197.05420770230967,0,0
13.23703831235787,191.80027886181875,-197.354545971491,0,0
13.050310478705812,191.8011495276081,-197.1002563156364,0,0
12.902220488968306,191.7890688495424,-196.8523112750976,0,0
12.27810283555304,191.842247170286,-196.6957258498156,0,0
12.59611105668354,191.82862313077345,-196.81562985103565,0,0
12.08464627478488,191.76687110403213,-196.19820184947488,0,1
12.01991782198014,191.8268197263424,-196.51569044975184,0,0
11.771277331088708,191.7975883967753,-196.30948492771384,0,0
12.312373478639492,191.9162447112615,-197.1158702332724,0,0
12.890709919047506,191.8797566695796,-197.4036121452129,0,0
13.11846993200722,191.8761818937472,-197.67793506712096,0,0
13.478202976918094,191.77421310125607,-197.6017634210644,0,0
11.670648372611645,191.8693274313622,-196.66617880917744,0,0
11.407267943274736,191.8216624977356,-196.4177644050762,0,0
11.95620525927968,191.90075968037365,-196.878003715006,0,0
12.721658119252668,191.8644723361963,-197.1351235509676,0,0
11.933169658596428,191.9838694874168,-197.27522666700312,0,0
12.52315809555497,191.94874727479595,-197.44453672988,0,0
12.221497493311164,191.9923137111079,-197.45969597513533,0,0
11.955037675555028,192.0658034847295,-197.67406140719527,0,0
11.265171668811217,191.9051667044002,-196.81149711407448,0,0
10.98491496412698,191.83491835894284,-196.51540207319687,0,0
12.726894064360884,191.9673458369281,-197.7434466488812,0,0
13.379756053391285,191.8529188708645,-197.9677593094476,0,0
12.964629259860995,191.97018440828296,-198.0490037678593,0,0
11.591861767417225,191.95803976015992,-197.0670968016868,0,0
11.151039762915405,192.0126040206628,-197.25720945569725,0,0
11.551576514386747,192.06661962194843,-197.5314071009988,0,0
12.33302035786239,192.03260052928192,-197.7445613803664,0,0
11.575420988945265,192.18246850150769,-198.02778111676247,0,0
12.060573847674652,192.14407679531485,-198.1056378604096,0,0
12.537722276946177,192.0695330254082,-198.11849332060413,1,0
13.262657548132188,191.94728341100893,-198.3798765403868,0,0
12.7897155620669,192.08229533890213,-198.47194696037417,0,0
10.797994744516274,191.92844642451104,-196.93917965467884,0,0
10.497769403225576,191.8318767617552,-196.5986851922644,0,0
13.123438695257194,192.0627275997592,-198.84326160827143,0,0
10.276960766104724,191.9436422656468,-197.0749713653285,0,0
9.938357329892709,191.8124758482704,-196.6610199859581,0,0
11.040290530460648,192.1630227871174,-197.82418592601724,0,0
11.04981245561492,192.3719779502989,-198.5849855225185,0,0
10.620014107825726,192.0657896065304,-197.4663277572085,0,0
9.65382469678828,191.9497455454785,-197.1971857358567,0,0
9.302727142782285,191.77221159338225,-196.69012951011973,0,0
6.939153127977154,191.29672751287944,-196.44126544588937,0,0
7.078916398679291,191.5257362034999,-196.86306645360008,0,0
7.419727530255671,191.447886845329,-196.5331752691385,0,0
7.977199808616596,191.58536768503933,-196.61505220930988,0,1
7.631895000135433,191.7006077050684,-197.0264726910365,0,0
11.75444861779486,192.2968004966013,-198.5982595158075,0,0
11.374882127974272,192.479592596024,-199.111327901259,0,0
12.30352674088497,192.1965920619741,-198.5487562823552,0,0
12.02322313784679,192.35666246580777,-199.04680046529683,0,0
12.59285792834456,192.2178254760537,-198.95186801094027,0,0
12.36370610600613,192.38329366857764,-199.479318047956,0,0
12.958006054712667,192.206519472754,-199.36282946736588,0,0
10.021667973669858,192.10438513748068,-197.6472600364082,0,0
10.517597070122376,192.2459324032244,-198.0767839918284,0,0
10.427675892982768,192.4278183109517,-198.6476484057613,0,0
10.618452740606829,192.5959401591492,-199.2075235986652,0,0
9.844753722544532,192.3423805811322,-198.3688524633372,0,0
8.972490932923009,191.9227910170556,-197.22987803851385,0,0
8.621006488586943,191.6977670510654,-196.6736021578688,0,0
9.340105296499006,192.1330378049869,-197.79430360935345,0,0
8.308368813135836,191.8395603656273,-197.1515869232729,0,0
7.833147990435055,191.9433916023035,-197.5271686496871,0,0
8.524779443554328,192.1334204398001,-197.8703490400124,0,0
7.203416063936899,191.7946967795637,-197.3815014199953,0,0
7.259171595892177,192.05115056729943,-197.89322909892385,0,0
7.819048700705276,192.1862158792526,-198.0802773711423,0,0
9.05790385473972,192.37901264028977,-198.47432858979755,0,0
10.103871099442326,192.5353067634568,-198.9304207415756,0,0
9.50742244448637,192.5840738206409,-199.01277560398484,0,0
10.004286081405953,192.6969522862391,-199.3667266967824,0,0
8.225532188161866,192.4799149661212,-198.7140425718767,0,0
8.929867506392274,192.6476705219044,-199.1305964518465,0,0
7.468457516252791,192.3909893588905,-198.5472463023796,0,0
7.529873329247312,192.71043594516712,-199.1754330130153,0,0
13.261431512972203,191.5463093263883,-195.58390003564395,0,0
13.369843222000004,191.529202264,-195.612374984,0,0
13.16226809457529,191.56948012177443,-195.6298498066209,0,0
13.140557727068147,191.5633961373368,-195.55247703960387,0,0
13.050964759167714,191.5890654099975,-195.64220749267187,0,0
13.005327152283511,191.57986177630488,-195.5177923754765,0,0
12.903732500677114,191.60917566494976,-195.6334883282268,0,0
12.835040921057782,191.5972686085536,-195.4745813899352,0,0
12.724403777596462,191.6283450155368,-195.6125099802402,0,0
12.641675161525413,191.61216445845312,-195.42635326444884,0,0
12.515016527258847,191.64793831205057,-195.60591655845693,0,0
12.649928666510496,191.6595898094129,-195.78111232221224,0,0
12.805408026163942,191.63678647221064,-195.7447778547956,0,1
12.422264516556035,191.6234199907656,-195.3725540370574,0,0
12.273086568252172,191.6636478676729,-195.5944859405328,0,0
12.417939121499122,191.6867448928557,-195.8227915536166,0,0
12.117569408825892,191.7118616278161,-195.8660545230477,0,0
11.858724041136677,191.7023414341728,-195.74769746098693,0,0
12.023071824325909,191.6708862677285,-195.5662308821075,0,0
12.173435639995606,191.62943583861963,-195.3126470083733,0,0
11.89142435341216,191.6281553728998,-195.2460791073844,0,1
11.825896606862432,191.7430771118181,-196.000415377424,0,0
11.519099303132895,191.7647253467792,-196.1096064023342,0,0
11.590556835253452,191.7116879776175,-195.7918789249869,0,0
11.728275292605966,191.6681510189252,-195.5114889627383,0,0
11.572056645803944,191.61678512160844,-195.17232132073508,0,0
11.3563120721422,191.7216468430622,-195.8678111058708,0,0
11.356416190133665,191.6683913260396,-195.54252355239305,0,0
11.210769576728811,191.59124650946865,-195.0909584677028,0,0
11.14614553829364,191.70034496060453,-195.7789011539666,0,1
10.946820973608718,191.6440896712857,-195.5122527772401,1,0
10.802763294191772,191.5461650937116,-195.00173295578008,0,0
10.929693755500075,191.70172624346029,-195.84563842523792,0,0
11.131567716038148,191.7571221493289,-196.1011887863137,0,0
10.710775552183264,191.67253550625435,-195.76472953550868,0,0
10.487861355753823,191.59705053410767,-195.46503618575505,0,0
10.463435481243147,191.66606481578515,-195.8355608523137,0,0
10.215287637526131,191.6247979423065,-195.7492962731475,0,0
9.97362885029162,191.5258266519243,-195.41412528127856,0,1
10.343947148591749,191.47609438317653,-194.9045759203208,0,0
9.831619233122083,191.37520335736167,-194.7998021595293,0,0
7.387980725460001,190.593390138,-194.349323049,0,0
7.540020269630161,190.7687435891804,-194.7197653773005,0,0
7.783582838885772,190.74576188544216,-194.4180220115581,0,0
8.226869344790357,190.90808610218613,-194.4963810080073,0,0
7.905432326324286,190.9329796808656,-194.878441801874,0,1
7.462658868968529,190.8597792447496,-195.04262416282145,0,0
9.44333034182081,191.40270180805712,-195.2384362629692,0,0
9.279888891872847,191.24008067259484,-194.69130690731976,0,0
8.873295537064815,191.28794480222345,-195.232365036572,0,0
10.69995197344383,191.738494215528,-196.11176284370305,0,0
8.36468040440206,191.1156998945445,-195.0559341926736,0,0
8.729325434480776,191.0776593784096,-194.5875624027433,0,0
9.927227507249668,191.61564203287045,-195.8536084677673,0,0
9.547657856248115,191.54226473244424,-195.74730999766007,0,0
9.692534250243312,191.6777199035412,-196.2203216402931,0,0
10.207466915484634,191.70837353014684,-196.14433544074416,0,0
8.05410150440586,191.137798904094,-195.3656133379725,0,0
7.662212864436484,191.0081798932337,-195.2906777112085,0,0
7.318485193030931,190.9632215132997,-195.42696146593,0,0
7.09804535751038,191.0714857906173,-195.84259571369725,0,0
7.659737066660025,191.1655578819495,-195.711297411139,0,0
8.444724600119107,191.29229382669624,-195.5567582067124,0,0
8.079444583541708,191.28407489095608,-195.7662160085133,0,0
7.820832301423657,191.37594940061905,-196.15804516500145,0,0
9.159885293197108,191.44471009843,-195.6033996388608,0,0
8.79261550797707,191.4076611080807,-195.70416957180365,0,0
9.094486093430136,191.58526568183208,-196.1410482744893,0,0
7.306830910675164,191.2751624204016,-196.1916822978142,0,0
6.935193341269804,191.1582788956476,-196.1413820609419,0,0
8.412211922681362,191.4634956564529,-196.0900427097789,0,0
17.88441657545648,189.29687412044336,-197.2723385269116,0,0
17.7783606518,189.378982068,-197.008713501,0,0
18.01323529146104,189.17230792986624,-197.09820541744645,0,0
17.65804069465233,189.4975535365233,-197.2970434568687,0,0
17.840073790783226,189.35077268771624,-197.60556733415672,0,0
18.082304532114293,189.11893741314128,-197.4147517621484,0,0
18.263720014490566,188.9378150037349,-197.19595384487656,0,0
18.122596491054075,189.09219918558424,-197.8235691666035,1,1
17.52097741813405,189.6314533828852,-197.6185059931392,0,1
18.33661277475728,188.8748165912591,-197.58272711030915,0,0
18.53831570394026,188.6638209545344,-197.30588621444724,0,0
17.682565173106166,189.50934055766507,-197.99985656998763,0,0
17.935525415940546,189.27729766275888,-198.0187939708114,0,0
18.37350387220917,188.84463322116665,-198.00753908649023,0,0
18.12426997795472,189.100008550322,-198.21390989053927,0,0
17.362214743814434,189.78523706775684,-197.98189867514915,0,1
17.852845842049547,189.36571127243155,-198.340728115967,0,1
18.83839619222367,188.34386459422845,-197.4293869029828,0,0
18.61811919734244,188.5850875688811,-197.7544822491849,0,1
19.16478532246696,187.9702578575313,-197.567911155736,0,0
18.912139210112127,188.2607149002293,-197.92958048145584,0,0
18.633653272695497,188.57058822836265,-198.23954217094143,0,0
19.51743535176468,187.5337703821885,-197.72296063677229,0,0
19.22726448379817,187.88667947913711,-198.13781052977032,0,0
17.53760422001672,189.65722222124217,-198.4190041523892,1,0
18.3299032171217,188.8951361609668,-198.4288385668436,0,0
17.767286797996146,189.46296367042743,-198.8569813182395,0,0
18.05059745346569,189.18348644261587,-198.706296286908,0,0
18.296441023085432,188.9340974370974,-198.8454095109194,0,0
17.178040355343505,189.96223708835527,-198.3921475491697,0,0
18.901172169589085,188.26858304412272,-198.48466609524075,0,0
18.5887738567905,188.61941217356056,-198.78886992409764,0,0
18.885415335312363,188.279255285652,-198.9992089209702,1,0
19.895023580447045,187.023435169144,-197.89601976965383,0,0
19.56779961302733,187.4472485240168,-198.3985157032115,0,0
19.19478499912205,187.91096143537345,-198.7903596019584,0,1
22.105870441631435,181.09871635251417,-199.39065904085228,0,0
22.1325670931,180.339316212,-199.521455978,0,0
19.11637241800102,187.98912647819745,-199.40705837581112,0,0
17.379899530346375,189.81829379301263,-198.878112233256,0,0
16.96412669307701,190.16647479551511,-198.8547131578621,0,1
18.78486961268796,188.38904764766804,-199.4266926644277,0,0
18.62735113182508,188.57375228212857,-199.1858289845774,0,0
18.07021001762854,189.17254256643488,-199.24398829262825,0,0
18.41623383904309,188.8074836141056,-199.12793550777383,0,1
17.641313960413996,189.59825652884467,-199.36156740786387,0,1
20.293813613498628,186.4258938203997,-198.0883934195143,0,0
19.95732064562261,186.892458881738,-198.707972727916,0,1
20.70664314253101,185.7252451451924,-198.3009920256701,0,0
20.370208978421324,186.2386545825626,-198.94000066477847,0,0
22.01056926328789,181.9568821277801,-199.22742886458727,0,0
19.53339849399313,187.45761188595165,-199.20976578531875,0,0
20.007886150785648,186.7594195390325,-199.52499866929176,0,0
17.200308157410802,190.0029800378135,-199.41369841338565,0,0
16.715433560287085,190.4028904008485,-199.3757393610848,1,0
21.51060673540269,183.9416048426411,-198.78372265656324,0,0
21.818629242984173,182.91856248508665,-199.02434831308875,0,0
21.19733621252613,184.57736286703084,-199.4978274151669,0,0
21.120426646005235,184.90242894010288,-198.5338412730093,0,0
20.797945606496626,185.45453281834065,-199.225748715185,0,0
13.8893861076,191.423391618,-195.75274100500005,0,0
13.97824702375637,191.4148791979858,-195.89622695742392,0,0
14.05756634155716,191.3792123861269,-195.7998056226592,0,0
13.965265130021477,191.4355097442115,-196.0363915259651,0,0
14.109816165983592,191.3809262336272,-195.95638753452045,0,0
13.957325276949668,191.4607724950441,-196.227615181505,0,0
14.247496209507132,191.323044847181,-195.85398558259905,1,0
14.305037345783154,191.3270845447921,-196.0714013319548,0,1
14.144538630883762,191.39245394629995,-196.1577069188152,0,0
13.94606456258944,191.4909442050805,-196.45214311890777,0,0
14.098219138360244,191.42787890339383,-196.33342386049085,0,0
14.46178651673979,191.2524415416582,-195.91630003924496,0,0
14.323419760383134,191.3471933354933,-196.3215604292604,0,0
14.703323563206482,191.16458733064303,-195.98789387400663,0,0
14.521387304592956,191.2556957849354,-196.166324213383,0,0
14.974910639892563,191.0565026658673,-196.0699192613358,0,0
14.776873197854655,191.1623518957992,-196.2787510799992,0,0
14.17537876770211,191.4263997168304,-196.55990125069025,0,0
13.929423050192344,191.52021146328045,-196.65572824893616,0,0
15.067483039575354,191.04588126916863,-196.39520889519247,1,0
14.397434019951373,191.3455806014856,-196.57444409581444,0,0
14.332892329608022,191.3879366808383,-196.7444777834364,0,0
15.279340047137335,190.9259718095651,-196.1634005753451,0,0
14.575922404675202,191.26339338842067,-196.45945123070723,0,0
14.578668093994764,191.29214363855507,-196.7576469957648,0,0
14.831966462971971,191.1689825676088,-196.5892354434282,0,0
14.87862943806408,191.18037309111,-196.9028966548061,0,0
14.141666331096902,191.4695360541497,-196.84562298027865,0,0
14.38723118318739,191.39204440897785,-196.9849646025989,0,0
13.897908233642983,191.5610358129865,-196.91727307388675,0,0
14.122893753471148,191.5050063061048,-197.1079400687608,0,0
14.61678325694683,191.31171958322875,-197.09818243476104,0,0
15.392705616368042,190.90574690854703,-196.52043559039151,0,0
15.619432571846422,190.7689410675776,-196.26967019896605,0,0
15.12305054966761,191.05413029574527,-196.73479738366203,0,0
15.746276159235135,190.7396830624855,-196.6372037242629,0,1
15.994993563320245,190.5810754535731,-196.3893925981361,0,0
17.42412107713505,189.6799166470695,-197.0782041362024,0,0
17.348342618595797,189.7251421309261,-196.85014948163155,0,0
17.592965510513313,189.5332412496801,-196.9394595821104,0,0
17.173585308388585,189.87308529512904,-197.03833163118657,0,0
17.07450527400943,189.9252039121393,-196.752515081758,0,0
16.499718360555846,190.32591605412227,-196.85274666907029,0,1
16.388416490567952,190.36402268877728,-196.518128648076,0,0
16.756965100194684,190.1387916535853,-196.6423152370785,0,0
16.848764559791167,190.1084439912664,-197.0247014043001,0,0
17.7783606518,189.378982068,-197.008713501,0,0
17.35404070708089,189.7528010216589,-197.3399564089363,0,0
15.170929198535696,191.06919271077487,-197.08514289226045,0,0
14.891882986085964,191.20525869009907,-197.18924562580648,0,0
14.399448485846625,191.42042719577984,-197.2941559625146,0,0
13.86000438778806,191.6076366091884,-197.20823009242147,0,0
13.811144577061752,191.66320182766265,-197.537441720177,0,0
14.117340753675236,191.54364277192747,-197.4353541468537,0,0
14.733260202605123,191.30364311250185,-197.45965153185767,0,0
14.437017280378235,191.44741512159413,-197.65682464290805,0,0
13.756592441980668,191.7260916655439,-197.89541923008352,0,0
15.460541437107103,190.90848656703747,-196.86961712777244,0,0
15.840607931745293,190.7292044056572,-197.0187355496164,0,0
16.122296882919095,190.54545885764705,-196.75861775507096,0,0
16.22811252235802,190.51823270895457,-197.10814775050463,0,0
16.56341821927499,190.3160778012573,-197.18976247729648,0,0
17.099461774808553,189.94796474112871,-197.2959484903517,0,0
17.18732501755559,189.90348212441648,-197.6183713324893,0,0
15.500729031984749,190.9313136880401,-197.2583032655864,0,0
16.392726337240116,190.4557379216472,-197.49866426581903,0,0
16.819677106140496,190.17169430381568,-197.5333728915384,0,0
15.12728453309599,191.13707432114205,-197.50150451125205,0,0
14.106503852449316,191.5903271816578,-197.7959300293611,0,0
14.818043262841956,191.3080457887701,-197.7850203036081,0,1
14.46183306372559,191.4814561041196,-197.99980489014632,0,0
15.92840951839854,190.733297277482,-197.4994795892436,0,0
15.496196206974927,190.9796780249232,-197.64949893896275,0,0
14.076362666771656,191.6490655937964,-198.162242757984,0,0
13.689048912467886,191.80303665830908,-198.2983985155753,0,0
16.991082891543595,190.07980858892128,-197.9610989268188,0,0
16.205204918342897,190.6084432625753,-197.844416735532,1,0
16.56524421109024,190.3858760971196,-197.9485615294912,0,0
16.263299710629173,190.6215112142065,-198.3057772295052,0,0
13.615414820557277,191.8962794271337,-198.7505146179936,0,0
15.24111519410906,191.1447445894541,-197.97538741986693,0,0
14.88425876595822,191.3350128817385,-198.1914697168457,0,0
14.47785957316028,191.5291336464697,-198.3785129019329,0,0
14.063317562707768,191.7122066091917,-198.55986770528648,0,0
15.755735016146966,190.89738985748068,-198.08579314687384,0,0
14.057512985031796,191.81448378786453,-199.15775339370188,0,0
16.726352955768892,190.31264033211656,-198.39567954750217,0,0
16.4807145513829,190.529417918208,-198.8310805291974,0,1
15.93157485732224,190.8787918744422,-198.7512264946191,0,0
13.47520923759612,192.029884268927,-199.25604105230985,0,0
14.485735902795708,191.5900212757425,-198.78780477361343,0,0
15.29376771043578,191.21306912148967,-198.6534850768481,0,0
14.802858127427587,191.43214715414683,-198.61292488726744,0,0
15.515233853388784,191.1863266911996,-199.26132359384968,0,0
14.886366810564354,191.49260894698173,-199.22365622009576,0,0
14.48241130384642,191.65920655387671,-199.19234664052968,0,0
16.148667894686422,190.8123537741602,-199.33944824002805,0,0
22.1325670931,180.339316212,-199.521455978,0,0
-1.02633110689,178.55344526,-194.33039525,0,0
-1.0654087851635214,178.7565810800035,-194.2878460428465,0,0
-1.1747193447390798,178.88127623116787,-194.4654100662815,0,0
-1.1035643688383638,178.98116642547834,-194.24199891745684,0,0
-1.2956063081716267,179.00305592549134,-194.6625402577415,0,0
-1.1395847554070224,179.23561533802967,-194.19176238118496,0,0
-1.2228578666454863,179.12451039008783,-194.43667805863865,0,0
-1.1697176925603534,179.52404861530007,-194.1373494792404,0,0
-1.275647812268359,179.41755410152015,-194.41151549270828,0,0
0.5022661058098689,185.17706298863067,-193.6066574023818,0,0
0.6399946999739999,185.387481337,-193.604781979,0,0
0.4841030265428998,185.3250467327188,-193.8171146773547,0,0
-1.4357072607973258,179.15855741886665,-194.8721951990751,0,0
-1.188464750214606,179.85089607081733,-194.0793360820645,0,0
-1.3316559541091335,179.7834483878892,-194.39320587777752,1,0
-1.348307922681262,180.11363908308834,-194.34346358129017,0,0
-1.4967618368683262,179.99277787794293,-194.66074147478147,0,0
-1.3619099120719391,179.30169262958424,-194.6482948562528,0,1
-1.4220613601060113,179.634514857234,-194.6294023940597,0,0
-1.5197119596212918,179.4871774459559,-194.88410237844184,0,0
-1.5608342688597725,179.7556510774024,-194.85835624069472,0,0
-1.18909038671,180.222581671,-194.01826371,0,0
-1.4850442724603223,180.3172488891637,-194.5694244588724,0,0
-1.171173886044249,180.55820799459448,-193.9674929386784,0,0
-1.2559265745930823,180.7065858409779,-194.12239325771185,0,0
-1.1336781409981316,180.92914638805496,-193.91557033098744,0,0
-1.3790143314653431,180.4948924523333,-194.35189330053788,0,0
-1.5529180880217794,180.65339750249203,-194.65774123707268,0,0
-1.415329880678666,180.92380539478103,-194.4141562303112,0,1
0.1614089289992213,184.6153725731293,-193.61801700522585,0,0
0.3343972380256461,184.9077397500507,-193.6110557159768,0,0
0.0960280417263736,184.79273187264027,-193.9193002394024,0,0
-0.0369157029636349,184.49497657107943,-193.85544979674103,0,0
-0.025571380961902,184.2824370027001,-193.62831455897305,0,0
0.2952567252456177,185.11041036081025,-193.90751134054585,0,0
0.029131686978568,184.976320984775,-194.20443373815093,0,0
0.4003753109159707,185.3782642818235,-194.02052052571847,0,0
-1.6350429064063483,180.31394414050203,-194.8460808733317,0,0
-1.601776262622277,179.33486956845576,-195.11199258337328,0,0
-1.6663994176884935,179.6777440431003,-195.08611085167504,0,0
-1.675900896278078,180.00470396444462,-194.9934857494076,0,0
-1.8308362401203104,179.9152605442751,-195.29681229545184,0,0
-1.760361335151115,180.7236447301648,-195.01345292395936,0,0
-0.6716785818989376,183.2842205344532,-193.94332330906025,0,0
-0.6440058517743346,182.9687224656399,-193.6972135464292,0,0
-0.4363916844562784,183.46899163819853,-193.6643712147936,0,0
-0.5149983430342382,183.68848717382764,-193.96439587701207,0,0
-0.2262307091752479,183.90305767807203,-193.64298453679032,0,0
-0.2752545515634313,184.18652050189783,-193.97419432591084,0,0
-1.2482123393551257,181.1538474738968,-194.14423357588203,0,0
-1.073636669022539,181.3381276385178,-193.86275050531327,0,0
-1.608304194227666,181.10197632534224,-194.75761349361804,0,0
-1.203979765514098,181.64037157839343,-194.1618225579657,0,0
-0.9869330857196646,181.787938591684,-193.8095484649946,0,0
-1.4210595881477208,181.3984556648936,-194.48024354636496,0,0
-1.818895426239784,181.11151126840056,-195.1038541996849,0,0
-0.1605901163336975,184.59275706754696,-194.1466033655473,0,0
-0.2624207461351693,184.79621398654072,-194.46894983793504,0,0
6.107840951296077,191.1158273173577,-196.5324919499911,0,0
-0.6296169345974153,183.9148927877112,-194.307343254666,0,0
-0.8149804208358091,183.42990555040348,-194.2668131490286,0,0
-0.9290551456677316,182.8581525754226,-194.13782620754043,0,1
-0.8337459881399417,182.39216256415216,-193.7468008115707,0,0
5.749356451469236,190.97609272418725,-196.4726865751584,0,0
5.888252624234912,191.2246999616804,-196.84985411235087,0,0
0.203331414360441,185.3147026695379,-194.26467254318223,0,0
-0.0721752308636919,185.1878818998773,-194.5403905380232,0,1
0.1403628205163697,185.5564228412141,-194.5829406606756,0,0
0.0257834190620868,185.8084329514909,-194.9487291011835,0,0
-1.7792747993817395,179.52192731168358,-195.355209179463,0,0
-1.848213551300251,180.34562144384387,-195.21335605997064,0,0
-1.688307369166818,181.5993807415995,-194.95170016690173,0,0
-1.995151866794976,179.74547942455166,-195.63643082438227,0,0
-2.067481991853529,180.2516007525573,-195.59456200488705,0,0
-2.040161605707876,180.81402196830552,-195.45965447308183,0,0
-2.012067996169097,181.40973940296567,-195.41842840612256,0,0
-1.370592983987903,181.95918864544151,-194.53140145098496,0,0
-1.1017054388946723,182.20156428551627,-194.15643613000069,0,0
-1.1344441877628757,183.15550927661928,-194.61408539336267,0,1
-0.992255397910818,183.69354372821724,-194.68947646617244,0,0
-0.4513413523543158,184.3920491093612,-194.40759468658948,0,0
-0.8070088797978358,184.2158832587768,-194.7640372776504,0,0
-0.5820018062288947,184.6509270772471,-194.7780973725544,0,0
-0.1835897508442303,185.42900862904563,-194.88431600100336,0,0
-0.3732732302312906,185.0631265810684,-194.82692830599288,0,0
-0.6372301982440612,184.96158074429624,-195.06775402402783,0,0
0.2561003774467402,186.1964178536832,-195.0205429001584,0,0
0.4992196490646757,186.64155386540068,-195.15859504386444,0,0
-1.6078331384629805,182.28750267849924,-194.9983472587636,0,0
-1.2631329247477383,182.56595941092493,-194.5644420822832,1,0
-1.4857520956170769,182.90304075145207,-195.0276238754004,0,0
5.359809772859271,191.09221789504835,-196.8897083880772,0,0
5.550213461622232,191.3664165083146,-197.25784636328348,0,0
5.253348485668183,190.81019376876668,-196.4658127875993,0,0
4.690772789557125,190.58144395036817,-196.4250751387769,0,0
4.782562519177569,190.9103899165114,-196.8962961758836,0,0
4.937956863607515,191.225106834804,-197.3111429184665,0,0
4.151825895609334,190.2965905426808,-196.32499274045048,0,1
3.612428182308126,189.9661496942705,-196.2069985049384,0,0
3.616469195156923,190.30313712309493,-196.67172632890816,0,0
-0.5047811935092019,185.32126121182168,-195.17361216191787,0,0
-0.320039955870785,185.7275692510184,-195.2716179128851,0,0
-0.1112638993336261,186.07000483540665,-195.3150562171137,0,0
0.1235854891514763,186.4103310824912,-195.3493959863316,0,1
-1.9506815988192865,182.0575026463952,-195.4277587933657,0,0
-2.3079576074945254,181.1820231041713,-195.83632833022804,0,0
-1.842730023691638,182.67216111236863,-195.43807609693968,0,0
-2.2548497107731564,180.00265239656378,-195.95935679379127,0,1
-2.3064744082222908,180.5413901178929,-195.89800946867223,0,0
-2.5431556317568007,180.26985166555363,-196.3026017148889,0,0
-0.5957837020759867,185.5825243755233,-195.4552029167592,0,0
-0.9390001524624264,184.61682082567032,-195.18791990219603,0,0
-1.7154161453533658,183.2778444426676,-195.4706941691313,0,0
-1.1598354492480525,184.04648776288653,-195.11480741113573,0,0
-1.3353942768943383,183.48338025858533,-195.0574214565598,0,0
-1.5575341391395066,183.8549267093132,-195.50691423353263,0,0
-0.916229071710099,185.1398307491974,-195.4930960645153,0,0
-1.2248795485782242,184.81632271340607,-195.62236506135736,0,0
-1.3684267414943363,184.38035947298863,-195.54139572564,0,0
-2.248186853243203,181.8451357057328,-195.79308110315225,0,0
-2.224150457872541,182.4424371100834,-195.8637551866512,0,0
-2.109888412086612,183.02702048504585,-195.86909014853725,0,0
-1.9601074099325992,183.67840674744403,-195.9009762735734,0,0
1.0873031057052844,187.5937818222461,-195.47439464660067,0,0
0.2014637744560184,186.8541731652292,-195.6448261615043,0,0
-0.010171505491281,187.19096044542204,-196.098927108643,0,1
0.5284984731650219,187.4298584356937,-195.8428554979584,1,0
0.7414891158920875,187.08726176818067,-195.3258646832473,0,0
5.1445648595899565,191.56307284343512,-197.74373095591983,0,0
4.720208329433028,191.8163363133501,-198.2622812707021,0,0
4.07762700798466,190.6541934217736,-196.8929005636028,0,0
3.5774445882896453,190.5904372264065,-197.07296956924657,0,0
4.423038679822428,191.39898176074783,-197.78097049962489,0,0
4.264072792184391,191.04963124873285,-197.35715464573488,0,0
3.764359135842665,190.84882462938683,-197.315088281289,0,0
3.0923458684227927,189.61102151476624,-196.09209654478448,1,0
3.04132693990106,190.0087861065214,-196.643078323428,0,1
3.23541129204718,190.3828143183276,-196.99433743233223,0,0
1.5044346110332405,188.1348386181313,-195.6324532813328,0,0
1.984428147675224,188.676008753048,-195.80505215948915,0,0
2.553357268750921,189.18633545925044,-195.95508886859665,0,0
0.8682949374639237,188.01053430922843,-196.0755342333839,0,0
3.1963091102636745,190.75753064725208,-197.46743062829648,0,0
3.7230862064454993,191.1954313094301,-197.77519692809025,0,0
3.8981902338894,191.63157603856408,-198.263429525035,0,0
-0.211406053475112,186.41378362873647,-195.67961498791288,0,0
-0.4996698378539397,185.986255347097,-195.64122697178792,0,0
-1.311260513838936,185.22511809623484,-195.93628772773897,0,0
-0.2403394313746421,186.77417873116173,-195.97471665386595,0,0
-2.589235733654879,180.8917924860462,-196.24199872841004,0,0
-2.5902708762188875,181.56358786355096,-196.2129825610197,0,0
-2.492268849354662,182.092891398724,-196.1322600616988,0,0
-2.889802245684916,180.5924584168326,-196.6911795732565,0,0
-0.6871789669296686,186.40087143348217,-196.0922455282385,0,0
-0.9922007204781446,185.7137160126194,-195.9230349337228,0,0
-1.4562573696572174,185.6139159358634,-196.27818864819383,0,0
-1.276812767336201,186.1302103790527,-196.4124106445742,0,0
-1.5820438379880948,184.70971745326707,-195.93281882045267,0,1
-1.8095686706155,184.22129549755533,-195.9457090830908,1,0
-0.5037690414230139,186.96692406290688,-196.32657496849964,0,0
-0.3124508673123657,187.3613391885776,-196.45972746401804,0,0
-0.7369419765869188,187.3243433765664,-196.7385070816154,0,0
0.1702343701612724,187.76853484259647,-196.411520647004,0,0
-0.3693859709411261,187.69774225918428,-196.7399318046255,0,0
-2.324990713623881,183.41966120481635,-196.2171531968556,0,0
-2.611220016757379,182.7576228403074,-196.3728772986363,0,0
-2.3180901008509163,184.0370364251727,-196.3950213742644,0,0
4.239718055042212,192.12577482326304,-198.80182789722792,0,0
2.489267216636383,189.6740970628426,-196.59578902703203,0,0
2.5631918739389445,190.2559673728832,-197.21376523192623,0,1
1.3107674075158604,188.5984352258793,-196.28122023738217,0,0
1.8814126713284955,189.1670228684132,-196.44361392757497,0,0
0.5933616396422908,188.4585586728128,-196.67585195918656,0,0
-0.7821795719409996,187.8863501582878,-197.13664504957487,0,0
-0.1391731165890228,188.20793422404407,-196.9574084528476,1,0
2.430537285057834,190.8701417981336,-197.93316999344265,0,0
3.1840065899524053,191.32259838782576,-198.1252755964771,1,0
3.3491958745748924,191.9088244841486,-198.741228442017,0,0
-1.7804927233964396,185.2208451318058,-196.364559645028,0,0
-3.3165400981885567,180.9713108800169,-197.145391109965,0,0
-2.9596596564185247,181.3335109888683,-196.6734132482942,1,1
-2.869136043570752,182.0603329960716,-196.5707257452398,0,0
-3.221033364602772,182.61720821328407,-196.99498932069324,0,1
-3.337549029631123,181.7647569276861,-197.0888802863715,0,0
-0.6482975446836948,188.45749808792465,-197.43707231002435,0,0
-1.0778343358551912,186.77741306957947,-196.6382405113292,0,1
-1.835603965100535,185.8081602159638,-196.69150697945403,0,0
-1.688061666083987,186.488685926438,-196.92180429983063,0,0
-1.430054631950651,187.30716047759628,-197.1928693375013,0,0
-2.0934188597674344,184.6558545277014,-196.40305299061205,0,0
-2.8844335088574486,183.5419976038021,-196.81050730717504,0,0
-1.4518618445734406,188.09641919621487,-197.66348167161527,0,0
-1.1855982610560425,188.70592657573025,-197.88866673658967,0,0
-2.736031322412538,184.52735390576208,-196.935182621198,0,0
-2.360257220226939,185.25008396839897,-196.87129069397207,0,0
-3.779978794954765,181.3416837774241,-197.61514864198884,0,1
3.6747970831904895,192.4913711315059,-199.3492020318728,0,0
1.790655643638685,189.73238986123488,-197.09482669989703,0,0
1.731458453737932,190.33440571659432,-197.71730068794847,0,0
1.6527807915995678,191.0253500055,-198.39695124570315,0,0
0.8902150752147312,189.7383113000172,-197.5904661580177,0,1
1.128222840271344,189.13039706737808,-196.916457273436,0,0
0.1758663042375072,189.0317812600507,-197.3932383260292,0,1
0.8687074177124768,190.4272569362712,-198.18529696089547,0,0
-0.0837150136407184,189.84134181650447,-198.13448761397007,0,0
-0.5847852131256666,189.0999199817876,-197.8411491926108,0,0
2.4826560525873136,191.54377296287032,-198.5992755396704,0,0
1.6816115397584297,191.8145453032845,-199.10603948958203,0,1
0.7853680515660874,191.24235520934025,-198.8948907939872,0,0
2.688114383884891,192.2465259715271,-199.25810425775865,1,0
-3.651755610818465,183.24658297206668,-197.47737440224927,0,0
-3.792970393504686,182.26571317142543,-197.5576416595497,0,0
-4.336565273060624,181.8052527375348,-198.14035784238607,0,0
-2.5146380419485985,186.14538996775448,-197.35434538049384,0,0
-2.0485108687002604,186.91686433505524,-197.38835859504948,0,0
-2.5883848802749694,186.95282446100703,-197.75439362859967,0,0
-2.109567115969334,187.5928094756452,-197.76754633359147,0,1
-4.349364430741126,182.8562139286309,-198.0914376011129,0,1
-3.4324330467703312,184.25080230918644,-197.4565732932604,1,1
0.1631555932603784,190.6371795765929,-198.63473991553724,0,0
-1.2755787607351408,189.5890421027185,-198.48816035043288,0,0
-0.5793713485247974,190.4081026716256,-198.7496648653876,0,0
-2.1040085866490306,188.5836452047539,-198.2882069768944,0,0
-0.3430560071852344,191.3213368597333,-199.32542917957508,1,1
-3.104329483387272,185.3150881151388,-197.48249435752783,0,0
-3.4173356243999127,186.43286053514203,-198.0830910664517,0,0
-2.479793574941972,189.72820822061087,-199.0920589784201,0,0
-4.215069852079094,183.98233602206005,-198.05954724755696,0,0
-5.003352739429536,183.5096877012033,-198.67981426380027,0,0
-4.991305876536417,182.3243895562709,-198.72011241989603,0,0
-3.039307456446104,187.5961584469121,-198.31138322773108,0,0
-4.006691275411762,187.41850874017112,-198.80286380857703,0,1
-4.869742800279028,184.8183037782656,-198.6972651322424,0,0
-3.951245896185628,185.192462867891,-198.08484043577133,0,0
-1.5164798795388374,190.66270247311047,-199.2715986890404,0,1
-3.4194634572247287,188.59793201861555,-198.9621289112421,1,0
-4.520942665363004,186.15085281161728,-198.72896445416072,0,0
-4.613674208200671,188.54279350555785,-199.5570572367052,0,0
-5.258493524383582,187.3111365648972,-199.51429007408728,0,0
-5.599585757272168,185.7178267758491,-199.3731962045027,1,0
-5.755921615820793,182.9097224342516,-199.35877503867067,0,0
-5.769078685653165,184.25832089209536,-199.3346616540284,0,1
