x_mm,y_mm,z_mm,local_ood_pct_vs_holdout_P1,local_ood_pct_vs_holdout_P2,local_ood_pct_vs_holdout_P3,local_ood_percentile_median_pair,local_ood_percentile_mean_pair,local_ood_percentile_max_pair,local_robust_OOD95,local_robust_OOD99
-21.609682720884937,177.84178399631455,-239.2833522556361,0.7327554633133927,0.9397058823529412,0.9950046831095848,0.9397058823529412,0.8891553429253062,0.9950046831095848,0,0
-21.13202155330008,176.608153916,-238.568877284,0.7323892076669515,0.9398529411764706,0.9984389634717452,0.9398529411764706,0.890227037438389,0.9984389634717452,0,0
-21.22410305611573,178.14527707655492,-238.20609415284304,0.7327554633133927,0.9405882352941176,0.9968779269434904,0.9405882352941176,0.890073875183667,0.9968779269434904,0,0
-21.75598619573492,176.9006196658584,-240.0143550775405,0.7328775485288731,0.9395588235294118,0.9946924758039338,0.9395588235294118,0.8890429492874062,0.9946924758039338,0,0
-20.74426481453768,181.90762238929457,-237.6265963407071,0.7322671224514711,0.9444117647058824,0.9962535123321886,0.9444117647058824,0.8909774664965141,0.9962535123321886,0,0
-20.770843410919767,180.8637167134351,-237.1505469768421,0.7322671224514711,0.9427941176470588,0.9981267561660943,0.9427941176470588,0.8910626654215413,0.9981267561660943,0,0
-20.29767425170012,182.000761816,-236.51353586099992,0.7320229520205103,0.9460294117647059,0.9993755853886981,0.9460294117647059,0.8924759830579715,0.9993755853886981,0,0
-20.31017800359561,182.8913173147529,-237.23992031190585,0.7323892076669515,0.9454411764705882,0.9968779269434904,0.9454411764705882,0.8915694370270101,0.9968779269434904,0,0
-21.30785220942792,181.0713601339272,-238.63301423743107,0.7327554633133927,0.9460294117647059,0.993131439275679,0.9460294117647059,0.8906387714512592,0.993131439275679,0,0
-21.104002250452016,179.55060677776245,-237.73558707809576,0.7323892076669515,0.9422058823529412,0.9968779269434904,0.9422058823529412,0.8904910056544612,0.9968779269434904,0,0
-21.661958404803656,179.28898005050252,-239.1781732875956,0.7323892076669515,0.9410294117647059,0.9928192319700281,0.9410294117647059,0.8887459504672285,0.9928192319700281,0,0
-22.06972291632373,178.2755365973593,-240.3562271326072,0.7333658893907947,0.9397058823529412,0.9884483296909148,0.9397058823529412,0.8871733671448835,0.9884483296909148,0,0
-22.3274931920822,177.2072000308211,-241.3460604903924,0.7327554633133927,0.9389705882352941,0.986575085857009,0.9389705882352941,0.8861003791352319,0.986575085857009,0,0
-20.155092088005446,183.9454309401001,-237.93636387770297,0.7325112928824319,0.9469117647058823,0.9956290977208867,0.9469117647058823,0.8916840517697336,0.9956290977208867,0,0
-19.757067781000057,185.16280016600004,-238.537725732,0.7333658893907947,0.9480882352941177,0.993131439275679,0.9480882352941177,0.8915285213201972,0.993131439275679,0,0
-20.58043976622162,183.84788914829625,-239.04428442455549,0.7340984006836772,0.9494117647058824,0.9890727443022167,0.9494117647058824,0.8908609698972588,0.9890727443022167,0,0
-20.511343466272667,184.53325231944748,-239.8414143454662,0.7339763154681967,0.9488235294117647,0.9828285981891977,0.9488235294117647,0.8885428143563864,0.9828285981891977,0,0
-20.885652405906686,182.63488828893293,-238.56707706513657,0.7333658893907947,0.9479411764705883,0.9928192319700281,0.9479411764705883,0.8913754326104703,0.9928192319700281,0,0
-21.55446162318146,182.03218181140096,-239.8853441502285,0.7333658893907947,0.9483823529411765,0.9828285981891977,0.9483823529411765,0.888192280173723,0.9828285981891977,0,0
-21.145696554149765,183.29394397050024,-239.9862018672321,0.7339763154681967,0.9486764705882353,0.980643147049641,0.9486764705882353,0.8877653110353577,0.980643147049641,0,0
-21.937202219569475,180.6604530355423,-240.133495131136,0.7331217189598339,0.9477941176470588,0.9825163908835467,0.9477941176470588,0.8878107424968132,0.9825163908835467,0,0
-22.26154728641355,179.46920695052594,-240.7565722215684,0.7333658893907947,0.9469117647058823,0.98033093974399,0.9469117647058823,0.8868695312802224,0.98033093974399,0,0
-22.413901211114933,180.4427800181964,-241.3522000654086,0.7332438041753143,0.9488235294117647,0.9765844520761786,0.9488235294117647,0.8862172618877526,0.9765844520761786,0,0
-23.3688677615354,178.76005697972684,-243.7741110580844,0.7333658893907947,0.9475,0.9781454886044333,0.9475,0.8863371259984093,0.9781454886044333,0,0
-23.24907332324713,177.8664116637359,-243.5728747607424,0.7323892076669515,0.9395588235294118,0.9784576959100842,0.9395588235294118,0.8834685757021492,0.9784576959100842,0,0
-22.98682818616664,178.58666116261745,-242.73901735617056,0.7326333780979123,0.9427941176470588,0.9775210739931315,0.9427941176470588,0.8843161899127008,0.9775210739931315,0,0
-22.824825829605206,177.53245286430558,-242.5299739234703,0.7323892076669515,0.9395588235294118,0.98033093974399,0.9395588235294118,0.8840929903134511,0.98033093974399,0,0
-22.58412637911783,178.39888169526452,-241.684545309596,0.7328775485288731,0.94,0.9790821105213862,0.94,0.8839865530167531,0.9790821105213862,0,0
-22.74215771849702,179.57196926122333,-242.06230647230225,0.7331217189598339,0.9488235294117647,0.9768966593818296,0.9488235294117647,0.8862806359178094,0.9768966593818296,0,0
-21.19318273960406,183.96826417691736,-241.03057038967904,0.734342571114638,0.9492647058823529,0.9762722447705277,0.9492647058823529,0.8866265072558396,0.9762722447705277,0,0
-22.11302416561033,181.5550893446648,-241.0887110208712,0.7334879746062751,0.9488235294117647,0.9762722447705277,0.9488235294117647,0.8861945829295225,0.9762722447705277,0,0
-21.714098277937293,182.7584529056529,-241.01807085329744,0.734342571114638,0.9491176470588235,0.9759600374648767,0.9491176470588235,0.8864734185461126,0.9759600374648767,0,0
-22.71193296552345,180.5273746199306,-242.21539163065,0.7328775485288731,0.9488235294117647,0.974086793630971,0.9488235294117647,0.8852626238572029,0.974086793630971,0,0
-23.607769070111228,178.1910736875228,-244.4938323422992,0.734342571114638,0.9410294117647059,0.98033093974399,0.9410294117647059,0.8852343075411113,0.98033093974399,0,0
-22.485690741614707,181.31948888430955,-241.9917320955585,0.7329996337443535,0.9486764705882353,0.97377458632532,0.9486764705882353,0.885150230219303,0.97377458632532,0,0
-23.67922776301333,179.03114212447215,-244.64680700505247,0.73495299719204,0.9494117647058824,0.9775210739931315,0.9494117647058824,0.8872952786303513,0.9775210739931315,0,0
-23.118743445903004,179.46921090082725,-243.0952164742719,0.7329996337443535,0.9488235294117647,0.9772088666874805,0.9488235294117647,0.8863440099478662,0.9772088666874805,0,0
-23.446047295665405,179.6649433793786,-244.0559138304248,0.7338542302527163,0.9494117647058824,0.9762722447705277,0.9494117647058824,0.8865127465763755,0.9762722447705277,0,0
-22.95129291099792,180.20972121030053,-242.78005908862127,0.7328775485288731,0.9488235294117647,0.9743990009366219,0.9488235294117647,0.8853666929590865,0.9743990009366219,0,0
-22.18408060178698,182.33432002124133,-241.952970457664,0.7332438041753143,0.9486764705882353,0.97377458632532,0.9486764705882353,0.8852316203629566,0.97377458632532,0,0
-21.78187824198337,183.4529967418221,-242.08198021002457,0.7332438041753143,0.9488235294117647,0.974086793630971,0.9488235294117647,0.8853847090726834,0.974086793630971,0,0
-22.28128220197741,182.96538542299464,-243.0061535810012,0.7323892076669515,0.9485294117647058,0.974086793630971,0.9485294117647058,0.8850018043542094,0.974086793630971,0,0
-22.85953211751394,180.99844019317345,-242.87671399452205,0.7325112928824319,0.9486764705882353,0.974086793630971,0.9486764705882353,0.8850915190338794,0.974086793630971,0,0
-23.208949710926536,180.36559696336363,-243.5816480408875,0.7328775485288731,0.9488235294117647,0.9743990009366219,0.9488235294117647,0.8853666929590865,0.9743990009366219,0,0
-23.907005624880824,178.49912406617491,-245.3113470954748,0.7351971676230008,0.9469117647058823,0.9781454886044333,0.9469117647058823,0.8867514736444387,0.9781454886044333,0,0
-22.62795464365586,181.95577671085232,-242.9166948353336,0.7325112928824319,0.9482352941176471,0.974086793630971,0.9482352941176471,0.8849444602103499,0.974086793630971,0,0
-23.078606378270244,181.4140332571636,-243.8349372733533,0.7327554633133927,0.9482352941176471,0.9715891351857634,0.9482352941176471,0.8841932975389343,0.9715891351857634,0,0
-22.7063150094479,182.5134094937476,-243.8199987050968,0.7323892076669515,0.9477941176470588,0.9715891351857634,0.9477941176470588,0.8839241534999246,0.9715891351857634,0,0
-23.94548957780676,179.2620171658194,-245.4545687749205,0.7353192528384812,0.9494117647058824,0.9759600374648767,0.9494117647058824,0.8868970183364134,0.9759600374648767,0,0
-23.450318908975905,180.5645712828364,-244.4043610469633,0.7338542302527163,0.9494117647058824,0.9709647205744615,0.9494117647058824,0.8847435718443534,0.9709647205744615,0,0
-23.719603690254303,179.8528877202779,-244.9144024044578,0.7350750824075204,0.9494117647058824,0.9719013424914142,0.9494117647058824,0.8854627298682723,0.9719013424914142,0,0
-23.331106457218663,181.3958709208944,-244.6510348753155,0.7334879746062751,0.9486764705882353,0.966906025600999,0.9486764705882353,0.8830234902651698,0.966906025600999,0,0
-24.15059073263204,178.78232351778252,-246.0391494260857,0.7354413380539616,0.9494117647058824,0.9772088666874805,0.9494117647058824,0.8873539898157748,0.9772088666874805,0,0
-23.066326924229443,182.0947232949661,-244.53587949016952,0.7325112928824319,0.9476470588235294,0.96721823290665,0.9476470588235294,0.882458861537537,0.96721823290665,0,0
-23.950426221630583,180.01845744965829,-245.7144602972133,0.7354413380539616,0.9494117647058824,0.9703403059631596,0.9494117647058824,0.8850644695743345,0.9703403059631596,0,0
-24.15404628690341,179.47256889739123,-246.16361813397404,0.7354413380539616,0.9494117647058824,0.9715891351857634,0.9494117647058824,0.8854807459818691,0.9715891351857634,0,0
-24.344454711796825,179.03719573753938,-246.68978790906303,0.7356855084849224,0.9494117647058824,0.9725257571027162,0.9494117647058824,0.8858743434311737,0.9725257571027162,0,0
-24.142835265562063,179.98700702489123,-246.36085278480945,0.7356855084849224,0.9494117647058824,0.9687792694349048,0.9494117647058824,0.8846255142085698,0.9687792694349048,0,0
-23.5609333845613,181.02512810311543,-245.0973710620746,0.73495299719204,0.9494117647058824,0.9653449890727444,0.9494117647058824,0.8832365836568888,0.9653449890727444,0,0
-23.718681253591143,180.46161054029955,-245.2004209380184,0.7350750824075204,0.9494117647058824,0.9687792694349048,0.9494117647058824,0.8844220388494358,0.9687792694349048,0,0
-23.795773513702105,180.74266519712327,-245.6804095047985,0.7354413380539616,0.9494117647058824,0.9653449890727444,0.9494117647058824,0.883399363944196,0.9653449890727444,0,0
-23.37187613701256,181.708905268816,-245.16898485250977,0.7338542302527163,0.9488235294117647,0.9637839525444896,0.9488235294117647,0.8821539040696568,0.9637839525444896,0,0
-23.6365121779348,181.35113118643733,-245.74107151147035,0.7354413380539616,0.9494117647058824,0.9628473306275367,0.9494117647058824,0.8825668111291268,0.9628473306275367,0,0
-24.32399682993953,179.64334852389507,-246.82026985816032,0.7358075937004028,0.9494117647058824,0.9687792694349048,0.9494117647058824,0.8846662092803966,0.9687792694349048,0,0
-24.45786134035152,179.71422191696416,-247.365695670458,0.7362959345623245,0.9494117647058824,0.9653449890727444,0.9494117647058824,0.8836842294469838,0.9653449890727444,0,0
-24.495041297277933,179.2630791175913,-247.27243573948653,0.7358075937004028,0.9494117647058824,0.9697158913518577,0.9494117647058824,0.8849784165860476,0.9697158913518577,0,0
-24.19515753718741,180.2247371624505,-246.7323594050484,0.7359296789158832,0.9494117647058824,0.9653449890727444,0.9494117647058824,0.8835621442315033,0.9653449890727444,0,0
-24.33660606526992,180.05641999665593,-247.14908461791697,0.7364180197778049,0.9494117647058824,0.9640961598501405,0.9494117647058824,0.8833086481112759,0.9640961598501405,0,0
-24.245464766424824,180.44718854894515,-247.16719025191364,0.7365401049932853,0.9494117647058824,0.9625351233218857,0.9494117647058824,0.8828289976736844,0.9625351233218857,0,0
-24.611645022900003,179.46637434500002,-247.808511386,0.7362959345623245,0.9494117647058824,0.9656571963783952,0.9494117647058824,0.8837882985488673,0.9656571963783952,0,0
-24.511623050048613,179.832146275275,-247.6719550962661,0.7364180197778049,0.9494117647058824,0.9640961598501405,0.9494117647058824,0.8833086481112759,0.9640961598501405,0,0
-24.015469203220285,180.4578872637518,-246.24336109945168,0.7356855084849224,0.9494117647058824,0.9653449890727444,0.9494117647058824,0.8834807540878499,0.9653449890727444,0,0
-24.06941230115389,180.7195714224281,-246.7366698867213,0.7362959345623245,0.9494117647058824,0.9628473306275367,0.9494117647058824,0.8828516766319146,0.9628473306275367,0,0
-23.86741076175565,181.0212414644309,-246.26183908273907,0.7358075937004028,0.9494117647058824,0.9634717452388386,0.9494117647058824,0.8828970345483746,0.9634717452388386,0,0
-24.5506052852,179.955712858,-247.956077029,0.7366621902087657,0.9494117647058824,0.9631595379331876,0.9494117647058824,0.8830778309492787,0.9631595379331876,0,0
-24.40297547065428,180.19643170588824,-247.5671450157897,0.7365401049932853,0.9494117647058824,0.9625351233218857,0.9494117647058824,0.8828289976736844,0.9625351233218857,0,0
-7.131954259573682,163.6436321681723,-231.61817135164648,0.7362959345623245,0.9288235294117647,0.9825163908835467,0.9288235294117647,0.8825452849525454,0.9825163908835467,0,0
-5.6428824013882375,163.717801877898,-233.06482913857863,0.7362959345623245,0.924264705882353,0.9828285981891977,0.924264705882353,0.8811297462112918,0.9828285981891977,0,0
-9.000356345813897,163.99090604123555,-232.0434244618937,0.7359296789158832,0.9310294117647059,0.980643147049641,0.9310294117647059,0.8825340792434101,0.980643147049641,0,0
-6.242830240727177,163.84781802502792,-234.9565128882384,0.7369063606397265,0.9494117647058824,0.9962535123321886,0.9494117647058824,0.8941905458925992,0.9962535123321886,0,0
-7.73821461419782,163.78573834178837,-233.46152757337063,0.7359296789158832,0.9297058823529412,0.9809553543552919,0.9297058823529412,0.8821969718747055,0.9809553543552919,0,0
-8.337721083469923,163.9136832897562,-235.24337300516143,0.7370284458552069,0.9494117647058824,0.9968779269434904,0.9494117647058824,0.8944393791681932,0.9968779269434904,0,0
-6.904522781773369,163.9593876538549,-236.8301274384685,0.7370284458552069,0.9494117647058824,0.9965657196378396,0.9494117647058824,0.8943353100663095,0.9965657196378396,0,0
-7.610074883547746,164.02922221695167,-238.6911543508532,0.7370284458552069,0.9395588235294118,0.9975023415547923,0.9395588235294118,0.8913632036464704,0.9975023415547923,0,0
-8.992218436909234,164.02156103870738,-237.11561006360384,0.7370284458552069,0.9494117647058824,0.9968779269434904,0.9494117647058824,0.8944393791681932,0.9968779269434904,0,0
-10.683721875991912,164.56679014971837,-232.38878025204696,0.7359296789158832,0.9326470588235294,0.98033093974399,0.9326470588235294,0.8829692258278009,0.98033093974399,0,0
-9.718045590059033,164.19371078005074,-233.83114756371728,0.7359296789158832,0.9329411764705883,0.98033093974399,0.9329411764705883,0.8830672650434872,0.98033093974399,0,0
-10.19089445081888,164.29332740035437,-235.6133029422772,0.7358075937004028,0.9333823529411764,0.9793943178270371,0.9333823529411764,0.8828614214895388,0.9793943178270371,0,0
-9.699897670392124,164.09073099016734,-238.90546235874217,0.7370284458552069,0.9395588235294118,0.9975023415547923,0.9395588235294118,0.8913632036464704,0.9975023415547923,0,0
-8.342083846871006,164.03986715029896,-240.54577842778207,0.7370284458552069,0.9388235294117647,0.9971901342491414,0.9388235294117647,0.891014036505371,0.9971901342491414,0,0
-10.432966056629091,164.10683050883912,-240.7471797514291,0.7370284458552069,0.9388235294117647,0.9975023415547923,0.9388235294117647,0.8911181056072547,0.9975023415547923,0,0
-9.10784407438,164.00706458699997,-242.437065417,0.7370284458552069,0.9388235294117647,0.9968779269434904,0.9388235294117647,0.8909099674034874,0.9968779269434904,0,0
-11.241815491643914,164.10068678705446,-242.5526291462727,0.4198510560371139,0.32088235294117645,0.7049640961598501,0.4198510560371139,0.48189916837938024,0.7049640961598501,0,0
-12.238829350764467,165.36853673672698,-232.47619537761872,0.7359296789158832,0.9323529411764706,0.980018732438339,0.9323529411764706,0.8827671175102311,0.980018732438339,0,0
-10.91162640945667,164.42259291929457,-237.3711860355349,0.7370284458552069,0.9395588235294118,0.9978145488604433,0.9395588235294118,0.891467272748354,0.9978145488604433,0,0
-11.651459756200952,164.9274620208273,-234.2225971192535,0.7358075937004028,0.9333823529411764,0.9793943178270371,0.9333823529411764,0.8828614214895388,0.9793943178270371,0,0
-11.710587725355074,164.8064439606274,-236.1215595466361,0.7358075937004028,0.9335294117647058,0.9790821105213862,0.9335294117647058,0.8828063719954983,0.9790821105213862,0,0
-13.037963561973449,165.78684464998767,-233.65848520278809,0.7359296789158832,0.9326470588235294,0.98033093974399,0.9326470588235294,0.8829692258278009,0.98033093974399,0,0
-11.68011371825218,164.5159326967129,-239.10354896602828,0.7370284458552069,0.9388235294117647,0.9975023415547923,0.9388235294117647,0.8911181056072547,0.9975023415547923,0,0
-12.495878100241992,164.5595814592854,-240.89646297772765,0.4702722500305213,0.33,0.7805182641273806,0.4702722500305213,0.5269301713859673,0.7805182641273806,0,0
-13.282877903392388,164.54914813362092,-242.77321870717967,0.39970699548284705,0.2969117647058824,0.6909147674055572,0.39970699548284705,0.46251117586476226,0.6909147674055572,0,0
-13.633261010023714,166.3796406599596,-232.51710935675555,0.7359296789158832,0.9304411764705882,0.980643147049641,0.9304411764705882,0.8823380008120375,0.980643147049641,0,0
-12.681345284337082,165.09793829213237,-237.4786001484601,0.6638994017824441,0.4213235294117647,0.9469247580393381,0.6638994017824441,0.6773825630778489,0.9469247580393381,0,0
-13.200965987758678,165.64488319777846,-235.57931762955133,0.7358075937004028,0.9335294117647058,0.9797065251326881,0.9335294117647058,0.8830145101992656,0.9797065251326881,0,0
-14.203686824638844,166.61732438099884,-234.13884297881165,0.7359296789158832,0.9319117647058823,0.980643147049641,0.9319117647058823,0.8828281968904689,0.980643147049641,0,0
-14.76596013625629,167.46336744302417,-232.6150857564423,0.736173849346844,0.9257352941176471,0.9818919762722448,0.9257352941176471,0.8812670399122453,0.9818919762722448,0,0
-13.559589973101588,165.24385754360364,-239.2741924215251,0.5592723721157368,0.3413235294117647,0.8719950046831095,0.5592723721157368,0.590863635403537,0.8719950046831095,0,0
-14.396841256437812,165.27621019714354,-241.1765640347357,0.4401172018068612,0.3029411764705882,0.7474242897283796,0.4401172018068612,0.496827556001943,0.7474242897283796,0,0
-15.212852241017764,165.26388515026,-243.07093721243564,0.35929678915883284,0.2877941176470588,0.653449890727443,0.35929678915883284,0.43351359917777826,0.653449890727443,0,0
-14.420691715240537,166.09326182639376,-237.53617397437768,0.6352093761445489,0.3785294117647059,0.9328754292850453,0.6352093761445489,0.6488714057314334,0.9328754292850453,0,0
-15.075282469713526,166.9750674085464,-235.99471503434657,0.6811134171651813,0.4361764705882353,0.9562909772088667,0.6811134171651813,0.6911936216540945,0.9562909772088667,0,0
-15.543849312423806,167.95480426056125,-234.19418253051373,0.7359296789158832,0.9285294117647059,0.9815797689665938,0.9285294117647059,0.8820129532157277,0.9815797689665938,0,0
-15.919409252597172,168.9322095539813,-232.6125473785453,0.7383713832254913,0.9494117647058824,0.9993755853886981,0.9494117647058824,0.8957195777733573,0.9993755853886981,0,0
-15.37856922522025,166.24947120767257,-239.5723661513811,0.5015260651935051,0.3289705882352941,0.7880112394630034,0.5015260651935051,0.5395026309639342,0.7880112394630034,0,0
-16.203129317143777,166.24333827622337,-241.50794975848808,0.3964106946648761,0.3247058823529412,0.6746799875117078,0.3964106946648761,0.46526552150984174,0.6746799875117078,0,0
-17.021669296406696,166.2027224216712,-243.4324422240176,0.2981320962031498,0.3225,0.5482360287230721,0.3225,0.38962270830874063,0.5482360287230721,0,0
-16.31362476843284,167.52657083586,-237.9946992114789,0.5640336955194726,0.3966176470588235,0.817046518888542,0.5640336955194726,0.5925659538222794,0.817046518888542,0,0
-16.46010538442555,168.43068245536332,-236.02018393601227,0.6360639726529117,0.4510294117647059,0.9250702466437715,0.6360639726529117,0.6707212103537964,0.9250702466437715,0,0
-16.72143935052029,169.5779406048991,-234.1133791056941,0.7359296789158832,0.9235294117647059,0.9809553543552919,0.9235294117647059,0.8801381483452938,0.9809553543552919,0,0
-16.86240969274017,170.56378919020048,-232.44067393439207,0.7370284458552069,0.9494117647058824,0.9975023415547923,0.9494117647058824,0.8946475173719605,0.9975023415547923,0,0
-17.54809311245858,172.2672411586209,-231.98748230074847,0.7370284458552069,0.9494117647058824,0.9968779269434904,0.9494117647058824,0.8944393791681932,0.9968779269434904,0,0
-17.985017795421616,173.75304757813282,-231.5552605189162,0.7370284458552069,0.9491176470588235,0.9962535123321886,0.9491176470588235,0.8941332017487397,0.9962535123321886,0,0
-17.06698704738526,167.4870750364861,-239.9895592290657,0.4244902942253693,0.40794117647058825,0.679675304402123,0.4244902942253693,0.5040355916993602,0.679675304402123,0,0
-17.850251825308177,167.40437789726843,-241.9242838659373,0.316566963740691,0.4227941176470588,0.5320012488292226,0.4227941176470588,0.42378744340565744,0.5320012488292226,0,0
-18.69004076039246,167.35059783552842,-243.85233005733443,0.7450860700769136,0.9494117647058824,1.0,0.9494117647058824,0.8981659449275986,1.0,0,0
-17.339373405649606,168.9747443436689,-237.3597814821418,0.5265535343669882,0.4632352941176471,0.7477364970340306,0.5265535343669882,0.5791751085062219,0.7477364970340306,0,0
-17.767030982087512,168.77319841299115,-238.88140821061145,0.42754242461237946,0.46838235294117647,0.6472057446144239,0.46838235294117647,0.51437684072266,0.6472057446144239,0,0
-18.20436555474108,169.98093522208475,-237.81781205266225,0.4187522890977903,0.4958823529411765,0.5953793318763659,0.4958823529411765,0.5033379913051109,0.5953793318763659,0,0
-17.741965915840947,170.3268970473773,-235.9265137353331,0.5554877304358442,0.48970588235294116,0.758039338120512,0.5554877304358442,0.6010776503030991,0.758039338120512,0,0
-17.650059467027262,171.39694785691324,-233.8012135895216,0.7370284458552069,0.9494117647058824,0.9975023415547923,0.9494117647058824,0.8946475173719605,0.9975023415547923,0,0
-18.5220292210019,175.05801344980324,-232.17612697768087,0.7370284458552069,0.946764705882353,0.9962535123321886,0.946764705882353,0.8933488880232495,0.9962535123321886,0,0
-18.34068660118444,173.37013452322643,-233.31072569336328,0.7370284458552069,0.9494117647058824,0.9965657196378396,0.9494117647058824,0.8943353100663095,0.9965657196378396,0,0
-19.320668790046472,168.70176862864415,-242.4935098243915,0.7370284458552069,0.9494117647058824,1.0,0.9494117647058824,0.8954800701870297,1.0,0,0
-20.17058616860258,168.69200678367952,-244.3239179523904,0.7370284458552069,0.9494117647058824,0.999687792694349,0.9494117647058824,0.895376001085146,0.999687792694349,0,0
-18.49728522791793,168.77569938530067,-240.58190015505787,0.32926382615065314,0.48764705882352943,0.503278176709335,0.48764705882352943,0.44006302056117247,0.503278176709335,0,0
-19.763540871954312,170.19095786879365,-241.2088239954596,0.7370284458552069,0.9494117647058824,1.0,0.9494117647058824,0.8954800701870297,1.0,0,0
-19.0610749089272,170.39976690915967,-239.31545663992875,0.7370284458552069,0.9494117647058824,1.0,0.9494117647058824,0.8954800701870297,1.0,0,0
-18.92244883304557,171.469265821838,-237.4770525870761,0.3348797460627518,0.5763235294117647,0.5064002497658445,0.5064002497658445,0.47253450841345374,0.5763235294117647,0,0
-18.76793878190396,172.73935996086124,-235.402436316008,0.43401294103284094,0.6147058823529412,0.6571963783952545,0.6147058823529412,0.568638400593679,0.6571963783952545,0,0
-19.082794524404367,176.18766260802008,-233.16848508875407,0.7370284458552069,0.9454411764705882,0.9962535123321886,0.9454411764705882,0.8929077115526612,0.9962535123321886,0,0
-19.00688446709829,174.57422483437392,-234.1554430032762,0.7370284458552069,0.9482352941176471,0.9962535123321886,0.9482352941176471,0.8938390841016809,0.9962535123321886,0,0
-20.545427010745648,170.074636911601,-243.059999424298,0.7370284458552069,0.9488235294117647,0.9981267561660943,0.9488235294117647,0.8946595771443553,0.9981267561660943,0,0
-21.3684594666608,170.10515244467868,-244.80599794639448,0.7370284458552069,0.9419117647058823,0.9959413050265377,0.9419117647058823,0.8916271718625423,0.9959413050265377,0,0
-20.872116786926536,171.54551745609163,-242.02887606275425,0.7366621902087657,0.9397058823529412,0.9975023415547923,0.9397058823529412,0.8912901380388331,0.9975023415547923,0,0
-20.20338378231264,171.7448789329985,-240.29813859096475,0.7366621902087657,0.946764705882353,1.0,0.946764705882353,0.8944756320303728,1.0,0,0
-19.788598489144608,173.28704869416683,-237.62238274569057,0.7360517641313636,0.9494117647058824,1.0,0.9494117647058824,0.8951545096124153,1.0,0,0
-19.75615645499312,172.10196555600768,-238.8265985987549,0.7366621902087657,0.9494117647058824,1.0,0.9494117647058824,0.8953579849715494,1.0,0,0
-19.73850184882622,174.75613520542817,-236.11782870952047,0.7358075937004028,0.9494117647058824,1.0,0.9494117647058824,0.8950731194687617,1.0,0,0
-19.75981153785994,176.19184818396764,-235.16847821489367,0.735563423269442,0.9494117647058824,1.0,0.9494117647058824,0.8949917293251081,1.0,0,0
-20.50528190410645,174.97174475873572,-237.9963935796736,0.73495299719204,0.9425,1.0,0.9425,0.8924843323973466,1.0,0,0
-21.547118639588007,171.43017164191107,-243.64635246743777,0.7369063606397265,0.9395588235294118,0.9950046831095848,0.9395588235294118,0.8904899557595743,0.9950046831095848,0,0
-22.28637214396165,171.47376052584733,-245.26302622212327,0.7364180197778049,0.9385294117647058,0.9890727443022167,0.9385294117647058,0.8880067252815756,0.9890727443022167,0,0
-21.721206936079287,172.75770400298944,-242.75278399934007,0.7356855084849224,0.9388235294117647,0.9959413050265377,0.9388235294117647,0.8901501143077416,0.9959413050265377,0,0
-21.170501558866416,172.9818659986204,-241.2882127405246,0.735563423269442,0.9395588235294118,0.9975023415547923,0.9395588235294118,0.8908748627845487,0.9975023415547923,0,0
-20.5989698929906,173.48644890019867,-239.47821537791023,0.7354413380539616,0.9398529411764706,1.0,0.9398529411764706,0.8917647597434774,1.0,0,0
-20.46290621328986,176.35836515711836,-236.96183995831964,0.7338542302527163,0.9460294117647059,1.0,0.9460294117647059,0.8932945473391407,1.0,0,0
-21.2377044047564,175.39905258523484,-239.55079892177287,0.7327554633133927,0.9395588235294118,0.9981267561660943,0.9395588235294118,0.8901470143362996,0.9981267561660943,0,0
-22.342449273940627,172.69194216405887,-244.2364858676068,0.7356855084849224,0.9386764705882353,0.9918826100530752,0.9386764705882353,0.888748196375411,0.9918826100530752,0,0
-22.979220457731405,172.75336244277727,-245.6836013508251,0.7354413380539616,0.9383823529411764,0.9825163908835467,0.9383823529411764,0.8854466939595617,0.9825163908835467,0,0
-23.499533819394635,173.92948902399064,-246.06542454586403,0.7333658893907947,0.9386764705882353,0.9772088666874805,0.9386764705882353,0.8830837422221701,0.9772088666874805,0,0
-22.95142628997174,173.83738960898543,-244.7755478826533,0.73495299719204,0.9385294117647058,0.9856384639400562,0.9385294117647058,0.8863736242989338,0.9856384639400562,0,0
-21.83164242280715,173.87715659853453,-242.08001237859665,0.7350750824075204,0.9388235294117647,0.9959413050265377,0.9388235294117647,0.8899466389486076,0.9959413050265377,0,0
-22.418421397344705,174.06815148997393,-243.32686719608915,0.7345867415455988,0.9383823529411764,0.9928192319700281,0.9383823529411764,0.8885961088189345,0.9928192319700281,0,0
-21.54130368071429,174.499302026407,-240.9211253872655,0.7338542302527163,0.9395588235294118,0.9968779269434904,0.9395588235294118,0.8900969935752062,0.9968779269434904,0,0
-22.19612190357665,174.99748667530102,-242.15767401415192,0.7328775485288731,0.9383823529411764,0.993131439275679,0.9383823529411764,0.8881304469152429,0.993131439275679,0,0
-21.93561514042449,175.86993697416233,-240.9900499194755,0.7323892076669515,0.9386764705882353,0.9940680611926319,0.9386764705882353,0.8883779131492728,0.9940680611926319,0,0
-23.4691358336212,174.89277831597866,-245.3799188125252,0.7332438041753143,0.9376470588235294,0.9772088666874805,0.9376470588235294,0.8826999098954413,0.9772088666874805,0,0
-23.8910619056698,174.99746892996214,-246.4088440662125,0.7323892076669515,0.9376470588235294,0.9712769278801124,0.9376470588235294,0.8804377314568644,0.9712769278801124,0,0
-23.091699642780814,175.028932099687,-244.34557713453952,0.7331217189598339,0.9376470588235294,0.9815797689665938,0.9376470588235294,0.8841161822499858,0.9815797689665938,0,0
-23.49685180155888,175.6878667223261,-245.02389749333588,0.7328775485288731,0.9373529411764706,0.9772088666874805,0.9373529411764706,0.8824797854642746,0.9772088666874805,0,0
-22.76591428806976,175.5815455725568,-243.21315877213937,0.7320229520205103,0.9376470588235294,0.9862628785513581,0.9376470588235294,0.8853109631317992,0.9862628785513581,0,0
-23.28413502470848,176.21614020820763,-244.2206432257856,0.7323892076669515,0.9376470588235294,0.9775210739931315,0.9376470588235294,0.8825191134945375,0.9775210739931315,0,0
-22.54110316720105,176.3148545547552,-242.27076337958945,0.7320229520205103,0.9380882352941177,0.9862628785513581,0.9380882352941177,0.8854580219553286,0.9862628785513581,0,0
-23.80216078309813,175.73447045944332,-245.7996355634863,0.7333658893907947,0.9373529411764706,0.9731501717140181,0.9373529411764706,0.8812896674270944,0.9731501717140181,0,0
-24.185535003573328,175.9599225695461,-246.71595489627245,0.7332438041753143,0.9373529411764706,0.9700280986575086,0.9373529411764706,0.8802082813364311,0.9700280986575086,0,0
-23.731125992231824,176.61935756867618,-245.241045617978,0.734342571114638,0.9376470588235294,0.9756478301592257,0.9376470588235294,0.8825458200324644,0.9756478301592257,0,0
-23.46124457763236,177.1992997859133,-244.3188922668885,0.7328775485288731,0.9386764705882353,0.9778332812987824,0.9386764705882353,0.8831291001386302,0.9778332812987824,0,0
-23.04056439930912,176.8157207563327,-243.3363593515682,0.7320229520205103,0.9383823529411764,0.980018732438339,0.9383823529411764,0.883474679133342,0.980018732438339,0,0
-24.078794703168715,176.67443576299152,-246.16071145593543,0.7350750824075204,0.9377941176470588,0.9712769278801124,0.9377941176470588,0.8813820426448972,0.9712769278801124,0,0
-24.39823884845888,176.82491161670032,-246.9898512062539,0.73495299719204,0.9380882352941177,0.9700280986575086,0.9380882352941177,0.8810231103812222,0.9700280986575086,0,0
-23.99786775301116,177.28986856577012,-245.7626339686303,0.7351971676230008,0.9386764705882353,0.9743990009366219,0.9386764705882353,0.8827575463826194,0.9743990009366219,0,0
-23.773391599632014,177.61045481554973,-245.0638659138401,0.734342571114638,0.9395588235294118,0.9781454886044333,0.9395588235294118,0.8840156277494944,0.9781454886044333,0,0
-24.27236571441788,177.5532959936668,-246.4777630797581,0.7354413380539616,0.9395588235294118,0.9725257571027162,0.9395588235294118,0.88250863956203,0.9725257571027162,0,0
-24.53734846526209,177.6010400316156,-247.23350403658367,0.7353192528384812,0.9395588235294118,0.9712769278801124,0.9395588235294118,0.8820516680826684,0.9712769278801124,0,0
-24.06661618764288,178.03827013635032,-245.82131033182483,0.7354413380539616,0.9398529411764706,0.9772088666874805,0.9398529411764706,0.8841677153059709,0.9772088666874805,0,0
-24.28440097240769,178.3514350672378,-246.44505568426848,0.7354413380539616,0.9447058823529412,0.9762722447705277,0.9447058823529412,0.8854731550591435,0.9762722447705277,0,0
-24.44876078083735,178.10237599806848,-246.94166215265943,0.7354413380539616,0.94,0.973462379019669,0.94,0.8829679056912102,0.973462379019669,0,0
-24.61189859038414,178.29529745379224,-247.44942440619263,0.7354413380539616,0.9410294117647059,0.9731501717140181,0.9410294117647059,0.8832069738442284,0.9731501717140181,0,0
-24.47055929068908,178.65517536827517,-247.04232968092583,0.735563423269442,0.9479411764705883,0.973462379019669,0.9479411764705883,0.8856556595865664,0.973462379019669,0,0
-24.633500387325075,178.91355718679998,-247.63988588650523,0.7356855084849224,0.9494117647058824,0.9709647205744615,0.9494117647058824,0.8853539979217554,0.9709647205744615,0,0
-24.611645022900003,179.46637434500002,-247.808511386,0.7362959345623245,0.9494117647058824,0.9656571963783952,0.9494117647058824,0.8837882985488673,0.9656571963783952,0,0
-9.828174022263836,194.40416269819968,-231.7073224564697,0.7370284458552069,0.9395588235294118,0.9940680611926319,0.9395588235294118,0.8902184435257502,0.9940680611926319,0,0
-10.347789809558106,194.2331165479841,-231.8750704139537,0.7370284458552069,0.9395588235294118,0.9940680611926319,0.9395588235294118,0.8902184435257502,0.9940680611926319,0,0
-9.857568374472343,194.3256796543461,-232.39652720366897,0.7370284458552069,0.9395588235294118,0.9940680611926319,0.9395588235294118,0.8902184435257502,0.9940680611926319,0,0
-10.53674902737241,194.0941963422761,-232.57813852885693,0.7370284458552069,0.9397058823529412,0.9940680611926319,0.9397058823529412,0.8902674631335933,0.9940680611926319,0,0
-10.98054564781177,193.9691494255113,-231.8850520306237,0.7370284458552069,0.9397058823529412,0.9940680611926319,0.9397058823529412,0.8902674631335933,0.9940680611926319,0,0
-9.914378985587629,194.24215147786583,-233.1803125161016,0.7370284458552069,0.9395588235294118,0.9940680611926319,0.9395588235294118,0.8902184435257502,0.9940680611926319,0,0
-10.000299161786865,194.15300332463207,-234.06798138304669,0.7370284458552069,0.9397058823529412,0.9940680611926319,0.9397058823529412,0.8902674631335933,0.9940680611926319,0,0
-10.66365983443515,193.98191378425287,-233.46102324583143,0.7370284458552069,0.9397058823529412,0.9940680611926319,0.9397058823529412,0.8902674631335933,0.9940680611926319,0,0
-11.525883296350983,193.714861899548,-231.55715525625624,0.7370284458552069,0.9397058823529412,0.9940680611926319,0.9397058823529412,0.8902674631335933,0.9940680611926319,0,0
-11.179986806195542,193.7946862904764,-232.7503738289618,0.7370284458552069,0.9397058823529412,0.9940680611926319,0.9397058823529412,0.8902674631335933,0.9940680611926319,0,0
-11.62773786181322,193.5638966250215,-232.29714437815176,0.7370284458552069,0.9398529411764706,0.9940680611926319,0.9398529411764706,0.8903164827414365,0.9940680611926319,0,0
-11.331755586347976,193.68018759213885,-233.5078544091059,0.7370284458552069,0.9398529411764706,0.9940680611926319,0.9398529411764706,0.8903164827414365,0.9940680611926319,0,0
-10.985457126851108,193.80890132123696,-234.3630795756616,0.7370284458552069,0.9398529411764706,0.9940680611926319,0.9398529411764706,0.8903164827414365,0.9940680611926319,0,0
-10.116566874422544,194.0554496086544,-235.0754916356047,0.7370284458552069,0.9397058823529412,0.9940680611926319,0.9397058823529412,0.8902674631335933,0.9940680611926319,0,0
-12.088273066681491,193.27544237413204,-231.8494772103621,0.7370284458552069,0.9398529411764706,0.9940680611926319,0.9398529411764706,0.8903164827414365,0.9940680611926319,0,0
-11.835663082247317,193.3904000154971,-233.15845588665823,0.7370284458552069,0.9398529411764706,0.9940680611926319,0.9398529411764706,0.8903164827414365,0.9940680611926319,0,0
-12.709032008512503,192.6977839919836,-232.06706915410825,0.7370284458552069,0.9408823529411765,0.9940680611926319,0.9408823529411765,0.8906596199963385,0.9940680611926319,0,0
-12.294824765445687,193.0487649499638,-232.73501029581905,0.7370284458552069,0.94,0.9940680611926319,0.94,0.8903655023492796,0.9940680611926319,0,0
-12.460976171681564,192.9314456636517,-233.65485957072823,0.7370284458552069,0.9404411764705882,0.9940680611926319,0.9404411764705882,0.890512561172809,0.9940680611926319,0,0
-11.894873810301192,193.3478369854961,-234.05330237682847,0.7370284458552069,0.94,0.9940680611926319,0.94,0.8903655023492796,0.9940680611926319,0,0
-11.12270890250792,193.71092021882177,-235.48029547248328,0.7370284458552069,0.9398529411764706,0.9946924758039338,0.9398529411764706,0.8905246209452038,0.9946924758039338,0,0
-10.26434061628962,193.94190569940656,-236.2192002043468,0.7359296789158832,0.9220588235294118,0.9812675616609429,0.9220588235294118,0.8797520213687461,0.9812675616609429,0,0
-11.747946437333669,193.43271910039155,-234.86654047918347,0.7370284458552069,0.94,0.9943802684982829,0.94,0.8904695714511632,0.9943802684982829,0,0
-13.393991494981838,191.9792106233824,-232.12797693488028,0.7370284458552069,0.9414705882352942,0.9940680611926319,0.9414705882352942,0.890855698427711,0.9940680611926319,0,0
-13.12484092531642,192.2841869395834,-233.0949025393337,0.7370284458552069,0.9410294117647059,0.9940680611926319,0.9410294117647059,0.8907086396041816,0.9940680611926319,0,0
-13.074230830295368,192.4253199982524,-234.06853924644307,0.7370284458552069,0.9410294117647059,0.9943802684982829,0.9410294117647059,0.8908127087060652,0.9943802684982829,0,0
-12.603647190117435,192.8745290910041,-234.74474525313929,0.7370284458552069,0.9404411764705882,0.9946924758039338,0.9404411764705882,0.8907206993765763,0.9946924758039338,0,0
-10.44877970641035,193.7946645824561,-237.5151835291488,0.7358075937004028,0.9211764705882353,0.980018732438339,0.9211764705882353,0.8790009322423257,0.980018732438339,0,0
-11.418919355140778,193.54501984752127,-236.65509488027223,0.7358075937004028,0.9245588235294118,0.98033093974399,0.9245588235294118,0.8802324523246016,0.98033093974399,0,0
-12.09124967009272,193.2392205814733,-235.72752884041512,0.7370284458552069,0.94,0.9946924758039338,0.94,0.8905736405530469,0.9946924758039338,0,0
-13.459682845193583,192.15722899825624,-234.8760102058121,0.7370284458552069,0.9410294117647059,0.9946924758039338,0.9410294117647059,0.8909167778079489,0.9946924758039338,0,0
-10.671908812861638,193.5841429704069,-238.9806958204592,0.7356855084849224,0.9204411764705882,0.9781454886044333,0.9204411764705882,0.8780907245199813,0.9781454886044333,0,0
-11.760737222780978,193.3321488700672,-237.9743183484621,0.7356855084849224,0.923235294117647,0.9784576959100842,0.923235294117647,0.8791261661708846,0.9784576959100842,0,0
-12.607171532081528,192.93756504705084,-236.90570341160264,0.7358075937004028,0.9289705882352941,0.980018732438339,0.9289705882352941,0.881598971458012,0.980018732438339,0,0
-12.50818304480981,189.1755018153892,-249.34244574597548,0.41545598827981933,0.6311764705882353,0.6006868560724321,0.6006868560724321,0.5491064383134956,0.6311764705882353,0,0
-11.629480882395836,189.64717077805983,-248.95163690467493,0.3848125991942376,0.6114705882352941,0.5466749921948174,0.5466749921948174,0.5143193932081164,0.6114705882352941,0,0
-11.624350624499998,189.037921408,-250.214915894,0.40166035893053353,0.5517647058823529,0.5635341866999688,0.5517647058823529,0.5056530838376184,0.5635341866999688,0,0
-12.825469835994491,188.6699224058649,-250.15096041460188,0.43401294103284094,0.6210294117647058,0.6522010615048393,0.6210294117647058,0.5690811381007953,0.6522010615048393,0,0
-13.995000144429383,191.33588805068584,-233.00173549190868,0.7370284458552069,0.9422058823529412,0.9940680611926319,0.9422058823529412,0.8911007964669267,0.9940680611926319,0,0
-14.146488314160392,191.15047910753364,-231.9794801443782,0.7370284458552069,0.9423529411764706,0.9940680611926319,0.9423529411764706,0.8911498160747698,0.9940680611926319,0,0
-14.883536502601164,190.2957563667075,-232.76567642031983,0.7370284458552069,0.9426470588235294,0.9940680611926319,0.9426470588235294,0.891247855290456,0.9940680611926319,0,0
-14.873537906025245,190.25571263898567,-231.5613467017192,0.7370284458552069,0.9427941176470588,0.9940680611926319,0.9427941176470588,0.8912968748982992,0.9940680611926319,0,0
-13.759963756709558,191.71420338532096,-233.92085247125112,0.7370284458552069,0.9419117647058823,0.9943802684982829,0.9419117647058823,0.891106826353124,0.9943802684982829,0,0
-13.053534205913436,192.6045283983776,-235.96758327211825,0.7370284458552069,0.9408823529411765,0.9946924758039338,0.9408823529411765,0.8908677582001058,0.9946924758039338,0,0
-12.139279738905753,193.03423899818205,-239.47972807196763,0.735563423269442,0.9223529411764706,0.9781454886044333,0.9223529411764706,0.8786872843501153,0.9781454886044333,0,0
-10.925091463014631,193.2600050269696,-240.63198402298133,0.7364180197778049,0.9397058823529412,0.9950046831095848,0.9397058823529412,0.8903761950801102,0.9950046831095848,0,0
-14.407172975234865,191.2270094314701,-235.10067189201743,0.7370284458552069,0.9420588235294117,0.9946924758039338,0.9420588235294117,0.8912599150628507,0.9946924758039338,0,0
-13.848460718212303,191.91964042389745,-235.85413975577364,0.7370284458552069,0.9411764705882353,0.9946924758039338,0.9411764705882353,0.890965797415792,0.9946924758039338,0,0
-13.119911580025349,192.60440189842487,-238.25214606982232,0.7356855084849224,0.9275,0.9784576959100842,0.9275,0.8805477347983356,0.9784576959100842,0,0
-13.72779775601814,192.13755104560903,-236.96773792163384,0.7358075937004028,0.9325,0.98033093974399,0.9325,0.8828795111481309,0.98033093974399,0,0
-15.339345013731528,189.6270079565236,-231.99983557425304,0.7370284458552069,0.9427941176470588,0.9940680611926319,0.9427941176470588,0.8912968748982992,0.9940680611926319,0,0
-15.849053751329954,188.7688437520623,-231.74764007389973,0.7370284458552069,0.9439705882352941,0.9940680611926319,0.9439705882352941,0.8916890317610443,0.9940680611926319,0,0
-12.842936121057722,189.70913258974144,-248.01522886564007,0.4005615919912099,0.6494117647058824,0.6381517327505464,0.6381517327505464,0.5627083631492129,0.6494117647058824,0,0
-11.602120762336837,190.3426588379193,-247.60063727111148,0.35246001709193014,0.6260294117647058,0.5504214798626288,0.5504214798626288,0.5096369695730882,0.6260294117647058,0,0
-13.988942522940636,189.17907846281244,-248.09292491314145,0.4401172018068612,0.6852941176470588,0.7168279737745863,0.6852941176470588,0.6140797644095021,0.7168279737745863,0,0
-13.445251276864838,188.93256368255072,-249.0910584514996,0.44097179831522404,0.6529411764705882,0.6699968779269435,0.6529411764705882,0.587969950904252,0.6699968779269435,0,0
-13.8776196648298,188.2887744697449,-250.076909707462,0.4740568917104139,0.6473529411764706,0.7180768029971901,0.6473529411764706,0.6131622119613582,0.7180768029971901,0,0
-14.595782846074592,190.8008085850304,-233.9918323892925,0.7370284458552069,0.9422058823529412,0.9943802684982829,0.9422058823529412,0.8912048655688104,0.9943802684982829,0,0
-15.276537993472592,189.9692811683348,-233.77524661660573,0.7370284458552069,0.9423529411764706,0.9943802684982829,0.9423529411764706,0.8912538851766535,0.9943802684982829,0,0
-15.718341421504611,189.25120305371715,-232.9553007132592,0.7370284458552069,0.9427941176470588,0.9940680611926319,0.9427941176470588,0.8912968748982992,0.9940680611926319,0,0
-12.8747568798367,190.53709865216672,-246.3156313516596,0.3937248199243072,0.6519117647058823,0.6615672806743678,0.6519117647058823,0.5690679551015191,0.6615672806743678,0,0
-11.527937038571396,191.12410937077647,-246.0910977409852,0.3717494811378342,0.6314705882352941,0.5888229784576959,0.5888229784576959,0.5306810159436081,0.6314705882352941,0,0
-15.314482120273444,190.22510464916925,-235.1697463385561,0.7370284458552069,0.9422058823529412,0.9946924758039338,0.9422058823529412,0.891308934670694,0.9946924758039338,0,0
-12.50588331839376,192.61970986525463,-241.07517171523656,0.13502624832132828,0.6505882352941177,0.2719325632219794,0.2719325632219794,0.35251568227914176,0.6505882352941177,0,0
-11.181982598314582,192.73794516753028,-242.4752249569709,0.21841045049444513,0.6397058823529411,0.36965344989072746,0.36965344989072746,0.40925659424603794,0.6397058823529411,0,0
-12.814338510472698,192.0060169556876,-242.8558434842644,0.23464778415333903,0.6511764705882352,0.4286606306587574,0.4286606306587574,0.43816162846677725,0.6511764705882352,0,0
-11.390902459855528,191.9786429420812,-244.3678626190039,0.30399218654620924,0.6316176470588235,0.5522947236965345,0.5522947236965345,0.4959681857671891,0.6316176470588235,0,0
-12.797461279422912,191.26922524956703,-244.8006790184093,0.3470882676107923,0.6517647058823529,0.6281610989697158,0.6281610989697158,0.542338024154287,0.6517647058823529,0,0
-13.661877893529796,192.1773130764719,-239.7165061861599,0.12257355634232694,0.6569117647058823,0.22853574773649704,0.22853574773649704,0.3360070229282354,0.6569117647058823,0,0
-14.783842911558756,191.1112792226824,-236.59851322095392,0.7370284458552069,0.9414705882352942,0.9953168904152357,0.9414705882352942,0.8912719748352456,0.9953168904152357,0,0
-14.442860917229227,191.61609467197056,-238.22184559582544,0.7356855084849224,0.9322058823529412,0.9784576959100842,0.9322058823529412,0.8821163622493159,0.9784576959100842,0,0
-16.35850563706101,188.2009132334274,-232.644130537436,0.7370284458552069,0.9427941176470588,0.9940680611926319,0.9427941176470588,0.8912968748982992,0.9940680611926319,0,0
-14.30781012747585,188.6154673761235,-248.9778310834389,0.4841899645952875,0.691764705882353,0.7361848267249453,0.691764705882353,0.6373798324008619,0.7361848267249453,0,0
-14.782163921554435,188.788188089092,-248.12695452491351,0.47832987425222806,0.7336764705882353,0.7564783015922573,0.7336764705882353,0.6561615488109069,0.7564783015922573,0,0
-14.020498706656904,189.73160332016616,-246.90843038421616,0.4236356977170065,0.6888235294117647,0.712457071495473,0.6888235294117647,0.608305432874748,0.712457071495473,0,0
-14.745963086331296,189.0927775360992,-247.49957143158124,0.45061653033817606,0.7291176470588235,0.7530440212300968,0.7291176470588235,0.6442593995423654,0.7530440212300968,0,0
-15.306700071493616,188.31362192561124,-248.6436470137972,0.5459650836283726,0.7513235294117647,0.7867624102403996,0.7513235294117647,0.6946836744268458,0.7867624102403996,0,0
-14.938131148,187.891189618,-249.99815914,0.5493834696618239,0.6808823529411765,0.7658445207617858,0.6808823529411765,0.6653701144549288,0.7658445207617858,0,0
-15.896503698183412,189.30186289587888,-234.24966527376867,0.7370284458552069,0.9425,0.9946924758039338,0.9425,0.8914069738863802,0.9946924758039338,0,0
-16.323912441285426,188.5520138750213,-233.5949424848914,0.7370284458552069,0.9425,0.9946924758039338,0.9425,0.8914069738863802,0.9946924758039338,0,0
-14.50748146697507,190.20043566367656,-245.273176595688,0.3962886094493957,0.7011764705882353,0.7009054011863878,0.7009054011863878,0.5994568270746728,0.7011764705882353,0,0
-16.11315003534661,189.314097119282,-235.34957631049687,0.7370284458552069,0.9422058823529412,0.9950046831095848,0.9422058823529412,0.8914130037725777,0.9950046831095848,0,0
-15.84847028414283,189.9174246606545,-236.4623786848869,0.7370284458552069,0.9420588235294117,0.9956290977208867,0.9420588235294117,0.8915721223685017,0.9956290977208867,0,0
-14.108312695190753,191.669270314142,-241.3202830419224,0.13343914052008302,0.6601470588235294,0.280986575085857,0.280986575085857,0.3581909248098231,0.6601470588235294,0,0
-14.566951914134846,190.90266979242617,-243.2140066657272,0.26541325845440117,0.6705882352941176,0.4555104589447393,0.4555104589447393,0.4638373175644193,0.6705882352941176,0,0
-15.066998114305935,191.1104430586777,-239.7920049423528,0.07703577096813576,0.6633823529411764,0.2132375897596004,0.2132375897596004,0.3178852378896375,0.6633823529411764,0,0
-15.811560667582988,190.30065355429755,-238.1778673637933,0.09046514467098034,0.6622058823529412,0.26381517327505466,0.26381517327505466,0.338828733432992,0.6622058823529412,0,0
-16.736131879065017,188.3432191484768,-234.84041338760665,0.7370284458552069,0.9422058823529412,0.9950046831095848,0.9422058823529412,0.8914130037725777,0.9950046831095848,0,0
-16.917973086174097,187.64020637277005,-233.6239540969281,0.7370284458552069,0.9423529411764706,0.9946924758039338,0.9423529411764706,0.8913579542785371,0.9946924758039338,0,0
-17.540599494064185,187.0594386622574,-234.7069861241457,0.7370284458552069,0.9419117647058823,0.9950046831095848,0.9419117647058823,0.8913149645568913,0.9950046831095848,0,0
-15.515464171041383,188.65201234047944,-247.60997410475187,0.5031131729947503,0.7579411764705882,0.7880112394630034,0.7579411764705882,0.6830218629761141,0.7880112394630034,0,0
-16.244003557514223,188.04384785196507,-248.2057672292264,0.5784397509461604,0.7723529411764706,0.82297845769591,0.7723529411764706,0.724590383272847,0.82297845769591,0,0
-15.292064257554436,189.23078095754016,-246.53487386631457,0.4522036381394213,0.7436764705882353,0.7802060568217296,0.7436764705882353,0.658695388516462,0.7802060568217296,0,0
-15.960454252088224,187.7134668979673,-249.37909993224991,0.60542058356733,0.7576470588235295,0.7986262878551358,0.7576470588235295,0.7205646434153318,0.7986262878551358,0,0
-16.71702955376563,188.7952116656396,-236.20409694307173,0.7370284458552069,0.9420588235294117,0.9959413050265377,0.9420588235294117,0.8916761914703853,0.9959413050265377,0,0
-17.45058815571916,187.74327485380667,-236.04756266603968,0.7370284458552069,0.9420588235294117,0.9959413050265377,0.9420588235294117,0.8916761914703853,0.9959413050265377,0,0
-15.752295275087244,189.4445141019588,-245.30467465580645,0.4174093517275058,0.7201470588235294,0.7130814861067749,0.7130814861067749,0.6168792988859367,0.7201470588235294,0,0
-16.298055462941164,188.89574732417253,-245.8901178259817,0.45269197900134295,0.7313235294117647,0.7798938495160787,0.7313235294117647,0.6546364526430621,0.7798938495160787,0,0
-15.71281298768009,189.8744750895776,-244.0847991476903,0.33439140520083016,0.6870588235294117,0.5457383702778645,0.5457383702778645,0.5223961996693688,0.6870588235294117,0,0
-16.63509922656759,189.0257061053686,-244.81069815305392,0.3943352460017092,0.6994117647058824,0.6503278176709335,0.6503278176709335,0.5813582761261751,0.6994117647058824,0,0
-16.603372899253497,189.2654161268096,-237.3988948029064,0.10462702966670737,0.6614705882352941,0.2965969403684046,0.2965969403684046,0.3542315194234687,0.6614705882352941,0,0
-17.334799690132606,188.37544787179783,-237.4412972441989,0.08692467342204858,0.6630882352941176,0.28223540430846084,0.28223540430846084,0.34408277100820905,0.6630882352941176,0,0
-15.622900484439766,190.5211173757289,-241.4379668479794,0.13441582224392626,0.6644117647058824,0.28223540430846084,0.28223540430846084,0.36035433041942316,0.6644117647058824,0,0
-16.03252518727072,189.9447028855964,-242.9086034271604,0.2546697594921255,0.6710294117647059,0.43771464252263503,0.43771464252263503,0.4544712712598222,0.6710294117647059,0,0
-16.359834569480142,189.92266592599552,-239.96786655581468,0.07178610670247833,0.665,0.21292538245394943,0.21292538245394943,0.3165704963854759,0.665,0,0
-16.971148485846673,189.12618084485496,-238.69417315919432,0.060920522524722256,0.6648529411764705,0.2132375897596004,0.2132375897596004,0.31300368448693106,0.6648529411764705,0,0
-18.24238459851083,186.43979318354167,-235.9224316756217,0.7370284458552069,0.9419117647058823,0.9962535123321886,0.9419117647058823,0.8917312409644259,0.9962535123321886,0,0
-16.963557451573056,187.4310533168325,-248.8858285950002,0.6430228299352948,0.7816176470588235,0.876053699656572,0.7816176470588235,0.7668980588835635,0.876053699656572,0,0
-16.44105335533318,188.4236505816742,-246.94061016899704,0.5318031986326456,0.7658823529411765,0.830159225725882,0.7658823529411765,0.7092815924332347,0.830159225725882,0,0
-17.229432689199875,187.67572491639496,-247.79287842532509,0.7354413380539616,0.9430882352941177,0.9731501717140181,0.9430882352941177,0.8838932483540325,0.9731501717140181,0,0
-17.180023781839225,188.3589918413712,-245.82200072120136,0.4557441093883531,0.7277941176470588,0.7758351545426163,0.7277941176470588,0.6531244605260094,0.7758351545426163,0,0
-17.687676122972675,187.75605105568704,-246.7300067542158,0.7354413380539616,0.9494117647058824,0.9772088666874805,0.9494117647058824,0.8873539898157748,0.9772088666874805,0,0
-18.15733835884283,187.2063587182016,-237.3365331283744,0.08314003174215602,0.6660294117647059,0.2759912581954418,0.2759912581954418,0.3417202339007679,0.6660294117647059,0,0
-16.943875004581425,189.0798526875311,-243.67729293554808,0.30667806128677816,0.673235294117647,0.47955042147986265,0.47955042147986265,0.486487925628096,0.673235294117647,0,0
-17.72154382244324,188.27459313190573,-244.68389095467344,0.7338542302527163,0.9480882352941177,0.9781454886044333,0.9480882352941177,0.8866959847170891,0.9781454886044333,0,0
-17.981134942980677,187.91155024499284,-238.6932985741116,0.05896715907703577,0.6633823529411764,0.20949110209178895,0.20949110209178895,0.310613538036667,0.6633823529411764,0,0
-17.141213870455612,189.16396535152728,-241.75811453271908,0.20021975338786474,0.664264705882353,0.3143927567905089,0.3143927567905089,0.3929590720202422,0.664264705882353,0,0
-17.648825042583887,188.5935243729375,-240.09279976699287,0.0756928335978513,0.6627941176470589,0.21167655323134563,0.21167655323134563,0.3167211681587519,0.6627941176470589,0,0
-19.00280726749328,185.79342015543224,-237.2361286546532,0.7323892076669515,0.9460294117647059,0.9978145488604433,0.9460294117647059,0.8920777227640335,0.9978145488604433,0,0
-17.872810684399646,187.0649636665071,-248.540278345496,0.7358075937004028,0.9469117647058823,0.9712769278801124,0.9469117647058823,0.8846654287621325,0.9712769278801124,0,0
-18.21765646106995,187.1781638541112,-247.5531312902129,0.7358075937004028,0.9494117647058824,0.9709647205744615,0.9494117647058824,0.8853946929935822,0.9709647205744615,0,0
-18.677117163256725,186.6760780228049,-248.3051343106117,0.7362959345623245,0.9494117647058824,0.96721823290665,0.9494117647058824,0.8843086440582856,0.96721823290665,0,0
-19.061319334912486,186.66600657104715,-247.4767444539332,0.7359296789158832,0.9494117647058824,0.96721823290665,0.9494117647058824,0.8841865588428052,0.96721823290665,0,0
-18.16065883889691,187.71282219326537,-245.7465963615336,0.7351971676230008,0.9494117647058824,0.9775210739931315,0.9494117647058824,0.8873766687740049,0.9775210739931315,0,0
-18.78860044442614,187.08066347311865,-246.54740075932423,0.7354413380539616,0.9494117647058824,0.9719013424914142,0.9494117647058824,0.8855848150837528,0.9719013424914142,0,0
-19.52181329025432,186.4913308859668,-246.82741071158685,0.7358075937004028,0.9494117647058824,0.9681548548236029,0.9494117647058824,0.8844580710766293,0.9681548548236029,0,0
-18.938974305468992,187.18063004010847,-245.52463277692192,0.7350750824075204,0.9494117647058824,0.9731501717140181,0.9494117647058824,0.885879006275807,0.9731501717140181,0,0
-18.904020496285025,186.594342735908,-238.58036908544867,0.7325112928824319,0.9466176470588236,0.9946924758039338,0.9466176470588236,0.8912738052483964,0.9946924758039338,0,0
-18.76480788398024,187.26585257860447,-240.03673607734115,0.7332438041753143,0.9477941176470588,0.98688729316266,0.9477941176470588,0.889308404995011,0.98688729316266,0,0
-19.69652742170212,185.9124625676763,-239.85944448095216,0.7333658893907947,0.9488235294117647,0.9862628785513581,0.9488235294117647,0.8894840991179725,0.9862628785513581,0,0
-18.379479201736068,187.9367608731173,-243.258069739618,0.7328775485288731,0.9488235294117647,0.9759600374648767,0.9488235294117647,0.8858870384685048,0.9759600374648767,0,0
-18.64199460436337,187.5407607995085,-244.76717436540423,0.734342571114638,0.9494117647058824,0.9765844520761786,0.9494117647058824,0.8867795959655663,0.9765844520761786,0,0
-18.541650446555074,187.75582916897727,-241.353749984505,0.7328775485288731,0.9480882352941177,0.9790821105213862,0.9480882352941177,0.8866826314481256,0.9790821105213862,0,0
-19.38403669120077,186.96346415881737,-244.07202023659147,0.7328775485288731,0.9489705882352941,0.9743990009366219,0.9489705882352941,0.8854157125669296,0.9743990009366219,0,0
-19.60502885857301,186.46162728564585,-241.1650442253873,0.7333658893907947,0.9486764705882353,0.9775210739931315,0.9486764705882353,0.8865211446573872,0.9775210739931315,0,0
-19.45174974791856,186.8829735139277,-242.74414317525543,0.7328775485288731,0.9486764705882353,0.97377458632532,0.9486764705882353,0.8851095351474761,0.97377458632532,0,0
-19.3932152886,186.275155806,-248.148198623,0.7365401049932853,0.9494117647058824,0.9637839525444896,0.9494117647058824,0.883245274081219,0.9637839525444896,0,0
-19.77824982839558,186.19108324266853,-247.36350911566885,0.7364180197778049,0.9494117647058824,0.9640961598501405,0.9494117647058824,0.8833086481112759,0.9640961598501405,0,0
-20.12120258484356,186.06087306686348,-246.57918659360945,0.7356855084849224,0.9494117647058824,0.9653449890727444,0.9494117647058824,0.8834807540878499,0.9653449890727444,0,0
-19.60986197955632,186.59516441220407,-245.82714500843923,0.7351971676230008,0.9494117647058824,0.9700280986575086,0.9494117647058824,0.8848790103287972,0.9700280986575086,0,0
-19.34212861508281,186.9254418127574,-245.0098523362299,0.734342571114638,0.9494117647058824,0.9719013424914142,0.9494117647058824,0.8852185594373115,0.9719013424914142,0,0
-20.04773731078027,185.8458551553776,-248.04783596406776,0.7369063606397265,0.9494117647058824,0.9622229160162348,0.9494117647058824,0.8828470137872811,0.9622229160162348,0,0
-20.45822367904965,185.23241906323145,-241.0892494907596,0.734342571114638,0.9491176470588235,0.9768966593818296,0.9491176470588235,0.8867856258517636,0.9768966593818296,0,0
-20.260909849279862,186.06255358512,-243.67800114588857,0.7325112928824319,0.9486764705882353,0.974086793630971,0.9486764705882353,0.8850915190338794,0.974086793630971,0,0
-20.04097189892741,186.307297453622,-244.78581475731704,0.7337321450372359,0.9488235294117647,0.9703403059631596,0.9488235294117647,0.8842986601373868,0.9703403059631596,0,0
-20.3684604380572,185.74832651133084,-242.38337966283484,0.7331217189598339,0.9486764705882353,0.973462379019669,0.9486764705882353,0.8850868561892461,0.973462379019669,0,0
-20.426791236391864,185.6897543255923,-247.297622544576,0.7365401049932853,0.9494117647058824,0.9622229160162348,0.9494117647058824,0.8827249285718007,0.9622229160162348,0,0
-20.70051570145383,185.33743048665733,-247.98598352157785,0.7369063606397265,0.9494117647058824,0.9615985014049329,0.9494117647058824,0.8826388755835138,0.9615985014049329,0,0
-20.482570009071456,185.83398927009785,-245.7082598451757,0.7351971676230008,0.9494117647058824,0.9644083671557915,0.9494117647058824,0.8830057664948917,0.9644083671557915,0,0
-20.79633567656804,185.46170459573776,-246.54787526452748,0.7359296789158832,0.9494117647058824,0.9631595379331876,0.9494117647058824,0.8828336605183177,0.9631595379331876,0,0
-21.06595556190837,185.1133349188122,-247.28004246381448,0.7369063606397265,0.9494117647058824,0.9619107087105838,0.9494117647058824,0.8827429446853975,0.9619107087105838,0,0
-21.44421126428048,184.8082440984756,-246.5795438242654,0.7362959345623245,0.9494117647058824,0.9622229160162348,0.9494117647058824,0.8826435384281472,0.9622229160162348,0,0
-21.24506701916215,185.0544733123773,-245.78023518820245,0.7350750824075204,0.9494117647058824,0.9625351233218857,0.9494117647058824,0.8823406568117628,0.9625351233218857,0,0
-21.08955101874187,185.00330667608463,-243.36063474702155,0.7323892076669515,0.9482352941176471,0.974086793630971,0.9482352941176471,0.8849037651385232,0.974086793630971,0,0
-21.146691906892336,184.5749788899736,-242.16526601943264,0.7332438041753143,0.9488235294117647,0.974086793630971,0.9488235294117647,0.8853847090726834,0.974086793630971,0,0
-21.729878075989525,183.989909709164,-243.09674221403205,0.7323892076669515,0.9486764705882353,0.9743990009366219,0.9486764705882353,0.8851548930639362,0.9743990009366219,0,0
-21.00458591993369,185.28742837286168,-244.6202364043461,0.7327554633133927,0.9479411764705883,0.9684670621292538,0.9479411764705883,0.8830545673044116,0.9684670621292538,0,0
-21.766677203988365,184.4130843211525,-245.1909625790217,0.7323892076669515,0.9476470588235294,0.9634717452388386,0.9476470588235294,0.8811693372431065,0.9634717452388386,0,0
-21.703417817817552,184.32090980255705,-244.12388407851248,0.7322671224514711,0.9476470588235294,0.9709647205744615,0.9476470588235294,0.8836263006164873,0.9709647205744615,0,0
-22.25007323256536,183.4220527110513,-243.90816448977887,0.7323892076669515,0.9480882352941177,0.9712769278801124,0.9480882352941177,0.8839181236137272,0.9712769278801124,0,0
-21.33475829508954,184.7558655752044,-247.96200286284247,0.7370284458552069,0.9494117647058824,0.9628473306275367,0.9494117647058824,0.8830958470628752,0.9628473306275367,0,0
-21.65473365542956,184.51422723365167,-247.3266329731197,0.7370284458552069,0.9494117647058824,0.9625351233218857,0.9494117647058824,0.8829917779609916,0.9625351233218857,0,0
-21.87913892740376,184.2025679397662,-247.97314240978207,0.7370284458552069,0.9494117647058824,0.9700280986575086,0.9494117647058824,0.8854894364061993,0.9700280986575086,0,0
-22.25235917631007,183.67828010903816,-244.8219973793248,0.7325112928824319,0.9480882352941177,0.9644083671557915,0.9480882352941177,0.8816692984441138,0.9644083671557915,0,0
-21.99515436716713,184.19040261320487,-246.7420110399141,0.7365401049932853,0.9494117647058824,0.9622229160162348,0.9494117647058824,0.8827249285718007,0.9622229160162348,0,0
-22.16506109360888,183.95166187812305,-247.41087406426428,0.7370284458552069,0.9494117647058824,0.9678426475179519,0.9494117647058824,0.8847609526930137,0.9678426475179519,0,0
-22.28906641491515,183.77994178907343,-245.68990658381583,0.7350750824075204,0.9494117647058824,0.9619107087105838,0.9494117647058824,0.8821325186079955,0.9619107087105838,0,0
-21.836596857225803,184.3822346890454,-246.00088908318708,0.7350750824075204,0.9494117647058824,0.9619107087105838,0.9494117647058824,0.8821325186079955,0.9619107087105838,0,0
-22.34593970639561,183.6955750369828,-248.0063274315916,0.7370284458552069,0.9494117647058824,0.9828285981891977,0.9494117647058824,0.889756269583429,0.9828285981891977,0,0
-22.702028597496163,182.8957534581737,-244.63347500614768,0.7323892076669515,0.9475,0.9653449890727444,0.9475,0.8817447322465654,0.9653449890727444,0,0
-22.681245732582777,183.1531991430604,-245.4132030483345,0.734342571114638,0.9494117647058824,0.9622229160162348,0.9494117647058824,0.8819924172789184,0.9622229160162348,0,0
-22.266256108850776,183.8627700517113,-246.3170056395997,0.735563423269442,0.9494117647058824,0.9622229160162348,0.9494117647058824,0.8823993679971863,0.9622229160162348,0,0
-22.664563269479377,183.31599908525348,-246.1989015956327,0.7356855084849224,0.9494117647058824,0.9622229160162348,0.9494117647058824,0.8824400630690133,0.9622229160162348,0,0
-22.44921846224958,183.6416984494753,-246.8651909492071,0.7369063606397265,0.9494117647058824,0.9628473306275367,0.9494117647058824,0.8830551519910484,0.9628473306275367,0,0
-22.82190580363478,183.1585332093425,-246.97664628434504,0.7366621902087657,0.9494117647058824,0.9644083671557915,0.9494117647058824,0.8834941073568133,0.9644083671557915,0,0
-22.74526667867625,183.23228770999668,-248.0499121934216,0.7370284458552069,0.9494117647058824,0.99344364658133,0.9494117647058824,0.893294619047473,0.99344364658133,0,0
-22.587639746198874,183.4518807369037,-247.4951057559407,0.7370284458552069,0.9494117647058824,0.9887605369965657,0.9494117647058824,0.8917335825192184,0.9887605369965657,0,0
-22.94100238656364,183.00863352331328,-247.5744159064369,0.7370284458552069,0.9494117647058824,0.9946924758039338,0.9494117647058824,0.8937108954550076,0.9946924758039338,0,0
-23.08936224498856,182.8124502219705,-248.0980902713445,0.7370284458552069,0.9494117647058824,0.9928192319700281,0.9494117647058824,0.8930864808437057,0.9928192319700281,0,0
-23.25714017941125,182.58711224003312,-247.6861028207032,0.7370284458552069,0.9494117647058824,0.980018732438339,0.9494117647058824,0.8888196476664761,0.980018732438339,0,0
-23.0657918212197,182.4420597060912,-245.25009599876856,0.7327554633133927,0.9482352941176471,0.9628473306275367,0.9482352941176471,0.881279362686192,0.9628473306275367,0,0
-23.069886164838373,182.6425431115601,-245.9550619356825,0.7351971676230008,0.9494117647058824,0.9619107087105838,0.9494117647058824,0.8821732136798225,0.9619107087105838,0,0
-23.38487414788857,182.00876030793447,-245.80890797314413,0.7353192528384812,0.9494117647058824,0.9622229160162348,0.9494117647058824,0.8823179778535328,0.9622229160162348,0,0
-23.153776219639283,182.7045898153844,-247.1863017156031,0.7370284458552069,0.9494117647058824,0.9687792694349048,0.9494117647058824,0.8850731599986646,0.9687792694349048,0,0
-23.08790836340821,182.737022658265,-246.59679080715395,0.7362959345623245,0.9494117647058824,0.9622229160162348,0.9494117647058824,0.8826435384281472,0.9622229160162348,0,0
-23.38108244633381,182.21715122838208,-246.4533247526417,0.7362959345623245,0.9494117647058824,0.9619107087105838,0.9494117647058824,0.8825394693262636,0.9619107087105838,0,0
-23.34143926683318,182.381264875675,-246.91536345502283,0.7370284458552069,0.9494117647058824,0.9628473306275367,0.9494117647058824,0.8830958470628752,0.9628473306275367,0,0
-23.43076887749188,182.2926813651206,-247.2864886554256,0.7370284458552069,0.9494117647058824,0.9653449890727444,0.9494117647058824,0.8839283998779445,0.9653449890727444,0,0
-23.38409826587068,182.431120812591,-248.14603331138096,0.7370284458552069,0.9494117647058824,0.9831408054948486,0.9494117647058824,0.8898603386853127,0.9831408054948486,0,0
-23.64658934218207,181.63570575466147,-246.3083184096429,0.7359296789158832,0.9494117647058824,0.9622229160162348,0.9494117647058824,0.8825214532126667,0.9622229160162348,0,0
-23.50899604427281,182.2277849152408,-247.7686908678604,0.7370284458552069,0.9494117647058824,0.9715891351857634,0.9494117647058824,0.8860097819156175,0.9715891351857634,0,0
-23.6337746341532,182.08306942717635,-248.19055675724863,0.7370284458552069,0.9494117647058824,0.9753356228535748,0.9494117647058824,0.8872586111382214,0.9753356228535748,0,0
-23.730337618713907,181.8890009740713,-247.85665823498263,0.7370284458552069,0.9494117647058824,0.9681548548236029,0.9494117647058824,0.8848650217948973,0.9681548548236029,0,0
-23.600899864978857,181.9324647046001,-246.93864069828547,0.7369063606397265,0.9494117647058824,0.9622229160162348,0.9494117647058824,0.8828470137872811,0.9622229160162348,0,0
-23.639455329246864,181.96610792835304,-247.4136992157001,0.7370284458552069,0.9494117647058824,0.9640961598501405,0.9494117647058824,0.8835121234704099,0.9640961598501405,0,0
-23.79900527096605,181.7271171968229,-247.63082434041607,0.7370284458552069,0.9494117647058824,0.9634717452388386,0.9494117647058824,0.8833039852666426,0.9634717452388386,0,0
-24.096577173593303,180.9112573579773,-247.1589427431857,0.7366621902087657,0.9494117647058824,0.9619107087105838,0.9494117647058824,0.8826615545417441,0.9619107087105838,0,0
-24.235913193420267,180.686917925258,-247.4674977534128,0.7369063606397265,0.9494117647058824,0.9612862940992819,0.9494117647058824,0.8825348064816302,0.9612862940992819,0,0
-23.950243650616272,181.49540451804504,-247.84404889862915,0.7370284458552069,0.9494117647058824,0.9634717452388386,0.9494117647058824,0.8833039852666426,0.9634717452388386,0,0
-24.11726189393947,181.08558265594365,-247.65880678198343,0.7370284458552069,0.9494117647058824,0.9615985014049329,0.9494117647058824,0.8826795706553406,0.9615985014049329,0,0
-23.883476517464185,181.4746215316974,-247.29666054414483,0.7369063606397265,0.9494117647058824,0.9619107087105838,0.9494117647058824,0.8827429446853975,0.9619107087105838,0,0
-24.107836209732227,181.2323338963265,-248.0244707406709,0.7370284458552069,0.9494117647058824,0.9634717452388386,0.9494117647058824,0.8833039852666426,0.9634717452388386,0,0
-24.03123958489176,181.44723618692967,-248.2669134386724,0.7370284458552069,0.9494117647058824,0.967530440212301,0.9494117647058824,0.88465688359113,0.967530440212301,0,0
-23.84530996500612,181.7608022183253,-248.2305053378278,0.7370284458552069,0.9494117647058824,0.9709647205744615,0.9494117647058824,0.8858016437118502,0.9709647205744615,0,0
-23.87205834901654,181.2986884221516,-246.76059153352435,0.7365401049932853,0.9494117647058824,0.9622229160162348,0.9494117647058824,0.8827249285718007,0.9622229160162348,0,0
-24.318067201687448,180.65081751860785,-247.82805892752768,0.7369063606397265,0.9494117647058824,0.9619107087105838,0.9494117647058824,0.8827429446853975,0.9619107087105838,0,0
-24.454750484881643,180.3957247137388,-248.0871006030373,0.7369063606397265,0.9494117647058824,0.9625351233218857,0.9494117647058824,0.8829510828891648,0.9625351233218857,0,0
-24.5506052852,179.955712858,-247.956077029,0.7366621902087657,0.9494117647058824,0.9631595379331876,0.9494117647058824,0.8830778309492787,0.9631595379331876,0,0
-24.22009109488754,180.98706195884603,-248.02451707527365,0.7370284458552069,0.9494117647058824,0.9625351233218857,0.9494117647058824,0.8829917779609916,0.9625351233218857,0,0
-24.33731600064262,180.7773364192332,-248.19933770594287,0.7370284458552069,0.9494117647058824,0.9628473306275367,0.9494117647058824,0.8830958470628752,0.9628473306275367,0,0
-24.2004786313,181.126365204,-248.300793514,0.7370284458552069,0.9494117647058824,0.9644083671557915,0.9494117647058824,0.8836161925722935,0.9644083671557915,0,0
-19.56710398371173,185.98480999196727,-248.8336101740205,0.7369063606397265,0.9494117647058824,0.9656571963783952,0.9494117647058824,0.8839917739080013,0.9656571963783952,0,0
-20.08150257905257,185.63897675534707,-248.84585280754013,0.7370284458552069,0.9494117647058824,0.9653449890727444,0.9494117647058824,0.8839283998779445,0.9653449890727444,0,0
-20.506630424836093,185.3883549054805,-248.5605121935755,0.7370284458552069,0.9494117647058824,0.9634717452388386,0.9494117647058824,0.8833039852666426,0.9634717452388386,0,0
-19.739688183,185.702890022,-249.522572099,0.7370284458552069,0.9494117647058824,0.9715891351857634,0.9494117647058824,0.8860097819156175,0.9715891351857634,0,0
-20.46917371157869,185.23196206029107,-249.4078588256418,0.7370284458552069,0.9494117647058824,0.9712769278801124,0.9494117647058824,0.8859057128137339,0.9712769278801124,0,0
-20.972659022993323,184.98757149594672,-248.65376331151376,0.7370284458552069,0.9494117647058824,0.9656571963783952,0.9494117647058824,0.8840324689798281,0.9656571963783952,0,0
-21.17551920704485,184.69751914579905,-249.2727272699757,0.7370284458552069,0.9494117647058824,0.9731501717140181,0.9494117647058824,0.8865301274250358,0.9731501717140181,0,0
-21.53929488883116,184.4797248364245,-248.5850820986857,0.7370284458552069,0.9494117647058824,0.9709647205744615,0.9494117647058824,0.8858016437118502,0.9709647205744615,0,0
-22.075999035397505,183.9470277879549,-248.5223692104646,0.7370284458552069,0.9494117647058824,0.9784576959100842,0.9494117647058824,0.8882993021570579,0.9784576959100842,0,0
-22.529146704271533,183.45933068712424,-248.4748102216361,0.7370284458552069,0.9494117647058824,0.9893849516078677,0.9494117647058824,0.8919417207229857,0.9893849516078677,0,0
-22.70178049997487,183.23685334739625,-248.8869517969758,0.7370284458552069,0.9494117647058824,0.9912581954417733,0.9494117647058824,0.8925661353342874,0.9912581954417733,0,0
-22.278267013414304,183.6884683565248,-249.00819677562336,0.7370284458552069,0.9494117647058824,0.9862628785513581,0.9494117647058824,0.8909010297041492,0.9862628785513581,0,0
-21.775086453153595,184.176718140918,-249.137432828694,0.7370284458552069,0.9494117647058824,0.9775210739931315,0.9494117647058824,0.8879870948514069,0.9775210739931315,0,0
-22.89934785695421,183.03270408607744,-248.44024187538864,0.7370284458552069,0.9494117647058824,0.9928192319700281,0.9494117647058824,0.8930864808437057,0.9928192319700281,0,0
-23.20395441341664,182.66430348785545,-248.41567885326063,0.7370284458552069,0.9494117647058824,0.9912581954417733,0.9494117647058824,0.8925661353342874,0.9912581954417733,0,0
-23.061205152556965,182.8245475897356,-248.77515204578623,0.7370284458552069,0.9494117647058824,0.9918826100530752,0.9494117647058824,0.8927742735380547,0.9918826100530752,0,0
-23.368473479317217,182.45139448727,-248.67323517297788,0.7370284458552069,0.9494117647058824,0.9884483296909148,0.9494117647058824,0.8916295134173348,0.9884483296909148,0,0
-23.445739891705767,182.355021311012,-248.398955185011,0.7370284458552069,0.9494117647058824,0.9850140493287542,0.9494117647058824,0.8904847532966146,0.9850140493287542,0,0
-23.627630135450893,182.11203955939263,-248.5797239115575,0.7370284458552069,0.9494117647058824,0.98033093974399,0.9494117647058824,0.8889237167683598,0.98033093974399,0,0
-24.03664012755124,181.46463062302715,-248.39785066180536,0.7370284458552069,0.9494117647058824,0.9697158913518577,0.9494117647058824,0.8853853673043156,0.9697158913518577,0,0
-23.84663773845599,181.7903961955476,-248.49000957655625,0.7370284458552069,0.9494117647058824,0.97377458632532,0.9494117647058824,0.8867382656288031,0.97377458632532,0,0
-24.2004786313,181.126365204,-248.300793514,0.7370284458552069,0.9494117647058824,0.9644083671557915,0.9494117647058824,0.8836161925722935,0.9644083671557915,0,0
-18.88294890885282,180.1132449381875,-231.88821157581333,0.7370284458552069,0.9410294117647059,0.9950046831095848,0.9410294117647059,0.8910208469098325,0.9950046831095848,0,0
-18.83965095854297,181.2554257408,-232.2098940591385,0.7370284458552069,0.94,0.9950046831095848,0.94,0.8906777096549305,0.9950046831095848,0,0
-19.134885227091186,179.2449030247145,-232.48087526344443,0.7370284458552069,0.9420588235294117,0.9959413050265377,0.9420588235294117,0.8916761914703853,0.9959413050265377,0,0
-19.11348378526811,177.51750904259677,-232.58447433052265,0.7370284458552069,0.9427941176470588,0.9962535123321886,0.9427941176470588,0.8920253586114848,0.9962535123321886,0,0
-18.979691671297378,182.12253786648176,-233.0756291403916,0.7370284458552069,0.9408823529411765,0.9953168904152357,0.9408823529411765,0.8910758964038731,0.9953168904152357,0,0
-18.58588687879949,183.29528142211183,-232.79398508030343,0.7370284458552069,0.9402941176470588,0.9946924758039338,0.9402941176470588,0.8906716797687332,0.9946924758039338,0,0
-18.025950803100248,183.85542431200008,-231.637319551,0.7370284458552069,0.9407352941176471,0.9943802684982829,0.9407352941176471,0.890714669490379,0.9943802684982829,0,0
-19.339753224659287,180.51651278654523,-233.333417991626,0.7370284458552069,0.9414705882352942,0.9962535123321886,0.9414705882352942,0.8915841821408965,0.9962535123321886,0,0
-19.500422948117755,178.94261224890585,-233.519293985008,0.7370284458552069,0.9422058823529412,0.9962535123321886,0.9422058823529412,0.8918292801801123,0.9962535123321886,0,0
-19.5959591588952,181.4033066448695,-234.34436235845428,0.7370284458552069,0.941764705882353,0.9962535123321886,0.941764705882353,0.8916822213565828,0.9962535123321886,0,0
-19.80150340040036,177.74799409207375,-234.5484130075116,0.7354413380539616,0.9494117647058824,1.0,0.9494117647058824,0.8949510342532814,1.0,0,0
-19.15763779582277,182.8091421988046,-234.0008055810663,0.7370284458552069,0.9408823529411765,0.9959413050265377,0.9408823529411765,0.8912840346076404,0.9959413050265377,0,0
-19.7468935054222,182.36948833386,-235.2848691488104,0.7327554633133927,0.9473529411764706,1.0,0.9473529411764706,0.8933694681632879,1.0,0,0
-19.93827864859076,179.62935668973148,-234.7343677828586,0.7333658893907947,0.9475,1.0,0.9475,0.8936219631302649,1.0,0,0
-20.177932869142563,181.0481019872587,-235.6971749558788,0.7323892076669515,0.946764705882353,1.0,0.946764705882353,0.8930513045164349,1.0,0,0
-20.349175435037,178.71036330043356,-235.820523639732,0.7331217189598339,0.9469117647058823,1.0,0.9469117647058823,0.8933444945552388,1.0,0,0
-20.358449022852906,177.5364951120686,-236.13255676738743,0.7333658893907947,0.9473529411764706,1.0,0.9473529411764706,0.8935729435224218,1.0,0,0
-20.51227477091581,179.91493407943537,-236.24756467872928,0.7320229520205103,0.9460294117647059,1.0,0.9460294117647059,0.8926841212617388,1.0,0,0
-20.80248208921904,178.5996072903675,-237.017786509408,0.7320229520205103,0.9427941176470588,1.0,0.9427941176470588,0.8916056898891896,1.0,0,0
-20.829423685074183,177.5415435794216,-237.3696423822076,0.7323892076669515,0.9425,1.0,0.9425,0.8916297358889839,1.0,0,0
-16.37566281713387,187.89188809615888,-231.95161905200405,0.7370284458552069,0.9427941176470588,0.9940680611926319,0.9427941176470588,0.8912968748982992,0.9940680611926319,0,0
-16.89081096678398,187.1914092197894,-232.52891815642923,0.7370284458552069,0.9425,0.9940680611926319,0.9425,0.8911988356826129,0.9940680611926319,0,0
-17.06610006183574,186.2239267441652,-231.53570572447964,0.7370284458552069,0.9423529411764706,0.9940680611926319,0.9423529411764706,0.8911498160747698,0.9940680611926319,0,0
-17.52999884058909,185.95054729746644,-232.67049283393217,0.7370284458552069,0.9420588235294117,0.9946924758039338,0.9420588235294117,0.8912599150628507,0.9946924758039338,0,0
-17.567187942817704,185.1059272520349,-231.62747126536752,0.7370284458552069,0.941764705882353,0.9940680611926319,0.941764705882353,0.8909537376433972,0.9940680611926319,0,0
-18.09073923774039,184.77173846178565,-232.87037470257545,0.7370284458552069,0.9410294117647059,0.9946924758039338,0.9410294117647059,0.8909167778079489,0.9946924758039338,0,0
-17.334164797088146,186.81008327898752,-233.42284130803603,0.7370284458552069,0.9422058823529412,0.9946924758039338,0.9422058823529412,0.891308934670694,0.9946924758039338,0,0
-18.64865041776707,184.32253647068484,-234.0143294422521,0.7370284458552069,0.9410294117647059,0.9953168904152357,0.9410294117647059,0.8911249160117162,0.9953168904152357,0,0
-18.02800477978205,185.8759991435123,-234.17601699183223,0.7370284458552069,0.9411764705882353,0.9950046831095848,0.9411764705882353,0.8910698665176756,0.9950046831095848,0,0
-18.68639133090736,185.14180324802027,-235.15976945430768,0.7370284458552069,0.9411764705882353,0.9962535123321886,0.9411764705882353,0.8914861429252102,0.9962535123321886,0,0
-19.330328963291887,183.90516357680764,-235.5227360333625,0.7325112928824319,0.9473529411764706,1.0,0.9473529411764706,0.8932880780196341,1.0,0,0
-19.00914216519784,185.1664467496042,-236.2008051476216,0.7322671224514711,0.9469117647058823,1.0,0.9469117647058823,0.8930596290524511,1.0,0,0
-19.87581993129849,183.371037453526,-236.50217236009664,0.7322671224514711,0.9463235294117647,0.9993755853886981,0.9463235294117647,0.8926554124173113,0.9993755853886981,0,0
-19.554007543653903,184.52581211828,-236.9338246701973,0.7323892076669515,0.9460294117647059,0.9981267561660943,0.9460294117647059,0.8921817918659172,0.9981267561660943,0,0
-14.938131148,187.891189618,-249.99815914,0.5493834696618239,0.6808823529411765,0.7658445207617858,0.6808823529411765,0.6653701144549288,0.7658445207617858,0,0
-16.10054436820394,187.41946168227653,-249.90082098486047,0.6214137467952631,0.7492647058823529,0.80986575085857,0.7492647058823529,0.7268480678453955,0.80986575085857,0,0
-17.19693160690154,186.94972379668167,-249.8014057086402,0.7356855084849224,0.9395588235294118,0.9750234155479238,0.9395588235294118,0.8834225825207526,0.9750234155479238,0,0
-17.72610329255052,186.9212241741256,-249.17928025602563,0.7359296789158832,0.9419117647058823,0.9731501717140181,0.9419117647058823,0.8836638717785945,0.9731501717140181,0,0
-18.4181599734326,186.57615705660203,-249.1052753105162,0.7362959345623245,0.9480882352941177,0.9712769278801124,0.9480882352941177,0.8852203659121849,0.9712769278801124,0,0
-18.1608423212938,186.5127997706052,-249.7066604504616,0.736173849346844,0.941764705882353,0.9756478301592257,0.941764705882353,0.8845287951294742,0.9756478301592257,0,0
-19.017411996051763,186.2918523566545,-248.9322700062276,0.7365401049932853,0.9494117647058824,0.9687792694349048,0.9494117647058824,0.8849103797113574,0.9687792694349048,0,0
-18.99344477896995,186.10896002581865,-249.6167156821485,0.7365401049932853,0.9488235294117647,0.97377458632532,0.9488235294117647,0.8863794069101233,0.97377458632532,0,0
-19.30765341852321,186.0524737088228,-249.1799305530892,0.7369063606397265,0.9494117647058824,0.9700280986575086,0.9494117647058824,0.8854487413343725,0.9700280986575086,0,0
-19.739688183,185.702890022,-249.522572099,0.7370284458552069,0.9494117647058824,0.9715891351857634,0.9494117647058824,0.8860097819156175,0.9715891351857634,0,0
1.959303852262391,187.08626180579105,-248.09700616003764,0.716273959223538,0.21161764705882352,0.9303777708398376,0.716273959223538,0.6194231257073998,0.9303777708398376,0,0
2.2700169935718795,186.93460121695028,-247.892900948537,0.7161518740080576,0.21161764705882352,0.9303777708398376,0.7161518740080576,0.6193824306355729,0.9303777708398376,0,0
2.1317289986999866,186.76239115,-248.23613725300004,0.7161518740080576,0.2114705882352941,0.9303777708398376,0.7161518740080576,0.6193334110277298,0.9303777708398376,0,0
2.0513560036160152,187.3086804409817,-247.7456428841552,0.716273959223538,0.21161764705882352,0.9303777708398376,0.716273959223538,0.6194231257073998,0.9303777708398376,0,0
2.425478511233731,187.1268196345621,-247.50308923922464,0.7161518740080576,0.21161764705882352,0.9303777708398376,0.7161518740080576,0.6193824306355729,0.9303777708398376,0,0
1.783261407122461,186.73737360849765,-248.67025204279813,0.716273959223538,0.2114705882352941,0.9306899781454886,0.716273959223538,0.6194781752014402,0.9306899781454886,0,0
2.0029416775709548,186.60104577947183,-248.5528167139722,0.7161518740080576,0.2114705882352941,0.9306899781454886,0.7161518740080576,0.6194374801296134,0.9306899781454886,0,0
1.87360829522,186.438045682,-248.86830842900005,0.7161518740080576,0.21132352941176472,0.9306899781454886,0.7161518740080576,0.6193884605217703,0.9306899781454886,0,0
1.5755111121085166,186.6861099346562,-248.9565074496784,0.716273959223538,0.2114705882352941,0.9306899781454886,0.716273959223538,0.6194781752014402,0.9306899781454886,0,0
1.8483888621690376,186.898699928254,-248.42553391232568,0.716273959223538,0.2114705882352941,0.9306899781454886,0.716273959223538,0.6194781752014402,0.9306899781454886,0,0
1.524154141741067,187.01785256342,-248.648177067275,0.7163960444390184,0.21161764705882352,0.9306899781454886,0.7163960444390184,0.6195678898811101,0.9306899781454886,0,0
1.698513864236453,187.15437689428973,-248.30775022368465,0.7163960444390184,0.21161764705882352,0.9303777708398376,0.7163960444390184,0.6194638207792265,0.9303777708398376,0,0
1.2296025726369824,186.9360740324356,-249.0472350245668,0.7163960444390184,0.21161764705882352,0.9303777708398376,0.7163960444390184,0.6194638207792265,0.9303777708398376,0,0
2.16724172416324,187.5568935191868,-247.3303226537089,0.716273959223538,0.21176470588235294,0.9303777708398376,0.716273959223538,0.6194721453152429,0.9303777708398376,0,0
2.6001922431162945,187.34092692141803,-247.0601993960548,0.716273959223538,0.21176470588235294,0.9303777708398376,0.716273959223538,0.6194721453152429,0.9303777708398376,0,0
1.6842772509954718,187.40714688571163,-248.02890451292487,0.7165181296544988,0.21161764705882352,0.9303777708398376,0.7165181296544988,0.6195045158510534,0.9303777708398376,0,0
2.302998289948459,187.828871716072,-246.85504715213017,0.7163960444390184,0.21205882352941177,0.9306899781454886,0.7163960444390184,0.6197149487046395,0.9306899781454886,0,0
2.796503807003232,187.57884006185017,-246.5567953427302,0.716273959223538,0.21205882352941177,0.9303777708398376,0.716273959223538,0.6195701845309292,0.9303777708398376,0,0
2.463749416597477,188.13382076927144,-246.2993859309856,0.7163960444390184,0.21235294117647058,0.9303777708398376,0.7163960444390184,0.6197089188184423,0.9303777708398376,0,0
3.017078422319765,187.8424646472032,-245.98437883210423,0.716273959223538,0.21205882352941177,0.9303777708398376,0.716273959223538,0.6195701845309292,0.9303777708398376,0,0
3.264973642560515,188.1336338174592,-245.3332479187563,0.7163960444390184,0.21235294117647058,0.9303777708398376,0.7163960444390184,0.6197089188184423,0.9303777708398376,0,0
2.6402555714972484,188.46499251908224,-245.67739938488984,0.7165181296544988,0.21235294117647058,0.9297533562285357,0.7165181296544988,0.6195414756865016,0.9297533562285357,0,0
1.7299032221824246,187.68609287817927,-247.6433116884278,0.7165181296544988,0.21205882352941177,0.9306899781454886,0.7165181296544988,0.6197556437764664,0.9306899781454886,0,0
1.1128305502590936,187.3137184339093,-248.7176781049293,0.7165181296544988,0.21205882352941177,0.9306899781454886,0.7165181296544988,0.6197556437764664,0.9306899781454886,0,0
1.397103426280357,187.36896637815929,-248.3690454856913,0.7165181296544988,0.21191176470588236,0.9303777708398376,0.7165181296544988,0.6196025550667396,0.9303777708398376,0,0
0.8212273188198305,187.1956772580812,-249.14346080818544,0.7165181296544988,0.21205882352941177,0.9306899781454886,0.7165181296544988,0.6197556437764664,0.9306899781454886,0,0
6.0795790581052405,190.96376287993792,-237.6401918641909,0.7364180197778049,0.9494117647058824,0.9940680611926319,0.9494117647058824,0.8932992818921064,0.9940680611926319,0,0
5.323067399314779,191.87279727048136,-237.0926901807781,0.7364180197778049,0.9494117647058824,0.9940680611926319,0.9494117647058824,0.8932992818921064,0.9940680611926319,0,0
6.647155660930292,191.4188954360003,-236.06398667000016,0.7364180197778049,0.9494117647058824,0.9940680611926319,0.9494117647058824,0.8932992818921064,0.9940680611926319,0,0
5.100030802172162,192.6131075820676,-235.81509446861944,0.7364180197778049,0.9494117647058824,0.9940680611926319,0.9494117647058824,0.8932992818921064,0.9940680611926319,0,0
5.55865819258484,190.51137296147687,-239.0846078519254,0.7365401049932853,0.9494117647058824,0.9943802684982829,0.9494117647058824,0.8934440460658167,0.9943802684982829,0,0
4.73794477481162,191.58726753832588,-238.3362516252008,0.7364180197778049,0.9494117647058824,0.9940680611926319,0.9494117647058824,0.8932992818921064,0.9940680611926319,0,0
4.61126174795806,189.6034677850724,-241.6967765708923,0.7165181296544988,0.2122058823529412,0.9288167343115828,0.7165181296544988,0.6191802487730076,0.9288167343115828,0,0
4.211776845889546,189.18843892750053,-242.7883440769198,0.7163960444390184,0.21205882352941177,0.9288167343115828,0.7163960444390184,0.6190905340933376,0.9288167343115828,0,0
3.590448353984806,190.13717250875453,-242.18647316400137,0.7165181296544988,0.21235294117647058,0.9294411489228848,0.7165181296544988,0.619437406584618,0.9294411489228848,0,0
1.808997239105801,187.98947430236527,-247.17896496545177,0.7165181296544988,0.21235294117647058,0.9306899781454886,0.7165181296544988,0.6198536829921526,0.9306899781454886,0,0
1.3571346300021176,187.70339814482105,-247.9946020037779,0.7165181296544988,0.21235294117647058,0.9306899781454886,0.7165181296544988,0.6198536829921526,0.9306899781454886,0,0
1.907444291864815,188.32657316772404,-246.6344798388968,0.7165181296544988,0.2126470588235294,0.9306899781454886,0.7165181296544988,0.6199517222078389,0.9306899781454886,0,0
2.834724882358899,188.8249722981769,-244.9782941959517,0.7165181296544988,0.21235294117647058,0.9291289416172338,0.7165181296544988,0.6193333374827343,0.9291289416172338,0,0
3.5437405371164115,188.45403564809104,-244.5923441540118,0.7163960444390184,0.21235294117647058,0.9294411489228848,0.7163960444390184,0.6193967115127913,0.9294411489228848,0,0
3.857577397616781,188.80514918019784,-243.74905428726203,0.7163960444390184,0.21205882352941177,0.9291289416172338,0.7163960444390184,0.6191946031952212,0.9291289416172338,0,0
3.050918784158125,189.22662193962665,-244.1733301558712,0.7165181296544988,0.21235294117647058,0.9291289416172338,0.7165181296544988,0.6193333374827343,0.9291289416172338,0,0
2.0039418380539584,188.68156959235503,-246.047248205313,0.7165181296544988,0.2126470588235294,0.9306899781454886,0.7165181296544988,0.6199517222078389,0.9306899781454886,0,0
2.104091584768628,189.06816273927,-245.38674164286164,0.7165181296544988,0.2126470588235294,0.9303777708398376,0.7165181296544988,0.6198476531059552,0.9303777708398376,0,0
1.4079423087497007,189.20909225336845,-245.81649419816395,0.7165181296544988,0.21338235294117647,0.9325632219793943,0.7165181296544988,0.6208212348583565,0.9325632219793943,0,0
1.357130784763964,188.04578449294223,-247.5486002736847,0.7165181296544988,0.21279411764705883,0.9306899781454886,0.7165181296544988,0.620000741815682,0.9306899781454886,0,0
0.9984877099852068,187.6886095659061,-248.3557733395158,0.7165181296544988,0.21279411764705883,0.9306899781454886,0.7165181296544988,0.620000741815682,0.9306899781454886,0,0
0.6710713539310804,187.6135087622728,-248.7554625790164,0.7165181296544988,0.21308823529411763,0.9306899781454886,0.7165181296544988,0.6200987810313684,0.9306899781454886,0,0
0.927885454804812,188.0720124670502,-247.910830908376,0.7167623000854596,0.21352941176470588,0.9310021854511396,0.7167623000854596,0.620431299100435,0.9310021854511396,0,0
0.3433317123163439,187.4652544151608,-249.245574556936,0.7165181296544988,0.21323529411764705,0.9306899781454886,0.7165181296544988,0.6201478006392115,0.9306899781454886,0,0
3.2977664543186744,189.6611232102236,-243.25608771590623,0.7165181296544988,0.21235294117647058,0.9291289416172338,0.7165181296544988,0.6193333374827343,0.9291289416172338,0,0
3.9454780314341216,190.61060323774004,-241.00730703201447,0.7167623000854596,0.21352941176470588,0.9303777708398376,0.7167623000854596,0.6202231608966677,0.9303777708398376,0,0
5.063106321498818,190.05008324457,-240.45423869938472,0.7165181296544988,0.21279411764705883,0.9285045270059319,0.7165181296544988,0.6192722581024964,0.9285045270059319,0,0
4.308503445745924,191.1110781248505,-239.7181152105333,0.7167623000854596,0.21441176470588236,0.9319388073680924,0.7167623000854596,0.6210376240531449,0.9319388073680924,0,0
3.7410571240619097,192.6181291907352,-237.12383376055527,0.7364180197778049,0.9494117647058824,0.9940680611926319,0.9494117647058824,0.8932992818921064,0.9940680611926319,0,0
3.288145887649782,193.47885202783533,-235.3003162208951,0.7364180197778049,0.9494117647058824,0.9940680611926319,0.9494117647058824,0.8932992818921064,0.9940680611926319,0,0
2.3457809374437986,189.9640049675635,-243.7347761589857,0.7165181296544988,0.21235294117647058,0.9328754292850453,0.7165181296544988,0.6205821667053382,0.9328754292850453,0,0
3.326892342364612,191.9908563522624,-238.92895039235296,0.7366621902087657,0.9494117647058824,0.9946924758039338,0.9494117647058824,0.8935888102395273,0.9946924758039338,0,0
2.505262736896579,190.45237941831843,-242.73660944781943,0.7165181296544988,0.21279411764705883,0.9350608804246019,0.7165181296544988,0.6214577092420531,0.9350608804246019,0,0
2.682150850944459,190.97888987031115,-241.59415585334503,0.7167623000854596,0.21352941176470588,0.9369341242585076,0.7167623000854596,0.6224086120362243,0.9369341242585076,0,0
1.3731402935520884,188.4184711705505,-247.02273726141928,0.7165181296544988,0.21352941176470588,0.9310021854511396,0.7165181296544988,0.6203499089567814,0.9310021854511396,0,0
0.1554818108845574,187.9249962905737,-248.79075485019075,0.7167623000854596,0.21426470588235294,0.9319388073680924,0.7167623000854596,0.6209886044453016,0.9319388073680924,0,0
1.388152191802897,188.80792706430503,-246.44619516115213,0.7165181296544988,0.21352941176470588,0.9319388073680924,0.7165181296544988,0.6206621162624324,0.9319388073680924,0,0
0.8570941890741836,188.85136530357343,-246.84895711852155,0.7167623000854596,0.21426470588235294,0.9325632219793943,0.7167623000854596,0.6211967426490689,0.9325632219793943,0,0
0.8076691557734603,189.28686888764187,-246.2084288904301,0.7167623000854596,0.21411764705882352,0.9350608804246019,0.7167623000854596,0.621980275856295,0.9350608804246019,0,0
2.2192290464512823,189.49015633112927,-244.62760412506063,0.7165181296544988,0.21235294117647058,0.9310021854511396,0.7165181296544988,0.6199577520940363,0.9310021854511396,0,0
1.431433356340866,189.632050585934,-245.113362146238,0.7165181296544988,0.21294117647058824,0.9350608804246019,0.7165181296544988,0.6215067288498963,0.9350608804246019,0,0
0.815225026531358,189.69342585168204,-245.52791392762924,0.7167623000854596,0.2136764705882353,0.9366219169528567,0.7167623000854596,0.6223535625421839,0.9366219169528567,0,0
0.8978518126916444,188.45459774578788,-247.40082019551588,0.7167623000854596,0.21426470588235294,0.9319388073680924,0.7167623000854596,0.6209886044453016,0.9319388073680924,0,0
0.5324853898527412,188.0221078953608,-248.3304700847104,0.7167623000854596,0.21426470588235294,0.9319388073680924,0.7167623000854596,0.6209886044453016,0.9319388073680924,0,0
0.4316409756826141,188.43669674172685,-247.8281763981238,0.7167623000854596,0.21485294117647058,0.9325632219793943,0.7167623000854596,0.6213928210804415,0.9325632219793943,0,0
-0.212033884323588,187.7452282192144,-249.3540294528072,0.7167623000854596,0.21426470588235294,0.9316266000624415,0.7167623000854596,0.6208845353434179,0.9316266000624415,0,0
1.811389359969477,193.430974952094,-236.43876842952344,0.7365401049932853,0.9494117647058824,0.9940680611926319,0.9494117647058824,0.8933399769639331,0.9940680611926319,0,0
1.4151458922830602,194.0974590887137,-234.6585136377688,0.7364180197778049,0.9494117647058824,0.9940680611926319,0.9494117647058824,0.8932992818921064,0.9940680611926319,0,0
1.4393876706220303,190.1196581395342,-244.26855727933005,0.7165181296544988,0.21279411764705883,0.9369341242585076,0.7165181296544988,0.622082123853355,0.9369341242585076,0,0
2.907102563567271,191.49675986419925,-240.35719649141896,0.71688438530094,0.21455882352941177,0.9388073680924134,0.71688438530094,0.623416858974255,0.9388073680924134,0,0
1.7923765970371746,192.81818171502672,-238.13434824064285,0.7366621902087657,0.9494117647058824,0.9946924758039338,0.9494117647058824,0.8935888102395273,0.9946924758039338,0,0
1.4474838092526598,190.6311149056476,-243.3186302229052,0.7165181296544988,0.2126470588235294,0.9397439900093663,0.7165181296544988,0.6229697261624648,0.9397439900093663,0,0
1.7065676642331589,192.2883392937576,-239.5365578959327,0.7369063606397265,0.9494117647058824,0.9950046831095848,0.9494117647058824,0.8937742694850646,0.9950046831095848,0,0
1.527736579806872,191.70133119711804,-241.04035863173283,0.7173727261628616,0.21455882352941177,0.9425538557602248,0.7173727261628616,0.6248284684841661,0.9425538557602248,0,0
1.4874976031620033,191.16085130673443,-242.2336381181971,0.7165181296544988,0.21323529411764705,0.9413050265376209,0.7165181296544988,0.6236861501032557,0.9413050265376209,0,0
0.2789395902270978,189.2969221342624,-246.6230239661476,0.7167623000854596,0.21426470588235294,0.9359975023415548,0.7167623000854596,0.6223415027697891,0.9359975023415548,0,0
0.3424728308341015,188.86761394415663,-247.25480240271503,0.7167623000854596,0.21455882352941177,0.9341242585076491,0.7167623000854596,0.6218151273741735,0.9341242585076491,0,0
-0.486156577199076,188.26933181692203,-248.8277068671389,0.7167623000854596,0.21544117647058825,0.9325632219793943,0.7167623000854596,0.6215888995118141,0.9325632219793943,0,0
-0.8539827737356986,188.03615199048363,-249.46936608898665,0.7364180197778049,0.9466176470588236,0.9928192319700281,0.9466176470588236,0.8919516329355521,0.9928192319700281,0,0
-0.0317824859091403,188.38194950020448,-248.2930303440709,0.7167623000854596,0.21544117647058825,0.9325632219793943,0.7167623000854596,0.6215888995118141,0.9325632219793943,0,0
-0.1803567979129355,188.84306819103864,-247.7121743217617,0.7167623000854596,0.2151470588235294,0.9350608804246019,0.7167623000854596,0.622323413111197,0.9350608804246019,0,0
-0.3167902424206384,189.3026015797664,-247.0782455580992,0.7167623000854596,0.21426470588235294,0.9363097096472057,0.7167623000854596,0.6224455718716727,0.9363097096472057,0,0
0.1787047983334992,189.7185317288956,-245.99136764370408,0.7167623000854596,0.2139705882352941,0.9369341242585076,0.7167623000854596,0.6225556708597538,0.9369341242585076,0,0
0.7740406026562026,190.13856460951027,-244.7783890913638,0.7165181296544988,0.21279411764705883,0.9381829534811115,0.7165181296544988,0.6224984002608897,0.9381829534811115,0,0
0.2204239803956271,190.03213595936657,-245.4036851450716,0.7167623000854596,0.21338235294117647,0.9381829534811115,0.7167623000854596,0.6227758688359158,0.9381829534811115,0,0
-0.2152118143934593,190.5473445982886,-244.75995250406257,0.7167623000854596,0.21352941176470588,0.9400561973150172,0.7167623000854596,0.6234493030550609,0.9400561973150172,0,0
-1.168851602979684,188.5724218973233,-248.89882953601045,0.7362959345623245,0.9473529411764706,0.9928192319700281,0.9473529411764706,0.892156035902941,0.9928192319700281,0,0
-1.59304608234861,188.33844085567603,-249.5921403905665,0.7364180197778049,0.9461764705882353,0.9928192319700281,0.9461764705882353,0.8918045741120227,0.9928192319700281,0,0
-7.085946890745567,194.8399540325861,-231.9468587827943,0.7370284458552069,0.9395588235294118,0.9940680611926319,0.9395588235294118,0.8902184435257502,0.9940680611926319,0,0
-8.450206153510658,194.652961607812,-231.6877964155317,0.7370284458552069,0.9395588235294118,0.99344364658133,0.9395588235294118,0.8900103053219829,0.99344364658133,0,0
0.0290780849390585,193.96917247132524,-235.7200733829476,0.7365401049932853,0.9494117647058824,0.9943802684982829,0.9494117647058824,0.8934440460658167,0.9943802684982829,0,0
-0.315300456655927,194.50267634179744,-234.0049741020744,0.7369063606397265,0.9126470588235294,0.9828285981891977,0.9126470588235294,0.8774606725508178,0.9828285981891977,0,0
0.0609659259422562,193.45157837914084,-237.37276104663945,0.7369063606397265,0.9494117647058824,0.9946924758039338,0.9494117647058824,0.8936702003831809,0.9946924758039338,0,0
-0.0053754395918157,192.93795882058453,-238.944235041594,0.7369063606397265,0.9494117647058824,0.9950046831095848,0.9494117647058824,0.8937742694850646,0.9950046831095848,0,0
0.6261515679992908,190.64182290112188,-243.9460956889372,0.7165181296544988,0.21279411764705883,0.9400561973150172,0.7165181296544988,0.6231228148721916,0.9400561973150172,0,0
0.4298490158506989,191.20285380676867,-242.94727726471683,0.7167623000854596,0.21352941176470588,0.9425538557602248,0.7167623000854596,0.6242818558701301,0.9425538557602248,0,0
0.2368221470608855,192.35573140134764,-240.37686351020085,0.7185935783176657,0.21691176470588236,0.9509834530128005,0.7185935783176657,0.6288295986787829,0.9509834530128005,0,0
0.2879271436336437,191.7413350382012,-241.8483881122503,0.717494811378342,0.2160294117647059,0.9478613799562909,0.717494811378342,0.6271285343664462,0.9478613799562909,0,0
-0.2887455893528752,189.64417895858264,-246.47806405482103,0.7167623000854596,0.2136764705882353,0.9372463315641586,0.7167623000854596,0.6225617007459512,0.9372463315641586,0,0
-0.6918344363448241,188.78510569616256,-248.199962640202,0.7167623000854596,0.21529411764705883,0.9350608804246019,0.7167623000854596,0.6223724327190401,0.9350608804246019,0,0
-0.8597267083983567,189.3112372691764,-247.47034011212,0.71688438530094,0.21426470588235294,0.9375585388698096,0.71688438530094,0.6229025433510341,0.9375585388698096,0,0
-0.9428632580339114,189.788250957652,-246.7063185627095,0.717494811378342,0.21411764705882352,0.9384951607867624,0.717494811378342,0.623369206407976,0.9384951607867624,0,0
-0.6702831801996698,190.1798424606402,-245.794658205036,0.7171285557319008,0.21352941176470588,0.9397439900093663,0.7171285557319008,0.6234673191686576,0.9397439900093663,0,0
-0.6438412596868184,191.138007717022,-243.8518186422296,0.7171285557319008,0.21426470588235294,0.9441148922884796,0.7171285557319008,0.6251693846342444,0.9441148922884796,0,0
-1.0251616457897954,190.7887714650376,-244.8519218183256,0.717494811378342,0.21426470588235294,0.9425538557602248,0.717494811378342,0.6247711243403066,0.9425538557602248,0,0
-1.4467677980329674,189.1391017360748,-248.1854151627244,0.7171285557319008,0.21426470588235294,0.9378707461754605,0.7171285557319008,0.6230880025965714,0.9378707461754605,0,0
-1.9728893040902429,188.91257861305257,-248.9421005579997,0.7362959345623245,0.9473529411764706,0.9928192319700281,0.9473529411764706,0.892156035902941,0.9928192319700281,0,0
-2.442219903305267,188.649722947752,-249.7221540104806,0.7364180197778049,0.9460294117647059,0.9928192319700281,0.9460294117647059,0.8917555545041796,0.9928192319700281,0,0
-1.601649363246644,194.35181649543173,-234.94410872319955,0.7369063606397265,0.9189705882352941,0.9834530128004996,0.9189705882352941,0.87977665389184,0.9834530128004996,0,0
-1.8513688803058448,194.7603859823274,-233.3924402955105,0.7366621902087657,0.9155882352941176,0.9828285981891977,0.9155882352941176,0.878359674564027,0.9828285981891977,0,0
-2.997233651396498,194.59006431440875,-234.27538298342355,0.7369063606397265,0.9191176470588235,0.9850140493287542,0.9191176470588235,0.8803460190091014,0.9850140493287542,0,0
-3.207351496435181,194.9184485448445,-232.83151931115248,0.7366621902087657,0.9177941176470589,0.9831408054948486,0.9177941176470589,0.8791990377835578,0.9831408054948486,0,0
-4.257694826395188,194.75306101876703,-233.5813212457034,0.7366621902087657,0.9191176470588235,0.9853262566344052,0.9191176470588235,0.8803686979673314,0.9853262566344052,0,0
-4.401857159952654,195.00223543207863,-232.32003339248428,0.7370284458552069,0.9395588235294118,0.9940680611926319,0.9395588235294118,0.8902184435257502,0.9940680611926319,0,0
-6.262111802953491,194.86486237854493,-232.42529845919583,0.7370284458552069,0.9395588235294118,0.9940680611926319,0.9395588235294118,0.8902184435257502,0.9940680611926319,0,0
-5.4517703856899,195.0303106328526,-231.8551942669837,0.7370284458552069,0.9395588235294118,0.9940680611926319,0.9395588235294118,0.8902184435257502,0.9940680611926319,0,0
-5.318670939015718,194.836890841369,-232.974183952801,0.7370284458552069,0.9395588235294118,0.9940680611926319,0.9395588235294118,0.8902184435257502,0.9940680611926319,0,0
-7.079827677829071,194.7183948901109,-232.86539299322283,0.7370284458552069,0.9395588235294118,0.99344364658133,0.9395588235294118,0.8900103053219829,0.99344364658133,0,0
-7.94718304066287,194.6615873187636,-232.37927162025684,0.7370284458552069,0.9395588235294118,0.99344364658133,0.9395588235294118,0.8900103053219829,0.99344364658133,0,0
-8.72545157188254,194.5497383379508,-232.29499512983529,0.7370284458552069,0.9395588235294118,0.99344364658133,0.9395588235294118,0.8900103053219829,0.99344364658133,0,0
-8.973267178485795,194.5597448296428,-231.7463583057258,0.7370284458552069,0.9395588235294118,0.99344364658133,0.9395588235294118,0.8900103053219829,0.99344364658133,0,0
-1.524458783691205,193.90531569772256,-236.5929351180267,0.7369063606397265,0.9494117647058824,0.9946924758039338,0.9494117647058824,0.8936702003831809,0.9946924758039338,0,0
-1.8733556919568195,191.272957407382,-244.387193500436,0.7173727261628616,0.21485294117647058,0.9512956603184515,0.7173727261628616,0.6278404425525945,0.9512956603184515,0,0
-1.6362249097743546,193.4321747642712,-238.3040006341887,0.7370284458552069,0.9494117647058824,0.9956290977208867,0.9494117647058824,0.8940231027606586,0.9956290977208867,0,0
-1.7894637445631785,192.8621632929931,-240.2098863894969,0.7188377487486265,0.21705882352941178,0.9572275991258196,0.7188377487486265,0.6310413904679526,0.9572275991258196,0,0
-0.9227999207414456,191.77660311315603,-242.58777644785704,0.717494811378342,0.2163235294117647,0.9512956603184515,0.717494811378342,0.6283713337028528,0.9512956603184515,0,0
-1.734033207797056,191.6314233116302,-243.4699552312668,0.717494811378342,0.2161764705882353,0.9528566968467063,0.717494811378342,0.6288426596044279,0.9528566968467063,0,0
-0.92355088888341,192.2130988536465,-241.49652920954853,0.7185935783176657,0.21661764705882353,0.9534811114580081,0.7185935783176657,0.6295641122781658,0.9534811114580081,0,0
-1.6201577214590426,189.70328533901096,-247.33411610283488,0.717494811378342,0.21426470588235294,0.9400561973150172,0.717494811378342,0.6239385715252374,0.9400561973150172,0,0
-1.6842117337666616,190.2460890219897,-246.37838153324228,0.7179831522402637,0.2139705882352941,0.9425538557602248,0.7179831522402637,0.6248358654119275,0.9425538557602248,0,0
-1.7531983781262663,190.73105181309063,-245.4664589519016,0.7177389818093028,0.21426470588235294,0.9463003434280363,0.7177389818093028,0.626101343706564,0.9463003434280363,0,0
-2.301497465742659,189.50309514072933,-248.1529446931808,0.7362959345623245,0.9480882352941177,0.9928192319700281,0.9480882352941177,0.8924011339421568,0.9928192319700281,0,0
-2.5494906895510216,190.1223743757464,-247.18090479753576,0.7177389818093028,0.21426470588235294,0.9469247580393381,0.7177389818093028,0.6263094819103313,0.9469247580393381,0,0
-2.882263614109215,189.2602845797467,-248.97159893549485,0.7362959345623245,0.9473529411764706,0.9928192319700281,0.9473529411764706,0.892156035902941,0.9928192319700281,0,0
-3.415754375674025,188.96370261706127,-249.85805646010303,0.7364180197778049,0.9460294117647059,0.9928192319700281,0.9460294117647059,0.8917555545041796,0.9928192319700281,0,0
-3.284573984953872,189.884204692363,-248.087033064278,0.7364180197778049,0.9482352941176471,0.993131439275679,0.9482352941176471,0.8925949177237102,0.993131439275679,0,0
-2.9780233395128786,194.2365397906713,-235.80963022105104,0.7369063606397265,0.9198529411764705,0.9859506712457071,0.9198529411764705,0.880903324353968,0.9859506712457071,0,0
-4.187322392813892,194.46853605259687,-235.0077242659937,0.7366621902087657,0.9198529411764705,0.9853262566344052,0.9198529411764705,0.8806137960065472,0.9853262566344052,0,0
-6.245851520169397,194.70156275645,-233.49534956473823,0.7370284458552069,0.9395588235294118,0.9940680611926319,0.9395588235294118,0.8902184435257502,0.9940680611926319,0,0
-5.3349149068168735,194.6297152252269,-234.1641923395752,0.7365401049932853,0.919264705882353,0.9856384639400562,0.919264705882353,0.8804810916052315,0.9856384639400562,0,0
-5.471158677941913,194.41814801094577,-235.39675567281407,0.7365401049932853,0.9191176470588235,0.9853262566344052,0.9191176470588235,0.8803280028955047,0.9853262566344052,0,0
-6.446198499817398,194.53088211455008,-234.58762482530085,0.7365401049932853,0.9191176470588235,0.9853262566344052,0.9191176470588235,0.8803280028955047,0.9853262566344052,0,0
-9.336182484409472,194.4648312869408,-232.0903073109041,0.7370284458552069,0.9395588235294118,0.9940680611926319,0.9395588235294118,0.8902184435257502,0.9940680611926319,0,0
-7.177933183787283,194.5855323172856,-233.8490436958256,0.7370284458552069,0.9395588235294118,0.99344364658133,0.9395588235294118,0.8900103053219829,0.99344364658133,0,0
-7.797933055452542,194.59244162658428,-233.23519857885108,0.7370284458552069,0.9395588235294118,0.99344364658133,0.9395588235294118,0.8900103053219829,0.99344364658133,0,0
-8.547056368769773,194.5043852741292,-233.1189626214704,0.7370284458552069,0.9395588235294118,0.99344364658133,0.9395588235294118,0.8900103053219829,0.99344364658133,0,0
-9.262373821790469,194.4157005430383,-232.7942064082336,0.7370284458552069,0.9395588235294118,0.9940680611926319,0.9395588235294118,0.8902184435257502,0.9940680611926319,0,0
-3.0453032960347883,193.83514762533568,-237.49416600244288,0.7370284458552069,0.9494117647058824,0.9959413050265377,0.9494117647058824,0.8941271718625422,0.9959413050265377,0,0
-2.8469162860088115,191.2773803892764,-245.0008273033341,0.717494811378342,0.21455882352941177,0.9556665625975648,0.717494811378342,0.6292400658351062,0.9556665625975648,0,0
-2.919021157564256,191.8264332365224,-243.7517400976626,0.7183494078867049,0.2161764705882353,0.9572275991258196,0.7183494078867049,0.6305844925335866,0.9572275991258196,0,0
-3.422333704059789,193.4266687857146,-239.24201070881008,0.7370284458552069,0.9494117647058824,0.9965657196378396,0.9494117647058824,0.8943353100663095,0.9965657196378396,0,0
-4.39051247998768,193.84942899419693,-238.00408364775183,0.7370284458552069,0.9494117647058824,0.9968779269434904,0.9494117647058824,0.8944393791681932,0.9968779269434904,0,0
-2.472064464813436,192.33218846257404,-242.15226930442893,0.7187156635331461,0.21661764705882353,0.9575398064314705,0.7187156635331461,0.6309577056744801,0.9575398064314705,0,0
-3.3384530329762447,192.9829339986252,-240.7309936830408,0.7188377487486265,0.21691176470588236,0.960349672182329,0.7188377487486265,0.6320330618789459,0.960349672182329,0,0
-2.739901709541365,190.7077691232318,-246.15126220481068,0.717494811378342,0.21426470588235294,0.9512956603184515,0.717494811378342,0.6276850591930488,0.9512956603184515,0,0
-3.56884576017108,190.4979434256671,-247.06831614890035,0.7365401049932853,0.9492647058823529,0.9946924758039338,0.9492647058823529,0.8934990955598573,0.9946924758039338,0,0
-3.876743213007435,191.1382205172287,-245.9142879783344,0.7370284458552069,0.9491176470588235,0.9962535123321886,0.9491176470588235,0.8941332017487397,0.9962535123321886,0,0
-3.9557461983200986,189.61947597501683,-248.9851862143484,0.7364180197778049,0.9473529411764706,0.993131439275679,0.9473529411764706,0.8923008000766516,0.993131439275679,0,0
-4.5302239600208924,189.26298417101648,-249.99518815298708,0.7364180197778049,0.9461764705882353,0.9928192319700281,0.9461764705882353,0.8918045741120227,0.9928192319700281,0,0
-4.36671121055207,190.258216180247,-247.97904954733016,0.7364180197778049,0.9486764705882353,0.9940680611926319,0.9486764705882353,0.8930541838528906,0.9940680611926319,0,0
-5.113740199984701,189.9304329823977,-248.9921284971637,0.7364180197778049,0.9475,0.993131439275679,0.9475,0.8923498196844947,0.993131439275679,0,0
-5.80706858791293,189.51375314858788,-250.1240529069384,0.7364180197778049,0.946764705882353,0.993131439275679,0.946764705882353,0.8921047216452789,0.993131439275679,0,0
-4.484130880801662,194.16943733827773,-236.5493811406831,0.7365401049932853,0.919264705882353,0.9856384639400562,0.919264705882353,0.8804810916052315,0.9856384639400562,0,0
-5.887407469804485,194.23628345804127,-236.50269946960543,0.7364180197778049,0.9191176470588235,0.9850140493287542,0.9191176470588235,0.8801832387217942,0.9850140493287542,0,0
-6.929829483079886,194.3566340593509,-235.7151142554601,0.7364180197778049,0.9191176470588235,0.9850140493287542,0.9191176470588235,0.8801832387217942,0.9850140493287542,0,0
-7.370691084307008,194.47456360540048,-234.6413689208666,0.7364180197778049,0.919264705882353,0.9856384639400562,0.919264705882353,0.8804403965334048,0.9856384639400562,0,0
-8.242720622907678,194.4569837261254,-234.06872402741405,0.7370284458552069,0.9395588235294118,0.99344364658133,0.9395588235294118,0.8900103053219829,0.99344364658133,0,0
-9.202916711973158,194.3524197643173,-233.68796673457024,0.7370284458552069,0.9395588235294118,0.9940680611926319,0.9395588235294118,0.8902184435257502,0.9940680611926319,0,0
-5.553890453904245,194.0051005727448,-237.69606374071503,0.7370284458552069,0.9494117647058824,0.9968779269434904,0.9494117647058824,0.8944393791681932,0.9968779269434904,0,0
-4.090764380190987,192.808739563472,-241.7233179073584,0.7188377487486265,0.21676470588235294,0.9619107087105838,0.7188377487486265,0.6325043877805211,0.9619107087105838,0,0
-4.199349510254672,192.34305692869324,-243.16175468630345,0.7188377487486265,0.2163235294117647,0.9619107087105838,0.7188377487486265,0.6323573289569917,0.9619107087105838,0,0
-4.1335759930991305,191.7813601281897,-244.5839035038645,0.7187156635331461,0.21544117647058825,0.96066187948798,0.7187156635331461,0.6316062398305714,0.96066187948798,0,0
-5.067722547978757,193.6803865091076,-239.0393821002701,0.7370284458552069,0.9494117647058824,0.9971901342491414,0.9494117647058824,0.8945434482700768,0.9971901342491414,0,0
-4.722396151053618,193.27991607979715,-240.46969883809928,0.7370284458552069,0.9494117647058824,0.9975023415547923,0.9494117647058824,0.8946475173719605,0.9975023415547923,0,0
-4.798582091297615,190.9244157124607,-246.8405307030192,0.7369063606397265,0.9491176470588235,0.9959413050265377,0.9491176470588235,0.8939884375750292,0.9959413050265377,0,0
-5.152757549361864,191.5493773088688,-245.6427496616958,0.7370284458552069,0.9479411764705883,0.9962535123321886,0.9479411764705883,0.8937410448859945,0.9962535123321886,0,0
-5.802827673736557,191.1609126052119,-246.75719342696507,0.7370284458552069,0.9488235294117647,0.9962535123321886,0.9488235294117647,0.8940351625330534,0.9962535123321886,0,0
-5.640565286221929,190.62256722809823,-247.82104694228903,0.7366621902087657,0.9491176470588235,0.9950046831095848,0.9491176470588235,0.8935948401257247,0.9950046831095848,0,0
-6.487911178404842,190.2091817944197,-248.9353684432964,0.7364180197778049,0.9488235294117647,0.9940680611926319,0.9488235294117647,0.8931032034607339,0.9940680611926319,0,0
-7.264987710187409,189.6569764101637,-250.22730997984067,0.7364180197778049,0.9476470588235294,0.993131439275679,0.9476470588235294,0.8923988392923378,0.993131439275679,0,0
-6.826199457686036,194.1522704129125,-237.1173152158632,0.7364180197778049,0.9189705882352941,0.9831408054948486,0.9189705882352941,0.8795098045026492,0.9831408054948486,0,0
-8.11944824782309,194.346629118704,-235.27400645092064,0.7364180197778049,0.919264705882353,0.9831408054948486,0.919264705882353,0.8796078437183356,0.9831408054948486,0,0
-8.038168952778223,194.2236932187164,-236.40822459697773,0.7364180197778049,0.9191176470588235,0.9825163908835467,0.9191176470588235,0.8793506859067249,0.9825163908835467,0,0
-9.154707504505527,194.2817659519803,-234.64964029348133,0.7370284458552069,0.9395588235294118,0.9940680611926319,0.9395588235294118,0.8902184435257502,0.9940680611926319,0,0
-9.15410661488404,194.1827357732311,-235.7958570948541,0.7362959345623245,0.9204411764705882,0.9822041835778957,0.9204411764705882,0.8796470982036029,0.9822041835778957,0,0
-6.534504249923778,193.9009264659341,-238.5308019405477,0.7370284458552069,0.9494117647058824,0.9975023415547923,0.9494117647058824,0.8946475173719605,0.9975023415547923,0,0
-6.332972067327203,193.5401465936054,-240.18297747584745,0.7370284458552069,0.9494117647058824,0.9981267561660943,0.9494117647058824,0.8948556555757278,0.9981267561660943,0,0
-5.695879846149431,192.956225402518,-242.0953243851372,0.7190819191795873,0.21911764705882353,0.9628473306275367,0.7190819191795873,0.6336822989553158,0.9628473306275367,0,0
-5.919916647656929,192.3026000986162,-244.1284973181322,0.7365401049932853,0.9460294117647059,0.9950046831095848,0.9460294117647059,0.8925247332891919,0.9950046831095848,0,0
-6.800066787622078,191.6913096047552,-245.8894552930954,0.7370284458552069,0.9475,0.9962535123321886,0.9475,0.8935939860624651,0.9962535123321886,0,0
-7.146506594156306,190.99704637604623,-247.45506036760884,0.7369063606397265,0.9494117647058824,0.9962535123321886,0.9494117647058824,0.8941905458925992,0.9962535123321886,0,0
-8.056727135821749,190.2541754080434,-249.04672837921308,0.7364180197778049,0.9494117647058824,0.9946924758039338,0.9494117647058824,0.8935074200958737,0.9946924758039338,0,0
-8.830867881719968,189.6199049836109,-250.27967591638773,0.32926382615065314,0.46352941176470586,0.4870433968154855,0.46352941176470586,0.4266122115769482,0.4870433968154855,0,0
-7.907979858840752,194.04016078368045,-237.8322439476447,0.7362959345623245,0.9189705882352941,0.9812675616609429,0.9189705882352941,0.8788446948195205,0.9812675616609429,0,0
-9.224860750559111,194.051315772842,-237.05040581243003,0.7359296789158832,0.9195588235294118,0.9809553543552919,0.9195588235294118,0.878814618933529,0.9809553543552919,0,0
-7.84165668819081,193.79792528323443,-239.31307125058325,0.7370284458552069,0.9494117647058824,0.9981267561660943,0.9494117647058824,0.8948556555757278,0.9981267561660943,0,0
-7.608859033453463,193.38270217373025,-241.21821341668024,0.736173849346844,0.9398529411764706,0.99344364658133,0.9398529411764706,0.8898234790348815,0.99344364658133,0,0
-8.017445093252748,192.29574119747275,-244.64719366614847,0.7364180197778049,0.9463235294117647,0.9946924758039338,0.9463235294117647,0.8924780083311677,0.9946924758039338,0,0
-7.666294582309661,192.8899681229684,-242.9689279408927,0.7359296789158832,0.9422058823529412,0.99344364658133,0.9422058823529412,0.8905264026167181,0.99344364658133,0,0
-8.521296709801742,191.53330200284208,-246.3923773439171,0.7369063606397265,0.9494117647058824,0.9962535123321886,0.9494117647058824,0.8941905458925992,0.9962535123321886,0,0
-9.038831674897075,190.7562981239033,-247.93680771488465,0.7369063606397265,0.9494117647058824,0.9962535123321886,0.9494117647058824,0.8941905458925992,0.9962535123321886,0,0
-9.517073571566677,189.98545643356425,-249.3635163048218,0.3348797460627518,0.49,0.470496409615985,0.470496409615985,0.4317920518929122,0.49,0,0
-10.315055175891828,189.38195419568297,-250.2671194883945,0.3579538517885484,0.48808823529411766,0.5167030908523259,0.48808823529411766,0.45424839264499733,0.5167030908523259,0,0
-10.662225680226536,189.72391596491948,-249.3835209759656,0.3628372604077646,0.5379411764705883,0.5092101155167031,0.5092101155167031,0.46999618413168537,0.5379411764705883,0,0
-11.624350624499998,189.037921408,-250.214915894,0.40166035893053353,0.5517647058823529,0.5635341866999688,0.5517647058823529,0.5056530838376184,0.5635341866999688,0,0
-9.255560818843367,193.88106273395263,-238.43957864817995,0.7358075937004028,0.919264705882353,0.98033093974399,0.919264705882353,0.8784677464422486,0.98033093974399,0,0
-9.25035829640936,193.61073410807376,-240.11433295372308,0.7364180197778049,0.9395588235294118,0.9950046831095848,0.9395588235294118,0.8903271754722671,0.9950046831095848,0,0
-9.360453728052878,193.2104234832538,-241.8529557992442,0.7360517641313636,0.9402941176470588,0.99344364658133,0.9402941176470588,0.8899298427865842,0.99344364658133,0,0
-9.964110532756134,191.8740134918237,-245.3605047244811,0.7364180197778049,0.9492647058823529,0.9946924758039338,0.9492647058823529,0.8934584004880305,0.9946924758039338,0,0
-9.6614332031621,192.65871688657072,-243.5364096024875,0.7359296789158832,0.9427941176470588,0.993131439275679,0.9427941176470588,0.890618411946207,0.993131439275679,0,0
-10.24832652320694,191.0364505803948,-246.9986277542368,0.33133927481382003,0.5710294117647059,0.5060880424601936,0.5060880424601936,0.4694855763462398,0.5710294117647059,0,0
-10.534353617001322,190.273623145966,-248.372737276678,0.33890855817360516,0.5619117647058823,0.49953168904152356,0.49953168904152356,0.46678400397367037,0.5619117647058823,0,0
5.602850786782673,194.0131259715789,-231.86765394223733,0.7365401049932853,0.9494117647058824,0.9946924758039338,0.9494117647058824,0.8935481151677004,0.9946924758039338,0,0
6.828163756074723,193.0741385782165,-232.6751293712976,0.7365401049932853,0.9494117647058824,0.9946924758039338,0.9494117647058824,0.8935481151677004,0.9946924758039338,0,0
5.563932875442824,193.5069458697338,-233.19985583560955,0.7365401049932853,0.9494117647058824,0.9943802684982829,0.9494117647058824,0.8934440460658167,0.9943802684982829,0,0
6.769688783072277,192.259542613738,-234.4230331067346,0.7364180197778049,0.9494117647058824,0.9940680611926319,0.9494117647058824,0.8932992818921064,0.9940680611926319,0,0
4.189029397589619,194.10436534228205,-232.8824197259195,0.7365401049932853,0.9494117647058824,0.9940680611926319,0.9494117647058824,0.8933399769639331,0.9940680611926319,0,0
4.71450591696524,193.3320622027136,-234.49528573148527,0.7364180197778049,0.9494117647058824,0.9940680611926319,0.9494117647058824,0.8932992818921064,0.9940680611926319,0,0
2.564743386245504,194.71383915277423,-232.1366466976954,0.7365401049932853,0.8923529411764706,0.9787699032157352,0.8923529411764706,0.869220983128497,0.9787699032157352,0,0
3.008868670863196,194.0764153901108,-233.806978203522,0.7364180197778049,0.9494117647058824,0.9940680611926319,0.9494117647058824,0.8932992818921064,0.9940680611926319,0,0
1.3035927994146768,194.5773553197802,-233.16557926790244,0.7364180197778049,0.9494117647058824,0.9940680611926319,0.9494117647058824,0.8932992818921064,0.9940680611926319,0,0
-0.4233112446250349,194.93281881585617,-232.4818337851918,0.7365401049932853,0.908235294117647,0.9818919762722448,0.908235294117647,0.8755557917943925,0.9818919762722448,0,0
-2.045293773512064,195.11486722357373,-231.9941367585494,0.7370284458552069,0.9397058823529412,0.9950046831095848,0.9397058823529412,0.8905796704392442,0.9950046831095848,0,0
-3.2887051947814125,195.20002943445235,-231.5931673864825,0.7370284458552069,0.9395588235294118,0.9946924758039338,0.9395588235294118,0.8904265817295175,0.9946924758039338,0,0
8.98673404399042,170.88072313740366,-234.1968052152299,0.7364180197778049,0.9494117647058824,0.9940680611926319,0.9494117647058824,0.8932992818921064,0.9940680611926319,0,0
9.654894234739924,172.171827708694,-235.1082558327085,0.7364180197778049,0.9494117647058824,0.9940680611926319,0.9494117647058824,0.8932992818921064,0.9940680611926319,0,0
10.26495063450054,171.68007307899956,-233.10898930300016,0.7364180197778049,0.9494117647058824,0.9940680611926319,0.9494117647058824,0.8932992818921064,0.9940680611926319,0,0
8.9581648302289,170.30003923811094,-232.70503794631173,0.7364180197778049,0.9494117647058824,0.9940680611926319,0.9494117647058824,0.8932992818921064,0.9940680611926319,0,0
7.44470440674045,169.09676815423722,-232.2710465228789,0.7364180197778049,0.9494117647058824,0.9940680611926319,0.9494117647058824,0.8932992818921064,0.9940680611926319,0,0
7.681665782204668,169.84162386204045,-234.1270219714609,0.7364180197778049,0.9494117647058824,0.9940680611926319,0.9494117647058824,0.8932992818921064,0.9940680611926319,0,0
8.743861872765827,172.71171135637778,-237.02004439258727,0.7365401049932853,0.9494117647058824,0.9946924758039338,0.9494117647058824,0.8935481151677004,0.9946924758039338,0,0
7.962233693891019,171.0192929134302,-235.94756923083744,0.7365401049932853,0.9494117647058824,0.9946924758039338,0.9494117647058824,0.8935481151677004,0.9946924758039338,0,0
7.321450823684117,171.78599663736517,-237.85535057545903,0.7194481748260285,0.30617647058823527,0.9662816109896971,0.7194481748260285,0.6639687521346537,0.9662816109896971,0,0
7.75953120083379,173.1838624895025,-238.7967890452116,0.7190819191795873,0.22911764705882354,0.9644083671557915,0.7190819191795873,0.6375359777980675,0.9644083671557915,0,0
6.4292817987143644,172.1894706541663,-239.58297280317203,0.7193260896105481,0.23779411764705882,0.9634717452388386,0.7193260896105481,0.6401973174988153,0.9634717452388386,0,0
6.851714363231831,173.55099986840705,-240.36642988056755,0.7187156635331461,0.21735294117647058,0.9619107087105838,0.7187156635331461,0.6326597711400669,0.9619107087105838,0,0
5.746092033720898,172.5460591778198,-241.02064123799423,0.7188377487486265,0.21970588235294117,0.9622229160162348,0.7188377487486265,0.6335888490392675,0.9622229160162348,0,0
6.048601698899267,173.86112583659687,-241.7622256701036,0.7171285557319008,0.2163235294117647,0.9575398064314705,0.7171285557319008,0.6303306305250453,0.9575398064314705,0,0
4.728315827206184,173.5254474008169,-243.5805020330753,0.7167623000854596,0.2161764705882353,0.9559787699032157,0.7167623000854596,0.6296391801923035,0.9559787699032157,0,0
4.764755679915439,174.4073703850749,-244.1228116502292,0.7165181296544988,0.21352941176470588,0.9509834530128005,0.7165181296544988,0.6270103314773351,0.9509834530128005,0,0
5.3545016223732045,174.14203922795048,-243.0082661136191,0.7165181296544988,0.21441176470588236,0.9550421479862629,0.7165181296544988,0.6286573474488814,0.9550421479862629,0,0
5.838998772939874,168.01030827500284,-231.83325950005053,0.7364180197778049,0.9494117647058824,0.9940680611926319,0.9494117647058824,0.8932992818921064,0.9940680611926319,0,0
6.118662478592109,168.73223805900443,-233.78036837845235,0.7364180197778049,0.9494117647058824,0.9940680611926319,0.9494117647058824,0.8932992818921064,0.9940680611926319,0,0
6.253994947937237,169.63594387524242,-235.64477049575032,0.7365401049932853,0.9494117647058824,0.9946924758039338,0.9494117647058824,0.8935481151677004,0.9946924758039338,0,0
6.420224775992068,170.56694820405212,-237.14429920407807,0.7365401049932853,0.9494117647058824,0.9946924758039338,0.9494117647058824,0.8935481151677004,0.9946924758039338,0,0
5.6897100995866055,170.93165200420495,-238.6963263158378,0.7194481748260285,0.3073529411764706,0.9644083671557915,0.7194481748260285,0.6637364943860968,0.9644083671557915,0,0
5.158981614598536,171.38551864931824,-240.26385626764247,0.7194481748260285,0.24382352941176472,0.9625351233218857,0.7194481748260285,0.6419356091865597,0.9625351233218857,0,0
5.203486498674094,173.00750713310435,-242.3531390894131,0.7183494078867049,0.21691176470588236,0.9591008429597253,0.7183494078867049,0.6314540051841041,0.9591008429597253,0,0
4.538367871404686,171.71904826717653,-241.82620505093115,0.7190819191795873,0.2225,0.9612862940992819,0.7190819191795873,0.6342894044262898,0.9612862940992819,0,0
4.136909301043357,170.7913069679179,-240.81703626344424,0.7194481748260285,0.24926470588235294,0.9622229160162348,0.7194481748260285,0.6436452655748721,0.9622229160162348,0,0
4.498921041386079,172.53744649291446,-242.9999673335873,0.7187156635331461,0.21691176470588236,0.9591008429597253,0.7187156635331461,0.6315760903995846,0.9591008429597253,0,0
4.18061368332818,172.74949846966967,-243.77922241686755,0.7183494078867049,0.21661764705882353,0.9575398064314705,0.7183494078867049,0.6308356204589997,0.9575398064314705,0,0
4.24999788289,174.67559275399998,-245.16476481,0.7165181296544988,0.21323529411764705,0.9469247580393381,0.7165181296544988,0.6255593939371613,0.9469247580393381,0,0
4.020470704715977,173.5898056956815,-244.8411633270917,0.7167623000854596,0.21485294117647058,0.9534811114580081,0.7167623000854596,0.6283654509066461,0.9534811114580081,0,0
3.562670790688044,172.4152127852682,-244.49962098287176,0.7183494078867049,0.21661764705882353,0.9575398064314705,0.7183494078867049,0.6308356204589997,0.9575398064314705,0,0
4.558344033099004,167.73653283673255,-233.4137542526672,0.7365401049932853,0.9494117647058824,0.9943802684982829,0.9494117647058824,0.8934440460658167,0.9943802684982829,0,0
2.889959913055601,166.68364946745226,-232.8898592516829,0.7365401049932853,0.9494117647058824,0.9946924758039338,0.9494117647058824,0.8935481151677004,0.9946924758039338,0,0
-0.3053946353953617,165.00522038781662,-232.15984848595087,0.7365401049932853,0.9494117647058824,0.9946924758039338,0.9494117647058824,0.8935481151677004,0.9946924758039338,0,0
1.3457002978578063,165.81055273920967,-232.5044856025912,0.7365401049932853,0.9494117647058824,0.9946924758039338,0.9494117647058824,0.8935481151677004,0.9946924758039338,0,0
4.685207962243941,168.57379867118442,-235.31269130069373,0.7366621902087657,0.9494117647058824,0.9946924758039338,0.9494117647058824,0.8935888102395273,0.9946924758039338,0,0
3.1786097318993582,167.5241174902815,-234.7585982134604,0.7366621902087657,0.9494117647058824,0.9946924758039338,0.9494117647058824,0.8935888102395273,0.9946924758039338,0,0
4.774200863434292,169.5629891535353,-237.2746949823143,0.7366621902087657,0.9494117647058824,0.9950046831095848,0.9494117647058824,0.893692879341411,0.9950046831095848,0,0
3.1489218829143777,168.3611307945612,-236.69949541049635,0.7369063606397265,0.9494117647058824,0.9946924758039338,0.9494117647058824,0.8936702003831809,0.9946924758039338,0,0
4.164023040175163,170.2022608227591,-239.4615811575065,0.7194481748260285,0.32132352941176473,0.9640961598501405,0.7194481748260285,0.6682892880293112,0.9640961598501405,0,0
2.9375673767537185,169.8665648811737,-240.8120986725237,0.7194481748260285,0.30926470588235294,0.9631595379331876,0.7194481748260285,0.663957472880523,0.9631595379331876,0,0
3.675635130260137,170.8589588970181,-241.80240289498747,0.7193260896105481,0.24279411764705883,0.9619107087105838,0.7193260896105481,0.6413436386560636,0.9619107087105838,0,0
3.69571281123873,171.6827596204472,-243.26070631381265,0.7188377487486265,0.21970588235294117,0.9600374648766781,0.7188377487486265,0.6328603653260819,0.9600374648766781,0,0
2.643216110066368,170.27792412049854,-242.5568203638428,0.7194481748260285,0.25176470588235295,0.9622229160162348,0.7194481748260285,0.6444785989082055,0.9622229160162348,0,0
2.8100256957044323,171.19279708947903,-244.15541493214369,0.7190819191795873,0.22191176470588236,0.9600374648766781,0.7190819191795873,0.6336770495873826,0.9600374648766781,0,0
1.4820745390157888,166.48533442071894,-234.4126068677064,0.7365401049932853,0.9494117647058824,0.9946924758039338,0.9494117647058824,0.8935481151677004,0.9946924758039338,0,0
0.0581865639647884,165.62643418337382,-233.97624889289563,0.7365401049932853,0.9494117647058824,0.9946924758039338,0.9494117647058824,0.8935481151677004,0.9946924758039338,0,0
-2.2469487247215008,164.23337420972751,-231.6834924690056,0.7365401049932853,0.9494117647058824,0.9953168904152357,0.9494117647058824,0.8937562533714677,0.9953168904152357,0,0
-1.3100759154561656,164.88355076153675,-233.4374305574628,0.7365401049932853,0.9494117647058824,0.9950046831095848,0.9494117647058824,0.893652184269584,0.9950046831095848,0,0
-2.909869340912484,164.3862108736166,-233.8222410485906,0.7366621902087657,0.9494117647058824,0.9953168904152357,0.9494117647058824,0.8937969484432946,0.9953168904152357,0,0
-1.5454641476289286,165.22075966786537,-235.1011635995894,0.7366621902087657,0.9494117647058824,0.9950046831095848,0.9494117647058824,0.893692879341411,0.9950046831095848,0,0
1.882694492614289,167.28369772123312,-235.8481698705638,0.7367842754242461,0.9494117647058824,0.9946924758039338,0.9494117647058824,0.893629505311354,0.9946924758039338,0,0
0.1075022750013742,166.3866407020546,-236.078291195981,0.7366621902087657,0.9494117647058824,0.9946924758039338,0.9494117647058824,0.8935888102395273,0.9946924758039338,0,0
1.1663096830451525,167.71654535351811,-237.8726584226174,0.7369063606397265,0.9494117647058824,0.9953168904152357,0.9494117647058824,0.8938783385869482,0.9953168904152357,0,0
-0.6848844888810725,166.60964716938165,-237.91857031076108,0.7369063606397265,0.9494117647058824,0.9953168904152357,0.9494117647058824,0.8938783385869482,0.9953168904152357,0,0
2.908956359973658,169.10267431058978,-238.75959001276905,0.7195702600415089,0.4194117647058824,0.9634717452388386,0.7195702600415089,0.7008179233287434,0.9634717452388386,0,0
1.3329611795012244,168.57074475673468,-240.10745187007623,0.7195702600415089,0.4325,0.9628473306275367,0.7195702600415089,0.7049725302230151,0.9628473306275367,0,0
1.5379634009501226,169.2529914074605,-242.1020151320276,0.7194481748260285,0.34897058823529414,0.9631595379331876,0.7194481748260285,0.6771927669981701,0.9631595379331876,0,0
1.734407580516608,169.96084790655237,-243.8214309899136,0.7194481748260285,0.265,0.9622229160162348,0.7194481748260285,0.6488903636140878,0.9622229160162348,0,0
-1.8537430872728384,165.61900639471298,-236.91672889242705,0.7369063606397265,0.9494117647058824,0.9950046831095848,0.9494117647058824,0.8937742694850646,0.9950046831095848,0,0
-4.101832554945449,163.87981925565748,-232.57525380526604,0.7369063606397265,0.9494117647058824,0.9959413050265377,0.9494117647058824,0.8940864767907155,0.9959413050265377,0,0
-0.3913150778560295,167.34574913401056,-239.6754643710757,0.7196923452569893,0.49808823529411766,0.9631595379331876,0.7196923452569893,0.726980039494765,0.9631595379331876,0,0
-0.0125603747810921,168.0590661893685,-241.64468292846368,0.7196923452569893,0.4563235294117647,0.9625351233218857,0.7196923452569893,0.7128503326635466,0.9625351233218857,0,0
-3.0669274990059323,164.7512248898826,-235.77129161972644,0.7369063606397265,0.9494117647058824,0.9953168904152357,0.9494117647058824,0.8938783385869482,0.9953168904152357,0,0
-4.427663236100006,164.07403982662643,-234.4659940662454,0.7369063606397265,0.9494117647058824,0.9959413050265377,0.9494117647058824,0.8940864767907155,0.9959413050265377,0,0
-2.291879551544859,166.02223460638373,-239.14761504596063,0.7351971676230008,0.6475,0.9684670621292538,0.7351971676230008,0.7837214099174181,0.9684670621292538,0,0
-1.761018312390445,166.80832647942836,-241.2178233320452,0.7198144304724697,0.5577941176470588,0.9644083671557915,0.7198144304724697,0.74733897175844,0.9644083671557915,0,0
0.3446328268162553,168.72470906331174,-243.49894894053224,0.7195702600415089,0.3975,0.9628473306275367,0.7195702600415089,0.6933058635563486,0.9628473306275367,0,0
-3.759301888869232,164.906840994267,-237.65838355304743,0.7369063606397265,0.9494117647058824,0.9959413050265377,0.9494117647058824,0.8940864767907155,0.9959413050265377,0,0
-4.943164830803844,164.25886144793185,-236.4385087562256,0.7369063606397265,0.9494117647058824,0.9962535123321886,0.9494117647058824,0.8941905458925992,0.9962535123321886,0,0
-1.3052362591031983,167.47018417657588,-243.18141521647283,0.7196923452569893,0.48294117647058826,0.9628473306275367,0.7196923452569893,0.721826950785038,0.9628473306275367,0,0
-3.093422048580958,166.2476387761329,-242.87931731325943,0.721401538273715,0.616764705882353,0.966906025600999,0.721401538273715,0.7683574232523557,0.966906025600999,0,0
-3.678859134044439,165.66636650529594,-241.33037756380008,0.735563423269442,0.6594117647058824,0.9697158913518577,0.735563423269442,0.7882303597757273,0.9697158913518577,0,0
-4.663866663168932,164.90667878916702,-239.6452372358914,0.7370284458552069,0.7695588235294117,0.9750234155479238,0.7695588235294117,0.8272035616441809,0.9750234155479238,0,0
-5.698215177097636,164.34614079048598,-238.38291496755213,0.7370284458552069,0.9494117647058824,0.9962535123321886,0.9494117647058824,0.8942312409644259,0.9962535123321886,0,0
-6.4291174929209465,164.36469172576616,-240.3232827369403,0.7370284458552069,0.9388235294117647,0.9968779269434904,0.9388235294117647,0.8909099674034874,0.9968779269434904,0,0
-4.985177330442218,165.17241505422498,-242.62660933049924,0.7364180197778049,0.9385294117647058,0.9959413050265377,0.9385294117647058,0.890296245523016,0.9959413050265377,0,0
-5.268954218667444,164.8728955821712,-241.2370697531585,0.7370284458552069,0.7633823529411765,0.974086793630971,0.7633823529411765,0.8248325308091181,0.974086793630971,0,0
-7.0027245798565545,164.37639558833956,-242.46463603097504,0.7369063606397265,0.9386764705882353,0.9962535123321886,0.9386764705882353,0.8906121145200502,0.9962535123321886,0,0
-9.10784407438,164.00706458699997,-242.437065417,0.7370284458552069,0.9388235294117647,0.9968779269434904,0.9388235294117647,0.8909099674034874,0.9968779269434904,0,0
11.406117449695952,172.8663241934339,-231.8201676247384,0.7364180197778049,0.9494117647058824,0.9940680611926319,0.9494117647058824,0.8932992818921064,0.9940680611926319,0,0
2.6372741159498254,185.5399949207482,-248.56184959331551,0.7159077035770968,0.21102941176470588,0.9297533562285357,0.7159077035770968,0.6188968238567795,0.9297533562285357,0,0
2.7014192377233366,185.60138580410148,-248.4187560829415,0.7159077035770968,0.2111764705882353,0.9294411489228848,0.7159077035770968,0.6188417743627389,0.9294411489228848,0,0
2.8462845423300003,185.183149457,-248.443919637,0.7159077035770968,0.2111764705882353,0.9297533562285357,0.7159077035770968,0.6189458434646226,0.9297533562285357,0,0
2.41281633137267,185.8567741652918,-248.6681220485937,0.7159077035770968,0.21132352941176472,0.9300655635341867,0.7159077035770968,0.6190989321743494,0.9300655635341867,0,0
2.534495037791943,186.00557321827307,-248.3756398873796,0.7160297887925772,0.2114705882352941,0.9294411489228848,0.7160297887925772,0.618980508650252,0.9294411489228848,0,0
2.325113994130148,186.15232396658456,-248.5518018883586,0.7160297887925772,0.2114705882352941,0.9303777708398376,0.7160297887925772,0.619292715955903,0.9303777708398376,0,0
2.1602275488633707,186.15578299551493,-248.7700903805484,0.7160297887925772,0.21132352941176472,0.9303777708398376,0.7160297887925772,0.6192436963480598,0.9303777708398376,0,0
2.342931463757047,186.3974579561985,-248.31452978681136,0.7161518740080576,0.2114705882352941,0.9303777708398376,0.7161518740080576,0.6193334110277298,0.9303777708398376,0,0
2.1682806533452297,186.3291528872805,-248.60512244135552,0.7161518740080576,0.2114705882352941,0.9303777708398376,0.7161518740080576,0.6193334110277298,0.9303777708398376,0,0
1.87360829522,186.438045682,-248.86830842900005,0.7161518740080576,0.21132352941176472,0.9306899781454886,0.7161518740080576,0.6193884605217703,0.9306899781454886,0,0
3.506564575921684,183.1441825312504,-247.4732358620816,0.7160297887925772,0.21102941176470588,0.9325632219793943,0.7160297887925772,0.6198741408455591,0.9325632219793943,0,0
3.611921678378952,183.418099740722,-247.1798236554376,0.7159077035770968,0.21102941176470588,0.9325632219793943,0.7159077035770968,0.6198334457737323,0.9325632219793943,0,0
3.634167944820745,182.9883956992294,-247.1070743917264,0.7159077035770968,0.21102941176470588,0.9325632219793943,0.7159077035770968,0.6198334457737323,0.9325632219793943,0,0
3.51057515033344,182.84015124820385,-247.45806901448336,0.7160297887925772,0.2111764705882353,0.9325632219793943,0.7160297887925772,0.6199231604534022,0.9325632219793943,0,0
3.420036903060343,182.89901697697704,-247.7201645249816,0.7160297887925772,0.21132352941176472,0.9319388073680924,0.7160297887925772,0.619764041857478,0.9319388073680924,0,0
3.381800544462875,183.22341332295392,-247.8211932107548,0.7160297887925772,0.21132352941176472,0.9319388073680924,0.7160297887925772,0.619764041857478,0.9319388073680924,0,0
3.475743765736487,183.5134185697693,-247.5520535259126,0.7160297887925772,0.21102941176470588,0.9319388073680924,0.7160297887925772,0.6196660026417918,0.9319388073680924,0,0
3.5817966827338013,183.802544881978,-247.2537289650368,0.7159077035770968,0.21102941176470588,0.9319388073680924,0.7159077035770968,0.619625307569965,0.9319388073680924,0,0
3.3301492762098666,183.5811639548303,-247.93299561035943,0.7160297887925772,0.21132352941176472,0.9319388073680924,0.7160297887925772,0.619764041857478,0.9319388073680924,0,0
3.575965703370529,182.60094970426613,-247.2703969787749,0.7160297887925772,0.21102941176470588,0.9325632219793943,0.7160297887925772,0.6198741408455591,0.9325632219793943,0,0
3.45539781283,182.573691613,-247.618967569,0.7160297887925772,0.21132352941176472,0.9325632219793943,0.7160297887925772,0.6199721800612453,0.9325632219793943,0,0
2.9023264469470167,185.53022596856016,-248.1374406076488,0.7159077035770968,0.21132352941176472,0.9294411489228848,0.7159077035770968,0.6188907939705821,0.9294411489228848,0,0
2.8462845423300003,185.183149457,-248.443919637,0.7159077035770968,0.2111764705882353,0.9297533562285357,0.7159077035770968,0.6189458434646226,0.9297533562285357,0,0
2.805532790496575,185.83612550449044,-248.0898816891433,0.7160297887925772,0.2114705882352941,0.9294411489228848,0.7160297887925772,0.618980508650252,0.9294411489228848,0,0
3.052221993740172,185.6774153286065,-247.78750325317424,0.7159077035770968,0.2114705882352941,0.9294411489228848,0.7159077035770968,0.6189398135784252,0.9294411489228848,0,0
3.0196161550157266,184.80111239942127,-248.31971791166384,0.7159077035770968,0.2111764705882353,0.9303777708398376,0.7159077035770968,0.6191539816683899,0.9303777708398376,0,0
3.1050609590153098,185.2041394355689,-247.9639923321612,0.7159077035770968,0.2111764705882353,0.9297533562285357,0.7159077035770968,0.6189458434646226,0.9297533562285357,0,0
3.257034600036583,183.9752641024459,-248.0568177614924,0.7159077035770968,0.21132352941176472,0.9310021854511396,0.7159077035770968,0.6194111394800004,0.9310021854511396,0,0
3.4307768661160454,183.907262112618,-247.637723555198,0.7159077035770968,0.2111764705882353,0.9319388073680924,0.7159077035770968,0.6196743271778081,0.9319388073680924,0,0
3.154058900710196,184.3933089497549,-248.1891976641876,0.7159077035770968,0.21132352941176472,0.9306899781454886,0.7159077035770968,0.6193070703781167,0.9306899781454886,0,0
3.264348959162415,184.7340293783075,-247.84033284003183,0.7159077035770968,0.2111764705882353,0.9303777708398376,0.7159077035770968,0.6191539816683899,0.9303777708398376,0,0
3.3582388218996857,184.307517797086,-247.7470827106773,0.7159077035770968,0.21102941176470588,0.9310021854511396,0.7159077035770968,0.6193131002643141,0.9310021854511396,0,0
3.4841549186178,184.58858314475256,-247.386207641391,0.7159077035770968,0.21102941176470588,0.9306899781454886,0.7159077035770968,0.6192090311624304,0.9306899781454886,0,0
3.3799406162152508,185.0479778894289,-247.4801717059536,0.7159077035770968,0.21102941176470588,0.9303777708398376,0.7159077035770968,0.6191049620605468,0.9303777708398376,0,0
3.549591214250865,184.8732943011419,-247.16141847950627,0.7159077035770968,0.21102941176470588,0.9306899781454886,0.7159077035770968,0.6192090311624304,0.9306899781454886,0,0
3.292429398547776,185.45934111184727,-247.47386367073904,0.7159077035770968,0.21132352941176472,0.9294411489228848,0.7159077035770968,0.6188907939705821,0.9294411489228848,0,0
3.7093612664272952,182.6270779059063,-246.8937840105421,0.7159077035770968,0.21102941176470588,0.9328754292850453,0.7159077035770968,0.619937514875616,0.9328754292850453,0,0
3.7889658077958894,183.04465822722528,-246.6755865528156,0.7159077035770968,0.21102941176470588,0.9328754292850453,0.7159077035770968,0.619937514875616,0.9328754292850453,0,0
3.715434450034414,183.32019996750324,-246.88990501577263,0.7159077035770968,0.21102941176470588,0.9325632219793943,0.7159077035770968,0.6198334457737323,0.9325632219793943,0,0
3.538245827506401,185.28155552383816,-247.0529293433032,0.7159077035770968,0.21102941176470588,0.9300655635341867,0.7159077035770968,0.6190008929586631,0.9300655635341867,0,0
3.687549408948783,184.88936040281348,-246.83778382264475,0.7159077035770968,0.21102941176470588,0.9306899781454886,0.7159077035770968,0.6192090311624304,0.9306899781454886,0,0
3.690676072196347,184.48775979660977,-246.9076752163759,0.7159077035770968,0.21102941176470588,0.9316266000624415,0.7159077035770968,0.6195212384680814,0.9316266000624415,0,0
3.5411629012760253,184.2213894287299,-247.3179313071031,0.7159077035770968,0.21102941176470588,0.9319388073680924,0.7159077035770968,0.619625307569965,0.9319388073680924,0,0
3.675862844086376,184.05355328370908,-246.9915677214537,0.7159077035770968,0.21102941176470588,0.9319388073680924,0.7159077035770968,0.619625307569965,0.9319388073680924,0,0
3.7224220584074863,183.6894457611903,-246.8786854011147,0.7159077035770968,0.21102941176470588,0.9325632219793943,0.7159077035770968,0.6198334457737323,0.9325632219793943,0,0
3.854087724577589,184.0743298028805,-246.5247142083857,0.7159077035770968,0.21102941176470588,0.9325632219793943,0.7159077035770968,0.6198334457737323,0.9325632219793943,0,0
3.851980790236548,183.4918725206372,-246.5216652811952,0.7159077035770968,0.21102941176470588,0.9328754292850453,0.7159077035770968,0.619937514875616,0.9328754292850453,0,0
3.955023305903662,183.12506898257783,-246.2286479767435,0.7159077035770968,0.21102941176470588,0.9331876365906963,0.7159077035770968,0.6200415839774996,0.9331876365906963,0,0
3.864235085347505,182.65222303455928,-246.4706359486193,0.7159077035770968,0.21102941176470588,0.9328754292850453,0.7159077035770968,0.619937514875616,0.9328754292850453,0,0
4.04588577917306,182.6748464614754,-245.99538348929937,0.7159077035770968,0.21102941176470588,0.9331876365906963,0.7159077035770968,0.6200415839774996,0.9331876365906963,0,0
4.0216305631931375,183.6721063983043,-246.07622777156493,0.7159077035770968,0.21102941176470588,0.9328754292850453,0.7159077035770968,0.619937514875616,0.9328754292850453,0,0
3.4160805070495788,185.718741418694,-247.0979771842468,0.7159077035770968,0.2114705882352941,0.9294411489228848,0.7159077035770968,0.6189398135784252,0.9294411489228848,0,0
3.6868156987084095,185.55611194737315,-246.6274653217512,0.7159077035770968,0.2111764705882353,0.9294411489228848,0.7159077035770968,0.6188417743627389,0.9294411489228848,0,0
2.6800979934342446,186.1881380119341,-248.0174417224308,0.7161518740080576,0.2114705882352941,0.9294411489228848,0.7161518740080576,0.6190212037220788,0.9294411489228848,0,0
3.1938575500933424,185.80903888334,-247.4560975880464,0.7160297887925772,0.2114705882352941,0.9291289416172338,0.7160297887925772,0.6188764395483684,0.9291289416172338,0,0
3.1923915565145977,186.1733662191465,-247.2180137216837,0.7161518740080576,0.2114705882352941,0.9291289416172338,0.7161518740080576,0.6189171346201952,0.9291289416172338,0,0
2.9602374923274897,186.0802518555316,-247.66730366431293,0.7161518740080576,0.2114705882352941,0.9291289416172338,0.7161518740080576,0.6189171346201952,0.9291289416172338,0,0
2.7421426086234466,186.416024167428,-247.7409914396149,0.7161518740080576,0.2114705882352941,0.9294411489228848,0.7161518740080576,0.6190212037220788,0.9294411489228848,0,0
2.940605437590791,186.47511341704,-247.3960349254432,0.7161518740080576,0.21161764705882352,0.9294411489228848,0.7161518740080576,0.6190702233299219,0.9294411489228848,0,0
4.140973207752221,183.18784139582507,-245.74746826819944,0.7159077035770968,0.21088235294117647,0.9331876365906963,0.7159077035770968,0.6199925643696566,0.9331876365906963,0,0
4.260173604593692,182.6926284399356,-245.46424438358324,0.7159077035770968,0.21088235294117647,0.9344364658133,0.7159077035770968,0.620408840777191,0.9344364658133,0,0
4.377971955633414,183.28947878568096,-245.16486237988883,0.7157856183616164,0.21088235294117647,0.9344364658133,0.7157856183616164,0.6203681457053642,0.9344364658133,0,0
4.229031866956262,183.8071856099408,-245.54705757983737,0.7157856183616164,0.21088235294117647,0.9328754292850453,0.7157856183616164,0.619847800195946,0.9328754292850453,0,0
4.482633880445958,183.9860481429047,-244.9273228588225,0.7157856183616164,0.21073529411764705,0.9328754292850453,0.7157856183616164,0.6197987805881029,0.9328754292850453,0,0
3.54103251557419,186.0878878388564,-246.65116280032683,0.7160297887925772,0.2114705882352941,0.9291289416172338,0.7160297887925772,0.6188764395483684,0.9291289416172338,0,0
3.800961413195721,185.7578265976572,-246.30200740449973,0.7159077035770968,0.21132352941176472,0.9294411489228848,0.7159077035770968,0.6188907939705821,0.9294411489228848,0,0
3.8709027299139978,184.72187206476025,-246.429471992503,0.7159077035770968,0.21102941176470588,0.9313143927567905,0.7159077035770968,0.6194171693661977,0.9313143927567905,0,0
3.743632776095007,185.1539120031549,-246.63949553293733,0.7159077035770968,0.21102941176470588,0.9303777708398376,0.7159077035770968,0.6191049620605468,0.9303777708398376,0,0
4.074241037691409,185.6795013549692,-245.7363397013992,0.7159077035770968,0.21102941176470588,0.9297533562285357,0.7159077035770968,0.6188968238567795,0.9297533562285357,0,0
3.90486417985999,185.2823862519828,-246.23477449535588,0.7159077035770968,0.21102941176470588,0.9303777708398376,0.7159077035770968,0.6191049620605468,0.9303777708398376,0,0
4.0663742860861625,184.28082112996407,-245.9710523293384,0.7157856183616164,0.21102941176470588,0.9325632219793943,0.7157856183616164,0.6197927507019055,0.9325632219793943,0,0
4.109724006203122,184.9526106026161,-245.8141839368629,0.7159077035770968,0.21102941176470588,0.9316266000624415,0.7159077035770968,0.6195212384680814,0.9316266000624415,0,0
4.298646229963571,184.5093499281637,-245.3813975589137,0.7157856183616164,0.21088235294117647,0.9325632219793943,0.7157856183616164,0.6197437310940623,0.9325632219793943,0,0
4.349687755565133,185.20382725626104,-245.2025845748767,0.7157856183616164,0.21102941176470588,0.9313143927567905,0.7157856183616164,0.6193764742943709,0.9313143927567905,0,0
4.303027012868536,185.8597169650444,-245.16880804116005,0.7159077035770968,0.21102941176470588,0.9297533562285357,0.7159077035770968,0.6188968238567795,0.9297533562285357,0,0
4.087707204158908,186.3356264554546,-245.44173460519423,0.7161518740080576,0.2114705882352941,0.9291289416172338,0.7161518740080576,0.6189171346201952,0.9291289416172338,0,0
4.648276796982696,183.370235026114,-244.5394417024488,0.7157856183616164,0.21088235294117647,0.9341242585076491,0.7157856183616164,0.6202640766034806,0.9341242585076491,0,0
4.5162403572320615,182.70295167820208,-244.8707541014503,0.7159077035770968,0.21088235294117647,0.9344364658133,0.7159077035770968,0.620408840777191,0.9344364658133,0,0
4.5851822420793935,184.76902930298365,-244.6764093838446,0.715663533146136,0.21088235294117647,0.9325632219793943,0.715663533146136,0.6197030360222356,0.9325632219793943,0,0
4.597935445307198,185.62971379250465,-244.55118523054523,0.7159077035770968,0.21102941176470588,0.9306899781454886,0.7159077035770968,0.6192090311624304,0.9306899781454886,0,0
4.891184688856473,184.9481656619288,-243.95410716742663,0.715663533146136,0.21073529411764705,0.9325632219793943,0.715663533146136,0.6196540164143924,0.9325632219793943,0,0
4.92551219153995,185.7355514843372,-243.7838763657347,0.7159077035770968,0.21102941176470588,0.9310021854511396,0.7159077035770968,0.6193131002643141,0.9310021854511396,0,0
4.773809721748474,184.1344306298222,-244.2486701958748,0.715663533146136,0.21073529411764705,0.9328754292850453,0.715663533146136,0.6197580855162761,0.9328754292850453,0,0
4.827041157795692,182.7038351982497,-244.21176300061973,0.7157856183616164,0.21088235294117647,0.9344364658133,0.7157856183616164,0.6203681457053642,0.9344364658133,0,0
4.985064556574154,183.46621707219387,-243.81659791871496,0.7157856183616164,0.21088235294117647,0.9341242585076491,0.7157856183616164,0.6202640766034806,0.9341242585076491,0,0
5.153515521199707,184.309289109363,-243.4156448781729,0.715663533146136,0.21073529411764705,0.9328754292850453,0.715663533146136,0.6197580855162761,0.9328754292850453,0,0
3.799181824568838,186.25067199387647,-246.06294636512,0.7161518740080576,0.2114705882352941,0.9291289416172338,0.7161518740080576,0.6189171346201952,0.9291289416172338,0,0
4.392923053674871,186.3874107892963,-244.7822021206657,0.7161518740080576,0.2114705882352941,0.9291289416172338,0.7161518740080576,0.6189171346201952,0.9291289416172338,0,0
4.731871337045618,186.43919772828104,-244.0340178897609,0.7161518740080576,0.2114705882352941,0.9294411489228848,0.7161518740080576,0.6190212037220788,0.9294411489228848,0,0
3.186675556757224,186.5902790184119,-246.9199368174399,0.7161518740080576,0.21161764705882352,0.9291289416172338,0.7161518740080576,0.6189661542280382,0.9291289416172338,0,0
2.4749554958017086,186.57752544888416,-247.9753876991062,0.7161518740080576,0.21161764705882352,0.9303777708398376,0.7161518740080576,0.6193824306355729,0.9303777708398376,0,0
2.636294107291116,186.74713818314453,-247.6014571711372,0.7161518740080576,0.21161764705882352,0.9300655635341867,0.7161518740080576,0.6192783615336892,0.9300655635341867,0,0
2.8068178332870177,186.9131665991921,-247.2127549503762,0.7161518740080576,0.21161764705882352,0.9297533562285357,0.7161518740080576,0.6191742924318056,0.9297533562285357,0,0
4.041520834222833,186.97795928248613,-245.1572301684072,0.7161518740080576,0.21161764705882352,0.9291289416172338,0.7161518740080576,0.6189661542280382,0.9291289416172338,0,0
3.4509463631593427,186.68465365709687,-246.4131209510124,0.7161518740080576,0.21161764705882352,0.9291289416172338,0.7161518740080576,0.6189661542280382,0.9291289416172338,0,0
3.726714077340189,186.82818436969444,-245.8315170948161,0.7161518740080576,0.21161764705882352,0.9291289416172338,0.7161518740080576,0.6189661542280382,0.9291289416172338,0,0
5.256750651890466,185.3039025749214,-243.1112441647105,0.7157856183616164,0.21088235294117647,0.9319388073680924,0.7157856183616164,0.619535592890295,0.9319388073680924,0,0
5.172842738038806,186.43835118907268,-243.0749127750772,0.7160297887925772,0.2114705882352941,0.9297533562285357,0.7160297887925772,0.6190845777521357,0.9297533562285357,0,0
5.197967151528831,182.68931267854936,-243.4792946656686,0.7159077035770968,0.21088235294117647,0.9344364658133,0.7159077035770968,0.620408840777191,0.9344364658133,0,0
5.5780218174256495,184.50975675871985,-242.52707791453707,0.715663533146136,0.21073529411764705,0.9328754292850453,0.715663533146136,0.6197580855162761,0.9328754292850453,0,0
5.633631543563628,182.6490361793685,-242.6635055500753,0.7159077035770968,0.21088235294117647,0.9344364658133,0.7159077035770968,0.620408840777191,0.9344364658133,0,0
5.404002714059652,183.54494461190063,-242.9724332257988,0.7157856183616164,0.21073529411764705,0.9341242585076491,0.7157856183616164,0.6202150569956375,0.9341242585076491,0,0
6.15475573931024,182.570650218,-241.75679155200007,0.7159077035770968,0.21102941176470588,0.9331876365906963,0.7159077035770968,0.6200415839774996,0.9331876365906963,0,0
5.862727269227854,183.5704570304252,-242.0985975223433,0.7157856183616164,0.21088235294117647,0.9341242585076491,0.7157856183616164,0.6202640766034806,0.9341242585076491,0,0
6.017767438896619,184.6199871154145,-241.65365597897195,0.715663533146136,0.21073529411764705,0.9328754292850453,0.715663533146136,0.6197580855162761,0.9328754292850453,0,0
6.344776034490269,183.5598122272669,-241.24158216785207,0.7157856183616164,0.21088235294117647,0.9344364658133,0.7157856183616164,0.6203681457053642,0.9344364658133,0,0
6.5438465191983255,184.62328125943264,-240.68901459806776,0.715663533146136,0.21073529411764705,0.9328754292850453,0.715663533146136,0.6197580855162761,0.9328754292850453,0,0
4.3704235364597865,187.15018432512443,-244.42347637628507,0.7161518740080576,0.21176470588235294,0.9291289416172338,0.7161518740080576,0.6190151738358814,0.9291289416172338,0,0
4.76638714719466,187.31752667056267,-243.5464500683941,0.7161518740080576,0.21205882352941177,0.9294411489228848,0.7161518740080576,0.6192172821534513,0.9294411489228848,0,0
5.2580070296946095,187.60087562279224,-242.4023372443513,0.716273959223538,0.21205882352941177,0.9294411489228848,0.716273959223538,0.6192579772252782,0.9294411489228848,0,0
3.0446091781619207,187.08545496044127,-246.7160642988574,0.7161518740080576,0.21191176470588236,0.9297533562285357,0.7161518740080576,0.6192723316474918,0.9297533562285357,0,0
3.5606392676173337,187.4926080735696,-245.5702353090309,0.7161518740080576,0.21205882352941177,0.9294411489228848,0.7161518740080576,0.6192172821534513,0.9294411489228848,0,0
3.855424873064588,187.7295921785408,-244.8898030175102,0.716273959223538,0.21205882352941177,0.9294411489228848,0.716273959223538,0.6192579772252782,0.9294411489228848,0,0
3.278942361399664,187.28219472045063,-246.1911125694312,0.7161518740080576,0.21205882352941177,0.9294411489228848,0.7161518740080576,0.6192172821534513,0.9294411489228848,0,0
6.183099066439351,185.8007263655929,-241.1186798659104,0.7157856183616164,0.21088235294117647,0.9319388073680924,0.7157856183616164,0.619535592890295,0.9319388073680924,0,0
5.6602773479823965,185.6267796011591,-242.2093467971483,0.7157856183616164,0.21088235294117647,0.9319388073680924,0.7157856183616164,0.619535592890295,0.9319388073680924,0,0
5.740845008176227,186.72627665729289,-241.7825288295616,0.7161518740080576,0.2114705882352941,0.9297533562285357,0.7161518740080576,0.6191252728239625,0.9297533562285357,0,0
6.7436538243623225,185.81754745701943,-240.052261378513,0.7157856183616164,0.21088235294117647,0.9319388073680924,0.7157856183616164,0.619535592890295,0.9319388073680924,0,0
6.331623608554105,188.59382507603743,-239.6952666409387,0.716273959223538,0.21205882352941177,0.9294411489228848,0.716273959223538,0.6192579772252782,0.9294411489228848,0,0
7.007649294108415,188.60203760635,-238.39377730656005,0.7365401049932853,0.9494117647058824,0.9946924758039338,0.9494117647058824,0.8935481151677004,0.9946924758039338,0,0
6.914984318748479,187.1536974402351,-239.29644251405512,0.7161518740080576,0.2114705882352941,0.9297533562285357,0.7161518740080576,0.6191252728239625,0.9297533562285357,0,0
5.796542084103463,188.00348965578013,-241.10203340784165,0.716273959223538,0.21205882352941177,0.9294411489228848,0.716273959223538,0.6192579772252782,0.9294411489228848,0,0
6.346592968979089,187.1053411127273,-240.4179488221656,0.7161518740080576,0.21161764705882352,0.9297533562285357,0.7161518740080576,0.6191742924318056,0.9297533562285357,0,0
4.212239582199864,187.96873179193648,-244.08956258511049,0.716273959223538,0.21205882352941177,0.9297533562285357,0.716273959223538,0.6193620463271619,0.9297533562285357,0,0
4.628516215100784,188.295647118483,-243.08987494946527,0.716273959223538,0.21205882352941177,0.9294411489228848,0.716273959223538,0.6192579772252782,0.9294411489228848,0,0
5.06352584456164,188.691927123974,-241.97737790883,0.7163960444390184,0.21205882352941177,0.9294411489228848,0.7163960444390184,0.6192986722971049,0.9294411489228848,0,0
5.526941995933418,189.1487068954385,-240.7433760848496,0.7163960444390184,0.21191176470588236,0.9291289416172338,0.7163960444390184,0.6191455835873781,0.9291289416172338,0,0
5.838583200272998,189.60391544685007,-239.75166525493964,0.7165181296544988,0.2122058823529412,0.9288167343115828,0.7165181296544988,0.6191802487730076,0.9288167343115828,0,0
6.368420078104547,189.67104753650528,-238.75583638958707,0.7365401049932853,0.9494117647058824,0.9940680611926319,0.9494117647058824,0.8933399769639331,0.9940680611926319,0,0
6.942960138555708,190.0549691467712,-237.32823343279887,0.7364180197778049,0.9494117647058824,0.9940680611926319,0.9494117647058824,0.8932992818921064,0.9940680611926319,0,0
3.6423357189534977,182.35051195502027,-247.09928021064044,0.7160297887925772,0.21102941176470588,0.9325632219793943,0.7160297887925772,0.6198741408455591,0.9325632219793943,0,0
3.789504676172234,182.1955282945883,-246.7136812171862,0.7159077035770968,0.21102941176470588,0.9328754292850453,0.7159077035770968,0.619937514875616,0.9328754292850453,0,0
3.650965161796137,182.05119825331545,-247.1106169687472,0.7160297887925772,0.21132352941176472,0.9325632219793943,0.7160297887925772,0.6199721800612453,0.9325632219793943,0,0
3.45539781283,182.573691613,-247.618967569,0.7160297887925772,0.21132352941176472,0.9325632219793943,0.7160297887925772,0.6199721800612453,0.9325632219793943,0,0
3.504548931971117,182.20540508323649,-247.5040362092269,0.7161518740080576,0.2114705882352941,0.9319388073680924,0.7161518740080576,0.619853756537148,0.9319388073680924,0,0
3.7389196003430896,181.72297721575828,-246.9220061203352,0.7160297887925772,0.2114705882352941,0.9319388073680924,0.7160297887925772,0.6198130614653212,0.9319388073680924,0,0
3.570330277927249,181.7870323306142,-247.3730696113127,0.7161518740080576,0.2114705882352941,0.9319388073680924,0.7161518740080576,0.619853756537148,0.9319388073680924,0,0
3.912638628381276,181.72278486924648,-246.4668642209139,0.7160297887925772,0.2111764705882353,0.9319388073680924,0.7160297887925772,0.6197150222496349,0.9319388073680924,0,0
4.181204993441684,182.156632204284,-245.72216795060265,0.7159077035770968,0.21102941176470588,0.9328754292850453,0.7159077035770968,0.619937514875616,0.9328754292850453,0,0
3.9688097711848505,182.1910940763144,-246.2445953803651,0.7159077035770968,0.21102941176470588,0.9328754292850453,0.7159077035770968,0.619937514875616,0.9328754292850453,0,0
4.103021950204885,181.7304732314123,-245.9887283516101,0.7159077035770968,0.21102941176470588,0.9325632219793943,0.7159077035770968,0.6198334457737323,0.9325632219793943,0,0
4.322125814663275,181.64308876771247,-245.48654498309563,0.7159077035770968,0.21102941176470588,0.9325632219793943,0.7159077035770968,0.6198334457737323,0.9325632219793943,0,0
4.230912088342528,181.30737872236423,-245.76665350079983,0.7160297887925772,0.21132352941176472,0.9319388073680924,0.7160297887925772,0.619764041857478,0.9319388073680924,0,0
4.7860304849732405,181.8924051321131,-244.4360119095216,0.7159077035770968,0.21102941176470588,0.9328754292850453,0.7159077035770968,0.619937514875616,0.9328754292850453,0,0
4.41191741494125,182.1230598817476,-245.18924418312653,0.7159077035770968,0.21102941176470588,0.9331876365906963,0.7159077035770968,0.6200415839774996,0.9331876365906963,0,0
4.529987370766018,181.5210399071005,-245.04984763739336,0.7159077035770968,0.21102941176470588,0.9325632219793943,0.7159077035770968,0.6198334457737323,0.9325632219793943,0,0
4.7505851210124845,181.2477519506743,-244.6404533174904,0.7160297887925772,0.21132352941176472,0.9319388073680924,0.7160297887925772,0.619764041857478,0.9319388073680924,0,0
4.049471094922441,181.19565725629903,-246.2242747569265,0.7160297887925772,0.2114705882352941,0.9310021854511396,0.7160297887925772,0.6195008541596703,0.9310021854511396,0,0
3.652579361397109,181.31134827231364,-247.22385889925505,0.7161518740080576,0.21161764705882352,0.9306899781454886,0.7161518740080576,0.6194864997374565,0.9306899781454886,0,0
3.8483644872225033,181.2370690495644,-246.7217672675777,0.7160297887925772,0.2114705882352941,0.9306899781454886,0.7160297887925772,0.6193967850577866,0.9306899781454886,0,0
4.2670331911375525,180.65528887937828,-245.8122733846241,0.7161518740080576,0.2114705882352941,0.9294411489228848,0.7161518740080576,0.6190212037220788,0.9294411489228848,0,0
3.989562858601375,180.6762110425154,-246.4683458824164,0.7161518740080576,0.2114705882352941,0.9294411489228848,0.7161518740080576,0.6190212037220788,0.9294411489228848,0,0
3.751667941590528,180.77009205381847,-247.05385584563425,0.7161518740080576,0.2114705882352941,0.9294411489228848,0.7161518740080576,0.6190212037220788,0.9294411489228848,0,0
4.417332566082292,181.12213362040927,-245.38003196658727,0.7160297887925772,0.2114705882352941,0.9310021854511396,0.7160297887925772,0.6195008541596703,0.9310021854511396,0,0
4.514309885766445,180.66572064669728,-245.2582711107392,0.7161518740080576,0.2114705882352941,0.9294411489228848,0.7161518740080576,0.6190212037220788,0.9294411489228848,0,0
4.58788725595591,181.0379569133364,-245.02573574850425,0.7160297887925772,0.2114705882352941,0.9306899781454886,0.7160297887925772,0.6193967850577866,0.9306899781454886,0,0
4.833286167833839,180.4680506656336,-244.62242196840955,0.7161518740080576,0.21132352941176472,0.9291289416172338,0.7161518740080576,0.6188681150123521,0.9291289416172338,0,0
5.136874418862934,181.8908591882379,-243.73821818548024,0.7159077035770968,0.21102941176470588,0.9328754292850453,0.7159077035770968,0.619937514875616,0.9328754292850453,0,0
5.066449734418741,181.17618052789567,-244.01747414503205,0.7160297887925772,0.2114705882352941,0.9310021854511396,0.7160297887925772,0.6195008541596703,0.9310021854511396,0,0
5.422019780974219,182.04395496793927,-243.1653869560577,0.7159077035770968,0.21102941176470588,0.9328754292850453,0.7159077035770968,0.619937514875616,0.9328754292850453,0,0
5.4696653104463255,181.24618022313624,-243.2359350297012,0.7160297887925772,0.2114705882352941,0.9310021854511396,0.7160297887925772,0.6195008541596703,0.9310021854511396,0,0
5.3054875585169885,180.438216604066,-243.70138619894223,0.7161518740080576,0.21132352941176472,0.9288167343115828,0.7161518740080576,0.6187640459104684,0.9288167343115828,0,0
5.968541921911873,181.5790843194986,-242.2846255578192,0.7160297887925772,0.21132352941176472,0.9319388073680924,0.7160297887925772,0.619764041857478,0.9319388073680924,0,0
5.782970774886887,180.6030445435811,-242.8129137807635,0.7161518740080576,0.21132352941176472,0.9288167343115828,0.7161518740080576,0.6187640459104684,0.9288167343115828,0,0
5.584203813277387,179.62751102126424,-243.34359875213585,0.716273959223538,0.21102941176470588,0.9281923197002809,0.716273959223538,0.6184985635628416,0.9281923197002809,0,0
3.864683133440216,180.15318228731527,-246.8600876668848,0.716273959223538,0.2114705882352941,0.9285045270059319,0.716273959223538,0.6187496914882546,0.9285045270059319,0,0
4.169547752278487,180.0558935462781,-246.14003896445712,0.716273959223538,0.2114705882352941,0.9285045270059319,0.716273959223538,0.6187496914882546,0.9285045270059319,0,0
3.989334001042786,179.44929654968402,-246.6391757160138,0.716273959223538,0.21102941176470588,0.9281923197002809,0.716273959223538,0.6184985635628416,0.9281923197002809,0,0
4.513715857403655,180.02106177771083,-245.37327194145,0.716273959223538,0.2114705882352941,0.9285045270059319,0.716273959223538,0.6187496914882546,0.9285045270059319,0,0
4.764423503965648,179.46072285998997,-244.92344863037133,0.716273959223538,0.21102941176470588,0.9281923197002809,0.716273959223538,0.6184985635628416,0.9281923197002809,0,0
5.1431182540386455,179.4732718192152,-244.1712961908973,0.716273959223538,0.21102941176470588,0.9281923197002809,0.716273959223538,0.6184985635628416,0.9281923197002809,0,0
4.919836624273733,178.57368664464707,-244.697155138106,0.7161518740080576,0.21102941176470588,0.9291289416172338,0.7161518740080576,0.6187700757966658,0.9291289416172338,0,0
5.356474667987492,178.63728015289712,-243.8782516029493,0.7161518740080576,0.21102941176470588,0.9291289416172338,0.7161518740080576,0.6187700757966658,0.9291289416172338,0,0
5.0826891933627705,177.6258027289887,-244.4123883747708,0.7161518740080576,0.21205882352941177,0.9313143927567905,0.7161518740080576,0.6198416967647532,0.9313143927567905,0,0
4.358424058860782,179.33896762193714,-245.8045402034642,0.7161518740080576,0.21102941176470588,0.9281923197002809,0.7161518740080576,0.6184578684910148,0.9281923197002809,0,0
4.522407795659423,178.5713914919412,-245.5055740027152,0.7161518740080576,0.21102941176470588,0.9288167343115828,0.7161518740080576,0.6186660066947821,0.9288167343115828,0,0
4.118830455051027,178.6449389149036,-246.3872579879848,0.7161518740080576,0.21102941176470588,0.9288167343115828,0.7161518740080576,0.6186660066947821,0.9288167343115828,0,0
4.236048320254089,177.72382993697536,-246.1000395547056,0.7161518740080576,0.21176470588235294,0.9306899781454886,0.7161518740080576,0.6195355193452997,0.9306899781454886,0,0
4.636026829038048,177.63249434213995,-245.2637712296623,0.7161518740080576,0.21205882352941177,0.9310021854511396,0.7161518740080576,0.6197376276628696,0.9310021854511396,0,0
4.73966664868663,176.58106320054603,-244.94217864456243,0.7165181296544988,0.21235294117647058,0.9344364658133,0.7165181296544988,0.6211025122147564,0.9344364658133,0,0
4.318150045654245,176.6709100831216,-245.77383210269247,0.7165181296544988,0.21235294117647058,0.9328754292850453,0.7165181296544988,0.6205821667053382,0.9328754292850453,0,0
4.32532311512,175.55446433799997,-245.431194864,0.7165181296544988,0.21279411764705883,0.940680611926319,0.7165181296544988,0.6233309530759589,0.940680611926319,0,0
12.181764802161172,178.67941297881842,-233.116161167094,0.7364180197778049,0.9494117647058824,0.9946924758039338,0.9494117647058824,0.8935074200958737,0.9946924758039338,0,0
12.812772167510538,177.91932693166936,-231.5680814757197,0.7365401049932853,0.9494117647058824,0.9946924758039338,0.9494117647058824,0.8935481151677004,0.9946924758039338,0,0
12.105546527750995,176.59198253061183,-233.26633209145697,0.7365401049932853,0.9494117647058824,0.9943802684982829,0.9494117647058824,0.8934440460658167,0.9943802684982829,0,0
12.609394322231289,180.14309196761505,-231.7678271420639,0.7365401049932853,0.9494117647058824,0.9946924758039338,0.9494117647058824,0.8935481151677004,0.9946924758039338,0,0
12.04742128318062,181.97008590178044,-232.3190762091263,0.7364180197778049,0.9494117647058824,0.9946924758039338,0.9494117647058824,0.8935074200958737,0.9946924758039338,0,0
11.447917637994662,183.30909984947056,-232.8947312670271,0.7364180197778049,0.9494117647058824,0.9940680611926319,0.9494117647058824,0.8932992818921064,0.9940680611926319,0,0
11.093110345827368,181.69108385711712,-234.30709824440007,0.7364180197778049,0.9494117647058824,0.9940680611926319,0.9494117647058824,0.8932992818921064,0.9940680611926319,0,0
11.942301174318647,180.43261176703368,-233.17149475941045,0.7364180197778049,0.9494117647058824,0.9940680611926319,0.9494117647058824,0.8932992818921064,0.9940680611926319,0,0
12.01674569181424,174.60015697356903,-232.48129176852143,0.7365401049932853,0.9494117647058824,0.9946924758039338,0.9494117647058824,0.8935481151677004,0.9946924758039338,0,0
11.497674672537984,174.88697344909545,-234.0059053905485,0.7364180197778049,0.9494117647058824,0.9940680611926319,0.9494117647058824,0.8932992818921064,0.9940680611926319,0,0
11.057235854842062,173.22964012895272,-233.6507865176864,0.7364180197778049,0.9494117647058824,0.9940680611926319,0.9494117647058824,0.8932992818921064,0.9940680611926319,0,0
9.748939306815725,188.82630859874703,-232.88070190071787,0.7364180197778049,0.9494117647058824,0.9940680611926319,0.9494117647058824,0.8932992818921064,0.9940680611926319,0,0
8.884766562242072,190.6419787880286,-232.9688044901616,0.7364180197778049,0.9494117647058824,0.9943802684982829,0.9494117647058824,0.89340335099399,0.9943802684982829,0,0
8.816576865863262,189.41480431332803,-234.3318962316773,0.7364180197778049,0.9494117647058824,0.9940680611926319,0.9494117647058824,0.8932992818921064,0.9940680611926319,0,0
9.409809262388864,187.6913738193849,-234.39763154964484,0.7364180197778049,0.9494117647058824,0.9940680611926319,0.9494117647058824,0.8932992818921064,0.9940680611926319,0,0
8.587850334359443,188.4408291525444,-235.5041978411067,0.7364180197778049,0.9494117647058824,0.9940680611926319,0.9494117647058824,0.8932992818921064,0.9940680611926319,0,0
7.427785787217412,182.536071403722,-239.7420443268951,0.7161518740080576,0.21161764705882352,0.9319388073680924,0.7161518740080576,0.6199027761449911,0.9319388073680924,0,0
6.8145262035123695,182.4647087959941,-240.7062952909505,0.7160297887925772,0.21102941176470588,0.9325632219793943,0.7160297887925772,0.6198741408455591,0.9325632219793943,0,0
7.108739173421085,183.4915894528501,-239.996683764013,0.7159077035770968,0.21102941176470588,0.9328754292850453,0.7159077035770968,0.619937514875616,0.9328754292850453,0,0
11.458512663586047,179.833096058289,-234.29141468573627,0.7364180197778049,0.9494117647058824,0.9940680611926319,0.9494117647058824,0.8932992818921064,0.9940680611926319,0,0
11.208432395490584,177.9039882163323,-235.08939848531992,0.7364180197778049,0.9494117647058824,0.9940680611926319,0.9494117647058824,0.8932992818921064,0.9940680611926319,0,0
11.22453041782282,175.94294309564438,-234.9265339579244,0.7364180197778049,0.9494117647058824,0.9940680611926319,0.9494117647058824,0.8932992818921064,0.9940680611926319,0,0
10.288746196383691,176.34053499465915,-236.55861978830148,0.7364180197778049,0.9494117647058824,0.9940680611926319,0.9494117647058824,0.8932992818921064,0.9940680611926319,0,0
10.457179999265724,186.7803131971611,-232.87115789233545,0.7364180197778049,0.9494117647058824,0.9940680611926319,0.9494117647058824,0.8932992818921064,0.9940680611926319,0,0
7.318666487169179,184.5239185748081,-239.3969781171251,0.7157856183616164,0.21088235294117647,0.9328754292850453,0.7157856183616164,0.619847800195946,0.9328754292850453,0,0
7.562253115420351,185.62702957025488,-238.6670942827052,0.7157856183616164,0.21088235294117647,0.9319388073680924,0.7157856183616164,0.619535592890295,0.9319388073680924,0,0
8.127122632838132,184.22845796332112,-238.1794423023263,0.7366621902087657,0.9494117647058824,0.9946924758039338,0.9494117647058824,0.8935888102395273,0.9946924758039338,0,0
7.826976884242441,183.25148355619973,-238.93851256819576,0.7161518740080576,0.2114705882352941,0.9319388073680924,0.7161518740080576,0.619853756537148,0.9319388073680924,0,0
8.541735878494366,182.8831690756395,-237.9596107158484,0.7365401049932853,0.9494117647058824,0.9946924758039338,0.9494117647058824,0.8935481151677004,0.9946924758039338,0,0
8.29523615453577,181.7079292672408,-238.68146926226493,0.7165181296544988,0.21161764705882352,0.9291289416172338,0.7165181296544988,0.6190882394435188,0.9291289416172338,0,0
8.217143336414281,180.68418425939817,-239.07989788651008,0.716273959223538,0.21102941176470588,0.9291289416172338,0.716273959223538,0.6188107708684926,0.9291289416172338,0,0
8.71438170777492,179.31821054247925,-238.68740365809364,0.7159077035770968,0.21102941176470588,0.9319388073680924,0.7159077035770968,0.619625307569965,0.9319388073680924,0,0
7.756459450707655,180.02037831261578,-239.90692381214305,0.7161518740080576,0.21088235294117647,0.9291289416172338,0.7161518740080576,0.6187210561888227,0.9291289416172338,0,0
9.154865145834933,180.5261140786772,-237.76371559063267,0.7364180197778049,0.9494117647058824,0.9940680611926319,0.9494117647058824,0.8932992818921064,0.9940680611926319,0,0
8.9822101151553,181.9102454362373,-237.60506588156983,0.7364180197778049,0.9494117647058824,0.9946924758039338,0.9494117647058824,0.8935074200958737,0.9946924758039338,0,0
9.607835926462316,181.6049094326349,-236.761134862889,0.7364180197778049,0.9494117647058824,0.9940680611926319,0.9494117647058824,0.8932992818921064,0.9940680611926319,0,0
7.474570155522245,181.4289542297296,-239.966246367012,0.716273959223538,0.2114705882352941,0.9291289416172338,0.716273959223538,0.618957829692022,0.9291289416172338,0,0
6.663823732610457,181.5999412805874,-241.15208780537083,0.7161518740080576,0.2114705882352941,0.9306899781454886,0.7161518740080576,0.6194374801296134,0.9306899781454886,0,0
7.795176512001206,178.92360084006512,-240.0668068664912,0.7159077035770968,0.21102941176470588,0.9319388073680924,0.7159077035770968,0.619625307569965,0.9319388073680924,0,0
8.18595577610741,177.89890103287635,-239.6347231401085,0.7161518740080576,0.2114705882352941,0.9366219169528567,0.7161518740080576,0.6214147930654028,0.9366219169528567,0,0
6.25571307584451,179.63295278803838,-242.23109126178616,0.7161518740080576,0.21102941176470588,0.9285045270059319,0.7161518740080576,0.6185619375928985,0.9285045270059319,0,0
10.755615650058662,183.7898333094604,-233.9808293552756,0.7364180197778049,0.9494117647058824,0.9940680611926319,0.9494117647058824,0.8932992818921064,0.9940680611926319,0,0
10.083199908947442,183.51883583780528,-235.286757019126,0.7364180197778049,0.9494117647058824,0.99344364658133,0.9494117647058824,0.8930911436883391,0.99344364658133,0,0
10.203480919777984,181.84736741278897,-235.74657224670173,0.7364180197778049,0.9494117647058824,0.99344364658133,0.9494117647058824,0.8930911436883391,0.99344364658133,0,0
9.153591301459196,182.48628704893363,-237.1592210082129,0.7364180197778049,0.9494117647058824,0.9940680611926319,0.9494117647058824,0.8932992818921064,0.9940680611926319,0,0
9.59875484999207,182.6211860399757,-236.424085285426,0.7364180197778049,0.9494117647058824,0.9940680611926319,0.9494117647058824,0.8932992818921064,0.9940680611926319,0,0
9.072524935260557,183.79140867084016,-236.82909063854763,0.7364180197778049,0.9494117647058824,0.9940680611926319,0.9494117647058824,0.8932992818921064,0.9940680611926319,0,0
7.787376558745985,186.8776688936511,-237.8117934398795,0.7365401049932853,0.9494117647058824,0.9946924758039338,0.9494117647058824,0.8935481151677004,0.9946924758039338,0,0
8.404511100372636,185.3014280567752,-237.3624729570476,0.7365401049932853,0.9494117647058824,0.9946924758039338,0.9494117647058824,0.8935481151677004,0.9946924758039338,0,0
11.060422950353075,184.97797981207563,-232.7492513817984,0.7364180197778049,0.9494117647058824,0.9940680611926319,0.9494117647058824,0.8932992818921064,0.9940680611926319,0,0
10.461648492545756,180.12735986021684,-235.89687886493152,0.7364180197778049,0.9494117647058824,0.993755853886981,0.9494117647058824,0.8931952127902227,0.993755853886981,0,0
9.812728485082571,178.3108765869494,-237.26428590632847,0.7364180197778049,0.9494117647058824,0.9940680611926319,0.9494117647058824,0.8932992818921064,0.9940680611926319,0,0
8.888907099486884,178.07360809818033,-238.6257599363689,0.7161518740080576,0.2114705882352941,0.9381829534811115,0.7161518740080576,0.6219351385748211,0.9381829534811115,0,0
5.956761357965529,178.59175984021823,-242.8669951382232,0.7161518740080576,0.21102941176470588,0.9294411489228848,0.7161518740080576,0.6188741448985494,0.9294411489228848,0,0
6.522615488936775,178.67678011048167,-241.96933453873007,0.7161518740080576,0.2111764705882353,0.9300655635341867,0.7161518740080576,0.6191313027101598,0.9300655635341867,0,0
5.684384679955564,177.52236567970704,-243.3738953450249,0.716273959223538,0.21205882352941177,0.9319388073680924,0.716273959223538,0.6200905300403474,0.9319388073680924,0,0
5.282422781214504,176.58023403352064,-243.9822055219594,0.7165181296544988,0.2125,0.9359975023415548,0.7165181296544988,0.6216718773320179,0.9359975023415548,0,0
5.921999762836528,176.35571316485175,-242.9111608212669,0.7165181296544988,0.21235294117647058,0.9394317827037153,0.7165181296544988,0.6227676178448949,0.9394317827037153,0,0
5.247823794018744,175.36924848035966,-243.75504330672788,0.7165181296544988,0.2126470588235294,0.9441148922884796,0.7165181296544988,0.624426693588836,0.9441148922884796,0,0
7.287885127299738,177.87610849407247,-240.9156031318455,0.7161518740080576,0.21132352941176472,0.9331876365906963,0.7161518740080576,0.6202210133368395,0.9331876365906963,0,0
6.414525771785901,177.4816220449733,-242.2224365204333,0.716273959223538,0.21161764705882352,0.9328754292850453,0.716273959223538,0.620255678522469,0.9328754292850453,0,0
9.00596344040339,176.50004152817192,-238.46699291597497,0.716273959223538,0.2125,0.9534811114580081,0.716273959223538,0.6274183568938487,0.9534811114580081,0,0
10.467117369954808,174.2337664661153,-235.57108876485827,0.7364180197778049,0.9494117647058824,0.9940680611926319,0.9494117647058824,0.8932992818921064,0.9940680611926319,0,0
9.104141050596366,174.63552458294015,-237.8423522063724,0.7187156635331461,0.2175,0.9628473306275367,0.7187156635331461,0.6330209980535609,0.9628473306275367,0,0
8.05032304826294,174.9186013764312,-239.44568580086803,0.7167623000854596,0.2163235294117647,0.9591008429597253,0.7167623000854596,0.6307288908189832,0.9591008429597253,0,0
6.05707597868895,175.11681894155018,-242.39363273893272,0.7165181296544988,0.21279411764705883,0.9512956603184515,0.7165181296544988,0.6268693025400031,0.9512956603184515,0,0
7.86743851633909,189.7982062413108,-235.84822516533904,0.7364180197778049,0.9494117647058824,0.9940680611926319,0.9494117647058824,0.8932992818921064,0.9940680611926319,0,0
7.88408441108205,188.2821681301673,-236.9288973927817,0.7364180197778049,0.9494117647058824,0.9940680611926319,0.9494117647058824,0.8932992818921064,0.9940680611926319,0,0
7.782262908193891,191.10869725962456,-234.5726013831168,0.7364180197778049,0.9494117647058824,0.9940680611926319,0.9494117647058824,0.8932992818921064,0.9940680611926319,0,0
9.90882577760587,185.5449111966501,-234.6561348339281,0.7364180197778049,0.9494117647058824,0.99344364658133,0.9494117647058824,0.8930911436883391,0.99344364658133,0,0
9.263191625209831,184.92085913644016,-236.0758986540049,0.7364180197778049,0.9494117647058824,0.9940680611926319,0.9494117647058824,0.8932992818921064,0.9940680611926319,0,0
8.806917910323888,186.81032328581944,-236.0205265650469,0.7364180197778049,0.9494117647058824,0.9940680611926319,0.9494117647058824,0.8932992818921064,0.9940680611926319,0,0
6.427932037873092,180.5075344457413,-241.7790314964964,0.716273959223538,0.2114705882352941,0.9285045270059319,0.716273959223538,0.6187496914882546,0.9285045270059319,0,0
7.020651876911177,179.4543913337708,-241.0975113161192,0.7161518740080576,0.21102941176470588,0.9291289416172338,0.7161518740080576,0.6187700757966658,0.9291289416172338,0,0
7.029117552976271,180.59806348275143,-240.83834281823448,0.7163960444390184,0.21102941176470588,0.9285045270059319,0.7163960444390184,0.6186433277365521,0.9285045270059319,0,0
7.806681361312329,176.39831908362177,-240.1470694931563,0.7165181296544988,0.21205882352941177,0.9481735872619419,0.7165181296544988,0.6255835134819508,0.9481735872619419,0,0
7.004590871121389,175.09827039983702,-240.99154860805768,0.7165181296544988,0.2139705882352941,0.9556665625975648,0.7165181296544988,0.6287184268291193,0.9556665625975648,0,0
6.812159671589508,176.3510557078495,-241.56685473518337,0.7165181296544988,0.21235294117647058,0.9425538557602248,0.7165181296544988,0.6238083088637314,0.9425538557602248,0,0
4.877816687247812,175.88613424079864,-244.5380682709004,0.7165181296544988,0.2126470588235294,0.9400561973150172,0.7165181296544988,0.6230737952643485,0.9400561973150172,0,0
4.32532311512,175.55446433799997,-245.431194864,0.7165181296544988,0.21279411764705883,0.940680611926319,0.7165181296544988,0.6233309530759589,0.940680611926319,0,0
4.742073475974859,175.18435535251285,-244.53773184169444,0.7167623000854596,0.21279411764705883,0.9441148922884796,0.7167623000854596,0.6245571033403327,0.9441148922884796,0,0
4.24999788289,174.67559275399998,-245.16476481,0.7165181296544988,0.21323529411764705,0.9469247580393381,0.7165181296544988,0.6255593939371613,0.9469247580393381,0,0
7.95594108603275,191.9792004917938,-232.9428720012153,0.7364180197778049,0.9494117647058824,0.9946924758039338,0.9494117647058824,0.8935074200958737,0.9946924758039338,0,0
-4.762836682499937,163.53647873499932,-229.186924004,0.37675497497253085,0.13058823529411764,0.6397127692788012,0.37675497497253085,0.3823519931818165,0.6397127692788012,0,0
-6.656932030214788,163.5341256949144,-229.7696463695777,0.7364180197778049,0.9288235294117647,0.9847018420231033,0.9288235294117647,0.8833144637375576,0.9847018420231033,0,0
-5.129951112308759,163.60042593838344,-231.14345230946617,0.7364180197778049,0.924264705882353,0.9850140493287542,0.924264705882353,0.8818989249963041,0.9850140493287542,0,0
-8.455329119958638,163.82069447999004,-230.25417369960348,0.736173849346844,0.9307352941176471,0.9818919762722448,0.9307352941176471,0.8829337065789119,0.9818919762722448,0,0
-10.084976805592389,164.32901889926833,-230.6293221363685,0.7359296789158832,0.9314705882352942,0.980643147049641,0.9314705882352942,0.8826811380669395,0.980643147049641,0,0
-11.56453281839874,165.02719455646042,-230.9063073489937,0.7359296789158832,0.9317647058823529,0.98033093974399,0.9317647058823529,0.882675108180742,0.98033093974399,0,0
-12.882509709972128,165.8955035902029,-231.08645738962736,0.7359296789158832,0.93,0.98033093974399,0.93,0.8820868728866245,0.98033093974399,0,0
-14.038857809000303,166.91712457999972,-231.174166502,0.7538762055915029,0.9494117647058824,1.0,0.9494117647058824,0.9010959900991283,1.0,0,0
-15.105133441551784,168.16093472379367,-231.17458742893177,0.7443535587840312,0.9494117647058824,1.0,0.9494117647058824,0.8979217744966378,1.0,0,0
-16.06411860996232,169.6152151074867,-231.08701401367347,0.7370284458552069,0.9494117647058824,0.9987511707773962,0.9494117647058824,0.8950637937794951,0.9987511707773962,0,0
-16.869278683816233,171.24321072308558,-230.8667066017489,0.7370284458552069,0.9494117647058824,0.9968779269434904,0.9494117647058824,0.8944393791681932,0.9968779269434904,0,0
-17.549308123553345,173.0989131401444,-230.47960192827176,0.7370284458552069,0.9494117647058824,0.9962535123321886,0.9494117647058824,0.8942312409644259,0.9962535123321886,0,0
-18.003782286612704,175.0469241308619,-229.91604023985,0.7370284458552069,0.946764705882353,0.9962535123321886,0.946764705882353,0.8933488880232495,0.9962535123321886,0,0
-18.16827552920041,176.8751075019999,-229.275861022,0.7365401049932853,0.9367647058823529,0.9984389634717452,0.9367647058823529,0.8905812581157945,0.9984389634717452,0,0
-18.53659372916611,176.4130747841584,-231.17200957076096,0.7370284458552069,0.9445588235294118,0.9959413050265377,0.9445588235294118,0.8925095248037187,0.9959413050265377,0,0
-9.880802689788167,194.61433350872184,-230.0917156906907,0.7370284458552069,0.9395588235294118,0.9940680611926319,0.9395588235294118,0.8902184435257502,0.9940680611926319,0,0
-10.111060535415584,194.58408976974408,-230.06043158281605,0.7370284458552069,0.9395588235294118,0.9940680611926319,0.9395588235294118,0.8902184435257502,0.9940680611926319,0,0
-9.94527784308012,194.6830457330004,-229.636988897,0.7369063606397265,0.9347058823529412,0.9981267561660943,0.9347058823529412,0.8899129997195873,0.9981267561660943,0,0
-10.066017729908047,194.5259952787005,-230.4264690937441,0.7370284458552069,0.9395588235294118,0.9940680611926319,0.9395588235294118,0.8902184435257502,0.9940680611926319,0,0
-9.841695604955376,194.54754874199523,-230.5687016053704,0.7370284458552069,0.9395588235294118,0.9940680611926319,0.9395588235294118,0.8902184435257502,0.9940680611926319,0,0
-10.159483909169268,194.4492870033506,-230.74955077501065,0.7370284458552069,0.9395588235294118,0.9940680611926319,0.9395588235294118,0.8902184435257502,0.9940680611926319,0,0
-9.82371826245499,194.47804906451347,-231.1011324222113,0.7370284458552069,0.9395588235294118,0.9940680611926319,0.9395588235294118,0.8902184435257502,0.9940680611926319,0,0
-10.32786096553718,194.45727123093232,-230.4674936562264,0.7370284458552069,0.9395588235294118,0.9940680611926319,0.9395588235294118,0.8902184435257502,0.9940680611926319,0,0
-10.307353159657035,194.35031935695795,-231.09861584524543,0.7370284458552069,0.9395588235294118,0.9940680611926319,0.9395588235294118,0.8902184435257502,0.9940680611926319,0,0
-10.188277193729242,194.34214564434583,-231.4150558319625,0.7370284458552069,0.9395588235294118,0.9940680611926319,0.9395588235294118,0.8902184435257502,0.9940680611926319,0,0
-10.625078275095364,194.2841642914736,-230.8647955742764,0.7370284458552069,0.9395588235294118,0.9940680611926319,0.9395588235294118,0.8902184435257502,0.9940680611926319,0,0
-10.612917591696451,194.1974237999933,-231.3869650955345,0.7370284458552069,0.9395588235294118,0.9940680611926319,0.9395588235294118,0.8902184435257502,0.9940680611926319,0,0
-11.027713513323231,194.04313672311287,-231.2337015954262,0.7370284458552069,0.9397058823529412,0.9940680611926319,0.9397058823529412,0.8902674631335933,0.9940680611926319,0,0
-15.39773199117189,189.35334115319515,-230.95400660735345,0.7370284458552069,0.9460294117647059,0.9940680611926319,0.9460294117647059,0.8923753062708482,0.9940680611926319,0,0
-18.81843076493857,178.78003080945598,-231.447303370378,0.7370284458552069,0.9420588235294117,0.9953168904152357,0.9420588235294117,0.891468053266618,0.9953168904152357,0,0
-18.461888010147515,178.35989593749775,-230.2037219557052,0.7370284458552069,0.9414705882352942,0.9950046831095848,0.9414705882352942,0.8911679057333619,0.9950046831095848,0,0
-18.58782899502972,179.82373082413537,-230.840025086582,0.7370284458552069,0.9398529411764706,0.9946924758039338,0.9398529411764706,0.8905246209452038,0.9946924758039338,0,0
-18.60231521566328,177.57218198138446,-230.86528670536248,0.7370284458552069,0.9425,0.9959413050265377,0.9425,0.8918232502939148,0.9959413050265377,0,0
-18.548846374017828,181.23725033709297,-231.27093888879563,0.7370284458552069,0.9398529411764706,0.9946924758039338,0.9398529411764706,0.8905246209452038,0.9946924758039338,0,0
-18.34927162754447,182.55023254255624,-231.5149115270004,0.7370284458552069,0.9398529411764706,0.9943802684982829,0.9398529411764706,0.8904205518433201,0.9943802684982829,0,0
-15.973793916408724,188.32601802766104,-231.1978190341431,0.7370284458552069,0.9460294117647059,0.9940680611926319,0.9460294117647059,0.8923753062708482,0.9940680611926319,0,0
-16.53690405696224,187.27720910043791,-231.38959203604568,0.7370284458552069,0.9433823529411764,0.9940680611926319,0.9433823529411764,0.8914929533296717,0.9940680611926319,0,0
-16.606853175843312,185.098262964794,-226.48731751664167,0.7364180197778049,0.935,0.9993755853886981,0.935,0.890264535055501,0.9993755853886981,0,0
-16.38192138580052,185.51341622800007,-225.626016083,0.7364180197778049,0.9351470588235294,0.9993755853886981,0.9351470588235294,0.8903135546633442,0.9993755853886981,0,0
-16.3861318826653,185.7520392360812,-226.6434759502573,0.7364180197778049,0.9354411764705882,0.9993755853886981,0.9354411764705882,0.8904115938790303,0.9993755853886981,0,0
-16.72273479209969,184.58438984784456,-225.95455306454733,0.7364180197778049,0.935,0.9987511707773962,0.935,0.8900563968517337,0.9987511707773962,0,0
-16.866624507908355,184.4129998043745,-226.88578592696624,0.7364180197778049,0.935,0.9987511707773962,0.935,0.8900563968517337,0.9987511707773962,0,0
-17.025031727000798,183.58213890429272,-226.3265692555755,0.7364180197778049,0.9347058823529412,0.9984389634717452,0.9347058823529412,0.8898542885341637,0.9984389634717452,0,0
-16.69012571950804,185.21874101270083,-227.5179564531396,0.7364180197778049,0.9351470588235294,0.9993755853886981,0.9351470588235294,0.8903135546633442,0.9993755853886981,0,0
-16.35106550828378,186.09365553882503,-227.5035062278058,0.7364180197778049,0.9357352941176471,0.999687792694349,0.9357352941176471,0.8906137021966004,0.999687792694349,0,0
-17.544890712294965,182.2685650738476,-228.00215849003348,0.7365401049932853,0.9347058823529412,0.9981267561660943,0.9347058823529412,0.8897909145041069,0.9981267561660943,0,0
-17.598719398036636,181.28146594159224,-227.2863346076909,0.7367842754242461,0.9347058823529412,0.9978145488604433,0.9347058823529412,0.8897682355458768,0.9978145488604433,0,0
-17.311040921755005,182.48105412935828,-226.76151398845323,0.7364180197778049,0.9347058823529412,0.9981267561660943,0.9347058823529412,0.88975021943228,0.9981267561660943,0,0
-17.218172646090903,183.36559291674791,-227.44013589193992,0.7364180197778049,0.9347058823529412,0.9981267561660943,0.9347058823529412,0.88975021943228,0.9981267561660943,0,0
-16.543690062238976,185.82975140072384,-228.11258958958865,0.7364180197778049,0.9357352941176471,0.9993755853886981,0.9357352941176471,0.8905096330947168,0.9993755853886981,0,0
-16.252107358400373,186.52904268400016,-228.2722537319999,0.7365401049932853,0.9358823529411765,0.999687792694349,0.9358823529411765,0.8907034168762703,0.999687792694349,0,0
-17.119171108142826,184.1325625473152,-228.11025028810909,0.7364180197778049,0.9348529411764706,0.9987511707773962,0.9348529411764706,0.8900073772438906,0.9987511707773962,0,0
-17.472834296421926,183.1534440563308,-228.64866084988395,0.7364180197778049,0.9347058823529412,0.9981267561660943,0.9347058823529412,0.88975021943228,0.9981267561660943,0,0
-16.923267412364922,185.01673859720268,-228.59814927295653,0.7364180197778049,0.935,0.9993755853886981,0.935,0.890264535055501,0.9993755853886981,0,0
-16.635582585959476,185.90359063705168,-228.8987645705696,0.7364180197778049,0.9357352941176471,0.9993755853886981,0.9357352941176471,0.8905096330947168,0.9993755853886981,0,0
-17.898091339138336,179.95507559643394,-227.9229339246382,0.7366621902087657,0.935,0.9978145488604433,0.935,0.8898255796897363,0.9978145488604433,0,0
-17.90847066389669,181.23631347667444,-228.9691220929101,0.7369063606397265,0.9347058823529412,0.9978145488604433,0.9347058823529412,0.8898089306177036,0.9978145488604433,0,0
-17.741484062404997,182.353042075782,-229.10981339693308,0.7365401049932853,0.9347058823529412,0.9981267561660943,0.9347058823529412,0.8897909145041069,0.9981267561660943,0,0
-18.19122860428033,179.84650636067255,-229.40262013297163,0.7365401049932853,0.9354411764705882,0.9978145488604433,0.9354411764705882,0.8899319434414389,0.9978145488604433,0,0
-18.25693187870244,180.86278996352988,-230.1469841329028,0.7370284458552069,0.9397058823529412,0.9940680611926319,0.9397058823529412,0.8902674631335933,0.9940680611926319,0,0
-18.125154793561407,178.47121134729187,-228.6275989651975,0.7364180197778049,0.9358823529411765,0.9978145488604433,0.9358823529411765,0.8900383071931416,0.9978145488604433,0,0
-17.71566666256804,182.96819118543783,-229.59246440886363,0.7364180197778049,0.9347058823529412,0.9981267561660943,0.9347058823529412,0.88975021943228,0.9981267561660943,0,0
-17.41064404379764,184.0538234760562,-229.50878498999847,0.7364180197778049,0.9347058823529412,0.9984389634717452,0.9347058823529412,0.8898542885341637,0.9984389634717452,0,0
-17.050098939240822,185.23338406706583,-229.650814749348,0.7364180197778049,0.935,0.9993755853886981,0.935,0.890264535055501,0.9993755853886981,0,0
-18.067374826240805,182.04382935231683,-230.18480648311345,0.7370284458552069,0.9397058823529412,0.9940680611926319,0.9397058823529412,0.8902674631335933,0.9940680611926319,0,0
-17.510899765611644,184.53380483628763,-230.564840600586,0.7370284458552069,0.9410294117647059,0.9940680611926319,0.9410294117647059,0.8907086396041816,0.9940680611926319,0,0
-17.85206598834961,183.3441459550188,-230.50579679976445,0.7370284458552069,0.94,0.9940680611926319,0.94,0.8903655023492796,0.9940680611926319,0,0
-16.406127735400766,185.56411194400025,-221.1316771520001,0.8101574899279698,0.9638235294117647,1.0,0.9638235294117647,0.9246603397799115,1.0,1,0
-16.38861784225918,185.5009890739772,-221.86523143542323,0.8107679160053718,0.9644117647058823,1.0,0.9644117647058823,0.9250598935704181,1.0,1,0
-16.618105949274497,184.94533471350303,-220.91671438007444,0.8097912342815285,0.9635294117647059,1.0,0.9635294117647059,0.9244402153487448,1.0,1,0
-16.69573170534971,184.53566440988465,-221.6040350373131,0.8106458307898914,0.9641176470588235,1.0,0.9641176470588235,0.924921159282905,1.0,1,0
-16.83737438658971,184.24758916316364,-220.69844566760145,0.8096691490660481,0.9630882352941177,1.0,0.9630882352941177,0.9242524614533886,1.0,1,0
-16.912544596997446,183.75897072950912,-221.4855948210213,0.8100354047124894,0.9636764705882352,1.0,0.9636764705882352,0.9245706251002416,1.0,1,0
-17.055543075605424,183.4406742988072,-220.47857560299585,0.8089366377731657,0.9627941176470588,1.0,0.9627941176470588,0.9239102518067415,1.0,1,0
-16.600154133122633,184.779960696219,-222.35540342397067,0.8110120864363326,0.9645588235294118,1.0,0.9645588235294118,0.9251903033219149,1.0,1,0
-16.379522969578336,185.4497594070508,-222.6946297986556,0.8113783420827738,0.9652941176470589,1.0,0.9652941176470589,0.9255574865766109,1.0,1,0
-17.323424242370475,181.82587020743347,-220.98323569576533,0.8084482969112441,0.9622058823529411,1.0,0.9622058823529411,0.9235513930880618,1.0,1,0
-17.411838199400854,181.46801809800013,-220.065724549,0.8078378708338421,0.9611764705882353,1.0,0.9611764705882353,0.9230047804740259,1.0,1,0
-17.25535500751399,182.51930844107488,-220.2658141356676,0.8083262116957637,0.9620588235294117,1.0,0.9620588235294117,0.9234616784083918,1.0,1,0
-17.434845753343815,180.85733569862464,-221.12479201189595,0.8079599560493225,0.9614705882352941,1.0,0.9614705882352941,0.9231435147615388,1.0,1,0
-17.168136195762916,182.62433021548685,-221.46873611856617,0.8094249786350873,0.9627941176470588,1.0,0.9627941176470588,0.9240730320940487,1.0,1,0
-17.34732134312693,181.52546892392087,-222.1782826592362,0.8090587229886461,0.9627941176470588,1.0,0.9627941176470588,0.9239509468785684,1.0,1,0
-16.805560196470804,184.0539205492587,-222.41711789231368,0.8107679160053718,0.9644117647058823,1.0,0.9644117647058823,0.9250598935704181,1.0,1,0
-16.98941844492468,183.34383633106464,-222.3260136603346,0.8107679160053718,0.9641176470588235,1.0,0.9641176470588235,0.9249618543547319,1.0,1,0
-16.63864016199333,184.6133684688736,-223.23917739095376,0.8115004272982542,0.9652941176470589,1.0,0.9652941176470589,0.9255981816484377,1.0,1,0
-16.379150149316416,185.42055194322708,-223.6337151367349,0.8123550238066171,0.9655882352941176,1.0,0.9655882352941176,0.9259810863669116,1.0,1,0
-17.506171993141738,180.23120953038568,-222.2725552284384,0.8079599560493225,0.9614705882352941,1.0,0.9614705882352941,0.9231435147615388,1.0,1,0
-17.171003789489017,182.51145232908493,-222.51944171555263,0.8100354047124894,0.9636764705882352,1.0,0.9636764705882352,0.9245706251002416,1.0,1,0
-17.088112100306397,182.89141439185573,-223.0495339902984,0.8107679160053718,0.9642647058823529,1.0,0.9642647058823529,0.925010873962575,1.0,1,0
-17.270596215444346,182.0110845187544,-223.33508953859155,0.8100354047124894,0.9638235294117647,1.0,0.9638235294117647,0.9246196447080847,1.0,1,0
-17.447648088561873,180.9438656313169,-223.37957793944017,0.8091808082041265,0.9627941176470588,1.0,0.9627941176470588,0.9239916419503951,1.0,1,0
-17.610342833233286,179.58782466708945,-223.5005281006869,0.8078378708338421,0.9614705882352941,1.0,0.9614705882352941,0.9231028196897121,1.0,1,0
-16.902020762917275,183.66023702501025,-223.28717105549148,0.8112562568672934,0.965,1.0,0.965,0.9254187522890978,1.0,1,0
-16.579990195966275,184.82783080392187,-224.09378330481567,0.8123550238066171,0.965735294117647,1.0,0.965735294117647,0.9260301059747547,1.0,1,0
-16.80938417602239,184.0425614328801,-224.08957000086403,0.8121108533756562,0.9652941176470589,1.0,0.9652941176470589,0.9258016570075718,1.0,1,0
-16.382506769751746,185.43264128406457,-224.6157315112073,0.7364180197778049,0.935,0.9993755853886981,0.935,0.890264535055501,0.9993755853886981,0,0
-17.599750939106197,180.18273059738584,-224.7588802777337,0.8089366377731657,0.9627941176470588,1.0,0.9627941176470588,0.9239102518067415,1.0,1,0
-17.726089187966828,178.88671260641357,-224.84920160102,0.8078378708338421,0.9611764705882353,1.0,0.9611764705882353,0.9230047804740259,1.0,1,0
-17.35609533813209,181.68975341100185,-224.4139977723384,0.8107679160053718,0.9641176470588235,1.0,0.9641176470588235,0.9249618543547319,1.0,1,0
-17.089646452812953,182.9470797555974,-224.18844228968783,0.8113783420827738,0.9651470588235294,1.0,0.9651470588235294,0.9255084669687678,1.0,1,0
-16.664674624301067,184.61822406221984,-224.92306225618285,0.7364180197778049,0.935,0.9987511707773962,0.935,0.8900563968517337,0.9987511707773962,0,0
-16.9275538888058,183.73471504540225,-225.19254180198217,0.7364180197778049,0.9347058823529412,0.9984389634717452,0.9347058823529412,0.8898542885341637,0.9984389634717452,0,0
-17.549094586179823,180.99594263944388,-225.89912855874783,0.7369063606397265,0.9347058823529412,0.9978145488604433,0.9347058823529412,0.8898089306177036,0.9978145488604433,0,0
-17.756933666395145,179.3373736827811,-225.9256098928036,0.7365401049932853,0.9355882352941176,0.9978145488604433,0.9355882352941176,0.8899809630492821,0.9978145488604433,0,0
-17.786021411685002,179.8387005974461,-226.92710359327523,0.7366621902087657,0.9351470588235294,0.9978145488604433,0.9351470588235294,0.8898745992975794,0.9978145488604433,0,0
-17.83642956119084,178.1390890139452,-226.2680239173646,0.7364180197778049,0.9360294117647059,0.9978145488604433,0.9360294117647059,0.8900873268009847,0.9978145488604433,0,0
-17.86069474498196,178.7559937546761,-226.791475243367,0.7364180197778049,0.9357352941176471,0.9978145488604433,0.9357352941176471,0.8899892875852985,0.9978145488604433,0,0
-17.21112932454766,182.62048106143413,-225.4384613680305,0.7364180197778049,0.9347058823529412,0.9981267561660943,0.9347058823529412,0.88975021943228,0.9981267561660943,0,0
-17.937386546678766,178.94841912231325,-227.58917401207395,0.7365401049932853,0.9357352941176471,0.9978145488604433,0.9357352941176471,0.8900299826571252,0.9978145488604433,0,0
-17.959256616680406,177.4343827954408,-227.71985480974448,0.7364180197778049,0.9361764705882353,0.9981267561660943,0.9361764705882353,0.8902404155107115,0.9981267561660943,0,0
-17.478790872707233,179.23418415070842,-220.96298425428,0.8074716151874008,0.9598529411764706,1.0,0.9598529411764706,0.9224415187879571,1.0,1,0
-17.3970151785134,178.48728661171882,-219.66910305049123,0.806617018679038,0.9580882352941177,1.0,0.9580882352941177,0.9215684179910518,1.0,1,0
-17.466734837715073,180.07363055640462,-219.85618602915807,0.8074716151874008,0.9601470588235295,1.0,0.9601470588235295,0.9225395580036434,1.0,1,0
-17.197018588600887,176.77106244099986,-219.4967412279999,0.4241240385789281,0.0713235294117647,0.7917577271308148,0.4241240385789281,0.4290684317071692,0.7917577271308148,0,0
-17.408886929049245,177.36493008962825,-221.4117403961011,0.8063728482480772,0.9573529411764706,1.0,0.9573529411764706,0.9212419298081826,1.0,1,0
-17.098032359799955,175.5308779221883,-220.5273684563521,0.8050299108777927,0.9514705882352941,1.0,0.9514705882352941,0.9188334997043622,1.0,1,0
-17.538550354913465,178.8806607367353,-222.3134352339148,0.8075937004028813,0.9604411764705882,1.0,0.9604411764705882,0.9226782922911565,1.0,1,0
-17.30751225139889,175.86993168384618,-222.30113152470707,0.805396166524234,0.9536764705882353,1.0,0.9536764705882353,0.9196908790374897,1.0,1,0
-16.931779957592315,174.1566442617267,-221.6156657602569,0.8046636552313515,0.9494117647058824,1.0,0.9494117647058824,0.9180251399790779,1.0,0,0
-17.57734178327329,177.75240532769797,-223.4084790915624,0.8074716151874008,0.9592647058823529,1.0,0.9592647058823529,0.9222454403565846,1.0,1,0
-17.08438095717097,174.24309980147095,-223.0649318453061,0.8047857404468319,0.9494117647058824,1.0,0.9494117647058824,0.9180658350509048,1.0,0,0
-16.658700935689357,172.73475253250908,-222.66337365807,0.8047857404468319,0.9494117647058824,1.0,0.9494117647058824,0.9180658350509048,1.0,0,0
-16.85329073772552,173.05972411868976,-223.8233272682262,0.8046636552313515,0.9494117647058824,1.0,0.9494117647058824,0.9180251399790779,1.0,0,0
-16.279211551400675,171.40071054299975,-223.573037302,0.8052740813087536,0.9494117647058824,1.0,0.9494117647058824,0.918228615338212,1.0,0,0
-17.6992753785743,177.5377937453985,-224.9417364488265,0.8074716151874008,0.9592647058823529,1.0,0.9592647058823529,0.9222454403565846,1.0,1,0
-17.498054266675133,175.97903496431337,-224.38312103685377,0.8056403369551948,0.9552941176470588,1.0,0.9552941176470588,0.9203114848674178,1.0,1,0
-17.20454993205894,174.17563240843927,-224.84051939656976,0.8050299108777927,0.9494117647058824,1.0,0.9494117647058824,0.9181472251945584,1.0,0,0
-16.76758202984415,172.52775562564543,-225.0179468003525,0.8047857404468319,0.9494117647058824,1.0,0.9494117647058824,0.9180658350509048,1.0,0,0
-17.694118692238956,176.64663268168968,-225.68111666957844,0.8069832743254792,0.9575,1.0,0.9575,0.9214944247751596,1.0,1,0
-17.526637475575267,175.2196995739409,-226.16395359401469,0.805396166524234,0.9526470588235294,1.0,0.9526470588235294,0.9193477417825878,1.0,1,0
-17.24252137929131,173.86129366170186,-226.5227308231682,0.8050299108777927,0.9494117647058824,1.0,0.9494117647058824,0.9181472251945584,1.0,0,0
-17.800347571994163,176.29808475097823,-227.2250639167448,0.7365401049932853,0.9369117647058823,0.9987511707773962,0.9369117647058823,0.8907343468255213,0.9987511707773962,0,0
-17.743388421344022,175.32338142012924,-228.0264526122578,0.7369063606397265,0.9376470588235294,0.999687792694349,0.9376470588235294,0.8914137373858683,0.999687792694349,0,0
-14.09221017131696,167.1328417860109,-226.66375291746368,0.8074716151874008,0.9542647058823529,1.0,0.9542647058823529,0.9205787736899179,1.0,1,0
-13.592393673300451,166.56815681299955,-226.28277009599995,0.8074716151874008,0.9558823529411765,1.0,0.9558823529411765,0.9211179893761924,1.0,1,0
-14.150519066669997,167.26600110894344,-225.92080661355703,0.8074716151874008,0.9529411764705882,1.0,0.9529411764705882,0.9201375972193296,1.0,1,0
-13.601756684801792,166.52006453313504,-227.29773241405903,0.8075937004028813,0.9572058823529411,1.0,0.9572058823529411,0.9215998609186075,1.0,1,0
-14.672869793086852,167.94415368132414,-226.50749249717327,0.8074716151874008,0.9505882352941176,1.0,0.9505882352941176,0.9193532834938395,1.0,1,0
-14.71562996679735,168.08641024122247,-225.4925704091636,0.8074716151874008,0.9495588235294118,1.0,0.9495588235294118,0.9190101462389375,1.0,0,0
-14.388571562640236,167.47878379266865,-227.68341021714784,0.8074716151874008,0.9541176470588235,1.0,0.9541176470588235,0.9205297540820748,1.0,1,0
-13.66392374781554,166.55519537350676,-228.44533896483304,0.8075937004028813,0.9576470588235294,1.0,0.9576470588235294,0.9217469197421368,1.0,1,0
-14.470888825149135,167.53339995700605,-228.8739159502458,0.8074716151874008,0.9548529411764706,1.0,0.9548529411764706,0.9207748521212905,1.0,1,0
-13.782313728609626,166.7283469222007,-229.73176569577376,0.7538762055915029,0.9494117647058824,1.0,0.9494117647058824,0.9010959900991283,1.0,0,0
-15.767202318723442,169.91945403999128,-225.4818346339433,0.8062507630325968,0.9494117647058824,1.0,0.9494117647058824,0.9185541759128264,1.0,0,0
-15.271764518754038,169.04179164190168,-224.9732398591308,0.80722744475644,0.9494117647058824,1.0,0.9494117647058824,0.9188797364874408,1.0,0,0
-15.801538624986556,170.14403030217505,-224.3432863605438,0.8058845073861556,0.9494117647058824,1.0,0.9494117647058824,0.9184320906973461,1.0,0,0
-15.388741198227358,169.13275091450274,-226.20818509289444,0.8069832743254792,0.9494117647058824,1.0,0.9494117647058824,0.9187983463437872,1.0,0,0
-15.107121754113605,168.58025057792796,-227.380671577584,0.8071053595409596,0.9494117647058824,1.0,0.9494117647058824,0.9188390414156139,1.0,0,0
-14.925241853575129,168.2279322226614,-228.34103397112423,0.8071053595409596,0.9511764705882353,1.0,0.9511764705882353,0.9194272767097317,1.0,1,0
-15.63721710380339,169.51153648678013,-227.31519995978493,0.806617018679038,0.9494117647058824,1.0,0.9494117647058824,0.9186762611283067,1.0,0,0
-15.042249410727816,168.3462041570047,-229.1221261867772,0.7539982908069833,0.9494117647058824,1.0,0.9494117647058824,0.9011366851709552,1.0,0,0
-14.767399760896502,167.88004686685304,-230.02262563843863,0.7481382004639238,0.9494117647058824,1.0,0.9494117647058824,0.8991833217232688,1.0,0,0
-16.011433014412606,170.326046333157,-226.60117582569063,0.8056403369551948,0.9494117647058824,1.0,0.9494117647058824,0.9183507005536923,1.0,0,0
-16.276946403063445,171.08015998010995,-225.33876421567345,0.8052740813087536,0.9494117647058824,1.0,0.9494117647058824,0.918228615338212,1.0,0,0
-15.52404343402428,169.1970490746319,-228.5128985705059,0.8067391038945184,0.9494117647058824,1.0,0.9494117647058824,0.9187169562001336,1.0,0,0
-16.18088980146213,170.5265420631181,-228.0553286394997,0.7370284458552069,0.9494117647058824,1.0,0.9494117647058824,0.8954800701870297,1.0,0,0
-15.501413337922184,168.96991893496934,-229.87773540108748,0.7370284458552069,0.9494117647058824,0.9993755853886981,0.9494117647058824,0.8952719319832624,0.9993755853886981,0,0
-16.726168933273964,172.02805500113024,-226.9703367823164,0.8050299108777927,0.9494117647058824,1.0,0.9494117647058824,0.9181472251945584,1.0,0,0
-16.195738732291307,170.2942323095591,-229.476310482728,0.7370284458552069,0.9494117647058824,0.9975023415547923,0.9494117647058824,0.8946475173719605,0.9975023415547923,0,0
-16.829967942039076,171.83256509541454,-229.0383999831084,0.7370284458552069,0.9494117647058824,1.0,0.9494117647058824,0.8954800701870297,1.0,0,0
-17.370079622107372,173.5659229078019,-228.48069431194003,0.7370284458552069,0.9395588235294118,1.0,0.9395588235294118,0.8921957564615396,1.0,0,0
-14.539100769312652,190.18552179544656,-228.3924716683058,0.7364180197778049,0.9357352941176471,0.999687792694349,0.9357352941176471,0.8906137021966004,0.999687792694349,0,0
-14.545659357536408,189.76696096476627,-227.825476018722,0.7365401049932853,0.9360294117647059,1.0,0.9360294117647059,0.890856505585997,1.0,0,0
-14.284712219400369,190.4520507960002,-227.763619249,0.7364180197778049,0.9357352941176471,0.9993755853886981,0.9357352941176471,0.8905096330947168,0.9993755853886981,0,0
-14.818867092844874,189.90312111093377,-229.1173321618896,0.7365401049932853,0.9358823529411765,0.999687792694349,0.9358823529411765,0.8907034168762703,0.999687792694349,0,0
-14.8572953101764,189.42130524016977,-228.55889934362585,0.7366621902087657,0.9361764705882353,1.0,0.9361764705882353,0.8909462202656669,1.0,0,0
-14.893210259267104,189.0127418528168,-227.9066854740892,0.7366621902087657,0.9361764705882353,1.0,0.9361764705882353,0.8909462202656669,1.0,0,0
-15.693807087617085,187.73191582936067,-228.79820057683497,0.7366621902087657,0.9363235294117647,1.0,0.9363235294117647,0.8909952398735101,1.0,0,0
-15.805153874199036,187.3309501983516,-228.14009422406627,0.7366621902087657,0.9361764705882353,1.0,0.9361764705882353,0.8909462202656669,1.0,0,0
-15.330206175200502,188.1782947632408,-228.01369733346635,0.7369063606397265,0.9363235294117647,1.0,0.9363235294117647,0.8910766300171638,1.0,0,0
-15.24785762050496,188.5904129699552,-228.67517640752027,0.7367842754242461,0.9363235294117647,1.0,0.9363235294117647,0.8910359349453368,1.0,0,0
-15.186331893196884,189.1060145462898,-229.37110644284823,0.7366621902087657,0.9361764705882353,1.0,0.9361764705882353,0.8909462202656669,1.0,0,0
-15.112692985223358,189.61308102715125,-229.96046648292744,0.7370284458552069,0.9473529411764706,0.9940680611926319,0.9473529411764706,0.8928164827414364,0.9940680611926319,0,0
-16.165841541997235,186.87964968348385,-228.99953726435848,0.7365401049932853,0.9360294117647059,1.0,0.9360294117647059,0.890856505585997,1.0,0,0
-15.952771276939568,187.5117990968837,-229.52992334968985,0.7366621902087657,0.9361764705882353,1.0,0.9361764705882353,0.8909462202656669,1.0,0,0
-15.59207599273978,188.29179189415868,-229.56451362584832,0.7366621902087657,0.9363235294117647,1.0,0.9363235294117647,0.8909952398735101,1.0,0,0
-15.55110635451371,188.7493065743549,-230.25372290684533,0.7370284458552069,0.9475,0.9940680611926319,0.9475,0.8928655023492795,0.9940680611926319,0,0
-16.04863521424248,187.7671784262723,-230.42557895642128,0.7370284458552069,0.9472058823529412,0.9940680611926319,0.9472058823529412,0.8927674631335933,0.9940680611926319,0,0
-16.622413340134322,186.23024932580924,-229.7638860222323,0.7364180197778049,0.9357352941176471,0.999687792694349,0.9357352941176471,0.8906137021966004,0.999687792694349,0,0
-16.25635679698494,187.0476941929448,-229.88517889291592,0.7370284458552069,0.9475,0.9940680611926319,0.9475,0.8928655023492795,0.9940680611926319,0,0
-16.558546484384927,186.8186235796912,-230.67668500712983,0.7370284458552069,0.9455882352941176,0.9940680611926319,0.9455882352941176,0.8922282474473188,0.9940680611926319,0,0
-17.05470005543828,185.695985807514,-230.6320814465638,0.7370284458552069,0.9426470588235294,0.9940680611926319,0.9426470588235294,0.891247855290456,0.9940680611926319,0,0
-17.51757368805854,184.41544749909647,-215.35531230073667,0.3943352460017092,0.054264705882352944,0.7692788011239463,0.3943352460017092,0.4059595843360028,0.7692788011239463,0,0
-17.56952603089121,183.064262413541,-215.25352468652244,0.3934806494933464,0.051470588235294115,0.7677177645956915,0.3934806494933464,0.40422300077477735,0.7677177645956915,0,0
-16.8210414446193,178.5696718507151,-215.15551370419632,0.3872543035038457,0.04191176470588235,0.7177645956915392,0.3872543035038457,0.3823102213004224,0.7177645956915392,0,0
-16.6315218224084,176.9989956427815,-216.0935017639558,0.38163838359174707,0.040882352941176474,0.7108960349672182,0.38163838359174707,0.37780559050004725,0.7108960349672182,0,0
-17.483752552618963,181.5822529612205,-215.37061206072147,0.4011720180686119,0.052794117647058825,0.765220106150484,0.4011720180686119,0.4063954139553849,0.765220106150484,0,0
-17.350833447087638,180.19197391415767,-215.79376923537143,0.4105725796606031,0.05338235294117647,0.758039338120512,0.4105725796606031,0.40733142357409724,0.758039338120512,0,0
-17.54397913477612,181.2907911872848,-216.4640411409618,0.41777560737394703,0.0713235294117647,0.7914455198251639,0.41777560737394703,0.42684821887029184,0.7914455198251639,0,0
-17.515690937093012,183.6214960976164,-216.5855293016187,0.4102063240141619,0.07558823529411765,0.8014361536059944,0.4102063240141619,0.429076904304758,0.8014361536059944,0,0
-17.581926840691693,182.40865442536133,-216.38051990946,0.4121596874618484,0.07220588235294118,0.7930065563534187,0.4121596874618484,0.4257907087227361,0.7930065563534187,0,0
-17.223045109094297,178.50607971677798,-216.926659117393,0.4073983640581126,0.05352941176470588,0.7611614111770215,0.4073983640581126,0.40736306233328,0.7611614111770215,0,0
-17.045961005645452,176.91924705627102,-217.8614514368048,0.40190452936149434,0.0488235294117647,0.7508585700905401,0.40190452936149434,0.40052887628793304,0.7508585700905401,0,0
-17.31716134543449,178.13045447963884,-218.51763756846543,0.4244902942253693,0.07426470588235294,0.7920699344364658,0.4244902942253693,0.430274978181396,0.7920699344364658,0,0
-17.504596617646417,180.34846247202407,-217.321539326325,0.4233915272860457,0.07558823529411765,0.8011239463003434,0.4233915272860457,0.4333679029601689,0.8011239463003434,0,0
-17.555180370540604,181.71875064478448,-217.50235970102497,0.42473446465633014,0.09161764705882353,0.8713705900718077,0.42473446465633014,0.46257423392898717,0.8713705900718077,0,0
-17.48096669204884,182.87918062878308,-217.75723945568487,0.42522280551825176,0.10264705882352941,0.9013424914142991,0.42522280551825176,0.4764041185853601,0.9013424914142991,0,0
-17.450266427931385,179.4133299588107,-218.4350277905696,0.4314491515077524,0.0863235294117647,0.8529503590384016,0.4314491515077524,0.45690767998597287,0.8529503590384016,0,0
-17.436243303250016,182.1568952011116,-218.9218551580756,0.8075937004028813,0.960735294117647,1.0,0.960735294117647,0.9227763315068428,1.0,1,0
-17.503515302018766,180.84338062387943,-218.7233128996928,0.4418263948235869,0.105,0.9060256009990634,0.4418263948235869,0.48428399860755006,0.9060256009990634,0,0
-16.155519910299457,188.48965008858767,-216.69488883095423,0.41118300573800515,0.06941176470588235,0.8829222603808929,0.41118300573800515,0.45450567694159344,0.8829222603808929,0,0
-16.084709780125426,189.29044689585976,-215.6319187400072,0.38835307044316936,0.05191176470588235,0.7920699344364658,0.38835307044316936,0.4107782565285058,0.7920699344364658,0,0
-15.52780548777382,189.64978778259984,-217.0263953314592,0.4071541936271518,0.0625,0.9060256009990634,0.4071541936271518,0.4585599315420717,0.9060256009990634,0,0
-15.654006569717389,188.9344004317537,-217.80340338684013,0.43401294103284094,0.07441176470588236,0.9303777708398376,0.43401294103284094,0.479600825526187,0.9303777708398376,0,0
-16.640826338831832,188.02091923349207,-215.42699803335523,0.3936027347088268,0.05808823529411765,0.7867624102403996,0.3936027347088268,0.4128177934144481,0.7867624102403996,0,0
-17.01328018371822,186.9212463674906,-215.3473834316844,0.39714320595775854,0.06220588235294117,0.7786450202934748,0.39714320595775854,0.4126647028680582,0.7786450202934748,0,0
-16.095123248943416,187.80689605814788,-218.03879256180625,0.44548895128799904,0.08955882352941176,0.9350608804246019,0.44548895128799904,0.4900362184140043,0.9350608804246019,0,0
-17.314799891391605,185.7415919047569,-215.30565825350968,0.39787571725064097,0.05808823529411765,0.7689665938182954,0.39787571725064097,0.408310182121018,0.7689665938182954,0,0
-16.61198817307317,187.3350965860164,-216.68508776188165,0.41570015871078014,0.07441176470588236,0.8620043709022791,0.41570015871078014,0.4507054314396472,0.8620043709022791,0,0
-15.011854662400848,189.91905827500045,-218.3336264940002,0.4406055426687828,0.07455882352941176,0.9431782703715267,0.4406055426687828,0.48611421218990714,0.9431782703715267,0,0
-15.454816793430613,188.7467373025003,-218.92116791102336,0.8078378708338421,0.9608823529411765,1.0,0.9608823529411765,0.9229067412583395,1.0,1,0
-15.77809017778458,187.74752312592705,-219.5225018409762,0.8083262116957637,0.9622058823529411,1.0,0.9622058823529411,0.923510698016235,1.0,1,0
-16.2816956121011,186.7932418293108,-219.00321535597905,0.8079599560493225,0.9614705882352941,1.0,0.9614705882352941,0.9231435147615388,1.0,1,0
-16.03388789425552,186.90331224694663,-220.10082530521493,0.8090587229886461,0.9627941176470588,1.0,0.9627941176470588,0.9239509468785684,1.0,1,0
-17.015139402984268,186.15053401408085,-216.5934532689849,0.4125259431082896,0.07558823529411765,0.8204807992507025,0.4125259431082896,0.43619832588436996,0.8204807992507025,0,0
-16.627818886268134,186.570341974229,-217.80898456345943,0.43669881577340985,0.1,0.9166406493911957,0.43669881577340985,0.48444648838820187,0.9166406493911957,0,0
-17.33865342716938,184.88165495147155,-216.492561806098,0.40898547185935785,0.07529411764705882,0.7976896659381829,0.40898547185935785,0.4273230851481999,0.7976896659381829,0,0
-16.653053263795613,185.808067922862,-218.91247436459167,0.8079599560493225,0.9614705882352941,1.0,0.9614705882352941,0.9231435147615388,1.0,1,0
-16.38330216332092,186.11023319433124,-219.80872038309505,0.8088145525576853,0.9626470588235294,1.0,0.9626470588235294,0.9238205371270715,1.0,1,0
-16.23877122901886,186.1800087514817,-220.6412949668465,0.8097912342815285,0.9635294117647059,1.0,0.9635294117647059,0.9244402153487448,1.0,1,0
-17.025810659030473,185.2096085858791,-217.90972536397112,0.43157123672323283,0.10411764705882352,0.9113331251951295,0.43157123672323283,0.48234066965906197,0.9113331251951295,0,0
-17.336837270662127,184.0381830673116,-217.6147630905782,0.42265901599316325,0.10191176470588235,0.8997814548860443,0.42265901599316325,0.4747840785283633,0.8997814548860443,0,0
-16.62521552039726,185.38701882185185,-219.8142097800693,0.8088145525576853,0.9626470588235294,1.0,0.9626470588235294,0.9238205371270715,1.0,1,0
-16.89263285866098,184.91042942309173,-219.07614725570207,0.8079599560493225,0.9614705882352941,1.0,0.9614705882352941,0.9231435147615388,1.0,1,0
-16.475554668501655,185.52753667608832,-220.55394588026303,0.8096691490660481,0.9633823529411765,1.0,0.9633823529411765,0.924350500669075,1.0,1,0
-16.654950450369583,185.01633935189224,-220.3883929007193,0.8094249786350873,0.9629411764705882,1.0,0.9629411764705882,0.9241220517018919,1.0,1,0
-17.137373342306738,184.2454791025256,-218.61722599919648,0.8078378708338421,0.9608823529411765,1.0,0.9608823529411765,0.9229067412583395,1.0,1,0
-17.319296669370523,183.43151724220425,-218.47402430779147,0.4371871566353315,0.13044117647058823,0.9253824539494224,0.4371871566353315,0.49767026235178075,0.9253824539494224,0,0
-16.806418837153565,184.72063497834463,-219.91716088571908,0.8088145525576853,0.9626470588235294,1.0,0.9626470588235294,0.9238205371270715,1.0,1,0
-17.000482102165343,184.11294897129247,-219.6721002970497,0.8084482969112441,0.9622058823529411,1.0,0.9622058823529411,0.9235513930880618,1.0,1,0
-17.195096294838528,183.4090944866664,-219.3795057308984,0.8079599560493225,0.9614705882352941,1.0,0.9614705882352941,0.9231435147615388,1.0,1,0
-15.532732145870064,175.35367941526948,-215.1721722255938,0.353925039677695,0.03661764705882353,0.6643771464252264,0.353925039677695,0.35163994438724827,0.6643771464252264,0,0
-16.47709860906404,175.81872490450849,-216.85865184838056,0.3744353558784031,0.039411764705882354,0.7037152669372463,0.3744353558784031,0.37252079584051057,0.7037152669372463,0,0
-15.142297842390215,173.75864624868825,-216.0270684290688,0.3441582224392626,0.03558823529411765,0.6515766468935373,0.3441582224392626,0.3437743682089725,0.6515766468935373,0,0
-16.037305734550202,174.61233595671757,-216.9653850166549,0.3585642778659504,0.03676470588235294,0.6678114267873868,0.3585642778659504,0.35438013684523,0.6678114267873868,0,0
-15.800456230390951,173.3020809655137,-217.85274427274115,0.34586741545598826,0.03588235294117647,0.6540743053387449,0.34586741545598826,0.34527469124530324,0.6540743053387449,0,0
-14.700146763240603,172.20075666712182,-216.92570993784585,0.34110609205225245,0.03529411764705882,0.6137995629097721,0.34110609205225245,0.3300665908696945,0.6137995629097721,0,0
-14.185122238781346,170.69274519031222,-217.8653227605398,0.34342571114638015,0.03720588235294118,0.5878863565407431,0.34342571114638015,0.32283931668002147,0.5878863565407431,0,0
-15.283324402279504,171.68885116417596,-218.63047337751576,0.34110609205225245,0.03544117647058823,0.6122385263815173,0.34110609205225245,0.32959526496811936,0.6122385263815173,0,0
-14.768565582815556,170.52727747372705,-219.09937338733343,0.34342571114638015,0.03735294117647059,0.5878863565407431,0.34342571114638015,0.32288833628786456,0.5878863565407431,0,0
-13.587278937500638,169.29113610199937,-218.8154383009996,0.37065071419851053,0.04191176470588235,0.568841710896035,0.37065071419851053,0.327134729933476,0.568841710896035,0,0
-16.694954402756757,175.1072961125924,-218.50189379950967,0.38578928091808085,0.04147058823529412,0.718701217608492,0.38578928091808085,0.38198702892062236,0.718701217608492,0,0
-16.000570614759525,172.46184510367755,-219.55489640118725,0.3446465633011842,0.03602941176470588,0.653449890727443,0.3446465633011842,0.344708621931111,0.653449890727443,0,0
-16.575769046888094,173.9296610811019,-219.6655415184858,0.37907459406665855,0.04029411764705882,0.7102716203559163,0.37907459406665855,0.37654677735654457,0.7102716203559163,0,0
-14.772386448195778,169.68485680448336,-220.46704236118043,0.353314613600293,0.039411764705882354,0.5797689665938183,0.353314613600293,0.3241651149666645,0.5797689665938183,0,0
-15.608061606223847,171.1662586486759,-220.32294442525688,0.34110609205225245,0.03558823529411765,0.6166094286606306,0.34110609205225245,0.3311012520023336,0.6166094286606306,0,0
-16.41870429154574,172.71593639108846,-220.9958139272109,0.36894152118178486,0.03838235294117647,0.6974711208242272,0.36894152118178486,0.36826499831572956,0.6974711208242272,0,0
-15.639214183163572,170.4343282935218,-222.0628751098192,0.34110609205225245,0.03588235294117647,0.6128629409928192,0.34110609205225245,0.32995046199541606,0.6128629409928192,0,0
-16.191281283341013,171.7089351151349,-221.9046626275312,0.8052740813087536,0.9494117647058824,1.0,0.9494117647058824,0.918228615338212,1.0,0,0
-11.105508131388392,170.6847987981894,-214.4866035102932,0.0504211939934074,0.0,0.014985950671245708,0.014985950671245708,0.02180238155488437,0.0504211939934074,0,0
-12.557373613401156,171.83505180023622,-214.6559387010953,0.34110609205225245,0.03529411764705882,0.6194192944114892,0.34110609205225245,0.33193983470360017,0.6194192944114892,0,0
-14.47750566468629,174.318798403873,-214.49388214505643,0.3468440971798315,0.03573529411764706,0.6546987199500468,0.3468440971798315,0.34575937041584176,0.6546987199500468,0,0
-10.782351476060947,169.40331814317491,-215.78440092891097,0.34940788670492,0.03882352941176471,0.5832032469559788,0.34940788670492,0.32381155435755454,0.5832032469559788,0,0
-14.10898450814032,172.91763931315575,-215.3516164268406,0.3423269442070565,0.03529411764705882,0.6350296596940368,0.3423269442070565,0.3375502405160507,0.6350296596940368,0,0
-12.43312248538878,170.37356821346893,-216.15493781961567,0.34342571114638015,0.03735294117647059,0.588510771152045,0.34342571114638015,0.32309647449163187,0.588510771152045,0,0
-13.647280554116282,171.6445432946851,-216.0850921154462,0.34098400683677205,0.03558823529411765,0.6056821729628473,0.34098400683677205,0.327418138364579,0.6056821729628473,0,0
-12.2343816734878,169.26679283684692,-217.29467281186743,0.36454645342449027,0.04147058823529412,0.5707149547299407,0.36454645342449027,0.32557733212990836,0.5707149547299407,0,0
-7.780841559725708,199.49648476552872,-215.10221816382807,0.0,0.0,0.02372775522947237,0.0,0.007909251743157457,0.02372775522947237,0,0
-9.120646547814353,196.8126589977361,-220.49043693822844,0.1790990111097546,0.0,0.0,0.0,0.0596996703699182,0.1790990111097546,0,0
-7.99605267311743,197.54124305411744,-220.08010164325728,0.14869979245513368,0.0,0.0,0.0,0.04956659748504456,0.14869979245513368,0,0
-8.069210418687918,197.05280326519824,-221.40720657100152,0.17787815895495054,0.0,0.0,0.0,0.05929271965165018,0.17787815895495054,0,0
-7.941002490793158,198.11147928121383,-218.61417660511705,0.14381638383591747,0.0,0.0,0.0,0.047938794611972486,0.14381638383591747,0,0
-9.187113629324823,197.29444637271376,-219.0024512039313,0.1535832010743499,0.0,0.0,0.0,0.05119440035811663,0.1535832010743499,0,0
-7.885982092703618,198.77327191769763,-216.9677430508052,0.0,0.0,0.047767717764595694,0.0,0.015922572588198566,0.047767717764595694,0,0
-9.216709609189133,197.9088366347181,-217.34811465837225,0.15663533146136002,0.0,0.0,0.0,0.05221177715378667,0.15663533146136002,0,0
-9.21906808553135,198.5734054182892,-215.5834548160398,0.0,0.0,0.031845145176397124,0.0,0.010615048392132375,0.031845145176397124,0,0
-10.178516511375094,196.35456637388333,-219.5171025318939,0.1816628006348431,0.0,0.0,0.0,0.060554266878281034,0.1816628006348431,0,0
-10.002301920422816,196.01941340739685,-220.9702570522057,0.8057624221706752,0.9566176470588236,1.0,0.9566176470588236,0.920793356409833,1.0,1,0
-9.094058108477148,196.42317899225213,-221.7707150319969,0.8058845073861556,0.9572058823529411,1.0,0.9572058823529411,0.9210301299130322,1.0,1,0
-8.167459559052729,196.6230530651601,-222.64086110575244,0.806006592601636,0.9572058823529411,1.0,0.9572058823529411,0.921070824984859,1.0,1,0
-9.98240352623286,195.70930624129096,-222.08924873581995,0.8063728482480772,0.9577941176470588,1.0,0.9577941176470588,0.9213889886317119,1.0,1,0
-9.144972974422258,196.06995361738475,-222.9187058795088,0.806006592601636,0.9579411764705882,1.0,0.9579411764705882,0.9213159230240747,1.0,1,0
-10.387090288837449,196.8004734466556,-217.8619210831165,0.15810035404712489,0.0,0.0,0.0,0.05270011801570829,0.15810035404712489,0,0
-11.886584887384878,196.52167386187628,-214.83168561523863,0.13832254913929923,0.0,0.0,0.0,0.04610751637976641,0.13832254913929923,0,0
-10.600703291781588,197.3144657740971,-216.1348098620584,0.16176291051153704,0.0,0.0,0.0,0.053920970170512346,0.16176291051153704,0,0
-11.178613482202364,195.6550067687892,-218.6341920003157,0.18520327188377486,0.0,0.0,0.0,0.061734423961258285,0.18520327188377486,0,0
-10.7840066926543,195.1120244671341,-221.37080985963576,0.8067391038945184,0.9580882352941177,1.0,0.9580882352941177,0.9216091130628787,1.0,1,0
-10.913498875072175,195.39342460170124,-220.0955898212117,0.8056403369551948,0.9563235294117647,1.0,0.9563235294117647,0.9206546221223197,1.0,1,0
-12.845251304403448,194.9058329061764,-215.68164434164817,0.13917714564766206,0.0,0.0,0.0,0.04639238188255402,0.13917714564766206,0,0
-13.871711058649144,193.54703271335907,-215.3550200029837,0.13392748138200464,0.0,0.0,0.0,0.04464249379400154,0.13392748138200464,0,0
-11.123492626316962,194.4813467659592,-222.0307300502613,0.8075937004028813,0.9597058823529412,1.0,0.9597058823529412,0.9224331942519409,1.0,1,0
-11.372303378038897,194.3345257946013,-221.4170613813812,0.8074716151874008,0.9594117647058824,1.0,0.9594117647058824,0.9222944599644277,1.0,1,0
-11.566117014610498,193.88819862089068,-222.0054772035396,0.8078378708338421,0.9604411764705882,1.0,0.9604411764705882,0.9227596824348101,1.0,1,0
-8.294909589708794,196.23895978777227,-223.80656955188817,0.7364180197778049,0.9361764705882353,0.9981267561660943,0.9361764705882353,0.8902404155107115,0.9981267561660943,0,0
-10.59390788119432,195.010476422351,-222.5007834041733,0.8073495299719204,0.9595588235294118,1.0,0.9595588235294118,0.922302784500444,1.0,1,0
-9.965800906893456,195.4386576290496,-223.24238623408164,0.806617018679038,0.9594117647058824,1.0,0.9594117647058824,0.9220095944616401,1.0,1,0
-9.22074940704137,195.7447837946337,-224.0724809456553,0.7364180197778049,0.9358823529411765,0.9981267561660943,0.9358823529411765,0.8901423762950252,0.9981267561660943,0,0
-11.730246282018689,195.7267709193971,-216.9926925574781,0.156024905383958,0.0,0.0,0.0,0.05200830179465266,0.156024905383958,0,0
-11.6799506127688,194.71661404596665,-219.32268373712307,0.46380173361005983,0.07426470588235294,0.8835466749921949,0.46380173361005983,0.47387103816153586,0.8835466749921949,0,0
-12.09043769334678,194.7156174555869,-218.0881069347737,0.1944817482602857,0.0,0.0,0.0,0.06482724942009523,0.1944817482602857,0,0
-12.599775483287532,194.47608395789348,-217.14682841304045,0.17067513124160663,0.0,0.0,0.0,0.056891710413868875,0.17067513124160663,0,0
-11.427762769067808,194.57861640175608,-220.5169999088547,0.8069832743254792,0.9577941176470588,1.0,0.9577941176470588,0.921592463990846,1.0,1,0
-11.905663539954542,193.71728306065447,-221.06243244614285,0.8075937004028813,0.9595588235294118,1.0,0.9595588235294118,0.9223841746440976,1.0,1,0
-12.078659693708312,193.87582270629565,-219.98919902027643,0.8071053595409596,0.9579411764705882,1.0,0.9579411764705882,0.9216821786705159,1.0,1,0
-12.01072827163787,193.3018424931365,-221.9958517433692,0.8079599560493225,0.960735294117647,1.0,0.960735294117647,0.9228984167223232,1.0,1,0
-15.202378594606056,191.54585078698184,-214.8110810558269,0.1258698571602979,0.0,0.0,0.0,0.04195661905343263,0.1258698571602979,0,0
-13.463681058454984,193.4900639189083,-216.60076189560144,0.1632279330973019,0.0,0.0,0.0,0.05440931103243397,0.1632279330973019,0,0
-14.476325852480796,192.15207578715803,-216.0653309341203,0.3916493712611403,0.05014705882352941,0.8076802997190135,0.3916493712611403,0.4164922432678944,0.8076802997190135,0,0
-15.377951179877329,190.6783778365325,-215.7817259079052,0.38615553656452206,0.04823529411764706,0.8136122385263815,0.38615553656452206,0.41600102306951686,0.8136122385263815,0,0
-11.166292452573902,194.22194539883773,-222.7914354395193,0.8078378708338421,0.960735294117647,1.0,0.960735294117647,0.9228577216504963,1.0,1,0
-11.805449339890696,193.416093057542,-222.71602759718257,0.8083262116957637,0.9614705882352941,1.0,0.9614705882352941,0.9232655999770193,1.0,1,0
-10.5800124659549,194.80155884399989,-223.5098547016508,0.7365401049932853,0.9354411764705882,0.9978145488604433,0.9354411764705882,0.8899319434414389,0.9978145488604433,0,0
-8.45065229572009,195.9002228753345,-224.89742578130463,0.7364180197778049,0.9357352941176471,0.9978145488604433,0.9357352941176471,0.8899892875852985,0.9978145488604433,0,0
-10.062759990981515,195.15907130580248,-224.2757317195845,0.7365401049932853,0.9357352941176471,0.9978145488604433,0.9357352941176471,0.8900299826571252,0.9978145488604433,0,0
-9.38666264844931,195.4544774572579,-225.0501830898924,0.7365401049932853,0.9357352941176471,0.9978145488604433,0.9357352941176471,0.8900299826571252,0.9978145488604433,0,0
-12.28882180815711,193.97736032882656,-219.056197388378,0.46685386399706996,0.07397058823529412,0.8944739306899782,0.46685386399706996,0.4784327943074474,0.8944739306899782,0,0
-12.471707047090318,192.81828735255388,-221.46316263345312,0.8078378708338421,0.9608823529411765,1.0,0.9608823529411765,0.9229067412583395,1.0,1,0
-12.942015447834924,193.47321511160587,-218.1050125727785,0.440361372237822,0.06911764705882353,0.869497346237902,0.440361372237822,0.4596587885115158,0.869497346237902,0,0
-12.7790322291173,193.096629592807,-219.4290471918343,0.8071053595409596,0.9586764705882352,1.0,0.9586764705882352,0.9219272767097316,1.0,1,0
-12.593509909246698,192.9468458473032,-220.50136698179224,0.8074716151874008,0.9598529411764706,1.0,0.9598529411764706,0.9224415187879571,1.0,1,0
-12.351316062020832,192.7736646412524,-222.40780369068952,0.8085703821267245,0.9619117647058824,1.0,0.9619117647058824,0.9234940489442023,1.0,1,0
-12.228334057371558,192.8352056109389,-223.37886297793304,0.8093028934196069,0.9625,1.0,0.9625,0.9239342978065356,1.0,1,0
-12.728210593383398,192.2059147863621,-222.99480966686528,0.8094249786350873,0.9627941176470588,1.0,0.9627941176470588,0.9240730320940487,1.0,1,0
-13.913063323544096,192.24650670298857,-217.5459552256769,0.42265901599316325,0.05647058823529412,0.8988448329690915,0.42265901599316325,0.45932481239918294,0.8988448329690915,0,0
-14.778491127909342,190.9462410568257,-217.2325736767314,0.4082529605664754,0.05367647058823529,0.9097720886668748,0.4082529605664754,0.45723383994052846,0.9097720886668748,0,0
-11.04926195528583,194.1787600539775,-223.87405460382345,0.7366621902087657,0.935,0.9975023415547923,0.935,0.8897215105878526,0.9975023415547923,0,0
-11.593922256655423,193.57310353226035,-223.4979458581402,0.7365401049932853,0.9347058823529412,0.9978145488604433,0.9347058823529412,0.8896868454022232,0.9978145488604433,0,0
-10.596422647736768,194.6379114575853,-224.48681979755105,0.7366621902087657,0.935,0.9975023415547923,0.935,0.8897215105878526,0.9975023415547923,0,0
-11.502510683875164,193.67332823932216,-224.2914591617965,0.7365401049932853,0.9347058823529412,0.9978145488604433,0.9347058823529412,0.8896868454022232,0.9978145488604433,0,0
-8.624722576672985,195.6167778614064,-225.8852579870816,0.7365401049932853,0.9357352941176471,0.9978145488604433,0.9357352941176471,0.8900299826571252,0.9978145488604433,0,0
-9.642578444781584,195.2094853373531,-225.7223943139572,0.7365401049932853,0.9351470588235294,0.9978145488604433,0.9351470588235294,0.8898339042257527,0.9978145488604433,0,0
-10.157608157184256,194.94782246236164,-225.28412062159776,0.7366621902087657,0.935,0.9978145488604433,0.935,0.8898255796897363,0.9978145488604433,0,0
-12.726781659679371,192.2019315140425,-223.80562524535185,0.7364180197778049,0.9347058823529412,0.9981267561660943,0.9347058823529412,0.88975021943228,0.9981267561660943,0,0
-11.100266090622036,194.08935020003148,-224.6520619769624,0.7366621902087657,0.9347058823529412,0.9975023415547923,0.9347058823529412,0.8896234713721665,0.9975023415547923,0,0
-11.962286564968544,193.18930307844388,-224.1602812195385,0.7364180197778049,0.9347058823529412,0.9978145488604433,0.9347058823529412,0.8896461503303964,0.9978145488604433,0,0
-12.447620677655095,192.632781005516,-224.2405381452328,0.7364180197778049,0.9347058823529412,0.9981267561660943,0.9347058823529412,0.88975021943228,0.9981267561660943,0,0
-14.316068650770957,191.08621189258827,-218.4898757062032,0.4447564399951166,0.07147058823529412,0.9397439900093663,0.4447564399951166,0.4853236727465923,0.9397439900093663,0,0
-12.828861874267634,192.17970988921465,-222.11975629514308,0.8086924673422049,0.9622058823529411,1.0,0.9622058823529411,0.9236327832317154,1.0,1,0
-12.99705441682378,192.1738999876501,-221.11096825676933,0.8078378708338421,0.9611764705882353,1.0,0.9611764705882353,0.9230047804740259,1.0,1,0
-13.536550955865774,192.2019467518157,-218.83830098491143,0.46660969356610915,0.07323529411764707,0.9291289416172338,0.46660969356610915,0.4896579764336633,0.9291289416172338,0,0
-13.223594703760764,192.1780199584641,-220.06438914247167,0.8074716151874008,0.9604411764705882,1.0,0.9604411764705882,0.9226375972193296,1.0,1,0
-13.936660206925724,191.1780607580402,-219.7415352213561,0.8075937004028813,0.960735294117647,1.0,0.960735294117647,0.9227763315068428,1.0,1,0
-13.122518012234638,191.620672310991,-223.52080839007183,0.7364180197778049,0.9347058823529412,0.9981267561660943,0.9347058823529412,0.88975021943228,0.9981267561660943,0,0
-13.050570841478043,191.75157917414512,-224.09083704337047,0.7364180197778049,0.9347058823529412,0.9984389634717452,0.9347058823529412,0.8898542885341637,0.9984389634717452,0,0
-13.23559993487744,191.50339522286365,-222.7585378471448,0.8097912342815285,0.9630882352941177,1.0,0.9630882352941177,0.9242931565252155,1.0,1,0
-10.7709426861123,194.4344379501644,-225.2297377128776,0.7367842754242461,0.935,0.9975023415547923,0.935,0.8897622056596796,0.9975023415547923,0,0
-10.045351493150688,194.95133871770952,-226.04339502263667,0.7366621902087657,0.935,0.9978145488604433,0.935,0.8898255796897363,0.9978145488604433,0,0
-9.49699397514728,195.1768318781461,-226.46451664308785,0.7366621902087657,0.935,0.9978145488604433,0.935,0.8898255796897363,0.9978145488604433,0,0
-8.80975409126877,195.3848047885039,-226.7574591196918,0.7366621902087657,0.935,0.9978145488604433,0.935,0.8898255796897363,0.9978145488604433,0,0
-10.504610824319723,194.6729744410396,-225.97194382438173,0.7369063606397265,0.935,0.9978145488604433,0.935,0.8899069698333899,0.9978145488604433,0,0
-9.005027747166716,195.1926420809506,-227.52063493760124,0.7369063606397265,0.935,0.9978145488604433,0.935,0.8899069698333899,0.9978145488604433,0,0
-9.511118543724953,195.0931103585036,-227.10108195458577,0.7369063606397265,0.935,0.9978145488604433,0.935,0.8899069698333899,0.9978145488604433,0,0
-12.8931372957068,192.05318611275203,-224.4707789170833,0.7364180197778049,0.9347058823529412,0.9981267561660943,0.9347058823529412,0.88975021943228,0.9981267561660943,0,0
-14.58423126739868,190.1518681090148,-219.54075022993263,0.8078378708338421,0.9611764705882353,1.0,0.9611764705882353,0.9230047804740259,1.0,1,0
-13.629036760007349,191.30252532238765,-220.829827349433,0.8079599560493225,0.9619117647058824,1.0,0.9619117647058824,0.9232905735850684,1.0,1,0
-13.396349655129985,191.40411216510407,-221.868069698646,0.8089366377731657,0.9627941176470588,1.0,0.9627941176470588,0.9239102518067415,1.0,1,0
-14.226709852342818,190.37524083238887,-220.67583809351623,0.8083262116957637,0.9623529411764706,1.0,0.9623529411764706,0.9235597176240781,1.0,1,0
-13.255632716926623,191.51246401348632,-224.73728003552893,0.7364180197778049,0.9347058823529412,0.9987511707773962,0.9347058823529412,0.8899583576360474,0.9987511707773962,0,0
-13.370762383718784,191.2474629456674,-224.1157668851448,0.7364180197778049,0.9348529411764706,0.9987511707773962,0.9348529411764706,0.8900073772438906,0.9987511707773962,0,0
-13.703787557431513,190.80464081427968,-222.6074671952975,0.8100354047124894,0.9636764705882352,1.0,0.9636764705882352,0.9245706251002416,1.0,1,0
-13.517841502443565,191.0186310856788,-223.4105021369737,0.8107679160053718,0.9641176470588235,1.0,0.9641176470588235,0.9249618543547319,1.0,1,0
-9.577553523297146,194.99592007160803,-227.7765735537606,0.7369063606397265,0.935,0.9978145488604433,0.935,0.8899069698333899,0.9978145488604433,0,0
-9.212070799566147,195.03139353190696,-228.18391082528376,0.7369063606397265,0.935,0.9978145488604433,0.935,0.8899069698333899,0.9978145488604433,0,0
-9.636154276266437,194.92306382839573,-228.280356282496,0.7369063606397265,0.9348529411764706,0.9981267561660943,0.9348529411764706,0.8899620193274305,0.9981267561660943,0,0
-9.433912312231834,194.89503881115087,-228.7552304085672,0.7369063606397265,0.9348529411764706,0.9981267561660943,0.9348529411764706,0.8899620193274305,0.9981267561660943,0,0
-9.984751462101617,194.86454724133645,-228.0942643388628,0.7369063606397265,0.9348529411764706,0.9978145488604433,0.9348529411764706,0.8898579502255468,0.9978145488604433,0,0
-10.28191711804616,194.8073932233508,-226.73850631821048,0.7369063606397265,0.935,0.9978145488604433,0.935,0.8899069698333899,0.9978145488604433,0,0
-10.0980763126782,194.86703696093548,-227.44922838463552,0.7369063606397265,0.935,0.9978145488604433,0.935,0.8899069698333899,0.9978145488604433,0,0
-9.934077410111254,194.8218232223641,-228.67124883539185,0.7369063606397265,0.9347058823529412,0.9981267561660943,0.9347058823529412,0.8899129997195873,0.9981267561660943,0,0
-9.67499328836588,194.7798863963337,-229.23862692614856,0.7369063606397265,0.9347058823529412,0.9981267561660943,0.9347058823529412,0.8899129997195873,0.9981267561660943,0,0
-9.92625563575777,194.7575889841932,-229.1821571100516,0.7369063606397265,0.9347058823529412,0.9981267561660943,0.9347058823529412,0.8899129997195873,0.9981267561660943,0,0
-13.936860068842435,190.5918148113921,-221.69913999905955,0.8093028934196069,0.9630882352941177,1.0,0.9630882352941177,0.9241303762379083,1.0,1,0
-15.00995175463108,189.385541193231,-219.4911875684655,0.8078378708338421,0.9614705882352941,1.0,0.9614705882352941,0.9231028196897121,1.0,1,0
-15.944565294189497,186.86254603388355,-220.9611952515669,0.8100354047124894,0.9638235294117647,1.0,0.9638235294117647,0.9246196447080847,1.0,1,0
-15.661636543062352,187.6447660114874,-220.5420839624132,0.8096691490660481,0.9630882352941177,1.0,0.9630882352941177,0.9242524614533886,1.0,1,0
-14.74985785780918,189.5421932971514,-220.39163188896023,0.8086924673422049,0.9625,1.0,0.9625,0.9237308224474017,1.0,1,0
-15.25622057475664,188.64261562839403,-220.1504256362818,0.8088145525576853,0.9626470588235294,1.0,0.9626470588235294,0.9238205371270715,1.0,1,0
-16.16594350567227,186.19937559339343,-221.3824485739899,0.8107679160053718,0.9641176470588235,1.0,0.9641176470588235,0.9249618543547319,1.0,1,0
-14.4640750723691,189.76629295175508,-221.41461552247665,0.8096691490660481,0.9633823529411765,1.0,0.9633823529411765,0.924350500669075,1.0,1,0
-15.6276605544514,187.47394309381664,-221.5116358307021,0.8107679160053718,0.9642647058823529,1.0,0.9642647058823529,0.925010873962575,1.0,1,0
-15.925531504839189,186.76134572910985,-221.6405174506087,0.8107679160053718,0.9644117647058823,1.0,0.9644117647058823,0.9250598935704181,1.0,1,0
-14.20332562766876,190.02244958930376,-222.36911302358664,0.8106458307898914,0.9641176470588235,1.0,0.9641176470588235,0.924921159282905,1.0,1,0
-13.608155246867431,190.88203522309965,-224.6832233689353,0.7364180197778049,0.935,0.9990633780830471,0.935,0.8901604659536173,0.9990633780830471,0,0
-13.777757305850145,190.5743776775323,-224.02051529480065,0.7364180197778049,0.935,0.9990633780830471,0.935,0.8901604659536173,0.9990633780830471,0,0
-13.976821732209846,190.2881589858265,-223.25846073210835,0.8110120864363326,0.9644117647058823,1.0,0.9644117647058823,0.9251412837140717,1.0,1,0
-14.971207046173452,188.86901058239457,-221.29359443843143,0.8100354047124894,0.9636764705882352,1.0,0.9636764705882352,0.9245706251002416,1.0,1,0
-15.366164534843891,188.1204004756248,-221.14209008645128,0.8100354047124894,0.9638235294117647,1.0,0.9638235294117647,0.9246196447080847,1.0,1,0
-16.10752984052853,186.22563764533896,-222.1954347727135,0.8112562568672934,0.965,1.0,0.965,0.9254187522890978,1.0,1,0
-15.255549629258567,188.1420953521653,-222.08905700908684,0.8108900012208522,0.9645588235294118,1.0,0.9645588235294118,0.925149608250088,1.0,1,0
-14.727711319083548,189.1200226548945,-222.2587777396429,0.8107679160053718,0.9644117647058823,1.0,0.9644117647058823,0.9250598935704181,1.0,1,0
-15.717943063368503,187.1052176234164,-222.4696637652573,0.8113783420827738,0.9652941176470589,1.0,0.9652941176470589,0.9255574865766109,1.0,1,0
-14.46849633345836,189.4528443327002,-223.1714332013757,0.8113783420827738,0.9652941176470589,1.0,0.9652941176470589,0.9255574865766109,1.0,1,0
-15.388370481417072,187.73136858625853,-223.06190421182004,0.8121108533756562,0.9652941176470589,1.0,0.9652941176470589,0.9258016570075718,1.0,1,0
-14.010178507613,190.16810466817503,-224.6882523930436,0.7364180197778049,0.9352941176470588,0.9993755853886981,0.9352941176470588,0.8903625742711873,0.9993755853886981,0,0
-14.233416853166489,189.79570881296587,-223.9463480129775,0.7364180197778049,0.9351470588235294,0.9993755853886981,0.9351470588235294,0.8903135546633442,0.9993755853886981,0,0
-16.06624392606641,186.2398212841524,-223.10194024347123,0.8121108533756562,0.9652941176470589,1.0,0.9652941176470589,0.9258016570075718,1.0,1,0
-14.981479844133451,188.51867171733767,-223.158485214412,0.8121108533756562,0.9652941176470589,1.0,0.9652941176470589,0.9258016570075718,1.0,1,0
-15.750790555849315,186.9306275064372,-223.52243191505227,0.8123550238066171,0.9658823529411765,1.0,0.9658823529411765,0.9260791255825979,1.0,1,0
-14.73874906304302,188.8924950883638,-224.02162090495287,0.7364180197778049,0.9357352941176471,0.999687792694349,0.9357352941176471,0.8906137021966004,0.999687792694349,0,0
-15.286821091662857,187.85852207441155,-224.0063455996817,0.7365401049932853,0.9357352941176471,0.999687792694349,0.9357352941176471,0.8906543972684271,0.999687792694349,0,0
-14.464044500634795,189.35961375405543,-224.7553793419612,0.7365401049932853,0.9357352941176471,0.999687792694349,0.9357352941176471,0.8906543972684271,0.999687792694349,0,0
-15.783809180759189,186.8302732770974,-224.4861452586008,0.7364180197778049,0.9357352941176471,0.999687792694349,0.9357352941176471,0.8906137021966004,0.999687792694349,0,0
-16.124192610903183,186.0710303608768,-224.0167042741828,0.7364180197778049,0.9351470588235294,0.9993755853886981,0.9351470588235294,0.8903135546633442,0.9993755853886981,0,0
-14.96770117987971,188.44264938172176,-224.88565387995968,0.7365401049932853,0.9358823529411765,1.0,0.9358823529411765,0.890807485978154,1.0,0,0
-15.489728337473968,187.4442132007917,-225.0864698871346,0.7365401049932853,0.9358823529411765,1.0,0.9358823529411765,0.890807485978154,1.0,0,0
-16.118517463268557,186.09162525219568,-224.7550512237291,0.7364180197778049,0.9354411764705882,0.9993755853886981,0.9354411764705882,0.8904115938790303,0.9993755853886981,0,0
-15.96628233448048,186.46574644908685,-225.3357241859308,0.7364180197778049,0.9357352941176471,0.999687792694349,0.9357352941176471,0.8906137021966004,0.999687792694349,0,0
-13.418587622289882,191.35168574607283,-225.3249076252725,0.7364180197778049,0.935,0.9987511707773962,0.935,0.8900563968517337,0.9987511707773962,0,0
-13.55391328362028,191.0324402336152,-225.0925690300081,0.7364180197778049,0.935,0.9990633780830471,0.935,0.8901604659536173,0.9990633780830471,0,0
-13.709798949230311,190.8296634476865,-225.5954444874037,0.7364180197778049,0.935,0.9993755853886981,0.935,0.890264535055501,0.9993755853886981,0,0
-13.613439628361029,191.16455564663244,-225.9592416954811,0.7364180197778049,0.935,0.9990633780830471,0.935,0.8901604659536173,0.9990633780830471,0,0
-13.781419339883795,190.60852401696988,-225.1169323306385,0.7364180197778049,0.9351470588235294,0.9993755853886981,0.9351470588235294,0.8903135546633442,0.9993755853886981,0,0
-13.912680692229795,190.54140863235008,-226.1069969936813,0.7364180197778049,0.9352941176470588,0.9993755853886981,0.9352941176470588,0.8903625742711873,0.9993755853886981,0,0
-13.837089339221691,190.93574678406904,-226.6045687483328,0.7364180197778049,0.935,0.9993755853886981,0.935,0.890264535055501,0.9993755853886981,0,0
-14.066958991004638,190.4191367944852,-226.744101530122,0.7364180197778049,0.9357352941176471,0.9993755853886981,0.9357352941176471,0.8905096330947168,0.9993755853886981,0,0
-14.067106184563196,190.68772901237853,-227.21563974171,0.7364180197778049,0.9352941176470588,0.9993755853886981,0.9352941176470588,0.8903625742711873,0.9993755853886981,0,0
-14.064386829003736,190.1245645047237,-225.54545959414057,0.7364180197778049,0.9357352941176471,0.9993755853886981,0.9357352941176471,0.8905096330947168,0.9993755853886981,0,0
-14.62062490575418,189.09875849885177,-225.60201126481056,0.7365401049932853,0.9358823529411765,1.0,0.9358823529411765,0.890807485978154,1.0,0,0
-14.293560551835084,189.82141846522447,-226.3862970909252,0.7365401049932853,0.9358823529411765,0.999687792694349,0.9358823529411765,0.8907034168762703,0.999687792694349,0,0
-14.30756543687388,190.0396460828304,-227.1988683352548,0.7365401049932853,0.9357352941176471,0.999687792694349,0.9357352941176471,0.8906543972684271,0.999687792694349,0,0
-15.131632048542256,188.1675143737024,-225.73879319133604,0.7366621902087657,0.9361764705882353,1.0,0.9361764705882353,0.8909462202656669,1.0,0,0
-14.829343648323343,188.7982113435025,-226.43078858337591,0.7366621902087657,0.9361764705882353,1.0,0.9361764705882353,0.8909462202656669,1.0,0,0
-14.622741706231372,189.3398260391737,-227.16442857247856,0.7366621902087657,0.9361764705882353,1.0,0.9361764705882353,0.8909462202656669,1.0,0,0
-15.624416064285564,187.2363812583245,-225.8728321887293,0.7365401049932853,0.9358823529411765,1.0,0.9358823529411765,0.890807485978154,1.0,0,0
-16.033963720108847,186.42025503676183,-226.05129308426007,0.7365401049932853,0.9357352941176471,0.999687792694349,0.9357352941176471,0.8906543972684271,0.999687792694349,0,0
-15.905795439481414,186.8679338620236,-226.94147595475724,0.7365401049932853,0.9358823529411765,1.0,0.9358823529411765,0.890807485978154,1.0,0,0
-15.379242600632852,187.79709572953053,-226.5574216964472,0.7366621902087657,0.9361764705882353,1.0,0.9361764705882353,0.8909462202656669,1.0,0,0
-15.038622428849516,188.54598571849647,-227.24363197524625,0.7366621902087657,0.9363235294117647,1.0,0.9363235294117647,0.8909952398735101,1.0,0,0
-15.496669879177295,187.71833814635,-227.33520212059184,0.7366621902087657,0.9361764705882353,1.0,0.9361764705882353,0.8909462202656669,1.0,0,0
-15.94356256483468,186.96080408401687,-227.64156975869813,0.7365401049932853,0.9360294117647059,1.0,0.9360294117647059,0.890856505585997,1.0,0,0
-11.305778909827325,165.41284329714398,-223.22433632099947,0.3531925283848126,0.10058823529411764,0.5600999063378083,0.3531925283848126,0.3379602233389128,0.5600999063378083,0,0
-9.82678418975026,164.79413906999923,-223.1827614769998,0.3439140520083018,0.10455882352941176,0.5657196378395254,0.3439140520083018,0.3380641711257463,0.5657196378395254,0,0
-10.89001694716302,165.6122261132661,-222.05808054469824,0.3585642778659504,0.09676470588235295,0.5600999063378083,0.3585642778659504,0.3384762966953705,0.5600999063378083,0,0
-10.993351982643842,164.96875823274763,-224.26017622539388,0.344890733732145,0.10411764705882352,0.5635341866999688,0.344890733732145,0.3375141891636458,0.5635341866999688,0,0
-12.37708646581198,166.30371356002007,-222.5603675643335,0.3776095714808937,0.07720588235294118,0.5632219793943178,0.3776095714808937,0.33934581107605094,0.5632219793943178,0,0
-11.889299393898098,166.63977809889548,-220.96281209478497,0.3848125991942376,0.07470588235294118,0.5650952232282236,0.3848125991942376,0.3415379015918008,0.5650952232282236,0,0
-12.117671068973404,165.71014196646203,-223.8854552982968,0.3625930899768038,0.0913235294117647,0.5600999063378083,0.3625930899768038,0.3380055085754589,0.5600999063378083,0,0
-12.94627787092509,166.42159453074456,-223.65944079246748,0.3828592357465511,0.07470588235294118,0.5644708086169217,0.3828592357465511,0.3406786422388047,0.5644708086169217,0,0
-12.021592055447,165.36519710164532,-225.12026106731903,0.3534366988157734,0.0986764705882353,0.5600999063378083,0.3534366988157734,0.33740435858060563,0.5600999063378083,0,0
-13.461343260721948,167.07061291966804,-223.06279154608,0.39555609815651327,0.06941176470588235,0.5657196378395254,0.39555609815651327,0.34356250023397367,0.5657196378395254,0,0
-13.370690465683328,167.52256234887787,-221.55432241602009,0.39726529117323894,0.06647058823529411,0.5663440524508273,0.39726529117323894,0.34335997728645345,0.5663440524508273,0,0
-12.78421789959153,167.85243362535877,-219.90065991021063,0.39714320595775854,0.05911764705882353,0.5663440524508273,0.39714320595775854,0.3408683018224698,0.5663440524508273,0,0
-13.880598658085692,168.49584194973076,-220.59316720144352,0.3871322182883653,0.045294117647058825,0.5657196378395254,0.3871322182883653,0.3327153245916498,0.5657196378395254,0,0
-13.041853213018838,166.2787312162547,-224.6380537643094,0.38127212794530585,0.07455882352941176,0.5635341866999688,0.38127212794530585,0.33978837939156215,0.5635341866999688,0,0
-12.881043089497211,165.94109664472464,-225.7767427778974,0.8075937004028813,0.9575,1.0,0.9575,0.9216979001342938,1.0,1,0
-13.498481666830182,166.88288692678924,-223.9248797749749,0.3944573312171896,0.06955882352941177,0.5657196378395254,0.3944573312171896,0.3432452641953756,0.5657196378395254,0,0
-13.596562160036074,166.67146697511916,-225.5365189201574,0.8074716151874008,0.955,1.0,0.955,0.9208238717291336,1.0,1,0
-13.968654855284129,167.42591728332724,-223.8101866773132,0.3956781833719937,0.05367647058823529,0.5650952232282236,0.3956781833719937,0.3381499590628175,0.5650952232282236,0,0
-14.295121838982336,168.0502744753303,-222.93503464663505,0.38615553656452206,0.04485294117647059,0.5654074305338745,0.38615553656452206,0.33213863609162236,0.5654074305338745,0,0
-14.56257374768231,168.767271626099,-221.83371338669835,0.3718715663533146,0.04191176470588235,0.5672806743677802,0.3718715663533146,0.32702133514232573,0.5672806743677802,0,0
-13.94554693239258,167.1934784167075,-224.7965663998944,0.8074716151874008,0.9522058823529411,1.0,0.9522058823529411,0.9198924991801141,1.0,1,0
-14.61122140760957,168.15282120911442,-224.24767991662983,0.8074716151874008,0.9494117647058824,1.0,0.9494117647058824,0.9189611266310944,1.0,0,0
-15.122126096549133,169.1588476116145,-223.23056010249928,0.8071053595409596,0.9494117647058824,1.0,0.9494117647058824,0.9188390414156139,1.0,0,0
-15.725760355512511,170.2238994226442,-223.31032741149164,0.8057624221706752,0.9494117647058824,1.0,0.9494117647058824,0.9183913956255192,1.0,0,0
-11.875782180455724,193.35821983105464,-224.76944384783627,0.7365401049932853,0.9347058823529412,0.9978145488604433,0.9347058823529412,0.8896868454022232,0.9978145488604433,0,0
-11.561235262224256,193.68379624552176,-225.0271225297327,0.7365401049932853,0.9347058823529412,0.9978145488604433,0.9347058823529412,0.8896868454022232,0.9978145488604433,0,0
-11.007213655472276,194.29298652794,-225.8921125682485,0.7367842754242461,0.9347058823529412,0.9978145488604433,0.9347058823529412,0.8897682355458768,0.9978145488604433,0,0
-11.2530095342162,194.0183453881337,-225.4787365220588,0.7366621902087657,0.9347058823529412,0.9978145488604433,0.9347058823529412,0.8897275404740501,0.9978145488604433,0,0
-12.609836843678636,192.5384330614024,-224.81428934872068,0.7364180197778049,0.9347058823529412,0.9981267561660943,0.9347058823529412,0.88975021943228,0.9981267561660943,0,0
-12.270327957012324,192.946711393207,-224.7849240544992,0.7364180197778049,0.9347058823529412,0.9981267561660943,0.9347058823529412,0.88975021943228,0.9981267561660943,0,0
-12.00647438688416,193.3022000255805,-225.3332956195275,0.7364180197778049,0.9347058823529412,0.9981267561660943,0.9347058823529412,0.88975021943228,0.9981267561660943,0,0
-11.699787391482396,193.6294897506097,-225.61497647114464,0.7365401049932853,0.9347058823529412,0.9978145488604433,0.9347058823529412,0.8896868454022232,0.9978145488604433,0,0
-10.974080459412734,194.40985906287227,-226.58645460530573,0.7369063606397265,0.9347058823529412,0.9978145488604433,0.9347058823529412,0.8898089306177036,0.9978145488604433,0,0
-12.975717957994837,192.13536641027247,-225.3174028868756,0.7364180197778049,0.9347058823529412,0.9981267561660943,0.9347058823529412,0.88975021943228,0.9981267561660943,0,0
-11.5329032639693,193.87575811824053,-226.17328285214603,0.7365401049932853,0.9347058823529412,0.9978145488604433,0.9347058823529412,0.8896868454022232,0.9978145488604433,0,0
-12.489645240906611,192.8195951205172,-225.4829018590713,0.7364180197778049,0.9347058823529412,0.9981267561660943,0.9347058823529412,0.88975021943228,0.9981267561660943,0,0
-12.876473019016077,192.44273319117173,-225.9480922920108,0.7364180197778049,0.9347058823529412,0.9981267561660943,0.9347058823529412,0.88975021943228,0.9981267561660943,0,0
-10.388607391060624,194.7257337494572,-228.40008214350945,0.7369063606397265,0.9347058823529412,0.9978145488604433,0.9347058823529412,0.8898089306177036,0.9978145488604433,0,0
-10.44558499518216,194.67086778904743,-228.90640262236937,0.7369063606397265,0.9347058823529412,0.9981267561660943,0.9347058823529412,0.8899129997195873,0.9981267561660943,0,0
-10.319363858044069,194.6555979595173,-229.38867729271112,0.7369063606397265,0.9347058823529412,0.9981267561660943,0.9347058823529412,0.8899129997195873,0.9981267561660943,0,0
-12.079112718169378,193.34130705222225,-226.03385869200224,0.7364180197778049,0.9347058823529412,0.9981267561660943,0.9347058823529412,0.88975021943228,0.9981267561660943,0,0
-10.563748223658283,194.677090393714,-227.9334489937877,0.7369063606397265,0.9347058823529412,0.9978145488604433,0.9347058823529412,0.8898089306177036,0.9978145488604433,0,0
-11.548270755233064,194.0039378253016,-227.0100357553333,0.7365401049932853,0.9347058823529412,0.9978145488604433,0.9347058823529412,0.8896868454022232,0.9978145488604433,0,0
-10.86952428967827,194.5240523637325,-227.23347816981948,0.7369063606397265,0.9347058823529412,0.9978145488604433,0.9347058823529412,0.8898089306177036,0.9978145488604433,0,0
-11.211287555268711,194.3227650739375,-227.7466684730517,0.7369063606397265,0.9347058823529412,0.9978145488604433,0.9347058823529412,0.8898089306177036,0.9978145488604433,0,0
-10.714080299097848,194.52491312210628,-229.36310482970657,0.7369063606397265,0.9347058823529412,0.9981267561660943,0.9347058823529412,0.8899129997195873,0.9981267561660943,0,0
-10.407393231323226,194.5856304942235,-229.6949838151464,0.7369063606397265,0.9347058823529412,0.9981267561660943,0.9347058823529412,0.8899129997195873,0.9981267561660943,0,0
-13.245778548944884,191.903166112268,-225.98357928611208,0.7364180197778049,0.9347058823529412,0.9984389634717452,0.9347058823529412,0.8898542885341637,0.9984389634717452,0,0
-12.090858285850784,193.44353070109432,-226.66859912393787,0.7364180197778049,0.9347058823529412,0.9981267561660943,0.9347058823529412,0.88975021943228,0.9981267561660943,0,0
-12.553069950120356,192.90556927204705,-226.3060155677812,0.7364180197778049,0.9347058823529412,0.9981267561660943,0.9347058823529412,0.88975021943228,0.9981267561660943,0,0
-13.039883997247536,192.37027164093743,-226.5331577506545,0.7364180197778049,0.9347058823529412,0.9981267561660943,0.9347058823529412,0.88975021943228,0.9981267561660943,0,0
-10.907386392248563,194.497959933579,-228.4592808456495,0.7369063606397265,0.9347058823529412,0.9978145488604433,0.9347058823529412,0.8898089306177036,0.9978145488604433,0,0
-10.926231284746525,194.4598590811841,-228.9982073312717,0.7369063606397265,0.9347058823529412,0.9981267561660943,0.9347058823529412,0.8899129997195873,0.9981267561660943,0,0
-11.80247887345043,193.86104889738888,-227.76873948897443,0.7365401049932853,0.9347058823529412,0.9978145488604433,0.9347058823529412,0.8896868454022232,0.9978145488604433,0,0
-12.116200995311615,193.51816328912545,-227.2817376268248,0.7364180197778049,0.9347058823529412,0.9981267561660943,0.9347058823529412,0.88975021943228,0.9981267561660943,0,0
-11.47943237589194,194.13865287530768,-228.2224468850022,0.7366621902087657,0.9347058823529412,0.9978145488604433,0.9347058823529412,0.8897275404740501,0.9978145488604433,0,0
-11.476450732238716,194.13042843800943,-228.7649607040386,0.7366621902087657,0.9347058823529412,0.9981267561660943,0.9347058823529412,0.8898316095759338,0.9981267561660943,0,0
-11.1796337898074,194.284379418313,-229.38177045117607,0.7366621902087657,0.9347058823529412,0.9981267561660943,0.9347058823529412,0.8898316095759338,0.9981267561660943,0,0
-10.83540174813824,194.42664725863764,-229.69860998753475,0.7369063606397265,0.9347058823529412,0.9981267561660943,0.9347058823529412,0.8899129997195873,0.9981267561660943,0,0
-10.708273364321972,194.41685525948645,-230.0669882885093,0.7370284458552069,0.9395588235294118,0.9940680611926319,0.9395588235294118,0.8902184435257502,0.9940680611926319,0,0
-10.832644519344612,194.29720613307225,-230.413277436747,0.7370284458552069,0.9395588235294118,0.9940680611926319,0.9395588235294118,0.8902184435257502,0.9940680611926319,0,0
-13.48812039826303,191.6999289505428,-226.59609415441776,0.7364180197778049,0.9348529411764706,0.9987511707773962,0.9348529411764706,0.8900073772438906,0.9987511707773962,0,0
-12.619325417523758,192.97890443029289,-227.0992478344233,0.7364180197778049,0.9347058823529412,0.9981267561660943,0.9347058823529412,0.88975021943228,0.9981267561660943,0,0
-12.375900645990072,193.3207807589568,-227.7881204743413,0.7364180197778049,0.9347058823529412,0.9981267561660943,0.9347058823529412,0.88975021943228,0.9981267561660943,0,0
-13.2566327048388,192.2451856996572,-227.2220699837549,0.7364180197778049,0.9347058823529412,0.9981267561660943,0.9347058823529412,0.88975021943228,0.9981267561660943,0,0
-11.968259233029045,193.73831544667905,-228.37776441818983,0.7365401049932853,0.9347058823529412,0.9981267561660943,0.9347058823529412,0.8897909145041069,0.9981267561660943,0,0
-12.510233921420523,193.22191717265216,-228.39848262298992,0.7364180197778049,0.9347058823529412,0.9981267561660943,0.9347058823529412,0.88975021943228,0.9981267561660943,0,0
-12.332799327490909,193.39640520250504,-228.85169858174555,0.7364180197778049,0.9347058823529412,0.9981267561660943,0.9347058823529412,0.88975021943228,0.9981267561660943,0,0
-11.917975546662849,193.7713863557614,-228.9638770440896,0.7365401049932853,0.9347058823529412,0.9981267561660943,0.9347058823529412,0.8897909145041069,0.9981267561660943,0,0
-11.225686525767925,194.1695172400541,-230.030003659135,0.7370284458552069,0.9397058823529412,0.9940680611926319,0.9397058823529412,0.8902674631335933,0.9940680611926319,0,0
-11.15400144102537,194.09525106198245,-230.65537137608348,0.7370284458552069,0.9397058823529412,0.9940680611926319,0.9397058823529412,0.8902674631335933,0.9940680611926319,0,0
-11.586019238844925,193.8794101854248,-230.38916511449148,0.7370284458552069,0.9397058823529412,0.9940680611926319,0.9397058823529412,0.8902674631335933,0.9940680611926319,0,0
-11.616656284890508,193.98079176937165,-229.4485699129296,0.7365401049932853,0.9347058823529412,0.9981267561660943,0.9347058823529412,0.8897909145041069,0.9981267561660943,0,0
-11.820376131705862,193.77645608538785,-229.87043831073711,0.7370284458552069,0.9397058823529412,0.9940680611926319,0.9397058823529412,0.8902674631335933,0.9940680611926319,0,0
-12.05861238896668,193.6231492241141,-229.3739717263784,0.7364180197778049,0.9347058823529412,0.9981267561660943,0.9347058823529412,0.88975021943228,0.9981267561660943,0,0
-13.7738586780948,191.4544922916785,-227.32629366795788,0.7364180197778049,0.935,0.9987511707773962,0.935,0.8900563968517337,0.9987511707773962,0,0
-14.08414027887358,191.0127888249311,-227.78464530535624,0.7364180197778049,0.935,0.9993755853886981,0.935,0.890264535055501,0.9993755853886981,0,0
-12.981407868912571,192.70123089192407,-228.0104104513488,0.7364180197778049,0.9347058823529412,0.9981267561660943,0.9347058823529412,0.88975021943228,0.9981267561660943,0,0
-13.50742220468848,192.0414909714273,-227.88663220027428,0.7364180197778049,0.9347058823529412,0.9984389634717452,0.9347058823529412,0.8898542885341637,0.9984389634717452,0,0
-12.849710363117383,192.86982629389595,-229.0165742273988,0.7364180197778049,0.9347058823529412,0.9981267561660943,0.9347058823529412,0.88975021943228,0.9981267561660943,0,0
-12.426915400065011,193.28137761504627,-229.3437942767285,0.7364180197778049,0.9347058823529412,0.9981267561660943,0.9347058823529412,0.88975021943228,0.9981267561660943,0,0
-12.684801494115872,192.9805624294006,-229.84952264019904,0.7370284458552069,0.94,0.9940680611926319,0.94,0.8903655023492796,0.9940680611926319,0,0
-12.2223855927778,193.446616358332,-229.6944028742343,0.7364180197778049,0.9347058823529412,0.9981267561660943,0.9347058823529412,0.88975021943228,0.9981267561660943,0,0
-12.151114841506216,193.4333885240136,-230.36695777387985,0.7370284458552069,0.9398529411764706,0.9940680611926319,0.9398529411764706,0.8903164827414365,0.9940680611926319,0,0
-11.653567287951017,193.7360076580293,-230.9707347572964,0.7370284458552069,0.9397058823529412,0.9940680611926319,0.9397058823529412,0.8902674631335933,0.9940680611926319,0,0
-14.27048356719354,190.88284443371413,-228.3747651287975,0.7364180197778049,0.9351470588235294,0.9993755853886981,0.9351470588235294,0.8903135546633442,0.9993755853886981,0,0
-13.87036599791374,191.56469002391069,-228.1803858606121,0.7364180197778049,0.935,0.9987511707773962,0.935,0.8900563968517337,0.9987511707773962,0,0
-13.480383176988711,192.1645297554041,-228.67961819213016,0.7364180197778049,0.9347058823529412,0.9987511707773962,0.9347058823529412,0.8899583576360474,0.9987511707773962,0,0
-12.954402796764736,192.622088935747,-230.530721113924,0.7370284458552069,0.9404411764705882,0.9940680611926319,0.9404411764705882,0.890512561172809,0.9940680611926319,0,0
-13.317839780550884,192.3176494311895,-229.76358083241936,0.7364180197778049,0.9348529411764706,0.9987511707773962,0.9348529411764706,0.8900073772438906,0.9987511707773962,0,0
-12.070830188514304,193.3885290668668,-231.17083486860943,0.7370284458552069,0.9398529411764706,0.9940680611926319,0.9398529411764706,0.8903164827414365,0.9940680611926319,0,0
-12.504571656261303,193.06650295517443,-230.64244477455992,0.7370284458552069,0.94,0.9940680611926319,0.94,0.8903655023492796,0.9940680611926319,0,0
-12.660347406260987,192.83558184304448,-231.24060015166032,0.7370284458552069,0.9401470588235294,0.9940680611926319,0.9401470588235294,0.8904145219571227,0.9940680611926319,0,0
-14.49431146316992,190.6923952749688,-229.14099914483944,0.7364180197778049,0.9354411764705882,0.9993755853886981,0.9354411764705882,0.8904115938790303,0.9993755853886981,0,0
-13.975771283436124,191.5450225937117,-229.1793919454944,0.7364180197778049,0.935,0.9990633780830471,0.935,0.8901604659536173,0.9990633780830471,0,0
-13.865883558166384,191.65224756330448,-230.1617612315124,0.7370284458552069,0.9423529411764706,0.9940680611926319,0.9423529411764706,0.8911498160747698,0.9940680611926319,0,0
-13.127507221859103,192.3390056448482,-231.3376536336906,0.7370284458552069,0.9410294117647059,0.9940680611926319,0.9410294117647059,0.8907086396041816,0.9940680611926319,0,0
-13.391607548399024,192.1383797197713,-230.6435589014011,0.7370284458552069,0.9410294117647059,0.9940680611926319,0.9410294117647059,0.8907086396041816,0.9940680611926319,0,0
-13.736575259085804,191.70014131225585,-231.10183439625763,0.7370284458552069,0.9420588235294117,0.9940680611926319,0.9420588235294117,0.8910517768590834,0.9940680611926319,0,0
-14.32868918067588,191.0592552762448,-229.813461333745,0.7364180197778049,0.9351470588235294,0.9993755853886981,0.9351470588235294,0.8903135546633442,0.9993755853886981,0,0
-14.707132879419218,190.45513887824467,-229.95476483972791,0.7370284458552069,0.9460294117647059,0.9940680611926319,0.9460294117647059,0.8923753062708482,0.9940680611926319,0,0
-14.392838258555742,190.94092806093016,-230.74427730691392,0.7370284458552069,0.9427941176470588,0.9940680611926319,0.9427941176470588,0.8912968748982992,0.9940680611926319,0,0
-14.917515573798438,190.15594068462445,-230.57634939383016,0.7370284458552069,0.9454411764705882,0.9940680611926319,0.9454411764705882,0.8921792278394757,0.9940680611926319,0,0
-10.018645402549646,164.48503385491207,-224.69184838726625,0.34379196679282137,0.10514705882352941,0.5725881985638464,0.34379196679282137,0.34050907472673236,0.5725881985638464,0,0
-8.687825426280023,164.165443118125,-224.39370265309995,0.34598950067146866,0.10573529411764705,0.5838276615672807,0.34598950067146866,0.3451841521187988,0.5838276615672807,0,0
-10.854934647606656,164.67368969622254,-225.6457699137549,0.3439140520083018,0.10470588235294118,0.5663440524508273,0.3439140520083018,0.3383213289373567,0.5663440524508273,0,0
-9.314355778431528,164.07929433652703,-226.00365292484955,0.3473324380417531,0.10602941176470589,0.5863253200124883,0.3473324380417531,0.34656238993964905,0.5863253200124883,0,0
-7.447674595038912,163.72853943285298,-225.7718725582081,0.35209376144548893,0.11088235294117647,0.5997502341554792,0.35209376144548893,0.35424211618071483,0.5997502341554792,0,0
-8.021594989209389,163.70967002892394,-227.10519826146432,0.35258210230741055,0.11132352941176471,0.6009990633780831,0.35258210230741055,0.3549682316990861,0.6009990633780831,0,0
-6.097506182393116,163.50294317023463,-227.39278325387536,0.3580759370040288,0.12102941176470589,0.620980330939744,0.3580759370040288,0.36669522656949294,0.620980330939744,0,0
-9.662450755729948,164.11668377397743,-227.53820673695864,0.8094249786350873,0.9620588235294117,1.0,0.9620588235294117,0.9238279340548331,1.0,1,0
-7.085548428568845,163.55337180740244,-228.39440816412653,0.3566109144182639,0.11970588235294118,0.6187948798001873,0.3566109144182639,0.36503722552379747,0.6187948798001873,0,0
-8.837544073200531,163.87763819988845,-228.4290996241644,0.8100354047124894,0.9627941176470588,1.0,0.9627941176470588,0.9242765074531828,1.0,1,0
-12.908137141417118,165.90241113140198,-226.7933755786947,0.8078378708338421,0.9579411764705882,1.0,0.9579411764705882,0.9219263491014767,1.0,1,0
-11.89328364047004,165.18726367257307,-226.26427588674804,0.8079599560493225,0.9595588235294118,1.0,0.9595588235294118,0.9225062598595781,1.0,1,0
-10.706406246427628,164.53544599958238,-226.8694115940983,0.8088145525576853,0.960735294117647,1.0,0.960735294117647,0.9231832822251107,1.0,1,0
-11.929774645759933,165.19267972315356,-227.39488806639133,0.8082041264802833,0.9598529411764706,1.0,0.9598529411764706,0.9226856892189179,1.0,1,0
-10.913033694288808,164.6343430639253,-228.1839646762176,0.8089366377731657,0.9611764705882353,1.0,0.9611764705882353,0.923371036120467,1.0,1,0
-9.990309587579633,164.2571371861522,-229.10944697927664,0.8096691490660481,0.9623529411764706,1.0,0.9623529411764706,0.924007363414173,1.0,1,0
-12.95741659578144,165.9232336198327,-227.83123745703784,0.8078378708338421,0.9588235294117647,1.0,0.9588235294117647,0.9222204667485356,1.0,1,0
-12.13236849220326,165.33910216474058,-228.591331592386,0.8082041264802833,0.9604411764705882,1.0,0.9604411764705882,0.9228817676502906,1.0,1,0
-11.305420787115972,164.87186004281074,-229.5515607784756,0.8090587229886461,0.9614705882352941,1.0,0.9614705882352941,0.9235097704079801,1.0,1,0
-13.03404518971532,165.9963180761514,-228.8289375570152,0.8078378708338421,0.9591176470588235,1.0,0.9591176470588235,0.9223185059642218,1.0,1,0
-12.584765078554526,165.69259431932258,-229.8061003668433,0.7539982908069833,0.9494117647058824,1.0,0.9494117647058824,0.9011366851709552,1.0,0,0
-2.1963027125583685,166.24494049771957,-215.2206630587036,0.027347088267610793,0.0,0.0,0.0,0.009115696089203597,0.027347088267610793,0,0
3.7834220496625592,167.48436065193505,-215.0061033471465,0.08460505432792088,0.022647058823529412,0.6122385263815173,0.08460505432792088,0.23983021317765588,0.6122385263815173,0,0
1.811540715606704,166.64153621261354,-215.2904224449196,0.257233549017214,0.03661764705882353,0.6634405245082735,0.257233549017214,0.3190972401947703,0.6634405245082735,0,0
-4.093193363004426,166.67074467801203,-214.9259516370021,0.02844585520693444,0.0,0.0,0.0,0.009481951735644813,0.02844585520693444,0,0
-3.599902888685842,165.8781105861231,-217.23382531011737,0.027347088267610793,0.0,0.0,0.0,0.009115696089203597,0.027347088267610793,0,0
-1.241558091171528,165.87875308078216,-217.00418151679344,0.024905383958002687,0.0,0.0,0.0,0.008301794652667562,0.024905383958002687,0,0
-0.172617271666689,166.23689490247875,-215.2532175634674,0.22182883652789648,0.02397058823529412,0.3746487667811427,0.22182883652789648,0.2068160638481111,0.3746487667811427,0,0
0.8817720622195446,166.26553249510803,-217.00760544542445,0.2199975582956904,0.02426470588235294,0.42023103340618173,0.2199975582956904,0.22149776586140835,0.42023103340618173,0,0
2.8129334574462512,167.05824516139074,-216.8638984971165,0.14296178732755463,0.0125,0.41367467998751173,0.14296178732755463,0.1897121557716888,0.41367467998751173,0,0
-5.51070097734253,166.50899951323083,-216.49817455470017,0.029300451715297278,0.0,0.0,0.0,0.009766817238432425,0.029300451715297278,0,0
-5.213758062510275,165.8030473498832,-218.16081126311923,0.027347088267610793,0.0,0.0,0.0,0.009115696089203597,0.027347088267610793,0,0
-5.887982406040846,167.4024077663599,-214.6524072397509,0.03149798559394457,0.0,0.0,0.0,0.010499328531314857,0.03149798559394457,0,0
1.8890161758593425,166.50790112030654,-218.71182232494047,0.0274691734830912,0.0,0.0,0.0,0.009156391161030399,0.0274691734830912,0,0
-0.1166948691551173,165.77105460844376,-218.7653342965654,0.02319619094127701,0.0,0.0,0.0,0.007732063647092336,0.02319619094127701,0,0
-4.032489562025101,165.33534910547098,-219.12183350434083,0.35746551092662676,0.07691176470588235,0.5607243209491102,0.35746551092662676,0.3317005321938731,0.5607243209491102,0,0
-2.2020111008335164,165.42785434020607,-218.8122831932756,0.024417043096081066,0.0,0.0,0.0,0.008139014365360355,0.024417043096081066,0,0
0.9704315546329176,165.88475592687834,-220.541083678746,0.022585764863874983,0.0,0.0,0.0,0.0075285882879583274,0.022585764863874983,0,0
-1.0352445659034224,165.23836163794337,-220.5272349534256,0.023928702234159445,0.0,0.0,0.0,0.007976234078053148,0.023928702234159445,0,0
-5.229045258212771,165.33267876953204,-219.43494330695145,0.35746551092662676,0.07852941176470589,0.5600999063378083,0.35746551092662676,0.3320316096763803,0.5600999063378083,0,0
-6.093021491387529,165.63419334356416,-218.9897635643757,0.36833109510438283,0.07558823529411765,0.5604121136434592,0.36833109510438283,0.33477714801398656,0.5604121136434592,0,0
-4.608997189395144,164.89316758034974,-220.58624086150385,0.3470882676107923,0.09676470588235295,0.5641586013112707,0.3470882676107923,0.3360038582681386,0.5641586013112707,0,0
-3.0601270133487453,164.93051388491938,-220.5562346874529,0.34843120498107677,0.09294117647058824,0.5663440524508273,0.34843120498107677,0.3359054779674975,0.5663440524508273,0,0
-1.954168949057168,164.70293617189952,-222.23994292569748,0.3534366988157734,0.1025,0.5872619419294411,0.3534366988157734,0.3477328802484048,0.5872619419294411,0,0
0.011782489520703,165.24779048487565,-222.3428353218173,0.34940788670492,0.08911764705882352,0.5863253200124883,0.34940788670492,0.3416169512587439,0.5863253200124883,0,0
-3.916597130004632,164.47479206733493,-222.08065687863555,0.35014039799780244,0.10411764705882352,0.5832032469559788,0.35014039799780244,0.34582043067086826,0.5832032469559788,0,0
-7.677413012725718,168.39958109191647,-214.45767619009715,0.03540471248931754,0.0,0.0,0.0,0.011801570829772514,0.03540471248931754,0,0
-6.749781634587965,166.25819066024692,-217.88754255961305,0.3899401782444146,0.06955882352941177,0.5635341866999688,0.3899401782444146,0.34101106282459837,0.5635341866999688,0,0
-7.105816251214612,165.75317271211432,-219.1944896312384,0.37101696984495175,0.07558823529411765,0.5604121136434592,0.37101696984495175,0.3356724395941762,0.5604121136434592,0,0
-7.231827338705811,167.24291431151,-216.1878317790433,0.03259675253326822,0.0,0.0,0.0,0.010865584177756073,0.03259675253326822,0,0
-8.051913186269422,166.2147641274208,-218.7481961685669,0.3848125991942376,0.07220588235294118,0.5641586013112707,0.3848125991942376,0.3403923609528165,0.5641586013112707,0,0
-6.401603386037847,165.1171110893579,-220.3998928923352,0.34940788670492,0.09308823529411765,0.5600999063378083,0.34940788670492,0.33419867611228193,0.5600999063378083,0,0
-5.293575000179691,164.5536183370496,-221.72760341118888,0.3464778415333903,0.10397058823529412,0.5675928816734311,0.3464778415333903,0.3393471038140385,0.5675928816734311,0,0
-2.8841798352590824,164.2228450367426,-223.851252913184,0.3562446587718227,0.10617647058823529,0.6038089291289416,0.3562446587718227,0.35541001949633316,0.6038089291289416,0,0
-1.0207287048093865,164.64585974020602,-224.1163376242582,0.35697717006470514,0.10455882352941176,0.6122385263815173,0.35697717006470514,0.35792483999187813,0.6122385263815173,0,0
-7.933431336590076,164.91161451597608,-221.55100009240985,0.34562324502502745,0.10264705882352941,0.5607243209491102,0.34562324502502745,0.33633154159922235,0.5607243209491102,0,0
-6.673449997791132,164.4678836773093,-222.27290300696825,0.3441582224392626,0.10470588235294118,0.5691539182016859,0.3441582224392626,0.3393393409979632,0.5691539182016859,0,0
-5.137071794208855,164.05819435766116,-223.53672315188777,0.353314613600293,0.10691176470588236,0.5916328442085544,0.353314613600293,0.35061974083824327,0.5916328442085544,0,0
-3.889238110452351,163.78141903429568,-225.74270990286584,0.35905261872787203,0.12102941176470589,0.6219169528566968,0.35905261872787203,0.36733299444975825,0.6219169528566968,0,0
-2.1482335060338134,164.1244818094307,-225.85828768535285,0.36418019777804905,0.11529411764705882,0.6290977208866687,0.36418019777804905,0.36952401210392555,0.6290977208866687,0,0
-8.357965355818411,165.5705099287415,-220.2424856762704,0.36222683433036257,0.08397058823529412,0.5600999063378083,0.36222683433036257,0.33543244296782165,0.5600999063378083,0,0
-9.019887251559018,168.2405887070514,-215.9186028200084,0.3700402881211085,0.04191176470588235,0.5669684670621292,0.3700402881211085,0.32630683996304005,0.5669684670621292,0,0
-8.454240292329123,167.0336636011577,-217.4792109990556,0.3961665242339153,0.05617647058823529,0.5635341866999688,0.3961665242339153,0.33862572717403977,0.5635341866999688,0,0
-9.544497103262133,166.599015075029,-218.9881199075571,0.39055060432181665,0.0711764705882353,0.5654074305338745,0.39055060432181665,0.3423781684813088,0.5654074305338745,0,0
-9.321009116439924,165.17872962647914,-221.70539355888167,0.34843120498107677,0.1011764705882353,0.5604121136434592,0.34843120498107677,0.33667326307092377,0.5604121136434592,0,0
-8.278689043803134,164.52775149266049,-222.78041977339032,0.3439140520083018,0.105,0.568841710896035,0.3439140520083018,0.33925192096811224,0.568841710896035,0,0
-6.950440256610955,164.00210413037578,-223.9911767869523,0.34940788670492,0.10647058823529412,0.588510771152045,0.34940788670492,0.34812974869741975,0.588510771152045,0,0
-5.824587323449985,163.65849584652443,-225.6074263380732,0.3535587840312538,0.11573529411764706,0.6122385263815173,0.3535587840312538,0.36051086817680605,0.6122385263815173,0,0
-4.721966141978879,163.5713771174791,-227.030585414679,0.3627151751922842,0.12573529411764706,0.6300343428036216,0.3627151751922842,0.37282827070451763,0.6300343428036216,0,0
-3.388149448592832,163.73492405230675,-227.5576566589592,0.372604077646197,0.1263235294117647,0.6378395254448954,0.372604077646197,0.3789223775009523,0.6378395254448954,0,0
-10.26053467025286,166.0817673058904,-220.45550301178696,0.37309241850811864,0.07823529411764706,0.5607243209491102,0.37309241850811864,0.337350677858292,0.5607243209491102,0,0
-10.532278754315175,167.9845110123311,-217.51740237561893,0.38835307044316936,0.04617647058823529,0.5650952232282236,0.38835307044316936,0.3332082547532094,0.5650952232282236,0,0
-11.145392497150636,167.11086827301182,-219.36085996792,0.39531192772555246,0.06985294117647059,0.5657196378395254,0.39531192772555246,0.34362816891384945,0.5657196378395254,0,0
-12.126097478323876,168.21679264990087,-218.5944341243216,0.3915272860456599,0.04941176470588235,0.5657196378395254,0.3915272860456599,0.3355528961970225,0.5657196378395254,0,0
-9.528847185663473,194.69628263439287,-229.8845983160408,0.7370284458552069,0.9395588235294118,0.99344364658133,0.9395588235294118,0.8900103053219829,0.99344364658133,0,0
-8.410272098041476,194.7365337198528,-231.02721629253384,0.7370284458552069,0.9395588235294118,0.99344364658133,0.9395588235294118,0.8900103053219829,0.99344364658133,0,0
-8.511602305574005,194.8063081101112,-230.41859666239063,0.7370284458552069,0.9395588235294118,0.99344364658133,0.9395588235294118,0.8900103053219829,0.99344364658133,0,0
-7.889963672442983,194.8838844982408,-230.7222499419656,0.7370284458552069,0.9395588235294118,0.99344364658133,0.9395588235294118,0.8900103053219829,0.99344364658133,0,0
-7.18033874376852,194.95987391521783,-231.05900169414429,0.7370284458552069,0.9395588235294118,0.9940680611926319,0.9395588235294118,0.8902184435257502,0.9940680611926319,0,0
-7.7762029540728355,194.7900391681504,-231.50405206685983,0.7370284458552069,0.9395588235294118,0.99344364658133,0.9395588235294118,0.8900103053219829,0.99344364658133,0,0
-6.373277555107344,195.0147911060224,-231.4346237984812,0.7370284458552069,0.9395588235294118,0.9940680611926319,0.9395588235294118,0.8902184435257502,0.9940680611926319,0,0
-8.881205391437652,194.6260584370678,-231.2475950126345,0.7370284458552069,0.9395588235294118,0.99344364658133,0.9395588235294118,0.8900103053219829,0.99344364658133,0,0
-8.94299131837097,194.6845743532943,-230.66768334433064,0.7370284458552069,0.9395588235294118,0.99344364658133,0.9395588235294118,0.8900103053219829,0.99344364658133,0,0
-9.054898933010325,194.74059595258143,-230.14161189400537,0.7370284458552069,0.9395588235294118,0.99344364658133,0.9395588235294118,0.8900103053219829,0.99344364658133,0,0
-9.44314619498734,194.6368223383172,-230.38215968045543,0.7370284458552069,0.9395588235294118,0.99344364658133,0.9395588235294118,0.8900103053219829,0.99344364658133,0,0
-9.399320125588885,194.57707548389067,-230.9111218294254,0.7370284458552069,0.9395588235294118,0.99344364658133,0.9395588235294118,0.8900103053219829,0.99344364658133,0,0
-9.385432772601597,194.51284086821784,-231.5134922570269,0.7370284458552069,0.9395588235294118,0.9940680611926319,0.9395588235294118,0.8902184435257502,0.9940680611926319,0,0
2.2630408307770087,200.6044436531637,-214.4256012420901,0.0,0.0,0.17296284733062753,0.0,0.05765428244354251,0.17296284733062753,0,0
4.012852616646732,200.2381652995544,-214.46140341695,0.0,0.0,0.1751482984701842,0.0,0.05838276615672807,0.1751482984701842,0,0
7.677821080113415,198.61332600741463,-215.74598777960145,0.0,0.0,0.1738994692475804,0.0,0.05796648974919347,0.1738994692475804,0,0
6.09515557674433,199.54789608928485,-214.67893900213247,0.0,0.0,0.17670933499843897,0.0,0.05890311166614632,0.17670933499843897,0,0
4.651999335733055,199.6736123644352,-216.06062035072463,0.0,0.0,0.1751482984701842,0.0,0.05838276615672807,0.1751482984701842,0,0
6.067552650702012,199.0550385736445,-216.739355056494,0.0,0.0,0.17483609116453325,0.0,0.05827869705484442,0.17483609116453325,0,0
7.338342241239187,198.2777037390641,-217.62996685998547,0.0,0.0,0.1726506400249766,0.0,0.057550213341658864,0.1726506400249766,0,0
1.084732033325175,200.32776572953955,-215.8593083758045,0.0,0.0,0.0,0.0,0.0,0.0,0,0
2.926454414806305,199.9467781733897,-216.3504631847256,0.0,0.0,0.0,0.0,0.0,0.0,0,0
-0.677734325244189,200.429915133327,-215.81076466855515,0.0,0.0,0.004683109584764283,0.0,0.0015610365282547611,0.004683109584764283,0,0
-2.308999296038572,200.44917712204315,-215.6823421338248,0.0,0.0,0.014361536059943803,0.0,0.004787178686647934,0.014361536059943803,0,0
-4.365782523970504,200.3280825818798,-215.44465301658792,0.0,0.0,0.015922572588198562,0.0,0.005307524196066188,0.015922572588198562,0,0
-6.296388224401069,199.63104649639453,-216.20452628159816,0.0,0.0,0.02622541367467999,0.0,0.008741804558226663,0.02622541367467999,0,0
5.64986486974234,198.60925772041543,-218.63392397156144,0.0,0.0,0.0,0.0,0.0,0.0,0,0
7.0846003104419175,197.80811400406023,-219.4976691402358,0.0,0.0,0.0,0.0,0.0,0.0,0,0
4.324194555572033,199.2728724570109,-217.6296580904288,0.0,0.0,0.0,0.0,0.0,0.0,0,0
0.179368643392061,199.97693974264723,-217.00235441399963,0.0,0.0,0.004683109584764283,0.0,0.0015610365282547611,0.004683109584764283,0,0
1.392540825783418,199.8022788628166,-217.29748591105684,0.0,0.0,0.001248829222603809,0.0,0.000416276407534603,0.001248829222603809,0,0
6.9104393808523845,197.2499297046175,-221.3500074780568,0.0,0.0,0.0,0.0,0.0,0.0,0,0
5.334800138719225,198.0508839358202,-220.52583574911995,0.0,0.0,0.0,0.0,0.0,0.0,0,0
2.4710301304465294,199.32191563903208,-218.34764803348668,0.0,0.0,0.0021854511395566654,0.0,0.0007284837131855551,0.0021854511395566654,0,0
3.8003818217600527,198.7123246956528,-219.54401644589723,0.0,0.0,0.0006244146113019045,0.0,0.0002081382037673015,0.0006244146113019045,0,0
-1.478449207553613,199.7892629340884,-217.509293610646,0.0,0.0,0.025913206369029034,0.0,0.00863773545634301,0.025913206369029034,0,0
-3.2798320689738256,199.90849012571584,-216.92042905316225,0.0,0.0,0.030596315953793318,0.0,0.010198771984597772,0.030596315953793318,0,0
-4.886609707495193,199.51262797911485,-217.35147936205647,0.0321084116713466,0.0,0.04152357165157665,0.0321084116713466,0.02454399444097442,0.04152357165157665,0,0
-6.6026532980703365,198.8540822077144,-217.97230528743728,0.04834574533024051,0.0010294117647058824,0.0640024976584452,0.04834574533024051,0.03779255158446387,0.0640024976584452,0,0
-5.299872401416352,198.77265148777684,-219.0055690463819,0.0,0.004705882352941176,0.08117389946924758,0.004705882352941176,0.028626593940729583,0.08117389946924758,0,0
-6.756316527007366,198.24259251409973,-219.41635063240545,0.13649127090709315,0.0,0.0,0.0,0.04549709030236438,0.13649127090709315,0,0
6.811373736800434,196.644891333001,-223.19342186200035,0.0,0.0,0.0,0.0,0.0,0.0,0,0
5.142469422864251,197.44108983638344,-222.39400833126768,0.0,0.0,0.0,0.0,0.0,0.0,0,0
0.3227098126448555,199.30604743785565,-218.76207757445704,0.0,0.0,0.0280986575085857,0.0,0.009366219169528567,0.0280986575085857,0,0
-1.4455383796080838,199.13448786130493,-219.17799150060983,0.0,0.0,0.048392132375897595,0.0,0.016130710791965864,0.048392132375897595,0,0
1.7643061006549634,198.67895323626337,-220.25475829271,0.0,0.0,0.028723072119887606,0.0,0.009574357373295869,0.028723072119887606,0,0
3.496356777190882,198.0913229140415,-221.397849995426,0.0,0.0,0.010302841086481423,0.0,0.0034342803621604744,0.010302841086481423,0,0
-3.220167182833109,199.24015971059583,-218.61586645244424,0.0,0.0,0.05526069310021855,0.0,0.018420231033406183,0.05526069310021855,0,0
-2.392741928249889,198.73804960435552,-220.0672362987436,0.0,0.000588235294117647,0.0764907898844833,0.000588235294117647,0.025693008392866982,0.0764907898844833,0,0
-6.91591099013278,197.6539950607325,-220.87386807322025,0.15077524111830057,0.0,0.0,0.0,0.05025841370610019,0.15077524111830057,0,0
-4.109867981991922,198.43411731153503,-220.39714093867423,0.13441582224392626,0.0,0.0,0.0,0.04480527408130875,0.13441582224392626,0,0
-5.7908508958467575,198.1798829441477,-220.2602499964532,0.13820046392381882,0.0,0.0,0.0,0.046066821307939605,0.13820046392381882,0,0
5.025723445729667,196.82812507757905,-224.2578307047416,0.0,0.0,0.0,0.0,0.0,0.0,0,0
6.777414538342453,195.9957283050241,-225.1105311567904,0.0,0.0,0.0,0.0,0.0,0.0,0,0
3.26616319530482,197.44647729217235,-223.3224879737859,0.0,0.0,0.015922572588198562,0.0,0.005307524196066188,0.015922572588198562,0,0
-0.6127548896423122,198.4567156266509,-220.9998343429513,0.0,0.0,0.07274430221667187,0.0,0.024248100738890624,0.07274430221667187,0,0
1.4158401389153514,197.99619561427,-222.1826418695195,0.0,0.0,0.047767717764595694,0.0,0.015922572588198566,0.047767717764595694,0,0
-2.615126103778946,198.27704030346683,-221.2424108716884,0.1419851056037114,0.0,0.0,0.0,0.04732836853457046,0.1419851056037114,0,0
-1.743512513647784,197.9654524894458,-222.2599357248193,0.14735685508484922,0.0,0.0,0.0,0.04911895169494974,0.14735685508484922,0,0
-3.730394780094819,197.95528741071848,-221.82882310523544,0.15529239409107556,0.0,0.0,0.0,0.05176413136369185,0.15529239409107556,0,0
-2.8811405563094934,197.76149588437428,-222.6296452369529,0.17189598339641068,0.0,0.00031220730565095225,0.00031220730565095225,0.057402730234020545,0.17189598339641068,0,0
-6.931077213745954,197.18840433572552,-222.21725667162664,0.17470394335246,0.0,0.0,0.0,0.05823464778415333,0.17470394335246,0,0
-5.400374818283253,197.7586608238801,-221.64403019959337,0.14833353680869246,0.0,0.0,0.0,0.04944451226956415,0.14833353680869246,0,0
-7.166251226852316,196.71773283573785,-223.4854603234529,0.806006592601636,0.9576470588235294,1.0,0.9576470588235294,0.9212178838083885,1.0,1,0
-5.858762998658116,197.1413724385725,-223.18863125567137,0.8075937004028813,0.9572058823529411,1.0,0.9572058823529411,0.9215998609186075,1.0,1,0
6.787193039059252,195.3227855977446,-227.0221629793419,0.17836649981687216,0.006617647058823529,0.07024664377146425,0.07024664377146425,0.08507693021571998,0.17836649981687216,0,0
5.013665646321794,196.1738397485517,-226.2211996536692,0.19069710658039313,0.0,0.017171401810802372,0.017171401810802372,0.06928950279706517,0.19069710658039313,0,0
3.270601778446518,196.8125154887379,-225.225813385966,0.1836161640825296,0.0,0.0,0.0,0.06120538802750986,0.1836161640825296,0,0
1.4293412101045084,197.2738036074496,-224.30721952823205,0.17372726162861676,0.0,0.0,0.0,0.05790908720953892,0.17372726162861676,0,0
-0.2988823280243509,197.70465873511623,-223.1262810025928,0.15663533146136002,0.0,0.0,0.0,0.05221177715378667,0.15663533146136002,0,0
-2.028968793496615,197.5985520179725,-223.28683525819648,0.17067513124160663,0.0,0.0018732438339057135,0.0018732438339057135,0.05751612502517078,0.17067513124160663,0,0
-1.595582307926979,197.260968615722,-224.3826792995924,0.17836649981687216,0.0,0.0009366219169528567,0.0009366219169528567,0.05976770724460834,0.17836649981687216,0,0
-4.229175854567644,197.4230539001933,-223.1913800482276,0.17848858503235257,0.0,0.0006244146113019045,0.0006244146113019045,0.05970433321455149,0.17848858503235257,0,0
-2.836563213101685,197.36368555814,-223.83008455723973,0.18520327188377486,0.0,0.008117389946924758,0.008117389946924758,0.0644402206102332,0.18520327188377486,0,0
-3.595825597236379,197.07118807601736,-224.52268520799373,0.19558051519960934,0.0,0.014361536059943803,0.014361536059943803,0.06998068375318438,0.19558051519960934,0,0
-7.432700634399951,196.3252603985262,-224.56976025196428,0.7364180197778049,0.9358823529411765,0.9981267561660943,0.9358823529411765,0.8901423762950252,0.9981267561660943,0,0
-6.254552484234936,196.67079537973348,-224.4267690120316,0.7365401049932853,0.9361764705882353,0.9987511707773962,0.9361764705882353,0.8904892487863055,0.9987511707773962,0,0
-4.968244041820765,196.93518266257155,-224.37048621777905,0.8079599560493225,0.9579411764705882,1.0,0.9579411764705882,0.9219670441733036,1.0,1,0
-6.615281979192265,196.3084892938501,-225.4073152126735,0.7364180197778049,0.9357352941176471,0.9981267561660943,0.9357352941176471,0.8900933566871821,0.9981267561660943,0,0
-5.476509036994824,196.54903581447883,-225.375744035572,0.7365401049932853,0.9361764705882353,0.9987511707773962,0.9361764705882353,0.8904892487863055,0.9987511707773962,0,0
6.8136944524291305,194.6161737068004,-228.9239132739106,0.12892198754730802,0.00823529411764706,0.09272556977833281,0.09272556977833281,0.07662761714776263,0.12892198754730802,0,0
5.064623153862778,195.52561332400705,-228.11546950234188,0.19094127701135394,0.0048529411764705885,0.049016546987199504,0.049016546987199504,0.08160358839167468,0.19094127701135394,0,0
-7.688299749620378,195.98511373540225,-225.5790844753233,0.7364180197778049,0.9357352941176471,0.9978145488604433,0.9357352941176471,0.8899892875852985,0.9978145488604433,0,0
3.3105860923017323,196.162745764086,-227.2242562949873,0.18935416921010867,0.0,0.00031220730565095225,0.00031220730565095225,0.0632221255052532,0.18935416921010867,0,0
1.401867189756496,196.68182488047964,-226.1651617011053,0.18019777804907824,0.0,0.0,0.0,0.06006592601635941,0.18019777804907824,0,0
-0.292842673067718,197.03455639307944,-225.1832849739724,0.17800024417043095,0.0,0.0,0.0,0.05933341472347698,0.17800024417043095,0,0
-2.536492039015375,196.9845593568895,-225.0989830941545,0.19142961787327556,0.0,0.013737121448641898,0.013737121448641898,0.06838891310730581,0.19142961787327556,0,0
-1.6289013412404707,196.9288404366231,-225.4379840208537,0.18447076059089243,0.0,0.0006244146113019045,0.0006244146113019045,0.06169839173406478,0.18447076059089243,0,0
-1.158565128167142,196.71508031644305,-226.1893420327512,0.7370284458552069,0.9379411764705883,1.0,0.9379411764705883,0.8916565407752651,1.0,0,0
-3.355258488896068,196.79271679000533,-225.5119126996675,0.7369063606397265,0.9370588235294117,1.0,0.9370588235294117,0.8913217280563793,1.0,0,0
-4.249511668723139,196.7181209433317,-225.43211778948253,0.7369063606397265,0.9366176470588236,0.9993755853886981,0.9366176470588236,0.8909665310290826,0.9993755853886981,0,0
-3.666890030225072,196.5113311871229,-226.37029223564835,0.7369063606397265,0.9366176470588236,0.999687792694349,0.9366176470588236,0.8910706001309663,0.999687792694349,0,0
-5.918596219257119,196.20293828388665,-226.3329502607385,0.7364180197778049,0.9357352941176471,0.9981267561660943,0.9357352941176471,0.8900933566871821,0.9981267561660943,0,0
-4.8019865938694135,196.3796647586384,-226.3539428757891,0.7365401049932853,0.9360294117647059,0.9990633780830471,0.9360294117647059,0.8905442982803461,0.9990633780830471,0,0
-6.971546707814998,195.9883750596115,-226.3097315114354,0.7364180197778049,0.9357352941176471,0.9981267561660943,0.9357352941176471,0.8900933566871821,0.9981267561660943,0,0
-7.952319934398258,195.6913688444485,-226.51280176942845,0.7365401049932853,0.9354411764705882,0.9978145488604433,0.9354411764705882,0.8899319434414389,0.9978145488604433,0,0
-6.397093333090281,195.9199184324985,-227.0777137172511,0.7365401049932853,0.9352941176470588,0.9981267561660943,0.9352941176470588,0.8899869929354794,0.9981267561660943,0,0
5.261586775448964,194.79033869792568,-230.0774478336345,0.7359296789158832,0.7816176470588235,0.9781454886044333,0.7816176470588235,0.8318976048597134,0.9781454886044333,0,0
6.835022679460586,193.86960162051344,-230.8102258535269,0.7365401049932853,0.9494117647058824,0.9946924758039338,0.9494117647058824,0.8935481151677004,0.9946924758039338,0,0
3.471915370468017,195.51394806707185,-229.1697411442323,0.7370284458552069,0.9480882352941177,0.9975023415547923,0.9480882352941177,0.8942063409013722,0.9975023415547923,0,0
-7.408871684736487,195.6744213960707,-227.20024995426468,0.7365401049932853,0.9351470588235294,0.9978145488604433,0.9351470588235294,0.8898339042257527,0.9978145488604433,0,0
-8.255166342239304,195.43350296113147,-227.3475640229104,0.7366621902087657,0.935,0.9978145488604433,0.935,0.8898255796897363,0.9978145488604433,0,0
1.4104512286068915,196.0563933358805,-228.20214326066537,0.7370284458552069,0.9395588235294118,1.0,0.9395588235294118,0.8921957564615396,1.0,0,0
0.0133962156964032,196.54292200675005,-226.7777423956705,0.1816628006348431,0.0,0.0,0.0,0.060554266878281034,0.1816628006348431,0,0
-0.6682233778576092,196.1405866496065,-228.16617052569583,0.7370284458552069,0.9373529411764706,1.0,0.9373529411764706,0.8914604623438924,1.0,0,0
-2.3327296967157563,196.6231000175342,-226.3432897170105,0.7370284458552069,0.9372058823529412,1.0,0.9372058823529412,0.8914114427360493,1.0,0,0
-1.2598979312738174,196.453513512224,-227.06496926277248,0.7370284458552069,0.9373529411764706,1.0,0.9373529411764706,0.8914604623438924,1.0,0,0
-5.391517655193312,196.03917981627603,-227.3013834371569,0.7365401049932853,0.9357352941176471,0.9984389634717452,0.9357352941176471,0.8902381208608925,0.9984389634717452,0,0
-3.20201133352509,196.31741496647123,-227.2056655088616,0.7369063606397265,0.9363235294117647,0.999687792694349,0.9363235294117647,0.8909725609152801,0.999687792694349,0,0
-4.205711140710826,196.1911048413784,-227.319872768588,0.7365401049932853,0.9358823529411765,0.9993755853886981,0.9358823529411765,0.8905993477743867,0.9993755853886981,0,0
-6.9254154447466405,195.6154945388767,-227.9280002601048,0.7366621902087657,0.9351470588235294,0.9981267561660943,0.9351470588235294,0.889978668399463,0.9981267561660943,0,0
-6.111870394012139,195.78628116424923,-227.84648440524623,0.7365401049932853,0.9351470588235294,0.9981267561660943,0.9351470588235294,0.8899379733276364,0.9981267561660943,0,0
-6.289827354971903,195.6253515992724,-228.4101832870816,0.7365401049932853,0.9351470588235294,0.9981267561660943,0.9351470588235294,0.8899379733276364,0.9981267561660943,0,0
-5.483521319618377,195.7718265459835,-228.32584069760875,0.7365401049932853,0.9351470588235294,0.9984389634717452,0.9351470588235294,0.89004204242952,0.9984389634717452,0,0
3.823449730396253,194.81178078983967,-231.09937819180308,0.7364180197778049,0.8326470588235294,0.9781454886044333,0.8326470588235294,0.8490701890685891,0.9781454886044333,0,0
2.050359299285558,195.34761255285417,-230.3419558192058,0.7364180197778049,0.8811764705882353,0.9781454886044333,0.8811764705882353,0.8652466596568246,0.9781454886044333,0,0
-7.779388869947269,195.42772232141385,-227.9482953983661,0.7369063606397265,0.935,0.9978145488604433,0.935,0.8899069698333899,0.9978145488604433,0,0
-7.494808236665108,195.37774472456127,-228.49658070741413,0.7369063606397265,0.935,0.9978145488604433,0.935,0.8899069698333899,0.9978145488604433,0,0
-8.550219617461694,195.2103459777805,-228.10663622119847,0.7369063606397265,0.935,0.9978145488604433,0.935,0.8899069698333899,0.9978145488604433,0,0
0.1054357322305569,195.69055008348764,-229.68492862258867,0.7370284458552069,0.9410294117647059,0.9962535123321886,0.9410294117647059,0.8914371233173671,0.9962535123321886,0,0
-2.106316811997312,196.21848639202472,-227.79516708653244,0.7370284458552069,0.9366176470588236,1.0,0.9366176470588236,0.8912153643046768,1.0,0,0
-1.4509529945948725,195.8156535103625,-229.3171137887349,0.7370284458552069,0.9404411764705882,0.9962535123321886,0.9404411764705882,0.8912410448859945,0.9962535123321886,0,0
-3.449305329213121,196.02239515772607,-228.22280862834367,0.7369063606397265,0.9358823529411765,0.9993755853886981,0.9358823529411765,0.8907214329898671,0.9993755853886981,0,0
-4.585296132411054,195.93162721386287,-228.149933129838,0.7365401049932853,0.9357352941176471,0.9987511707773962,0.9357352941176471,0.8903421899627761,0.9987511707773962,0,0
-2.7305239727448702,195.81026684025497,-229.203688278274,0.7369063606397265,0.9360294117647059,0.999687792694349,0.9360294117647059,0.8908745216995938,0.999687792694349,0,0
-4.024550241368531,195.72448400359943,-229.2080021334296,0.7366621902087657,0.9357352941176471,0.9987511707773962,0.9357352941176471,0.890382885034603,0.9987511707773962,0,0
-6.879262294883995,195.42294982880648,-228.8651400223365,0.7369063606397265,0.9351470588235294,0.9981267561660943,0.9351470588235294,0.8900600585431168,0.9981267561660943,0,0
-7.595284835134606,195.2564452443605,-229.0007522496425,0.7369063606397265,0.935,0.9978145488604433,0.935,0.8899069698333899,0.9978145488604433,0,0
-6.005499374021233,195.5294431847776,-229.0491318708948,0.7366621902087657,0.9351470588235294,0.9981267561660943,0.9351470588235294,0.889978668399463,0.9981267561660943,0,0
-5.028783761285355,195.64792054691463,-229.104246900892,0.7365401049932853,0.9354411764705882,0.9984389634717452,0.9354411764705882,0.8901400816452062,0.9984389634717452,0,0
0.7591077563974733,195.14760072029912,-231.4364214901509,0.7364180197778049,0.8991176470588236,0.98033093974399,0.8991176470588236,0.8719555355268729,0.98033093974399,0,0
-8.930748704696901,195.00731005696133,-228.7209799237,0.7369063606397265,0.9348529411764706,0.9981267561660943,0.9348529411764706,0.8899620193274305,0.9981267561660943,0,0
-8.162098965276634,195.20736925966904,-228.6146345721725,0.7369063606397265,0.935,0.9978145488604433,0.935,0.8899069698333899,0.9978145488604433,0,0
-8.059549519451666,195.08036718275625,-229.41203257660587,0.7369063606397265,0.935,0.9981267561660943,0.935,0.8900110389352736,0.9981267561660943,0,0
-9.245580082319044,194.8616301996232,-229.1797640280637,0.7369063606397265,0.9347058823529412,0.9981267561660943,0.9347058823529412,0.8899129997195873,0.9981267561660943,0,0
-9.518026165702423,194.75399420749244,-229.5371115200448,0.7369063606397265,0.9347058823529412,0.9981267561660943,0.9347058823529412,0.8899129997195873,0.9981267561660943,0,0
-0.9149334200033932,195.3787079843804,-230.91631518723864,0.7370284458552069,0.9398529411764706,0.9962535123321886,0.9398529411764706,0.8910449664546221,0.9962535123321886,0,0
-2.341858200273031,195.47841614145008,-230.54514253787903,0.7370284458552069,0.9398529411764706,0.9953168904152357,0.9398529411764706,0.8907327591489711,0.9953168904152357,0,0
-3.5494999938645906,195.49077949315333,-230.31132184493163,0.7370284458552069,0.9397058823529412,0.9946924758039338,0.9397058823529412,0.8904756013373606,0.9946924758039338,0,0
-4.746302255496464,195.44691105916115,-230.1173761897868,0.7370284458552069,0.9395588235294118,0.9943802684982829,0.9395588235294118,0.8903225126276338,0.9943802684982829,0,0
-5.711344812734208,195.3859835542437,-229.9113312882289,0.7370284458552069,0.9395588235294118,0.9940680611926319,0.9395588235294118,0.8902184435257502,0.9940680611926319,0,0
-7.306169502754213,195.2074825596718,-229.55197463064857,0.7369063606397265,0.935,0.9981267561660943,0.935,0.8900110389352736,0.9981267561660943,0,0
-7.916455056532684,194.9960225178568,-230.0456118346385,0.7370284458552069,0.9395588235294118,0.99344364658133,0.9395588235294118,0.8900103053219829,0.99344364658133,0,0
-6.622239786010646,195.2969327621593,-229.70784556748697,0.7370284458552069,0.9395588235294118,0.9940680611926319,0.9395588235294118,0.8902184435257502,0.9940680611926319,0,0
-7.200945184326191,195.08820454973235,-230.3012593055392,0.7370284458552069,0.9395588235294118,0.9940680611926319,0.9395588235294118,0.8902184435257502,0.9940680611926319,0,0
-6.468771300849514,195.1536805754492,-230.5818821817448,0.7370284458552069,0.9395588235294118,0.9940680611926319,0.9395588235294118,0.8902184435257502,0.9940680611926319,0,0
-8.614820782866873,194.9882119692668,-229.23928218103663,0.7369063606397265,0.9348529411764706,0.9981267561660943,0.9348529411764706,0.8899620193274305,0.9981267561660943,0,0
-8.567234370899168,194.89124418210884,-229.8510478995317,0.7370284458552069,0.9395588235294118,0.99344364658133,0.9395588235294118,0.8900103053219829,0.99344364658133,0,0
-9.112572824629863,194.8033462698728,-229.6902895419441,0.7370284458552069,0.9395588235294118,0.99344364658133,0.9395588235294118,0.8900103053219829,0.99344364658133,0,0
-4.489647327888167,195.23071789406887,-231.2018900547937,0.7370284458552069,0.9395588235294118,0.9943802684982829,0.9395588235294118,0.8903225126276338,0.9943802684982829,0,0
-5.534902284800013,195.21180343414787,-230.86743386589063,0.7370284458552069,0.9395588235294118,0.9940680611926319,0.9395588235294118,0.8902184435257502,0.9940680611926319,0,0
4.189279424405616,166.9935634823992,-231.40321405954484,0.7364180197778049,0.9494117647058824,0.9940680611926319,0.9494117647058824,0.8932992818921064,0.9940680611926319,0,0
2.502327668274164,166.04334477725033,-230.97890438096067,0.7364180197778049,0.9494117647058824,0.9943802684982829,0.9494117647058824,0.89340335099399,0.9943802684982829,0,0
0.7678416191616013,165.18572434084578,-230.5513162325445,0.7365401049932853,0.9494117647058824,0.9946924758039338,0.9494117647058824,0.8935481151677004,0.9946924758039338,0,0
-1.0197196430346085,164.44841571976784,-230.1144202722046,0.7369063606397265,0.9105882352941177,0.9853262566344052,0.9105882352941177,0.8776069508560832,0.9853262566344052,0,0
-2.864763430604805,163.8735338112474,-229.6622598087748,0.7369063606397265,0.9189705882352941,0.9862628785513581,0.9189705882352941,0.8807132758087928,0.9862628785513581,0,0
-3.824492168654763,163.76392391486607,-230.9695919973248,0.7365401049932853,0.9210294117647059,0.9856384639400562,0.9210294117647059,0.8810693268993491,0.9856384639400562,0,0
13.450549677158795,178.68695745448957,-218.77967325874883,0.0,0.0,0.4589447393068998,0.0,0.1529815797689666,0.4589447393068998,0,0
14.413885875006905,179.92832718185156,-217.6616546900344,0.0,0.0,0.4330315329378707,0.0,0.14434384431262356,0.4330315329378707,0,0
13.682450520797392,178.2282098303995,-216.84697791464487,0.0,0.0,0.4370902279113331,0.0,0.14569674263711105,0.4370902279113331,0,0
14.915661973008604,181.71631276791024,-218.46190530638464,0.0,0.0,0.42366531376834216,0.0,0.14122177125611404,0.42366531376834216,0,0
14.599618293299544,181.6867956315144,-219.72854223908828,0.0,0.0,0.43615360599438024,0.0,0.1453845353314601,0.43615360599438024,0,0
15.06755093900154,183.58455439999992,-219.2150443250005,0.0,0.0,0.418045582266625,0.0,0.13934852742220835,0.418045582266625,0,0
12.799381727538568,176.6008020742749,-216.0347713139564,0.06458307898913442,0.008382352941176471,0.49235092101155165,0.06458307898913442,0.1884387843139542,0.49235092101155165,0,0
11.81347132144614,175.02646837287486,-215.23606330713807,0.0481015748992797,0.0075,0.45988136122385265,0.0481015748992797,0.17182764537437745,0.45988136122385265,0,0
11.512814875773888,175.54039566191284,-217.29666463450337,0.0,0.0,0.45644708086169217,0.0,0.1521490269538974,0.45644708086169217,0,0
14.23217416088984,180.39131071148083,-219.22791751921991,0.0,0.0,0.4439587886356541,0.0,0.14798626287855135,0.4439587886356541,0,0
12.514172969799649,177.0454959400768,-218.06089848900496,0.0,0.0,0.46893537308773026,0.0,0.15631179102924342,0.46893537308773026,0,0
11.560293528503523,175.80742228705395,-219.32828957028823,0.0,0.0,0.5245082734935997,0.0,0.17483609116453325,0.5245082734935997,0,0
12.566799247321672,177.29501787811236,-220.00910778031087,0.0,0.0,0.5251326881049017,0.0,0.17504422936830055,0.5251326881049017,0,0
13.507628876813737,179.02976814609892,-220.50769814400064,0.0,0.0,0.5045270059319388,0.0,0.1681756686439796,0.5045270059319388,0,0
14.139690686910193,180.6523197322716,-220.9437232359845,0.0,0.0,0.4655010927255698,0.0,0.15516703090852327,0.4655010927255698,0,0
14.560562215961252,182.41508192042767,-220.91418132899165,0.0,0.0,0.4420855448017484,0.0,0.14736184826724946,0.4420855448017484,0,0
8.357778004178398,171.30677857834857,-215.1247304360119,0.03918935416921011,0.006470588235294118,0.43896347174523886,0.03918935416921011,0.16154113804991435,0.43896347174523886,0,0
10.424151539081256,174.33069327909544,-218.61147760786915,0.0,0.0,0.5051514205432407,0.0,0.1683838068477469,0.5051514205432407,0,0
10.771108163429302,173.47731762049935,-214.4598043534972,0.04907825662312294,0.007352941176470588,0.4439587886356541,0.04907825662312294,0.1667966621450825,0.4439587886356541,0,0
9.4249583335519,172.66849858736737,-215.7503075157557,0.05640336955194726,0.007058823529411765,0.43771464252263503,0.05640336955194726,0.16705894520133135,0.43771464252263503,0,0
10.480975063052076,174.1067157061681,-216.52772168823395,0.0,0.0,0.45394942241648456,0.0,0.15131647413882818,0.45394942241648456,0,0
9.328169788278018,172.99128350369182,-217.9469843455484,0.0,0.0,0.49391195753980643,0.0,0.1646373191799355,0.49391195753980643,0,0
5.275958475403656,168.4399665863538,-214.8714672971027,0.02771334391405201,0.009411764705882352,0.5245082734935997,0.02771334391405201,0.18721112737117804,0.5245082734935997,0,0
12.877332457229516,177.58280319850917,-221.8811410301385,0.0,0.0,0.028723072119887606,0.0,0.009574357373295869,0.028723072119887606,0,0
13.681094717650094,179.32593111483106,-222.3298228635286,0.0,0.0,0.017171401810802372,0.0,0.005723800603600791,0.017171401810802372,0,0
13.29248214748006,177.95570031623353,-223.8234745814518,0.0,0.0,0.031220730565095223,0.0,0.010406910188365074,0.031220730565095223,0,0
11.818928874776768,175.860975455404,-221.4776004933812,0.0,0.0008823529411764706,0.06587574149235093,0.0008823529411764706,0.02225269814450913,0.06587574149235093,0,0
10.724765437235028,174.47919836658147,-220.7083048830216,0.0,0.006323529411764706,0.1429909459881361,0.006323529411764706,0.049771491799966934,0.1429909459881361,0,0
9.507560527149538,173.06976681904368,-220.0383458321417,0.0,0.0075,0.17827037152669373,0.0075,0.06192345717556458,0.17827037152669373,0,0
14.189226188641523,181.15224482352832,-222.5840318148772,0.0,0.0,0.02247892600686856,0.0,0.007492975335622854,0.02247892600686856,0,0
13.894485863535218,179.8220813020863,-224.22325981240945,0.0,0.0,0.029035279425538556,0.0,0.00967842647517952,0.029035279425538556,0,0
8.22526001771812,171.66591202666024,-217.17309037801948,0.0,0.0,0.4826724945363722,0.0,0.16089083151212405,0.4826724945363722,0,0
7.239958437641676,170.48415414535484,-216.28405933327247,0.0,0.0,0.4914142990945988,0.0,0.16380476636486627,0.4914142990945988,0,0
8.284020312771478,171.74240634710614,-219.3065206457222,0.0,0.007058823529411765,0.1941929441148923,0.007058823529411765,0.06708392254810135,0.1941929441148923,0,0
13.621597440891335,178.44417854317857,-225.83070389466587,0.0,0.0027941176470588237,0.06931002185451139,0.0027941176470588237,0.02403471316719007,0.06931002185451139,0,0
12.914351048379144,176.5159210486326,-225.394713336854,0.0,0.0045588235294117645,0.09896971589135185,0.0045588235294117645,0.03450951314025454,0.09896971589135185,0,0
12.333678472157557,176.08958860380022,-223.45403879137484,0.0,0.0,0.06150483921323759,0.0,0.020501613071079196,0.06150483921323759,0,0
11.888554545330624,174.7605477734636,-224.94073606154805,0.01562690758149188,0.006470588235294118,0.14923509210115515,0.01562690758149188,0.05711086263931372,0.14923509210115515,0,0
12.490620076984657,175.08382504696408,-226.98306624169,0.050543279208887806,0.0,0.0,0.0,0.016847759736295934,0.050543279208887806,0,0
13.309171528184269,177.03696128757193,-227.4005061073077,0.052130387010133075,0.0,0.0,0.0,0.017376795670044357,0.052130387010133075,0,0
12.876213427054182,175.61719352655714,-228.9294996960122,0.13392748138200464,0.0,0.01935685295035904,0.01935685295035904,0.05109477811078789,0.13392748138200464,0,0
6.852496591277974,170.26488797410337,-218.4017186967587,0.0,0.006470588235294118,0.21292538245394943,0.006470588235294118,0.07313199022974785,0.21292538245394943,0,0
5.905306843466954,169.24500496495548,-216.47684322264723,0.0321084116713466,0.0048529411764705885,0.5341866999687793,0.0321084116713466,0.19038268427219884,0.5341866999687793,0,0
4.415101472863485,168.0657714753948,-216.79685281551463,0.04858991576120132,0.009705882352941177,0.3406181704651889,0.04858991576120132,0.1329713228597771,0.3406181704651889,0,0
3.637561676605829,167.52096921199197,-218.72768105182243,0.08936637773165669,0.011176470588235295,0.418357789572276,0.08936637773165669,0.17296687929738933,0.418357789572276,0,0
5.224237920059508,168.74157451861183,-218.61647847193345,0.005249664265657429,0.008676470588235294,0.33093974399000936,0.008676470588235294,0.11495529294796736,0.33093974399000936,0,0
11.4217259688168,173.45987133814523,-226.56675424994003,0.040043950677572944,0.0,0.0,0.0,0.01334798355919098,0.040043950677572944,0,0
11.043619431240646,174.2849614901014,-222.86579149149523,0.0,0.0048529411764705885,0.14861067748985327,0.0048529411764705885,0.05115453955544128,0.14861067748985327,0,0
9.847012438566848,173.0979986706832,-221.69466971991125,0.0,0.006911764705882353,0.209178894786138,0.006911764705882353,0.07203021983067344,0.209178894786138,0,0
10.017192419209175,172.8198147933786,-223.20974511392225,0.0,0.007058823529411765,0.21292538245394943,0.007058823529411765,0.07332806866112039,0.21292538245394943,0,0
9.288117581993944,172.15115349852454,-222.6144534330724,0.0,0.0072058823529411765,0.2578832344676865,0.0072058823529411765,0.08836303894020923,0.2578832344676865,0,0
9.485239549084111,171.87466791236267,-224.1429112130557,0.02869002563789525,0.0,0.0,0.0,0.009563341879298417,0.02869002563789525,0,0
8.631008440684038,171.79334611906722,-221.2283977599884,0.0,0.007058823529411765,0.23696534498907273,0.007058823529411765,0.0813413895061615,0.23696534498907273,0,0
10.724909383521815,172.15181527711613,-227.99382278358863,0.08423879868147967,0.0,0.002497658445207618,0.002497658445207618,0.02891215237556243,0.08423879868147967,0,0
10.087227886667806,171.93887425605513,-226.05280436722705,0.02869002563789525,0.0,0.0,0.0,0.009563341879298417,0.02869002563789525,0,0
9.27428859197707,170.74900335930988,-227.3063282386818,0.05335123916493713,0.0,0.0,0.0,0.017783746388312375,0.05335123916493713,0,0
7.413191348493129,170.55531855982454,-220.88888194836449,0.0,0.0072058823529411765,0.30939743990009366,0.0072058823529411765,0.10553444075101161,0.30939743990009366,0,0
8.183718727435197,170.83915036790552,-222.97070518563464,0.050543279208887806,0.0,0.0,0.0,0.016847759736295934,0.050543279208887806,0,0
8.65870989597641,170.66755756828104,-225.25180277684723,0.02319619094127701,0.0,0.0,0.0,0.007732063647092336,0.02319619094127701,0,0
10.731883629757696,173.18998378917036,-224.68061344065768,0.020510316200708093,0.008529411764705883,0.20480799250702467,0.020510316200708093,0.07794924015747955,0.20480799250702467,0,0
12.260778372056354,174.21219039589676,-230.4078588289153,0.7365401049932853,0.9494117647058824,0.9946924758039338,0.9494117647058824,0.8935481151677004,0.9946924758039338,0,0
11.195216334446645,172.42593801601325,-229.9259451211434,0.7365401049932853,0.9494117647058824,0.9946924758039338,0.9494117647058824,0.8935481151677004,0.9946924758039338,0,0
10.183416410042588,171.21773298075638,-231.3519768912568,0.7364180197778049,0.9494117647058824,0.9940680611926319,0.9494117647058824,0.8932992818921064,0.9940680611926319,0,0
2.846530989460488,166.841928874993,-220.6270824279096,0.027591258698571604,0.0,0.0,0.0,0.0091970862328572,0.027591258698571604,0,0
4.505522772894464,167.9803898933506,-220.6432432434781,0.04724697839091686,0.0,0.0,0.0,0.015748992796972287,0.04724697839091686,0,0
5.99266961395455,169.23142382952864,-220.59142545257737,0.0,0.008529411764705883,0.3705900718076803,0.008529411764705883,0.1263731611907954,0.3705900718076803,0,0
6.903727451844341,169.65382325150657,-222.70181371394764,0.04382859235746551,0.0,0.0,0.0,0.014609530785821835,0.04382859235746551,0,0
3.799399329923865,167.187072544177,-222.6495920649683,0.024783298742522282,0.0,0.0,0.0,0.00826109958084076,0.024783298742522282,0,0
5.454224687542557,168.38919794487657,-222.7553300381217,0.029666707361738494,0.0,0.0,0.0,0.00988890245391283,0.029666707361738494,0,0
6.151456075974529,168.7035213118026,-224.052992919128,0.02405078744963985,0.0,0.0,0.0,0.00801692914987995,0.02405078744963985,0,0
4.72653874114525,167.56734083435367,-224.352200719212,0.02356244658771823,0.0,0.0,0.0,0.007854148862572742,0.02356244658771823,0,0
2.016740709676975,166.13175965472797,-222.506551093406,0.02319619094127701,0.0,0.0,0.0,0.007732063647092336,0.02319619094127701,0,0
7.380620060894317,169.600342804971,-224.7524438258796,0.0229520205103162,0.0,0.0,0.0,0.007650673503438733,0.0229520205103162,0,0
6.120657584545899,168.30814030142258,-226.06138032248583,0.027347088267610793,0.0,0.0,0.0,0.009115696089203597,0.027347088267610793,0,0
7.824839903111039,169.54646974819266,-226.75905117997848,0.033817604688072274,0.0,0.0,0.0,0.01127253489602409,0.033817604688072274,0,0
8.309606925023562,169.61973852489987,-228.85048529948,0.7364180197778049,0.9494117647058824,0.9940680611926319,0.9494117647058824,0.8932992818921064,0.9940680611926319,0,0
11.94292647169332,173.73475056506095,-228.47736186126,0.1170797216457087,0.0,0.017483609116453323,0.017483609116453323,0.04485444358738735,0.1170797216457087,0,0
2.9959071134338657,166.46640063064132,-224.2135747051045,0.02356244658771823,0.0,0.0,0.0,0.007854148862572742,0.02356244658771823,0,0
9.805991798240814,170.90115168541627,-229.39209214734345,0.7365401049932853,0.9494117647058824,0.9943802684982829,0.9494117647058824,0.8934440460658167,0.9943802684982829,0,0
8.714804324790723,169.8579572424305,-230.87806157991977,0.7364180197778049,0.9494117647058824,0.9940680611926319,0.9494117647058824,0.8932992818921064,0.9940680611926319,0,0
7.146804484209182,168.6777746983256,-230.35269617877287,0.7364180197778049,0.9494117647058824,0.9940680611926319,0.9494117647058824,0.8932992818921064,0.9940680611926319,0,0
4.155285411077461,166.95336773526918,-226.044752395967,0.36186057868392135,0.07691176470588235,0.5866375273181392,0.36186057868392135,0.34180329023598094,0.5866375273181392,0,0
4.986452940785602,167.3052073350259,-227.90973018452675,0.3863997069954829,0.07867647058823529,0.6137995629097721,0.3863997069954829,0.3596252468311634,0.6137995629097721,0,0
2.108334447732025,165.80038314077655,-225.84301058769807,0.3647906238554511,0.09897058823529412,0.5991258195441773,0.3647906238554511,0.35429567721164085,0.5991258195441773,0,0
1.083626195340593,165.45482783545694,-224.2497525582393,0.35539006226345987,0.09838235294117648,0.6009990633780831,0.35539006226345987,0.35159049286090643,0.6009990633780831,0,0
0.0900490526698404,164.85001570385225,-226.20487696101443,0.3718715663533146,0.1048529411764706,0.6197315017171402,0.3718715663533146,0.3654853364156418,0.6197315017171402,0,0
1.5704044382575175,165.43290367290714,-227.50751975534203,0.38578928091808085,0.10352941176470588,0.6187948798001873,0.38578928091808085,0.369371190827658,0.6187948798001873,0,0
6.749138778833067,168.47170298642993,-228.3192331884133,0.3898180930289342,0.07529411764705882,0.653137683421792,0.3898180930289342,0.37274996469926175,0.653137683421792,0,0
5.490145821285489,167.58054330913492,-229.8441159775748,0.7364180197778049,0.9494117647058824,0.9940680611926319,0.9494117647058824,0.8932992818921064,0.9940680611926319,0,0
0.1962264920820951,164.82440798923972,-228.45150680588293,0.3915272860456599,0.10558823529411765,0.6369029035279425,0.3915272860456599,0.37800614162257334,0.6369029035279425,0,0
-1.547541251704159,164.20140489326593,-227.8877992745807,0.3826150653155903,0.11397058823529412,0.6384639400561973,0.3826150653155903,0.3783498645356939,0.6384639400561973,0,0
3.775431969627596,166.56200370033082,-229.47999704986705,0.7364180197778049,0.9494117647058824,0.9940680611926319,0.9494117647058824,0.8932992818921064,0.9940680611926319,0,0
1.966894716730163,165.619156783837,-229.18617546616912,0.39934073983640583,0.10411764705882352,0.6440836715579145,0.39934073983640583,0.38251401948438124,0.6440836715579145,0,0
3.1427563475446307,166.22981202036453,-227.60326931503573,0.3848125991942376,0.0988235294117647,0.6084920387137059,0.3848125991942376,0.36404272243990277,0.6084920387137059,0,0
14.609466806743397,184.7712038653274,-220.9558008485957,0.0,0.0,0.4064939119575398,0.0,0.13549797065251326,0.4064939119575398,0,0
14.382381157099896,182.83985773163133,-222.48410560045969,0.0,0.0,0.023103340618170466,0.0,0.007701113539390156,0.023103340618170466,0,0
14.207420765185798,184.44946427847583,-223.0627320450618,0.0,0.0,0.015922572588198562,0.0,0.005307524196066188,0.015922572588198562,0,0
14.04166932721808,185.86300299186104,-222.7256956995895,0.0,0.0,0.01404932875429285,0.0,0.004683109584764283,0.01404932875429285,0,0
13.78374959575326,185.20833207660849,-224.49578657506905,0.0,0.0,0.01404932875429285,0.0,0.004683109584764283,0.01404932875429285,0,0
13.362183888420256,186.8736573598356,-224.50386416798108,0.0,0.0,0.008117389946924758,0.0,0.0027057966489749193,0.008117389946924758,0,0
14.140349696665655,181.81648104717684,-224.287925884654,0.0,0.0,0.02934748673118951,0.0,0.00978249557706317,0.02934748673118951,0,0
13.908224551662205,180.426387443746,-226.0704140277732,0.0,0.0002941176470588235,0.04402123009678426,0.0002941176470588235,0.01477178258128103,0.04402123009678426,0,0
14.066359648435457,183.40476100563592,-224.4789521468689,0.0,0.0,0.022791133312519512,0.0,0.007597044437506504,0.022791133312519512,0,0
13.560309843487737,184.14516450029336,-226.41004044989035,0.0,0.0,0.014673743365594755,0.0,0.004891247788531585,0.014673743365594755,0,0
13.150393580731617,185.9843351522017,-226.2925770843453,0.0,0.0,0.010615048392132375,0.0,0.0035383494640441253,0.010615048392132375,0,0
12.579349349087128,187.8085777284031,-226.28188776567671,0.0,0.0,0.002497658445207618,0.0,0.000832552815069206,0.002497658445207618,0,0
13.65264191934162,178.98471650483282,-227.7449737619592,0.022463679648394578,0.008382352941176471,0.1130190446456447,0.022463679648394578,0.04795502574507191,0.1130190446456447,0,0
12.951431215497182,184.9108102451799,-228.00319704943388,0.0,0.0,0.010615048392132375,0.0,0.0035383494640441253,0.010615048392132375,0,0
12.404638319039035,186.6399331564652,-228.1289422149002,0.0,0.0,0.004058694973462379,0.0,0.0013528983244874596,0.004058694973462379,0,0
11.600348595703965,187.2875976018805,-229.79775696079312,0.7365401049932853,0.9494117647058824,0.9946924758039338,0.9494117647058824,0.8935481151677004,0.9946924758039338,0,0
12.192438245773277,185.4087809871476,-229.82421818041263,0.7365401049932853,0.9494117647058824,0.9946924758039338,0.9494117647058824,0.8935481151677004,0.9946924758039338,0,0
11.709260997200923,188.6690799260004,-228.0568945020003,0.0,0.0,0.00031220730565095225,0.0,0.00010406910188365075,0.00031220730565095225,0,0
10.838281525079328,189.40459726277624,-229.70183462515016,0.7365401049932853,0.9494117647058824,0.9943802684982829,0.9494117647058824,0.8934440460658167,0.9943802684982829,0,0
13.863849897246164,182.3021797906392,-226.21350723114605,0.0,0.0,0.02934748673118951,0.0,0.00978249557706317,0.02934748673118951,0,0
13.617358158665224,181.0589235729093,-228.0386797389941,0.0,0.006176470588235294,0.06493911957539807,0.006176470588235294,0.02370519672121112,0.06493911957539807,0,0
13.353302218172695,182.93286945374047,-228.1371613956605,0.0,0.0016176470588235294,0.03246955978769903,0.0016176470588235294,0.011362402282174187,0.03246955978769903,0,0
12.766832001090194,183.8808763032741,-229.3888526874392,0.7366621902087657,0.9494117647058824,0.9946924758039338,0.9494117647058824,0.8935888102395273,0.9946924758039338,0,0
12.964536203455689,181.8615685237989,-230.07073890204484,0.7366621902087657,0.9494117647058824,0.9946924758039338,0.9494117647058824,0.8935888102395273,0.9946924758039338,0,0
13.286089319305727,177.5092008067965,-229.4591266164812,0.7369063606397265,0.9494117647058824,0.9950046831095848,0.9494117647058824,0.8937742694850646,0.9950046831095848,0,0
12.73376384594618,175.99764351663134,-231.0968441538186,0.7365401049932853,0.9494117647058824,0.9946924758039338,0.9494117647058824,0.8935481151677004,0.9946924758039338,0,0
12.077541453067932,183.79489458756137,-231.24887340507087,0.7365401049932853,0.9494117647058824,0.9946924758039338,0.9494117647058824,0.8935481151677004,0.9946924758039338,0,0
13.278592323521185,179.5658342388104,-229.8962392367395,0.7366621902087657,0.9494117647058824,0.9950046831095848,0.9494117647058824,0.893692879341411,0.9950046831095848,0,0
11.437041669071638,185.89334236866856,-231.3304266544459,0.7364180197778049,0.9494117647058824,0.9943802684982829,0.9494117647058824,0.89340335099399,0.9943802684982829,0,0
10.74412563461182,187.9935722219435,-231.32442096483643,0.7364180197778049,0.9494117647058824,0.9940680611926319,0.9494117647058824,0.8932992818921064,0.9940680611926319,0,0
9.899727345415592,190.06693113381544,-231.3411573179887,0.7364180197778049,0.9494117647058824,0.9940680611926319,0.9494117647058824,0.8932992818921064,0.9940680611926319,0,0
16.575536294103234,180.9986187179992,-214.7674978499087,0.06739103894518374,0.009411764705882352,0.5600999063378083,0.06739103894518374,0.21230090332962478,0.5600999063378083,0,0
16.644029996248303,182.9668946622104,-215.4508630882399,0.05872298864607496,0.00926470588235294,0.5388698095535436,0.05872298864607496,0.2022858346939905,0.5388698095535436,0,0
15.655072533411994,181.43846340581155,-216.5039346125237,0.06031009644732023,0.00926470588235294,0.5457383702778645,0.06031009644732023,0.20510439086917923,0.5457383702778645,0,0
14.189926521084448,177.5087470854007,-215.03969723677835,0.06385056769625198,0.008529411764705883,0.5039025913206369,0.06385056769625198,0.19209419026053157,0.5039025913206369,0,0
15.17705669030684,179.28006446234104,-215.48836396463048,0.0640947381272128,0.00926470588235294,0.5195129566031845,0.0640947381272128,0.19762413353758343,0.5195129566031845,0,0
15.761886688872083,183.3699994565732,-217.28273802165484,0.0,0.0,0.4064939119575398,0.0,0.13549797065251326,0.4064939119575398,0,0
10.32573033376345,193.69734489302203,-223.80033390074576,0.0,0.0,0.0,0.0,0.0,0.0,0,0
9.791831708144928,194.68409908247872,-222.9214468795093,0.0,0.0,0.0,0.0,0.0,0.0,0,0
10.789085137701004,193.59562976200075,-222.5939194030003,0.0,0.0,0.0,0.0,0.0,0.0,0,0
11.039836655621777,192.66562597846035,-223.83046661180063,0.0,0.0,0.0,0.0,0.0,0.0,0,0
9.270510902638126,194.60102414692165,-224.4939632839429,0.0,0.0,0.0,0.0,0.0,0.0,0,0
8.484287954354846,195.74294590833588,-223.15739870731016,0.0,0.0,0.0,0.0,0.0,0.0,0,0
7.953976195874335,195.60100766517243,-224.5251911415614,0.0,0.0,0.0,0.0,0.0,0.0,0,0
10.25730453217994,193.1558718471677,-225.2505799278636,0.0,0.0,0.0,0.0,0.0,0.0,0,0
8.023850161867266,195.0157086260223,-226.0157061073588,0.0,0.0,0.0,0.0,0.0,0.0,0,0
11.298637967381078,191.54203193380312,-225.1792209070324,0.0,0.0,0.0,0.0,0.0,0.0,0,0
9.254618185826311,193.80109413113752,-226.5160739877368,0.0,0.0,0.0,0.0,0.0,0.0,0,0
8.148528744023425,194.2331672945648,-227.8249672618205,0.11170797216457087,0.0072058823529411765,0.07118326568841711,0.07118326568841711,0.06336570673530972,0.11170797216457087,0,0
11.536119228392945,190.1664198689328,-226.61807442676687,0.0,0.0,0.0,0.0,0.0,0.0,0,0
10.354931996038705,192.09078574335928,-227.1232268423473,0.0,0.0,0.0,0.0,0.0,0.0,0,0
9.221399471033694,193.05541903946724,-228.25529318329444,0.0758149188133317,0.0008823529411764706,0.03215735248204808,0.03215735248204808,0.03628487474551875,0.0758149188133317,0,0
8.161502850448073,193.48158566414853,-229.5861226154593,0.07935539006226346,0.003676470588235294,0.0555729004058695,0.0555729004058695,0.046201587018789424,0.07935539006226346,0,0
9.10353284689452,192.3992099436508,-229.815290591292,0.7364180197778049,0.9494117647058824,0.9940680611926319,0.9494117647058824,0.8932992818921064,0.9940680611926319,0,0
9.895920495047068,191.86948274934483,-228.78915251044867,0.06458307898913442,0.0,0.007492975335622854,0.007492975335622854,0.024025351441585754,0.06458307898913442,0,0
9.996666731784336,191.0025742883873,-229.89448751408577,0.7364180197778049,0.9494117647058824,0.9940680611926319,0.9494117647058824,0.8932992818921064,0.9940680611926319,0,0
10.81721669793745,190.5061591266536,-228.34233664239804,0.06262971554144793,0.0,0.0,0.0,0.02087657184714931,0.06262971554144793,0,0
8.087400298185107,192.7803856596265,-231.22007442237404,0.7364180197778049,0.9494117647058824,0.9943802684982829,0.9494117647058824,0.89340335099399,0.9943802684982829,0,0
9.02714382581224,191.5541692841463,-231.41900524245327,0.7364180197778049,0.9494117647058824,0.9940680611926319,0.9494117647058824,0.8932992818921064,0.9940680611926319,0,0
8.862213240597843,197.9868818137092,-215.2344179800764,0.0,0.0,0.17296284733062753,0.0,0.05765428244354251,0.17296284733062753,0,0
8.701059106259624,197.65433255891384,-217.0130357093555,0.0,0.0,0.1726506400249766,0.0,0.057550213341658864,0.1726506400249766,0,0
10.259068885044748,196.9478659780852,-214.7061833898684,0.0,0.0,0.17296284733062753,0.0,0.05765428244354251,0.17296284733062753,0,0
9.857641854219406,197.002467355875,-216.00820283857323,0.0,0.0,0.17358726194192944,0.0,0.057862420647309815,0.17358726194192944,0,0
11.221772069398275,195.65992832773927,-215.7953611054544,0.0,0.0,0.17858257883234468,0.0,0.05952752627744823,0.17858257883234468,0,0
12.5962178824969,194.23175852866555,-214.8028349774763,0.0,0.0,0.18357789572275993,0.0,0.06119263190758664,0.18357789572275993,0,0
12.333846853194435,194.01794803410263,-216.39514148003545,0.0,0.0,0.1863877614736185,0.0,0.062129253824539495,0.1863877614736185,0,0
10.10606229394924,196.29081299509403,-217.66369933752225,0.0,0.0,0.17733374960974088,0.0,0.059111249869913625,0.17733374960974088,0,0
8.57847279932156,197.24256004029945,-218.6680953258262,0.0,0.0,0.0,0.0,0.0,0.0,0,0
13.562268289601429,192.4262656570009,-215.7064355940004,0.0,0.0,0.19231970028098658,0.0,0.06410656676032886,0.19231970028098658,0,0
12.697565890078574,192.9681253083564,-217.5591001158684,0.0,0.0,0.18982204183577897,0.0,0.06327401394525965,0.18982204183577897,0,0
11.395439064594497,194.65453597671527,-218.10951844187943,0.0,0.0,0.18357789572275993,0.0,0.06119263190758664,0.18357789572275993,0,0
11.932780539355829,193.35616178180348,-219.4065251844764,0.0,0.0,0.1888854199188261,0.0,0.0629618066396087,0.1888854199188261,0,0
10.702370880439537,194.7436060112344,-220.1362493729691,0.0,0.0,0.0,0.0,0.0,0.0,0,0
8.324241689637134,196.8261892580656,-220.42511285805384,0.0,0.0,0.0,0.0,0.0,0.0,0,0
9.938340985072184,195.9182519796488,-219.2667470948533,0.0,0.0,0.17889478613799564,0.0,0.05963159537933188,0.17889478613799564,0,0
9.46574207056331,195.6148524788152,-221.3465276188905,0.0,0.0,0.0,0.0,0.0,0.0,0,0
10.470686306097594,194.4095581948364,-221.66040718022785,0.0,0.0,0.0,0.0,0.0,0.0,0,0
11.300183850518009,193.54001089184635,-221.0872107223533,0.0,0.0,0.0,0.0,0.0,0.0,0,0
8.016001010336037,196.52814618682007,-221.81962080154457,0.0,0.0,0.0,0.0,0.0,0.0,0,0
14.59378520198353,191.33842159837187,-214.4208004369877,0.0,0.0,0.19231970028098658,0.0,0.06410656676032886,0.19231970028098658,0,0
14.253039290230438,190.77395030032227,-216.4817473375501,0.0,0.0,0.18732438339057134,0.0,0.062441461130190445,0.18732438339057134,0,0
15.206457543490206,189.6130578137849,-215.3553832906374,0.0,0.0,0.18357789572275993,0.0,0.06119263190758664,0.18357789572275993,0,0
16.396432943169483,184.58197717938145,-216.0184267195602,0.05115370528628983,0.008529411764705883,0.49547299406806117,0.05115370528628983,0.18505203703968562,0.49547299406806117,0,0
16.7203403120992,186.3058929299121,-214.6810934481706,0.02405078744963985,0.0048529411764705885,0.41773337496097407,0.02405078744963985,0.14887903452902818,0.41773337496097407,0,0
15.615111446053684,187.948061826838,-216.1010426727564,0.0,0.0,0.19263190758663754,0.0,0.06421063586221251,0.19263190758663754,0,0
15.75337809633996,186.136939233006,-217.00758879335348,0.0,0.0,0.22322822354043084,0.0,0.07440940784681029,0.22322822354043084,0,0
15.69759768777852,184.67969456780804,-217.563048378341,0.0,0.0,0.33999375585388697,0.0,0.11333125195129566,0.33999375585388697,0,0
14.777916294810632,189.0502625447845,-217.23387519616472,0.0,0.0,0.18357789572275993,0.0,0.06119263190758664,0.18357789572275993,0,0
15.114021507572236,187.26437434008488,-217.9472565115942,0.0,0.0,0.2085544801748361,0.0,0.0695181600582787,0.2085544801748361,0,0
15.23061927249423,185.4323097358005,-218.6111506830493,0.0,0.0,0.3097096472057446,0.0,0.10323654906858154,0.3097096472057446,0,0
13.479715465035504,191.63631168736885,-217.49843794610587,0.0,0.0,0.189509834530128,0.0,0.063169944843376,0.189509834530128,0,0
13.858153485623443,190.4437783190114,-218.20061942137315,0.0,0.0,0.18420231033406181,0.0,0.06140077011135394,0.18420231033406181,0,0
14.312491666144616,188.8163117394249,-218.85630950267185,0.0,0.0,0.1888854199188261,0.0,0.0629618066396087,0.1888854199188261,0,0
14.82360523241296,185.47148266774656,-219.83535868435047,0.0,0.0,0.32844208554480175,0.0,0.10948069518160058,0.32844208554480175,0,0
14.279416377408763,186.4770117789694,-221.19255050768936,0.0,0.0,0.2916016234779894,0.0,0.0972005411593298,0.2916016234779894,0,0
14.689243800412989,186.95696094892224,-219.3759246260362,0.0,0.0,0.2163596628161099,0.0,0.07211988760536997,0.2163596628161099,0,0
13.726259706675805,188.6287662053423,-221.000475036474,0.0,0.0,0.19856384639400562,0.0,0.06618794879800187,0.19856384639400562,0,0
13.423304846096205,190.31187875106744,-219.7979924508813,0.0,0.0,0.1851389322510147,0.0,0.0617129774170049,0.1851389322510147,0,0
12.670779309537872,190.7565795526147,-221.69317018040127,0.0,0.0,0.0,0.0,0.0,0.0,0,0
12.972734242490183,191.7813701201377,-218.93034931913223,0.0,0.0,0.18982204183577897,0.0,0.06327401394525965,0.18982204183577897,0,0
12.428739233321586,191.90154401406696,-220.5497316830665,0.0,0.0,0.1888854199188261,0.0,0.0629618066396087,0.1888854199188261,0,0
11.686337660205384,192.33697329659896,-222.2807664842988,0.0,0.0,0.0,0.0,0.0,0.0,0,0
11.950157352118456,191.2328644145736,-223.44649719263003,0.0,0.0,0.0,0.0,0.0,0.0,0,0
12.83376850963185,189.4959875749418,-223.0793613888992,0.0,0.0,0.0018732438339057135,0.0,0.0006244146113019045,0.0018732438339057135,0,0
13.569510581777497,187.63556394383605,-222.78338562308576,0.0,0.0,0.015922572588198562,0.0,0.005307524196066188,0.015922572588198562,0,0
12.783807958064113,188.53422283793387,-224.62355411338,0.0,0.0,0.005931938807368093,0.0,0.001977312935789364,0.005931938807368093,0,0
12.149588402994572,189.11553658081024,-226.07012579168432,0.0,0.0,0.001248829222603809,0.0,0.000416276407534603,0.001248829222603809,0,0
12.038693034783464,190.1307508638945,-224.97820346431408,0.0,0.0,0.0,0.0,0.0,0.0,0,0
-16.97823240796214,185.4182466268261,-211.58431827156053,0.16176291051153704,0.0,0.0,0.0,0.053920970170512346,0.16176291051153704,0,0
-16.90987127610112,186.9536389070001,-211.5119512509997,0.13197411793431815,0.0,0.0,0.0,0.043991372644772715,0.13197411793431815,0,0
-17.270406673981352,186.0767577770044,-212.82912974813752,0.35929678915883284,0.04073529411764706,0.7080861692163597,0.35929678915883284,0.36937275083094656,0.7080861692163597,0,0
-17.3320095383255,184.50572001112232,-212.9692693078844,0.344890733732145,0.038088235294117645,0.7102716203559163,0.344890733732145,0.36441686312739296,0.7102716203559163,0,0
-16.923736468953752,183.84912225299857,-211.8425958315456,0.18276156757416676,0.0,0.0,0.0,0.06092052252472225,0.18276156757416676,0,0
-17.24178415146152,183.3501425297337,-213.0150939237977,0.34537907459406664,0.03823529411764706,0.7133936934124259,0.34537907459406664,0.36566935404137985,0.7133936934124259,0,0
-16.76936746461708,182.1903691389781,-212.2762485389355,0.18324990843608838,0.0,0.0,0.0,0.06108330281202946,0.18324990843608838,0,0
-17.45383595769798,185.2442889069813,-214.0889383122028,0.3682090098889024,0.04191176470588235,0.7308773025288792,0.3682090098889024,0.3803326923745547,0.7308773025288792,0,0
-17.476246984905117,183.71713551967545,-213.98153873123488,0.36222683433036257,0.040882352941176474,0.7333749609740868,0.36222683433036257,0.3788280494152086,0.7333749609740868,0,0
-17.30836682405511,182.2265532672168,-213.8988705431321,0.3702844585520693,0.04147058823529412,0.7308773025288792,0.3702844585520693,0.3808774497720808,0.7308773025288792,0,0
-16.533341349889103,180.45525584187064,-212.86417567782365,0.37370284458552067,0.039411764705882354,0.7012176084920387,0.37370284458552067,0.3714440725944806,0.7012176084920387,0,0
-16.996031916884075,180.15663585928584,-214.30704866818755,0.3887193260896106,0.042205882352941176,0.7211988760536997,0.3887193260896106,0.3840413614987505,0.7211988760536997,0,0
-16.233350728870843,178.7099994882797,-213.5699269624413,0.37345867415455986,0.039411764705882354,0.6965344989072745,0.37345867415455986,0.3698016459225722,0.6965344989072745,0,0
-15.88876111320095,176.98029255499955,-214.3619582799996,0.3654010499328531,0.037941176470588235,0.6778020605682173,0.3654010499328531,0.3603814289905529,0.6778020605682173,0,0
-16.982429334412632,187.63012162791944,-214.0731807163312,0.3870101330728849,0.047205882352941174,0.7418045582266625,0.3870101330728849,0.39200685788416284,0.7418045582266625,0,0
-16.924757388805194,187.98786593331835,-212.7469756177378,0.11964351117079722,0.0,0.0,0.0,0.03988117039026574,0.11964351117079722,0,0
-16.60311689835724,188.7547292525151,-214.1512859999495,0.38835307044316936,0.053088235294117644,0.7533562285357477,0.38835307044316936,0.3982658447576782,0.7533562285357477,0,0
-17.15134630690235,187.0612606575985,-213.09633922495703,0.3721157367842754,0.04294117647058823,0.7133936934124259,0.3721157367842754,0.37615020222242984,0.7133936934124259,0,0
-17.26484918868308,186.4699608004476,-214.06079448975595,0.37919667928213896,0.043676470588235296,0.7346237901966906,0.37919667928213896,0.38583231335568824,0.7346237901966906,0,0
-4.940823405573663,178.036465003082,-199.9635641252888,1.0,1.0,1.0,1.0,1.0,1.0,1,1
-4.340365872400672,177.0604441057139,-199.8432985802449,1.0,1.0,1.0,1.0,1.0,1.0,1,1
-2.92132668170827,174.28927818138854,-200.03168113807988,1.0,1.0,1.0,1.0,1.0,1.0,1,1
-3.474749383983548,175.17841464765576,-200.0533156274153,1.0,1.0,1.0,1.0,1.0,1.0,1,1
-3.94139395587313,176.0885753284534,-199.9901807879018,1.0,1.0,1.0,1.0,1.0,1.0,1,1
-6.229252170747321,180.95281132804485,-200.13819020822515,0.25357099255280185,0.0961764705882353,0.9359975023415548,0.25357099255280185,0.42858165516086394,0.9359975023415548,0,0
-6.436491259441177,182.1680711673391,-200.08530425831685,0.24807715785618362,0.09176470588235294,0.9066500156103653,0.24807715785618362,0.4154972931163006,0.9066500156103653,0,0
-5.873510759049173,179.8247807996436,-200.133868255819,1.0,1.0,1.0,1.0,1.0,1.0,1,1
-6.7956175147408,180.05648068090966,-200.988783726964,0.21865462092540594,0.07735294117647058,0.9381829534811115,0.21865462092540594,0.4113968385276627,0.9381829534811115,0,0
-5.451488267766854,178.87318463431973,-200.0959529167471,1.0,1.0,1.0,1.0,1.0,1.0,1,1
-6.262511979998529,179.0110273201242,-200.90712826246485,0.6161640825296056,0.10441176470588236,0.9653449890727444,0.6161640825296056,0.5619736121027441,0.9653449890727444,0,0
-5.077559375873687,177.35479506522483,-200.5243887921533,1.0,1.0,1.0,1.0,1.0,1.0,1,1
-5.686565330132467,178.0593010550532,-200.79206291213168,1.0,1.0,1.0,1.0,1.0,1.0,1,1
-4.802817005694271,176.47627836448245,-200.77547890378324,1.0,1.0,1.0,1.0,1.0,1.0,1,1
-4.295222136330606,175.44956921616662,-200.89164334973668,1.0,1.0,1.0,1.0,1.0,1.0,1,1
-3.6936831941199664,174.43194685686635,-200.92421209070915,1.0,1.0,1.0,1.0,1.0,1.0,1,1
-3.0393678400212725,173.46022384999912,-200.87968040199905,1.0,1.0,1.0,1.0,1.0,1.0,1,1
-3.8697568610247504,173.6410070493939,-201.82877797360925,1.0,1.0,1.0,1.0,1.0,1.0,1,1
-6.600625667916494,178.06280868437457,-201.80833922739555,0.5554877304358442,0.08338235294117648,0.9628473306275367,0.5554877304358442,0.5339058046681858,0.9628473306275367,0,0
-5.759908632017574,176.9924144088068,-201.54593682414725,1.0,1.0,1.0,1.0,1.0,1.0,1,1
-7.447669615020843,182.70957107598025,-200.86642644025764,0.1770235624465877,0.06926470588235294,0.8666874804870434,0.1770235624465877,0.3709919162719946,0.8666874804870434,0,0
-7.191858799234203,181.33801785761432,-200.9432782336781,0.19081919179587353,0.07220588235294118,0.9097720886668748,0.19081919179587353,0.3909323876052298,0.9097720886668748,0,0
-7.224539163401404,179.05523617794145,-201.91541321887345,0.17519228421438163,0.07102941176470588,0.9353730877302529,0.17519228421438163,0.39386492790311345,0.9353730877302529,0,0
-7.790557107134989,180.3323178788416,-201.88212444173865,0.11830057380051276,0.0625,0.9097720886668748,0.11830057380051276,0.3635242208224625,0.9097720886668748,0,0
-6.676099005833735,177.20636510080033,-202.45332152558265,0.18422659015993162,0.07147058823529412,0.9425538557602248,0.18422659015993162,0.3994170113851501,0.9425538557602248,0,0
-8.27079454073085,179.27289843721798,-202.9161056580436,0.09302893419606885,0.05073529411764706,0.8935373087730253,0.09302893419606885,0.3457671790289137,0.8935373087730253,0,0
-7.4634722280414145,178.00029676315896,-202.8092567597777,0.13014283970211207,0.06676470588235293,0.9185138932251015,0.13014283970211207,0.3718071462698555,0.9185138932251015,0,0
-5.189263573913202,175.74777438387906,-201.7630515102272,1.0,1.0,1.0,1.0,1.0,1.0,1,1
-6.216953289440117,176.13962951093174,-202.69860663215664,0.45244780857038214,0.07323529411764707,0.9581642210427724,0.45244780857038214,0.4946157745769339,0.9581642210427724,0,0
-5.53755797848025,174.97833620996678,-202.80892877425288,1.0,1.0,1.0,1.0,1.0,1.0,1,1
-4.58129077177988,174.6678918477668,-201.86474735760527,1.0,1.0,1.0,1.0,1.0,1.0,1,1
-4.765327077514451,173.82827719442918,-202.8420152511773,1.0,1.0,1.0,1.0,1.0,1.0,1,1
-3.0655311615399445,172.66718243605075,-201.67223367507785,1.0,1.0,1.0,1.0,1.0,1.0,1,1
-3.950909908418012,172.80664341700913,-202.75480127507225,1.0,1.0,1.0,1.0,1.0,1.0,1,1
-2.990111986324056,171.81198138985025,-202.5205386279257,1.0,1.0,1.0,1.0,1.0,1.0,1,1
-2.7937704295311803,170.93138210327356,-203.3931010612771,1.0,1.0,1.0,1.0,1.0,1.0,1,1
-3.9438407571687537,171.9107134365729,-203.7617896924306,1.0,1.0,1.0,1.0,1.0,1.0,1,1
-8.604297289798426,183.30686037614905,-201.74652507476,0.08216335001831278,0.04279411764705882,0.7964408367155792,0.08216335001831278,0.3071327681269836,0.7964408367155792,0,0
-8.26895067423905,181.75956216366964,-201.82329410543605,0.08936637773165669,0.04808823529411765,0.869497346237902,0.08936637773165669,0.33565065308789216,0.869497346237902,0,0
-8.937260760115345,180.6321907359152,-202.91621893897627,0.0804541570015871,0.043823529411764706,0.836715579144552,0.0804541570015871,0.32033108851930125,0.836715579144552,0,0
-9.415941234963189,179.43418781366773,-204.06449886086784,0.014528140642168234,0.002352941176470588,0.5138932251014674,0.014528140642168234,0.17692476897336873,0.5138932251014674,0,0
-9.89944953273623,183.9595741831264,-202.7763472560829,0.0,0.0,0.4295972525757103,0.0,0.14319908419190344,0.4295972525757103,0,0
-9.50472573995207,182.2291474740817,-202.8488925398675,0.0,0.0,0.46175460505775834,0.0,0.15391820168591944,0.46175460505775834,0,0
-10.220842703224864,181.0272480768192,-204.06591213222103,0.02136491270907093,0.003088235294117647,0.4783015922572588,0.02136491270907093,0.16758491342014914,0.4783015922572588,0,0
-5.7967262894303655,174.02464664630878,-204.0109139484347,0.3872543035038457,0.05338235294117647,0.9066500156103653,0.3872543035038457,0.44909555735179585,0.9066500156103653,0,0
-6.545736622682129,175.22975105959804,-203.8514766198995,0.4094738127212795,0.04823529411764706,0.9260068685607243,0.4094738127212795,0.46123865846655027,0.9260068685607243,0,0
-7.377186884485861,176.68507961994663,-203.65279048213185,0.09766817238432426,0.051470588235294115,0.9038401498595067,0.09766817238432426,0.3509929701597083,0.9038401498595067,0,0
-8.50942725775306,177.9829303492697,-204.00141554967365,0.09131974117934318,0.045588235294117645,0.8257883234467687,0.09131974117934318,0.3208987666400765,0.8257883234467687,0,0
-7.549007373414373,175.6258006257581,-204.7451305394032,0.0756928335978513,0.045,0.8251639088354668,0.0756928335978513,0.315285580811106,0.8251639088354668,0,0
-6.934766643904028,174.31658974506158,-205.2064465854353,0.06458307898913442,0.043823529411764706,0.7930065563534187,0.06458307898913442,0.30047105491810594,0.7930065563534187,0,0
-3.699913283704475,170.9504405168041,-204.6850004211653,0.8165059211329508,0.9494117647058824,1.0,0.9494117647058824,0.9219725619462777,1.0,0,0
-2.465233184925792,170.05417667351327,-204.2699107050354,1.0,1.0,1.0,1.0,1.0,1.0,1,1
-4.810381729164786,171.82243738513532,-205.11178747947807,0.3329263826150653,0.04191176470588235,0.7805182641273806,0.3329263826150653,0.38511880381610936,0.7805182641273806,0,0
-3.0759864475049707,169.96042958984043,-205.323966321294,0.8165059211329508,0.9494117647058824,1.0,0.9494117647058824,0.9219725619462777,1.0,0,0
-1.9959952769309448,169.20438833099868,-205.1394456469993,0.8165059211329508,0.9511764705882353,1.0,0.9511764705882353,0.9225607972403953,1.0,1,0
-2.988593934515346,169.30164315943836,-206.40687832109188,0.3911610303992187,0.03676470588235294,0.6802997190134249,0.3911610303992187,0.36940848509833213,0.6802997190134249,0,0
-5.915736883346704,172.9920195449168,-205.2562974039662,0.3401294103284092,0.042352941176470586,0.7870746175460506,0.3401294103284092,0.3898523230169768,0.7870746175460506,0,0
-4.86968045628958,172.89240605530935,-203.9300348188473,0.3741911854474423,0.05367647058823529,0.8935373087730253,0.3741911854474423,0.440468321602901,0.8935373087730253,0,0
-4.344086218585688,170.47549182153307,-206.35375181511185,0.34989622756684163,0.038088235294117645,0.7118326568841711,0.34989622756684163,0.3666057065817101,0.7118326568841711,0,0
-5.865742162278658,171.84713524542116,-206.58640155787555,0.07532657795141008,0.04294117647058823,0.751795192007493,0.07532657795141008,0.2900209821431638,0.751795192007493,0,0
-7.211361230883254,173.31324629248695,-206.6455287958656,0.06910023196190941,0.04205882352941177,0.7496097408679363,0.06910023196190941,0.2869229321197525,0.7496097408679363,0,0
-8.622002324628767,176.74745343564763,-205.0816404572204,0.008912220730069588,0.0017647058823529412,0.5232594442709959,0.008912220730069588,0.1779787902944728,0.5232594442709959,0,0
-9.746742007295587,178.223129795515,-205.2488549487424,0.014772311073129044,0.0013235294117647058,0.4889166406493912,0.014772311073129044,0.16833749371142834,0.4889166406493912,0,0
-4.093647316231191,169.41423236797115,-207.8386479546562,0.41130509095348555,0.04279411764705882,0.6759288167343116,0.41130509095348555,0.376676008444952,0.6759288167343116,0,0
-10.856791970792742,182.78306690341373,-204.0045061764873,0.0004883408619216213,0.0008823529411764706,0.4495785201373712,0.0008823529411764706,0.15031640464682308,0.4495785201373712,0,0
-11.320893045634596,184.6571425225753,-203.98793220320388,0.008545965083628372,0.0,0.4470808616921636,0.008545965083628372,0.151875608925264,0.4470808616921636,0,0
-11.573972493825243,181.4429335869765,-205.3312249747721,0.0,0.0,0.40805494848579454,0.0,0.13601831616193152,0.40805494848579454,0,0
-12.755940215916656,185.33712439307217,-205.33717975975927,0.0,0.0,0.4386512644395879,0.0,0.1462170881465293,0.4386512644395879,0,0
-12.244320227896994,183.3117428081032,-205.2875871278648,0.0,0.0,0.4239775210739931,0.0,0.1413258403579977,0.4239775210739931,0,0
-10.716914131879822,179.79195556948983,-205.2937522947605,0.02795751434501282,0.003823529411764706,0.45082734935997504,0.02795751434501282,0.16086946437225086,0.45082734935997504,0,0
-12.01708146932314,180.3161031889656,-206.46863647518168,0.0,0.0,0.4280362160474555,0.0,0.14267873868248518,0.4280362160474555,0,0
-8.454695923291188,175.09031631701262,-206.3781776484148,0.005249664265657429,0.0,0.4857945675928817,0.005249664265657429,0.16368141061951305,0.4857945675928817,0,0
-5.682151762567049,170.71464236192045,-207.94472362338053,0.0850933951898425,0.04352941176470588,0.7308773025288792,0.0850933951898425,0.28650003649447586,0.7308773025288792,0,0
-7.181544101641569,172.085068281354,-208.10901475643345,0.0,0.0007352941176470588,0.4352169840774274,0.0007352941176470588,0.14531742606502482,0.4352169840774274,0,0
-8.554617149516163,173.63616760721754,-208.04119520302527,0.0,0.0,0.4823602872307212,0.0,0.1607867624102404,0.4823602872307212,0,0
-14.120098356012509,185.9520806962649,-206.80250619257083,0.0,0.0,0.49297533562285356,0.0,0.16432511187428453,0.49297533562285356,0,0
-13.585377184247657,183.8624456857584,-206.6369445830289,0.0,0.0,0.45145176397127695,0.0,0.15048392132375898,0.45145176397127695,0,0
-12.859690204268826,181.94080682471147,-206.5626658253821,0.0,0.0,0.43771464252263503,0.0,0.14590488084087835,0.43771464252263503,0,0
-13.094912877928431,180.7485814907028,-207.50383484778283,0.0,0.0,0.44583203246955977,0.0,0.14861067748985327,0.44583203246955977,0,0
-9.928489160353454,176.81393930521682,-206.5956896393521,0.011598095470638505,0.0,0.45738370277864504,0.011598095470638505,0.15632726608309452,0.45738370277864504,0,0
-11.133531386224991,178.5982432134165,-206.59499665166263,0.0,0.0,0.4289728379644084,0.0,0.14299094598813614,0.4289728379644084,0,0
-12.611654743107946,179.2518487314743,-207.89960939174827,0.0,0.0,0.0,0.0,0.0,0.0,0,0
-10.029078614914935,175.3526016385841,-208.07657559907136,0.0,0.0,0.46581330003122073,0.0,0.15527110001040692,0.46581330003122073,0,0
-5.31638986690819,169.52832460825877,-209.4257564559123,0.0,0.007058823529411765,0.44146113019044647,0.007058823529411765,0.14950665123995274,0.44146113019044647,0,0
-14.781978101974282,184.3823116606445,-207.99421253094872,0.0,0.0,0.029035279425538556,0.0,0.00967842647517952,0.029035279425538556,0,0
-15.34090302225598,186.4692679071864,-208.3617667903348,0.0,0.005147058823529412,0.06806119263190759,0.005147058823529412,0.024402750485145664,0.06806119263190759,0,0
-15.993430383265649,185.1947501335488,-209.58614527759755,0.0,0.0029411764705882353,0.048079925070246644,0.0029411764705882353,0.01700703384694496,0.048079925070246644,0,0
-6.941346874961269,170.82368569369234,-209.55821684368888,0.0,0.0,0.45582266625039025,0.0,0.1519408887501301,0.45582266625039025,0,0
-8.438336603366864,172.19349351646565,-209.6349868242222,0.0,0.0,0.46175460505775834,0.0,0.15391820168591944,0.46175460505775834,0,0
-9.831557625772623,173.68013808400408,-209.5911332106877,0.0,0.0,0.031532937870746174,0.0,0.010510979290248725,0.031532937870746174,0,0
-14.15949919482854,182.2122014101668,-208.04533754426748,0.0,0.0,0.0009366219169528567,0.0,0.00031220730565095225,0.0009366219169528567,0,0
-13.945021720853026,180.29349738987503,-208.8772827957453,0.0,0.0,0.0,0.0,0.0,0.0,0,0
-11.628202299900233,177.1972427584928,-208.32040877361524,0.0,0.0,0.46737433655947547,0.0,0.15579144551982516,0.46737433655947547,0,0
-13.29253468894,178.35341865749712,-209.4346979677969,0.0,0.0,0.0,0.0,0.0,0.0,0,0
-11.357949504149286,175.30740449934967,-209.72906300558844,0.0,0.0,0.009990633780830472,0.0,0.003330211260276824,0.009990633780830472,0,0
-6.611054111544144,169.61382123152893,-211.07538773035947,0.08692467342204858,0.00823529411764706,0.17233843271932564,0.08692467342204858,0.08916613341967376,0.17233843271932564,0,0
-8.284576390177666,170.89280112024224,-211.2079575576413,0.06079843730924185,0.005588235294117647,0.12300967842647519,0.06079843730924185,0.0631321170099449,0.12300967842647519,0,0
-15.424515015173348,183.39559345049616,-209.2692594581869,0.0,0.0,0.026849828285981894,0.0,0.008949942761993965,0.026849828285981894,0,0
-16.292776764740687,186.8312677624716,-209.92740950478816,0.13441582224392626,0.0,0.0,0.0,0.04480527408130875,0.13441582224392626,0,0
-16.623826101395437,185.8384103314906,-210.66314941019388,0.15346111585886948,0.0,0.0,0.0,0.051153705286289826,0.15346111585886948,0,0
-16.247080971710766,183.93662380020183,-210.3984280297801,0.1898425100720303,0.0,0.0,0.0,0.06328083669067676,0.1898425100720303,0,0
-16.596339495976288,184.88984033760445,-210.7665776541099,0.17372726162861676,0.0,0.0,0.0,0.05790908720953892,0.17372726162861676,0,0
-9.7675805588905,172.26120395398556,-211.1694589527358,0.02771334391405201,0.0014705882352941176,0.07024664377146425,0.02771334391405201,0.033143525306936795,0.07024664377146425,0,0
-11.075948789211692,173.65883122815538,-211.0795539187807,0.10841167134659993,0.0,0.06774898532625663,0.06774898532625663,0.05872021889095219,0.10841167134659993,0,0
-15.096242412958274,181.4914467929605,-209.7315739908867,0.1721401538273715,0.0,0.016546987199500467,0.016546987199500467,0.06289571367562398,0.1721401538273715,0,0
-14.707452605587736,179.61356104356136,-210.38673863255016,0.1540715419362715,0.0,0.05245082734935998,0.05245082734935998,0.06884078976187717,0.1540715419362715,0,0
-12.7974322863781,176.6367823427835,-210.24656094288608,0.11830057380051276,0.0017647058823529412,0.061192631907586635,0.061192631907586635,0.06041930386348412,0.11830057380051276,0,0
-14.167714766489722,177.83029192446656,-211.00287349992936,0.1353925039677695,0.0,0.06774898532625663,0.06774898532625663,0.06771382976467538,0.1353925039677695,0,0
-12.464146878359289,175.04912185622769,-211.2967723387035,0.1121963130264925,0.0017647058823529412,0.0627536684358414,0.0627536684358414,0.05890489578156228,0.1121963130264925,0,0
-7.945540907097237,169.6342138260043,-212.6981318424513,0.03186424124038579,0.0,0.0,0.0,0.010621413746795262,0.03186424124038579,0,0
-12.32747137367633,173.85605227886984,-212.3044463860417,0.10890001220852155,0.0002941176470588235,0.06774898532625663,0.06774898532625663,0.05898103839394567,0.10890001220852155,0,0
-9.680050631873794,170.87733646887577,-212.81592890527267,0.04858991576120132,0.0,0.011863877614736186,0.011863877614736186,0.020151264458645835,0.04858991576120132,0,0
-11.249158923891256,172.2652837843825,-212.7987816550197,0.08301794652667562,0.0,0.05182641273805807,0.05182641273805807,0.044948119754911225,0.08301794652667562,0,0
-16.113886565842453,182.63307961478648,-210.7348496897528,0.18556952753021608,0.0,0.0,0.0,0.06185650917673869,0.18556952753021608,0,0
-15.850670140875629,180.9504398886725,-211.24196838584223,0.16591380783787082,0.0,0.027474242897283795,0.027474242897283795,0.06446268357838487,0.16591380783787082,0,0
-15.46275024105349,179.10604131527475,-211.8910710252489,0.14283970211207422,0.0,0.061817046518888544,0.061817046518888544,0.06821891621032093,0.14283970211207422,0,0
-15.117704002235294,177.406592670505,-212.7040194427756,0.13209620314979856,0.0,0.07180768029971901,0.07180768029971901,0.06796796114983919,0.13209620314979856,0,0
-13.789280623484377,176.20163771425754,-211.8822686086208,0.11268465388841412,0.0022058823529411764,0.0627536684358414,0.0627536684358414,0.0592147348923989,0.11268465388841412,0,0
-13.382974949035974,174.67746306187072,-212.75397622846168,0.11256256867293371,0.0017647058823529412,0.06431470496409616,0.06431470496409616,0.05954732650646094,0.11256256867293371,0,0
-9.340353692916494,169.5548401610059,-214.2662213648481,0.0321084116713466,0.0,0.0,0.0,0.010702803890448866,0.0321084116713466,0,0
-12.965981742780103,173.20484626587856,-213.68774417210216,0.3440361372237822,0.03573529411764706,0.6509522322822354,0.3440361372237822,0.3435745545412215,0.6509522322822354,0,0
-14.767728427871951,175.81269525866972,-213.54926127663416,0.35526797704797947,0.03661764705882353,0.6640649391195754,0.35526797704797947,0.35198352107545944,0.6640649391195754,0,0
-8.513522338685803,199.8143486791085,-212.0166433950569,0.0,0.0,0.017795816422104278,0.0,0.005931938807368093,0.017795816422104278,0,0
-6.943739206580447,200.5024880500012,-211.02905153099988,0.0,0.0,0.015922572588198562,0.0,0.005307524196066188,0.015922572588198562,0,0
-7.522158128807283,200.1486561396641,-213.0825679467144,0.0,0.0,0.01935685295035904,0.0,0.006452284316786346,0.01935685295035904,0,0
-8.821891763049239,199.53340130862887,-210.4491802464736,0.0,0.0,0.024352169840774273,0.0,0.008117389946924758,0.024352169840774273,0,0
-10.130467415624478,198.7938491069126,-212.0574127035528,0.0,0.0,0.02653762098033094,0.0,0.008845873660110313,0.02653762098033094,0,0
-10.524699489054605,198.24277625530848,-209.97376013580373,0.0,0.0,0.01935685295035904,0.0,0.006452284316786346,0.01935685295035904,0,0
-9.021171603866602,199.261695382092,-213.7315862067052,0.0,0.0,0.025600999063378083,0.0,0.008533666354459362,0.025600999063378083,0,0
-11.781180358101915,197.3657427594872,-211.49314610178627,0.0,0.0,0.015298157976896659,0.0,0.005099385992298886,0.015298157976896659,0,0
-12.040026323907936,196.69103450801725,-209.6593384937829,0.0,0.0,0.019981267561660944,0.0,0.006660422520553648,0.019981267561660944,0,0
-13.053622642019564,195.8870853838823,-211.2898533227828,0.0,0.0,0.025600999063378083,0.0,0.008533666354459362,0.025600999063378083,0,0
-13.35726004926462,194.9453681807669,-209.54339232973552,0.0,0.0,0.047767717764595694,0.0,0.015922572588198566,0.047767717764595694,0,0
-14.178113813706034,194.2207704850675,-211.1164442551621,0.0,0.0008823529411764706,0.05182641273805807,0.0008823529411764706,0.017569588559744848,0.05182641273805807,0,0
-14.456347129111547,193.1232819201896,-209.6406490410651,0.0,0.005147058823529412,0.10583827661567281,0.005147058823529412,0.03699511181306741,0.10583827661567281,0,0
-11.528457659472672,197.4491541437716,-213.09780764091383,0.0,0.0,0.028723072119887606,0.0,0.009574357373295869,0.028723072119887606,0,0
-10.508664127864693,198.08710286649355,-214.20803367207523,0.0,0.0,0.031845145176397124,0.0,0.010615048392132375,0.031845145176397124,0,0
-15.321773263568527,191.39097433237043,-209.91848766269496,0.0,0.0072058823529411765,0.15985014049328755,0.0072058823529411765,0.05568534094874291,0.15985014049328755,0,0
-15.156166523017497,192.47567429963928,-211.4072414326044,0.008057624221706751,0.006470588235294118,0.09928192319700281,0.008057624221706751,0.03793671188466789,0.09928192319700281,0,0
-12.5260756406882,196.3946530920216,-212.9224984137329,0.0,0.0,0.029035279425538556,0.0,0.00967842647517952,0.029035279425538556,0,0
-13.601923931617,194.99828533407225,-212.79980167082303,0.0,0.0,0.03371838901030284,0.0,0.01123946300343428,0.03371838901030284,0,0
-14.511465425349565,193.5971083653145,-212.67517285135528,0.10133072884873642,0.0,0.0,0.0,0.03377690961624547,0.10133072884873642,0,0
-15.152783844871294,192.38204655019263,-212.94042627659445,0.10670247832987426,0.0,0.0,0.0,0.03556749277662475,0.10670247832987426,0,0
-15.786710045756754,190.9794327323589,-211.10809479653307,0.0920522524722256,0.0,0.0,0.0,0.030684084157408534,0.0920522524722256,0,0
-15.982119651552562,189.83580133436325,-210.3047556392233,0.0,0.007352941176470588,0.14517639712769279,0.007352941176470588,0.050843112768054456,0.14517639712769279,0,0
-16.304567703361247,189.7102040172225,-211.4865823210574,0.10523745574410939,0.0,0.0,0.0,0.03507915191470313,0.10523745574410939,0,0
-15.823134901740518,191.0798506916784,-212.4741581956272,0.10389451837382493,0.0,0.0,0.0,0.03463150612460831,0.10389451837382493,0,0
-15.369814692848632,191.7015833057357,-213.7609146568104,0.10511537052862899,0.0,0.0,0.0,0.03503845684287633,0.10511537052862899,0,0
-13.745590258803292,194.2836338039025,-214.26026278517165,0.1286778171163472,0.0,0.0,0.0,0.04289260570544907,0.1286778171163472,0,0
-13.04451216126506,195.3868109124689,-214.0393050161273,0.12757905017702356,0.0,0.0,0.0,0.04252635005900785,0.12757905017702356,0,0
-14.620934725979364,192.84768752724835,-214.29466741247552,0.11732389207666952,0.0,0.0,0.0,0.0391079640255565,0.11732389207666952,0,0
-16.495791849848846,188.3957570065816,-210.808083395838,0.11817848858503235,0.0,0.0,0.0,0.039392829528344116,0.11817848858503235,0,0
-16.705681075871087,188.51282533552973,-211.86589060834635,0.12086436332560127,0.0,0.0,0.0,0.040288121108533755,0.12086436332560127,0,0
-16.506843075423077,189.33253678240965,-212.83766499574207,0.1076791600537175,0.0,0.0,0.0,0.035893053351239164,0.1076791600537175,0,0
-15.927789301660944,190.3823985004585,-214.1697757556719,0.10865584177756074,0.0,0.0,0.0,0.03621861392585358,0.10865584177756074,0,0
-1.5391937520590837,167.92856990162224,-207.53431839072093,0.4243682090098889,0.03735294117647059,0.653137683421792,0.4243682090098889,0.3716196112027172,0.653137683421792,0,0
-0.1764444257847605,167.43260637462996,-207.21922899147228,0.8165059211329508,0.9604411764705882,1.0,0.9604411764705882,0.9256490325345131,1.0,1,0
-1.2244762357394758,168.25179464289283,-206.173952463482,0.8165059211329508,0.9579411764705882,1.0,0.9579411764705882,0.9248156992011797,1.0,1,0
-2.1576471996542312,168.6210622991883,-206.6304174692848,0.8165059211329508,0.9583823529411765,1.0,0.9583823529411765,0.9249627580247091,1.0,1,0
-2.9639251733786978,168.64818160691766,-207.7647025790839,0.4191185447442315,0.04147058823529412,0.6687480487043397,0.4191185447442315,0.3764457272279551,0.6687480487043397,0,0
-2.302304295425437,167.68363886517702,-209.4104621782516,0.3874984739348065,0.01852941176470588,0.6668748048704339,0.3874984739348065,0.35763423018998214,0.6668748048704339,0,0
1.1460710584446938,166.86437952897938,-208.2670372214119,0.8165059211329508,0.9614705882352941,1.0,0.9614705882352941,0.925992169789415,1.0,1,0
0.8277423624163305,166.70073820030646,-210.2720983045789,0.3799291905750214,0.012205882352941176,0.6515766468935373,0.3799291905750214,0.3479039066071666,0.6515766468935373,0,0
2.6828448524066086,166.6567859255465,-209.31313207683343,0.3820046392381883,0.011764705882352941,0.6447080861692164,0.3820046392381883,0.3461591437632525,0.6447080861692164,0,0
2.6204071513008307,166.7141992045398,-211.15402744421505,0.3912831156146991,0.012941176470588235,0.6625039025913206,0.3912831156146991,0.35557606489220267,0.6625039025913206,0,0
4.337079642713336,166.94884422091167,-210.34911244953668,0.3801733610059822,0.012205882352941176,0.6231657820793006,0.3801733610059822,0.33851500847940796,0.6231657820793006,0,0
4.055071858299759,167.12379440034286,-211.820517863424,0.3981198876816018,0.018823529411764704,0.6493911957539806,0.3981198876816018,0.35544487094911564,0.6493911957539806,0,0
-0.6416101554968464,167.15557283582692,-209.0981389755221,0.3824929801001099,0.013235294117647059,0.6403371838901031,0.3824929801001099,0.34535515270262,0.6403371838901031,0,0
-3.803396931458883,168.50285857713027,-209.34946262370408,0.39946282505188624,0.02397058823529412,0.7009054011863878,0.39946282505188624,0.3747796048245227,0.7009054011863878,0,0
5.960365156340726,167.8129297139985,-211.3351807950005,0.35978513002075446,0.012205882352941176,0.6009990633780831,0.35978513002075446,0.3243300252505929,0.6009990633780831,0,0
4.830132444218369,167.74520637399684,-213.1522232626696,0.09022097424001953,0.07220588235294118,0.7811426787386825,0.09022097424001953,0.31452317844388106,0.7811426787386825,0,0
0.8412466709132822,166.5642467094089,-212.1815645913095,0.4147234769869369,0.028676470588235293,0.7030908523259445,0.4147234769869369,0.3821635999670389,0.7030908523259445,0,0
-3.381578418752738,167.600680591765,-211.17162530038496,0.05176413136369186,0.0125,0.5516703090852326,0.05176413136369186,0.20531148014964148,0.5516703090852326,0,0
2.8035380405846024,166.89377058736702,-213.28523380767805,0.18862165791722624,0.1013235294117647,0.8513893225101468,0.18862165791722624,0.3804448366130459,0.8513893225101468,0,0
-1.2693184768379369,166.8894654155121,-211.25416484565832,0.40153827371505313,0.018823529411764704,0.7040274742428972,0.40153827371505313,0.374796425789905,0.7040274742428972,0,0
-2.75671767433362,166.83888992814988,-213.084107672942,0.20339396899035528,0.013235294117647059,0.2703715266937246,0.20339396899035528,0.16233359660057564,0.2703715266937246,0,0
-0.830087087201721,166.47222808373257,-213.3737208133022,0.25564644121596874,0.03661764705882353,0.6515766468935373,0.25564644121596874,0.3146135783894432,0.6515766468935373,0,0
-4.96797071208251,168.46351986803182,-211.0990817716579,0.11085337565620804,0.008823529411764706,0.5076490789884484,0.11085337565620804,0.20910866135214037,0.5076490789884484,0,0
0.7829612178133151,166.46199267214402,-213.9077785851103,0.2013185203271884,0.05161764705882353,0.7099594130502653,0.2013185203271884,0.3209651934787591,0.7099594130502653,0,0
-4.551498675225596,167.5049955615606,-212.93000687367456,0.16212916615797826,0.011764705882352941,0.21292538245394943,0.16212916615797826,0.12893975149809353,0.21292538245394943,0,0
-6.2689466228587785,168.45692213934618,-212.80093486865064,0.11549261384446344,0.009705882352941177,0.19606618794879802,0.11549261384446344,0.1070882280487342,0.19606618794879802,0,0
-3.4189233474493075,201.29956625975927,-212.0326954936521,0.0,0.0,0.18357789572275993,0.0,0.06119263190758664,0.18357789572275993,0,0
-1.6625903867594063,201.3373700874569,-212.411686990705,0.0,0.0,0.182953481111458,0.0,0.06098449370381934,0.182953481111458,0,0
-2.910990390554539,200.99769744103548,-213.8682603029488,0.0,0.0,0.004683109584764283,0.0,0.0015610365282547611,0.004683109584764283,0,0
-4.703400534344444,200.9184797684505,-213.2973543815899,0.0,0.0,0.015922572588198562,0.0,0.005307524196066188,0.015922572588198562,0,0
-5.206952661622726,201.0380880645733,-211.5530379248665,0.0,0.0,0.01404932875429285,0.0,0.004683109584764283,0.01404932875429285,0,0
-6.056737514391085,200.72411626784609,-212.6893397283657,0.0,0.0,0.015298157976896659,0.0,0.005099385992298886,0.015298157976896659,0,0
1.732381352958123,200.990025644389,-212.81031808180808,0.0,0.0,0.1776459569153918,0.0,0.05921531897179727,0.1776459569153918,0,0
3.440393662067001,200.63566244979285,-212.8282407344084,0.0,0.0,0.17795816422104277,0.0,0.05931938807368092,0.17795816422104277,0,0
5.165092632841431,200.1392323733973,-212.7144580287261,0.0,0.0,0.17827037152669373,0.0,0.059423457175564576,0.17827037152669373,0,0
0.0216740309444238,201.22278573700137,-212.66841668700013,0.0,0.0,0.17827037152669373,0.0,0.059423457175564576,0.17827037152669373,0,0
0.5051198082687658,200.8409702245916,-214.3262268096088,0.0,0.0,0.1726506400249766,0.0,0.057550213341658864,0.1726506400249766,0,0
-1.250915804993906,200.9666950038076,-214.16063767398805,0.0,0.0,0.0018732438339057135,0.0,0.0006244146113019045,0.0018732438339057135,0,0
8.568807507840855,198.5628735320014,-212.017316618,0.0,0.0,0.17483609116453325,0.0,0.05827869705484442,0.17483609116453325,0,0
8.10317017059629,198.73708568081304,-213.85621005395544,0.0,0.0,0.17577271308148612,0.0,0.058590904360495376,0.17577271308148612,0,0
6.91778391007175,199.45306506620253,-212.4400294275595,0.0,0.0,0.17827037152669373,0.0,0.059423457175564576,0.17827037152669373,0,0
-6.123152443690907,200.3479872330388,-214.23918189793736,0.0,0.0,0.017171401810802372,0.0,0.005723800603600791,0.017171401810802372,0,0
-1.3409501306761662,200.70266562383665,-208.70592480318635,0.0,0.0,0.18420231033406181,0.0,0.06140077011135394,0.18420231033406181,0,0
-0.0930000378800084,200.61446559336224,-208.7640311567865,0.0,0.0,0.18139244458320325,0.0,0.06046414819440108,0.18139244458320325,0,0
-1.0143199809909187,201.189997584819,-210.0835060602771,0.0,0.0,0.18357789572275993,0.0,0.06119263190758664,0.18357789572275993,0,0
1.5602473989703216,199.72285041900136,-207.7856361439992,0.0,0.0,0.17827037152669373,0.0,0.059423457175564576,0.17827037152669373,0,0
1.1546338262752696,200.33175212627924,-208.66260804363296,0.0,0.0,0.17733374960974088,0.0,0.059111249869913625,0.17733374960974088,0,0
0.1450448772161099,199.96277454729207,-207.66040412955712,0.0,0.0,0.1817046518888542,0.0,0.06056821729628473,0.1817046518888542,0,0
-1.0774199695136186,200.23907277536225,-207.88593926049,0.0,0.0,0.18576334686231658,0.0,0.06192111562077219,0.18576334686231658,0,0
0.8076034785655015,199.4914108188046,-207.1297496814313,0.0,0.0,0.1804558226662504,0.0,0.06015194088875014,0.1804558226662504,0,0
-0.8735159968865233,199.6377316561129,-206.9942047639692,0.0,0.0,0.1863877614736185,0.0,0.062129253824539495,0.1863877614736185,0,0
-2.218851876327589,199.69000679559656,-207.05229473959943,0.0,0.0,0.1882610053075242,0.0,0.0627536684358414,0.1882610053075242,0,0
-1.4813580661013246,198.964933115806,-206.1324205061796,0.0,0.0,0.19263190758663754,0.0,0.06421063586221251,0.19263190758663754,0,0
-2.78989629313063,198.5699216563687,-205.76554648731,0.0,0.0,0.19263190758663754,0.0,0.06421063586221251,0.19263190758663754,0,0
0.0185753144518891,199.1145984413129,-206.40665068555768,0.0,0.0,0.18669996877926945,0.0,0.06223332292642315,0.18669996877926945,0,0
-2.112566074979584,201.3466496327015,-210.81956229800443,0.0,0.0,0.182953481111458,0.0,0.06098449370381934,0.182953481111458,0,0
-2.463825905585266,200.9341594748313,-209.2053250692566,0.0,0.0,0.182953481111458,0.0,0.06098449370381934,0.182953481111458,0,0
-2.063759795364126,200.4404034960687,-208.1803750074489,0.0,0.0,0.1863877614736185,0.0,0.062129253824539495,0.1863877614736185,0,0
-3.3038524288367306,200.30460613124183,-208.06573233692504,0.0,0.0,0.18357789572275993,0.0,0.06119263190758664,0.18357789572275993,0,0
-4.128363379377024,200.67211840926552,-208.9590733528472,0.0,0.0,0.18357789572275993,0.0,0.06119263190758664,0.18357789572275993,0,0
-3.3387139780406594,201.16316765056297,-210.10628402819,0.0,0.0,0.18201685919450517,0.0,0.060672286398168386,0.18201685919450517,0,0
-0.7958817523471741,198.5270552417805,-205.64401155299143,0.0,0.0,0.19606618794879802,0.0,0.06535539598293268,0.19606618794879802,0,0
-5.005774277615455,199.9327741248605,-207.93556440129925,0.0,0.0,0.1863877614736185,0.0,0.062129253824539495,0.1863877614736185,0,0
-3.889113250008185,199.2945345423404,-206.7621712162613,0.0,0.0,0.18732438339057134,0.0,0.062441461130190445,0.18732438339057134,0,0
-6.08213154805866,200.3889026750004,-209.3653957932434,0.0,0.0,0.1941929441148923,0.0,0.06473098137163076,0.1941929441148923,0,0
0.7384856021905621,200.8874406374987,-209.7394119147291,0.0,0.0,0.17889478613799564,0.0,0.05963159537933188,0.17889478613799564,0,0
0.3514795457787258,201.2178117291719,-211.0842116611624,0.0,0.0,0.1798314080549485,0.0,0.05994380268498283,0.1798314080549485,0,0
-0.9089993736554038,201.3571219247996,-211.44389657199093,0.0,0.0,0.182953481111458,0.0,0.06098449370381934,0.182953481111458,0,0
-1.713311208710061,197.79627604800112,-204.87759646199885,0.0,0.0,0.2775522947236965,0.0,0.0925174315745655,0.2775522947236965,0,0
-4.83242760237508,200.9882307373284,-210.2869326971326,0.0,0.0,0.18451451763971277,0.0,0.06150483921323759,0.18451451763971277,0,0
7.332104072987964,169.03591170770477,-212.1756575755795,0.330728848736418,0.011176470588235295,0.5788323446768654,0.330728848736418,0.3069125546671729,0.5788323446768654,0,0
5.987372980931983,168.54412854038796,-213.35308704551448,0.08838969600781345,0.05808823529411765,0.7633468623165782,0.08838969600781345,0.3032749312061698,0.7633468623165782,0,0
9.693310123885416,171.94214968647748,-213.70469464018032,0.046270296667073614,0.006470588235294118,0.4352169840774274,0.046270296667073614,0.16265262299326505,0.4352169840774274,0,0
8.559119349090672,170.446244802386,-212.95243883422023,0.09009888902453912,0.04352941176470588,0.7330627536684359,0.09009888902453912,0.2888970181525603,0.7330627536684359,0,0
6.977028504077905,169.70513866629244,-214.38253849536244,0.0321084116713466,0.006470588235294118,0.46737433655947547,0.0321084116713466,0.16865111215537207,0.46737433655947547,0,0
2.0746221423956093,168.88300702407767,-200.0287797849458,1.0,1.0,1.0,1.0,1.0,1.0,1,1
1.4302850487081793,169.3205377114018,-200.0393489674833,1.0,1.0,1.0,1.0,1.0,1.0,1,1
1.6050511881689904,168.91758016870796,-200.6327128572981,1.0,1.0,1.0,1.0,1.0,1.0,1,1
0.8414849761422633,169.78133744994926,-199.99425459939536,1.0,1.0,1.0,1.0,1.0,1.0,1,1
0.3208572551286436,170.39397974892682,-199.67864319335,1.0,1.0,1.0,1.0,1.0,1.0,1,1
-0.4200039923883609,171.0845746095084,-199.7217390057044,1.0,1.0,1.0,1.0,1.0,1.0,1,1
-1.1372874456026003,171.84984146657544,-199.79203942522184,1.0,1.0,1.0,1.0,1.0,1.0,1,1
0.8913774192865531,169.40856364460078,-200.6418701184902,1.0,1.0,1.0,1.0,1.0,1.0,1,1
1.0650211491581838,168.95728598791706,-201.31779535189528,1.0,1.0,1.0,1.0,1.0,1.0,1,1
0.1486878181154914,169.9994003296584,-200.6090592732206,1.0,1.0,1.0,1.0,1.0,1.0,1,1
-0.3134399951540432,170.58176199533227,-200.31568702167857,1.0,1.0,1.0,1.0,1.0,1.0,1,1
-0.9949929749876918,171.10708075971715,-200.54320031774347,1.0,1.0,1.0,1.0,1.0,1.0,1,1
-1.824629997065096,172.38115784589016,-200.2111714188852,1.0,1.0,1.0,1.0,1.0,1.0,1,1
-2.273337033609441,173.12243606542663,-200.13299633637484,1.0,1.0,1.0,1.0,1.0,1.0,1,1
-1.66002184161608,171.71936444644737,-200.72042551500743,1.0,1.0,1.0,1.0,1.0,1.0,1,1
0.4448583453790045,169.0033988335778,-202.0955156257687,1.0,1.0,1.0,1.0,1.0,1.0,1,1
0.1878863405689939,169.53486163185872,-201.4033025159071,1.0,1.0,1.0,1.0,1.0,1.0,1,1
-2.3457440402817165,172.4425498635951,-200.8938732203489,1.0,1.0,1.0,1.0,1.0,1.0,1,1
-0.6576284519360078,170.28391364879025,-201.29615834114915,1.0,1.0,1.0,1.0,1.0,1.0,1,1
-2.3274583186786333,171.7618617587956,-201.6331759185946,1.0,1.0,1.0,1.0,1.0,1.0,1,1
-1.5593626982585918,171.0211141387621,-201.4863557793702,1.0,1.0,1.0,1.0,1.0,1.0,1,1
-0.4945269525602637,169.59423383077447,-202.2608394059559,1.0,1.0,1.0,1.0,1.0,1.0,1,1
-0.2656025057073775,169.05779302033585,-202.97963539751697,1.0,1.0,1.0,1.0,1.0,1.0,1,1
-1.4183607444463988,170.2827542062892,-202.39161199619548,1.0,1.0,1.0,1.0,1.0,1.0,1,1
-1.1994267854319307,169.67777521293647,-203.10728474808187,1.0,1.0,1.0,1.0,1.0,1.0,1,1
-2.0583269889197937,170.27020223550247,-203.3287127513144,1.0,1.0,1.0,1.0,1.0,1.0,1,1
-1.0763781174349238,169.1233118686476,-203.98709953062288,1.0,1.0,1.0,1.0,1.0,1.0,1,1
-1.816236924233448,169.7084174053101,-203.9312705100889,1.0,1.0,1.0,1.0,1.0,1.0,1,1
-2.1789500800153068,170.9737453231716,-202.4464265969669,1.0,1.0,1.0,1.0,1.0,1.0,1,1
12.677095455587253,165.92480634058336,-200.0838361307169,1.0,1.0,1.0,1.0,1.0,1.0,1,1
13.113946484060882,165.93537160062073,-199.7469224762636,1.0,1.0,1.0,1.0,1.0,1.0,1,1
12.452321202047589,165.79058369855252,-199.61398900614583,1.0,1.0,1.0,1.0,1.0,1.0,1,1
4.625329912159239,167.51936252961556,-199.617285773316,1.0,1.0,1.0,1.0,1.0,1.0,1,1
4.947610538805665,167.28261194890055,-199.8578182743504,1.0,1.0,1.0,1.0,1.0,1.0,1,1
5.387206022361672,167.0873784337894,-199.81438739027809,1.0,1.0,1.0,1.0,1.0,1.0,1,1
13.7018788926,166.110891829,-199.85736893,1.0,1.0,1.0,1.0,1.0,1.0,1,1
13.39145417139092,166.17377841627422,-200.4086008534232,0.8165059211329508,0.9614705882352941,1.0,0.9614705882352941,0.925992169789415,1.0,1,0
12.7135269090148,166.0656615852623,-200.6340612437591,1.0,1.0,1.0,1.0,1.0,1.0,1,1
12.26206416227101,165.95943550058675,-200.5612735025537,1.0,1.0,1.0,1.0,1.0,1.0,1,1
11.931132101465964,165.81597299388395,-200.09403104242352,1.0,1.0,1.0,1.0,1.0,1.0,1,1
11.094681308958569,165.7436300196514,-199.9848895896505,1.0,1.0,1.0,1.0,1.0,1.0,1,1
10.179842873856916,165.75513698473077,-199.8401955747718,1.0,1.0,1.0,1.0,1.0,1.0,1,1
9.214777094101684,165.8738956056087,-199.63381868357885,1.0,1.0,1.0,1.0,1.0,1.0,1,1
5.753211327223515,166.8329461486445,-200.2222286906984,1.0,1.0,1.0,1.0,1.0,1.0,1,1
7.689743260104573,166.2213001127022,-199.8470868408132,1.0,1.0,1.0,1.0,1.0,1.0,1,1
6.396593649877152,166.6472438742141,-199.89905965804152,1.0,1.0,1.0,1.0,1.0,1.0,1,1
5.08978267987464,167.0745158956815,-200.38197090143743,1.0,1.0,1.0,1.0,1.0,1.0,1,1
4.2022956864117305,167.67951205830704,-199.81510988905063,1.0,1.0,1.0,1.0,1.0,1.0,1,1
4.597851537862456,167.36855645772573,-200.14629026304377,1.0,1.0,1.0,1.0,1.0,1.0,1,1
13.033825283702557,166.25274219025195,-201.02128594847565,0.8165059211329508,0.9614705882352941,1.0,0.9614705882352941,0.925992169789415,1.0,1,0
11.600635077846569,165.9173624206281,-200.81278298364649,1.0,1.0,1.0,1.0,1.0,1.0,1,1
12.305476684402214,166.09640538450893,-201.0845375145543,0.8165059211329508,0.9611764705882353,1.0,0.9611764705882353,0.9258941305737287,1.0,1,0
10.481762792259875,165.82645253021636,-200.7095597176325,1.0,1.0,1.0,1.0,1.0,1.0,1,1
3.728841426428149,167.90127397192325,-199.9306845910287,1.0,1.0,1.0,1.0,1.0,1.0,1,1
9.40743540131616,165.85970028457825,-200.5339265531857,1.0,1.0,1.0,1.0,1.0,1.0,1,1
8.471083873292775,166.00088850371367,-200.21086183229207,1.0,1.0,1.0,1.0,1.0,1.0,1,1
10.750144126019071,165.97466147402636,-201.5465060950432,0.8165059211329508,0.9610294117647059,1.0,0.9610294117647059,0.9258451109658856,1.0,1,0
3.187477837168711,168.1814583309905,-200.02301317125944,1.0,1.0,1.0,1.0,1.0,1.0,1,1
4.050250116812422,167.5875261246958,-200.329473395942,1.0,1.0,1.0,1.0,1.0,1.0,1,1
2.635010284229261,168.50709404070392,-200.05673945319305,1.0,1.0,1.0,1.0,1.0,1.0,1,1
5.538968584811699,166.76337809034337,-200.9657472532216,1.0,1.0,1.0,1.0,1.0,1.0,1,1
6.971722308396365,166.3841953073218,-200.2978242026961,1.0,1.0,1.0,1.0,1.0,1.0,1,1
6.273276831194418,166.56191244090488,-200.6396013100733,1.0,1.0,1.0,1.0,1.0,1.0,1,1
7.673240754440999,166.14464642838635,-200.80342591347585,1.0,1.0,1.0,1.0,1.0,1.0,1,1
6.841697940459111,166.32466412171735,-201.1359170621353,1.0,1.0,1.0,1.0,1.0,1.0,1,1
8.54305331924174,165.9828588800038,-201.24794851563905,1.0,1.0,1.0,1.0,1.0,1.0,1,1
9.65464249932131,165.91437237262525,-201.41104513363567,1.0,1.0,1.0,1.0,1.0,1.0,1,1
4.489665979904876,167.24188445003526,-200.76456111003364,1.0,1.0,1.0,1.0,1.0,1.0,1,1
4.929935334381471,166.9822361772511,-201.0420211185351,1.0,1.0,1.0,1.0,1.0,1.0,1,1
6.014020231045249,166.5251381918388,-201.4452323630892,1.0,1.0,1.0,1.0,1.0,1.0,1,1
12.616840546714958,166.35186068400571,-201.70978381243768,0.8165059211329508,0.9614705882352941,1.0,0.9614705882352941,0.925992169789415,1.0,1,0
11.782219216949168,166.15359767596826,-201.69085139998435,0.8165059211329508,0.9611764705882353,1.0,0.9611764705882353,0.9258941305737287,1.0,1,0
11.1140344257284,166.2419241952145,-202.4738994819276,0.8165059211329508,0.9614705882352941,1.0,0.9614705882352941,0.925992169789415,1.0,1,0
12.130770641202664,166.47465090573849,-202.48283540433405,0.8165059211329508,0.9614705882352941,1.0,0.9614705882352941,0.925992169789415,1.0,1,0
3.499272688512899,167.81164977800412,-200.5298568167155,1.0,1.0,1.0,1.0,1.0,1.0,1,1
3.9217995113819377,167.43282187285297,-201.0229463823632,1.0,1.0,1.0,1.0,1.0,1.0,1,1
5.159839263945311,166.76554553038318,-201.6763510698668,1.0,1.0,1.0,1.0,1.0,1.0,1,1
4.435066592324468,167.08437101620746,-201.4637006713032,1.0,1.0,1.0,1.0,1.0,1.0,1,1
9.974814802445175,166.06145116200102,-202.32493228666823,0.8165059211329508,0.9610294117647059,1.0,0.9610294117647059,0.9258451109658856,1.0,1,0
8.77226921956974,166.02339943544237,-202.2092468695159,0.8165059211329508,0.960735294117647,1.0,0.960735294117647,0.9257470717501993,1.0,1,0
2.878792956322133,168.12263267926818,-200.6317675017256,1.0,1.0,1.0,1.0,1.0,1.0,1,1
3.236193483235262,167.71245610427823,-201.21498992427468,1.0,1.0,1.0,1.0,1.0,1.0,1,1
2.52521959841673,168.05796599184353,-201.3189653312756,1.0,1.0,1.0,1.0,1.0,1.0,1,1
2.246809783867011,168.4889935505438,-200.66567502681963,1.0,1.0,1.0,1.0,1.0,1.0,1,1
6.521031219775651,166.33895912163817,-201.8853863165481,1.0,1.0,1.0,1.0,1.0,1.0,1,1
5.835542781722692,166.48217619076,-202.2062184989882,1.0,1.0,1.0,1.0,1.0,1.0,1,1
6.657310973080019,166.26898955744042,-202.6506640577941,0.8165059211329508,0.9604411764705882,1.0,0.9604411764705882,0.9256490325345131,1.0,1,0
7.5023217133594144,166.13837114114966,-201.99964660057503,1.0,1.0,1.0,1.0,1.0,1.0,1,1
9.087828864295425,166.1577067634155,-203.1582281109842,0.8165059211329508,0.9610294117647059,1.0,0.9610294117647059,0.9258451109658856,1.0,1,0
5.07250069578351,166.6648242641789,-202.4649100764477,1.0,1.0,1.0,1.0,1.0,1.0,1,1
11.56466893336554,166.6243866239631,-203.3504079426654,0.8165059211329508,0.9614705882352941,1.0,0.9614705882352941,0.925992169789415,1.0,1,0
10.372763653408605,166.34488617506744,-203.3197842436627,0.8165059211329508,0.9614705882352941,1.0,0.9614705882352941,0.925992169789415,1.0,1,0
3.744199728177449,167.30162328424123,-201.7602033191721,1.0,1.0,1.0,1.0,1.0,1.0,1,1
4.397691020742249,166.93268278887598,-202.20652042093863,1.0,1.0,1.0,1.0,1.0,1.0,1,1
7.824456391652813,166.1373393714892,-202.9770780349812,0.8165059211329508,0.960735294117647,1.0,0.960735294117647,0.9257470717501993,1.0,1,0
5.597333877593445,166.44650874183776,-203.244110726106,0.8165059211329508,0.9601470588235295,1.0,0.9601470588235295,0.9255509933188267,1.0,1,0
4.528320541480822,166.72257748892648,-203.16772858893825,1.0,1.0,1.0,1.0,1.0,1.0,1,1
2.91943891606847,167.6086514649617,-202.00909424483584,1.0,1.0,1.0,1.0,1.0,1.0,1,1
1.7994932374397556,168.46661621452748,-201.36143209704568,1.0,1.0,1.0,1.0,1.0,1.0,1,1
2.1267553916974906,167.99024332152229,-202.0788920303424,1.0,1.0,1.0,1.0,1.0,1.0,1,1
5.976082697992288,166.3572353403018,-204.2468945523612,0.8165059211329508,0.960735294117647,1.0,0.960735294117647,0.9257470717501993,1.0,1,0
6.849866716118055,166.25273451917667,-203.6841174750368,0.8165059211329508,0.960735294117647,1.0,0.960735294117647,0.9257470717501993,1.0,1,0
8.113065474924241,166.26922024898394,-204.0925344914036,0.8165059211329508,0.9611764705882353,1.0,0.9611764705882353,0.9258941305737287,1.0,1,0
9.529690972474055,166.46119394998794,-204.25486084248496,0.8165059211329508,0.9614705882352941,1.0,0.9614705882352941,0.925992169789415,1.0,1,0
10.90632548288738,166.80340663432438,-204.32441538546863,0.8165059211329508,0.9614705882352941,1.0,0.9614705882352941,0.925992169789415,1.0,1,0
3.5076711523089803,167.1440121726505,-202.75830700850628,1.0,1.0,1.0,1.0,1.0,1.0,1,1
1.3095158225324095,168.44001606952625,-202.12028675894865,1.0,1.0,1.0,1.0,1.0,1.0,1,1
2.5192076772536085,167.52979828445984,-202.8671911083172,1.0,1.0,1.0,1.0,1.0,1.0,1,1
2.9157398552446794,167.19317191257946,-203.50699057940489,1.0,1.0,1.0,1.0,1.0,1.0,1,1
1.671809902283662,167.9187102422245,-202.9329670493444,1.0,1.0,1.0,1.0,1.0,1.0,1,1
3.707531446985448,166.86004317661707,-203.8367045019388,0.8165059211329508,0.9595588235294118,1.0,0.9595588235294118,0.9253549148874542,1.0,1,0
4.8231784510587845,166.53184579390955,-204.31480633413287,0.8165059211329508,0.9604411764705882,1.0,0.9604411764705882,0.9256490325345131,1.0,1,0
10.142780021965356,167.0117024502335,-205.4193054144512,0.8165059211329508,0.9614705882352941,1.0,0.9614705882352941,0.925992169789415,1.0,1,0
6.922948692466561,166.38545249554824,-205.14310048283448,0.8165059211329508,0.9611764705882353,1.0,0.9611764705882353,0.9258941305737287,1.0,1,0
5.6721432389541455,166.4085596809938,-205.08121236003743,0.8165059211329508,0.960735294117647,1.0,0.960735294117647,0.9257470717501993,1.0,1,0
8.559799349204367,166.59430234641997,-205.33160730876853,0.8165059211329508,0.9614705882352941,1.0,0.9614705882352941,0.925992169789415,1.0,1,0
0.630303198503655,168.37649992741942,-203.22877723318075,1.0,1.0,1.0,1.0,1.0,1.0,1,1
2.131732378961206,167.42699672089006,-203.8089584504808,0.8165059211329508,0.9577941176470588,1.0,0.9577941176470588,0.9247666795933366,1.0,1,0
2.766505239059317,167.02744395092674,-204.52596032696707,0.8165059211329508,0.9592647058823529,1.0,0.9592647058823529,0.925256875671768,1.0,1,0
1.2726164306206114,167.81487889899364,-203.807733370148,1.0,1.0,1.0,1.0,1.0,1.0,1,1
0.4535202304232458,168.0115055961513,-204.4178660737365,0.8165059211329508,0.9561764705882353,1.0,0.9561764705882353,0.9242274639070621,1.0,1,0
9.261011641572988,167.24438019149707,-206.6537808773106,0.8165059211329508,0.9616176470588236,1.0,0.9616176470588236,0.9260411893972581,1.0,1,0
4.885133306334775,166.48756485081364,-205.4188684007977,0.8165059211329508,0.960735294117647,1.0,0.960735294117647,0.9257470717501993,1.0,1,0
3.787569760838787,166.6719021369823,-205.16694181328248,0.8165059211329508,0.9604411764705882,1.0,0.9604411764705882,0.9256490325345131,1.0,1,0
7.558742109922728,166.76301108935905,-206.60158356630663,0.8165059211329508,0.9616176470588236,1.0,0.9616176470588236,0.9260411893972581,1.0,1,0
5.872126825017924,166.5036642670079,-206.29116966200448,0.8165059211329508,0.9614705882352941,1.0,0.9614705882352941,0.925992169789415,1.0,1,0
-0.204181249033372,168.5783338314155,-203.92676428065093,1.0,1.0,1.0,1.0,1.0,1.0,1,1
1.486454545256423,167.38550067174592,-204.93759533302443,0.8165059211329508,0.9586764705882352,1.0,0.9586764705882352,0.9250607972403954,1.0,1,0
4.110543211094094,166.5655129206719,-206.61776116953268,0.8165059211329508,0.9611764705882353,1.0,0.9611764705882353,0.9258941305737287,1.0,1,0
2.6164594531990497,166.8430524706653,-205.94586059197684,0.8165059211329508,0.9604411764705882,1.0,0.9604411764705882,0.9256490325345131,1.0,1,0
0.1982401772701552,167.7070268651833,-205.69448423641208,0.8165059211329508,0.9586764705882352,1.0,0.9586764705882352,0.9250607972403954,1.0,1,0
-0.612498496182586,168.41290379072532,-204.8923717997725,0.8165059211329508,0.9551470588235295,1.0,0.9551470588235295,0.9238843266521601,1.0,1,0
8.251126360384262,167.4863523326148,-208.05176457058835,0.8165059211329508,0.9620588235294117,1.0,0.9620588235294117,0.9261882482207876,1.0,1,0
5.125705270034001,166.5981381600503,-207.3356698347248,0.8165059211329508,0.9616176470588236,1.0,0.9616176470588236,0.9260411893972581,1.0,1,0
6.312689346395727,166.9210870726763,-208.1479454245376,0.8165059211329508,0.9620588235294117,1.0,0.9620588235294117,0.9261882482207876,1.0,1,0
4.327916477521867,166.67423826860548,-208.46182385237407,0.8165059211329508,0.9622058823529411,1.0,0.9622058823529411,0.9262372678286307,1.0,1,0
1.3076427404639628,167.08447074716528,-206.576506259828,0.8165059211329508,0.9604411764705882,1.0,0.9604411764705882,0.9256490325345131,1.0,1,0
2.6256250285053504,166.69717806899314,-207.51163252271675,0.8165059211329508,0.9614705882352941,1.0,0.9614705882352941,0.925992169789415,1.0,1,0
7.133998993714487,167.69881164787287,-209.61449289399428,0.325601269686241,0.011029411764705883,0.5782079300655635,0.325601269686241,0.3049462038388368,0.5782079300655635,0,0
5.679194438382623,167.13424180842702,-209.5532326581336,0.34305945549993894,0.011470588235294118,0.6072432094911021,0.34305945549993894,0.3205910844087784,0.6072432094911021,0,0
6.1332432090943385,193.08181603651863,-199.7648446672881,0.7481382004639238,0.7214705882352941,0.97377458632532,0.7481382004639238,0.8144611250081794,0.97377458632532,0,0
6.897715380960088,193.3692525523024,-200.28538679520835,0.747894030032963,0.7272058823529411,0.974086793630971,0.747894030032963,0.8163955686722918,0.974086793630971,0,0
6.924542396372924,193.89657896844585,-201.16483246912424,0.7419118544744231,0.6495588235294117,0.9700280986575086,0.7419118544744231,0.7871662588871144,0.9700280986575086,0,0
6.079285951854004,193.6456244181816,-200.61696238328005,0.7425222805518251,0.6461764705882352,0.9700280986575086,0.7425222805518251,0.7862422832658563,0.9700280986575086,0,0
5.1744195334644765,193.28973261385903,-200.04658905565097,0.7432547918447076,0.6420588235294118,0.9697158913518577,0.7432547918447076,0.7850098355753256,0.9697158913518577,0,0
6.0944538204605045,194.2603997569192,-201.55895682383905,0.7402026614576974,0.5672058823529412,0.9644083671557915,0.7402026614576974,0.7572723036554767,0.9644083671557915,0,0
6.962970629778036,194.47453068779888,-202.1310428611106,0.7380051275790501,0.5708823529411765,0.9640961598501405,0.7380051275790501,0.7576612134567892,0.9640961598501405,0,0
7.015857514877462,195.0820465469166,-203.1616553881109,0.7373947015016481,0.4651470588235294,0.960349672182329,0.7373947015016481,0.7209638108358355,0.960349672182329,0,0
5.99291497424454,194.88829460048763,-202.4975686258975,0.7405689171041386,0.4663235294117647,0.96066187948798,0.7405689171041386,0.7225181086679612,0.96066187948798,0,0
5.291165549487851,194.5397890875689,-201.80132970179028,0.7409351727505799,0.47808823529411765,0.9622229160162348,0.7409351727505799,0.7270821080203108,0.9622229160162348,0,0
4.681288255049897,195.2468433964112,-202.65374485281893,0.7448418996459528,0.4123529411764706,0.9575398064314705,0.7448418996459528,0.7049115490846313,0.9575398064314705,0,0
7.170923060150463,196.3979591170015,-205.35366821099907,0.7196923452569893,0.6072058823529412,0.9591008429597253,0.7196923452569893,0.7619996901898852,0.9591008429597253,0,0
6.039708166486188,196.41403508125828,-204.861904690112,0.020998657062629714,0.006911764705882353,0.23290665001561037,0.020998657062629714,0.08693902392804082,0.23290665001561037,0,0
7.086900118881069,195.7104509713152,-204.2380615458157,0.7195702600415089,0.5583823529411764,0.9559787699032157,0.7195702600415089,0.7446437942953005,0.9559787699032157,0,0
5.8296230640529245,195.629777858943,-203.57442353596548,0.7442314735685508,0.3914705882352941,0.9562909772088667,0.7442314735685508,0.6973310130042373,0.9562909772088667,0,0
5.095159212443163,196.28278164928648,-204.26344808217684,0.022585764863874983,0.007941176470588234,0.22572588198563848,0.022585764863874983,0.08541760777336722,0.22572588198563848,0,0
4.713841301149024,195.93809374096912,-203.62820122695868,0.027591258698571604,0.008529411764705883,0.22510146737433656,0.027591258698571604,0.08707404594587136,0.22510146737433656,0,0
3.6544531786390406,195.99171567466456,-203.3902586809513,0.027102917836649983,0.008529411764705883,0.22416484545738372,0.027102917836649983,0.08659905835291319,0.22416484545738372,0,0
3.1493622394215484,195.2175961129421,-202.3702340255537,0.03931143938469051,0.00926470588235294,0.22978457695910084,0.03931143938469051,0.09278690740871476,0.22978457695910084,0,0
4.290438657038325,196.4116689359153,-204.1442565182348,0.02112074227811012,0.0075,0.22416484545738372,0.02112074227811012,0.08426186257849794,0.22416484545738372,0,0
3.1014806143173304,196.94943112093767,-204.4770484602409,0.013185203271883775,0.0048529411764705885,0.22416484545738372,0.013185203271883775,0.08073432996857936,0.22416484545738372,0,0
4.102041823757055,194.4565808254177,-201.5236015619417,0.74398730313759,0.4566176470588235,0.960349672182329,0.74398730313759,0.7203182074595809,0.960349672182329,0,0
5.21466292912915,193.97119524349367,-200.98236449382009,0.7408130875350994,0.5617647058823529,0.9644083671557915,0.7408130875350994,0.7556620535244146,0.9644083671557915,0,0
4.438129558225955,193.64519431278785,-200.5281373393802,0.7411793431815407,0.5555882352941176,0.9644083671557915,0.7411793431815407,0.7537253152104832,0.9644083671557915,0,0
1.7980748050731652,195.02807264605383,-202.16423581085124,0.03418386033451349,0.00926470588235294,0.2313456134873556,0.03418386033451349,0.09159805990140735,0.2313456134873556,0,0
2.6888820381275083,194.2866404173094,-201.3731216821637,0.06128677817116347,0.009852941176470589,0.2703715266937246,0.06128677817116347,0.11383708201378623,0.2703715266937246,0,0
4.0947786282114365,193.09059312771743,-199.9522173992316,0.7416676840434623,0.611764705882353,0.9656571963783952,0.7416676840434623,0.7730298621014035,0.9656571963783952,0,0
3.44937125868285,193.6428586077257,-200.6385029069692,0.7422781101208643,0.4825,0.9622229160162348,0.7422781101208643,0.7290003420456997,0.9622229160162348,0,0
1.7131073304298678,199.20738912220023,-207.05676681366305,0.0,0.0,0.17827037152669373,0.0,0.059423457175564576,0.17827037152669373,0,0
2.2946165926134703,198.54478227619185,-206.3388681251033,0.0,0.0,0.22322822354043084,0.0,0.07440940784681029,0.22322822354043084,0,0
2.561865814483159,199.2114055496704,-207.4409126978191,0.0,0.0,0.17483609116453325,0.0,0.05827869705484442,0.17483609116453325,0,0
1.2795589173268238,198.944482110556,-206.5145691444617,0.0,0.0,0.17920699344364657,0.0,0.05973566448121553,0.17920699344364657,0,0
4.645148726194252,197.05625475767005,-205.2005885962973,0.010865584177756073,0.003970588235294117,0.22759912581954417,0.010865584177756073,0.08081176607753145,0.22759912581954417,0,0
6.077006695760984,197.12542345289583,-205.9437419793229,0.0,0.0002941176470588235,0.23415547923821417,0.0002941176470588235,0.07814986562842434,0.23415547923821417,0,0
3.666705261163262,198.6045313594342,-207.02722885234425,0.0,0.0,0.222291601623478,0.0,0.07409720054115933,0.222291601623478,0,0
4.868434418429262,197.8899079540216,-206.52064249052225,0.0,0.0,0.22385263815173276,0.0,0.07461754605057759,0.22385263815173276,0,0
2.2721931177419745,196.116954583483,-203.3027162817349,0.024783298742522282,0.008529411764705883,0.22416484545738372,0.024783298742522282,0.08582585198820396,0.22416484545738372,0,0
1.235071357256803,197.1359350697103,-204.30433703680413,0.008423879868147967,0.0002941176470588235,0.23040899157040276,0.008423879868147967,0.07970899636186986,0.23040899157040276,0,0
2.2787400719007853,197.8188372155393,-205.35143880673388,0.0,0.0,0.2235404308460818,0.0,0.07451347694869394,0.2235404308460818,0,0
3.535410178811277,197.8250233487473,-205.83030962048468,0.0,0.0,0.22322822354043084,0.0,0.07440940784681029,0.22322822354043084,0,0
1.065487257273409,198.24714862173207,-205.55395059658176,0.0,0.0,0.23040899157040276,0.0,0.07680299719013425,0.23040899157040276,0,0
0.0475907799215786,198.0004157800821,-205.1184614531569,0.0,0.0,0.24601935685295037,0.0,0.08200645228431679,0.24601935685295037,0,0
0.7495112154048602,195.8815123141672,-203.0022547411789,0.030155048223660115,0.008382352941176471,0.23040899157040276,0.030155048223660115,0.08964879757841311,0.23040899157040276,0,0
-0.4622403809210434,196.84070460269547,-203.90998283083724,0.01904529361494323,0.0,0.2703715266937246,0.01904529361494323,0.09647227343622261,0.2703715266937246,0,0
3.688223700232688,199.32866948492205,-208.1497403238123,0.0,0.0,0.17202622541367468,0.0,0.05734207513789156,0.17202622541367468,0,0
7.348552444272829,197.22762117950663,-206.66855005353403,0.0,0.0,0.2247892600686856,0.0,0.07492975335622853,0.2247892600686856,0,0
6.2744767371910175,197.9992688415876,-207.32248674686056,0.0,0.0,0.22291601623477988,0.0,0.07430533874492663,0.22291601623477988,0,0
2.34915504384624,199.91679210624736,-208.483554761146,0.0,0.0,0.17483609116453325,0.0,0.05827869705484442,0.17483609116453325,0,0
3.421591214168616,199.99157173541525,-209.22464494694603,0.0,0.0,0.1726506400249766,0.0,0.057550213341658864,0.1726506400249766,0,0
4.872219842448053,199.5322242729331,-209.2082669442572,0.0,0.0,0.1726506400249766,0.0,0.057550213341658864,0.1726506400249766,0,0
4.082370863223344,200.1692508809767,-210.1982437494548,0.0,0.0,0.17296284733062753,0.0,0.05765428244354251,0.17296284733062753,0,0
4.981486353248023,198.7406975569034,-207.8422084350276,0.0,0.0,0.1726506400249766,0.0,0.057550213341658864,0.1726506400249766,0,0
2.126293533767875,200.46438276316127,-209.47439728158224,0.0,0.0,0.17421167655323136,0.0,0.05807055885107712,0.17421167655323136,0,0
2.919153465583453,200.5790988210624,-210.4652358074477,0.0,0.0,0.17483609116453325,0.0,0.05827869705484442,0.17483609116453325,0,0
1.5882703498253148,200.93436200224343,-210.6040683157593,0.0,0.0,0.17827037152669373,0.0,0.059423457175564576,0.17827037152669373,0,0
1.346434834280568,201.0970950508197,-211.66673032057787,0.0,0.0,0.17827037152669373,0.0,0.059423457175564576,0.17827037152669373,0,0
2.5264818591021383,200.85746625026025,-211.6080150484214,0.0,0.0,0.17827037152669373,0.0,0.059423457175564576,0.17827037152669373,0,0
4.070159833377774,200.4355872053683,-211.4365618713641,0.0,0.0,0.17670933499843897,0.0,0.05890311166614632,0.17670933499843897,0,0
5.62202352379274,199.84122708200096,-210.93470537782989,0.0,0.0,0.1751482984701842,0.0,0.05838276615672807,0.1751482984701842,0,0
6.3760819791903565,198.98206223585305,-209.15482364395424,0.0,0.0,0.1726506400249766,0.0,0.057550213341658864,0.1726506400249766,0,0
7.643257652460059,198.02713111507552,-208.19029799065424,0.0,0.0,0.22416484545738372,0.0,0.07472161515246124,0.22416484545738372,0,0
8.07019367712713,198.56702954634463,-209.9987785351378,0.0,0.0,0.17483609116453325,0.0,0.05827869705484442,0.17483609116453325,0,0
7.119596187288483,199.2206436116582,-210.87068666200025,0.0,0.0,0.17608492038713705,0.0,0.058694973462379015,0.17608492038713705,0,0
21.6684952795,176.834071737,-199.986120944,0.6138444634354779,0.22176470588235295,0.6369029035279425,0.6138444634354779,0.4908373576152578,0.6369029035279425,0,0
21.5396355946278,176.2426118042308,-200.05255494053216,0.6087168843853009,0.22088235294117647,0.6493911957539806,0.6087168843853009,0.4929968110268193,0.6493911957539806,0,0
21.57899936461445,176.66885094839836,-200.5840228503558,0.6104260774020266,0.2210294117647059,0.6434592569466125,0.6104260774020266,0.49163824870444833,0.6434592569466125,0,0
21.72114572857437,177.318828735992,-200.41804918213063,0.6168965938224881,0.2211764705882353,0.6306587574149235,0.6168965938224881,0.4895772739418823,0.6306587574149235,0,0
21.43525788234551,176.02071636941278,-200.6906195270245,0.606641435722134,0.22088235294117647,0.653137683421792,0.606641435722134,0.4935538240283675,0.653137683421792,0,0
21.38949859134013,175.5860846846276,-200.1246157456989,0.6087168843853009,0.22161764705882353,0.6562597564783016,0.6087168843853009,0.49553142930747535,0.6562597564783016,0,0
14.146208604685988,166.27254020000294,-199.9361121599896,1.0,1.0,1.0,1.0,1.0,1.0,1,1
13.7018788926,166.110891829,-199.85736893,1.0,1.0,1.0,1.0,1.0,1.0,1,1
13.857589046071832,166.2909862075553,-200.32659047091525,0.8165059211329508,0.9614705882352941,1.0,0.9614705882352941,0.925992169789415,1.0,1,0
21.769411784316464,177.85333923445816,-200.87816125382312,0.6215358320107435,0.22044117647058822,0.6222291601623477,0.6215358320107435,0.48806872288122644,0.6222291601623477,0,0
21.622552365913883,177.19217016486178,-201.1686729693744,0.6132340373580759,0.2210294117647059,0.6322197939431783,0.6132340373580759,0.48882774768865334,0.6322197939431783,0,0
21.466137998836004,176.46870766910732,-201.34021118407728,0.606641435722134,0.22073529411764706,0.6493911957539806,0.606641435722134,0.4922559751979206,0.6493911957539806,0,0
21.31246568042988,175.78450006609754,-201.42101041554017,0.6087168843853009,0.2211764705882353,0.6556353418669997,0.6087168843853009,0.49517623228017865,0.6556353418669997,0,0
21.26160100619628,175.31959378918538,-200.8569291052512,0.7370284458552069,0.779264705882353,0.9850140493287542,0.779264705882353,0.8337690670221048,0.9850140493287542,0,0
21.10407619139572,175.01283573541053,-201.622856261056,0.7370284458552069,0.79,0.9856384639400562,0.79,0.8375556365984211,0.9856384639400562,0,0
21.03206636948285,174.48860969256378,-201.0270441670784,0.7370284458552069,0.8691176470588236,0.9884483296909148,0.8691176470588236,0.8648648075349818,0.9884483296909148,0,0
20.97671038226198,174.01047630960895,-200.28513463712247,0.7370284458552069,0.8923529411764706,0.9906337808304714,0.8923529411764706,0.8733383892873828,0.9906337808304714,0,0
21.206677395291003,174.84489721020236,-200.2028153848933,0.7370284458552069,0.8226470588235294,0.98688729316266,0.8226470588235294,0.8488542659471321,0.98688729316266,0,0
16.64421587566601,167.63709743675946,-200.30392324279293,0.8165059211329508,0.9614705882352941,1.0,0.9614705882352941,0.925992169789415,1.0,1,0
15.94232218490431,167.17216778920962,-200.2139305711561,0.8165059211329508,0.9614705882352941,1.0,0.9614705882352941,0.925992169789415,1.0,1,0
16.148038418901947,167.57254616431658,-200.9613510395883,0.8165059211329508,0.9616176470588236,1.0,0.9616176470588236,0.9260411893972581,1.0,1,0
17.395301766923374,168.22055713598445,-200.38613508851307,0.8165059211329508,0.9614705882352941,1.0,0.9614705882352941,0.925992169789415,1.0,1,0
16.86255901557402,168.1212399945411,-201.1520281417164,0.8165059211329508,0.9616176470588236,1.0,0.9616176470588236,0.9260411893972581,1.0,1,0
15.295276384118202,166.80240159157336,-200.1213254088592,0.8165059211329508,0.9614705882352941,1.0,0.9614705882352941,0.925992169789415,1.0,1,0
14.703826484110554,166.50979045332338,-200.02923700214453,0.8165059211329508,0.9614705882352941,1.0,0.9614705882352941,0.925992169789415,1.0,1,0
14.875604792815052,166.78226973640815,-200.62975835520825,0.8165059211329508,0.9616176470588236,1.0,0.9616176470588236,0.9260411893972581,1.0,1,0
14.292395759764188,166.49777964813472,-200.49881821698216,0.8165059211329508,0.9614705882352941,1.0,0.9614705882352941,0.925992169789415,1.0,1,0
15.505534922783754,167.15111324644252,-200.80718488771075,0.8165059211329508,0.9616176470588236,1.0,0.9616176470588236,0.9260411893972581,1.0,1,0
15.624494078321282,167.47781810175962,-201.47886406391515,0.8165059211329508,0.9616176470588236,1.0,0.9616176470588236,0.9260411893972581,1.0,1,0
15.07367459666492,167.09956697839507,-201.2432120233667,0.8165059211329508,0.9616176470588236,1.0,0.9616176470588236,0.9260411893972581,1.0,1,0
13.737257659369885,166.44253799414142,-200.9400574926124,0.8165059211329508,0.9614705882352941,1.0,0.9614705882352941,0.925992169789415,1.0,1,0
14.461516595729522,166.76157498115225,-201.07403865527465,0.8165059211329508,0.9616176470588236,1.0,0.9616176470588236,0.9260411893972581,1.0,1,0
14.61442557327698,167.0356531055242,-201.62579142308908,0.8165059211329508,0.9616176470588236,1.0,0.9616176470588236,0.9260411893972581,1.0,1,0
15.059566930389789,167.35851288099096,-201.9021189050058,0.8165059211329508,0.9619117647058824,1.0,0.9619117647058824,0.9261392286129443,1.0,1,0
21.805405222802428,178.4419957259998,-201.36307039600047,0.6255646441215968,0.21911764705882353,0.6187948798001873,0.6187948798001873,0.48782572366020255,0.6255646441215968,0,0
21.66569506496773,177.8514842729671,-201.8179131746108,0.6159199120986448,0.22073529411764706,0.6228535747736497,0.6159199120986448,0.4865029269966472,0.6228535747736497,0,0
21.73836535270836,178.63263730378637,-202.10889669245023,0.6228787693810279,0.21911764705882353,0.6172338432719325,0.6172338432719325,0.48641008657059465,0.6228787693810279,0,0
21.58518555521365,178.08341388093663,-202.72327305833417,0.6120131852032719,0.22014705882352942,0.6197315017171402,0.6120131852032719,0.4839639152479805,0.6197315017171402,0,0
21.177015600436285,175.5153947710966,-202.0610096949375,0.7370284458552069,0.7751470588235294,0.9818919762722448,0.7751470588235294,0.8313558269836604,0.9818919762722448,0,0
21.474727953819244,176.90087556449708,-202.0424840534617,0.606031009644732,0.22044117647058822,0.6418982204183578,0.606031009644732,0.48945680217789267,0.6418982204183578,0,0
21.511711182827344,177.45197207767558,-202.54284538987184,0.6084727139543401,0.22044117647058822,0.6309709647205745,0.6084727139543401,0.4866282850485009,0.6309709647205745,0,0
21.30515147384132,176.11376365465762,-202.13449972474447,0.6065193505066536,0.22088235294117647,0.653137683421792,0.6065193505066536,0.49351312895654065,0.653137683421792,0,0
21.393776386444067,176.98735010695242,-202.81537297945428,0.60542058356733,0.22014705882352942,0.6453325007805183,0.60542058356733,0.4903000477237926,0.6453325007805183,0,0
21.30886349350003,176.45792246086526,-202.6775636261404,0.6055426687828104,0.22073529411764706,0.6515766468935373,0.6055426687828104,0.4926182032646649,0.6515766468935373,0,0
20.766556089882418,173.65526167807562,-201.1612790616216,0.7370284458552069,0.8985294117647059,0.9918826100530752,0.8985294117647059,0.8758134892243293,0.9918826100530752,0,0
17.61830207010849,168.78611059256005,-201.3196773325105,0.8165059211329508,0.9616176470588236,1.0,0.9616176470588236,0.9260411893972581,1.0,1,0
18.18172282767973,168.9523040903993,-200.45240718958576,0.8165059211329508,0.9614705882352941,1.0,0.9614705882352941,0.925992169789415,1.0,1,0
18.456160090402143,169.6688201960566,-201.4854741811364,0.8165059211329508,0.9616176470588236,1.0,0.9616176470588236,0.9260411893972581,1.0,1,0
18.976182606304604,169.8672707750885,-200.4905445433012,0.8165059211329508,0.9614705882352941,1.0,0.9614705882352941,0.925992169789415,1.0,1,0
19.229421641596893,170.63120395122203,-201.500264133915,0.8165059211329508,0.9614705882352941,1.0,0.9614705882352941,0.925992169789415,1.0,1,0
19.698520016972385,170.9381094795828,-200.48606286659688,0.8165059211329508,0.9614705882352941,1.0,0.9614705882352941,0.925992169789415,1.0,1,0
20.675623745340555,173.076210748224,-200.3669785737027,0.7370284458552069,0.9076470588235294,0.993131439275679,0.9076470588235294,0.8792689813181385,0.993131439275679,0,0
20.381259175927067,172.67950601101313,-201.3420923975376,0.8163838359174704,0.9494117647058824,1.0,0.9494117647058824,0.9219318668744508,1.0,0,0
20.264668333414704,172.04170213360646,-200.4392353905676,0.8165059211329508,0.9494117647058824,1.0,0.9494117647058824,0.9219725619462777,1.0,0,0
20.87077345898445,174.29805914138004,-201.87703498529183,0.7370284458552069,0.8829411764705882,0.9890727443022167,0.8829411764705882,0.869680788876004,0.9890727443022167,0,0
20.992476321746583,174.9921446379267,-202.4283779238837,0.7370284458552069,0.7911764705882353,0.9850140493287542,0.7911764705882353,0.8377396552573989,0.9850140493287542,0,0
16.268978515723003,167.9836548521133,-201.7723341653985,0.8165059211329508,0.9616176470588236,1.0,0.9616176470588236,0.9260411893972581,1.0,1,0
16.98316594662893,168.61631771899383,-202.08464466657,0.8165059211329508,0.9616176470588236,1.0,0.9616176470588236,0.9260411893972581,1.0,1,0
17.743313812545594,169.3701547376604,-202.3636778143924,0.8165059211329508,0.9616176470588236,1.0,0.9616176470588236,0.9260411893972581,1.0,1,0
21.402063772987383,177.4150808713472,-203.2812553896381,0.6049322427054084,0.21985294117647058,0.6365906962222916,0.6049322427054084,0.4871252933680568,0.6365906962222916,0,0
13.38540281701652,166.58021744709305,-201.69364775628384,0.8165059211329508,0.9614705882352941,1.0,0.9614705882352941,0.925992169789415,1.0,1,0
15.61883630185112,167.82928111104235,-202.2989415415128,0.8165059211329508,0.9619117647058824,1.0,0.9619117647058824,0.9261392286129443,1.0,1,0
14.086290496912032,166.83494390232153,-201.68376851877773,0.8165059211329508,0.9616176470588236,1.0,0.9616176470588236,0.9260411893972581,1.0,1,0
14.439848555585094,167.1713926014854,-202.15038627720264,0.8165059211329508,0.9616176470588236,1.0,0.9616176470588236,0.9260411893972581,1.0,1,0
14.990062474803608,167.64197673763152,-202.62240938787767,0.8165059211329508,0.9619117647058824,1.0,0.9619117647058824,0.9261392286129443,1.0,1,0
21.643993273733884,178.85348735814412,-202.95036840626656,0.6181174459772921,0.2189705882352941,0.6137995629097721,0.6137995629097721,0.48362919904078616,0.6181174459772921,0,0
21.45741475491472,178.19512837603162,-203.6626076275915,0.6067635209376144,0.21970588235294117,0.6197315017171402,0.6067635209376144,0.4820669683358986,0.6197315017171402,0,0
20.64766242395226,174.14197927547536,-202.91550031839145,0.7370284458552069,0.8888235294117647,0.9890727443022167,0.8888235294117647,0.8716415731897295,0.9890727443022167,0,0
21.12057265778314,175.76091610084532,-202.9053836534655,0.7370284458552069,0.7723529411764706,0.98033093974399,0.7723529411764706,0.8299041089252225,0.98033093974399,0,0
20.85153394487165,174.95985483945176,-203.22964789799605,0.7370284458552069,0.7995588235294118,0.9850140493287542,0.7995588235294118,0.8405337729044575,0.9850140493287542,0,0
21.20629352398578,176.5526769353221,-203.4966422729952,0.6059089244292516,0.22073529411764706,0.6522010615048393,0.6059089244292516,0.49294842668391264,0.6522010615048393,0,0
20.869702050723088,175.50600272166167,-203.94436152549247,0.7370284458552069,0.7763235294117647,0.9812675616609429,0.7763235294117647,0.8315398456426383,0.9812675616609429,0,0
19.89417339408519,171.7210163721933,-201.5257869105641,0.8165059211329508,0.9614705882352941,1.0,0.9614705882352941,0.925992169789415,1.0,1,0
20.506335478971767,173.38208173753495,-202.19777647418223,0.7370284458552069,0.9023529411764706,0.9928192319700281,0.9023529411764706,0.8774002063339018,0.9928192319700281,0,0
20.057541251712905,172.49130588975763,-202.48674831885444,0.8163838359174704,0.9494117647058824,1.0,0.9494117647058824,0.9219318668744508,1.0,0,0
20.48461733404961,174.39095199471342,-204.0488094570875,0.7370284458552069,0.8845588235294117,0.9875117077739619,0.8845588235294117,0.8696996590528601,0.9875117077739619,0,0
20.234941291302874,173.35004461579973,-203.37133113359369,0.8163838359174704,0.9494117647058824,1.0,0.9494117647058824,0.9219318668744508,1.0,0,0
19.382224773553727,171.3897408580067,-202.6364359940703,0.8165059211329508,0.9614705882352941,1.0,0.9614705882352941,0.925992169789415,1.0,1,0
18.548692189240544,170.34570969832606,-202.704048671086,0.8165059211329508,0.9616176470588236,1.0,0.9616176470588236,0.9260411893972581,1.0,1,0
21.51044413047413,179.11008765612442,-203.8951796087549,0.6136002930045171,0.21911764705882353,0.6122385263815173,0.6122385263815173,0.4816521554816193,0.6136002930045171,0,0
16.25517069960943,168.41199342343862,-202.71786184975127,0.8165059211329508,0.9616176470588236,1.0,0.9616176470588236,0.9260411893972581,1.0,1,0
15.515151351324477,168.19775532452135,-203.18457352805203,0.8165059211329508,0.9619117647058824,1.0,0.9619117647058824,0.9261392286129443,1.0,1,0
17.722251542671728,170.01647880279162,-203.63961908499863,0.8165059211329508,0.9616176470588236,1.0,0.9616176470588236,0.9260411893972581,1.0,1,0
16.926980923416615,169.1001276012825,-203.1537482444801,0.8165059211329508,0.9616176470588236,1.0,0.9616176470588236,0.9260411893972581,1.0,1,0
20.940610411082552,176.3349476821756,-204.6167214388371,0.7370284458552069,0.7664705882352941,0.9775210739931315,0.7664705882352941,0.8270067026945442,0.9775210739931315,0,0
21.24541451242592,177.3461718905068,-204.14399988686608,0.6049322427054084,0.22,0.6456447080861693,0.6049322427054084,0.49019231693052584,0.6456447080861693,0,0
21.30077317747557,178.34479175882603,-204.61813252020625,0.604810157489928,0.21941176470588236,0.6241024039962535,0.604810157489928,0.4827747753973546,0.6241024039962535,0,0
14.761857560055343,167.85585792757465,-203.307301037724,0.8165059211329508,0.9620588235294117,1.0,0.9620588235294117,0.9261882482207876,1.0,1,0
14.256361700496328,167.44656123955525,-202.96181899160385,0.8165059211329508,0.9619117647058824,1.0,0.9619117647058824,0.9261392286129443,1.0,1,0
13.781564598405016,166.97463624569147,-202.34440515842508,0.8165059211329508,0.9616176470588236,1.0,0.9616176470588236,0.9260411893972581,1.0,1,0
13.01285022929918,166.7559451022057,-202.5101088107595,0.8165059211329508,0.9614705882352941,1.0,0.9614705882352941,0.925992169789415,1.0,1,0
20.51878985591668,175.28231447954408,-205.0821393779119,0.7370284458552069,0.7898529411764705,0.9828285981891977,0.7898529411764705,0.8365699950736251,0.9828285981891977,0,0
20.00489823657385,174.2575865529769,-205.39779443218265,0.7370284458552069,0.8922058823529412,0.9890727443022167,0.8922058823529412,0.8727690241701215,0.9890727443022167,0,0
18.740424328456765,171.34729349225475,-204.10585763268205,0.8165059211329508,0.9614705882352941,1.0,0.9614705882352941,0.925992169789415,1.0,1,0
19.607003707948657,172.33659845644175,-203.7153229602213,0.8165059211329508,0.9614705882352941,1.0,0.9614705882352941,0.925992169789415,1.0,1,0
19.862610722341064,173.31148643628092,-204.52528355894285,0.8163838359174704,0.9494117647058824,1.0,0.9494117647058824,0.9219318668744508,1.0,0,0
20.06792799078458,175.2020383229101,-206.2786869000677,0.7370284458552069,0.8313235294117647,0.9850140493287542,0.8313235294117647,0.8511220081985753,0.9850140493287542,0,0
21.32275407974502,179.4091285844204,-204.9498567448216,0.6092052252472225,0.21926470588235294,0.6131751482984702,0.6092052252472225,0.48054835980934857,0.6131751482984702,0,0
16.05892873859799,168.82290075254377,-203.743519634974,0.8165059211329508,0.9616176470588236,1.0,0.9616176470588236,0.9260411893972581,1.0,1,0
19.340324803888528,174.03417598582084,-206.56293309274065,0.8165059211329508,0.9608823529411765,1.0,0.9608823529411765,0.9257960913580424,1.0,1,0
19.048566658248287,172.38570535536138,-205.07959346680715,0.8165059211329508,0.9614705882352941,1.0,0.9614705882352941,0.925992169789415,1.0,1,0
19.44762451757724,173.3583194922291,-205.577075975688,0.8165059211329508,0.9611764705882353,1.0,0.9611764705882353,0.9258941305737287,1.0,1,0
18.274917046179617,171.60267062345198,-205.2889618111752,0.8165059211329508,0.9614705882352941,1.0,0.9614705882352941,0.925992169789415,1.0,1,0
17.620297196779617,170.67477250581234,-204.8637486194681,0.8165059211329508,0.9614705882352941,1.0,0.9614705882352941,0.925992169789415,1.0,1,0
14.961965763484056,168.38016309803635,-204.10108554841744,0.8165059211329508,0.9619117647058824,1.0,0.9619117647058824,0.9261392286129443,1.0,1,0
14.137799879842492,167.7978321644035,-203.7958562890661,0.8165059211329508,0.9619117647058824,1.0,0.9619117647058824,0.9261392286129443,1.0,1,0
16.799569182909174,169.68985784842312,-204.35922520164328,0.8165059211329508,0.9614705882352941,1.0,0.9614705882352941,0.925992169789415,1.0,1,0
15.749632513780435,169.36678251048326,-204.9777452215068,0.8165059211329508,0.9614705882352941,1.0,0.9614705882352941,0.925992169789415,1.0,1,0
13.541501691796023,167.2565012854982,-203.2237742720762,0.8165059211329508,0.9616176470588236,1.0,0.9616176470588236,0.9260411893972581,1.0,1,0
21.00710969304848,177.36362965497952,-205.27408580069857,0.6029788792577219,0.22044117647058822,0.6484545738370278,0.6029788792577219,0.4906248765217793,0.6484545738370278,0,0
20.598087710039223,176.2694666117307,-205.8331994036481,0.7370284458552069,0.7698529411764706,0.9781454886044333,0.7698529411764706,0.8283422918787036,0.9781454886044333,0,0
21.058347601659666,178.5310936240274,-205.7783499755198,0.6055426687828104,0.22014705882352942,0.6372151108335935,0.6055426687828104,0.48763494614664443,0.6372151108335935,0,0
21.05999521708085,179.75898546423352,-206.12006236617069,0.6087168843853009,0.21941176470588236,0.6197315017171402,0.6087168843853009,0.48262005026944116,0.6197315017171402,0,0
20.67168825867302,177.44157037610267,-206.5112286974444,0.601513856671957,0.21926470588235294,0.6456447080861693,0.601513856671957,0.4888077568801597,0.6456447080861693,0,0
20.7219621385162,178.7698478002161,-207.03214716103383,0.6029788792577219,0.22088235294117647,0.6425226350296597,0.6029788792577219,0.48879462240951926,0.6425226350296597,0,0
20.14076242719296,176.30405561127466,-207.08774674784715,0.7370284458552069,0.774264705882353,0.9793943178270371,0.774264705882353,0.8302291565215323,0.9793943178270371,0,0
12.57330801415348,166.92672377592802,-203.3143991189864,0.8165059211329508,0.9614705882352941,1.0,0.9614705882352941,0.925992169789415,1.0,1,0
13.123407655816049,167.51199717554323,-204.1301551740189,0.8165059211329508,0.9616176470588236,1.0,0.9616176470588236,0.9260411893972581,1.0,1,0
19.41663330777421,175.1496948352248,-207.5163357284386,0.7370284458552069,0.8766176470588235,0.9862628785513581,0.8766176470588235,0.8666363238217961,0.9862628785513581,0,0
18.65304395520045,173.98379454993994,-207.53846183062507,0.8165059211329508,0.960735294117647,1.0,0.960735294117647,0.9257470717501993,1.0,1,0
20.198630798041656,177.58633268634247,-207.8286415252347,0.7370284458552069,0.7566176470588235,0.9743990009366219,0.7566176470588235,0.8226816979502174,0.9743990009366219,0,0
20.69348170099402,180.1694736358097,-207.41317511491275,0.6137223782199975,0.22088235294117647,0.6315953793318764,0.6137223782199975,0.48873337016435014,0.6315953793318764,0,0
14.683467783844238,169.0624922947658,-205.4867212419153,0.8165059211329508,0.9614705882352941,1.0,0.9614705882352941,0.925992169789415,1.0,1,0
18.34142140156388,172.67782035140692,-206.55924774155795,0.8165059211329508,0.9611764705882353,1.0,0.9611764705882353,0.9258941305737287,1.0,1,0
16.576834758268244,170.44583560373974,-205.73552138317365,0.8165059211329508,0.9614705882352941,1.0,0.9614705882352941,0.925992169789415,1.0,1,0
17.50971280779941,171.36445475974563,-205.96291943846828,0.8165059211329508,0.9614705882352941,1.0,0.9614705882352941,0.925992169789415,1.0,1,0
13.864497033666838,168.2263717509797,-204.82941831783245,0.8165059211329508,0.9616176470588236,1.0,0.9616176470588236,0.9260411893972581,1.0,1,0
15.480847529547594,170.1578837605009,-206.3639385832763,0.8165059211329508,0.9614705882352941,1.0,0.9614705882352941,0.925992169789415,1.0,1,0
20.229349255649986,179.05410606174485,-208.4254237826408,0.6049322427054084,0.21955882352941178,0.6306587574149235,0.6049322427054084,0.4850499412165812,0.6306587574149235,0,0
19.430125648993062,176.39592320109367,-208.47984524922745,0.7370284458552069,0.7802941176470588,0.9809553543552919,0.7802941176470588,0.8327593059525192,0.9809553543552919,0,0
13.425114812524622,168.67704351820373,-205.94025791071184,0.8165059211329508,0.9614705882352941,1.0,0.9614705882352941,0.925992169789415,1.0,1,0
12.06198022939119,167.16595117361692,-204.2836006397673,0.8165059211329508,0.9614705882352941,1.0,0.9614705882352941,0.925992169789415,1.0,1,0
12.652992505215256,167.84745865188066,-205.1660263818654,0.8165059211329508,0.9614705882352941,1.0,0.9614705882352941,0.925992169789415,1.0,1,0
18.24681901633352,174.9455291083739,-208.87437543228643,0.3055792943474545,0.032058823529411765,0.5235716515766469,0.3055792943474545,0.287069923151171,0.5235716515766469,0,0
17.400515237474572,173.26570665980745,-208.20797050923164,0.3059455499938957,0.025588235294117648,0.5245082734935997,0.3059455499938957,0.28534735292720437,0.5245082734935997,0,0
19.507189749370347,177.8288723503703,-209.2496007101426,0.7370284458552069,0.7675,0.9772088666874805,0.7675,0.8272457708475626,0.9772088666874805,0,0
20.183817783773,180.6512303182479,-208.8290988297729,0.6159199120986448,0.22191176470588236,0.6162972213549797,0.6159199120986448,0.48470963271983564,0.6162972213549797,0,0
19.54814315754145,179.4423211605539,-209.88600291208948,0.6244658771822732,0.22044117647058822,0.6497034030596316,0.6244658771822732,0.498203485570831,0.6497034030596316,0,0
14.16037991391444,169.60426885537825,-206.70733963490707,0.8165059211329508,0.9614705882352941,1.0,0.9614705882352941,0.925992169789415,1.0,1,0
16.529855230507437,171.63313424328575,-207.272164751204,0.8165059211329508,0.9610294117647059,1.0,0.9610294117647059,0.9258451109658856,1.0,1,0
14.820611292460056,170.55414036719253,-207.4158416797396,0.8165059211329508,0.9611764705882353,1.0,0.9611764705882353,0.9258941305737287,1.0,1,0
11.434526556683284,167.43878913198242,-205.3585861291535,0.8165059211329508,0.9614705882352941,1.0,0.9614705882352941,0.925992169789415,1.0,1,0
12.81807534778148,169.11861066014788,-207.0841841626112,0.8165059211329508,0.9614705882352941,1.0,0.9614705882352941,0.925992169789415,1.0,1,0
18.541436025101127,176.68414292720325,-209.85438667187387,0.30606763520937613,0.03338235294117647,0.5235716515766469,0.30606763520937613,0.2876738799090665,0.5235716515766469,0,0
12.099350162952613,168.24953330498656,-206.311513338252,0.8165059211329508,0.9614705882352941,1.0,0.9614705882352941,0.925992169789415,1.0,1,0
17.385869072387905,175.72114004179446,-210.3569366563235,0.3057013795629349,0.028970588235294116,0.5235716515766469,0.3057013795629349,0.286081206458292,0.5235716515766469,0,0
17.402227373831625,177.00682140164656,-211.29100106869427,0.07618117445977292,0.061911764705882354,0.7930065563534187,0.07618117445977292,0.31036649850635795,0.7930065563534187,0,0
16.581395669173563,174.35570076315358,-209.9384470271756,0.30680014650225856,0.021176470588235293,0.5235716515766469,0.30680014650225856,0.2838494228890469,0.5235716515766469,0,0
15.812875308161225,172.82547191924033,-209.13315117004663,0.3078989134415822,0.0125,0.5254448954105526,0.3078989134415822,0.28194793628404496,0.5254448954105526,0,0
18.607533759637608,178.20629454288735,-210.7041973871676,0.08314003174215602,0.06720588235294117,0.836403371838901,0.08314003174215602,0.328916428644666,0.836403371838901,0,0
19.481513181249195,181.21391197159863,-210.36031652235232,0.6297155414479306,0.22661764705882353,0.6256634405245083,0.6256634405245083,0.49399887634375417,0.6297155414479306,0,0
18.655793826928964,179.94950421317887,-211.441453187784,0.09766817238432426,0.06897058823529412,0.8117389946924758,0.09766817238432426,0.3261259184373647,0.8117389946924758,0,0
18.59276736134389,181.83335094099635,-212.0001273318482,0.6785496276400927,0.2536764705882353,0.6984077427411801,0.6785496276400927,0.5435446136565028,0.6984077427411801,0,0
17.65483670006569,180.5454393921508,-213.0575405936133,0.08521548040532291,0.010147058823529412,0.5953793318763659,0.08521548040532291,0.23024729036840608,0.5953793318763659,0,0
13.6535958540998,170.23134710683803,-207.92210251879544,0.8165059211329508,0.9610294117647059,1.0,0.9610294117647059,0.9258451109658856,1.0,1,0
14.680256373072512,171.54476822122493,-208.6725636610024,0.8165059211329508,0.960735294117647,1.0,0.960735294117647,0.9257470717501993,1.0,1,0
10.75611653247775,167.75988511024363,-206.5208249303596,0.8165059211329508,0.9614705882352941,1.0,0.9614705882352941,0.925992169789415,1.0,1,0
11.44693035224774,168.68499100870514,-207.5243877342604,0.8165059211329508,0.9614705882352941,1.0,0.9614705882352941,0.925992169789415,1.0,1,0
12.269958812296148,169.51542941990604,-208.0638875901619,0.8165059211329508,0.9611764705882353,1.0,0.9611764705882353,0.9258941305737287,1.0,1,0
17.559655782265008,178.73192766771956,-212.24079931147,0.07325112928824319,0.05808823529411765,0.7926943490477677,0.07325112928824319,0.30801123787670953,0.7926943490477677,0,0
16.263666532408067,177.5477985950276,-212.80426519761,0.09009888902453912,0.06705882352941177,0.7867624102403996,0.09009888902453912,0.3146400409314502,0.7867624102403996,0,0
15.02179375785679,173.88873681853903,-210.76467516675112,0.3080209986570626,0.012205882352941176,0.5254448954105526,0.3080209986570626,0.28189059214018547,0.5254448954105526,0,0
15.983929556835994,175.56801866190457,-211.4752958960163,0.12086436332560127,0.06985294117647059,0.7867624102403996,0.12086436332560127,0.3258265715808238,0.7867624102403996,0,0
13.99733785824273,172.49794556347513,-210.1922518176561,0.3076547430106214,0.01161764705882353,0.5310646269122697,0.3076547430106214,0.2834456723272382,0.5310646269122697,0,0
17.61358579993553,182.4381852530041,-213.70335624200072,0.07483823708948846,0.01,0.5532313456134873,0.07483823708948846,0.21268986090099193,0.5532313456134873,0,0
16.456580532509964,179.23355348617423,-213.82223278620685,0.08179709437187156,0.01,0.562285357477365,0.08179709437187156,0.2180274839497455,0.562285357477365,0,0
12.505591239988064,170.8104324036998,-209.5002446612572,0.3078989134415822,0.011029411764705883,0.5404308460817984,0.3078989134415822,0.2864530570960288,0.5404308460817984,0,0
9.96300635379671,168.18610963189028,-207.93466943086608,0.8165059211329508,0.9614705882352941,1.0,0.9614705882352941,0.925992169789415,1.0,1,0
10.975297951447663,169.4267214857541,-208.9837660422907,0.8165059211329508,0.9611764705882353,1.0,0.9611764705882353,0.9258941305737287,1.0,1,0
14.849262839363472,176.59659467928472,-213.3895197338373,0.08191917958735197,0.00926470588235294,0.5138932251014674,0.08191917958735197,0.20169237019039077,0.5138932251014674,0,0
15.380728362483834,178.0369835338928,-214.12163341015028,0.073495299719204,0.009411764705882352,0.522635029659694,0.073495299719204,0.20184736469492678,0.522635029659694,0,0
13.37351449922454,175.87736830302072,-214.20883008593137,0.06079843730924185,0.007941176470588234,0.48735560412113643,0.06079843730924185,0.1853650726336555,0.48735560412113643,0,0
14.0442409171789,174.8325105412387,-212.45529575026936,0.18642412403857891,0.07088235294117647,0.7686543865126444,0.18642412403857891,0.3419869544974666,0.7686543865126444,0,0
12.408998070809876,174.2593825771169,-213.40293524084325,0.04761323403735808,0.0075,0.4545738370277865,0.04761323403735808,0.16989569035504817,0.4545738370277865,0,0
13.191636873159418,173.42407445521667,-211.77079602998995,0.307532657795141,0.011176470588235295,0.5341866999687793,0.307532657795141,0.28429860945071855,0.5341866999687793,0,0
11.99270774637468,171.8006251986522,-211.0442170829021,0.3078989134415822,0.011029411764705883,0.5413674679987511,0.3078989134415822,0.28676526440167976,0.5413674679987511,0,0
10.48737457360875,170.22477725625942,-210.47298851644584,0.30863142473446464,0.011029411764705883,0.5457383702778645,0.30863142473446464,0.2884664022590117,0.5457383702778645,0,0
10.146795325330164,171.14968506544096,-212.00845869073527,0.30924185081186667,0.011029411764705883,0.5466749921948174,0.30924185081186667,0.2889820849237967,0.5466749921948174,0,0
8.961600282061466,168.64007182897666,-209.59754309131813,0.31339274813820045,0.011029411764705883,0.5482360287230721,0.31339274813820045,0.29088606287532615,0.5482360287230721,0,0
8.884003805649915,169.6974786879709,-211.3466059080479,0.31327066292272004,0.011029411764705883,0.5516703090852326,0.31327066292272004,0.2919901279242195,0.5516703090852326,0,0
7.746996444831665,168.6170972217278,-210.83475088127395,0.32071786106702477,0.011029411764705883,0.5650952232282236,0.32071786106702477,0.29894749868665144,0.5650952232282236,0,0
11.417330157270236,172.75465103638962,-212.6718609274632,0.14186302038823098,0.05367647058823529,0.7414923509210115,0.14186302038823098,0.31234394729915926,0.7414923509210115,0,0
11.717190966687603,192.5499088967561,-199.59697706057875,0.7183494078867049,0.4675,0.9918826100530752,0.7183494078867049,0.7259106726465934,0.9918826100530752,0,0
12.762345304349072,192.38534416974323,-199.9428944155841,0.6888047857404468,0.35823529411764704,0.9887605369965657,0.6888047857404468,0.67860020561822,0.9887605369965657,0,0
12.031767116504202,192.74999568999664,-200.60990296900985,0.7159077035770968,0.46,0.987199500468311,0.7159077035770968,0.7210357346818026,0.987199500468311,0,0
11.464007436991666,192.7790681260395,-200.2375295647412,0.7188377487486265,0.48764705882352943,0.9893849516078677,0.7188377487486265,0.7319565863933413,0.9893849516078677,0,0
12.114366994573633,192.58042823993244,-200.0498967963672,0.7149310218532535,0.4475,0.9890727443022167,0.7149310218532535,0.7171679220518236,0.9890727443022167,0,0
12.561101683924544,192.578425993684,-200.51173251122057,0.7007691368575265,0.4041176470588235,0.9862628785513581,0.7007691368575265,0.697049887489236,0.9862628785513581,0,0
12.377347663461055,192.7633238955094,-201.0142875730572,0.7106580393114393,0.44073529411764706,0.9834530128004996,0.7106580393114393,0.7116154487431953,0.9834530128004996,0,0
11.960524046509429,192.8887743593352,-201.03384743963088,0.7167623000854596,0.46397058823529413,0.9853262566344052,0.7167623000854596,0.7220197149850529,0.9853262566344052,0,0
10.984846718548049,192.7040536444707,-199.6947007228768,0.7193260896105481,0.5147058823529411,0.9928192319700281,0.7193260896105481,0.7422837346445057,0.9928192319700281,0,0
10.79808303464,192.9150663742485,-200.2605631418785,0.7194481748260285,0.5477941176470589,0.9912581954417733,0.7194481748260285,0.7528334959716202,0.9912581954417733,0,0
11.561858904594429,192.92912748704688,-200.81365232793087,0.7188377487486265,0.48264705882352943,0.98688729316266,0.7188377487486265,0.7294573669116055,0.98688729316266,0,0
11.13580746363277,192.9875023170225,-200.6842643765502,0.7193260896105481,0.5017647058823529,0.9890727443022167,0.7193260896105481,0.7367211799317058,0.9890727443022167,0,0
11.671153704017105,193.06013330270352,-201.3316846434624,0.7188377487486265,0.47352941176470587,0.9828285981891977,0.7188377487486265,0.7250652529008433,0.9828285981891977,0,0
11.167100808552878,193.1267377868897,-201.12879786910503,0.7193260896105481,0.49470588235294116,0.9862628785513581,0.7193260896105481,0.7334316168382825,0.9862628785513581,0,0
10.69356034764354,193.12689305948533,-200.82115194742,0.7194481748260285,0.5402941176470588,0.9884483296909148,0.7194481748260285,0.7493968740546674,0.9884483296909148,0,0
12.211451814400554,192.94182800200176,-201.45937476399945,0.7159077035770968,0.4516176470588235,0.98033093974399,0.7159077035770968,0.7159520967933034,0.98033093974399,0,0
10.037259901044076,193.07968501276767,-200.38783201812456,0.7195702600415089,0.5929411764705882,0.9915704027474243,0.7195702600415089,0.7680272797531739,0.9915704027474243,0,0
10.261122330617818,192.8480028936825,-199.8428233283587,0.7194481748260285,0.5932352941176471,0.9928192319700281,0.7194481748260285,0.7685009003045679,0.9928192319700281,0,0
11.856729714023912,193.1649217292139,-201.8096361920437,0.7183494078867049,0.45485294117647057,0.9778332812987824,0.7183494078867049,0.7170118767873194,0.9778332812987824,0,0
11.274429085256068,193.2752678966581,-201.64818444332693,0.7190819191795873,0.4726470588235294,0.98033093974399,0.7190819191795873,0.7240199725823689,0.98033093974399,0,0
10.689439678841737,193.33432559165624,-201.3937184770824,0.7194481748260285,0.4923529411764706,0.9828285981891977,0.7194481748260285,0.731543238063899,0.9828285981891977,0,0
10.085482874517067,193.3159271732294,-201.01069326975284,0.7194481748260285,0.5420588235294118,0.987199500468311,0.7194481748260285,0.7495688329412505,0.987199500468311,0,0
9.649089889245644,193.5312285541728,-201.33367761061675,0.7194481748260285,0.5364705882352941,0.9828285981891977,0.7194481748260285,0.7462491204168401,0.9828285981891977,0,0
9.381319151514472,193.2918245064236,-200.6873979403892,0.7195702600415089,0.5822058823529411,0.9890727443022167,0.7195702600415089,0.7636162955655555,0.9890727443022167,0,0
9.444261453433434,192.91393518803423,-199.82350833784443,0.7196923452569893,0.6260294117647058,0.9928192319700281,0.7196923452569893,0.7795136629972411,0.9928192319700281,0,0
8.560643599213,193.22859388370392,-200.34865314690524,0.7196923452569893,0.6192647058823529,0.9906337808304714,0.7196923452569893,0.7765302773232712,0.9906337808304714,0,0
8.427243610291272,192.883595070828,-199.608415930927,0.7537541203760225,0.9014705882352941,0.9903215735248205,0.9014705882352941,0.8818487607120457,0.9903215735248205,0,0
11.448244279186744,193.42767695762024,-202.1976044193036,0.7179831522402637,0.4497058823529412,0.9747112082422729,0.7179831522402637,0.7141334142784926,0.9747112082422729,0,0
10.790425373096785,193.53079810430165,-201.98635442051923,0.7190819191795873,0.4717647058823529,0.9775210739931315,0.7190819191795873,0.7227892330183572,0.9775210739931315,0,0
10.144570254205703,193.57052507638485,-201.6749486808549,0.7194481748260285,0.49426470588235294,0.98033093974399,0.7194481748260285,0.7313479401507905,0.98033093974399,0,0
10.974848090607145,193.73907397767903,-202.6288039802342,0.7183494078867049,0.44823529411764707,0.9715891351857634,0.7183494078867049,0.712724612396705,0.9715891351857634,0,0
9.462418681357263,193.85071617993705,-201.96462538528573,0.7194481748260285,0.49926470588235294,0.9743990009366219,0.7194481748260285,0.7310372938816677,0.9743990009366219,0,0
8.760805669603107,193.67885369288817,-201.31735057559249,0.7195702600415089,0.5685294117647058,0.9790821105213862,0.7195702600415089,0.7557272607758669,0.9790821105213862,0,0
7.659849909868952,193.12591367034025,-199.9783612527832,0.7531436942986205,0.7744117647058824,0.9812675616609429,0.7744117647058824,0.8362743402218152,0.9812675616609429,0,0
7.702465758915261,193.5834608086648,-200.82574503808968,0.7470394335246001,0.7342647058823529,0.9747112082422729,0.7470394335246001,0.8186717825497419,0.9747112082422729,0,0
10.21265317661398,193.8355028923808,-202.35369954100003,0.7190819191795873,0.47411764705882353,0.9731501717140181,0.7190819191795873,0.7221165793174763,0.9731501717140181,0,0
10.427862552414396,194.10846881206749,-203.1003146989196,0.7187156635331461,0.45926470588235296,0.9653449890727444,0.7187156635331461,0.7144417861627478,0.9653449890727444,0,0
8.66017353499922,194.1731125468772,-202.2606990496658,0.7194481748260285,0.5461764705882353,0.9700280986575086,0.7194481748260285,0.7452175813572574,0.9700280986575086,0,0
9.791907829729524,194.55047465471955,-203.6108008199845,0.7190819191795873,0.48205882352941176,0.9591008429597253,0.7190819191795873,0.7200805285562414,0.9591008429597253,0,0
9.532249352524746,194.20981887443725,-202.7730505124684,0.7194481748260285,0.4889705882352941,0.96721823290665,0.7194481748260285,0.7252123319893241,0.96721823290665,0,0
7.765203142339072,194.0667790905592,-201.71149003052216,0.7408130875350994,0.6520588235294118,0.9700280986575086,0.7408130875350994,0.7876333365740066,0.9700280986575086,0,0
8.820902455868037,194.63200051527204,-203.22411829772287,0.7194481748260285,0.5364705882352941,0.9609740867936309,0.7194481748260285,0.7389642832849845,0.9609740867936309,0,0
7.891711082386959,194.56993115007447,-202.6633753673625,0.7195702600415089,0.5947058823529412,0.9634717452388386,0.7195702600415089,0.7592492958777628,0.9634717452388386,0,0
9.051817931651447,195.0752853202452,-204.15806366626737,0.7192040043950677,0.49426470588235294,0.9469247580393381,0.7192040043950677,0.7201311561055862,0.9469247580393381,0,0
8.005722624932366,195.11315511656184,-203.6820021828684,0.7194481748260285,0.5469117647058823,0.9556665625975648,0.7194481748260285,0.7406755007098252,0.9556665625975648,0,0
8.187182528415327,195.6900552318168,-204.7401140840596,0.7194481748260285,0.49661764705882355,0.9441148922884796,0.7194481748260285,0.7200602380577772,0.9441148922884796,0,0
9.280983967439733,197.9322706361663,-213.92659868994457,0.0,0.0,0.17296284733062753,0.0,0.05765428244354251,0.17296284733062753,0,0
10.094076451792764,197.3878958156614,-212.9730240805931,0.0,0.0,0.1726506400249766,0.0,0.057550213341658864,0.1726506400249766,0,0
11.435667650871425,195.9086435513131,-213.88134209262665,0.0,0.0,0.17702154230408992,0.0,0.05900718076802997,0.17702154230408992,0,0
12.33375366772152,193.03501993219413,-201.8385096087616,0.7151751922842143,0.43911764705882356,0.9772088666874805,0.7151751922842143,0.7105005686768395,0.9772088666874805,0,0
12.678171056292111,192.8558330081616,-201.63450400031545,0.7055304602612623,0.41794117647058826,0.9775210739931315,0.7055304602612623,0.7003309035749941,0.9775210739931315,0,0
13.179157626883724,192.75070455181063,-201.82066130781664,0.6719570260041509,0.3527941176470588,0.974086793630971,0.6719570260041509,0.6662793124273936,0.974086793630971,0,0
12.725148910518806,193.0359643512115,-202.17716719154424,0.7089488462947137,0.3901470588235294,0.9719013424914142,0.7089488462947137,0.6903324158698858,0.9719013424914142,0,0
13.217924420278376,192.9165585999453,-202.3361145269164,0.6837992919057502,0.3373529411764706,0.9700280986575086,0.6837992919057502,0.6637267772465765,0.9700280986575086,0,0
13.730327845149333,192.62110449109463,-202.0562616965895,0.3988523989744842,0.07323529411764707,0.9634717452388386,0.3988523989744842,0.4785198127769899,0.9634717452388386,0,0
12.758913924496484,193.2187534348712,-202.66393092407367,0.6977170064705164,0.3452941176470588,0.9684670621292538,0.6977170064705164,0.670492728748943,0.9684670621292538,0,0
13.313496271209935,193.0561033779473,-202.80024354964144,0.39726529117323894,0.07147058823529412,0.9622229160162348,0.39726529117323894,0.47698626514158926,0.9622229160162348,0,0
12.15133172159764,193.2962464280044,-202.36149100551967,0.7140764253448907,0.41558823529411765,0.9719013424914142,0.7140764253448907,0.7005220010434742,0.9719013424914142,0,0
13.797184283059591,192.7675954769557,-202.56631979836712,0.36894152118178486,0.06279411764705882,0.9622229160162348,0.36894152118178486,0.4646528516150261,0.9622229160162348,0,0
14.326636742979831,192.4457619768164,-202.3548875291193,0.3402514955438896,0.05058823529411765,0.9622229160162348,0.3402514955438896,0.4510208822847474,0.9622229160162348,0,0
14.28309692431134,192.59663802970945,-202.84561737665845,0.31998534977414234,0.0425,0.9591008429597253,0.31998534977414234,0.44052873091128925,0.9591008429597253,0,0
14.921251972501056,192.15341152600152,-202.7676899569997,0.2919057502136491,0.036470588235294116,0.9534811114580081,0.2919057502136491,0.4272858166356504,0.9534811114580081,0,0
14.545151598643717,192.5476022520278,-203.4232727203961,0.29520205103162006,0.03676470588235294,0.9463003434280363,0.29520205103162006,0.4260890334473364,0.9463003434280363,0,0
13.7870542592035,193.01434859297603,-203.3205402127575,0.3464778415333903,0.0525,0.9581642210427724,0.3464778415333903,0.45238068752538757,0.9581642210427724,0,0
14.153396657580076,192.96984425928625,-204.0906909301796,0.3218166280063484,0.04338235294117647,0.9425538557602248,0.3218166280063484,0.4359176122359165,0.9425538557602248,0,0
13.397782980820988,193.4560800379462,-204.0391476150192,0.3848125991942376,0.07323529411764707,0.9559787699032157,0.3848125991942376,0.47134222107170015,0.9559787699032157,0,0
12.261262003110932,193.59723587515936,-203.1224076510605,0.6984495177633988,0.345,0.9653449890727444,0.6984495177633988,0.6695981689453809,0.9653449890727444,0,0
13.04951835726817,193.366258847296,-203.305769592576,0.6538884141130509,0.2680882352941176,0.9622229160162348,0.6538884141130509,0.6280665218078011,0.9622229160162348,0,0
11.625648915402325,193.69196963850257,-202.89786137174465,0.7140764253448907,0.40794117647058825,0.9700280986575086,0.7140764253448907,0.6973485668243291,0.9700280986575086,0,0
12.499270937535323,193.8900748934168,-203.9895368091346,0.6702478329874252,0.2933823529411765,0.9591008429597253,0.6702478329874252,0.6409103429627757,0.9591008429597253,0,0
12.82637855602344,194.01461040620265,-204.73709692320693,0.3936027347088268,0.08308823529411764,0.9494224164845457,0.3936027347088268,0.4753711288291634,0.9494224164845457,0,0
13.731510634579378,193.43456939975192,-204.7917444312229,0.3282871444268099,0.0651470588235294,0.9400561973150172,0.3282871444268099,0.44449680018845217,0.9400561973150172,0,0
11.7614760450001,194.0334897292016,-203.67867024384407,0.7067513124160664,0.3688235294117647,0.9625351233218857,0.7067513124160664,0.679369988383239,0.9625351233218857,0,0
11.070591464706558,194.0931071112076,-203.3961023830133,0.7161518740080576,0.4310294117647059,0.9640961598501405,0.7161518740080576,0.7037591485409681,0.9640961598501405,0,0
11.828220480081889,194.45914922457249,-204.6136029929832,0.703943352460017,0.3736764705882353,0.9425538557602248,0.703943352460017,0.6733912262694924,0.9425538557602248,0,0
11.189473913846872,194.44409528075715,-204.1161511460257,0.7149310218532535,0.4263235294117647,0.9556665625975648,0.7149310218532535,0.698973704620861,0.9556665625975648,0,0
10.54569962652115,194.5651841565631,-203.9997722614505,0.7183494078867049,0.46,0.9559787699032157,0.7183494078867049,0.7114427259299735,0.9559787699032157,0,0
13.265937125889762,193.9551700573029,-205.54422388582665,0.37931876449761937,0.07808823529411765,0.9375585388698096,0.37931876449761937,0.4649885128871822,0.9375585388698096,0,0
12.402674423085184,194.5139725702909,-205.46788377846687,0.6640214869979245,0.3270588235294118,0.8997814548860443,0.6640214869979245,0.6302872551377935,0.8997814548860443,0,0
10.88011233947973,194.9293639228958,-204.82863047695767,0.7149310218532535,0.4497058823529412,0.9275679050889791,0.7149310218532535,0.6974016030983913,0.9275679050889791,0,0
11.606288189157608,194.8681493178147,-205.2966496085647,0.7000366255646441,0.40647058823529414,0.9044645644708086,0.7000366255646441,0.670323926090249,0.9044645644708086,0,0
9.880179973000454,195.0615160364784,-204.5271962247534,0.7187156635331461,0.4747058823529412,0.9381829534811115,0.7187156635331461,0.7105348331223995,0.9381829534811115,0,0
12.743449195725663,194.5432764200948,-206.36273053972243,0.48480039067268954,0.14411764705882352,0.9550421479862629,0.48480039067268954,0.527986728572592,0.9550421479862629,0,0
11.840115060289223,195.1258365819356,-206.25396966069712,0.67171285557319,0.35705882352941176,0.8014361536059944,0.67171285557319,0.6100692775695321,0.8014361536059944,0,0
12.144407011131683,195.21447101024435,-207.2685490871083,0.6800146502258576,0.33941176470588236,0.7867624102403996,0.6800146502258576,0.6020629417240465,0.7867624102403996,0,0
10.842056047743206,195.5130461060752,-205.9340063447492,0.7139543401294103,0.43,0.8847955042147986,0.7139543401294103,0.6762499481147364,0.8847955042147986,0,0
10.117151300387004,195.4765718851255,-205.3399510445321,0.71688438530094,0.4561764705882353,0.9097720886668748,0.71688438530094,0.69427764818535,0.9097720886668748,0,0
9.198592214034194,195.68835680812296,-205.2095558088976,0.7190819191795873,0.4758823529411765,0.9288167343115828,0.7190819191795873,0.7079270021441156,0.9288167343115828,0,0
10.993355622582737,195.87986166524243,-206.95587074262733,0.7167623000854596,0.4395588235294118,0.8782391507961286,0.7167623000854596,0.678186758137,0.8782391507961286,0,0
11.444678428288125,195.982732392965,-208.28401205417003,0.7165181296544988,0.4176470588235294,0.909147674055573,0.7165181296544988,0.6811042875112004,0.909147674055573,0,0
9.807401636005466,196.1001112241212,-206.2372471218916,0.7190819191795873,0.47205882352941175,0.9175772713081486,0.7190819191795873,0.7029060046723825,0.9175772713081486,0,0
10.113454834508158,196.6632640950168,-207.70348659798847,0.7192040043950677,0.4701470588235294,0.9484857945675929,0.7192040043950677,0.7126122859287299,0.9484857945675929,0,0
10.629017581189537,196.834738554172,-209.4082915376475,0.7188377487486265,0.4717647058823529,0.9622229160162348,0.7188377487486265,0.7176084568824047,0.9622229160162348,0,0
8.424981054347654,196.36919263321403,-205.88977481673777,0.7194481748260285,0.5441176470588235,0.9484857945675929,0.7194481748260285,0.7373505388174816,0.9484857945675929,0,0
8.856541181388604,197.0426282218505,-207.25973394892333,0.7194481748260285,0.504264705882353,0.9622229160162348,0.7194481748260285,0.7286452655748721,0.9622229160162348,0,0
9.229034952147966,197.5881304683081,-208.8534353893485,0.0,0.0,0.2235404308460818,0.0,0.07451347694869394,0.2235404308460818,0,0
9.688087622227654,197.7153951142086,-210.63372002904268,0.0,0.0,0.17296284733062753,0.0,0.05765428244354251,0.17296284733062753,0,0
22.057581011133053,180.8758836468566,-200.0115169747476,0.3936027347088268,0.06764705882352941,0.7467998751170778,0.3936027347088268,0.4026832228831447,0.7467998751170778,0,0
22.05145800732862,180.41123385657195,-200.2597445933658,0.3937248199243072,0.07220588235294118,0.7492975335622853,0.3937248199243072,0.4050760786131779,0.7492975335622853,0,0
22.079086203606217,179.88051925913746,-200.00743255025407,0.37077279941399094,0.07220588235294118,0.7536684358413986,0.37077279941399094,0.3988823725361102,0.7536684358413986,0,0
21.98590912820486,181.0192313265911,-200.5560372487116,0.3914052008301795,0.06720588235294117,0.7458632532001249,0.3914052008301795,0.40149144546108184,0.7458632532001249,0,0
22.015565666730907,179.99643953066348,-200.59757008560305,0.36430228299352946,0.07147058823529412,0.7530440212300968,0.36430228299352946,0.3962722974863068,0.7530440212300968,0,0
21.964989787172048,181.6854234609245,-200.0795772620924,0.37126114027591256,0.04352941176470588,0.7499219481735873,0.37126114027591256,0.38823750007140195,0.7499219481735873,0,0
18.86019675728257,188.2859894527653,-199.94515501384927,0.32963008179709435,0.04352941176470588,0.7914455198251639,0.32963008179709435,0.388201671128988,0.7914455198251639,0,0
19.29073282738528,187.7500389210917,-199.8028202950168,0.3098522768892687,0.04161764705882353,0.7880112394630034,0.3098522768892687,0.37982705447036524,0.7880112394630034,0,0
21.893023304195747,181.5429611757108,-200.8802575636822,0.3782199975582957,0.04941176470588235,0.7477364970340306,0.3782199975582957,0.39178941976606957,0.7477364970340306,0,0
21.96241043282262,180.5965339325578,-200.9762546379849,0.3912831156146991,0.0711764705882353,0.7477364970340306,0.3912831156146991,0.4033986944123216,0.7477364970340306,0,0
21.90910575134828,181.11145051899751,-201.13563184956664,0.3887193260896106,0.06764705882352941,0.745238838588823,0.3887193260896106,0.40053507450065434,0.745238838588823,0,0
21.937393668596744,180.18000403728297,-201.2636585660997,0.35697717006470514,0.07102941176470588,0.752107399313144,0.35697717006470514,0.3933713270475183,0.752107399313144,0,0
21.93333548091562,179.6138052348076,-201.2024505362049,0.32706629227200584,0.06852941176470588,0.758039338120512,0.32706629227200584,0.384545014052408,0.758039338120512,0,0
21.920443297596343,178.96173073152156,-200.9005654827856,0.6297155414479306,0.21823529411764706,0.6266000624414612,0.6266000624414612,0.49151696600234623,0.6297155414479306,0,0
22.009811367776656,179.43234483735668,-200.4556535870138,0.3306067635209376,0.06941176470588235,0.7596003746487667,0.3306067635209376,0.3865396342918623,0.7596003746487667,0,0
18.452596432864528,188.7653573233093,-199.63117611880512,0.35246001709193014,0.04441176470588235,0.8719950046831095,0.35246001709193014,0.42295559549364065,0.8719950046831095,0,0
17.98030536318036,189.27215547425064,-199.88242887896084,0.3657673055792943,0.05088235294117647,0.9250702466437715,0.3657673055792943,0.4472399683880808,0.9250702466437715,0,0
18.42055924918753,188.7907015504383,-200.42359315303028,0.35050665364424366,0.05808823529411765,0.8513893225101468,0.35050665364424366,0.4199947371495027,0.8513893225101468,0,0
18.85346963751961,188.27075079736665,-200.58089164900352,0.33365889390794773,0.05323529411764706,0.7895722759912582,0.33365889390794773,0.39215548800561767,0.7895722759912582,0,0
17.497646323396456,189.7544377124192,-199.9832424837652,0.3218166280063484,0.04352941176470588,0.9559787699032157,0.3218166280063484,0.4404416032247567,0.9559787699032157,0,0
19.240362067362074,187.78226063197,-200.43244218403007,0.30692223171773897,0.04352941176470588,0.7861379956290977,0.30692223171773897,0.3788632130371809,0.7861379956290977,0,0
21.557825689010723,183.5645186435123,-199.76694754576545,0.3100964473202295,0.038088235294117645,0.7817670933499844,0.3100964473202295,0.3766505919881105,0.7817670933499844,0,0
19.63564939642461,187.26892533895304,-199.99890035690115,0.2958124771090221,0.04191176470588235,0.7852013737121448,0.2958124771090221,0.3743085385090164,0.7852013737121448,0,0
18.99876563285332,188.06826266179,-200.9517645807269,0.3143694298620437,0.05338235294117647,0.7886356540743054,0.3143694298620437,0.3854624789591752,0.7886356540743054,0,0
20.43371707846165,186.03759924515552,-199.8524933263303,0.29312660236845317,0.04441176470588235,0.7764595691539182,0.29312660236845317,0.3713326454094179,0.7764595691539182,0,0
20.031827361380003,186.6368640118557,-200.4408920627153,0.27835429129532413,0.04279411764705882,0.7739619107087106,0.27835429129532413,0.3650367732170312,0.7739619107087106,0,0
21.80988915573974,182.5954876273492,-199.9424445881164,0.3370772799413991,0.04029411764705882,0.7561660942866063,0.3370772799413991,0.3778458306250214,0.7561660942866063,0,0
21.78957913495554,182.20791993344,-200.85958574287773,0.3585642778659504,0.04161764705882353,0.7492975335622853,0.3585642778659504,0.38315981949568645,0.7492975335622853,0,0
21.77967257195373,181.689761368426,-201.6308261368221,0.3777316566963741,0.05073529411764706,0.745551045894474,0.3777316566963741,0.39133933223616507,0.745551045894474,0,0
21.86537712849225,179.95748566966589,-201.82367281413835,0.3285313148577707,0.06911764705882353,0.7564783015922573,0.3285313148577707,0.3847090878362838,0.7564783015922573,0,0
21.86280613394083,180.7890976253335,-201.69229625867536,0.38566719570260044,0.07058823529411765,0.7467998751170778,0.38566719570260044,0.4010184353712653,0.7467998751170778,0,0
21.850398858610923,179.18560804909174,-201.6548939824212,0.6276400927847637,0.2175,0.6222291601623477,0.6222291601623477,0.4891230843157038,0.6276400927847637,0,0
21.773218976906648,179.45753944517682,-202.3747353703754,0.6269075814918813,0.2175,0.6197315017171402,0.6197315017171402,0.48804636106967386,0.6269075814918813,0,0
19.2683949640877,187.69927602964623,-201.10346619095017,0.30216090831400316,0.04911764705882353,0.7817670933499844,0.30216090831400316,0.3776818829076037,0.7817670933499844,0,0
16.980978165826112,190.22726661005217,-200.0146254901693,0.2756684165547552,0.03823529411764706,0.9637839525444896,0.2756684165547552,0.425895887738964,0.9637839525444896,0,0
16.426308110001294,190.67749660514264,-199.9617944331993,0.25320473690636064,0.02514705882352941,0.9644083671557915,0.25320473690636064,0.4142533876285605,0.9644083671557915,0,0
17.852597276518093,189.41035267694383,-200.59499964700927,0.3303625930899768,0.04470588235294118,0.9294411489228848,0.3303625930899768,0.43483654145526757,0.9294411489228848,0,0
18.6684005673266,188.475504137341,-201.1251458839502,0.32706629227200584,0.05558823529411765,0.7923821417421167,0.32706629227200584,0.39167888976941345,0.7923821417421167,0,0
18.23796126581094,188.98111199740663,-201.28373714376443,0.31107312904407275,0.043676470588235296,0.8566968467062129,0.31107312904407275,0.40381548211284035,0.8566968467062129,0,0
19.00373345703129,188.0222162352985,-201.5641860328629,0.3080209986570626,0.05338235294117647,0.7811426787386825,0.3080209986570626,0.3808486767789739,0.7811426787386825,0,0
18.64198233475389,188.4733727349848,-201.8172222433918,0.3052130387010133,0.05191176470588235,0.7823915079612863,0.3052130387010133,0.3798387704560606,0.7823915079612863,0,0
17.305137464442126,189.96139175533617,-200.70415464971407,0.2986204370650714,0.04044117647058824,0.9562909772088667,0.2986204370650714,0.43178419691484216,0.9562909772088667,0,0
19.635632613051136,187.1974097147832,-200.87945838403184,0.28616774508607007,0.043823529411764706,0.7745863253200125,0.28616774508607007,0.36819253327261575,0.7745863253200125,0,0
21.19023223359824,184.37453729168217,-200.52213902110043,0.29727749969478695,0.03544117647058823,0.7795816422104277,0.29727749969478695,0.3707667727919343,0.7795816422104277,0,0
21.54667088901209,183.2665973719185,-200.76537385326296,0.31998534977414234,0.03676470588235294,0.7567905088979082,0.31998534977414234,0.37118018818480114,0.7567905088979082,0,0
20.82808165701245,185.252458433185,-200.19055083964693,0.29495788060065925,0.04279411764705882,0.7739619107087106,0.29495788060065925,0.37057130298547625,0.7739619107087106,0,0
20.42464467621492,185.923295601804,-200.82625936654995,0.2865340007325113,0.04279411764705882,0.7636590696222292,0.2865340007325113,0.36432906266726645,0.7636590696222292,0,0
20.793823161857585,185.12026159123712,-201.2574387576988,0.2911732389207667,0.03735294117647059,0.7577271308148611,0.2911732389207667,0.3620844369706995,0.7577271308148611,0,0
19.959887479647488,186.6465529590025,-201.34340685482417,0.29520205103162006,0.04485294117647059,0.7680299719013425,0.29520205103162006,0.36936165470314436,0.7680299719013425,0,0
21.55463684874507,182.8079144851881,-201.7151062236688,0.3402514955438896,0.03897058823529412,0.7477364970340306,0.3402514955438896,0.3756528602710714,0.7477364970340306,0,0
19.472879715942057,187.35244167320363,-201.73055447545912,0.30411427176168965,0.04779411764705882,0.7792694349047767,0.30411427176168965,0.377059274771175,0.7792694349047767,0,0
19.04159704802033,187.916705666826,-202.22806136901164,0.307532657795141,0.05044117647058823,0.7686543865126444,0.307532657795141,0.37554274025945783,0.7686543865126444,0,0
21.55099083397489,182.336013373419,-202.50050469002093,0.34977414235136123,0.04294117647058823,0.745551045894474,0.34977414235136123,0.37942212157214117,0.745551045894474,0,0
21.703352169824,181.2975001688197,-202.5354551248266,0.3801733610059822,0.0688235294117647,0.7443022166718701,0.3801733610059822,0.39776636902987234,0.7443022166718701,0,0
21.77344676064093,180.32266531201407,-202.4795684486893,0.32914174093517273,0.06926470588235294,0.7539806431470496,0.32914174093517273,0.3841290299881918,0.7539806431470496,0,0
21.664226145148955,179.77706861090545,-203.18284581474748,0.6249542180441948,0.2175,0.6175460505775835,0.6175460505775835,0.48666675620725947,0.6249542180441948,0,0
21.158699910787465,184.0999856276912,-201.76879067505627,0.3026492491759248,0.03485294117647059,0.7658445207617858,0.3026492491759248,0.36778223703806034,0.7658445207617858,0,0
19.421294361348007,187.3066137771698,-202.75154445471665,0.3093639360273471,0.0425,0.7480487043396815,0.3093639360273471,0.3666375467890095,0.7480487043396815,0,0
16.09043961199551,190.99786902462844,-200.61992287416143,0.2479550726407032,0.022941176470588236,0.9628473306275367,0.2479550726407032,0.4112478599129427,0.9628473306275367,0,0
16.72049878444335,190.4963342835722,-200.7221976878417,0.2644365767305579,0.0325,0.9625351233218857,0.2644365767305579,0.4198239000174812,0.9625351233218857,0,0
15.705763562217658,191.36915398609813,-201.3484265192321,0.2574777194481748,0.03264705882352941,0.9619107087105838,0.2574777194481748,0.41734516232742935,0.9619107087105838,0,0
16.41107805767757,190.8152721371065,-201.46918582401923,0.2590648272494201,0.028970588235294116,0.9559787699032157,0.2590648272494201,0.41467139512930995,0.9559787699032157,0,0
17.667973180327895,189.60777899765813,-201.483119808966,0.29947503357343425,0.04044117647058824,0.8994692475803934,0.29947503357343425,0.4131284858748053,0.8994692475803934,0,0
17.049462652651567,190.235589742081,-201.5606548323436,0.2728604565987059,0.03485294117647059,0.9291289416172338,0.2728604565987059,0.41228077979747013,0.9291289416172338,0,0
18.12860807207774,189.07325356000604,-202.3659288407677,0.28323769991454034,0.037794117647058825,0.7695910084295973,0.28323769991454034,0.3635409419970655,0.7695910084295973,0,0
16.765089368352193,190.53915692977253,-202.35700615817544,0.26919790013429373,0.029558823529411766,0.8641898220418358,0.26919790013429373,0.3876488485685137,0.8641898220418358,0,0
16.100716083443515,191.14482336720795,-202.24917092454567,0.2711512635819802,0.02823529411764706,0.9285045270059319,0.2711512635819802,0.4092970282351864,0.9285045270059319,0,0
15.30427562132284,191.7648639658393,-202.0845792173081,0.30692223171773897,0.03720588235294118,0.9575398064314705,0.30692223171773897,0.4338893068340502,0.9575398064314705,0,0
15.6619672892938,191.5790184994325,-202.8602976779657,0.265657428885362,0.02588235294117647,0.9147674055572901,0.265657428885362,0.4021023957946095,0.9147674055572901,0,0
15.236200155682884,192.03077044481216,-203.6421981682843,0.2569893785862532,0.025441176470588234,0.9069622229160162,0.2569893785862532,0.3964642593242859,0.9069622229160162,0,0
14.8940248878732,192.3982475834608,-204.2199629416786,0.2724942009522647,0.031029411764705882,0.9066500156103653,0.2724942009522647,0.4033912094424453,0.9066500156103653,0,0
18.984474323051703,187.9148354926062,-203.0229802710111,0.30423635697717005,0.04191176470588235,0.745238838588823,0.30423635697717005,0.3637956534239584,0.745238838588823,0,0
18.70615441309989,188.34276723460744,-202.5215065461237,0.30692223171773897,0.04470588235294118,0.7561660942866063,0.30692223171773897,0.3692647361190955,0.7561660942866063,0,0
18.475787341515023,188.59377547219825,-203.1386618987731,0.2986204370650714,0.040882352941176474,0.7421167655323134,0.2986204370650714,0.3605398518461871,0.7421167655323134,0,0
18.77604978309459,188.12182128352308,-203.75715194181413,0.2983762666341106,0.03882352941176471,0.738682485170153,0.2983762666341106,0.3586274270720094,0.738682485170153,0,0
18.40038715000071,188.61973436093288,-203.92175401888323,0.28104016603589305,0.037794117647058825,0.7368092413362473,0.28104016603589305,0.3518811750063997,0.7368092413362473,0,0
21.62279238020284,180.7909376782224,-203.3263018265749,0.32706629227200584,0.06779411764705882,0.752107399313144,0.32706629227200584,0.3823226030774029,0.752107399313144,0,0
21.50434617968477,180.2312448892064,-204.1166560018881,0.6215358320107435,0.21735294117647058,0.6153605994380269,0.6153605994380269,0.48474979087508036,0.6215358320107435,0,0
19.9087038861902,186.6037851824684,-202.2339364106392,0.30155048223660114,0.04191176470588235,0.752107399313144,0.30155048223660114,0.36518988208520914,0.752107399313144,0,0
20.34975491462538,185.8770539971235,-201.91613877499864,0.2983762666341106,0.03882352941176471,0.7524196066187949,0.2983762666341106,0.36320646755489006,0.7524196066187949,0,0
21.2808605408658,183.3493865314076,-202.68082215522816,0.33365889390794773,0.037941176470588235,0.7458632532001249,0.33365889390794773,0.3724877745262203,0.7458632532001249,0,0
20.71431652278197,185.00801763440225,-202.4293788282708,0.293370772799414,0.03338235294117647,0.764595691539182,0.293370772799414,0.3637829390932575,0.764595691539182,0,0
19.76056010525227,186.7027735437906,-203.1178326685776,0.30179465266756195,0.036176470588235296,0.7421167655323134,0.30179465266756195,0.3600292962627036,0.7421167655323134,0,0
21.353100966384748,182.70769745474632,-203.28820959378976,0.34598950067146866,0.04279411764705882,0.7458632532001249,0.34598950067146866,0.3782156238395508,0.7458632532001249,0,0
21.398465742393785,181.3962785264436,-204.2957612089804,0.3258454401172018,0.06647058823529411,0.7496097408679363,0.3258454401172018,0.38064192307347744,0.7496097408679363,0,0
21.489647554037983,181.8507459968108,-203.4447884038036,0.3695519472591869,0.06529411764705882,0.7427411801436153,0.3695519472591869,0.392529081683287,0.7427411801436153,0,0
21.222370308052707,182.56234519632133,-204.2418866859555,0.35746551092662676,0.054411764705882354,0.7436778020605682,0.35746551092662676,0.3851850258976925,0.7436778020605682,0,0
20.98176120852587,184.20990171639093,-202.8283339319579,0.30667806128677816,0.03441176470588235,0.7549172650640025,0.30667806128677816,0.3653356970188877,0.7549172650640025,0,0
19.276789199124817,187.3507726032332,-203.912176663778,0.3032596752533268,0.03661764705882353,0.7408679363097096,0.3032596752533268,0.36024841954062,0.7408679363097096,0,0
16.371704592713222,190.9610108735569,-203.31308428714624,0.25613478207789037,0.024558823529411765,0.7876990321573525,0.25613478207789037,0.3561308792548849,0.7876990321573525,0,0
15.843114686927056,191.493276744456,-203.7409169459184,0.24807715785618362,0.02014705882352941,0.8148610677489854,0.24807715785618362,0.3610284281428995,0.8148610677489854,0,0
17.863507450722246,189.33327342665768,-203.5445293178329,0.2821389329752167,0.03661764705882353,0.738994692475804,0.2821389329752167,0.35258375750328136,0.738994692475804,0,0
17.170164276358932,190.135958966156,-203.35456248815493,0.2687095592723721,0.032058823529411765,0.7436778020605682,0.2687095592723721,0.3481487282874507,0.7436778020605682,0,0
17.505848269970915,189.77851546909773,-202.44298484307328,0.27444756439995116,0.03426470588235294,0.7867624102403996,0.27444756439995116,0.36515822684090127,0.7867624102403996,0,0
18.07019576759848,188.98298333478544,-204.6305206495549,0.2731046270296667,0.033676470588235294,0.7327505463627849,0.2731046270296667,0.34651054799356235,0.7327505463627849,0,0
18.73574320653068,188.06456631522144,-204.56884512432376,0.29507996581613966,0.03661764705882353,0.7393068997814549,0.29507996581613966,0.357001504218806,0.7393068997814549,0,0
17.429827449305982,189.80874917398907,-204.35819865671,0.2702966670736174,0.03279411764705882,0.7364970340305963,0.2702966670736174,0.34652927291709085,0.7364970340305963,0,0
16.837546668632662,190.4928424846169,-204.0879200698194,0.257233549017214,0.026470588235294117,0.7418045582266625,0.257233549017214,0.34183623182639017,0.7418045582266625,0,0
16.337587528538894,191.0296116818296,-204.39758468630424,0.25308265169088023,0.022205882352941176,0.7608492038713706,0.25308265169088023,0.34537924597173064,0.7608492038713706,0,0
15.599946680626944,191.783134978564,-204.56137876230724,0.257233549017214,0.023823529411764705,0.7920699344364658,0.257233549017214,0.35770900428848146,0.7920699344364658,0,0
15.13775244842926,192.2646206645732,-205.0272561922019,0.265657428885362,0.03264705882352941,0.8251639088354668,0.265657428885362,0.37448946551478607,0.8251639088354668,0,0
15.70497218938276,191.7224036040104,-205.6087195387544,0.25308265169088023,0.02588235294117647,0.7792694349047767,0.25308265169088023,0.3527448131789445,0.7792694349047767,0,0
14.490107436453156,192.8626792493945,-205.05368591208853,0.2796972286656086,0.041176470588235294,0.9035279425538557,0.2796972286656086,0.40813388060256656,0.9035279425538557,0,0
14.977312076496563,192.49061688022945,-205.97356299243387,0.2588206568184593,0.033823529411764704,0.817046518888542,0.2588206568184593,0.3698969017062553,0.817046518888542,0,0
14.121078019935595,193.2943915862081,-205.8162081596868,0.30399218654620924,0.05073529411764706,0.9113331251951295,0.30399218654620924,0.4220202019529953,0.9113331251951295,0,0
21.274853811199613,180.7009661703605,-205.1754245582325,0.30399218654620924,0.04911764705882353,0.7549172650640025,0.30399218654620924,0.36934236622301175,0.7549172650640025,0,0
20.221422837742427,185.8911931926635,-203.0108834218807,0.29678915883286533,0.03558823529411765,0.7477364970340306,0.29678915883286533,0.36003796372033786,0.7477364970340306,0,0
21.01244699682098,183.67843183005,-203.7982786437358,0.33365889390794773,0.039411764705882354,0.7480487043396815,0.33365889390794773,0.3737064543178372,0.7480487043396815,0,0
20.581155390789608,184.94138460441,-203.6313987747531,0.2986204370650714,0.03485294117647059,0.7567905088979082,0.2986204370650714,0.36342129571315,0.7567905088979082,0,0
19.915060536798062,186.16059819565623,-204.27778642313896,0.30399218654620924,0.038088235294117645,0.7458632532001249,0.30399218654620924,0.3626478916801506,0.7458632532001249,0,0
21.11949040158856,181.9732957973002,-205.29795783352864,0.3209620314979856,0.06470588235294118,0.751482984701842,0.3209620314979856,0.37905029951758956,0.751482984701842,0,0
20.87377116164271,183.32118906147903,-205.12554895635824,0.35001831278232204,0.052647058823529415,0.7443022166718701,0.35001831278232204,0.3823225294259072,0.7443022166718701,0,0
19.31770652917026,187.0073690558456,-205.19454709531504,0.30643389085581735,0.04161764705882353,0.7393068997814549,0.30643389085581735,0.36245281256536527,0.7393068997814549,0,0
16.15741548796563,191.23141086390936,-205.1765260757357,0.2546697594921255,0.023823529411764705,0.7536684358413986,0.2546697594921255,0.3440539082484296,0.7536684358413986,0,0
18.489185017903427,188.20705678072,-205.8139228541992,0.3032596752533268,0.04161764705882353,0.7377458632532001,0.3032596752533268,0.36087439518845016,0.7377458632532001,0,0
17.657438809045683,189.41532690503016,-205.61132975902328,0.2755463313392748,0.033676470588235294,0.7327505463627849,0.2755463313392748,0.3473244494300984,0.7327505463627849,0,0
16.873343153194043,190.42355654838795,-205.21398879518097,0.2632157245757539,0.02602941176470588,0.7349359975023415,0.2632157245757539,0.34139371128093376,0.7349359975023415,0,0
16.327508487687087,191.0275554078431,-205.98093510923164,0.2541814186302039,0.02514705882352941,0.7492975335622853,0.2541814186302039,0.3428753370053395,0.7492975335622853,0,0
15.713501635828662,191.71320653389628,-206.540242204014,0.2546697594921255,0.029411764705882353,0.7814548860443334,0.2546697594921255,0.35517880341411373,0.7814548860443334,0,0
16.24602511036372,191.0640626223713,-206.9819958089629,0.26529117323892076,0.03279411764705882,0.7511707773961911,0.26529117323892076,0.3497520227607236,0.7511707773961911,0,0
15.879644859900816,191.4676728029376,-207.49863071288632,0.3050909534855329,0.04294117647058823,0.7689665938182954,0.3050909534855329,0.3723329079248055,0.7689665938182954,0,0
13.6458526050887,193.83936148656915,-206.68321364394703,0.4080087901355146,0.10088235294117646,0.9359975023415548,0.4080087901355146,0.4816295484727486,0.9359975023415548,0,0
15.252489002768533,192.2208533368688,-207.11022926157463,0.29507996581613966,0.04352941176470588,0.7923821417421167,0.29507996581613966,0.37699717310765407,0.7923821417421167,0,0
14.558026031830522,192.9707054828462,-206.9990370337586,0.3302405078744964,0.0711764705882353,0.8941617233843272,0.3302405078744964,0.4318595672823529,0.8941617233843272,0,0
20.96635709847487,181.1724617725429,-206.34461924459467,0.6120131852032719,0.2185294117647059,0.6172338432719325,0.6120131852032719,0.48259214674663675,0.6172338432719325,0,0
20.476378560198,184.7068237437261,-204.85397431674,0.3350018312782322,0.04147058823529412,0.7524196066187949,0.3350018312782322,0.3762973420441071,0.7524196066187949,0,0
20.397343867038423,184.1547398108385,-206.2192869510104,0.35978513002075446,0.0675,0.7433655947549173,0.35978513002075446,0.3902169082585572,0.7433655947549173,0,0
19.91544513520052,185.62799949704788,-205.8133320773622,0.3392748138200464,0.04779411764705882,0.7496097408679363,0.3392748138200464,0.37889289077834715,0.7496097408679363,0,0
20.754120011363977,182.60268196430263,-206.4068159743429,0.31839824197289707,0.06426470588235295,0.7477364970340306,0.31839824197289707,0.37679981496309356,0.7477364970340306,0,0
13.122184304839024,194.432573886936,-207.58519141477493,0.565376632889757,0.2163235294117647,0.9553543552919138,0.565376632889757,0.5790181725311452,0.9553543552919138,0,0
19.19949863721635,186.6903235288337,-206.8519151994897,0.34098400683677205,0.06470588235294118,0.738682485170153,0.34098400683677205,0.3814574581199554,0.738682485170153,0,0
18.50147777583335,187.70190438371,-207.584295867344,0.34830911976559636,0.0711764705882353,0.7308773025288792,0.34830911976559636,0.3834542976275703,0.7308773025288792,0,0
17.03462108544393,190.09113877708737,-206.75042629663463,0.2732267122451471,0.03485294117647059,0.738994692475804,0.2732267122451471,0.3490247819658072,0.738994692475804,0,0
17.821868486331216,188.8776102143646,-207.33402157035223,0.32694420705652544,0.052941176470588235,0.7308773025288792,0.32694420705652544,0.3702542286853309,0.7308773025288792,0,0
16.46203629148369,190.665676954907,-207.99239522584665,0.32743254791844706,0.056911764705882356,0.7477364970340306,0.32743254791844706,0.37736026988612004,0.7477364970340306,0,0
15.852135437732082,191.4168935297713,-208.2843581585723,0.36894152118178486,0.07602941176470589,0.7705276303465501,0.36894152118178486,0.40516618776434693,0.7705276303465501,0,0
15.45293384895873,191.94611942463504,-207.96041171715223,0.3465999267488707,0.07441176470588236,0.7880112394630034,0.3465999267488707,0.4030076436392522,0.7880112394630034,0,0
14.864246287234762,192.63065168438555,-208.10264040652865,0.4174093517275058,0.10264705882352941,0.856072432094911,0.4174093517275058,0.4587096142153155,0.856072432094911,0,0
14.05908388592641,193.52254949700315,-207.923194959426,0.46209254059333416,0.14308823529411765,0.9250702466437715,0.46209254059333416,0.5100836741770745,0.9250702466437715,0,0
13.585086911917156,194.0374591378622,-208.8028451836103,0.6356977170064705,0.3598529411764706,0.9566031845145176,0.6356977170064705,0.6507179475658196,0.9566031845145176,0,0
20.541484752667703,181.7543049512228,-207.6524753276545,0.6182395311927725,0.21985294117647058,0.6194192944114892,0.6182395311927725,0.4858372555935775,0.6194192944114892,0,0
20.24440258664281,183.42332034223503,-207.64950610557275,0.3331705530460261,0.07014705882352941,0.7424289728379644,0.3331705530460261,0.38191552823583996,0.7424289728379644,0,0
19.7739841192324,185.1317449066472,-207.3996556803858,0.38786472958124774,0.075,0.7436778020605682,0.38786472958124774,0.4021808438806053,0.7436778020605682,0,0
12.593008397175442,195.02520192330272,-208.50734580160145,0.7179831522402637,0.5414705882352941,0.9640961598501405,0.7179831522402637,0.7411833001085663,0.9640961598501405,0,0
18.89636355677999,186.37991533992724,-208.76259998472025,0.42473446465633014,0.0976470588235294,0.7492975335622853,0.42473446465633014,0.42389301901404836,0.7492975335622853,0,0
17.92440699130691,188.18489216351733,-208.96353674596983,0.431327066292272,0.10338235294117647,0.7508585700905401,0.431327066292272,0.4285226631079962,0.7508585700905401,0,0
17.13414241091918,189.6179274090106,-208.4842260138656,0.3848125991942376,0.07676470588235294,0.7355604121136434,0.3848125991942376,0.399045905730078,0.7355604121136434,0,0
16.155566900871587,190.7966905594806,-209.4332665700434,0.4633133927481382,0.14529411764705882,0.7867624102403996,0.4633133927481382,0.46512330687853226,0.7867624102403996,0,0
15.316245884836231,192.00232181852107,-208.9953704654716,0.4557441093883531,0.14455882352941177,0.8173587261941929,0.4557441093883531,0.4725538863706526,0.8173587261941929,0,0
14.480489236837013,193.0125683769613,-209.131255731441,0.5733121718959834,0.22044117647058822,0.9303777708398376,0.5733121718959834,0.5747103730688031,0.9303777708398376,0,0
12.942262874179114,194.7187292952293,-209.7097760917856,0.7195702600415089,0.664264705882353,0.9700280986575086,0.7195702600415089,0.7846210215271235,0.9700280986575086,0,0
13.838312887787756,193.65870907863828,-210.33167603287603,0.7194481748260285,0.6417647058823529,0.9656571963783952,0.7194481748260285,0.7756233590289255,0.9656571963783952,0,0
15.067625741724571,192.0416531049808,-210.5587336702042,0.7035770968135758,0.4758823529411765,0.9550421479862629,0.7035770968135758,0.7115005325803384,0.9550421479862629,0,0
15.960566132303594,190.46355722738548,-211.4061488299424,0.7076059089244292,0.45955882352941174,0.9600374648766781,0.7076059089244292,0.709067399110173,0.9600374648766781,0,0
19.97102918105493,182.44519251730333,-209.07479697220265,0.6277621780002441,0.2210294117647059,0.6197315017171402,0.6197315017171402,0.4895076971606967,0.6277621780002441,0,0
19.217507953888976,183.15141988880703,-210.65350038597705,0.6420461482114516,0.225,0.6119263190758664,0.6119263190758664,0.49299082242910597,0.6420461482114516,0,0
19.55933032120564,184.35415203950447,-209.06577750312832,0.3936027347088268,0.07794117647058824,0.7730252887917577,0.3936027347088268,0.4148563999903909,0.7730252887917577,0,0
17.84778494307108,187.2511836128092,-210.93154141347264,0.5611036503479429,0.20308823529411765,0.9256946612550734,0.5611036503479429,0.5632955156323779,0.9256946612550734,0,0
18.696889400303903,185.1746956012679,-210.78136553122093,0.6722011964351117,0.22338235294117648,0.6184826724945364,0.6184826724945364,0.5046887406236081,0.6722011964351117,0,0
18.32649972140733,183.78289688920032,-212.34456392642173,0.7000366255646441,0.2922058823529412,0.7012176084920387,0.7000366255646441,0.5644867054698747,0.7012176084920387,0,0
11.846699495561468,195.8185744819056,-209.61781471996383,0.7102917836649981,0.35823529411764704,0.9378707461754605,0.7102917836649981,0.668799274652702,0.9378707461754605,0,0
10.965965181545192,196.68490121918416,-210.67055837761995,0.0,0.0,0.22416484545738372,0.0,0.07472161515246124,0.22416484545738372,0,0
10.254217913907604,197.3193621610632,-211.71075924493744,0.0,0.0,0.1726506400249766,0.0,0.057550213341658864,0.1726506400249766,0,0
11.281825817091326,196.3267425989696,-212.2303295161177,0.0,0.0,0.17358726194192944,0.0,0.057862420647309815,0.17358726194192944,0,0
12.162546648877973,195.5050764179552,-210.96694347099464,0.0,0.0,0.23290665001561037,0.0,0.07763555000520346,0.23290665001561037,0,0
17.010997202757277,189.2013723527408,-210.28953635300115,0.5233793187644976,0.20897058823529413,0.8701217608492039,0.5233793187644976,0.5341572226163319,0.8701217608492039,0,0
13.901422601202295,193.3095519759358,-211.8599001151981,0.7196923452569893,0.7538235294117647,0.9775210739931315,0.7538235294117647,0.8170123162206284,0.9775210739931315,0,0
13.164358413548308,194.38117166439608,-211.00260985578507,0.7196923452569893,0.7704411764705882,0.9778332812987824,0.7704411764705882,0.8226556010087865,0.9778332812987824,0,0
16.707889103089833,188.7673023488988,-212.1827630603597,0.7154193627151751,0.41191176470588237,0.9644083671557915,0.7154193627151751,0.6972464981922831,0.9644083671557915,0,0
15.665691239080973,190.0265098853018,-213.357838491146,0.0,0.0,0.26319075866375274,0.0,0.08773025288791758,0.26319075866375274,0,0
17.061279996279023,187.3453055818584,-213.01761382965023,0.0,0.0002941176470588235,0.3412425850764908,0.0002941176470588235,0.11384556757451654,0.3412425850764908,0,0
14.84763455653226,191.74118641219607,-212.5893319953776,0.0,0.0,0.2725569778332813,0.0,0.0908523259444271,0.2725569778332813,0,0
17.34634912598793,184.35611505786432,-214.1496392037097,0.0595775851544378,0.008970588235294117,0.4889166406493912,0.0595775851544378,0.18582160467970774,0.4889166406493912,0,0
17.762016716141765,185.64609566612404,-212.7201673388621,0.7138322549139299,0.33176470588235296,0.7202622541367468,0.7138322549139299,0.5886197383110098,0.7202622541367468,0,0
12.70863584124426,194.6718594553403,-212.61048009754404,0.0,0.0,0.17951920074929753,0.0,0.05983973358309918,0.17951920074929753,0,0
13.692578185906964,193.11669668875552,-213.5367663598473,0.0,0.0,0.1901342491414299,0.0,0.0633780830471433,0.1901342491414299,0,0
16.26381094992097,188.3079201804536,-214.06892159797823,0.0,0.0,0.30284108648142366,0.0,0.10094702882714122,0.30284108648142366,0,0
13.295515929821503,192.20400264209863,-199.84648770238985,0.6425344890733732,0.2685294117647059,0.98688729316266,0.6425344890733732,0.6326503980002464,0.98688729316266,0,0
13.835571014929569,191.99602025391687,-199.7051664234621,0.4014161884995727,0.07676470588235294,0.9703403059631596,0.4014161884995727,0.48284040011502843,0.9703403059631596,0,0
13.652439383625405,192.17996072630595,-200.28334567801443,0.624710047613234,0.24205882352941177,0.9847018420231033,0.624710047613234,0.6171569043885831,0.9847018420231033,0,0
13.062273021593604,192.39892017865344,-200.39496886703407,0.6603589305335124,0.31808823529411767,0.9862628785513581,0.6603589305335124,0.6549033481263294,0.9862628785513581,0,0
12.816730833173176,192.58540405765729,-200.8445530679484,0.6806250763032596,0.3689705882352941,0.9834530128004996,0.6806250763032596,0.677682892446351,0.9834530128004996,0,0
12.63623694903246,192.7534515502417,-201.25984216829627,0.7016237333658893,0.41911764705882354,0.9809553543552919,0.7016237333658893,0.7005655782600017,0.9809553543552919,0,0
15.109814357648194,191.48248025426344,-199.7930025081702,0.2655353436698816,0.030294117647058822,0.9653449890727444,0.2655353436698816,0.42039148346322824,0.9653449890727444,0,0
14.47785017989315,191.73285540207635,-199.59714767442605,0.325601269686241,0.045294117647058825,0.9687792694349048,0.325601269686241,0.44655821892273484,0.9687792694349048,0,0
15.78943315099942,191.1179360050806,-199.9016446269184,0.2428274935905262,0.018823529411764704,0.9640961598501405,0.2428274935905262,0.4085823942841438,0.9640961598501405,0,0
14.15339246585895,191.977227351848,-200.1913241720312,0.35221584666096933,0.07014705882352941,0.96721823290665,0.35221584666096933,0.4631937127970496,0.96721823290665,0,0
14.723578481464198,191.78613057300663,-200.4302521330777,0.2986204370650714,0.04191176470588235,0.9640961598501405,0.2986204370650714,0.4348761205403648,0.9640961598501405,0,0
15.462670778633331,191.4172875653857,-200.5423652860472,0.252716396044439,0.02588235294117647,0.9625351233218857,0.252716396044439,0.4137112907691671,0.9625351233218857,0,0
14.085025286623203,192.1360633112237,-200.80173687162912,0.37846416798925653,0.07602941176470589,0.9653449890727444,0.37846416798925653,0.4732795229422356,0.9653449890727444,0,0
13.347991926457706,192.4090226761153,-200.8232236490988,0.6358198022219509,0.27838235294117647,0.9818919762722448,0.6358198022219509,0.632031377145124,0.9818919762722448,0,0
13.040035530415032,192.65168008348564,-201.34996726504133,0.6675619582468563,0.3614705882352941,0.9787699032157352,0.6675619582468563,0.6692674832326285,0.9787699032157352,0,0
13.621670661891908,192.45728314515537,-201.375901379798,0.4374313270662923,0.08970588235294118,0.9653449890727444,0.4374313270662923,0.4974940661639926,0.9653449890727444,0,0
14.549049429701869,192.03210986811155,-201.17480330450235,0.3347576608472714,0.06779411764705882,0.9640961598501405,0.3347576608472714,0.45554931278149025,0.9640961598501405,0,0
14.134464757032632,192.31203658373096,-201.56591778955868,0.4004395067757295,0.07426470588235294,0.9640961598501405,0.4004395067757295,0.47960012416940767,0.9640961598501405,0,0
15.146687143677894,191.72373344975708,-201.20565429047176,0.27444756439995116,0.04073529411764706,0.9625351233218857,0.27444756439995116,0.42590599394649464,0.9625351233218857,0,0
14.745910507397678,192.08920692922484,-201.84587455785385,0.3398852398974484,0.04911764705882353,0.9622229160162348,0.3398852398974484,0.4504086009908355,0.9622229160162348,0,0
22.11332594516479,179.68271252303813,-199.6245247453332,0.35746551092662676,0.07147058823529412,0.7561660942866063,0.35746551092662676,0.39503406448284234,0.7561660942866063,0,0
22.05150689919168,179.35689305193722,-200.02974728083325,0.33207178610670246,0.06985294117647059,0.7605369965657196,0.33207178610670246,0.38748724128296425,0.7605369965657196,0,0
22.060164396749368,179.05620417905058,-199.7146290124589,0.326211695763643,0.06852941176470588,0.765220106150484,0.326211695763643,0.38665373789294427,0.765220106150484,0,0
21.979717690818337,178.45126175368,-199.7947375210768,0.6311805640336955,0.21911764705882353,0.6315953793318764,0.6311805640336955,0.4939645301414652,0.6315953793318764,0,0
21.97323472200882,178.8034238473802,-200.2739721205936,0.6310584788182151,0.2188235294117647,0.6306587574149235,0.6306587574149235,0.49351358854830113,0.6310584788182151,0,0
21.88479679477383,177.89669026402305,-199.8631622807804,0.6258088145525577,0.21970588235294117,0.621292538245395,0.621292538245395,0.48893574505029797,0.6258088145525577,0,0
21.843556093385526,177.96593134608807,-200.36131716899592,0.6250763032596752,0.21970588235294117,0.6206681236340931,0.6206681236340931,0.48848343641556985,0.6250763032596752,0,0
21.779342631600155,177.3608416416211,-199.9260174987302,0.6188499572701746,0.2213235294117647,0.6281610989697158,0.6188499572701746,0.4894448618838851,0.6281610989697158,0,0
21.6684952795,176.834071737,-199.986120944,0.6138444634354779,0.22176470588235295,0.6369029035279425,0.6138444634354779,0.4908373576152578,0.6369029035279425,0,0
21.870645469993736,178.4517747929285,-200.79939304918665,0.6273959223538029,0.21911764705882353,0.6222291601623477,0.6222291601623477,0.48958090985832475,0.6273959223538029,0,0
1.85639166846648,192.6504516350689,-199.8304590824463,0.8123550238066171,0.24191176470588235,0.9478613799562909,0.8123550238066171,0.6673760561562635,0.9478613799562909,0,0
0.6897929159912111,192.13440292629,-199.6581435980555,0.18666829446953973,0.07323529411764707,0.7524196066187949,0.18666829446953973,0.33744106506866056,0.7524196066187949,0,0
0.8840435627119653,193.1439467716026,-200.4641323776558,0.10841167134659993,0.0625,0.7464876678114268,0.10841167134659993,0.30579977971934225,0.7464876678114268,0,0
2.2002228047024874,193.48484235819345,-200.5810077331664,0.08985471859357831,0.05323529411764706,0.7511707773961911,0.08985471859357831,0.2980869300358055,0.7511707773961911,0,0
2.999181834309611,192.94916396987784,-199.94365740058183,0.8110120864363326,0.21102941176470588,0.9172650640024976,0.8110120864363326,0.6464355207345119,0.9172650640024976,0,0
-0.3699310171311721,192.4901679519488,-200.20853138500107,0.1446709803442803,0.07058823529411765,0.7443022166718701,0.1446709803442803,0.3198538107700894,0.7443022166718701,0,0
1.2727825424182462,194.0984484094212,-201.27036217583736,0.05432792088878037,0.010147058823529412,0.26381517327505466,0.05432792088878037,0.10943005099578813,0.26381517327505466,0,0
-0.1286638180248232,193.68011167037693,-201.0943562782661,0.04785740446831889,0.010294117647058823,0.2753668435841399,0.04785740446831889,0.11117278856650586,0.2753668435841399,0,0
-1.6131667632527498,193.0681815928925,-200.9302749137465,0.04724697839091686,0.010735294117647058,0.27817670933499844,0.04724697839091686,0.11205299394785412,0.27817670933499844,0,0
0.2090076027859175,194.7934482252409,-201.9998823845744,0.034061775119033084,0.009411764705882352,0.2444583203246956,0.034061775119033084,0.095977286716537,0.2444583203246956,0,0
-1.09824815769569,195.55805449856985,-202.7829556352432,0.053961665242339155,0.007058823529411765,0.280986575085857,0.053961665242339155,0.11400235461920265,0.280986575085857,0,0
-1.40398025253488,194.3143201014647,-201.8146794242388,0.0459040410206324,0.009558823529411765,0.2703715266937246,0.0459040410206324,0.10861146374792292,0.2703715266937246,0,0
-5.62131538188707,199.034780503934,-206.9487968978422,0.0,0.0,0.1888854199188261,0.0,0.0629618066396087,0.1888854199188261,0,0
-1.577190430795418,191.88068736026355,-200.0955968528785,0.19399340739836407,0.07470588235294118,0.745238838588823,0.19399340739836407,0.3379793761133761,0.745238838588823,0,0
-2.9078333553243105,190.97958166221844,-199.9670526193722,0.2267122451471127,0.08308823529411764,0.7561660942866063,0.2267122451471127,0.3553221915759455,0.7561660942866063,0,0
-3.7805046702121294,189.870634712724,-199.7279778582769,0.25564644121596874,0.09573529411764706,0.7695910084295973,0.25564644121596874,0.37365758125440435,0.7695910084295973,0,0
-4.978660139315831,189.63173347652,-200.172723505527,0.23574655109266268,0.0826470588235294,0.7555416796753044,0.23574655109266268,0.35797842986383216,0.7555416796753044,0,0
-6.790058716660648,199.4082128411497,-207.9965157993598,0.0,0.0,0.20480799250702467,0.0,0.0682693308356749,0.20480799250702467,0,0
-7.277907259620779,198.32848061101072,-206.8788124642068,0.0,0.0,0.20480799250702467,0.0,0.0682693308356749,0.20480799250702467,0,0
-3.393054812211121,197.81170551849056,-205.0777443063304,0.0,0.0,0.1888854199188261,0.0,0.0629618066396087,0.1888854199188261,0,0
-3.1169811751629912,192.2375693005881,-200.7852529452365,0.056769625198388476,0.011029411764705883,0.3059631595379332,0.056769625198388476,0.12458739883367585,0.3059631595379332,0,0
-2.8398068405116432,196.60364799154624,-203.8894921032075,0.0,0.0,0.280986575085857,0.0,0.09366219169528567,0.280986575085857,0,0
-3.0966835883688986,193.70277308493343,-201.7273650240082,0.06397265291173239,0.009117647058823529,0.28660630658757413,0.06397265291173239,0.11989886885271002,0.28660630658757413,0,0
-2.9125469308076606,194.98720729702515,-202.60418771602497,0.060920522524722256,0.006176470588235294,0.29222603808929126,0.060920522524722256,0.11977434373408295,0.29222603808929126,0,0
-4.33287571312128,195.5204706471472,-203.32814260884425,0.0,0.0,0.27162035591632844,0.0,0.09054011863877615,0.27162035591632844,0,0
-5.184531373851568,196.81177600461515,-204.59520476634748,0.0,0.0,0.1863877614736185,0.0,0.062129253824539495,0.1863877614736185,0,0
-4.563618338271379,191.08446216306675,-200.6538311921876,0.07703577096813576,0.010147058823529412,0.3512332188573213,0.07703577096813576,0.14613868288299547,0.3512332188573213,0,0
-4.772038049057882,192.80928348761333,-201.66396789911423,0.05896715907703577,0.006176470588235294,0.31938807368092414,0.05896715907703577,0.12817723444873175,0.31938807368092414,0,0
-4.467876525571815,198.44376236133647,-205.9338973762901,0.0,0.0,0.1863877614736185,0.0,0.062129253824539495,0.1863877614736185,0,0
-6.019890144251628,198.03814301000588,-206.00273286480527,0.0,0.0,0.18669996877926945,0.0,0.06223332292642315,0.18669996877926945,0,0
-8.836558228651745,197.26340234139943,-206.69667889393529,0.0,0.0,0.22322822354043084,0.0,0.07440940784681029,0.22322822354043084,0,0
-7.080874748211929,197.0358969856829,-205.5007288333749,0.0,0.0,0.19856384639400562,0.0,0.06618794879800187,0.19856384639400562,0,0
-8.540606048430401,195.8216724097105,-205.2588426040905,0.0,0.0,0.22822354043084608,0.0,0.0760745134769487,0.22822354043084608,0,0
-7.016137157618496,195.87174764111853,-204.5209176082832,0.0,0.0,0.20480799250702467,0.0,0.0682693308356749,0.20480799250702467,0,0
-7.904740731264292,194.31107134710223,-203.87448315944545,0.0,0.0,0.22197939431782704,0.0,0.07399313143927568,0.22197939431782704,0,0
-6.079252282795955,188.63966259030565,-200.38735573614352,0.07618117445977292,0.01,0.2969091476740556,0.07618117445977292,0.1276967740446095,0.2969091476740556,0,0
-6.49512333559642,186.8593155256297,-200.18594891694943,0.24026370406543768,0.07852941176470589,0.7708398376522011,0.24026370406543768,0.3632109844941149,0.7708398376522011,0,0
-5.779959972962338,190.0787496606892,-200.7440889572523,0.07825662312293981,0.008529411764705883,0.32032469559787696,0.07825662312293981,0.13570357682850756,0.32032469559787696,0,0
-7.652588927660528,188.08808756078733,-201.1866859997908,0.0459040410206324,0.005588235294117647,0.2791133312519513,0.0459040410206324,0.11020186918890046,0.2791133312519513,0,0
-7.124646373131586,189.8419063179186,-201.3614903133588,0.025759980466365524,0.0016176470588235294,0.29222603808929126,0.025759980466365524,0.10653455520482678,0.29222603808929126,0,0
-10.30947360061374,195.82908221463447,-206.48912797768207,0.0,0.0,0.3677802060568217,0.0,0.12259340201894058,0.3677802060568217,0,0
-7.528744634315664,199.8626072748572,-209.4114179214904,0.0,0.0,0.209178894786138,0.0,0.069726298262046,0.209178894786138,0,0
-8.743001196221968,198.74199154477952,-208.4494320561217,0.0,0.0,0.23040899157040276,0.0,0.07680299719013425,0.23040899157040276,0,0
-10.536395701449454,197.1935581045926,-208.09323331997527,0.0,0.0,0.3406181704651889,0.0,0.11353939015506297,0.3406181704651889,0,0
-12.029591881394788,195.51143947180003,-207.9547287937652,0.0,0.0,0.42522635029659694,0.0,0.1417421167655323,0.42522635029659694,0,0
-11.829863838738351,194.16779556588853,-206.6124806688196,0.0,0.0,0.431470496409616,0.0,0.14382349880320533,0.431470496409616,0,0
-6.659913837505239,185.13159590757647,-200.068344436671,0.24197289708216335,0.07838235294117647,0.7889478613799563,0.24197289708216335,0.3697677038010987,0.7889478613799563,0,0
-6.66572252741509,183.5824905195508,-200.07819004435976,0.24233915272860457,0.07911764705882353,0.8445207617858258,0.24233915272860457,0.38865918719108467,0.8445207617858258,0,0
-7.723752346716117,184.3197258820362,-200.8887610981543,0.16237333658893907,0.05911764705882353,0.7914455198251639,0.16237333658893907,0.3376455011576422,0.7914455198251639,0,0
-7.82899320753629,191.0202070795929,-202.18606356902512,0.0,0.0,0.3281298782391508,0.0,0.10937662607971693,0.3281298782391508,0,0
-7.737455778299926,192.65829594702163,-202.8641788185876,0.0,0.0,0.3312519512956603,0.0,0.11041731709855344,0.3312519512956603,0,0
-8.902770307860987,191.29392543425607,-202.93747883498625,0.0,0.0,0.38807368092413363,0.0,0.12935789364137787,0.38807368092413363,0,0
-6.298181435885601,193.56147600204247,-202.6777497086364,0.0,0.0,0.29441148922884797,0.0,0.09813716307628266,0.29441148922884797,0,0
-9.955626027274873,194.29234601614544,-205.1142479911157,0.0,0.0,0.36403371838901033,0.0,0.12134457279633677,0.36403371838901033,0,0
-5.968193190899858,195.0925137809187,-203.53225666394965,0.0,0.0,0.26225413674679987,0.0,0.08741804558226662,0.26225413674679987,0,0
-4.604091101784803,194.30907459434303,-202.544778900652,0.024905383958002687,0.0007352941176470588,0.2894161723384327,0.024905383958002687,0.10501895013802748,0.2894161723384327,0,0
-6.318353672206326,191.65742147272616,-201.6832021172788,0.005249664265657429,0.0,0.3256322197939432,0.005249664265657429,0.1102939613532002,0.3256322197939432,0,0
-7.748000569160141,186.1464516752453,-200.94626540209725,0.052130387010133075,0.006470588235294118,0.29441148922884797,0.052130387010133075,0.11767082149142505,0.29441148922884797,0,0
-9.102558490552743,187.2633250649633,-202.0489139901485,0.0,0.0,0.3115828910396503,0.0,0.10386096367988344,0.3115828910396503,0,0
-9.61402781603716,192.7064846988929,-204.01131142629265,0.0,0.0,0.3143927567905089,0.0,0.10479758559683629,0.3143927567905089,0,0
-10.566477830502924,190.51842250393315,-203.83553618358164,0.0,0.0,0.3300031220730565,0.0,0.11000104069101883,0.3300031220730565,0,0
-11.306634264127082,192.4805265678695,-205.18424975265748,0.0,0.0,0.40805494848579454,0.0,0.13601831616193152,0.40805494848579454,0,0
-8.935757381837886,189.4754558823892,-202.36219346028264,0.0,0.0,0.34935997502341554,0.0,0.11645332500780518,0.34935997502341554,0,0
-10.537941085721917,188.1203942698589,-203.2706736730944,0.0,0.0,0.4230408991570403,0.0,0.14101363305234677,0.4230408991570403,0,0
-12.97533866455924,192.38447512210988,-206.7621872640848,0.0,0.0,0.4411489228847955,0.0,0.1470496409615985,0.4411489228847955,0,0
-13.353682370801703,193.6878162676544,-208.09434101045684,0.0,0.003823529411764706,0.07992507024664378,0.003823529411764706,0.027916199886136164,0.07992507024664378,0,0
-14.415744265991464,191.5903869001817,-208.2419316203847,0.0,0.007058823529411765,0.16453325007805183,0.007058823529411765,0.05719735786915453,0.16453325007805183,0,0
-13.665241365357328,190.7101775379029,-206.8280296123555,0.0,0.0,0.4726818607555417,0.0,0.15756062025184722,0.4726818607555417,0,0
-8.983336583709756,185.1370308683425,-201.8643968406302,0.0,0.0,0.36434592569466123,0.0,0.12144864189822041,0.36434592569466123,0,0
-10.37700566173925,185.88014392934323,-203.00406024755267,0.0,0.0,0.42023103340618173,0.0,0.14007701113539392,0.42023103340618173,0,0
-12.446118254967562,190.7433829426322,-205.531192309038,0.0,0.0,0.4386512644395879,0.0,0.1462170881465293,0.4386512644395879,0,0
-13.529370063037977,189.1698911107168,-206.2482586135411,0.0,0.0,0.477052763034655,0.0,0.15901758767821833,0.477052763034655,0,0
-11.800310744975745,186.67404767525164,-204.274340071717,0.0,0.0,0.4139868872931627,0.0,0.1379956290977209,0.4139868872931627,0,0
-13.228323755474568,187.3424030610907,-205.71687418402465,0.0,0.0,0.4626912269747112,0.0,0.1542304089915704,0.4626912269747112,0,0
-12.046584430782916,188.79775373467743,-204.6789818349043,0.0,0.0,0.4214798626287855,0.0,0.1404932875429285,0.4214798626287855,0,0
-14.7798709410369,189.5284738520617,-207.9003667691225,0.0,0.0072058823529411765,0.14267873868248518,0.0072058823529411765,0.049961540345142115,0.14267873868248518,0,0
-14.511618750734709,187.6226411249896,-207.22441508028285,0.0,0.0058823529411764705,0.07524196066187949,0.0058823529411764705,0.027041437867685324,0.07524196066187949,0,0
-15.34251477999071,190.3120323365285,-209.13978801438864,0.0,0.007941176470588234,0.1607867624102404,0.007941176470588234,0.05624264629360954,0.1607867624102404,0,0
-15.828686144524816,188.87276115651244,-209.4284739908064,0.0,0.007058823529411765,0.13612238526381518,0.007058823529411765,0.04772706959774231,0.13612238526381518,0,0
-15.391668017596253,187.85625480684783,-208.45440087991395,0.0,0.006617647058823529,0.11020917889478614,0.006617647058823529,0.03894227531786989,0.11020917889478614,0,0
-0.9881127818594851,178.3708332844224,-194.36937728218064,0.9741179343181541,0.9838235294117647,1.0,0.9838235294117647,0.985980487909973,1.0,1,0
-1.0484952489845292,178.31437416194242,-194.55214146575287,1.0,1.0,1.0,1.0,1.0,1.0,1,1
-0.948721895201,178.198792172,-194.406904276,1.0,1.0,1.0,1.0,1.0,1.0,1,1
-1.0611913731835254,178.47445272804148,-194.46798277259688,1.0,1.0,1.0,1.0,1.0,1.0,1,1
-1.02633110689,178.55344526,-194.33039525,0.9737516786717129,0.9838235294117647,1.0,0.9838235294117647,0.9858584026944924,1.0,1,0
-1.1218760507708585,178.6443703257207,-194.49379722457988,0.9737516786717129,0.9836764705882353,1.0,0.9836764705882353,0.9858093830866493,1.0,1,0
-1.008180645744546,178.14824525380632,-194.5855408461575,1.0,1.0,1.0,1.0,1.0,1.0,1,1
-1.1184729998496503,178.27314126951896,-194.737512661411,1.0,1.0,1.0,1.0,1.0,1.0,1,1
-1.157911301191373,178.49308743939753,-194.6744042725857,1.0,1.0,1.0,1.0,1.0,1.0,1,1
-1.231618889178779,178.74614282972624,-194.6755574927436,1.0,1.0,1.0,1.0,1.0,1.0,1,1
-1.0771979269804368,178.08576365332715,-194.78641937688195,1.0,1.0,1.0,1.0,1.0,1.0,1,1
-1.2252641696030142,178.40653403346496,-194.87485087511791,1.0,1.0,1.0,1.0,1.0,1.0,1,1
-1.217504908420616,178.2331072744771,-194.97290978741512,1.0,1.0,1.0,1.0,1.0,1.0,1,1
-1.2883523084586717,178.6088509223932,-194.8809390932324,1.0,1.0,1.0,1.0,1.0,1.0,1,1
-1.359541520366654,178.86140165937027,-194.8799074665156,1.0,1.0,1.0,1.0,1.0,1.0,1,1
-1.1576470596841,178.0077348287614,-195.0121918288868,1.0,1.0,1.0,1.0,1.0,1.0,1,1
-1.3526974252518091,178.43835521277634,-195.11222976705693,1.0,1.0,1.0,1.0,1.0,1.0,1,1
-1.3055780194635138,178.15959905800125,-195.19470744743768,1.0,1.0,1.0,1.0,1.0,1.0,1,1
-1.2514166922793786,177.9096723884087,-195.26468473081567,1.0,1.0,1.0,1.0,1.0,1.0,1,1
-1.5087885033407116,178.9916110796449,-195.1087866994933,1.0,1.0,1.0,1.0,1.0,1.0,1,1
-1.4528917004829802,178.73117142199268,-195.1418156759399,1.0,1.0,1.0,1.0,1.0,1.0,1,1
-1.4802077874693778,178.33920764035878,-195.40834441603548,1.0,1.0,1.0,1.0,1.0,1.0,1,1
-1.5015666101287144,178.5773241221272,-195.3168205675264,1.0,1.0,1.0,1.0,1.0,1.0,1,1
-1.6105167166780716,178.82338444357595,-195.39039115432325,1.0,1.0,1.0,1.0,1.0,1.0,1,1
-1.6832933924773932,179.13851624231805,-195.3644058453203,1.0,1.0,1.0,1.0,1.0,1.0,1,1
-1.4324342791571982,178.0621444794856,-195.48803732829376,1.0,1.0,1.0,1.0,1.0,1.0,1,1
-1.5815372064507156,178.2376778677975,-195.64114128358395,1.0,1.0,1.0,1.0,1.0,1.0,1,1
-1.360650924874519,177.78569795169125,-195.545665948622,1.0,1.0,1.0,1.0,1.0,1.0,1,1
-1.5861556480820145,177.98155250595258,-195.7939802083561,1.0,1.0,1.0,1.0,1.0,1.0,1,1
-1.6778754036257315,178.5484905122472,-195.6432189145561,1.0,1.0,1.0,1.0,1.0,1.0,1,1
-1.7951563919008473,178.93677684267092,-195.6617016552607,1.0,1.0,1.0,1.0,1.0,1.0,1,1
-1.888661243839926,179.30474126541682,-195.6501949399818,1.0,1.0,1.0,1.0,1.0,1.0,1,1
-1.487519365894244,177.62841744756628,-195.8566891205148,1.0,1.0,1.0,1.0,1.0,1.0,1,1
-1.811446213925062,178.2829304613562,-195.9881704304172,1.0,1.0,1.0,1.0,1.0,1.0,1,1
-1.7534442942931612,177.84219242742805,-196.13088418689733,1.0,1.0,1.0,1.0,1.0,1.0,1,1
-1.633808767870504,177.42909231398335,-196.19945703607027,1.0,1.0,1.0,1.0,1.0,1.0,1,1
-2.131097799461443,179.49275343273396,-195.9689013585203,1.0,1.0,1.0,1.0,1.0,1.0,1,1
-2.052589048156286,179.065768981917,-196.02553293718617,1.0,1.0,1.0,1.0,1.0,1.0,1,1
-1.9536691166761813,178.70114139382707,-196.0194698721872,1.0,1.0,1.0,1.0,1.0,1.0,1,1
-2.214704204025577,178.79852236135366,-196.36686051266204,1.0,1.0,1.0,1.0,1.0,1.0,1,1
-2.066409345919906,178.45906082511635,-196.2887098313958,1.0,1.0,1.0,1.0,1.0,1.0,1,1
-2.3178950914897847,179.22757248468292,-196.36090018537587,1.0,1.0,1.0,1.0,1.0,1.0,1,1
-2.417888126918373,179.7052271652324,-196.32315705816907,1.0,1.0,1.0,1.0,1.0,1.0,1,1
-2.534250174965306,178.93207501036454,-196.7546595170841,1.0,1.0,1.0,1.0,1.0,1.0,1,1
-2.0313414350631054,178.08938496694748,-196.4050427603105,1.0,1.0,1.0,1.0,1.0,1.0,1,1
-1.9446925871192933,177.64439796132356,-196.5108096160565,1.0,1.0,1.0,1.0,1.0,1.0,1,1
-2.347556535818564,178.41861093370892,-196.69461978364924,1.0,1.0,1.0,1.0,1.0,1.0,1,1
-1.7996875911138068,177.17934208845506,-196.5759147538528,1.0,1.0,1.0,1.0,1.0,1.0,1,1
-2.1682440257168607,177.39912257927895,-196.940054793312,1.0,1.0,1.0,1.0,1.0,1.0,1,1
-1.9831049348949503,176.87282738869246,-196.9914585138008,1.0,1.0,1.0,1.0,1.0,1.0,1,1
-2.6736367320606687,178.62640513938246,-197.0373049440224,1.0,1.0,1.0,1.0,1.0,1.0,1,1
-2.871814174768019,179.0374082693511,-197.14569421837544,1.0,1.0,1.0,1.0,1.0,1.0,1,1
-2.6520841343313246,179.39485494813212,-196.7629865291214,1.0,1.0,1.0,1.0,1.0,1.0,1,1
-2.7571622063225747,179.94493046994032,-196.7152661178323,1.0,1.0,1.0,1.0,1.0,1.0,1,1
-3.043019477247178,179.58451481400886,-197.19608370376443,1.0,1.0,1.0,1.0,1.0,1.0,1,1
-3.1574463271576887,180.214671350299,-197.14723091839417,1.0,1.0,1.0,1.0,1.0,1.0,1,1
-2.296440174856861,177.8996851184105,-196.85508403890705,1.0,1.0,1.0,1.0,1.0,1.0,1,1
-2.630786052853224,178.19273467775392,-197.15400921665176,1.0,1.0,1.0,1.0,1.0,1.0,1,1
-2.5748221481724274,177.6341616561327,-197.34314829335847,1.0,1.0,1.0,1.0,1.0,1.0,1,1
-2.418096815363033,177.09818351634172,-197.4241629461886,1.0,1.0,1.0,1.0,1.0,1.0,1,1
-2.179294749024126,176.5071581561769,-197.4569629649116,1.0,1.0,1.0,1.0,1.0,1.0,1,1
-2.994039581293349,178.55195454692767,-197.4572064625622,1.0,1.0,1.0,1.0,1.0,1.0,1,1
-3.491257757302437,179.80207396348612,-197.6539415988649,1.0,1.0,1.0,1.0,1.0,1.0,1,1
-3.305503514278424,179.12298190455118,-197.62869836381105,1.0,1.0,1.0,1.0,1.0,1.0,1,1
-3.6288839339868346,180.51852480780107,-197.6229953666173,1.0,1.0,1.0,1.0,1.0,1.0,1,1
-2.9960638425423074,177.9615313598491,-197.7104903040132,1.0,1.0,1.0,1.0,1.0,1.0,1,1
-2.8698637255619635,177.38111293345378,-197.8462299106293,1.0,1.0,1.0,1.0,1.0,1.0,1,1
-3.3719267663639347,177.70411127255537,-198.2979250375528,1.0,1.0,1.0,1.0,1.0,1.0,1,1
-2.3823965240096348,176.0805898607715,-197.98691052621487,1.0,1.0,1.0,1.0,1.0,1.0,1,1
-2.6701560770466264,176.73899225607605,-197.950934781054,1.0,1.0,1.0,1.0,1.0,1.0,1,1
-3.207983279909412,177.04208866627852,-198.46180741165577,1.0,1.0,1.0,1.0,1.0,1.0,1,1
-3.5083984967067567,178.47609493162807,-198.09381564850247,1.0,1.0,1.0,1.0,1.0,1.0,1,1
-3.793220678784685,178.03096420909188,-198.6351652554147,1.0,1.0,1.0,1.0,1.0,1.0,1,1
-4.181288937708561,180.86094663932204,-198.14752483331472,1.0,1.0,1.0,1.0,1.0,1.0,1,1
-4.036950550387332,180.03385874743083,-198.1814588805725,1.0,1.0,1.0,1.0,1.0,1.0,1,1
-3.822738941161993,179.26586762234626,-198.16010183263955,1.0,1.0,1.0,1.0,1.0,1.0,1,1
-4.087197585389827,178.6412029149131,-198.68694904144388,1.0,1.0,1.0,1.0,1.0,1.0,1,1
-4.291972425158635,178.00467881666214,-199.2341201792321,1.0,1.0,1.0,1.0,1.0,1.0,1,1
-3.746358411664197,177.40858113760123,-198.9172637975397,1.0,1.0,1.0,1.0,1.0,1.0,1,1
-2.586176350121947,175.58002886025247,-198.58748248890444,1.0,1.0,1.0,1.0,1.0,1.0,1,1
-2.939769874049301,176.3244752952125,-198.55386874170603,1.0,1.0,1.0,1.0,1.0,1.0,1,1
-3.243609214450617,175.7908265207929,-199.30134795075213,1.0,1.0,1.0,1.0,1.0,1.0,1,1
-3.551050467565147,176.56680099471794,-199.1850018380693,1.0,1.0,1.0,1.0,1.0,1.0,1,1
-2.76780687754315,174.98888807113624,-199.2682148409168,1.0,1.0,1.0,1.0,1.0,1.0,1,1
-4.824473731292855,181.2470206498336,-198.7279660685558,1.0,1.0,1.0,1.0,1.0,1.0,1,1
-4.665019315143977,180.3027176820016,-198.7582986023384,1.0,1.0,1.0,1.0,1.0,1.0,1,1
-4.415787523114357,179.42988756930015,-198.74500381381927,1.0,1.0,1.0,1.0,1.0,1.0,1,1
-5.569684723607982,181.6815747666108,-199.37281518155208,1.0,1.0,1.0,1.0,1.0,1.0,1,1
-5.391615465233968,180.6075852591626,-199.4081690432373,1.0,1.0,1.0,1.0,1.0,1.0,1,1
-4.717885590259998,178.74997957251546,-199.3454708451912,1.0,1.0,1.0,1.0,1.0,1.0,1,1
-5.0982611250030505,179.6185746931018,-199.40097125452635,1.0,1.0,1.0,1.0,1.0,1.0,1,1
3.988929060858778,168.873491216864,-197.1046197129384,1.0,1.0,1.0,1.0,1.0,1.0,1,1
3.9575983842878415,168.8286555628916,-197.2646364134673,1.0,1.0,1.0,1.0,1.0,1.0,1,1
4.17545873176,168.718564716,-197.174182075,1.0,1.0,1.0,1.0,1.0,1.0,1,1
3.800055403659969,168.95593672736248,-197.2163791707403,1.0,1.0,1.0,1.0,1.0,1.0,1,1
3.788650983071805,169.04198984325427,-197.02957696775488,1.0,1.0,1.0,1.0,1.0,1.0,1,1
4.022404447064925,168.73153562113092,-197.3936047578464,1.0,1.0,1.0,1.0,1.0,1.0,1,1
3.5565991816607867,169.1289291230871,-197.2049564917803,1.0,1.0,1.0,1.0,1.0,1.0,1,1
3.56565225239652,169.23470893414247,-196.9451841787304,1.0,1.0,1.0,1.0,1.0,1.0,1,1
3.801234630568607,168.8539313488536,-197.4584424173263,1.0,1.0,1.0,1.0,1.0,1.0,1,1
3.553295957729956,169.025707638873,-197.45192883632097,1.0,1.0,1.0,1.0,1.0,1.0,1,1
3.846591686121549,168.74616975729256,-197.6429263232897,1.0,1.0,1.0,1.0,1.0,1.0,1,1
3.5881426371423606,168.90782481430057,-197.6733534820773,1.0,1.0,1.0,1.0,1.0,1.0,1,1
3.357475702779789,169.18791829155592,-197.3911260489288,1.0,1.0,1.0,1.0,1.0,1.0,1,1
3.319148801076475,169.45699767445583,-196.8503788900568,1.0,1.0,1.0,1.0,1.0,1.0,1,1
3.2855948889499618,169.327610374357,-197.1907942443525,1.0,1.0,1.0,1.0,1.0,1.0,1,1
3.0154008969383232,169.55959249995632,-197.12020080773075,1.0,1.0,1.0,1.0,1.0,1.0,1,1
3.0473280713005697,169.71365501222311,-196.7439453007407,1.0,1.0,1.0,1.0,1.0,1.0,1,1
3.299966780940747,169.10817162838595,-197.6663463293286,1.0,1.0,1.0,1.0,1.0,1.0,1,1
2.746255049039572,170.00797559561698,-196.6244116073796,1.0,1.0,1.0,1.0,1.0,1.0,1,1
2.6965314103128875,169.83941647946403,-197.04842998640143,1.0,1.0,1.0,1.0,1.0,1.0,1,1
3.644516068531467,168.7626716650121,-197.9261156961804,1.0,1.0,1.0,1.0,1.0,1.0,1,1
3.3281744938593785,168.9645742082276,-197.95331834191,1.0,1.0,1.0,1.0,1.0,1.0,1,1
3.059198508067756,169.3593632775356,-197.4835701544845,1.0,1.0,1.0,1.0,1.0,1.0,1,1
2.709761869452747,169.65712890957624,-197.4018657674956,1.0,1.0,1.0,1.0,1.0,1.0,1,1
3.018456038084761,169.20295155476973,-197.89640105381324,1.0,1.0,1.0,1.0,1.0,1.0,1,1
3.412123384006831,168.78127476127406,-198.24765047685983,1.0,1.0,1.0,1.0,1.0,1.0,1,1
3.0539483954089786,169.01782492689517,-198.2598101118916,1.0,1.0,1.0,1.0,1.0,1.0,1,1
2.41975220990079,170.35199621136775,-196.4907099560525,1.0,1.0,1.0,1.0,1.0,1.0,1,1
2.369512798555647,170.15068689176766,-196.95235516078827,1.0,1.0,1.0,1.0,1.0,1.0,1,1
2.358515269905457,169.94009960799164,-197.3827575530292,1.0,1.0,1.0,1.0,1.0,1.0,1,1
2.6839823050054554,169.4850231416096,-197.80399468387043,1.0,1.0,1.0,1.0,1.0,1.0,1,1
2.446397317097003,169.72457902382277,-197.677400686072,1.0,1.0,1.0,1.0,1.0,1.0,1,1
3.14473223817648,168.80224972679005,-198.61258287446032,1.0,1.0,1.0,1.0,1.0,1.0,1,1
2.667591480503516,169.31361622752306,-198.1990739062496,1.0,1.0,1.0,1.0,1.0,1.0,1,1
2.7223856193521723,169.08575245256043,-198.6173502509457,1.0,1.0,1.0,1.0,1.0,1.0,1,1
2.836953520890704,168.82591755373284,-199.0266185505073,1.0,1.0,1.0,1.0,1.0,1.0,1,1
2.071851033529585,170.75779042376814,-196.3418159545262,1.0,1.0,1.0,1.0,1.0,1.0,1,1
2.017802095548507,170.51572858366924,-196.8465414023275,1.0,1.0,1.0,1.0,1.0,1.0,1,1
2.0025997404327227,170.25416353694047,-197.34251576228908,1.0,1.0,1.0,1.0,1.0,1.0,1,1
1.71066252365,171.244368382,-196.176533858,1.0,1.0,1.0,1.0,1.0,1.0,1,1
1.6608450989507308,170.9158257622638,-196.74906868584355,1.0,1.0,1.0,1.0,1.0,1.0,1,1
1.2865979400226255,171.43530789494878,-196.59353934914745,1.0,1.0,1.0,1.0,1.0,1.0,1,1
2.339127266825388,169.61725880572808,-198.06402986417547,1.0,1.0,1.0,1.0,1.0,1.0,1,1
2.097967073227907,169.94848540022596,-197.77512622937533,1.0,1.0,1.0,1.0,1.0,1.0,1,1
2.2637178382119965,169.42941403793972,-198.5715931402073,1.0,1.0,1.0,1.0,1.0,1.0,1,1
1.633124767277888,170.29935277083143,-197.84123333013864,1.0,1.0,1.0,1.0,1.0,1.0,1,1
2.482602129928335,168.85267084794853,-199.4962274120174,1.0,1.0,1.0,1.0,1.0,1.0,1,1
2.344170819771843,169.1573263357651,-199.0328308300757,1.0,1.0,1.0,1.0,1.0,1.0,1,1
1.607817991045275,170.63706212185474,-197.29297764494336,1.0,1.0,1.0,1.0,1.0,1.0,1,1
1.2242283411688886,171.06987613240835,-197.2081590336481,1.0,1.0,1.0,1.0,1.0,1.0,1,1
0.8315682404336473,171.6437561026937,-197.0411825459963,1.0,1.0,1.0,1.0,1.0,1.0,1,1
1.8259070393884536,169.8699771191733,-198.3486931030311,1.0,1.0,1.0,1.0,1.0,1.0,1,1
1.1848367883789876,170.7364226240236,-197.7958183892068,1.0,1.0,1.0,1.0,1.0,1.0,1,1
0.751315009203206,171.23871576672553,-197.70527589408263,1.0,1.0,1.0,1.0,1.0,1.0,1,1
1.8324820830638409,169.54177006082818,-198.99195174089508,1.0,1.0,1.0,1.0,1.0,1.0,1,1
1.2163131617421383,170.3464470744054,-198.4037358636464,1.0,1.0,1.0,1.0,1.0,1.0,1,1
1.3070966326792914,169.98823572531657,-198.91351932777275,1.0,1.0,1.0,1.0,1.0,1.0,1,1
1.9292692444142363,169.23126502829177,-199.49280814222217,1.0,1.0,1.0,1.0,1.0,1.0,1,1
0.3250142629612241,171.87953496046865,-197.54042093931048,1.0,1.0,1.0,1.0,1.0,1.0,1,1
0.225827227849873,171.4159371167786,-198.2743499983493,1.0,1.0,1.0,1.0,1.0,1.0,1,1
0.713984933002157,170.84006996424293,-198.3632599330905,1.0,1.0,1.0,1.0,1.0,1.0,1,1
1.3539910766596597,169.6441362697248,-199.50188360672016,1.0,1.0,1.0,1.0,1.0,1.0,1,1
0.7531203366055982,170.41827967472588,-198.98784321308435,1.0,1.0,1.0,1.0,1.0,1.0,1,1
0.9601107991603752,170.02054311214886,-199.37570675921748,1.0,1.0,1.0,1.0,1.0,1.0,1,1
-0.2421680164528819,172.14711598711813,-198.10100509037025,1.0,1.0,1.0,1.0,1.0,1.0,1,1
0.1920597753910886,170.94565925640623,-199.0015063013952,1.0,1.0,1.0,1.0,1.0,1.0,1,1
-0.380281560985783,171.61898037520413,-198.9340642545937,1.0,1.0,1.0,1.0,1.0,1.0,1,1
-0.8715676455903003,172.45197286657935,-198.73083521963525,1.0,1.0,1.0,1.0,1.0,1.0,1,1
-1.5517463859869651,172.78449091061805,-199.41641733922995,1.0,1.0,1.0,1.0,1.0,1.0,1,1
-0.948721895201,178.198792172,-194.406904276,1.0,1.0,1.0,1.0,1.0,1.0,1,1
-0.9139101986684056,178.06005873638736,-194.4378902427979,1.0,1.0,1.0,1.0,1.0,1.0,1,1
-0.9390508110328007,177.97311695801787,-194.57069739302955,1.0,1.0,1.0,1.0,1.0,1.0,1,1
-0.8645522847087439,177.87905343391634,-194.47924317153985,1.0,1.0,1.0,1.0,1.0,1.0,1,1
-0.9162280357765642,177.79905595259987,-194.67075755334733,1.0,1.0,1.0,1.0,1.0,1.0,1,1
-0.8045023067305148,177.67814061623125,-194.5263945260012,1.0,1.0,1.0,1.0,1.0,1.0,1,1
-0.8581328112927527,177.57170490460302,-194.75034225950256,1.0,1.0,1.0,1.0,1.0,1.0,1,1
-0.730641591838,177.45176413299998,-194.580990403,1.0,1.0,1.0,1.0,1.0,1.0,1,1
-0.9991151908410442,177.98243106397334,-194.69846217896324,1.0,1.0,1.0,1.0,1.0,1.0,1,1
-1.0391338085247257,177.89033550695666,-194.8603175932037,1.0,1.0,1.0,1.0,1.0,1.0,1,1
-0.9594985896264898,177.69122055023468,-194.86034545793007,1.0,1.0,1.0,1.0,1.0,1.0,1,1
-0.935220499354655,177.50380153944027,-194.975116187176,1.0,1.0,1.0,1.0,1.0,1.0,1,1
-0.7918299726573681,177.3374796715503,-194.83108290490097,1.0,1.0,1.0,1.0,1.0,1.0,1,1
-0.6395930359027246,177.1934739795505,-194.6448868357424,1.0,1.0,1.0,1.0,1.0,1.0,1,1
-0.8871243624892741,177.25491984265588,-195.1003219327489,1.0,1.0,1.0,1.0,1.0,1.0,1,1
-1.016797437899334,177.46030915894374,-195.1730274190109,1.0,1.0,1.0,1.0,1.0,1.0,1,1
-1.0813227592770371,177.72445426308985,-195.081047480461,1.0,1.0,1.0,1.0,1.0,1.0,1,1
-0.7157681321471455,177.06615446202073,-194.9361849088128,1.0,1.0,1.0,1.0,1.0,1.0,1,1
-0.5308269228138629,176.9017059417705,-194.7184671773549,1.0,1.0,1.0,1.0,1.0,1.0,1,1
-0.404090864438403,176.57134847001626,-194.8026281967404,1.0,1.0,1.0,1.0,1.0,1.0,1,1
-0.6234291357211529,176.74697905805786,-195.057647565628,1.0,1.0,1.0,1.0,1.0,1.0,1,1
-1.043442478856864,177.2445104572244,-195.39711502722864,1.0,1.0,1.0,1.0,1.0,1.0,1,1
-0.8215288087012024,176.96384344607722,-195.2310097621732,1.0,1.0,1.0,1.0,1.0,1.0,1,1
-1.174855600260175,177.57347036116292,-195.3750627552284,1.0,1.0,1.0,1.0,1.0,1.0,1,1
-1.2703388471077557,177.4369859047463,-195.6395898181268,1.0,1.0,1.0,1.0,1.0,1.0,1,1
-0.2600640358347661,176.19582802399495,-194.89828241598457,1.0,1.0,1.0,1.0,1.0,1.0,1,1
-0.5145506652701295,176.38946864475082,-195.180357432246,1.0,1.0,1.0,1.0,1.0,1.0,1,1
-0.7638264341751764,176.61293173075035,-195.4210242539932,1.0,1.0,1.0,1.0,1.0,1.0,1,1
-1.146871005938434,177.04959356357529,-195.7165066788104,1.0,1.0,1.0,1.0,1.0,1.0,1,1
-0.9621631803799982,176.92334139148764,-195.5088363349499,1.0,1.0,1.0,1.0,1.0,1.0,1,1
-1.002646510191981,176.7134713247594,-195.7309360855917,1.0,1.0,1.0,1.0,1.0,1.0,1,1
-1.3768878603923742,177.21797294684623,-195.95732704849323,1.0,1.0,1.0,1.0,1.0,1.0,1,1
-1.2242085604023156,176.82226550606055,-195.9920887890037,1.0,1.0,1.0,1.0,1.0,1.0,1,1
-0.0994084573990772,175.76766344903976,-195.00650316586405,1.0,1.0,1.0,1.0,1.0,1.0,1,1
-0.3922987746515887,175.97965018450753,-195.320307290976,1.0,1.0,1.0,1.0,1.0,1.0,1,1
-0.6533752740613561,176.20754614985336,-195.5604920035963,1.0,1.0,1.0,1.0,1.0,1.0,1,1
-0.2604750236625154,175.53290944439706,-195.4721123676433,1.0,1.0,1.0,1.0,1.0,1.0,1,1
-1.062773261542257,176.44486470946492,-196.01104941553928,1.0,1.0,1.0,1.0,1.0,1.0,1,1
-0.8702347611920486,176.41560408549728,-195.74271360691407,1.0,1.0,1.0,1.0,1.0,1.0,1,1
-0.5640890764645279,175.7974531486633,-195.73786391657924,1.0,1.0,1.0,1.0,1.0,1.0,1,1
-0.8430057155690535,176.10625541046164,-195.9273686579701,1.0,1.0,1.0,1.0,1.0,1.0,1,1
0.0793456530808999,175.2793478946765,-195.1288854917895,1.0,1.0,1.0,1.0,1.0,1.0,1,1
-1.081288770287298,176.07868717969012,-196.2905670321629,1.0,1.0,1.0,1.0,1.0,1.0,1,1
-1.4953155685221182,176.97763846486205,-196.2820183514721,1.0,1.0,1.0,1.0,1.0,1.0,1,1
-1.3068936103551625,176.506796083185,-196.3174233736653,1.0,1.0,1.0,1.0,1.0,1.0,1,1
0.2784995697185303,174.72268683941132,-195.2672938677256,1.0,1.0,1.0,1.0,1.0,1.0,1,1
-0.1194505069899182,175.007623543118,-195.6689751480904,1.0,1.0,1.0,1.0,1.0,1.0,1,1
-0.4560850018669441,175.29874379299918,-195.95599861295355,1.0,1.0,1.0,1.0,1.0,1.0,1,1
-0.786312472696223,175.65710505949357,-196.1727213713632,1.0,1.0,1.0,1.0,1.0,1.0,1,1
0.5021299459268368,174.08877858643288,-195.4241346739952,1.0,1.0,1.0,1.0,1.0,1.0,1,1
0.0560605195478633,174.34739214663884,-195.9108890364592,1.0,1.0,1.0,1.0,1.0,1.0,1,1
1.71066252365,171.244368382,-196.176533858,1.0,1.0,1.0,1.0,1.0,1.0,1,1
1.3730166843820086,171.85815833442916,-195.99597300106456,1.0,1.0,1.0,1.0,1.0,1.0,1,1
-1.080720812084315,175.5781318532399,-196.6432876378708,1.0,1.0,1.0,1.0,1.0,1.0,1,1
-1.3853972401142158,176.118702121499,-196.67925216744453,1.0,1.0,1.0,1.0,1.0,1.0,1,1
-1.6227669351506049,176.65166783934828,-196.6539315189878,1.0,1.0,1.0,1.0,1.0,1.0,1,1
0.758783728634756,173.3715310703316,-195.60247642194625,1.0,1.0,1.0,1.0,1.0,1.0,1,1
0.2471740393300804,173.6879096314314,-196.12945446934785,1.0,1.0,1.0,1.0,1.0,1.0,1,1
-0.7378535974023323,175.16504049814338,-196.464786117296,1.0,1.0,1.0,1.0,1.0,1.0,1,1
-0.3358884579804203,174.74084196556475,-196.19806711984776,1.0,1.0,1.0,1.0,1.0,1.0,1,1
-0.6505794745108576,174.6583619137185,-196.7104462156481,1.0,1.0,1.0,1.0,1.0,1.0,1,1
-1.0656486237143985,174.96690931942132,-197.0614898597433,1.0,1.0,1.0,1.0,1.0,1.0,1,1
0.9324336688495338,172.1001276599906,-196.4242858631717,1.0,1.0,1.0,1.0,1.0,1.0,1,1
1.0546783557157706,172.59387260068195,-195.80000303018485,1.0,1.0,1.0,1.0,1.0,1.0,1,1
0.4550746654018187,172.8576020293715,-196.47651192876907,1.0,1.0,1.0,1.0,1.0,1.0,1,1
0.5222469191546367,172.17439648516898,-196.9590354076392,1.0,1.0,1.0,1.0,1.0,1.0,1,1
-0.2833876641453239,174.08791152122836,-196.6053151766503,1.0,1.0,1.0,1.0,1.0,1.0,1,1
-1.462342634497059,175.64164012329405,-197.1091617022093,1.0,1.0,1.0,1.0,1.0,1.0,1,1
-1.7632127528069477,176.27015067251284,-197.07403306486395,1.0,1.0,1.0,1.0,1.0,1.0,1,1
-0.7946614623105378,174.27853232640337,-197.187874429529,1.0,1.0,1.0,1.0,1.0,1.0,1,1
-0.0150726107483329,173.3573305110848,-196.76819056446263,1.0,1.0,1.0,1.0,1.0,1.0,1,1
-1.91210453320868,175.83178173628633,-197.556372847574,1.0,1.0,1.0,1.0,1.0,1.0,1,1
-1.2251541760256863,174.612689282551,-197.5320059047636,1.0,1.0,1.0,1.0,1.0,1.0,1,1
-1.5457435740644785,175.15154575728783,-197.5657706672669,1.0,1.0,1.0,1.0,1.0,1.0,1,1
-1.1076418159423416,173.91608091045424,-197.88572045797224,1.0,1.0,1.0,1.0,1.0,1.0,1,1
-0.0220229244147206,172.67056707552783,-197.3165656892785,1.0,1.0,1.0,1.0,1.0,1.0,1,1
-0.511462710931182,173.53369362414057,-197.341771802308,1.0,1.0,1.0,1.0,1.0,1.0,1,1
-1.636265930863413,174.6004376335553,-198.0875802767119,1.0,1.0,1.0,1.0,1.0,1.0,1,1
-2.0721416842404707,175.34910860228467,-198.09780881812267,1.0,1.0,1.0,1.0,1.0,1.0,1,1
-1.7173156096491038,174.10294174749424,-198.57324361444088,1.0,1.0,1.0,1.0,1.0,1.0,1,1
-1.3435060271881012,173.31831048295217,-198.6685004982297,1.0,1.0,1.0,1.0,1.0,1.0,1,1
-2.205280214227626,174.8685934668808,-198.6272029067033,1.0,1.0,1.0,1.0,1.0,1.0,1,1
-0.7068517716702893,173.0168224719253,-198.01079215533616,1.0,1.0,1.0,1.0,1.0,1.0,1,1
-2.0240038595417245,173.56340346222086,-199.4149033014551,1.0,1.0,1.0,1.0,1.0,1.0,1,1
-2.310023066062395,174.41771495012617,-199.11871484272405,1.0,1.0,1.0,1.0,1.0,1.0,1,1
4.322746485880857,168.59725281916394,-197.2289226938404,1.0,1.0,1.0,1.0,1.0,1.0,1,1
4.17545873176,168.718564716,-197.174182075,1.0,1.0,1.0,1.0,1.0,1.0,1,1
4.1936377622385965,168.62352992016122,-197.3766272405853,1.0,1.0,1.0,1.0,1.0,1.0,1,1
4.737644363834069,168.14791538609217,-197.6772538502085,1.0,1.0,1.0,1.0,1.0,1.0,1,1
4.974543227993582,168.0770831891354,-197.46854388251708,1.0,1.0,1.0,1.0,1.0,1.0,1,1
4.729635872986882,168.26876401362944,-197.3791335439909,1.0,1.0,1.0,1.0,1.0,1.0,1,1
4.523263290648912,168.3304291929435,-197.56324411405112,1.0,1.0,1.0,1.0,1.0,1.0,1,1
4.515203335221651,168.44057071937553,-197.3001969355145,1.0,1.0,1.0,1.0,1.0,1.0,1,1
4.332250126377321,168.49596540560614,-197.46324508492543,1.0,1.0,1.0,1.0,1.0,1.0,1,1
4.3383256733348965,168.4085753822874,-197.66993536702904,1.0,1.0,1.0,1.0,1.0,1.0,1,1
4.106247085397564,168.58161605610093,-197.62108055665283,1.0,1.0,1.0,1.0,1.0,1.0,1,1
4.9831276405257325,167.94338165612336,-197.8124871700001,1.0,1.0,1.0,1.0,1.0,1.0,1,1
5.255353740573091,167.8648277804182,-197.5698281403872,1.0,1.0,1.0,1.0,1.0,1.0,1,1
4.475449431812655,168.25006891652046,-197.84486404873903,1.0,1.0,1.0,1.0,1.0,1.0,1,1
4.694903388614879,168.0405926467437,-198.02875550032545,1.0,1.0,1.0,1.0,1.0,1.0,1,1
4.950523396382735,167.82162037564598,-198.2013052726118,1.0,1.0,1.0,1.0,1.0,1.0,1,1
4.196440108548332,168.40860718915997,-197.89941265423505,1.0,1.0,1.0,1.0,1.0,1.0,1,1
4.372838052040547,168.19915615901178,-198.1405305933797,1.0,1.0,1.0,1.0,1.0,1.0,1,1
3.931628623286137,168.56513360593587,-197.941397645568,1.0,1.0,1.0,1.0,1.0,1.0,1,1
4.064397530045253,168.36602417044787,-198.2155513980369,1.0,1.0,1.0,1.0,1.0,1.0,1,1
5.268775207670865,167.7161934798266,-197.96685958898505,1.0,1.0,1.0,1.0,1.0,1.0,1,1
5.578325658951888,167.63152721089443,-197.6845453388437,1.0,1.0,1.0,1.0,1.0,1.0,1,1
5.2427161112829,167.58137213753102,-198.4067531161465,1.0,1.0,1.0,1.0,1.0,1.0,1,1
5.951185176251835,167.37785328295442,-197.81441484332709,1.0,1.0,1.0,1.0,1.0,1.0,1,1
5.604095736679556,167.46740615480263,-198.1382227501641,1.0,1.0,1.0,1.0,1.0,1.0,1,1
5.995523697424976,167.20036864097284,-198.32987446731897,1.0,1.0,1.0,1.0,1.0,1.0,1,1
6.383412881124881,167.1062236710963,-197.9612852721073,1.0,1.0,1.0,1.0,1.0,1.0,1,1
4.614074974102315,167.95628162691114,-198.3849777973075,1.0,1.0,1.0,1.0,1.0,1.0,1,1
4.250032700208585,168.1386957308995,-198.49176474296075,1.0,1.0,1.0,1.0,1.0,1.0,1,1
4.493078964244066,167.87923902969172,-198.78893579672504,1.0,1.0,1.0,1.0,1.0,1.0,1,1
4.867404486804367,167.71813110162256,-198.63089954461392,1.0,1.0,1.0,1.0,1.0,1.0,1,1
5.176305898520759,167.46680850054156,-198.8695796031355,1.0,1.0,1.0,1.0,1.0,1.0,1,1
4.771236353306171,167.61047262360364,-199.10290324092148,1.0,1.0,1.0,1.0,1.0,1.0,1,1
5.097635023511057,167.35293464778485,-199.3681944257997,1.0,1.0,1.0,1.0,1.0,1.0,1,1
3.741148555121336,168.56113334232393,-198.2523103077238,1.0,1.0,1.0,1.0,1.0,1.0,1,1
4.106931552444522,168.06310714345585,-198.9134466724504,1.0,1.0,1.0,1.0,1.0,1.0,1,1
3.894543948417641,168.32468161920994,-198.58540317101816,1.0,1.0,1.0,1.0,1.0,1.0,1,1
3.5231236902702747,168.5487957276734,-198.6213917277012,1.0,1.0,1.0,1.0,1.0,1.0,1,1
5.536039225395324,167.17924807706848,-199.21491275002413,1.0,1.0,1.0,1.0,1.0,1.0,1,1
5.582833951923538,167.3204952993916,-198.64744727099668,1.0,1.0,1.0,1.0,1.0,1.0,1,1
6.001079249713322,167.03614598634425,-198.9187284759708,1.0,1.0,1.0,1.0,1.0,1.0,1,1
6.885980492417911,166.8208144172574,-198.1270701096578,1.0,1.0,1.0,1.0,1.0,1.0,1,1
6.45921148366024,166.91670660614997,-198.5446981198237,1.0,1.0,1.0,1.0,1.0,1.0,1,1
6.978661518003651,166.63933206700426,-198.7696568470101,1.0,1.0,1.0,1.0,1.0,1.0,1,1
7.471710937036432,166.52879183896815,-198.3136310445534,1.0,1.0,1.0,1.0,1.0,1.0,1,1
7.617277423477754,166.34928386413458,-199.0428365224093,1.0,1.0,1.0,1.0,1.0,1.0,1,1
8.154653757435005,166.24020390974434,-198.5226478765497,1.0,1.0,1.0,1.0,1.0,1.0,1,1
4.351691919690366,167.7859440124309,-199.2733804246895,1.0,1.0,1.0,1.0,1.0,1.0,1,1
6.457723525482741,166.76721675982637,-199.19001993438624,1.0,1.0,1.0,1.0,1.0,1.0,1,1
5.915693457353749,166.92010124407392,-199.53858802331723,1.0,1.0,1.0,1.0,1.0,1.0,1,1
11.694586052004546,165.6939800588234,-199.4503997313656,1.0,1.0,1.0,1.0,1.0,1.0,1,1
10.833892878114655,165.67482156379947,-199.2497368640224,1.0,1.0,1.0,1.0,1.0,1.0,1,1
3.926620666078461,167.98572073944007,-199.3984334505197,1.0,1.0,1.0,1.0,1.0,1.0,1,1
3.694166539637104,168.28154404840947,-199.0034663992406,1.0,1.0,1.0,1.0,1.0,1.0,1,1
3.2686240796327977,168.53638952379416,-199.0409315125397,1.0,1.0,1.0,1.0,1.0,1.0,1,1
9.8787447621628,165.7678491224441,-199.0083193861042,1.0,1.0,1.0,1.0,1.0,1.0,1,1
8.951692209751632,165.97409842467977,-198.75499621863065,1.0,1.0,1.0,1.0,1.0,1.0,1,1
8.343830424493385,166.08762225168158,-199.3338062323452,1.0,1.0,1.0,1.0,1.0,1.0,1,1
3.4571409858527167,168.2331404281028,-199.48663229336165,1.0,1.0,1.0,1.0,1.0,1.0,1,1
7.016143946494262,166.48923785935594,-199.50098470622063,1.0,1.0,1.0,1.0,1.0,1.0,1,1
2.974053138154606,168.52205477760077,-199.5188447244556,1.0,1.0,1.0,1.0,1.0,1.0,1,1
6.57644326315486,191.34417765439144,-196.7280821883241,0.7536320351605421,0.9088235294117647,0.9918826100530752,0.9088235294117647,0.884779391541794,0.9918826100530752,0,0
6.316176530389157,191.2810300334536,-196.73648058107327,0.7533878647295813,0.9045588235294117,0.9906337808304714,0.9045588235294117,0.8828601563631548,0.9906337808304714,0,0
6.516408067109464,191.137981312002,-196.34536894899912,0.7535099499450617,0.9097058823529411,0.9915704027474243,0.9097058823529411,0.8849287450151424,0.9915704027474243,0,0
6.393898590795017,191.4652631944066,-197.0476831142879,0.7535099499450617,0.903235294117647,0.9903215735248205,0.903235294117647,0.8823556058625096,0.9903215735248205,0,0
6.639092141017387,191.5783551820032,-197.1586766047876,0.7536320351605421,0.9069117647058823,0.9915704027474243,0.9069117647058823,0.8840380675379494,0.9915704027474243,0,0
6.0842718762602495,191.45303260499088,-197.16253976680343,0.7533878647295813,0.8963235294117647,0.9890727443022167,0.8963235294117647,0.8795947128145208,0.9890727443022167,0,0
6.306360235418729,191.65635721457056,-197.43210690166285,0.7533878647295813,0.8973529411764706,0.9890727443022167,0.8973529411764706,0.8799378500694228,0.9890727443022167,0,0
6.702785973021571,191.84533436742265,-197.6438919052976,0.7536320351605421,0.9017647058823529,0.9903215735248205,0.9017647058823529,0.8819061048559051,0.9903215735248205,0,0
5.810053438516485,191.6639503238811,-197.6324714341342,0.7532657795141009,0.8619117647058824,0.9862628785513581,0.8619117647058824,0.8671468075904473,0.9862628785513581,0,0
6.1712471815453975,191.97506418059976,-198.0206809210496,0.7532657795141009,0.8564705882352941,0.9862628785513581,0.8564705882352941,0.8653330821002511,0.9862628785513581,0,0
5.484969660049788,191.92271190522013,-198.14712145254484,0.7531436942986205,0.7729411764705882,0.980643147049641,0.7729411764705882,0.8355760059396166,0.980643147049641,0,0
6.764880330501619,192.1511902284805,-198.19169253029747,0.7535099499450617,0.8923529411764706,0.9887605369965657,0.8923529411764706,0.8782078093726993,0.9887605369965657,0,0
5.813002855048175,192.27997972894445,-198.57729137169545,0.7531436942986205,0.7695588235294117,0.980018732438339,0.7695588235294117,0.8342404167554571,0.980018732438339,0,0
6.360688195780552,192.3107879747435,-198.5382977233232,0.7532657795141009,0.7867647058823529,0.9828285981891977,0.7867647058823529,0.8409530278618839,0.9828285981891977,0,0
6.8212185342155065,192.5031961479621,-198.8107872729436,0.7532657795141009,0.8123529411764706,0.9853262566344052,0.8123529411764706,0.850314992441659,0.9853262566344052,0,0
6.86638837149642,192.90794914261096,-199.507585356032,0.7531436942986205,0.7694117647058824,0.9793943178270371,0.7694117647058824,0.8339832589438467,0.9793943178270371,0,0
6.231307119809215,192.61245556389684,-199.03754658330453,0.7530216090831401,0.7675,0.9787699032157352,0.7675,0.8330971707662918,0.9787699032157352,0,0
5.098871479842275,192.2395348368036,-198.7061556540937,0.7527774386521793,0.7447058823529412,0.9765844520761786,0.7527774386521793,0.8246892576937664,0.9765844520761786,0,0
5.546831049459877,192.6978935131972,-199.21777092656475,0.7503357343425712,0.7272058823529411,0.9743990009366219,0.7503357343425712,0.8173135392107115,0.9743990009366219,0,0
4.639831745602713,192.6254433893958,-199.30840171263364,0.745208155292394,0.663235294117647,0.9712769278801124,0.745208155292394,0.7932401257633845,0.9712769278801124,0,0
6.185616763510081,190.14455539889423,-194.4138951620561,0.7413014283970211,0.8948529411764706,0.9828285981891977,0.8948529411764706,0.8729943225875632,0.9828285981891977,0,0
5.928135314461226,190.02349634105764,-194.3793626087275,0.740691002319619,0.8913235294117647,0.9822041835778957,0.8913235294117647,0.8714062384364265,0.9822041835778957,0,0
6.13719775749,190.013939966,-194.148129577,0.7383713832254913,0.889264705882353,0.9812675616609429,0.889264705882353,0.8696345502562624,0.9812675616609429,0,0
5.904390815577203,189.8997282748788,-194.11174515733265,0.8107679160053718,0.21102941176470588,0.7917577271308148,0.7917577271308148,0.6045183516336308,0.8107679160053718,0,0
6.232447772452527,190.27406389748265,-194.67474120222656,0.745208155292394,0.8998529411764706,0.9859506712457071,0.8998529411764706,0.8770039225715239,0.9859506712457071,0,0
5.966760604187825,190.15708789135817,-194.6497043702861,0.74398730313759,0.8951470588235294,0.9834530128004996,0.8951470588235294,0.8741957915872063,0.9834530128004996,0,0
6.283151537433615,190.4180263923793,-194.96154333304293,0.7520449273592968,0.9030882352941176,0.986575085857009,0.9030882352941176,0.8805694161701411,0.986575085857009,0,0
5.99030356734322,190.28006857726209,-194.90463088820024,0.7463069222317177,0.8991176470588236,0.9862628785513581,0.8991176470588236,0.877229149280633,0.9862628785513581,0,0
5.644997157144789,189.8947642022894,-194.3662625246112,0.8107679160053718,0.21102941176470588,0.7942553855760225,0.7942553855760225,0.6053509044487,0.8107679160053718,0,0
5.69830569937548,190.11851407006347,-194.8105269451905,0.8113783420827738,0.2161764705882353,0.8251639088354668,0.8113783420827738,0.6175729071688253,0.8251639088354668,0,0
5.743660266784175,190.02670112748703,-194.56611006290683,0.8112562568672934,0.21411764705882352,0.80986575085857,0.80986575085857,0.6117465515948957,0.8112562568672934,0,0
5.6006602520853255,189.7435008853016,-194.0654097976656,0.8097912342815285,0.20823529411764705,0.7914455198251639,0.7914455198251639,0.6031573494081132,0.8097912342815285,0,0
5.479583985188904,189.9461091072284,-194.641909905324,0.8108900012208522,0.21161764705882352,0.8033093974399,0.8033093974399,0.6086056819065253,0.8108900012208522,0,0
5.263982825333932,189.55999311057968,-194.01576595321907,0.8090587229886461,0.20588235294117646,0.7895722759912582,0.7895722759912582,0.6015044506403603,0.8090587229886461,0,0
5.322785584594541,189.74262455588843,-194.3571648026392,0.8101574899279698,0.20852941176470588,0.7923821417421167,0.7923821417421167,0.6036896811449308,0.8101574899279698,0,0
0.8744192629110612,185.88822095896413,-193.8238961467124,0.7195702600415089,0.9077941176470589,0.9681548548236029,0.9077941176470589,0.8651730775040569,0.9681548548236029,0,0
0.827855522700056,185.6600660268772,-193.6045856596388,0.7195702600415089,0.9097058823529411,0.9687792694349048,0.9097058823529411,0.8660184706097849,0.9687792694349048,0,0
1.04694404667902,185.9598810567508,-193.6073211749752,0.7195702600415089,0.9091176470588235,0.9687792694349048,0.9091176470588235,0.8658223921784124,0.9687792694349048,0,0
6.338082712864551,190.57867301968204,-195.2776255549156,0.7530216090831401,0.9061764705882352,0.9890727443022167,0.9061764705882352,0.8827569413245305,0.9890727443022167,0,0
6.01813471212333,190.4330749603258,-195.2155433706003,0.7527774386521793,0.9016176470588235,0.98688729316266,0.9016176470588235,0.8804274596245542,0.98688729316266,0,0
6.19464724896866,190.7965816209827,-195.84898516278489,0.7532657795141009,0.9058823529411765,0.9890727443022167,0.9058823529411765,0.8827402922524982,0.9890727443022167,0,0
6.395380078586484,190.75178980375512,-195.61354562112567,0.7532657795141009,0.9080882352941176,0.9890727443022167,0.9080882352941176,0.8834755863701451,0.9890727443022167,0,0
6.454715652864559,190.93747613206352,-195.968434261273,0.7532657795141009,0.9095588235294118,0.9909459881361223,0.9095588235294118,0.8845901970598783,0.9909459881361223,0,0
6.0073225359001,190.5993305982703,-195.57462492321025,0.7531436942986205,0.9027941176470589,0.9884483296909148,0.9027941176470589,0.881462047212198,0.9884483296909148,0,0
5.712703794756866,190.26522088996035,-195.1105918952167,0.748504456110365,0.8969117647058824,0.9862628785513581,0.8969117647058824,0.8772263664558686,0.9862628785513581,0,0
5.758917528055415,190.41259272201515,-195.37851557144668,0.7527774386521793,0.8991176470588236,0.986575085857009,0.8991176470588236,0.8794900571893374,0.986575085857009,0,0
5.391679085001667,190.0756162015766,-194.99324375537728,0.8113783420827738,0.21279411764705883,0.8204807992507025,0.8113783420827738,0.6148844196601785,0.8204807992507025,0,0
4.467443359663178,189.07937766826805,-193.9059340717596,0.8075937004028813,0.19970588235294118,0.7873868248517015,0.7873868248517015,0.5982288025358413,0.8075937004028813,0,0
4.887379047531822,189.34106281164043,-193.96247555748923,0.8082041264802833,0.20308823529411765,0.7886356540743054,0.7886356540743054,0.5999760052829021,0.8082041264802833,0,0
4.514667611820186,189.31500541144004,-194.3276184123825,0.8088145525576853,0.20308823529411765,0.7901966906025601,0.7901966906025601,0.6006998261514543,0.8088145525576853,0,0
4.95077824749211,189.5467696138328,-194.3288448703712,0.8096691490660481,0.20588235294117646,0.7914455198251639,0.7914455198251639,0.6023323406107961,0.8096691490660481,0,0
5.068736122298593,189.81328564389787,-194.7556419024941,0.8107679160053718,0.2088235294117647,0.7998751170777396,0.7998751170777396,0.6064888541649587,0.8107679160053718,0,0
5.910333293337162,190.73347437925008,-195.91317307070184,0.7532657795141009,0.9019117647058823,0.9890727443022167,0.9019117647058823,0.8814167628407333,0.9890727443022167,0,0
1.054359052203374,186.21804298407824,-193.950916249796,0.7195702600415089,0.9058823529411765,0.967530440212301,0.9058823529411765,0.8643276843983289,0.967530440212301,0,0
1.305416928964693,186.29276143261444,-193.6139648647845,0.7195702600415089,0.9085294117647059,0.9687792694349048,0.9085294117647059,0.8656263137470398,0.9687792694349048,0,0
0.8461209727629061,186.07098125078008,-194.1024706130761,0.7195702600415089,0.9044117647058824,0.96721823290665,0.9044117647058824,0.8637334192180138,0.96721823290665,0,0
0.6804724869423722,185.8073636872305,-194.05062896917937,0.7195702600415089,0.9057352941176471,0.967530440212301,0.9057352941176471,0.8642786647904855,0.967530440212301,0,0
0.7214846218688076,185.6617741183372,-193.80313719510056,0.7195702600415089,0.9080882352941176,0.9684670621292538,0.9080882352941176,0.8653751858216268,0.9684670621292538,0,0
0.6399946999739999,185.387481337,-193.604781979,0.7195702600415089,0.9102941176470588,0.9694036840462067,0.9102941176470588,0.8664226872449249,0.9694036840462067,0,0
0.5732994906437131,185.53807033710555,-193.91110801298424,0.7195702600415089,0.9077941176470589,0.9681548548236029,0.9077941176470589,0.8651730775040569,0.9681548548236029,0,0
4.682739757012844,189.56195929871663,-194.63423982631585,0.8097912342815285,0.20588235294117646,0.7923821417421167,0.7923821417421167,0.602685242988274,0.8097912342815285,0,0
4.065866249798773,189.0492250496318,-194.31393894054847,0.8082041264802833,0.19970588235294118,0.7895722759912582,0.7895722759912582,0.5991607616081609,0.8082041264802833,0,0
4.000444105285337,188.76647112923345,-193.8466438625456,0.8067391038945184,0.19220588235294117,0.7867624102403996,0.7867624102403996,0.5952357988292863,0.8067391038945184,0,0
4.208413393683416,189.3985785789047,-194.7996923170692,0.8096691490660481,0.20323529411764707,0.7920699344364658,0.7920699344364658,0.601658125873387,0.8096691490660481,0,0
1.6108931549325745,186.6607683568324,-193.6259828937894,0.7195702600415089,0.9080882352941176,0.9684670621292538,0.9080882352941176,0.8653751858216268,0.9684670621292538,0,0
1.3026497818663227,186.56763996712243,-194.0146369135213,0.7195702600415089,0.9045588235294117,0.96721823290665,0.9045588235294117,0.8637824388258569,0.96721823290665,0,0
1.9742815742279387,187.06378782910272,-193.64596623317448,0.7195702600415089,0.9079411764705883,0.9684670621292538,0.9079411764705883,0.8653261662137837,0.9684670621292538,0,0
1.6384239511244971,186.9847459222213,-194.066868457696,0.7195702600415089,0.9036764705882353,0.96721823290665,0.9036764705882353,0.863488321178798,0.96721823290665,0,0
6.105280197581189,190.9659605818836,-196.24521105248607,0.7532657795141009,0.9038235294117647,0.9890727443022167,0.9038235294117647,0.8820540177426941,0.9890727443022167,0,0
4.602870594137743,189.74080315502,-195.0450539830323,0.8107679160053718,0.20676470588235293,0.7998751170777396,0.7998751170777396,0.6058025796551548,0.8107679160053718,0,0
5.424047460678756,190.2804909031555,-195.3759706642481,0.8121108533756562,0.21558823529411764,0.8482672494536372,0.8121108533756562,0.6253221127078037,0.8482672494536372,0,0
5.040272747983371,190.0339369365216,-195.21148554061816,0.8112562568672934,0.21044117647058824,0.8173587261941929,0.8112562568672934,0.6130187198440248,0.8173587261941929,0,0
5.558547380212578,190.53219339118496,-195.76341048341484,0.7530216090831401,0.8969117647058824,0.98688729316266,0.8969117647058824,0.8789402223172275,0.98688729316266,0,0
5.6706364388296775,190.76994092019865,-196.138254295934,0.7532657795141009,0.8980882352941176,0.9884483296909148,0.8980882352941176,0.8799341148330445,0.9884483296909148,0,0
2.040145396062091,187.43943515430647,-194.1336066251925,0.7195702600415089,0.9033823529411765,0.966906025600999,0.9033823529411765,0.8632862128612282,0.966906025600999,0,0
2.41073487794428,187.49767515324584,-193.67817875921656,0.7195702600415089,0.9080882352941176,0.9684670621292538,0.9080882352941176,0.8653751858216268,0.9684670621292538,0,0
4.186352945065895,189.68464458180603,-195.31396385659656,0.8101574899279698,0.205,0.8008117389946925,0.8008117389946925,0.6053230763075541,0.8101574899279698,0,0
0.6636816990815738,186.0600863067053,-194.36529085384407,0.7194481748260285,0.9016176470588235,0.9656571963783952,0.9016176470588235,0.862241006087749,0.9656571963783952,0,0
0.963434905562,186.41391388096625,-194.3390821880548,0.7194481748260285,0.9016176470588235,0.9656571963783952,0.9016176470588235,0.862241006087749,0.9656571963783952,0,0
0.4833339026230139,185.71597674184247,-194.25535192315044,0.7195702600415089,0.9035294117647059,0.966906025600999,0.9035294117647059,0.8633352324690713,0.966906025600999,0,0
0.6116560905844207,186.33038889411105,-194.7228315446588,0.7194481748260285,0.8945588235294117,0.9650327817670934,0.8945588235294117,0.8596799267075111,0.9650327817670934,0,0
0.3620651334893759,185.92678766100124,-194.6399032399992,0.7194481748260285,0.8977941176470589,0.9653449890727444,0.8977941176470589,0.860862427181944,0.9653449890727444,0,0
3.4828220406930424,188.39205256085967,-193.78544785452897,0.8056403369551948,0.18558823529411764,0.7864502029347487,0.7864502029347487,0.5925595917280203,0.8056403369551948,0,0
3.037255882281181,188.38469308661053,-194.3379118242588,0.8074716151874008,0.18838235294117647,0.7886356540743054,0.7886356540743054,0.5948298740676276,0.8074716151874008,0,0
2.9299220827230963,187.95496041627536,-193.7261647953085,0.805396166524234,0.1786764705882353,0.7864502029347487,0.7864502029347487,0.5901742800157393,0.805396166524234,0,0
3.548553474506015,188.7388446883961,-194.3414627972033,0.8078378708338421,0.19397058823529412,0.7895722759912582,0.7895722759912582,0.5971269116867981,0.8078378708338421,0,0
3.7351345840839634,189.0674648047059,-194.7037446375649,0.8088145525576853,0.19970588235294118,0.7914455198251639,0.7914455198251639,0.5999886515785967,0.8088145525576853,0,0
3.197545901738121,188.8574091142792,-194.91707434388107,0.8083262116957637,0.19676470588235295,0.7914455198251639,0.7914455198251639,0.5988454791344268,0.8083262116957637,0,0
3.6615030212471447,189.2967611025928,-195.15271906474428,0.8093028934196069,0.20147058823529412,0.7923821417421167,0.7923821417421167,0.6010518744656727,0.8093028934196069,0,0
1.2667337073802625,186.87011885509503,-194.46150235093668,0.7194481748260285,0.8991176470588236,0.9653449890727444,0.8991176470588236,0.8613036036525322,0.9653449890727444,0,0
1.6589852247301524,187.35717589617025,-194.543389277109,0.7194481748260285,0.8977941176470589,0.9653449890727444,0.8977941176470589,0.860862427181944,0.9653449890727444,0,0
0.8926905982716941,186.7499530192572,-194.813193920948,0.7194481748260285,0.8923529411764706,0.9644083671557915,0.8923529411764706,0.8587364943860969,0.9644083671557915,0,0
2.5203695248534776,187.91745762667367,-194.2187970170573,0.806617018679038,0.18426470588235294,0.7880112394630034,0.7880112394630034,0.5929643213414648,0.806617018679038,0,0
2.60663387537029,188.35701108750328,-194.783758066587,0.8078378708338421,0.19029411764705884,0.7895722759912582,0.7895722759912582,0.5959014214907197,0.8078378708338421,0,0
2.0992218408337706,187.8495431311386,-194.6422367867484,0.7194481748260285,0.8966176470588235,0.9653449890727444,0.8966176470588235,0.8604702703191988,0.9653449890727444,0,0
1.2211039009069826,187.20400828046525,-194.9123170675456,0.7194481748260285,0.8898529411764706,0.9644083671557915,0.8898529411764706,0.8579031610527634,0.9644083671557915,0,0
4.649823923545807,190.00811133486368,-195.4836650667063,0.8108900012208522,0.20808823529411766,0.8176709334998439,0.8108900012208522,0.6122163900049379,0.8176709334998439,0,0
4.240139027932566,189.98735411183435,-195.77295464204897,0.8107679160053718,0.20588235294117646,0.8151732750546363,0.8107679160053718,0.6106078480003948,0.8151732750546363,0,0
5.1038272596610055,190.28934394223728,-195.63771382173505,0.8115004272982542,0.21205882352941177,0.8445207617858258,0.8115004272982542,0.6226933375378306,0.8445207617858258,0,0
4.730052056915444,190.28313741908653,-195.90106473637644,0.8113783420827738,0.20897058823529413,0.8420231033406181,0.8113783420827738,0.6207906778862288,0.8420231033406181,0,0
5.208064969862527,190.54245088079773,-196.02278693845588,0.8121108533756562,0.2139705882352941,0.8666874804870434,0.8121108533756562,0.6309229740326646,0.8666874804870434,0,0
2.6222131435125444,188.74726410811576,-195.3168344141837,0.8082041264802833,0.19441176470588234,0.7917577271308148,0.7917577271308148,0.5981245394389935,0.8082041264802833,0,0
3.175293158986672,189.2202809465243,-195.47883147929835,0.8090587229886461,0.19970588235294118,0.7926943490477677,0.7926943490477677,0.6004863181297849,0.8090587229886461,0,0
3.7204028399033504,189.63552875927616,-195.6323392101532,0.8097912342815285,0.20308823529411765,0.8008117389946925,0.8008117389946925,0.6045637361901129,0.8097912342815285,0,0
1.613700632931129,187.7004833415128,-195.0236144016966,0.7194481748260285,0.8863235294117647,0.9640961598501405,0.8863235294117647,0.8566226213626447,0.9640961598501405,0,0
2.085862013601142,188.2287438752959,-195.15748297597668,0.8078378708338421,0.19147058823529411,0.7914455198251639,0.7914455198251639,0.5969179929647667,0.8078378708338421,0,0
6.13719775749,190.013939966,-194.148129577,0.7383713832254913,0.889264705882353,0.9812675616609429,0.889264705882353,0.8696345502562624,0.9812675616609429,0,0
6.411563963890238,190.14792475724948,-194.1911344914532,0.7398364058112562,0.8939705882352941,0.9828285981891977,0.8939705882352941,0.8722118640785826,0.9828285981891977,0,0
6.688877060645966,190.28326797266715,-194.23461401794955,0.7408130875350994,0.8989705882352941,0.9831408054948486,0.8989705882352941,0.8743081604217474,0.9831408054948486,0,0
7.003195533281692,190.43016100626687,-194.28498854069505,0.7419118544744231,0.9027941176470589,0.9862628785513581,0.9027941176470589,0.8769896168909467,0.9862628785513581,0,0
6.734724877752626,190.42062963903896,-194.54263729523103,0.745208155292394,0.9035294117647059,0.9862628785513581,0.9035294117647059,0.8783334818694861,0.9862628785513581,0,0
7.387980725460001,190.593390138,-194.349323049,0.7448418996459528,0.9080882352941176,0.98688729316266,0.9080882352941176,0.8799391427009101,0.98688729316266,0,0
7.012550226078808,190.5345811532441,-194.5606669190041,0.7461848370162373,0.9070588235294118,0.98688729316266,0.9070588235294118,0.880043651236103,0.98688729316266,0,0
6.458353451649204,190.27688396659508,-194.46363502062587,0.7425222805518251,0.8998529411764706,0.9853262566344052,0.8998529411764706,0.8759004927875669,0.9853262566344052,0,0
6.508449124884475,190.4118850965233,-194.7438263426208,0.7463069222317177,0.9035294117647059,0.9862628785513581,0.9035294117647059,0.8786997375159272,0.9862628785513581,0,0
7.232816424695685,190.6793486502782,-194.7453844655587,0.7527774386521793,0.9113235294117648,0.9890727443022167,0.9113235294117648,0.8843912374553868,0.9890727443022167,0,0
6.50214593957586,190.52685581307995,-195.02272846702525,0.7527774386521793,0.9066176470588235,0.9884483296909148,0.9066176470588235,0.8826144718006391,0.9884483296909148,0,0
6.817182312820933,190.60466557038288,-194.92856553801693,0.7527774386521793,0.9089705882352941,0.9890727443022167,0.9089705882352941,0.8836069237298968,0.9890727443022167,0,0
6.615229834502598,190.696735259166,-195.3221050158672,0.7531436942986205,0.9097058823529411,0.9890727443022167,0.9097058823529411,0.8839741069845927,0.9890727443022167,0,0
6.6158172929904575,190.83248980755909,-195.62951882904,0.7532657795141009,0.9107352941176471,0.9906337808304714,0.9107352941176471,0.8848782848207398,0.9906337808304714,0,0
7.064279249029014,190.77861865919547,-195.1536507486336,0.7531436942986205,0.9136764705882353,0.9906337808304714,0.9136764705882353,0.8858179819057757,0.9906337808304714,0,0
6.8846464638146125,190.8906579507025,-195.565735706453,0.7532657795141009,0.9138235294117647,0.9915704027474243,0.9138235294117647,0.8862199038910966,0.9915704027474243,0,0
6.702390029392075,191.0103044171853,-195.96180251192555,0.7533878647295813,0.9123529411764706,0.9918826100530752,0.9123529411764706,0.8858744719863757,0.9918826100530752,0,0
13.474939384859864,191.5110392106024,-195.6402376010212,0.6714686851422292,0.2726470588235294,0.9915704027474243,0.6714686851422292,0.645228715571061,0.9915704027474243,0,0
13.43255451452159,191.52836616080089,-195.70807310818648,0.6774508607007691,0.28352941176470586,0.9918826100530752,0.6774508607007691,0.6509542941728501,0.9918826100530752,0,0
13.369843222000004,191.529202264,-195.612374984,0.6781833719936515,0.29073529411764704,0.9918826100530752,0.6781833719936515,0.6536004253881246,0.9918826100530752,0,0
13.504733007678704,191.51582757430344,-195.7306357585376,0.6724453668660725,0.2711764705882353,0.9918826100530752,0.6724453668660725,0.6451681491691277,0.9918826100530752,0,0
13.579945789188642,191.4913270076392,-195.66833309467697,0.6663411060920522,0.2605882352941176,0.9912581954417733,0.6663411060920522,0.6393958456093144,0.9912581954417733,0,0
13.67426052419537,191.47224594543667,-195.6937934607521,0.6621902087657184,0.25279411764705884,0.9912581954417733,0.6621902087657184,0.6354141739515168,0.9912581954417733,0,0
13.578856642260169,191.5057369653828,-195.7823965573991,0.669881577340984,0.265,0.9918826100530752,0.669881577340984,0.6422547291313531,0.9918826100530752,0,0
13.339648293929326,191.5510458525894,-195.73947386268068,0.6820900988890245,0.2961764705882353,0.9918826100530752,0.6820900988890245,0.6567163931767784,0.9918826100530752,0,0
13.25401779642192,191.5587143404641,-195.6724421290553,0.6845318031986326,0.30558823529411766,0.9918826100530752,0.6845318031986326,0.6606675495152752,0.9918826100530752,0,0
13.230109053995172,191.58055431452075,-195.80829866698184,0.6902698083262117,0.3113235294117647,0.9928192319700281,0.6902698083262117,0.6648041899026681,0.9928192319700281,0,0
13.43870761779922,191.53943323756585,-195.805568526898,0.6794042241484556,0.28691176470588237,0.9918826100530752,0.6794042241484556,0.6527328663024711,0.9918826100530752,0,0
13.513995900147162,191.52543348916407,-195.8227670402812,0.6747649859602002,0.2741176470588235,0.9918826100530752,0.6747649859602002,0.6469217476906995,0.9918826100530752,0,0
13.353334503372434,191.5656802319653,-195.87358666536448,0.6836772066902698,0.29823529411764704,0.9928192319700281,0.6836772066902698,0.6582439109259816,0.9928192319700281,0,0
13.472532338405657,191.5444299220356,-195.9001649276677,0.6794042241484556,0.2858823529411765,0.9918826100530752,0.6794042241484556,0.6523897290475691,0.9918826100530752,0,0
13.77694887994476,191.4499042624248,-195.7217710685195,0.6554755219142961,0.24970588235294117,0.9909459881361223,0.6554755219142961,0.6320424641344532,0.9909459881361223,0,0
13.756288317866357,191.46668098600136,-195.815024448072,0.6603589305335124,0.25161764705882356,0.9912581954417733,0.6603589305335124,0.6344115910113697,0.9912581954417733,0,0
13.65850444674454,191.4926379799604,-195.82752208208933,0.6656085947991698,0.25794117647058823,0.9915704027474243,0.6656085947991698,0.6383733913390608,0.9915704027474243,0,0
13.401676730501096,191.5744787699936,-196.0145665934781,0.6837992919057502,0.2975,0.9928192319700281,0.6837992919057502,0.6580395079585927,0.9928192319700281,0,0
13.57677249054619,191.5193228660992,-195.8858029029303,0.6719570260041509,0.2685294117647059,0.9918826100530752,0.6719570260041509,0.644123015940644,0.9918826100530752,0,0
13.705379544702735,191.4955716059061,-195.94252485633297,0.6651202539372482,0.2580882352941177,0.9918826100530752,0.6651202539372482,0.6383636997614803,0.9918826100530752,0,0
13.55943797820048,191.5399465003704,-196.0146140652489,0.6769625198388475,0.2792647058823529,0.9921948173587262,0.6769625198388475,0.6494740143599755,0.9921948173587262,0,0
13.120871117164883,191.59050317447296,-195.7395666638044,0.696984495177634,0.32588235294117646,0.9928192319700281,0.696984495177634,0.6718953600296128,0.9928192319700281,0,0
13.8893861076,191.423391618,-195.75274100500005,0.6461970455377853,0.24661764705882352,0.9906337808304714,0.6461970455377853,0.6278161578090268,0.9906337808304714,0,0
13.85938457179655,191.4512842437396,-195.91366457440577,0.6538884141130509,0.24985294117647058,0.9912581954417733,0.6538884141130509,0.6316665169104315,0.9912581954417733,0,0
13.246055413882946,191.598563290661,-195.9656324601939,0.6929556830667806,0.3151470588235294,0.9928192319700281,0.6929556830667806,0.6669739912867794,0.9928192319700281,0,0
13.10081654966209,191.61482005142528,-195.8971184614369,0.7000366255646441,0.3322058823529412,0.9928192319700281,0.7000366255646441,0.6750205799625378,0.9928192319700281,0,0
12.967769221255692,191.62433851607395,-195.81443575126875,0.7035770968135758,0.3448529411764706,0.9928192319700281,0.7035770968135758,0.6804164233200248,0.9928192319700281,0,0
13.286312460128864,191.61527664096744,-196.14424556114025,0.6953973873763887,0.31558823529411767,0.9928192319700281,0.6953973873763887,0.6679349515468448,0.9928192319700281,0,0
13.826186834110135,191.4816713562871,-196.0853854328584,0.6613356122573556,0.2536764705882353,0.9918826100530752,0.6613356122573556,0.6356315642995554,0.9918826100530752,0,0
13.482547370018104,191.5784287950361,-196.1741040081675,0.6822121841045049,0.2948529411764706,0.9928192319700281,0.6822121841045049,0.6566281190836678,0.9928192319700281,0,0
13.665865195242946,191.5289197277956,-196.1260289354456,0.671102429495788,0.2701470588235294,0.9921948173587262,0.671102429495788,0.6444814352260145,0.9921948173587262,0,0
13.788306349334722,191.51569365835016,-196.2739072122443,0.6662190208765718,0.265,0.9925070246643771,0.6662190208765718,0.6412420151803163,0.9925070246643771,0,0
13.114464551078862,191.6378590009514,-196.08053714185493,0.7018679037968502,0.3347058823529412,0.9928192319700281,0.7018679037968502,0.6764643393732731,0.9928192319700281,0,0
13.350463076019055,191.63520209526607,-196.38094414194265,0.6939323647906238,0.3163235294117647,0.9928192319700281,0.6939323647906238,0.6676917087241389,0.9928192319700281,0,0
13.589823581190656,191.57490705714943,-196.33448186698524,0.6794042241484556,0.29205882352941176,0.9928192319700281,0.6794042241484556,0.6547607598826318,0.9928192319700281,0,0
13.744696955182851,191.5540157385069,-196.4821263842082,0.6719570260041509,0.2775,0.9928192319700281,0.6719570260041509,0.6474254193247263,0.9928192319700281,0,0
12.950334887879755,191.6518200038654,-195.99397654840624,0.7060188011231839,0.3497058823529412,0.9928192319700281,0.7060188011231839,0.6828479718153844,0.9928192319700281,0,0
12.791638072901176,191.65979055489845,-195.8976891033188,0.7094371871566353,0.3675,0.9928192319700281,0.7094371871566353,0.6899188063755545,0.9928192319700281,0,0
13.148526536549369,191.66180749193384,-196.2913848708488,0.7030887559516542,0.33558823529411763,0.9928192319700281,0.7030887559516542,0.6771654077385999,0.9928192319700281,0,0
13.161884258310558,191.68375495619733,-196.4601539263299,0.703943352460017,0.3382352941176471,0.9928192319700281,0.703943352460017,0.6783326261825641,0.9928192319700281,0,0
13.523127488970346,191.61881038108555,-196.5422443842193,0.6837992919057502,0.3029411764705882,0.9928192319700281,0.6837992919057502,0.6598532334487888,0.9928192319700281,0,0
13.287453759380924,191.67965817879585,-196.6026106756432,0.6999145403491637,0.3280882352941176,0.9928192319700281,0.6999145403491637,0.6736073358711031,0.9928192319700281,0,0
12.95473344920346,191.6810795228353,-196.2013293074972,0.7080942497863508,0.35308823529411765,0.9928192319700281,0.7080942497863508,0.6846672390168322,0.9928192319700281,0,0
12.981609092382651,191.7085058708832,-196.4147108570523,0.7085825906482724,0.3536764705882353,0.9928192319700281,0.7085825906482724,0.6850260977355119,0.9928192319700281,0,0
13.693373957832724,191.59805268899817,-196.7164654415548,0.6785496276400927,0.2902941176470588,0.9928192319700281,0.6785496276400927,0.6538876590857265,0.9928192319700281,0,0
13.434019224951491,191.6734000276447,-196.7865670864808,0.6913685752655353,0.31808823529411767,0.9928192319700281,0.6913685752655353,0.6674253475098936,0.9928192319700281,0,0
13.058466101585845,191.728637468154,-196.63579093392173,0.7074838237089488,0.34941176470588237,0.9928192319700281,0.7074838237089488,0.6832382734616198,0.9928192319700281,0,0
12.772295212488675,191.69317954077377,-196.1099982803816,0.7113905506043218,0.37161764705882355,0.9928192319700281,0.7113905506043218,0.6919424765443911,0.9928192319700281,0,0
12.588831579608284,191.6961551516777,-195.9897421036792,0.7138322549139299,0.3951470588235294,0.9928192319700281,0.7138322549139299,0.7005995152358291,0.9928192319700281,0,0
12.557592628616431,191.73766191309724,-196.2375759518856,0.7143205957758515,0.40338235294117647,0.993131439275679,0.7143205957758515,0.7036114626642357,0.993131439275679,0,0
12.7712304431026,191.7292428622157,-196.34583307535647,0.7130997436210474,0.3754411764705882,0.993131439275679,0.7130997436210474,0.6938907864557716,0.993131439275679,0,0
12.8097465583262,191.76337816430768,-196.598116209832,0.7130997436210474,0.37470588235294117,0.993131439275679,0.7130997436210474,0.6936456884165558,0.993131439275679,0,0
13.174102293264538,191.7364381970564,-196.83396478121944,0.7043096081064583,0.3422058823529412,0.9928192319700281,0.7043096081064583,0.6797782408098092,0.9928192319700281,0,0
12.354975185446667,191.73235841263644,-196.0903962041264,0.715663533146136,0.42411764705882354,0.993131439275679,0.715663533146136,0.7109708731602128,0.993131439275679,0,0
12.556931046293162,191.78204949891668,-196.50984566889804,0.7149310218532535,0.4072058823529412,0.993131439275679,0.7149310218532535,0.7050894478272912,0.993131439275679,0,0
12.311405521040298,191.78062720909696,-196.3623864872918,0.7163960444390184,0.4308823529411765,0.993131439275679,0.7163960444390184,0.713469945551958,0.993131439275679,0,0
13.63250400489643,191.64901803647496,-196.9813218851732,0.6818459284580637,0.29676470588235293,0.9928192319700281,0.6818459284580637,0.6571432887701483,0.9928192319700281,0,0
13.5612121860111,191.7073846140809,-197.2761096399787,0.6833109510438286,0.3019117647058824,0.9928192319700281,0.6833109510438286,0.6593473159065796,0.9928192319700281,0,0
13.342196919756276,191.7324619197212,-197.05420770230967,0.6984495177633988,0.3270588235294118,0.9928192319700281,0.6984495177633988,0.6727758577542796,0.9928192319700281,0,0
13.23703831235787,191.80027886181875,-197.354545971491,0.7019899890123306,0.3348529411764706,0.9928192319700281,0.7019899890123306,0.676554054052943,0.9928192319700281,0,0
13.050310478705812,191.8011495276081,-197.1002563156364,0.7085825906482724,0.35308823529411765,0.993131439275679,0.7085825906482724,0.6849340884060231,0.993131439275679,0,0
12.902220488968306,191.7890688495424,-196.8523112750976,0.7118788914662434,0.3675,0.993131439275679,0.7118788914662434,0.6908367769139742,0.993131439275679,0,0
12.27810283555304,191.842247170286,-196.6957258498156,0.7165181296544988,0.43441176470588233,0.99344364658133,0.7165181296544988,0.7147911803139038,0.99344364658133,0,0
12.59611105668354,191.82862313077345,-196.81562985103565,0.7151751922842143,0.4052941176470588,0.993131439275679,0.7151751922842143,0.704533583068984,0.993131439275679,0,0
12.08464627478488,191.76687110403213,-196.19820184947488,0.7167623000854596,0.4425,0.993131439275679,0.7167623000854596,0.7174645797870461,0.993131439275679,0,0
12.01991782198014,191.8268197263424,-196.51569044975184,0.7179831522402637,0.4491176470588235,0.99344364658133,0.7179831522402637,0.7201814819601391,0.99344364658133,0,0
11.771277331088708,191.7975883967753,-196.30948492771384,0.7187156635331461,0.46044117647058824,0.99344364658133,0.7187156635331461,0.7242001621950215,0.99344364658133,0,0
12.312373478639492,191.9162447112615,-197.1158702332724,0.7165181296544988,0.43323529411764705,0.99344364658133,0.7165181296544988,0.7143990234511586,0.99344364658133,0,0
12.890709919047506,191.8797566695796,-197.4036121452129,0.7118788914662434,0.3679411764705882,0.993131439275679,0.7118788914662434,0.6909838357375034,0.993131439275679,0,0
13.11846993200722,191.8761818937472,-197.67793506712096,0.7043096081064583,0.3413235294117647,0.9928192319700281,0.7043096081064583,0.6794841231627503,0.9928192319700281,0,0
13.478202976918094,191.77421310125607,-197.6017634210644,0.6853863997069954,0.30308823529411766,0.9928192319700281,0.6853863997069954,0.6604312889903804,0.9928192319700281,0,0
11.670648372611645,191.8693274313622,-196.66617880917744,0.7188377487486265,0.4657352941176471,0.9940680611926319,0.7188377487486265,0.7262137013529685,0.9940680611926319,0,0
11.407267943274736,191.8216624977356,-196.4177644050762,0.7190819191795873,0.47544117647058826,0.9940680611926319,0.7190819191795873,0.7295303856142691,0.9940680611926319,0,0
11.95620525927968,191.90075968037365,-196.878003715006,0.7185935783176657,0.4535294117647059,0.9940680611926319,0.7185935783176657,0.7220636837583344,0.9940680611926319,0,0
12.721658119252668,191.8644723361963,-197.1351235509676,0.7140764253448907,0.3905882352941176,0.993131439275679,0.7140764253448907,0.6992653666382291,0.993131439275679,0,0
11.933169658596428,191.9838694874168,-197.27522666700312,0.7187156635331461,0.45676470588235296,0.99344364658133,0.7187156635331461,0.7229746719989429,0.99344364658133,0,0
12.52315809555497,191.94874727479595,-197.44453672988,0.715663533146136,0.4164705882352941,0.993131439275679,0.715663533146136,0.7084218535523696,0.993131439275679,0,0
12.221497493311164,191.9923137111079,-197.45969597513533,0.7167623000854596,0.44073529411764706,0.99344364658133,0.7167623000854596,0.7169804135948122,0.99344364658133,0,0
11.955037675555028,192.0658034847295,-197.67406140719527,0.7185935783176657,0.45705882352941174,0.99344364658133,0.7185935783176657,0.7230320161428024,0.99344364658133,0,0
11.265171668811217,191.9051667044002,-196.81149711407448,0.7190819191795873,0.4833823529411765,0.9943802684982829,0.7190819191795873,0.7322815135396822,0.9943802684982829,0,0
10.98491496412698,191.83491835894284,-196.51540207319687,0.7193260896105481,0.49220588235294116,0.9946924758039338,0.7193260896105481,0.7354081492558077,0.9946924758039338,0,0
12.726894064360884,191.9673458369281,-197.7434466488812,0.7137101696984495,0.3872058823529412,0.993131439275679,0.7137101696984495,0.6980158304423565,0.993131439275679,0,0
13.379756053391285,191.8529188708645,-197.9677593094476,0.6864851666463191,0.3013235294117647,0.9928192319700281,0.6864851666463191,0.6602093093427039,0.9928192319700281,0,0
12.964629259860995,191.97018440828296,-198.0490037678593,0.7058967159077035,0.3527941176470588,0.9928192319700281,0.7058967159077035,0.6838366885082635,0.9928192319700281,0,0
11.591861767417225,191.95803976015992,-197.0670968016868,0.7188377487486265,0.4713235294117647,0.9940680611926319,0.7188377487486265,0.7280764464510078,0.9940680611926319,0,0
11.151039762915405,192.0126040206628,-197.25720945569725,0.7193260896105481,0.49073529411764705,0.9946924758039338,0.7193260896105481,0.7349179531773763,0.9946924758039338,0,0
11.551576514386747,192.06661962194843,-197.5314071009988,0.7190819191795873,0.4751470588235294,0.9940680611926319,0.7190819191795873,0.7294323463985829,0.9940680611926319,0,0
12.33302035786239,192.03260052928192,-197.7445613803664,0.7165181296544988,0.4326470588235294,0.993131439275679,0.7165181296544988,0.7140988759179024,0.993131439275679,0,0
11.575420988945265,192.18246850150769,-198.02778111676247,0.7188377487486265,0.4751470588235294,0.99344364658133,0.7188377487486265,0.729142818051162,0.99344364658133,0,0
12.060573847674652,192.14407679531485,-198.1056378604096,0.7177389818093028,0.45176470588235296,0.993131439275679,0.7177389818093028,0.7208783756557783,0.993131439275679,0,0
12.537722276946177,192.0695330254082,-198.11849332060413,0.7140764253448907,0.41073529411764703,0.9928192319700281,0.7140764253448907,0.7058769838108553,0.9928192319700281,0,0
13.262657548132188,191.94728341100893,-198.3798765403868,0.6830667806128677,0.3058823529411765,0.9918826100530752,0.6830667806128677,0.6602772478690399,0.9918826100530752,0,0
12.7897155620669,192.08229533890213,-198.47194696037417,0.7073617384934684,0.3695588235294118,0.9928192319700281,0.7073617384934684,0.6899132646643027,0.9928192319700281,0,0
10.797994744516274,191.92844642451104,-196.93917965467884,0.7194481748260285,0.5016176470588235,0.9946924758039338,0.7194481748260285,0.7385860992295953,0.9946924758039338,0,0
10.497769403225576,191.8318767617552,-196.5986851922644,0.7194481748260285,0.5286764705882353,0.9946924758039338,0.7194481748260285,0.7476057070727326,0.9946924758039338,0,0
13.123438695257194,192.0627275997592,-198.84326160827143,0.6820900988890245,0.3175,0.9912581954417733,0.6820900988890245,0.6636160981102659,0.9912581954417733,0,0
10.276960766104724,191.9436422656468,-197.0749713653285,0.7194481748260285,0.5594117647058824,0.9946924758039338,0.7194481748260285,0.7578508051119482,0.9946924758039338,0,0
9.938357329892709,191.8124758482704,-196.6610199859581,0.7194481748260285,0.5754411764705882,0.9946924758039338,0.7194481748260285,0.7631939423668501,0.9946924758039338,0,0
11.040290530460648,192.1630227871174,-197.82418592601724,0.7194481748260285,0.49558823529411766,0.9943802684982829,0.7194481748260285,0.736472226206143,0.9943802684982829,0,0
11.04981245561492,192.3719779502989,-198.5849855225185,0.7193260896105481,0.4976470588235294,0.993131439275679,0.7193260896105481,0.7367015292365856,0.993131439275679,0,0
10.620014107825726,192.0657896065304,-197.4663277572085,0.7194481748260285,0.5319117647058823,0.9946924758039338,0.7194481748260285,0.7486841384452815,0.9946924758039338,0,0
9.65382469678828,191.9497455454785,-197.1971857358567,0.7195702600415089,0.605,0.9946924758039338,0.7195702600415089,0.7730875786151475,0.9946924758039338,0,0
9.302727142782285,191.77221159338225,-196.69012951011973,0.7195702600415089,0.6164705882352941,0.9946924758039338,0.7195702600415089,0.7769111080269123,0.9946924758039338,0,0
6.939153127977154,191.29672751287944,-196.44126544588937,0.7537541203760225,0.9152941176470588,0.9928192319700281,0.9152941176470588,0.8872891566643698,0.9928192319700281,0,0
7.078916398679291,191.5257362034999,-196.86306645360008,0.7538762055915029,0.9155882352941176,0.9928192319700281,0.9155882352941176,0.8874278909518828,0.9928192319700281,0,0
7.419727530255671,191.447886845329,-196.5331752691385,0.7538762055915029,0.9207352941176471,0.99344364658133,0.9207352941176471,0.88935171543016,0.99344364658133,0,0
7.977199808616596,191.58536768503933,-196.61505220930988,0.7538762055915029,0.9279411764705883,0.9946924758039338,0.9279411764705883,0.8921699526220084,0.9946924758039338,0,0
7.631895000135433,191.7006077050684,-197.0264726910365,0.7538762055915029,0.9211764705882353,0.9940680611926319,0.9211764705882353,0.8897069124574567,0.9940680611926319,0,0
11.75444861779486,192.2968004966013,-198.5982595158075,0.7187156635331461,0.46602941176470586,0.993131439275679,0.7187156635331461,0.7259588381911769,0.993131439275679,0,0
11.374882127974272,192.479592596024,-199.111327901259,0.7190819191795873,0.4836764705882353,0.9928192319700281,0.7190819191795873,0.7318592072459502,0.9928192319700281,0,0
12.30352674088497,192.1965920619741,-198.5487562823552,0.715663533146136,0.43323529411764705,0.9928192319700281,0.715663533146136,0.7139060197446038,0.9928192319700281,0,0
12.02322313784679,192.35666246580777,-199.04680046529683,0.7167623000854596,0.4514705882352941,0.9928192319700281,0.7167623000854596,0.720350706763594,0.9928192319700281,0,0
12.59285792834456,192.2178254760537,-198.95186801094027,0.7100476132340373,0.39544117647058824,0.9918826100530752,0.7100476132340373,0.6991237999192336,0.9918826100530752,0,0
12.36370610600613,192.38329366857764,-199.479318047956,0.7130997436210474,0.4227941176470588,0.9909459881361223,0.7130997436210474,0.7089466164680762,0.9909459881361223,0,0
12.958006054712667,192.206519472754,-199.36282946736588,0.6819680136735441,0.3372058823529412,0.9890727443022167,0.6819680136735441,0.6694155467762339,0.9890727443022167,0,0
10.021667973669858,192.10438513748068,-197.6472600364082,0.7194481748260285,0.5822058823529411,0.9946924758039338,0.7194481748260285,0.7654488443276345,0.9946924758039338,0,0
10.517597070122376,192.2459324032244,-198.0767839918284,0.7194481748260285,0.5507352941176471,0.9940680611926319,0.7194481748260285,0.7547505100454358,0.9940680611926319,0,0
10.427675892982768,192.4278183109517,-198.6476484057613,0.7194481748260285,0.5675,0.99344364658133,0.7194481748260285,0.7601306071357862,0.99344364658133,0,0
10.618452740606829,192.5959401591492,-199.2075235986652,0.7194481748260285,0.5577941176470588,0.9928192319700281,0.7194481748260285,0.7566871748143718,0.9928192319700281,0,0
9.844753722544532,192.3423805811322,-198.3688524633372,0.7195702600415089,0.6108823529411764,0.9940680611926319,0.7195702600415089,0.7748402247251057,0.9940680611926319,0,0
8.972490932923009,191.9227910170556,-197.22987803851385,0.7538762055915029,0.9339705882352941,0.9962535123321886,0.9339705882352941,0.8947001020529952,0.9962535123321886,0,0
8.621006488586943,191.6977670510654,-196.6736021578688,0.7538762055915029,0.9335294117647058,0.9962535123321886,0.9335294117647058,0.8945530432294658,0.9962535123321886,0,0
9.340105296499006,192.1330378049869,-197.79430360935345,0.7195702600415089,0.6252941176470588,0.9946924758039338,0.7195702600415089,0.7798522844975005,0.9946924758039338,0,0
8.308368813135836,191.8395603656273,-197.1515869232729,0.7538762055915029,0.9310294117647059,0.9956290977208867,0.9310294117647059,0.8935115716923652,0.9956290977208867,0,0
7.833147990435055,191.9433916023035,-197.5271686496871,0.7538762055915029,0.9211764705882353,0.9940680611926319,0.9211764705882353,0.8897069124574567,0.9940680611926319,0,0
8.524779443554328,192.1334204398001,-197.8703490400124,0.7538762055915029,0.93,0.9956290977208867,0.93,0.8931684344374632,0.9956290977208867,0,0
7.203416063936899,191.7946967795637,-197.3815014199953,0.7538762055915029,0.9136764705882353,0.9928192319700281,0.9136764705882353,0.886790636049922,0.9928192319700281,0,0
7.259171595892177,192.05115056729943,-197.89322909892385,0.7538762055915029,0.9089705882352941,0.9928192319700281,0.9089705882352941,0.8852220085989417,0.9928192319700281,0,0
7.819048700705276,192.1862158792526,-198.0802773711423,0.7538762055915029,0.9172058823529412,0.993131439275679,0.9172058823529412,0.8880711757400411,0.993131439275679,0,0
9.05790385473972,192.37901264028977,-198.47432858979755,0.7196923452569893,0.6379411764705882,0.9946924758039338,0.7196923452569893,0.7841086658438371,0.9946924758039338,0,0
10.103871099442326,192.5353067634568,-198.9304207415756,0.7194481748260285,0.5988235294117648,0.993131439275679,0.7194481748260285,0.7704677145044907,0.993131439275679,0,0
9.50742244448637,192.5840738206409,-199.01277560398484,0.7195702600415089,0.6288235294117647,0.99344364658133,0.7195702600415089,0.7806124786782012,0.99344364658133,0,0
10.004286081405953,192.6969522862391,-199.3667266967824,0.7195702600415089,0.6113235294117647,0.993131439275679,0.7195702600415089,0.7746750762429842,0.993131439275679,0,0
8.225532188161866,192.4799149661212,-198.7140425718767,0.7538762055915029,0.9155882352941176,0.993131439275679,0.9155882352941176,0.8875319600537664,0.993131439275679,0,0
8.929867506392274,192.6476705219044,-199.1305964518465,0.7196923452569893,0.6398529411764706,0.99344364658133,0.7196923452569893,0.7843296443382632,0.99344364658133,0,0
7.468457516252791,192.3909893588905,-198.5472463023796,0.7538762055915029,0.9025,0.9909459881361223,0.9025,0.8824407312425416,0.9909459881361223,0,0
7.529873329247312,192.71043594516712,-199.1754330130153,0.7533878647295813,0.8845588235294117,0.98688729316266,0.8845588235294117,0.8749446604738843,0.98688729316266,0,0
13.261431512972203,191.5463093263883,-195.58390003564395,0.6820900988890245,0.30308823529411766,0.9918826100530752,0.6820900988890245,0.6590203147454058,0.9918826100530752,0,0
13.369843222000004,191.529202264,-195.612374984,0.6781833719936515,0.29073529411764704,0.9918826100530752,0.6781833719936515,0.6536004253881246,0.9918826100530752,0,0
13.16226809457529,191.56948012177443,-195.6298498066209,0.6899035526797704,0.31941176470588234,0.9925070246643771,0.6899035526797704,0.6672741140166766,0.9925070246643771,0,0
13.140557727068147,191.5633961373368,-195.55247703960387,0.6894152118178488,0.31941176470588234,0.9921948173587262,0.6894152118178488,0.6670072646274857,0.9921948173587262,0,0
13.050964759167714,191.5890654099975,-195.64220749267187,0.6983274325479184,0.33338235294117646,0.9928192319700281,0.6983274325479184,0.6748430058197076,0.9928192319700281,0,0
13.005327152283511,191.57986177630488,-195.5177923754765,0.6984495177633988,0.33544117647058824,0.9928192319700281,0.6984495177633988,0.6755699754013383,0.9928192319700281,0,0
12.903732500677114,191.60917566494976,-195.6334883282268,0.7035770968135758,0.3486764705882353,0.9928192319700281,0.7035770968135758,0.6816909331239464,0.9928192319700281,0,0
12.835040921057782,191.5972686085536,-195.4745813899352,0.7038212672445366,0.3533823529411765,0.9928192319700281,0.7038212672445366,0.6833409507185805,0.9928192319700281,0,0
12.724403777596462,191.6283450155368,-195.6125099802402,0.7085825906482724,0.3689705882352941,0.9928192319700281,0.7085825906482724,0.6901241369511982,0.9928192319700281,0,0
12.641675161525413,191.61216445845312,-195.42635326444884,0.7093151019411549,0.3775,0.9928192319700281,0.7093151019411549,0.6932114446370611,0.9928192319700281,0,0
12.515016527258847,191.64793831205057,-195.60591655845693,0.7130997436210474,0.3972058823529412,0.9928192319700281,0.7130997436210474,0.7010416193146721,0.9928192319700281,0,0
12.649928666510496,191.6595898094129,-195.78111232221224,0.711756806250763,0.38338235294117645,0.9928192319700281,0.711756806250763,0.6959861303873226,0.9928192319700281,0,0
12.805408026163942,191.63678647221064,-195.7447778547956,0.7074838237089488,0.36176470588235293,0.9928192319700281,0.7074838237089488,0.6873559205204433,0.9928192319700281,0,0
12.422264516556035,191.6234199907656,-195.3725540370574,0.7134659992674887,0.4076470588235294,0.9928192319700281,0.7134659992674887,0.7046440966870153,0.9928192319700281,0,0
12.273086568252172,191.6636478676729,-195.5944859405328,0.7154193627151751,0.4252941176470588,0.9928192319700281,0.7154193627151751,0.7111775707774206,0.9928192319700281,0,0
12.417939121499122,191.6867448928557,-195.8227915536166,0.7143205957758515,0.4133823529411765,0.9928192319700281,0.7143205957758515,0.7068407268956854,0.9928192319700281,0,0
12.117569408825892,191.7118616278161,-195.8660545230477,0.7165181296544988,0.4395588235294118,0.993131439275679,0.7165181296544988,0.7164027974865298,0.993131439275679,0,0
11.858724041136677,191.7023414341728,-195.74769746098693,0.7179831522402637,0.45294117647058824,0.993131439275679,0.7179831522402637,0.7213519226621771,0.993131439275679,0,0
12.023071824325909,191.6708862677285,-195.5662308821075,0.7165181296544988,0.4425,0.9928192319700281,0.7165181296544988,0.7172791205415089,0.9928192319700281,0,0
12.173435639995606,191.62943583861963,-195.3126470083733,0.7151751922842143,0.43117647058823527,0.9928192319700281,0.7151751922842143,0.7130569649474925,0.9928192319700281,0,0
11.89142435341216,191.6281553728998,-195.2460791073844,0.7167623000854596,0.44779411764705884,0.9928192319700281,0.7167623000854596,0.7191252165675155,0.9928192319700281,0,0
11.825896606862432,191.7430771118181,-196.000415377424,0.7183494078867049,0.4560294117647059,0.993131439275679,0.7183494078867049,0.7225034196423632,0.993131439275679,0,0
11.519099303132895,191.7647253467792,-196.1096064023342,0.7188377487486265,0.46911764705882353,0.9940680611926319,0.7188377487486265,0.7273411523333606,0.9940680611926319,0,0
11.590556835253452,191.7116879776175,-195.7918789249869,0.7187156635331461,0.46455882352941175,0.99344364658133,0.7187156635331461,0.7255727112146292,0.99344364658133,0,0
11.728275292605966,191.6681510189252,-195.5114889627383,0.7183494078867049,0.4575,0.993131439275679,0.7183494078867049,0.7229936157207946,0.993131439275679,0,0
11.572056645803944,191.61678512160844,-195.17232132073508,0.7183494078867049,0.4610294117647059,0.9928192319700281,0.7183494078867049,0.7240660172071464,0.9928192319700281,0,0
11.3563120721422,191.7216468430622,-195.8678111058708,0.7188377487486265,0.4747058823529412,0.993755853886981,0.7188377487486265,0.7290998283295163,0.993755853886981,0,0
11.356416190133665,191.6683913260396,-195.54252355239305,0.7188377487486265,0.4717647058823529,0.993131439275679,0.7188377487486265,0.7279112979688862,0.993131439275679,0,0
11.210769576728811,191.59124650946865,-195.0909584677028,0.7188377487486265,0.47352941176470587,0.993131439275679,0.7188377487486265,0.7284995332630038,0.993131439275679,0,0
11.14614553829364,191.70034496060453,-195.7789011539666,0.7190819191795873,0.4814705882352941,0.9940680611926319,0.7190819191795873,0.7315401895358377,0.9940680611926319,0,0
10.946820973608718,191.6440896712857,-195.5122527772401,0.7190819191795873,0.48764705882352943,0.99344364658133,0.7190819191795873,0.7333908748614822,0.99344364658133,0,0
10.802763294191772,191.5461650937116,-195.00173295578008,0.7190819191795873,0.48823529411764705,0.993131439275679,0.7190819191795873,0.7334828841909711,0.993131439275679,0,0
10.929693755500075,191.70172624346029,-195.84563842523792,0.7192040043950677,0.4894117647058824,0.9940680611926319,0.7192040043950677,0.7342279434311939,0.9940680611926319,0,0
11.131567716038148,191.7571221493289,-196.1011887863137,0.7190819191795873,0.48514705882352943,0.9940680611926319,0.7190819191795873,0.7327656797319162,0.9940680611926319,0,0
10.710775552183264,191.67253550625435,-195.76472953550868,0.7193260896105481,0.49558823529411766,0.9940680611926319,0.7193260896105481,0.7363274620324325,0.9940680611926319,0,0
10.487861355753823,191.59705053410767,-195.46503618575505,0.7194481748260285,0.5017647058823529,0.99344364658133,0.7194481748260285,0.7382188424299038,0.99344364658133,0,0
10.463435481243147,191.66606481578515,-195.8355608523137,0.7194481748260285,0.5069117647058824,0.9940680611926319,0.7194481748260285,0.7401426669081809,0.9940680611926319,0,0
10.215287637526131,191.6247979423065,-195.7492962731475,0.7194481748260285,0.5380882352941176,0.9940680611926319,0.7194481748260285,0.7505348237709261,0.9940680611926319,0,0
9.97362885029162,191.5258266519243,-195.41412528127856,0.7194481748260285,0.5488235294117647,0.9940680611926319,0.7194481748260285,0.754113255143475,0.9940680611926319,0,0
10.343947148591749,191.47609438317653,-194.9045759203208,0.7194481748260285,0.5016176470588235,0.993131439275679,0.7194481748260285,0.738065753720177,0.993131439275679,0,0
9.831619233122083,191.37520335736167,-194.7998021595293,0.7194481748260285,0.5476470588235294,0.993131439275679,0.7194481748260285,0.7534088909750789,0.993131439275679,0,0
7.387980725460001,190.593390138,-194.349323049,0.7448418996459528,0.9080882352941176,0.98688729316266,0.9080882352941176,0.8799391427009101,0.98688729316266,0,0
7.540020269630161,190.7687435891804,-194.7197653773005,0.7527774386521793,0.9144117647058824,0.9896971589135186,0.9144117647058824,0.88562878742386,0.9896971589135186,0,0
7.783582838885772,190.74576188544216,-194.4180220115581,0.7472836039555609,0.9136764705882353,0.9890727443022167,0.9136764705882353,0.8833442729486709,0.9890727443022167,0,0
8.226869344790357,190.90808610218613,-194.4963810080073,0.7527774386521793,0.9191176470588235,0.9915704027474243,0.9191176470588235,0.8878218294861423,0.9915704027474243,0,0
7.905432326324286,190.9329796808656,-194.878441801874,0.7532657795141009,0.9195588235294118,0.9928192319700281,0.9195588235294118,0.8885479450045136,0.9928192319700281,0,0
7.462658868968529,190.8597792447496,-195.04262416282145,0.7532657795141009,0.9177941176470589,0.9918826100530752,0.9177941176470589,0.8876475024047449,0.9918826100530752,0,0
9.44333034182081,191.40270180805712,-195.2384362629692,0.7194481748260285,0.5791176470588235,0.9940680611926319,0.7194481748260285,0.7642112943591614,0.9940680611926319,0,0
9.279888891872847,191.24008067259484,-194.69130690731976,0.7535099499450617,0.9319117647058823,0.9940680611926319,0.9319117647058823,0.8931632586145253,0.9940680611926319,0,0
8.873295537064815,191.28794480222345,-195.232365036572,0.7538762055915029,0.9329411764705883,0.9946924758039338,0.9329411764705883,0.893836619288675,0.9946924758039338,0,0
10.69995197344383,191.738494215528,-196.11176284370305,0.7194481748260285,0.49926470588235294,0.9946924758039338,0.7194481748260285,0.737801785504105,0.9946924758039338,0,0
8.36468040440206,191.1156998945445,-195.0559341926736,0.7535099499450617,0.9254411764705882,0.993131439275679,0.9254411764705882,0.8906941885637764,0.993131439275679,0,0
8.729325434480776,191.0776593784096,-194.5875624027433,0.7532657795141009,0.9238235294117647,0.9928192319700281,0.9238235294117647,0.8899695136319646,0.9928192319700281,0,0
9.927227507249668,191.61564203287045,-195.8536084677673,0.7194481748260285,0.5623529411764706,0.9946924758039338,0.7194481748260285,0.758831197268811,0.9946924758039338,0,0
9.547657856248115,191.54226473244424,-195.74730999766007,0.7194481748260285,0.5822058823529411,0.9946924758039338,0.7194481748260285,0.7654488443276345,0.9946924758039338,0,0
9.692534250243312,191.6777199035412,-196.2203216402931,0.7195702600415089,0.5822058823529411,0.9946924758039338,0.7195702600415089,0.7654895393994613,0.9946924758039338,0,0
10.207466915484634,191.70837353014684,-196.14433544074416,0.7194481748260285,0.5473529411764706,0.9946924758039338,0.7194481748260285,0.753831197268811,0.9946924758039338,0,0
8.05410150440586,191.137798904094,-195.3656133379725,0.7537541203760225,0.924264705882353,0.993131439275679,0.924264705882353,0.8903834218446849,0.993131439275679,0,0
7.662212864436484,191.0081798932337,-195.2906777112085,0.7533878647295813,0.9207352941176471,0.9928192319700281,0.9207352941176471,0.8889807969390855,0.9928192319700281,0,0
7.318485193030931,190.9632215132997,-195.42696146593,0.7533878647295813,0.9189705882352941,0.9928192319700281,0.9189705882352941,0.8883925616449678,0.9928192319700281,0,0
7.09804535751038,191.0714857906173,-195.84259571369725,0.7535099499450617,0.9183823529411764,0.9928192319700281,0.9183823529411764,0.888237178285422,0.9928192319700281,0,0
7.659737066660025,191.1655578819495,-195.711297411139,0.7537541203760225,0.9222058823529412,0.993131439275679,0.9222058823529412,0.8896971473348808,0.993131439275679,0,0
8.444724600119107,191.29229382669624,-195.5567582067124,0.7538762055915029,0.9310294117647059,0.9946924758039338,0.9310294117647059,0.8931993643867142,0.9946924758039338,0,0
8.079444583541708,191.28407489095608,-195.7662160085133,0.7538762055915029,0.9279411764705883,0.9946924758039338,0.9279411764705883,0.8921699526220084,0.9946924758039338,0,0
7.820832301423657,191.37594940061905,-196.15804516500145,0.7538762055915029,0.9255882352941176,0.9940680611926319,0.9255882352941176,0.8911775006927508,0.9940680611926319,0,0
9.159885293197108,191.44471009843,-195.6033996388608,0.7538762055915029,0.9339705882352941,0.9962535123321886,0.9339705882352941,0.8947001020529952,0.9962535123321886,0,0
8.79261550797707,191.4076611080807,-195.70416957180365,0.7538762055915029,0.9333823529411764,0.9959413050265377,0.9333823529411764,0.8943999545197391,0.9959413050265377,0,0
9.094486093430136,191.58526568183208,-196.1410482744893,0.7538762055915029,0.9344117647058824,0.9962535123321886,0.9344117647058824,0.8948471608765246,0.9962535123321886,0,0
7.306830910675164,191.2751624204016,-196.1916822978142,0.7538762055915029,0.9195588235294118,0.993131439275679,0.9195588235294118,0.8888554894655312,0.993131439275679,0,0
6.935193341269804,191.1582788956476,-196.1413820609419,0.7536320351605421,0.9155882352941176,0.9928192319700281,0.9155882352941176,0.8873465008082292,0.9928192319700281,0,0
8.412211922681362,191.4634956564529,-196.0900427097789,0.7538762055915029,0.9329411764705883,0.9953168904152357,0.9329411764705883,0.8940447574924423,0.9953168904152357,0,0
17.88441657545648,189.29687412044336,-197.2723385269116,0.4790623855451105,0.07970588235294118,0.9556665625975648,0.4790623855451105,0.5048116101652055,0.9556665625975648,0,0
17.7783606518,189.378982068,-197.008713501,0.4651446709803443,0.07735294117647058,0.9534811114580081,0.4651446709803443,0.4986595745382743,0.9534811114580081,0,0
18.01323529146104,189.17230792986624,-197.09820541744645,0.44353558784031255,0.07338235294117647,0.9519200749297534,0.44353558784031255,0.48961267190374747,0.9519200749297534,0,0
17.65804069465233,189.4975535365233,-197.2970434568687,0.546087168843853,0.10191176470588235,0.9581642210427724,0.546087168843853,0.5353877181975025,0.9581642210427724,0,0
17.840073790783226,189.35077268771624,-197.60556733415672,0.4766206812355024,0.07852941176470589,0.9550421479862629,0.4766206812355024,0.5033974136621571,0.9550421479862629,0,0
18.082304532114293,189.11893741314128,-197.4147517621484,0.44158222439262607,0.07397058823529412,0.9525444895410553,0.44158222439262607,0.4893657673896585,0.9525444895410553,0,0
18.263720014490566,188.9378150037349,-197.19595384487656,0.4167989256501038,0.06602941176470588,0.9484857945675929,0.4167989256501038,0.47710471066080085,0.9484857945675929,0,0
18.122596491054075,189.09219918558424,-197.8235691666035,0.42241484556220243,0.06647058823529411,0.9481735872619419,0.42241484556220243,0.4790196736864795,0.9481735872619419,0,0
17.52097741813405,189.6314533828852,-197.6185059931392,0.5175192284214382,0.10058823529411764,0.9572275991258196,0.5175192284214382,0.5251116876137918,0.9572275991258196,0,0
18.33661277475728,188.8748165912591,-197.58272711030915,0.4054450006104261,0.058529411764705885,0.9469247580393381,0.4054450006104261,0.47029972347149,0.9469247580393381,0,0
18.53831570394026,188.6638209545344,-197.30588621444724,0.38383591747039436,0.045147058823529415,0.9416172338432719,0.38383591747039436,0.4568667367123986,0.9416172338432719,0,0
17.682565173106166,189.50934055766507,-197.99985656998763,0.4330362593089977,0.07426470588235294,0.9534811114580081,0.4330362593089977,0.48692735888311955,0.9534811114580081,0,0
17.935525415940546,189.27729766275888,-198.0187939708114,0.4237577829324869,0.0651470588235294,0.9478613799562909,0.4237577829324869,0.4789220739041024,0.9478613799562909,0,0
18.37350387220917,188.84463322116665,-198.00753908649023,0.3820046392381883,0.04441176470588235,0.940680611926319,0.3820046392381883,0.4556990052901299,0.940680611926319,0,0
18.12426997795472,189.100008550322,-198.21390989053927,0.39311439384690516,0.04470588235294118,0.940680611926319,0.39311439384690516,0.4595002960420551,0.940680611926319,0,0
17.362214743814434,189.78523706775684,-197.98189867514915,0.48028323769991454,0.09411764705882353,0.9622229160162348,0.48028323769991454,0.5122079335916576,0.9622229160162348,0,0
17.852845842049547,189.36571127243155,-198.340728115967,0.3936027347088268,0.056911764705882356,0.9481735872619419,0.3936027347088268,0.4662293622255504,0.9481735872619419,0,0
18.83839619222367,188.34386459422845,-197.4293869029828,0.3370772799413991,0.04161764705882353,0.9281923197002809,0.3370772799413991,0.43562908223350116,0.9281923197002809,0,0
18.61811919734244,188.5850875688811,-197.7544822491849,0.3625930899768038,0.04279411764705882,0.9369341242585076,0.3625930899768038,0.44744044396079,0.9369341242585076,0,0
19.16478532246696,187.9702578575313,-197.567911155736,0.32010743498962274,0.039411764705882354,0.9066500156103653,0.32010743498962274,0.4220564051019568,0.9066500156103653,0,0
18.912139210112127,188.2607149002293,-197.92958048145584,0.3265779514100842,0.040882352941176474,0.9169528566968467,0.3265779514100842,0.4281377203493691,0.9169528566968467,0,0
18.633653272695497,188.57058822836265,-198.23954217094143,0.335856427786595,0.039411764705882354,0.9250702466437715,0.335856427786595,0.4334461463787496,0.9250702466437715,0,0
19.51743535176468,187.5337703821885,-197.72296063677229,0.31790990111097545,0.04161764705882353,0.8616921635966281,0.31790990111097545,0.40707323725547573,0.8616921635966281,0,0
19.22726448379817,187.88667947913711,-198.13781052977032,0.317177389818093,0.03882352941176471,0.8907274430221667,0.317177389818093,0.4155761207506748,0.8907274430221667,0,0
17.53760422001672,189.65722222124217,-198.4190041523892,0.4266878281040166,0.07323529411764707,0.9584764283484234,0.4266878281040166,0.4861331835233624,0.9584764283484234,0,0
18.3299032171217,188.8951361609668,-198.4288385668436,0.35746551092662676,0.040882352941176474,0.9310021854511396,0.35746551092662676,0.44311668310631425,0.9310021854511396,0,0
17.767286797996146,189.46296367042743,-198.8569813182395,0.3871322182883653,0.058970588235294115,0.9516078676241024,0.3871322182883653,0.46590355804925393,0.9516078676241024,0,0
18.05059745346569,189.18348644261587,-198.706296286908,0.3627151751922842,0.04294117647058823,0.9381829534811115,0.3627151751922842,0.44794643504799464,0.9381829534811115,0,0
18.296441023085432,188.9340974370974,-198.8454095109194,0.34318154071541934,0.04029411764705882,0.9206993443646582,0.34318154071541934,0.4347250009090455,0.9206993443646582,0,0
17.178040355343505,189.96223708835527,-198.3921475491697,0.4082529605664754,0.07455882352941176,0.9631595379331876,0.4082529605664754,0.48199044067635827,0.9631595379331876,0,0
18.901172169589085,188.26858304412272,-198.48466609524075,0.3151019411549261,0.038088235294117645,0.902279113331252,0.3151019411549261,0.41848976326009857,0.902279113331252,0,0
18.5887738567905,188.61941217356056,-198.78886992409764,0.32706629227200584,0.0375,0.9060256009990634,0.32706629227200584,0.4235306310903564,0.9060256009990634,0,0
18.885415335312363,188.279255285652,-198.9992089209702,0.3140031742156025,0.03735294117647059,0.8645020293474868,0.3140031742156025,0.4052860482465199,0.8645020293474868,0,0
19.895023580447045,187.023435169144,-197.89601976965383,0.3121718959833964,0.04161764705882353,0.8126756166094287,0.3121718959833964,0.38882171988388287,0.8126756166094287,0,0
19.56779961302733,187.4472485240168,-198.3985157032115,0.31839824197289707,0.04161764705882353,0.8148610677489854,0.31839824197289707,0.3916256522602353,0.8148610677489854,0,0
19.19478499912205,187.91096143537345,-198.7903596019584,0.3119277255524356,0.03882352941176471,0.8279737745863254,0.3119277255524356,0.39290834318350853,0.8279737745863254,0,0
22.105870441631435,181.09871635251417,-199.39065904085228,0.3899401782444146,0.054264705882352944,0.7499219481735873,0.3899401782444146,0.3980422774334516,0.7499219481735873,0,0
22.1325670931,180.339316212,-199.521455978,0.39555609815651327,0.07220588235294118,0.7492975335622853,0.39555609815651327,0.40568650469057993,0.7492975335622853,0,0
19.11637241800102,187.98912647819745,-199.40705837581112,0.317177389818093,0.04029411764705882,0.7917577271308148,0.317177389818093,0.3830764115319889,0.7917577271308148,0,0
17.379899530346375,189.81829379301263,-198.878112233256,0.37919667928213896,0.0661764705882353,0.96066187948798,0.37919667928213896,0.4686783431194514,0.96066187948798,0,0
16.96412669307701,190.16647479551511,-198.8547131578621,0.3186424124038579,0.043823529411764706,0.9644083671557915,0.3186424124038579,0.4422914363238047,0.9644083671557915,0,0
18.78486961268796,188.38904764766804,-199.4266926644277,0.32499084360883895,0.03985294117647059,0.8186075554167968,0.32499084360883895,0.3944837800673688,0.8186075554167968,0,0
18.62735113182508,188.57375228212857,-199.1858289845774,0.32914174093517273,0.03867647058823529,0.8835466749921949,0.32914174093517273,0.41712162883853426,0.8835466749921949,0,0
18.07021001762854,189.17254256643488,-199.24398829262825,0.3627151751922842,0.045588235294117645,0.9263190758663753,0.3627151751922842,0.4448741621175924,0.9263190758663753,0,0
18.41623383904309,188.8074836141056,-199.12793550777383,0.3424490294225369,0.040882352941176474,0.9044645644708086,0.3424490294225369,0.4292653156115073,0.9044645644708086,0,0
17.641313960413996,189.59825652884467,-199.36156740786387,0.3777316566963741,0.045,0.9550421479862629,0.3777316566963741,0.4592579348942123,0.9550421479862629,0,0
20.293813613498628,186.4258938203997,-198.0883934195143,0.30606763520937613,0.04352941176470588,0.7917577271308148,0.30606763520937613,0.3804515913682989,0.7917577271308148,0,0
19.95732064562261,186.892458881738,-198.707972727916,0.3053351239164937,0.04161764705882353,0.7917577271308148,0.3053351239164937,0.37957016603537735,0.7917577271308148,0,0
20.70664314253101,185.7252451451924,-198.3009920256701,0.302405078744964,0.04588235294117647,0.7880112394630034,0.302405078744964,0.3787662237163813,0.7880112394630034,0,0
20.370208978421324,186.2386545825626,-198.94000066477847,0.2965449884019045,0.043823529411764706,0.7889478613799563,0.2965449884019045,0.37643879306454187,0.7889478613799563,0,0
22.01056926328789,181.9568821277801,-199.22742886458727,0.36674398730313756,0.04191176470588235,0.7527318139244459,0.36674398730313756,0.3871291886444886,0.7527318139244459,0,0
19.53339849399313,187.45761188595165,-199.20976578531875,0.3098522768892687,0.040882352941176474,0.7911333125195129,0.3098522768892687,0.38062264744998603,0.7911333125195129,0,0
20.007886150785648,186.7594195390325,-199.52499866929176,0.29214992064460993,0.04279411764705882,0.7867624102403996,0.29214992064460993,0.3739021495106895,0.7867624102403996,0,0
17.200308157410802,190.0029800378135,-199.41369841338565,0.30924185081186667,0.04191176470588235,0.9625351233218857,0.30924185081186667,0.4378962462798783,0.9625351233218857,0,0
16.715433560287085,190.4028904008485,-199.3757393610848,0.26468074716151874,0.03294117647058824,0.9653449890727444,0.26468074716151874,0.4209889709016171,0.9653449890727444,0,0
21.51060673540269,183.9416048426411,-198.78372265656324,0.30387010133072884,0.038088235294117645,0.7867624102403996,0.30387010133072884,0.376240248955082,0.7867624102403996,0,0
21.818629242984173,182.91856248508665,-199.02434831308875,0.32694420705652544,0.039411764705882354,0.7705276303465501,0.32694420705652544,0.37896120070298595,0.7705276303465501,0,0
21.19733621252613,184.57736286703084,-199.4978274151669,0.303015504822366,0.04147058823529412,0.7817670933499844,0.303015504822366,0.3754177288025482,0.7817670933499844,0,0
21.120426646005235,184.90242894010288,-198.5338412730093,0.30399218654620924,0.04470588235294118,0.7858257883234467,0.30399218654620924,0.378174619074199,0.7858257883234467,0,0
20.797945606496626,185.45453281834065,-199.225748715185,0.30655597607129775,0.04941176470588235,0.7817670933499844,0.30655597607129775,0.37924494470905484,0.7817670933499844,0,0
13.8893861076,191.423391618,-195.75274100500005,0.6461970455377853,0.24661764705882352,0.9906337808304714,0.6461970455377853,0.6278161578090268,0.9906337808304714,0,0
13.97824702375637,191.4148791979858,-195.89622695742392,0.42998412892198756,0.07720588235294118,0.9765844520761786,0.42998412892198756,0.4945914877837025,0.9765844520761786,0,0
14.05756634155716,191.3792123861269,-195.7998056226592,0.42278110120864365,0.07529411764705882,0.9753356228535748,0.42278110120864365,0.49113694723642576,0.9753356228535748,0,0
13.965265130021477,191.4355097442115,-196.0363915259651,0.4332804297399585,0.07794117647058824,0.9772088666874805,0.4332804297399585,0.4961434909660091,0.9772088666874805,0,0
14.109816165983592,191.3809262336272,-195.95638753452045,0.42302527163960446,0.07470588235294118,0.9759600374648767,0.42302527163960446,0.49123039715247413,0.9759600374648767,0,0
13.957325276949668,191.4607724950441,-196.227615181505,0.43706507141985107,0.07852941176470589,0.9772088666874805,0.43706507141985107,0.49760111662401246,0.9772088666874805,0,0
14.247496209507132,191.323044847181,-195.85398558259905,0.40849713099743623,0.07205882352941176,0.9743990009366219,0.40849713099743623,0.48498498515449,0.9743990009366219,0,0
14.305037345783154,191.3270845447921,-196.0714013319548,0.4105725796606031,0.0711764705882353,0.9750234155479238,0.4105725796606031,0.48559082193225406,0.9750234155479238,0,0
14.144538630883762,191.39245394629995,-196.1577069188152,0.42522280551825176,0.07470588235294118,0.9765844520761786,0.42522280551825176,0.49217104664912387,0.9765844520761786,0,0
13.94606456258944,191.4909442050805,-196.45214311890777,0.44133805396166526,0.07985294117647058,0.9775210739931315,0.44133805396166526,0.4995706897104224,0.9775210739931315,0,0
14.098219138360244,191.42787890339383,-196.33342386049085,0.4309608106458308,0.07602941176470589,0.9772088666874805,0.4309608106458308,0.4947330296993391,0.9772088666874805,0,0
14.46178651673979,191.2524415416582,-195.91630003924496,0.3915272860456599,0.06691176470588235,0.97377458632532,0.3915272860456599,0.47740454569228746,0.97377458632532,0,0
14.323419760383134,191.3471933354933,-196.3215604292604,0.41386888047857406,0.07279411764705883,0.9762722447705277,0.41386888047857406,0.4876450809653869,0.9762722447705277,0,0
14.703323563206482,191.16458733064303,-195.98789387400663,0.37126114027591256,0.05220588235294118,0.9731501717140181,0.37126114027591256,0.46553906478095725,0.9731501717140181,0,0
14.521387304592956,191.2556957849354,-196.166324213383,0.3936027347088268,0.0675,0.9743990009366219,0.3936027347088268,0.4785005785484829,0.9743990009366219,0,0
14.974910639892563,191.0565026658673,-196.0699192613358,0.33890855817360516,0.043823529411764706,0.9719013424914142,0.33890855817360516,0.4515444766922614,0.9719013424914142,0,0
14.776873197854655,191.1623518957992,-196.2787510799992,0.3717494811378342,0.054264705882352944,0.974086793630971,0.3717494811378342,0.4667003268837194,0.974086793630971,0,0
14.17537876770211,191.4263997168304,-196.55990125069025,0.4287632767671835,0.07558823529411765,0.9775210739931315,0.4287632767671835,0.49395752868481085,0.9775210739931315,0,0
13.929423050192344,191.52021146328045,-196.65572824893616,0.6638994017824441,0.2620588235294118,0.9928192319700281,0.6638994017824441,0.639592485760628,0.9928192319700281,0,0
15.067483039575354,191.04588126916863,-196.39520889519247,0.3420827737760957,0.04647058823529412,0.97377458632532,0.3420827737760957,0.45410931611223654,0.97377458632532,0,0
14.397434019951373,191.3455806014856,-196.57444409581444,0.4119155170308876,0.07294117647058823,0.9772088666874805,0.4119155170308876,0.4873551867296521,0.9772088666874805,0,0
14.332892329608022,191.3879366808383,-196.7444777834364,0.4193627151751923,0.07441176470588236,0.9772088666874805,0.4193627151751923,0.4903277821895184,0.9772088666874805,0,0
15.279340047137335,190.9259718095651,-196.1634005753451,0.32059577585154436,0.040882352941176474,0.9715891351857634,0.32059577585154436,0.44435575465949473,0.9715891351857634,0,0
14.575922404675202,191.26339338842067,-196.45945123070723,0.3938469051397876,0.06926470588235294,0.9759600374648767,0.3938469051397876,0.4796905494956724,0.9759600374648767,0,0
14.578668093994764,191.29214363855507,-196.7576469957648,0.398486143328043,0.07,0.9772088666874805,0.398486143328043,0.4818983366718412,0.9772088666874805,0,0
14.831966462971971,191.1689825676088,-196.5892354434282,0.3779758271273349,0.060294117647058824,0.9753356228535748,0.3779758271273349,0.47120185587598956,0.9753356228535748,0,0
14.87862943806408,191.18037309111,-196.9028966548061,0.38346966182395315,0.0651470588235294,0.9768966593818296,0.38346966182395315,0.47517112667643735,0.9768966593818296,0,0
14.141666331096902,191.4695360541497,-196.84562298027865,0.43157123672323283,0.07676470588235294,0.9775210739931315,0.43157123672323283,0.4952856721995724,0.9775210739931315,0,0
14.38723118318739,191.39204440897785,-196.9849646025989,0.416554755219143,0.07397058823529412,0.9775210739931315,0.416554755219143,0.4893488058158562,0.9775210739931315,0,0
13.897908233642983,191.5610358129865,-196.91727307388675,0.6670736173849346,0.26794117647058824,0.9928192319700281,0.6670736173849346,0.6426113419418503,0.9928192319700281,0,0
14.122893753471148,191.5050063061048,-197.1079400687608,0.43242583323159567,0.07691176470588235,0.9775210739931315,0.43242583323159567,0.4956195573102032,0.9775210739931315,0,0
14.61678325694683,191.31171958322875,-197.09818243476104,0.39775363203516056,0.06985294117647059,0.9772088666874805,0.39775363203516056,0.48160514663303716,0.9772088666874805,0,0
15.392705616368042,190.90574690854703,-196.52043559039151,0.33439140520083016,0.04338235294117647,0.97377458632532,0.33439140520083016,0.4505161148224422,0.97377458632532,0,0
15.619432571846422,190.7689410675776,-196.26967019896605,0.30875350994994505,0.037941176470588235,0.9712769278801124,0.30875350994994505,0.43932387143354856,0.9712769278801124,0,0
15.12305054966761,191.05413029574527,-196.73479738366203,0.36222683433036257,0.052941176470588235,0.9756478301592257,0.36222683433036257,0.4636052803200588,0.9756478301592257,0,0
15.746276159235135,190.7396830624855,-196.6372037242629,0.33426931998534976,0.043676470588235296,0.974086793630971,0.33426931998534976,0.45067752806818534,0.974086793630971,0,0
15.994993563320245,190.5810754535731,-196.3893925981361,0.3050909534855329,0.037794117647058825,0.9712769278801124,0.3050909534855329,0.43805399967090136,0.9712769278801124,0,0
17.42412107713505,189.6799166470695,-197.0782041362024,0.5310706873397631,0.1038235294117647,0.9591008429597253,0.5310706873397631,0.5313316865704177,0.9591008429597253,0,0
17.348342618595797,189.7251421309261,-196.85014948163155,0.5184959101452814,0.1025,0.9625351233218857,0.5184959101452814,0.5278436778223891,0.9625351233218857,0,0
17.592965510513313,189.5332412496801,-196.9394595821104,0.47356855084849225,0.08808823529411765,0.9562909772088667,0.47356855084849225,0.5059825877838255,0.9562909772088667,0,0
17.173585308388585,189.87308529512904,-197.03833163118657,0.5654987181052374,0.13676470588235295,0.9644083671557915,0.5654987181052374,0.5555572637144607,0.9644083671557915,0,0
17.07450527400943,189.9252039121393,-196.752515081758,0.42546697594921257,0.07852941176470589,0.967530440212301,0.42546697594921257,0.4905089426420732,0.967530440212301,0,0
16.499718360555846,190.32591605412227,-196.85274666907029,0.33866438774264435,0.060147058823529415,0.97377458632532,0.33866438774264435,0.45752867763049787,0.97377458632532,0,0
16.388416490567952,190.36402268877728,-196.518128648076,0.30216090831400316,0.04029411764705882,0.9703403059631596,0.30216090831400316,0.4375984439747405,0.9703403059631596,0,0
16.756965100194684,190.1387916535853,-196.6423152370785,0.3215724575753876,0.04485294117647059,0.9687792694349048,0.3215724575753876,0.44506822272892094,0.9687792694349048,0,0
16.848764559791167,190.1084439912664,-197.0247014043001,0.36186057868392135,0.07058823529411765,0.9731501717140181,0.36186057868392135,0.46853299523068576,0.9731501717140181,0,0
17.7783606518,189.378982068,-197.008713501,0.4651446709803443,0.07735294117647058,0.9534811114580081,0.4651446709803443,0.4986595745382743,0.9534811114580081,0,0
17.35404070708089,189.7528010216589,-197.3399564089363,0.6115248443413502,0.14,0.9622229160162348,0.6115248443413502,0.5712492534525283,0.9622229160162348,0,0
15.170929198535696,191.06919271077487,-197.08514289226045,0.3723599072152362,0.056911764705882356,0.9768966593818296,0.3723599072152362,0.46872277710098276,0.9768966593818296,0,0
14.891882986085964,191.20525869009907,-197.18924562580648,0.38383591747039436,0.06529411764705882,0.9768966593818296,0.38383591747039436,0.4753422314997609,0.9768966593818296,0,0
14.399448485846625,191.42042719577984,-197.2941559625146,0.41325845440117204,0.07338235294117647,0.9772088666874805,0.41325845440117204,0.4879498913432763,0.9772088666874805,0,0
13.86000438778806,191.6076366091884,-197.20823009242147,0.6682944695397387,0.2701470588235294,0.9928192319700281,0.6682944695397387,0.6437535867777654,0.9928192319700281,0,0
13.811144577061752,191.66320182766265,-197.537441720177,0.667195702600415,0.2675,0.9928192319700281,0.667195702600415,0.6425049781901477,0.9928192319700281,0,0
14.117340753675236,191.54364277192747,-197.4353541468537,0.431327066292272,0.07676470588235294,0.9775210739931315,0.431327066292272,0.4952042820559188,0.9775210739931315,0,0
14.733260202605123,191.30364311250185,-197.45965153185767,0.3871322182883653,0.06661764705882353,0.9762722447705277,0.3871322182883653,0.47667403670590547,0.9762722447705277,0,0
14.437017280378235,191.44741512159413,-197.65682464290805,0.40422414845562205,0.07073529411764706,0.9762722447705277,0.40422414845562205,0.4837438957812656,0.9762722447705277,0,0
13.756592441980668,191.7260916655439,-197.89541923008352,0.6641435722134049,0.2611764705882353,0.9918826100530752,0.6641435722134049,0.6390675509515718,0.9918826100530752,0,0
15.460541437107103,190.90848656703747,-196.86961712777244,0.35770968135758757,0.05191176470588235,0.9762722447705277,0.35770968135758757,0.46196456361133253,0.9762722447705277,0,0
15.840607931745293,190.7292044056572,-197.0187355496164,0.3721157367842754,0.06441176470588235,0.9775210739931315,0.3721157367842754,0.4713495251610964,0.9775210739931315,0,0
16.122296882919095,190.54545885764705,-196.75861775507096,0.33646685386399705,0.05073529411764706,0.974086793630971,0.33646685386399705,0.45376298053753833,0.974086793630971,0,0
16.22811252235802,190.51823270895457,-197.10814775050463,0.39018434867537544,0.07220588235294118,0.9781454886044333,0.39018434867537544,0.48017857321091667,0.9781454886044333,0,0
16.56341821927499,190.3160778012573,-197.18976247729648,0.4164326700036626,0.08161764705882353,0.98033093974399,0.4164326700036626,0.4927937522688253,0.98033093974399,0,0
17.099461774808553,189.94796474112871,-197.2959484903517,0.4463435477963619,0.10338235294117647,0.980643147049641,0.4463435477963619,0.5101230159290598,0.980643147049641,0,0
17.18732501755559,189.90348212441648,-197.6183713324893,0.5681845928458064,0.1213235294117647,0.9640961598501405,0.5681845928458064,0.5512014273692372,0.9640961598501405,0,0
15.500729031984749,190.9313136880401,-197.2583032655864,0.3677206690269808,0.055,0.9772088666874805,0.3677206690269808,0.4666431785714871,0.9772088666874805,0,0
16.392726337240116,190.4557379216472,-197.49866426581903,0.37077279941399094,0.06985294117647059,0.9772088666874805,0.37077279941399094,0.4726115357593141,0.9772088666874805,0,0
16.819677106140496,190.17169430381568,-197.5333728915384,0.3513612501526065,0.06955882352941177,0.9719013424914142,0.3513612501526065,0.46427380539114416,0.9719013424914142,0,0
15.12728453309599,191.13707432114205,-197.50150451125205,0.35978513002075446,0.05205882352941176,0.9753356228535748,0.35978513002075446,0.4623931921345803,0.9753356228535748,0,0
14.106503852449316,191.5903271816578,-197.7959300293611,0.42754242461237946,0.075,0.9772088666874805,0.42754242461237946,0.4932504304332867,0.9772088666874805,0,0
14.818043262841956,191.3080457887701,-197.7850203036081,0.3677206690269808,0.05352941176470588,0.974086793630971,0.3677206690269808,0.46511229147421923,0.974086793630971,0,0
14.46183306372559,191.4814561041196,-197.99980489014632,0.3936027347088268,0.0675,0.974086793630971,0.3936027347088268,0.4783965094465992,0.974086793630971,0,0
15.92840951839854,190.733297277482,-197.4994795892436,0.35258210230741055,0.056911764705882356,0.9768966593818296,0.35258210230741055,0.46213017546504087,0.9768966593818296,0,0
15.496196206974927,190.9796780249232,-197.64949893896275,0.3380539616652423,0.04441176470588235,0.974086793630971,0.3380539616652423,0.4521841733340319,0.974086793630971,0,0
14.076362666771656,191.6490655937964,-198.162242757984,0.421071908191918,0.07455882352941176,0.9753356228535748,0.421071908191918,0.49032211819163485,0.9753356228535748,0,0
13.689048912467886,191.80303665830908,-198.2983985155753,0.6604810157489928,0.25176470588235295,0.9912581954417733,0.6604810157489928,0.6345013056910397,0.9912581954417733,0,0
16.991082891543595,190.07980858892128,-197.9610989268188,0.39946282505188624,0.07426470588235294,0.967530440212301,0.39946282505188624,0.4804193237155134,0.967530440212301,0,0
16.205204918342897,190.6084432625753,-197.844416735532,0.30911976559638626,0.04147058823529412,0.9712769278801124,0.30911976559638626,0.44062242723726425,0.9712769278801124,0,0
16.56524421109024,190.3858760971196,-197.9485615294912,0.30618972042485654,0.04161764705882353,0.9684670621292538,0.30618972042485654,0.4387581432043113,0.9684670621292538,0,0
16.263299710629173,190.6215112142065,-198.3057772295052,0.2754242461237944,0.033676470588235294,0.96721823290665,0.2754242461237944,0.42543964987289323,0.96721823290665,0,0
13.615414820557277,191.8962794271337,-198.7505146179936,0.6465633011842266,0.24985294117647058,0.9890727443022167,0.6465633011842266,0.628496328887638,0.9890727443022167,0,0
15.24111519410906,191.1447445894541,-197.97538741986693,0.326211695763643,0.04191176470588235,0.9719013424914142,0.326211695763643,0.4466749343203132,0.9719013424914142,0,0
14.88425876595822,191.3350128817385,-198.1914697168457,0.3401294103284092,0.043823529411764706,0.9719013424914142,0.3401294103284092,0.4519514274105294,0.9719013424914142,0,0
14.47785957316028,191.5291336464697,-198.3785129019329,0.3776095714808937,0.05808823529411765,0.9731501717140181,0.3776095714808937,0.46961599282967653,0.9731501717140181,0,0
14.063317562707768,191.7122066091917,-198.55986770528648,0.4097179831522403,0.07426470588235294,0.97377458632532,0.4097179831522403,0.4859190917866378,0.97377458632532,0,0
15.755735016146966,190.89738985748068,-198.08579314687384,0.30216090831400316,0.03573529411764706,0.9709647205744615,0.30216090831400316,0.43628697433537056,0.9709647205744615,0,0
14.057512985031796,191.81448378786453,-199.15775339370188,0.39030643389085584,0.07220588235294118,0.9712769278801124,0.39030643389085584,0.47792974804130317,0.9712769278801124,0,0
16.726352955768892,190.31264033211656,-198.39567954750217,0.29984128921987546,0.04073529411764706,0.9678426475179519,0.29984128921987546,0.4361397436184915,0.9678426475179519,0,0
16.4807145513829,190.529417918208,-198.8310805291974,0.26748870711756806,0.03279411764705882,0.9656571963783952,0.26748870711756806,0.421980007047674,0.9656571963783952,0,0
15.93157485732224,190.8787918744422,-198.7512264946191,0.25796606031009645,0.02514705882352941,0.9656571963783952,0.25796606031009645,0.4162567718373404,0.9656571963783952,0,0
13.47520923759612,192.029884268927,-199.25604105230985,0.6420461482114516,0.2523529411764706,0.9890727443022167,0.6420461482114516,0.6278239445633796,0.9890727443022167,0,0
14.485735902795708,191.5900212757425,-198.78780477361343,0.3464778415333903,0.051029411764705886,0.9715891351857634,0.3464778415333903,0.4563654628279532,0.9715891351857634,0,0
15.29376771043578,191.21306912148967,-198.6534850768481,0.2934928580148944,0.03323529411764706,0.9687792694349048,0.2934928580148944,0.43183580718914877,0.9687792694349048,0,0
14.802858127427587,191.43214715414683,-198.61292488726744,0.32975216701257476,0.04191176470588235,0.9712769278801124,0.32975216701257476,0.44764695319952325,0.9712769278801124,0,0
15.515233853388784,191.1863266911996,-199.26132359384968,0.2551581003540471,0.022205882352941176,0.9656571963783952,0.2551581003540471,0.4143403930284612,0.9656571963783952,0,0
14.886366810564354,191.49260894698173,-199.22365622009576,0.29971920400439506,0.03705882352941176,0.9694036840462067,0.29971920400439506,0.43539390386000454,0.9694036840462067,0,0
14.48241130384642,191.65920655387671,-199.19234664052968,0.3348797460627518,0.04794117647058824,0.9703403059631596,0.3348797460627518,0.45105374283216654,0.9703403059631596,0,0
16.148667894686422,190.8123537741602,-199.33944824002805,0.24832132828714443,0.023823529411764705,0.9653449890727444,0.24832132828714443,0.4124966155905512,0.9653449890727444,0,0
22.1325670931,180.339316212,-199.521455978,0.39555609815651327,0.07220588235294118,0.7492975335622853,0.39555609815651327,0.40568650469057993,0.7492975335622853,0,0
-1.02633110689,178.55344526,-194.33039525,0.9737516786717129,0.9838235294117647,1.0,0.9838235294117647,0.9858584026944924,1.0,1,0
-1.0654087851635214,178.7565810800035,-194.2878460428465,0.9733854230252716,0.9838235294117647,1.0,0.9838235294117647,0.9857363174790121,1.0,1,0
-1.1747193447390798,178.88127623116787,-194.4654100662815,0.9736295934562325,0.9836764705882353,1.0,0.9836764705882353,0.9857686880148225,1.0,1,0
-1.1035643688383638,178.98116642547834,-194.24199891745684,0.97289708216335,0.9838235294117647,1.0,0.9838235294117647,0.9855735371917049,1.0,1,0
-1.2956063081716267,179.00305592549134,-194.6625402577415,0.9736295934562325,0.9836764705882353,1.0,0.9836764705882353,0.9857686880148225,1.0,1,0
-1.1395847554070224,179.23561533802967,-194.19176238118496,0.97289708216335,0.9838235294117647,1.0,0.9838235294117647,0.9855735371917049,1.0,1,0
-1.2228578666454863,179.12451039008783,-194.43667805863865,0.97289708216335,0.9836764705882353,1.0,0.9836764705882353,0.9855245175838618,1.0,1,0
-1.1697176925603534,179.52404861530007,-194.1373494792404,0.9725308265169088,0.9838235294117647,1.0,0.9838235294117647,0.9854514519762244,1.0,1,0
-1.275647812268359,179.41755410152015,-194.41151549270828,0.97289708216335,0.9836764705882353,1.0,0.9836764705882353,0.9855245175838618,1.0,1,0
0.5022661058098689,185.17706298863067,-193.6066574023818,0.7195702600415089,0.9108823529411765,0.9697158913518577,0.9108823529411765,0.866722834778181,0.9697158913518577,0,0
0.6399946999739999,185.387481337,-193.604781979,0.7195702600415089,0.9102941176470588,0.9694036840462067,0.9102941176470588,0.8664226872449249,0.9694036840462067,0,0
0.4841030265428998,185.3250467327188,-193.8171146773547,0.7195702600415089,0.9089705882352941,0.9684670621292538,0.9089705882352941,0.8656693034686856,0.9684670621292538,0,0
-1.4357072607973258,179.15855741886665,-194.8721951990751,1.0,1.0,1.0,1.0,1.0,1.0,1,1
-1.188464750214606,179.85089607081733,-194.0793360820645,0.9720424856549872,0.9838235294117647,1.0,0.9838235294117647,0.9852886716889172,1.0,1,0
-1.3316559541091335,179.7834483878892,-194.39320587777752,0.9724087413014284,0.9836764705882353,1.0,0.9836764705882353,0.9853617372965546,1.0,1,0
-1.348307922681262,180.11363908308834,-194.34346358129017,0.971676230008546,0.9836764705882353,1.0,0.9836764705882353,0.9851175668655937,1.0,1,0
-1.4967618368683262,179.99277787794293,-194.66074147478147,0.972286656085948,0.9836764705882353,1.0,0.9836764705882353,0.9853210422247277,1.0,1,0
-1.3619099120719391,179.30169262958424,-194.6482948562528,0.97289708216335,0.9836764705882353,1.0,0.9836764705882353,0.9855245175838618,1.0,1,0
-1.4220613601060113,179.634514857234,-194.6294023940597,0.9727749969478696,0.9836764705882353,1.0,0.9836764705882353,0.9854838225120349,1.0,1,0
-1.5197119596212918,179.4871774459559,-194.88410237844184,0.97289708216335,0.9836764705882353,1.0,0.9836764705882353,0.9855245175838618,1.0,1,0
-1.5608342688597725,179.7556510774024,-194.85835624069472,0.9727749969478696,0.9836764705882353,1.0,0.9836764705882353,0.9854838225120349,1.0,1,0
-1.18909038671,180.222581671,-194.01826371,0.9714320595775852,0.9838235294117647,1.0,0.9838235294117647,0.9850851963297833,1.0,1,0
-1.4850442724603223,180.3172488891637,-194.5694244588724,0.9715541447930656,0.9836764705882353,1.0,0.9836764705882353,0.9850768717937669,1.0,1,0
-1.171173886044249,180.55820799459448,-193.9674929386784,0.9714320595775852,0.9836764705882353,1.0,0.9836764705882353,0.9850361767219402,1.0,1,0
-1.2559265745930823,180.7065858409779,-194.12239325771185,0.9714320595775852,0.9836764705882353,1.0,0.9836764705882353,0.9850361767219402,1.0,1,0
-1.1336781409981316,180.92914638805496,-193.91557033098744,0.9709437187156635,0.9836764705882353,1.0,0.9836764705882353,0.984873396434633,1.0,1,0
-1.3790143314653431,180.4948924523333,-194.35189330053788,0.9714320595775852,0.9836764705882353,1.0,0.9836764705882353,0.9850361767219402,1.0,1,0
-1.5529180880217794,180.65339750249203,-194.65774123707268,0.9714320595775852,0.9835294117647059,1.0,0.9835294117647059,0.984987157114097,1.0,1,0
-1.415329880678666,180.92380539478103,-194.4141562303112,0.9711878891466244,0.9836764705882353,1.0,0.9836764705882353,0.9849547865782865,1.0,1,0
0.1614089289992213,184.6153725731293,-193.61801700522585,0.9705774630692223,0.9835294117647059,1.0,0.9835294117647059,0.9847022916113094,1.0,1,0
0.3343972380256461,184.9077397500507,-193.6110557159768,0.7195702600415089,0.9117647058823529,0.9700280986575086,0.9117647058823529,0.8671210215271236,0.9700280986575086,0,0
0.0960280417263736,184.79273187264027,-193.9193002394024,0.9705774630692223,0.9835294117647059,1.0,0.9835294117647059,0.9847022916113094,1.0,1,0
-0.0369157029636349,184.49497657107943,-193.85544979674103,0.9705774630692223,0.9835294117647059,1.0,0.9835294117647059,0.9847022916113094,1.0,1,0
-0.025571380961902,184.2824370027001,-193.62831455897305,0.9705774630692223,0.9835294117647059,1.0,0.9835294117647059,0.9847022916113094,1.0,1,0
0.2952567252456177,185.11041036081025,-193.90751134054585,0.7195702600415089,0.9089705882352941,0.9684670621292538,0.9089705882352941,0.8656693034686856,0.9684670621292538,0,0
0.029131686978568,184.976320984775,-194.20443373815093,0.9705774630692223,0.9835294117647059,1.0,0.9835294117647059,0.9847022916113094,1.0,1,0
0.4003753109159707,185.3782642818235,-194.02052052571847,0.7195702600415089,0.9075,0.9681548548236029,0.9075,0.8650750382883706,0.9681548548236029,0,0
-1.6350429064063483,180.31394414050203,-194.8460808733317,0.9717983152240264,0.9835294117647059,1.0,0.9835294117647059,0.9851092423295774,1.0,1,0
-1.601776262622277,179.33486956845576,-195.11199258337328,1.0,1.0,1.0,1.0,1.0,1.0,1,1
-1.6663994176884935,179.6777440431003,-195.08611085167504,0.97289708216335,0.9835294117647059,1.0,0.9835294117647059,0.9854754979760186,1.0,1,0
-1.675900896278078,180.00470396444462,-194.9934857494076,0.9725308265169088,0.9836764705882353,1.0,0.9836764705882353,0.9854024323683813,1.0,1,0
-1.8308362401203104,179.9152605442751,-195.29681229545184,1.0,1.0,1.0,1.0,1.0,1.0,1,1
-1.760361335151115,180.7236447301648,-195.01345292395936,0.9714320595775852,0.9835294117647059,1.0,0.9835294117647059,0.984987157114097,1.0,1,0
-0.6716785818989376,183.2842205344532,-193.94332330906025,0.9705774630692223,0.9835294117647059,1.0,0.9835294117647059,0.9847022916113094,1.0,1,0
-0.6440058517743346,182.9687224656399,-193.6972135464292,0.9705774630692223,0.9835294117647059,1.0,0.9835294117647059,0.9847022916113094,1.0,1,0
-0.4363916844562784,183.46899163819853,-193.6643712147936,0.9705774630692223,0.9835294117647059,1.0,0.9835294117647059,0.9847022916113094,1.0,1,0
-0.5149983430342382,183.68848717382764,-193.96439587701207,0.9705774630692223,0.9835294117647059,1.0,0.9835294117647059,0.9847022916113094,1.0,1,0
-0.2262307091752479,183.90305767807203,-193.64298453679032,0.9705774630692223,0.9835294117647059,1.0,0.9835294117647059,0.9847022916113094,1.0,1,0
-0.2752545515634313,184.18652050189783,-193.97419432591084,0.9705774630692223,0.9835294117647059,1.0,0.9835294117647059,0.9847022916113094,1.0,1,0
-1.2482123393551257,181.1538474738968,-194.14423357588203,0.9709437187156635,0.9836764705882353,1.0,0.9836764705882353,0.984873396434633,1.0,1,0
-1.073636669022539,181.3381276385178,-193.86275050531327,0.9709437187156635,0.9836764705882353,1.0,0.9836764705882353,0.984873396434633,1.0,1,0
-1.608304194227666,181.10197632534224,-194.75761349361804,0.9709437187156635,0.9835294117647059,1.0,0.9835294117647059,0.9848243768267898,1.0,1,0
-1.203979765514098,181.64037157839343,-194.1618225579657,0.9709437187156635,0.9835294117647059,1.0,0.9835294117647059,0.9848243768267898,1.0,1,0
-0.9869330857196646,181.787938591684,-193.8095484649946,0.9709437187156635,0.9835294117647059,1.0,0.9835294117647059,0.9848243768267898,1.0,1,0
-1.4210595881477208,181.3984556648936,-194.48024354636496,0.9709437187156635,0.9835294117647059,1.0,0.9835294117647059,0.9848243768267898,1.0,1,0
-1.818895426239784,181.11151126840056,-195.1038541996849,0.9713099743621048,0.9835294117647059,1.0,0.9835294117647059,0.9849464620422702,1.0,1,0
-0.1605901163336975,184.59275706754696,-194.1466033655473,0.9705774630692223,0.9835294117647059,1.0,0.9835294117647059,0.9847022916113094,1.0,1,0
-0.2624207461351693,184.79621398654072,-194.46894983793504,0.9705774630692223,0.9835294117647059,1.0,0.9835294117647059,0.9847022916113094,1.0,1,0
6.107840951296077,191.1158273173577,-196.5324919499911,0.7533878647295813,0.9026470588235294,0.9890727443022167,0.9026470588235294,0.8817025559517758,0.9890727443022167,0,0
-0.6296169345974153,183.9148927877112,-194.307343254666,0.9705774630692223,0.9835294117647059,1.0,0.9835294117647059,0.9847022916113094,1.0,1,0
-0.8149804208358091,183.42990555040348,-194.2668131490286,0.9705774630692223,0.9835294117647059,1.0,0.9835294117647059,0.9847022916113094,1.0,1,0
-0.9290551456677316,182.8581525754226,-194.13782620754043,0.9708216335001831,0.9835294117647059,1.0,0.9835294117647059,0.984783681754963,1.0,1,0
-0.8337459881399417,182.39216256415216,-193.7468008115707,0.9708216335001831,0.9835294117647059,1.0,0.9835294117647059,0.984783681754963,1.0,1,0
5.749356451469236,190.97609272418725,-196.4726865751584,0.7532657795141009,0.8973529411764706,0.9890727443022167,0.8973529411764706,0.8798971549975961,0.9890727443022167,0,0
5.888252624234912,191.2246999616804,-196.84985411235087,0.7532657795141009,0.8966176470588235,0.9890727443022167,0.8966176470588235,0.8796520569583803,0.9890727443022167,0,0
0.203331414360441,185.3147026695379,-194.26467254318223,0.7195702600415089,0.905,0.96721823290665,0.905,0.8639294976493863,0.96721823290665,0,0
-0.0721752308636919,185.1878818998773,-194.5403905380232,0.9705774630692223,0.9835294117647059,1.0,0.9835294117647059,0.9847022916113094,1.0,1,0
0.1403628205163697,185.5564228412141,-194.5829406606756,0.7194481748260285,0.9,0.9653449890727444,0.9,0.861597721299591,0.9653449890727444,0,0
0.0257834190620868,185.8084329514909,-194.9487291011835,0.7194481748260285,0.8919117647058824,0.9644083671557915,0.8919117647058824,0.8585894355625675,0.9644083671557915,0,0
-1.7792747993817395,179.52192731168358,-195.355209179463,1.0,1.0,1.0,1.0,1.0,1.0,1,1
-1.848213551300251,180.34562144384387,-195.21335605997064,0.9720424856549872,0.9835294117647059,1.0,0.9835294117647059,0.985190632473231,1.0,1,0
-1.688307369166818,181.5993807415995,-194.95170016690173,0.9709437187156635,0.9835294117647059,1.0,0.9835294117647059,0.9848243768267898,1.0,1,0
-1.995151866794976,179.74547942455166,-195.63643082438227,1.0,1.0,1.0,1.0,1.0,1.0,1,1
-2.067481991853529,180.2516007525573,-195.59456200488705,1.0,1.0,1.0,1.0,1.0,1.0,1,1
-2.040161605707876,180.81402196830552,-195.45965447308183,0.9714320595775852,0.9835294117647059,1.0,0.9835294117647059,0.984987157114097,1.0,1,0
-2.012067996169097,181.40973940296567,-195.41842840612256,0.9709437187156635,0.9835294117647059,1.0,0.9835294117647059,0.9848243768267898,1.0,1,0
-1.370592983987903,181.95918864544151,-194.53140145098496,0.9709437187156635,0.9835294117647059,1.0,0.9835294117647059,0.9848243768267898,1.0,1,0
-1.1017054388946723,182.20156428551627,-194.15643613000069,0.9708216335001831,0.9835294117647059,1.0,0.9835294117647059,0.984783681754963,1.0,1,0
-1.1344441877628757,183.15550927661928,-194.61408539336267,0.9705774630692223,0.9835294117647059,1.0,0.9835294117647059,0.9847022916113094,1.0,1,0
-0.992255397910818,183.69354372821724,-194.68947646617244,0.9705774630692223,0.9835294117647059,1.0,0.9835294117647059,0.9847022916113094,1.0,1,0
-0.4513413523543158,184.3920491093612,-194.40759468658948,0.9705774630692223,0.9835294117647059,1.0,0.9835294117647059,0.9847022916113094,1.0,1,0
-0.8070088797978358,184.2158832587768,-194.7640372776504,0.9705774630692223,0.9835294117647059,1.0,0.9835294117647059,0.9847022916113094,1.0,1,0
-0.5820018062288947,184.6509270772471,-194.7780973725544,0.9705774630692223,0.9835294117647059,1.0,0.9835294117647059,0.9847022916113094,1.0,1,0
-0.1835897508442303,185.42900862904563,-194.88431600100336,0.7194481748260285,0.8941176470588236,0.9644083671557915,0.8941176470588236,0.8593247296802146,0.9644083671557915,0,0
-0.3732732302312906,185.0631265810684,-194.82692830599288,0.9705774630692223,0.9835294117647059,1.0,0.9835294117647059,0.9847022916113094,1.0,1,0
-0.6372301982440612,184.96158074429624,-195.06775402402783,0.9705774630692223,0.9836764705882353,1.0,0.9836764705882353,0.9847513112191525,1.0,1,0
0.2561003774467402,186.1964178536832,-195.0205429001584,0.7194481748260285,0.8873529411764706,0.9644083671557915,0.8873529411764706,0.8570698277194303,0.9644083671557915,0,0
0.4992196490646757,186.64155386540068,-195.15859504386444,0.7194481748260285,0.8807352941176471,0.9637839525444896,0.8807352941176471,0.8546558071627217,0.9637839525444896,0,0
-1.6078331384629805,182.28750267849924,-194.9983472587636,0.9709437187156635,0.9835294117647059,1.0,0.9835294117647059,0.9848243768267898,1.0,1,0
-1.2631329247477383,182.56595941092493,-194.5644420822832,0.9708216335001831,0.9835294117647059,1.0,0.9835294117647059,0.984783681754963,1.0,1,0
-1.4857520956170769,182.90304075145207,-195.0276238754004,0.9708216335001831,0.9835294117647059,1.0,0.9835294117647059,0.984783681754963,1.0,1,0
5.359809772859271,191.09221789504835,-196.8897083880772,0.7532657795141009,0.8823529411764706,0.9862628785513581,0.8823529411764706,0.8739605330806431,0.9862628785513581,0,0
5.550213461622232,191.3664165083146,-197.25784636328348,0.7532657795141009,0.8745588235294117,0.9862628785513581,0.8745588235294117,0.8713624938649569,0.9862628785513581,0,0
5.253348485668183,190.81019376876668,-196.4658127875993,0.8123550238066171,0.21426470588235294,0.8773025288791758,0.8123550238066171,0.6346407528560486,0.8773025288791758,0,0
4.690772789557125,190.58144395036817,-196.4250751387769,0.8113783420827738,0.2088235294117647,0.8551358101779581,0.8113783420827738,0.6251125605574989,0.8551358101779581,0,0
4.782562519177569,190.9103899165114,-196.8962961758836,0.8113783420827738,0.2088235294117647,0.8666874804870434,0.8113783420827738,0.6289631173271939,0.8666874804870434,0,0
4.937956863607515,191.225106834804,-197.3111429184665,0.8113783420827738,0.2088235294117647,0.8710583827661568,0.8113783420827738,0.630420084753565,0.8710583827661568,0,0
4.151825895609334,190.2965905426808,-196.32499274045048,0.8107679160053718,0.20588235294117646,0.8289103965032781,0.8107679160053718,0.6151868884832754,0.8289103965032781,0,0
3.612428182308126,189.9661496942705,-196.2069985049384,0.8100354047124894,0.20323529411764707,0.816734311582891,0.8100354047124894,0.6100016701376757,0.816734311582891,0,0
3.616469195156923,190.30313712309493,-196.67172632890816,0.8097912342815285,0.2025,0.8307836403371839,0.8097912342815285,0.6143582915395709,0.8307836403371839,0,0
-0.5047811935092019,185.32126121182168,-195.17361216191787,0.9705774630692223,0.9836764705882353,1.0,0.9836764705882353,0.9847513112191525,1.0,1,0
-0.320039955870785,185.7275692510184,-195.2716179128851,0.7194481748260285,0.88,0.9637839525444896,0.88,0.8544107091235059,0.9637839525444896,0,0
-0.1112638993336261,186.07000483540665,-195.3150562171137,0.7194481748260285,0.8701470588235294,0.9634717452388386,0.8701470588235294,0.8510223262961322,0.9634717452388386,0,0
0.1235854891514763,186.4103310824912,-195.3493959863316,0.7194481748260285,0.8611764705882353,0.9631595379331876,0.8611764705882353,0.8479280611158172,0.9631595379331876,0,0
-1.9506815988192865,182.0575026463952,-195.4277587933657,0.9709437187156635,0.9835294117647059,1.0,0.9835294117647059,0.9848243768267898,1.0,1,0
-2.3079576074945254,181.1820231041713,-195.83632833022804,0.9713099743621048,0.9835294117647059,1.0,0.9835294117647059,0.9849464620422702,1.0,1,0
-1.842730023691638,182.67216111236863,-195.43807609693968,0.9708216335001831,0.9835294117647059,1.0,0.9835294117647059,0.984783681754963,1.0,1,0
-2.2548497107731564,180.00265239656378,-195.95935679379127,1.0,1.0,1.0,1.0,1.0,1.0,1,1
-2.3064744082222908,180.5413901178929,-195.89800946867223,1.0,1.0,1.0,1.0,1.0,1.0,1,1
-2.5431556317568007,180.26985166555363,-196.3026017148889,1.0,1.0,1.0,1.0,1.0,1.0,1,1
-0.5957837020759867,185.5825243755233,-195.4552029167592,0.9705774630692223,0.9836764705882353,1.0,0.9836764705882353,0.9847513112191525,1.0,1,0
-0.9390001524624264,184.61682082567032,-195.18791990219603,0.9705774630692223,0.9836764705882353,1.0,0.9836764705882353,0.9847513112191525,1.0,1,0
-1.7154161453533658,183.2778444426676,-195.4706941691313,0.9705774630692223,0.9835294117647059,1.0,0.9835294117647059,0.9847022916113094,1.0,1,0
-1.1598354492480525,184.04648776288653,-195.11480741113573,0.9705774630692223,0.9835294117647059,1.0,0.9835294117647059,0.9847022916113094,1.0,1,0
-1.3353942768943383,183.48338025858533,-195.0574214565598,0.9705774630692223,0.9835294117647059,1.0,0.9835294117647059,0.9847022916113094,1.0,1,0
-1.5575341391395066,183.8549267093132,-195.50691423353263,0.9705774630692223,0.9836764705882353,1.0,0.9836764705882353,0.9847513112191525,1.0,1,0
-0.916229071710099,185.1398307491974,-195.4930960645153,0.9705774630692223,0.9836764705882353,1.0,0.9836764705882353,0.9847513112191525,1.0,1,0
-1.2248795485782242,184.81632271340607,-195.62236506135736,0.9705774630692223,0.9836764705882353,1.0,0.9836764705882353,0.9847513112191525,1.0,1,0
-1.3684267414943363,184.38035947298863,-195.54139572564,0.9705774630692223,0.9836764705882353,1.0,0.9836764705882353,0.9847513112191525,1.0,1,0
-2.248186853243203,181.8451357057328,-195.79308110315225,0.9709437187156635,0.9835294117647059,1.0,0.9835294117647059,0.9848243768267898,1.0,1,0
-2.224150457872541,182.4424371100834,-195.8637551866512,0.9705774630692223,0.9835294117647059,1.0,0.9835294117647059,0.9847022916113094,1.0,1,0
-2.109888412086612,183.02702048504585,-195.86909014853725,0.9705774630692223,0.9835294117647059,1.0,0.9835294117647059,0.9847022916113094,1.0,1,0
-1.9601074099325992,183.67840674744403,-195.9009762735734,0.9705774630692223,0.9836764705882353,1.0,0.9836764705882353,0.9847513112191525,1.0,1,0
1.0873031057052844,187.5937818222461,-195.47439464660067,0.7193260896105481,0.8313235294117647,0.9628473306275367,0.8313235294117647,0.8378323165499498,0.9628473306275367,0,0
0.2014637744560184,186.8541731652292,-195.6448261615043,0.7193260896105481,0.8002941176470588,0.9628473306275367,0.8002941176470588,0.8274891792950477,0.9628473306275367,0,0
-0.010171505491281,187.19096044542204,-196.098927108643,0.7192040043950677,0.7786764705882353,0.9625351233218857,0.7786764705882353,0.8201385327683962,0.9625351233218857,0,0
0.5284984731650219,187.4298584356937,-195.8428554979584,0.7192040043950677,0.7851470588235294,0.9625351233218857,0.7851470588235294,0.8222953955134944,0.9625351233218857,0,0
0.7414891158920875,187.08726176818067,-195.3258646832473,0.7194481748260285,0.8611764705882353,0.9631595379331876,0.8611764705882353,0.8479280611158172,0.9631595379331876,0,0
5.1445648595899565,191.56307284343512,-197.74373095591983,0.7531436942986205,0.7757352941176471,0.9809553543552919,0.7757352941176471,0.8366114475905199,0.9809553543552919,0,0
4.720208329433028,191.8163363133501,-198.2622812707021,0.7527774386521793,0.7545588235294117,0.9772088666874805,0.7545588235294117,0.8281817096230238,0.9772088666874805,0,0
4.07762700798466,190.6541934217736,-196.8929005636028,0.8106458307898914,0.205,0.8460817983140806,0.8106458307898914,0.6205758763679907,0.8460817983140806,0,0
3.5774445882896453,190.5904372264065,-197.07296956924657,0.8096691490660481,0.19823529411764707,0.8457695910084296,0.8096691490660481,0.6178913447307083,0.8457695910084296,0,0
4.423038679822428,191.39898176074783,-197.78097049962489,0.8102795751434502,0.20220588235294118,0.8666874804870434,0.8102795751434502,0.6263909793278115,0.8666874804870434,0,0
4.264072792184391,191.04963124873285,-197.35715464573488,0.8106458307898914,0.20397058823529413,0.8585700905401187,0.8106458307898914,0.6243955031884347,0.8585700905401187,0,0
3.764359135842665,190.84882462938683,-197.315088281289,0.8096691490660481,0.19823529411764707,0.8548236028723072,0.8096691490660481,0.6209093486853341,0.8548236028723072,0,0
3.0923458684227927,189.61102151476624,-196.09209654478448,0.8091808082041265,0.2,0.80986575085857,0.8091808082041265,0.6063488530208988,0.80986575085857,0,0
3.04132693990106,190.0087861065214,-196.643078323428,0.8090587229886461,0.19411764705882353,0.8257883234467687,0.8090587229886461,0.6096548978314128,0.8257883234467687,0,0
3.23541129204718,190.3828143183276,-196.99433743233223,0.8091808082041265,0.1925,0.8438963471745239,0.8091808082041265,0.6151923851262168,0.8438963471745239,0,0
1.5044346110332405,188.1348386181313,-195.6324532813328,0.7193260896105481,0.8048529411764705,0.9628473306275367,0.8048529411764705,0.8290087871381852,0.9628473306275367,0,0
1.984428147675224,188.676008753048,-195.80505215948915,0.8082041264802833,0.18838235294117647,0.7998751170777396,0.7998751170777396,0.5988205321663997,0.8082041264802833,0,0
2.553357268750921,189.18633545925044,-195.95508886859665,0.8086924673422049,0.19397058823529412,0.8020605682172963,0.8020605682172963,0.6015745412649318,0.8086924673422049,0,0
0.8682949374639237,188.01053430922843,-196.0755342333839,0.7192040043950677,0.7788235294117647,0.9622229160162348,0.7788235294117647,0.8200834832743557,0.9622229160162348,0,0
3.1963091102636745,190.75753064725208,-197.46743062829648,0.8090587229886461,0.1875,0.8376522010615048,0.8090587229886461,0.6114036413500503,0.8376522010615048,0,0
3.7230862064454993,191.1954313094301,-197.77519692809025,0.8094249786350873,0.19176470588235295,0.8548236028723072,0.8094249786350873,0.6186710957965825,0.8548236028723072,0,0
3.8981902338894,191.63157603856408,-198.263429525035,0.8093028934196069,0.18823529411764706,0.8413986887293162,0.8093028934196069,0.6129789587555234,0.8413986887293162,0,0
-0.211406053475112,186.41378362873647,-195.67961498791288,0.7193260896105481,0.7994117647058824,0.9628473306275367,0.7994117647058824,0.8271950616479891,0.9628473306275367,0,0
-0.4996698378539397,185.986255347097,-195.64122697178792,0.7193260896105481,0.8075,0.9628473306275367,0.8075,0.8298911400793617,0.9628473306275367,0,0
-1.311260513838936,185.22511809623484,-195.93628772773897,0.9705774630692223,0.9836764705882353,1.0,0.9836764705882353,0.9847513112191525,1.0,1,0
-0.2403394313746421,186.77417873116173,-195.97471665386595,0.7192040043950677,0.7802941176470588,0.9625351233218857,0.7802941176470588,0.8206777484546709,0.9625351233218857,0,0
-2.589235733654879,180.8917924860462,-196.24199872841004,1.0,1.0,1.0,1.0,1.0,1.0,1,1
-2.5902708762188875,181.56358786355096,-196.2129825610197,1.0,1.0,1.0,1.0,1.0,1.0,1,1
-2.492268849354662,182.092891398724,-196.1322600616988,0.9708216335001831,0.9835294117647059,1.0,0.9835294117647059,0.984783681754963,1.0,1,0
-2.889802245684916,180.5924584168326,-196.6911795732565,1.0,1.0,1.0,1.0,1.0,1.0,1,1
-0.6871789669296686,186.40087143348217,-196.0922455282385,0.7192040043950677,0.7789705882352941,0.9625351233218857,0.7789705882352941,0.8202365719840824,0.9625351233218857,0,0
-0.9922007204781446,185.7137160126194,-195.9230349337228,0.9705774630692223,0.9836764705882353,1.0,0.9836764705882353,0.9847513112191525,1.0,1,0
-1.4562573696572174,185.6139159358634,-196.27818864819383,0.9708216335001831,0.9836764705882353,1.0,0.9836764705882353,0.9848327013628061,1.0,1,0
-1.276812767336201,186.1302103790527,-196.4124106445742,0.9709437187156635,0.9838235294117647,1.0,0.9838235294117647,0.9849224160424761,1.0,1,0
-1.5820438379880948,184.70971745326707,-195.93281882045267,0.9705774630692223,0.9836764705882353,1.0,0.9836764705882353,0.9847513112191525,1.0,1,0
-1.8095686706155,184.22129549755533,-195.9457090830908,0.9705774630692223,0.9836764705882353,1.0,0.9836764705882353,0.9847513112191525,1.0,1,0
-0.5037690414230139,186.96692406290688,-196.32657496849964,0.7192040043950677,0.7761764705882352,0.9625351233218857,0.7761764705882352,0.8193051994350627,0.9625351233218857,0,0
-0.3124508673123657,187.3613391885776,-196.45972746401804,0.7193260896105481,0.7755882352941177,0.9625351233218857,0.7755882352941177,0.8191498160755172,0.9625351233218857,0,0
-0.7369419765869188,187.3243433765664,-196.7385070816154,0.7194481748260285,0.7758823529411765,0.9634717452388386,0.7758823529411765,0.8196007576686813,0.9634717452388386,0,0
0.1702343701612724,187.76853484259647,-196.411520647004,0.7192040043950677,0.7752941176470588,0.9625351233218857,0.7752941176470588,0.8190110817880041,0.9625351233218857,0,0
-0.3693859709411261,187.69774225918428,-196.7399318046255,0.7194481748260285,0.7757352941176471,0.9634717452388386,0.7757352941176471,0.819551738060838,0.9634717452388386,0,0
-2.324990713623881,183.41966120481635,-196.2171531968556,0.9705774630692223,0.9836764705882353,1.0,0.9836764705882353,0.9847513112191525,1.0,1,0
-2.611220016757379,182.7576228403074,-196.3728772986363,0.9705774630692223,0.9836764705882353,1.0,0.9836764705882353,0.9847513112191525,1.0,1,0
-2.3180901008509163,184.0370364251727,-196.3950213742644,0.9705774630692223,0.9836764705882353,1.0,0.9836764705882353,0.9847513112191525,1.0,1,0
4.239718055042212,192.12577482326304,-198.80182789722792,0.8093028934196069,0.18441176470588236,0.836403371838901,0.8093028934196069,0.6100393433214634,0.836403371838901,0,0
2.489267216636383,189.6740970628426,-196.59578902703203,0.8085703821267245,0.18588235294117647,0.8257883234467687,0.8085703821267245,0.60674701950489,0.8257883234467687,0,0
2.5631918739389445,190.2559673728832,-197.21376523192623,0.8084482969112441,0.1839705882352941,0.8182953481111458,0.8084482969112441,0.6035714110858946,0.8182953481111458,0,0
1.3107674075158604,188.5984352258793,-196.28122023738217,0.7192040043950677,0.7758823529411765,0.9622229160162348,0.7758823529411765,0.8191030911174929,0.9622229160162348,0,0
1.8814126713284955,189.1670228684132,-196.44361392757497,0.8080820412648029,0.1811764705882353,0.8179831408054948,0.8080820412648029,0.6024138842195109,0.8179831408054948,0,0
0.5933616396422908,188.4585586728128,-196.67585195918656,0.7193260896105481,0.7735294117647059,0.9628473306275367,0.7735294117647059,0.8185676106675969,0.9628473306275367,0,0
-0.7821795719409996,187.8863501582878,-197.13664504957487,0.7194481748260285,0.7822058823529412,0.9656571963783952,0.7822058823529412,0.8224370845191217,0.9656571963783952,0,0
-0.1391731165890228,188.20793422404407,-196.9574084528476,0.7194481748260285,0.7764705882352941,0.9644083671557915,0.7764705882352941,0.8201090434057047,0.9644083671557915,0,0
2.430537285057834,190.8701417981336,-197.93316999344265,0.8083262116957637,0.16573529411764706,0.8120512019981267,0.8083262116957637,0.5953709026038458,0.8120512019981267,0,0
3.1840065899524053,191.32259838782576,-198.1252755964771,0.8088145525576853,0.17705882352941177,0.8179831408054948,0.8088145525576853,0.601285505630864,0.8179831408054948,0,0
3.3491958745748924,191.9088244841486,-198.741228442017,0.8089366377731657,0.18411764705882352,0.8261005307524196,0.8089366377731657,0.6063849385281362,0.8261005307524196,0,0
-1.7804927233964396,185.2208451318058,-196.364559645028,0.9708216335001831,0.9836764705882353,1.0,0.9836764705882353,0.9848327013628061,1.0,1,0
-3.3165400981885567,180.9713108800169,-197.145391109965,1.0,1.0,1.0,1.0,1.0,1.0,1,1
-2.9596596564185247,181.3335109888683,-196.6734132482942,1.0,1.0,1.0,1.0,1.0,1.0,1,1
-2.869136043570752,182.0603329960716,-196.5707257452398,1.0,1.0,1.0,1.0,1.0,1.0,1,1
-3.221033364602772,182.61720821328407,-196.99498932069324,1.0,1.0,1.0,1.0,1.0,1.0,1,1
-3.337549029631123,181.7647569276861,-197.0888802863715,1.0,1.0,1.0,1.0,1.0,1.0,1,1
-0.6482975446836948,188.45749808792465,-197.43707231002435,0.7195702600415089,0.8229411764705883,0.9681548548236029,0.8229411764705883,0.8368887637785667,0.9681548548236029,0,0
-1.0778343358551912,186.77741306957947,-196.6382405113292,0.7194481748260285,0.7755882352941177,0.9628473306275367,0.7755882352941177,0.8192945802492275,0.9628473306275367,0,0
-1.835603965100535,185.8081602159638,-196.69150697945403,0.9709437187156635,0.9838235294117647,1.0,0.9838235294117647,0.9849224160424761,1.0,1,0
-1.688061666083987,186.488685926438,-196.92180429983063,0.9709437187156635,0.9841176470588235,1.0,0.9841176470588235,0.9850204552581623,1.0,1,0
-1.430054631950651,187.30716047759628,-197.1928693375013,0.7194481748260285,0.7897058823529411,0.966906025600999,0.7897058823529411,0.8253533609266562,0.966906025600999,0,0
-2.0934188597674344,184.6558545277014,-196.40305299061205,0.9705774630692223,0.9836764705882353,1.0,0.9836764705882353,0.9847513112191525,1.0,1,0
-2.8844335088574486,183.5419976038021,-196.81050730717504,0.9705774630692223,0.9836764705882353,1.0,0.9836764705882353,0.9847513112191525,1.0,1,0
-1.4518618445734406,188.09641919621487,-197.66348167161527,0.39726529117323894,0.10602941176470589,0.8173587261941929,0.39726529117323894,0.4402178097107126,0.8173587261941929,0,0
-1.1855982610560425,188.70592657573025,-197.88866673658967,0.34110609205225245,0.10602941176470589,0.7923821417421167,0.34110609205225245,0.4131725485196917,0.7923821417421167,0,0
-2.736031322412538,184.52735390576208,-196.935182621198,0.9709437187156635,0.9838235294117647,1.0,0.9838235294117647,0.9849224160424761,1.0,1,0
-2.360257220226939,185.25008396839897,-196.87129069397207,0.9709437187156635,0.9838235294117647,1.0,0.9838235294117647,0.9849224160424761,1.0,1,0
-3.779978794954765,181.3416837774241,-197.61514864198884,1.0,1.0,1.0,1.0,1.0,1.0,1,1
3.6747970831904895,192.4913711315059,-199.3492020318728,0.8091808082041265,0.18838235294117647,0.8566968467062129,0.8091808082041265,0.6180866692838386,0.8566968467062129,0,0
1.790655643638685,189.73238986123488,-197.09482669989703,0.8079599560493225,0.16029411764705884,0.8026849828285982,0.8026849828285982,0.5903130188416599,0.8079599560493225,0,0
1.731458453737932,190.33440571659432,-197.71730068794847,0.8082041264802833,0.16411764705882353,0.8092413362472682,0.8082041264802833,0.5938543699287916,0.8092413362472682,0,0
1.6527807915995678,191.0253500055,-198.39695124570315,0.8091808082041265,0.19191176470588237,0.8666874804870434,0.8091808082041265,0.6225933511323508,0.8666874804870434,0,0
0.8902150752147312,189.7383113000172,-197.5904661580177,0.8080820412648029,0.17838235294117646,0.810177958164221,0.8080820412648029,0.5988807841234002,0.810177958164221,0,0
1.128222840271344,189.13039706737808,-196.916457273436,0.8078378708338421,0.14676470588235294,0.7992507024664377,0.7992507024664377,0.5846177597275443,0.8078378708338421,0,0
0.1758663042375072,189.0317812600507,-197.3932383260292,0.7194481748260285,0.7814705882352941,0.9662816109896971,0.7814705882352941,0.8224001246836732,0.9662816109896971,0,0
0.8687074177124768,190.4272569362712,-198.18529696089547,0.8091808082041265,0.19441176470588234,0.8719950046831095,0.8091808082041265,0.6251958591977061,0.8719950046831095,0,0
-0.0837150136407184,189.84134181650447,-198.13448761397007,0.2727383713832255,0.10411764705882352,0.7817670933499844,0.2727383713832255,0.38620770393067777,0.7817670933499844,0,0
-0.5847852131256666,189.0999199817876,-197.8411491926108,0.3187644976193383,0.10764705882352942,0.7898844832969092,0.3187644976193383,0.4054320132465923,0.7898844832969092,0,0
2.4826560525873136,191.54377296287032,-198.5992755396704,0.8090587229886461,0.1875,0.8520137371214487,0.8090587229886461,0.6161908200366982,0.8520137371214487,0,0
1.6816115397584297,191.8145453032845,-199.10603948958203,0.8107679160053718,0.20941176470588235,0.9113331251951295,0.8107679160053718,0.6438376019687946,0.9113331251951295,0,0
0.7853680515660874,191.24235520934025,-198.8948907939872,0.22524722256134783,0.07911764705882353,0.758039338120512,0.22524722256134783,0.35413473591356115,0.758039338120512,0,0
2.688114383884891,192.2465259715271,-199.25810425775865,0.8100354047124894,0.2023529411764706,0.895722759912582,0.8100354047124894,0.6360370352671807,0.895722759912582,0,0
-3.651755610818465,183.24658297206668,-197.47737440224927,1.0,1.0,1.0,1.0,1.0,1.0,1,1
-3.792970393504686,182.26571317142543,-197.5576416595497,1.0,1.0,1.0,1.0,1.0,1.0,1,1
-4.336565273060624,181.8052527375348,-198.14035784238607,1.0,1.0,1.0,1.0,1.0,1.0,1,1
-2.5146380419485985,186.14538996775448,-197.35434538049384,0.9717983152240264,0.9844117647058823,1.0,0.9844117647058823,0.9854033599766362,1.0,1,0
-2.0485108687002604,186.91686433505524,-197.38835859504948,0.462947137101697,0.10558823529411765,0.8897908211052139,0.462947137101697,0.48610873116700953,0.8897908211052139,0,0
-2.5883848802749694,186.95282446100703,-197.75439362859967,0.45244780857038214,0.10441176470588236,0.8726194192944114,0.45244780857038214,0.4764929975235586,0.8726194192944114,0,0
-2.109567115969334,187.5928094756452,-197.76754633359147,0.4287632767671835,0.1048529411764706,0.8513893225101468,0.4287632767671835,0.4616685134846003,0.8513893225101468,0,0
-4.349364430741126,182.8562139286309,-198.0914376011129,1.0,1.0,1.0,1.0,1.0,1.0,1,1
-3.4324330467703312,184.25080230918644,-197.4565732932604,0.9709437187156635,0.9841176470588235,1.0,0.9841176470588235,0.9850204552581623,1.0,1,0
0.1631555932603784,190.6371795765929,-198.63473991553724,0.2451471126846539,0.09676470588235295,0.7680299719013425,0.2451471126846539,0.3699805968227831,0.7680299719013425,0,0
-1.2755787607351408,189.5890421027185,-198.48816035043288,0.28604565987058966,0.10411764705882352,0.7852013737121448,0.28604565987058966,0.39178822688051934,0.7852013737121448,0,0
-0.5793713485247974,190.4081026716256,-198.7496648653876,0.2541814186302039,0.10058823529411764,0.7711520449578521,0.2541814186302039,0.37530723296072455,0.7711520449578521,0,0
-2.1040085866490306,188.5836452047539,-198.2882069768944,0.34940788670492,0.10411764705882352,0.7923821417421167,0.34940788670492,0.4153025585019534,0.7923821417421167,0,0
-0.3430560071852344,191.3213368597333,-199.32542917957508,0.22292760346722013,0.07867647058823529,0.7558538869809553,0.22292760346722013,0.3524859870121369,0.7558538869809553,0,0
-3.104329483387272,185.3150881151388,-197.48249435752783,0.9715541447930656,0.9844117647058823,1.0,0.9844117647058823,0.9853219698329827,1.0,1,0
-3.4173356243999127,186.43286053514203,-198.0830910664517,0.4522036381394213,0.10323529411764706,0.8673118950983453,0.4522036381394213,0.4742502757851379,0.8673118950983453,0,0
-2.479793574941972,189.72820822061087,-199.0920589784201,0.2727383713832255,0.10088235294117646,0.7798938495160787,0.2727383713832255,0.3845048579468269,0.7798938495160787,0,0
-4.215069852079094,183.98233602206005,-198.05954724755696,1.0,1.0,1.0,1.0,1.0,1.0,1,1
-5.003352739429536,183.5096877012033,-198.67981426380027,0.39763154681968016,0.105,0.9066500156103653,0.39763154681968016,0.4697605208100151,0.9066500156103653,0,0
-4.991305876536417,182.3243895562709,-198.72011241989603,1.0,1.0,1.0,1.0,1.0,1.0,1,1
-3.039307456446104,187.5961584469121,-198.31138322773108,0.41374679526309366,0.10323529411764706,0.8120512019981267,0.41374679526309366,0.4430110971262892,0.8120512019981267,0,0
-4.006691275411762,187.41850874017112,-198.80286380857703,0.39042851910633625,0.10088235294117646,0.7917577271308148,0.39042851910633625,0.4276895330594425,0.7917577271308148,0,0
-4.869742800279028,184.8183037782656,-198.6972651322424,0.40385789280918083,0.1038235294117647,0.8673118950983453,0.40385789280918083,0.45833110577309694,0.8673118950983453,0,0
-3.951245896185628,185.192462867891,-198.08484043577133,0.4717372726162862,0.1038235294117647,0.8935373087730253,0.4717372726162862,0.48969937026702537,0.8935373087730253,0,0
-1.5164798795388374,190.66270247311047,-199.2715986890404,0.2408741301428397,0.09573529411764706,0.7608492038713706,0.2408741301428397,0.36581954271061906,0.7608492038713706,0,0
-3.4194634572247287,188.59793201861555,-198.9621289112421,0.32731046270296665,0.10088235294117646,0.7880112394630034,0.32731046270296665,0.40540135170238223,0.7880112394630034,0,0
-4.520942665363004,186.15085281161728,-198.72896445416072,0.41130509095348555,0.10191176470588235,0.8117389946924758,0.41130509095348555,0.44165195011728126,0.8117389946924758,0,0
-4.613674208200671,188.54279350555785,-199.5570572367052,0.2840922964229032,0.09911764705882353,0.7745863253200125,0.2840922964229032,0.38593208960057973,0.7745863253200125,0,0
-5.258493524383582,187.3111365648972,-199.51429007408728,0.30692223171773897,0.10029411764705883,0.7817670933499844,0.30692223171773897,0.3963278142382607,0.7817670933499844,0,0
-5.599585757272168,185.7178267758491,-199.3731962045027,0.3149798559394457,0.10191176470588235,0.7914455198251639,0.3149798559394457,0.4027790468234973,0.7914455198251639,0,0
-5.755921615820793,182.9097224342516,-199.35877503867067,0.3080209986570626,0.10338235294117647,0.9050889790821105,0.3080209986570626,0.43883077689344985,0.9050889790821105,0,0
-5.769078685653165,184.25832089209536,-199.3346616540284,0.30875350994994505,0.10191176470588235,0.8482672494536372,0.30875350994994505,0.4196441747031549,0.8482672494536372,0,0
